seed,feature_group,density_bin,perturbation_type,strength,n_rows,n_samples,n_masked_features,flip_rate_mean,flip_rate_std,flip_rate_min,flip_rate_max,benign_to_malware_rate_overall_mean,benign_to_malware_rate_overall_std,benign_to_malware_rate_overall_min,benign_to_malware_rate_overall_max,malware_to_benign_rate_overall_mean,malware_to_benign_rate_overall_std,malware_to_benign_rate_overall_min,malware_to_benign_rate_overall_max,benign_to_malware_rate_cond_mean,benign_to_malware_rate_cond_std,benign_to_malware_rate_cond_min,benign_to_malware_rate_cond_max,malware_to_benign_rate_cond_mean,malware_to_benign_rate_cond_std,malware_to_benign_rate_cond_min,malware_to_benign_rate_cond_max,mean_abs_probability_shift_mean,mean_abs_probability_shift_std,mean_abs_probability_shift_min,mean_abs_probability_shift_max,mean_signed_probability_shift_mean,mean_signed_probability_shift_std,mean_signed_probability_shift_min,mean_signed_probability_shift_max,mean_margin_shift_mean,mean_margin_shift_std,mean_margin_shift_min,mean_margin_shift_max,baseline_auc_mean,baseline_auc_std,baseline_auc_min,baseline_auc_max,perturbed_auc_mean,perturbed_auc_std,perturbed_auc_min,perturbed_auc_max,delta_auc_mean,delta_auc_std,delta_auc_min,delta_auc_max,auc_drop_mean,auc_drop_std,auc_drop_min,auc_drop_max
13,header,high_density,important,0.01,1,120000,1,0.016625,0.0,0.016625,0.016625,0.006783333333333333,0.0,0.006783333333333333,0.006783333333333333,0.0,0.0,0.0,0.0,0.030444702098215957,0.0,0.030444702098215957,0.030444702098215957,0.0,0.0,0.0,0.0,0.038316564073119466,0.0,0.038316564073119466,0.038316564073119466,0.038316564073119466,0.0,0.038316564073119466,0.038316564073119466,-0.02596800130398125,0.0,-0.02596800130398125,-0.02596800130398125,0.9940540296975989,0.0,0.9940540296975989,0.9940540296975989,0.9934228802960516,0.0,0.9934228802960516,0.9934228802960516,0.0006311494015472929,0.0,0.0006311494015472929,0.0006311494015472929,0.0006311494015472929,0.0,0.0006311494015472929,0.0006311494015472929
13,header,high_density,important,0.05,1,120000,4,0.07845833333333334,0.0,0.07845833333333334,0.07845833333333334,0.0,0.0,0.0,0.0,0.060658333333333335,0.0,0.060658333333333335,0.060658333333333335,0.0,0.0,0.0,0.0,0.07804810053290158,0.0,0.07804810053290158,0.07804810053290158,0.08720774017017686,0.0,0.08720774017017686,0.08720774017017686,-0.06766274742026472,0.0,-0.06766274742026472,-0.06766274742026472,-0.04123468609591271,0.0,-0.04123468609591271,-0.04123468609591271,0.9940540296975989,0.0,0.9940540296975989,0.9940540296975989,0.9933285794610904,0.0,0.9933285794610904,0.9933285794610904,0.0007254502365084958,0.0,0.0007254502365084958,0.0007254502365084958,0.0007254502365084958,0.0,0.0007254502365084958,0.0007254502365084958
13,header,high_density,important,0.1,1,120000,8,0.088,0.0,0.088,0.088,0.055525,0.0,0.055525,0.055525,0.0,0.0,0.0,0.0,0.24920522122900848,0.0,0.24920522122900848,0.24920522122900848,0.0,0.0,0.0,0.0,0.11850070072965176,0.0,0.11850070072965176,0.11850070072965176,0.11553268580944008,0.0,0.11553268580944008,0.11553268580944008,0.030680591908240653,0.0,0.030680591908240653,0.030680591908240653,0.9940540296975989,0.0,0.9940540296975989,0.9940540296975989,0.9928875444183888,0.0,0.9928875444183888,0.9928875444183888,0.0011664852792101499,0.0,0.0011664852792101499,0.0011664852792101499,0.0011664852792101499,0.0,0.0011664852792101499,0.0011664852792101499
13,header,high_density,random,0.01,20,120000,1,0.02276083333333333,0.05606481003540059,0.0,0.24096666666666666,0.012281250000000002,0.04513626935881991,0.0,0.20830833333333335,0.0062162499999999996,0.023714733095664624,0.0,0.10925833333333333,0.05512024535288178,0.20257891023893437,0.0,0.9349216441635188,0.007998348755669451,0.03051336512314375,0.0,0.14058093777811137,0.02778676498993657,0.060939327931681976,0.0,0.25683751684353456,0.008288597926875228,0.06646055327619264,-0.1400114811815663,0.25683751684353456,-0.003776447215004667,0.023497397838474255,-0.07693285043892763,0.06346483352981254,0.9940540296975987,2.220446049250313e-16,0.9940540296975989,0.9940540296975989,0.9936324376502638,0.0013894199346782487,0.9878837182438005,0.9947661608926152,0.00042159204733488995,0.0013894199346782489,-0.0007121311950162301,0.006170311453798427,0.00042159204733488995,0.0013894199346782489,-0.0007121311950162301,0.006170311453798427
13,header,high_density,random,0.05,20,120000,4,0.12367500000000002,0.16468200335545677,0.0,0.720075,0.04126791666666667,0.07142407284988218,0.0,0.208675,0.0647525,0.16497528577747975,0.0,0.71115,0.18521711485955789,0.32056284332519963,0.0,0.9365673037363953,0.0833159988419845,0.2122710431071011,0.0,0.9150252511714184,0.12859602410250023,0.15103637295614974,0.006099022807242005,0.6527391655401011,-0.0022696012688183794,0.19801816715948312,-0.6527391655401011,0.2678783527137644,-0.005368986139257532,0.05399176206380678,-0.16782223082523479,0.07424533451993305,0.9940540296975987,2.220446049250313e-16,0.9940540296975989,0.9940540296975989,0.9925432819551763,0.0016788110557438242,0.9874989687036736,0.9945160551037461,0.0015107477424227077,0.001678811055743824,-0.0004620254061471485,0.006555060993925332,0.0015107477424227077,0.001678811055743824,-0.0004620254061471485,0.006555060993925332
13,header,high_density,random,0.1,20,120000,8,0.3848854166666667,0.3039625759799291,0.013416666666666667,0.7534166666666666,0.03533541666666667,0.07371338511400272,0.0,0.208675,0.3359970833333333,0.33543406590767455,0.0,0.7444916666666667,0.15859109099749413,0.3308376487145277,0.0,0.9365673037363953,0.4323220355339202,0.4315976100803207,0.0,0.9579254366683465,0.3749014328222263,0.26890032163566,0.01837299697307937,0.7234527070994242,-0.2805664950085592,0.365622231977548,-0.7234527070994242,0.2720660535616656,0.0075170200100393905,0.07041397757790348,-0.16840316372662562,0.07773486998777086,0.9940540296975987,2.220446049250313e-16,0.9940540296975989,0.9940540296975989,0.9892778003743816,0.004148681225839662,0.9800383285857193,0.9960836928929468,0.0047762293232171795,0.004148681225839662,-0.0020296631953479194,0.014015701111879664,0.0047762293232171795,0.004148681225839662,-0.0020296631953479194,0.014015701111879664
13,header,low_density,important,0.01,1,120001,1,0.1942650477912684,0.0,0.1942650477912684,0.1942650477912684,0.15538203848301263,0.0,0.15538203848301263,0.15538203848301263,0.0,0.0,0.0,0.0,0.36270619358854655,0.0,0.36270619358854655,0.36270619358854655,0.0,0.0,0.0,0.0,0.14628277260778744,0.0,0.14628277260778744,0.14628277260778744,0.14628277260778744,0.0,0.14628277260778744,0.14628277260778744,-0.0427389991502538,0.0,-0.0427389991502538,-0.0427389991502538,0.8745118175741456,0.0,0.8745118175741456,0.8745118175741456,0.7651804425776388,0.0,0.7651804425776388,0.7651804425776388,0.1093313749965068,0.0,0.1093313749965068,0.1093313749965068,0.1093313749965068,0.0,0.1093313749965068,0.1093313749965068
13,header,low_density,important,0.05,1,120001,4,0.2904225798118349,0.0,0.2904225798118349,0.2904225798118349,0.07651602903309139,0.0,0.07651602903309139,0.07651602903309139,0.14123215639869668,0.0,0.14123215639869668,0.14123215639869668,0.17861033302209772,0.0,0.17861033302209772,0.17861033302209772,0.24708060589272957,0.0,0.24708060589272957,0.24708060589272957,0.22869059463604988,0.0,0.22869059463604988,0.22869059463604988,-0.05342172530409541,0.0,-0.05342172530409541,-0.05342172530409541,-0.053794790173161855,0.0,-0.053794790173161855,-0.053794790173161855,0.8745118175741456,0.0,0.8745118175741456,0.8745118175741456,0.7058718140622238,0.0,0.7058718140622238,0.7058718140622238,0.16864000351192188,0.0,0.16864000351192188,0.16864000351192188,0.16864000351192188,0.0,0.16864000351192188,0.16864000351192188
13,header,low_density,important,0.1,1,120001,8,0.4215631536403863,0.0,0.4215631536403863,0.4215631536403863,0.2968475262706144,0.0,0.2968475262706144,0.2968475262706144,0.002266647777935184,0.0,0.002266647777935184,0.002266647777935184,0.6929271708683473,0.0,0.6929271708683473,0.6929271708683473,0.003965419211872932,0.0,0.003965419211872932,0.003965419211872932,0.39195105086121634,0.0,0.39195105086121634,0.39195105086121634,0.38499695026550496,0.0,0.38499695026550496,0.38499695026550496,0.09123840308817803,0.0,0.09123840308817803,0.09123840308817803,0.8745118175741456,0.0,0.8745118175741456,0.8745118175741456,0.7265321586277582,0.0,0.7265321586277582,0.7265321586277582,0.14797965894638743,0.0,0.14797965894638743,0.14797965894638743,0.14797965894638743,0.0,0.14797965894638743,0.14797965894638743
13,header,low_density,random,0.01,20,120001,1,0.05582495145873785,0.10833487985712696,1.6666527778935175e-05,0.4399380005166624,0.026029783085140958,0.07427657514138898,0.0,0.3151223739802168,0.012523228973091891,0.03822200040681873,0.0,0.16730693910884076,0.06076097105508871,0.17338280605240083,0.0,0.7355859010270775,0.021908941145597945,0.06686802255067797,0.0,0.29269750557637075,0.048833545826164435,0.10357096496756256,2.9063483435943278e-05,0.44721327672880073,0.02076143908554529,0.11260827069698462,-0.18299484123057816,0.44721327672880073,0.0057134683681047595,0.03498098964804909,-0.0427389991502538,0.1520789083175882,0.8745118175741456,0.0,0.8745118175741456,0.8745118175741456,0.867482531743974,0.023663930982079282,0.7651804425776388,0.8753914544466401,0.007029285830171622,0.02366393098207928,-0.0008796368724944825,0.1093313749965068,0.007029285830171622,0.02366393098207928,-0.0008796368724944825,0.1093313749965068
13,header,low_density,random,0.05,20,120001,4,0.2163356972025233,0.15520838832468753,0.007224939792168398,0.48777926850609576,0.09343213806551612,0.11206460899997223,0.0,0.315589036758027,0.05683494304214132,0.11029052672728724,0.0,0.39996333363888636,0.2180973778400249,0.2615909030618905,0.0,0.7366752256458139,0.09943069992564839,0.19294933153238952,0.0,0.6997215459303427,0.1954083399188616,0.15009245627420614,0.006425449788864705,0.46232539217584184,0.06866095459834977,0.2351068613373347,-0.46232524129047275,0.4524419090580233,0.03694001594997337,0.05613726990390495,-0.0446912183264291,0.1568368376248242,0.8745118175741456,0.0,0.8745118175741456,0.8745118175741456,0.8533511081278787,0.040292000772471595,0.7473836405274541,0.8768937352355871,0.02116070944626682,0.040292000772471595,-0.0023819176614414683,0.12712817704669155,0.02116070944626682,0.040292000772471595,-0.0023819176614414683,0.12712817704669155
13,header,low_density,random,0.1,20,120001,8,0.3708769093590887,0.1576537695316363,0.05400788326763944,0.5346122115649036,0.06162948642094649,0.11475883330358293,0.0,0.33094724210631576,0.22577478521012323,0.18502904969857445,0.0,0.44628794760043666,0.1438608776844071,0.26787999446123667,0.0,0.7725256769374417,0.394984910996749,0.3237017041517157,0.0,0.7807648010729958,0.34838458806973394,0.16084527625216363,0.043995754550206004,0.5190695794809115,-0.16865919090039302,0.34344609730521847,-0.5190695794809115,0.47089434025895094,0.09180803219952585,0.06855251627898291,-0.021354496901766853,0.16475965131090645,0.8745118175741456,0.0,0.8745118175741456,0.8745118175741456,0.8548661005630948,0.02410574326336271,0.7837056201929922,0.8745456247948036,0.019645717011050716,0.02410574326336271,-3.380722065793318e-05,0.09080619738115348,0.019645717011050716,0.02410574326336271,-3.380722065793318e-05,0.09080619738115348
13,header,mid_density,important,0.01,1,239999,1,0.23464264434435145,0.0,0.23464264434435145,0.23464264434435145,0.21223005095854566,0.0,0.21223005095854566,0.21223005095854566,0.0,0.0,0.0,0.0,0.3146952519230175,0.0,0.3146952519230175,0.3146952519230175,0.0,0.0,0.0,0.0,0.20679865337132375,0.0,0.20679865337132375,0.20679865337132375,0.20679865337132375,0.0,0.20679865337132375,0.20679865337132375,-0.11013583707572233,0.0,-0.11013583707572233,-0.11013583707572233,0.9368716233151704,0.0,0.9368716233151704,0.9368716233151704,0.821754983487852,0.0,0.821754983487852,0.821754983487852,0.11511663982731835,0.0,0.11511663982731835,0.11511663982731835,0.11511663982731835,0.0,0.11511663982731835,0.11511663982731835
13,header,mid_density,important,0.05,1,239999,4,0.2346884778686578,0.0,0.2346884778686578,0.2346884778686578,0.096742069758624,0.0,0.096742069758624,0.096742069758624,0.08865036937653907,0.0,0.08865036937653907,0.08865036937653907,0.14344938370763954,0.0,0.14344938370763954,0.14344938370763954,0.2722665847665848,0.0,0.2722665847665848,0.2722665847665848,0.2032433469814758,0.0,0.2032433469814758,0.2032433469814758,0.021568087602205452,0.0,0.021568087602205452,0.021568087602205452,-0.06788360219497001,0.0,-0.06788360219497001,-0.06788360219497001,0.9368716233151704,0.0,0.9368716233151704,0.9368716233151704,0.7822405417736211,0.0,0.7822405417736211,0.7822405417736211,0.15463108154154925,0.0,0.15463108154154925,0.15463108154154925,0.15463108154154925,0.0,0.15463108154154925,0.15463108154154925
13,header,mid_density,important,0.1,1,239999,8,0.47377280738669747,0.0,0.47377280738669747,0.47377280738669747,0.39670165292355386,0.0,0.39670165292355386,0.39670165292355386,0.001329172204884187,0.0,0.001329172204884187,0.001329172204884187,0.5882302060486237,0.0,0.5882302060486237,0.5882302060486237,0.004082207207207207,0.0,0.004082207207207207,0.004082207207207207,0.458227624361879,0.0,0.458227624361879,0.458227624361879,0.4538334074569241,0.0,0.4538334074569241,0.4538334074569241,0.03940604587066124,0.0,0.03940604587066124,0.03940604587066124,0.9368716233151704,0.0,0.9368716233151704,0.9368716233151704,0.7850317870328548,0.0,0.7850317870328548,0.7850317870328548,0.15183983628231557,0.0,0.15183983628231557,0.15183983628231557,0.15183983628231557,0.0,0.15183983628231557,0.15183983628231557
13,header,mid_density,random,0.01,20,239999,1,0.06044462685261187,0.1508257054317532,0.0,0.6649069371122379,0.041696632069300285,0.13301535135467113,0.0,0.5859649415205896,0.008165450689377874,0.02650710651243652,0.0,0.11755882316176318,0.061827870624942084,0.19723549664681178,0.0,0.8688702851317537,0.025078061015561016,0.08140969307788508,0.0,0.3610513923013923,0.05703695241455139,0.1415465841169442,5.545967071955925e-09,0.6320446536354993,0.035947269792878656,0.14831197932180987,-0.13625786123427364,0.6320446536354993,9.418565904769914e-05,0.03571731179088647,-0.11013583707572233,0.10955842256021343,0.9368716233151704,0.0,0.9368716233151704,0.9368716233151704,0.9303982621914134,0.024997946436649557,0.821754983487852,0.9372056778662519,0.0064733611237570874,0.024997946436649557,-0.0003340545510814863,0.11511663982731835,0.0064733611237570874,0.024997946436649557,-0.0003340545510814863,0.11511663982731835
13,header,mid_density,random,0.05,20,239999,4,0.23164034016808407,0.20967897640544414,0.0014083392014133391,0.665323605515023,0.15095312897137075,0.20310253380910906,0.0,0.5863816099233747,0.03659411080879503,0.06875584583462174,0.0,0.2288926203859183,0.22383367829229867,0.30116094659820436,0.0,0.8694881220845819,0.1123893069205569,0.2111657228253402,0.0,0.7029842342342343,0.21049444275592083,0.18993411348760594,0.00241328772110822,0.649870523734721,0.1232131569139067,0.2540456251515407,-0.28725900830539347,0.649870523734721,0.007254547620313941,0.0632466738758882,-0.1332466970564804,0.12779153370441698,0.9368716233151704,0.0,0.9368716233151704,0.9368716233151704,0.9138697439195811,0.04694537420293557,0.7833530482729902,0.9381066814711608,0.023001879395589175,0.046945374202935576,-0.0012350581559904539,0.15351857504218014,0.023001879395589175,0.046945374202935576,-0.0012350581559904539,0.15351857504218014
13,header,mid_density,random,0.1,20,239999,8,0.2911839215996733,0.1774963715727399,0.046800195000812506,0.685169521539673,0.1062269009454206,0.21066560687868494,0.0,0.6062066925278855,0.13171388214117558,0.10084344364446554,0.0,0.24663852766053193,0.1575135151833431,0.31237549031712025,0.0,0.8988848043001452,0.4045249795249795,0.30971444552656746,0.0,0.7574861793611793,0.28232593295752684,0.1700208228976429,0.03810792448986138,0.6723817776894826,-0.04360524645986403,0.3254093843935725,-0.31177924857574757,0.6723817776894826,0.0750870022507554,0.05899634199464294,-0.034248696068719345,0.13480011314443044,0.9368716233151704,0.0,0.9368716233151704,0.9368716233151704,0.9194534574083617,0.027120654548192662,0.8301268934033407,0.9376957840815827,0.017418165906808815,0.027120654548192662,-0.0008241607664123407,0.1067447299118297,0.017418165906808815,0.027120654548192662,-0.0008241607664123407,0.1067447299118297
13,imports,high_density,important,0.01,1,179203,13,0.02558550917116343,0.0,0.02558550917116343,0.02558550917116343,0.0001729881754211704,0.0,0.0001729881754211704,0.0001729881754211704,0.01854879661612808,0.0,0.01854879661612808,0.01854879661612808,0.0003271111861473689,0.0,0.0003271111861473689,0.0003271111861473689,0.03936802709808845,0.0,0.03936802709808845,0.03936802709808845,0.02510294906066325,0.0,0.02510294906066325,0.02510294906066325,-0.019975640822905004,0.0,-0.019975640822905004,-0.019975640822905004,0.003982729664575155,0.0,0.003982729664575155,0.003982729664575155,0.8377790040918507,0.0,0.8377790040918507,0.8377790040918507,0.8085574902056886,0.0,0.8085574902056886,0.8085574902056886,0.02922151388616212,0.0,0.02922151388616212,0.02922151388616212,0.02922151388616212,0.0,0.02922151388616212,0.02922151388616212
13,imports,high_density,important,0.05,1,179203,65,0.04404502156771929,0.0,0.04404502156771929,0.04404502156771929,0.0,0.0,0.0,0.0,0.04086985150918233,0.0,0.04086985150918233,0.04086985150918233,0.0,0.0,0.0,0.0,0.0867423076012033,0.0,0.0867423076012033,0.0867423076012033,0.09262257563093891,0.0,0.09262257563093891,0.09262257563093891,-0.09114479527530135,0.0,-0.09114479527530135,-0.09114479527530135,-0.05116421477584497,0.0,-0.05116421477584497,-0.05116421477584497,0.8377790040918507,0.0,0.8377790040918507,0.8377790040918507,0.7813171950594867,0.0,0.7813171950594867,0.7813171950594867,0.056461809032363974,0.0,0.056461809032363974,0.056461809032363974,0.056461809032363974,0.0,0.056461809032363974,0.056461809032363974
13,imports,high_density,important,0.1,1,179203,129,0.2327751209522162,0.0,0.2327751209522162,0.2327751209522162,0.0001729881754211704,0.0,0.0001729881754211704,0.0001729881754211704,0.22848947841274977,0.0,0.22848947841274977,0.22848947841274977,0.0003271111861473689,0.0,0.0003271111861473689,0.0003271111861473689,0.48494682237013526,0.0,0.48494682237013526,0.48494682237013526,0.1538909884452307,0.0,0.1538909884452307,0.1538909884452307,-0.15045357370172144,0.0,-0.15045357370172144,-0.15045357370172144,-0.09234662164823385,0.0,-0.09234662164823385,-0.09234662164823385,0.8377790040918507,0.0,0.8377790040918507,0.8377790040918507,0.7432412576090809,0.0,0.7432412576090809,0.7432412576090809,0.0945377464827698,0.0,0.0945377464827698,0.0945377464827698,0.0945377464827698,0.0,0.0945377464827698,0.0945377464827698
13,imports,high_density,random,0.01,20,179203,13,0.004754663705406717,0.006678963422196428,0.0,0.028883445031612193,0.0012583494695959329,0.0036901282359278146,0.0,0.01673521090606742,0.002141705216988555,0.003194887196121094,0.0,0.007075774401098196,0.0023794700798784414,0.006977830833531767,0.0,0.03164536926632126,0.00454556221427387,0.006780839119388972,0.0,0.01501764691948741,0.004775141433231317,0.006856547356842746,0.0008788014202670866,0.03312361726958289,0.0018100602294266021,0.007861559149310603,-0.010556177733098762,0.03312361726958289,-0.0009245279485404192,0.0013737196473252212,-0.003615724807787211,0.001123380533444543,0.8377790040918505,2.220446049250313e-16,0.8377790040918507,0.8377790040918507,0.8388390162403849,0.004142648912033964,0.8265458284178491,0.8478258466795494,-0.0010600121485342616,0.004142648912033964,-0.010046842587698723,0.011233175674001616,-0.0010600121485342616,0.004142648912033964,-0.010046842587698723,0.011233175674001616
13,imports,high_density,random,0.05,20,179203,65,0.01653850660982238,0.012348943561465925,0.00285151476258768,0.04464210978610849,0.004802653973426784,0.007291739014732592,0.0,0.030713771532842642,0.0064237205850348495,0.009096184409885449,0.0,0.03506637723698822,0.009081556205088163,0.013788279993005359,0.0,0.05807806350177801,0.013633725750290168,0.01930577178393422,0.0,0.07442499467039344,0.013283411859775506,0.00713717908629283,0.003895667844544177,0.030386385996883435,0.0018667803879179382,0.012730580076287376,-0.030194736937208925,0.02825527058472661,-0.002780584492746585,0.004035892342010827,-0.011641393629527748,0.0034838860983559985,0.8377790040918505,2.220446049250313e-16,0.8377790040918507,0.8377790040918507,0.8357961711438542,0.010650226939520155,0.8059372349425682,0.8481130023598286,0.00198283294799656,0.010650226939520151,-0.010333998267977873,0.031841769149282495,0.00198283294799656,0.010650226939520151,-0.010333998267977873,0.031841769149282495
13,imports,high_density,random,0.1,20,179203,129,0.025599738843657755,0.01641100388096662,0.0014397080406019988,0.060908578539421776,0.0069108776080757574,0.01119929449327579,0.0,0.035936898377817335,0.012541642718034854,0.0131884326954056,0.0,0.05478144897127838,0.013068091886587386,0.021177253860212745,0.0,0.0679547109286792,0.026618423857687663,0.027991173038287534,0.0,0.11626832792476964,0.02268367465002238,0.010521336679718038,0.008050131884234759,0.0479957695483445,-0.002436891703850233,0.021466557141918696,-0.0479957695483445,0.040799034527646695,-0.0017531458273372681,0.004872091829603587,-0.014101579852983388,0.006456172044970198,0.8377790040918505,2.220446049250313e-16,0.8377790040918507,0.8377790040918507,0.826419396035371,0.019041411469179027,0.785647766501194,0.8509554189486965,0.011359608056479504,0.019041411469179027,-0.013176414856845842,0.05213123759065674,0.011359608056479504,0.019041411469179027,-0.013176414856845842,0.05213123759065674
13,imports,low_density,important,0.01,1,120001,13,0.08041599653336222,0.0,0.08041599653336222,0.08041599653336222,0.026716444029633087,0.0,0.026716444029633087,0.026716444029633087,0.024991458404513296,0.0,0.024991458404513296,0.024991458404513296,0.03682306322862229,0.0,0.03682306322862229,0.03682306322862229,0.09105538013116347,0.0,0.09105538013116347,0.09105538013116347,0.07387263306906237,0.0,0.07387263306906237,0.07387263306906237,-0.005602832405661341,0.0,-0.005602832405661341,-0.005602832405661341,-0.011786034314203945,0.0,-0.011786034314203945,-0.011786034314203945,0.8688885484422428,0.0,0.8688885484422428,0.8688885484422428,0.8455515921611253,0.0,0.8455515921611253,0.8455515921611253,0.023336956281117538,0.0,0.023336956281117538,0.023336956281117538,0.023336956281117538,0.0,0.023336956281117538,0.023336956281117538
13,imports,low_density,important,0.05,1,120001,65,0.17143190473412723,0.0,0.17143190473412723,0.17143190473412723,0.02808309930750577,0.0,0.02808309930750577,0.02808309930750577,0.08735760535328872,0.0,0.08735760535328872,0.08735760535328872,0.03870671337506461,0.0,0.03870671337506461,0.03870671337506461,0.31828394461986886,0.0,0.31828394461986886,0.31828394461986886,0.1580471111308189,0.0,0.1580471111308189,0.1580471111308189,-0.08703930910592676,0.0,-0.08703930910592676,-0.08703930910592676,-0.010179487463246475,0.0,-0.010179487463246475,-0.010179487463246475,0.8688885484422428,0.0,0.8688885484422428,0.8688885484422428,0.7860476089946506,0.0,0.7860476089946506,0.7860476089946506,0.08284093944759219,0.0,0.08284093944759219,0.08284093944759219,0.08284093944759219,0.0,0.08284093944759219,0.08284093944759219
13,imports,low_density,important,0.1,1,120001,129,0.20292330897242522,0.0,0.20292330897242522,0.20292330897242522,0.04227464771126907,0.0,0.04227464771126907,0.04227464771126907,0.09985750118749011,0.0,0.09985750118749011,0.09985750118749011,0.058266812151840576,0.0,0.058266812151840576,0.058266812151840576,0.3638268156424581,0.0,0.3638268156424581,0.3638268156424581,0.182214718768327,0.0,0.182214718768327,0.182214718768327,-0.07617956537511361,0.0,-0.07617956537511361,-0.07617956537511361,-0.02213841969894055,0.0,-0.02213841969894055,-0.02213841969894055,0.8688885484422428,0.0,0.8688885484422428,0.8688885484422428,0.7553037801822673,0.0,0.7553037801822673,0.7553037801822673,0.11358476825997554,0.0,0.11358476825997554,0.11358476825997554,0.11358476825997554,0.0,0.11358476825997554,0.11358476825997554
13,imports,low_density,random,0.01,20,120001,13,0.026689777585186793,0.034797894297286414,0.010216581528487263,0.17566520278997674,0.012457396188365095,0.025953127265229508,0.0010833243056307864,0.12359897000858326,0.003658302847476271,0.0030497468902402868,0.0,0.013208223264806127,0.017169930511686672,0.035770989777233184,0.0014931373112042727,0.17035548153678287,0.013328880252611124,0.011111630938053335,0.0,0.048123633713869324,0.024725792210396214,0.03140426690378845,0.009723240625271863,0.15885980526953278,0.009144880344064953,0.036343132466987386,-0.027484828142431878,0.15885980526953278,-0.0012670030087894894,0.003360581179572331,-0.009434092459673584,0.0068427572102285955,0.8688885484422428,0.0,0.8688885484422428,0.8688885484422428,0.8671856552125107,0.0018888886264558464,0.863291370307441,0.8706578632192653,0.0017028932297321997,0.0018888886264558464,-0.0017693147770224682,0.005597178134801872,0.0017028932297321997,0.0018888886264558464,-0.0017693147770224682,0.005597178134801872
13,imports,low_density,random,0.05,20,120001,65,0.0598278347680436,0.018657581297875345,0.03849134590545079,0.10060749493754219,0.02099107507437438,0.01809827768765272,0.0049999583336805525,0.06609111590736744,0.01369946917109024,0.011409341341616452,0.0014416546528778927,0.042749643752968726,0.028931832538907715,0.02494471280992378,0.0068914029747889505,0.09109286165508527,0.04991346854505708,0.041569479303355465,0.005252611124605295,0.15575661889725528,0.0551891346751023,0.017192059025000817,0.036642347891263714,0.09191471999087826,0.002182546337481512,0.040227088853424596,-0.06412061513238398,0.08487364698771602,-0.0021104065807077558,0.006607443510905592,-0.015201510309480065,0.009726660964576682,0.8688885484422428,0.0,0.8688885484422428,0.8688885484422428,0.8611761928861762,0.0051923788000644636,0.8490257713906929,0.8677086579254949,0.007712355556066669,0.0051923788000644636,0.001179890516747939,0.01986277705154993,0.007712355556066669,0.0051923788000644636,0.001179890516747939,0.01986277705154993
13,imports,low_density,random,0.1,20,120001,129,0.10108957425354788,0.03458792239477605,0.06269114424046467,0.15756535362205315,0.036673861051157906,0.03931071260620009,0.0015833201389988418,0.11106574111882402,0.02593853384555129,0.021170433329738902,0.0008416596528362264,0.07264939458837844,0.05054729225291449,0.054181643869024486,0.002182277608683168,0.1530810314133119,0.09450601165897499,0.07713362794516632,0.0030665533155210104,0.2646951663832888,0.09433807612914774,0.030650991778331846,0.05942997019315468,0.14170375128324386,0.00012295116543658592,0.07987815241817167,-0.11990033876608532,0.1374426934167097,-0.0015728747965397427,0.013623540910481733,-0.019543542869735035,0.026656591648380707,0.8688885484422428,0.0,0.8688885484422428,0.8688885484422428,0.8516022346532617,0.007089684604434033,0.8326371606658124,0.8640429714420088,0.017286313788981163,0.007089684604434033,0.004845577000234025,0.036251387776430444,0.017286313788981163,0.007089684604434033,0.004845577000234025,0.036251387776430444
13,imports,mid_density,important,0.01,1,180796,13,0.10897918095533086,0.0,0.10897918095533086,0.10897918095533086,0.017688444434611386,0.0,0.017688444434611386,0.017688444434611386,0.06402796522046948,0.0,0.06402796522046948,0.06402796522046948,0.05498057284324176,0.0,0.05498057284324176,0.05498057284324176,0.09439778194569029,0.0,0.09439778194569029,0.09439778194569029,0.09871408960610577,0.0,0.09871408960610577,0.09871408960610577,-0.03867726272325088,0.0,-0.03867726272325088,-0.03867726272325088,-0.013763278792301171,0.0,-0.013763278792301171,-0.013763278792301171,0.9435406693503469,0.0,0.9435406693503469,0.9435406693503469,0.9077387364138679,0.0,0.9077387364138679,0.9077387364138679,0.03580193293647893,0.0,0.03580193293647893,0.03580193293647893,0.03580193293647893,0.0,0.03580193293647893,0.03580193293647893
13,imports,mid_density,important,0.05,1,180796,65,0.25809752428151067,0.0,0.25809752428151067,0.25809752428151067,0.014048983384588154,0.0,0.014048983384588154,0.014048983384588154,0.21273147636009646,0.0,0.21273147636009646,0.21273147636009646,0.043668122270742356,0.0,0.043668122270742356,0.043668122270742356,0.3136345103155835,0.0,0.3136345103155835,0.3136345103155835,0.23757440984936057,0.0,0.23757440984936057,0.23757440984936057,-0.19451960622893483,0.0,-0.19451960622893483,-0.19451960622893483,-0.0560265295990326,0.0,-0.0560265295990326,-0.0560265295990326,0.9435406693503469,0.0,0.9435406693503469,0.9435406693503469,0.8554959762223273,0.0,0.8554959762223273,0.8554959762223273,0.08804469312801955,0.0,0.08804469312801955,0.08804469312801955,0.08804469312801955,0.0,0.08804469312801955,0.08804469312801955
13,imports,mid_density,important,0.1,1,180796,129,0.31610212615323346,0.0,0.31610212615323346,0.31610212615323346,0.019635390163499192,0.0,0.019635390163499192,0.019635390163499192,0.2624173101174805,0.0,0.2624173101174805,0.2624173101174805,0.06103221813430527,0.0,0.06103221813430527,0.06103221813430527,0.3868873848161135,0.0,0.3868873848161135,0.3868873848161135,0.2641971947723656,0.0,0.2641971947723656,0.2641971947723656,-0.20336207156027436,0.0,-0.20336207156027436,-0.20336207156027436,-0.09361855764529492,0.0,-0.09361855764529492,-0.09361855764529492,0.9435406693503469,0.0,0.9435406693503469,0.9435406693503469,0.8289854325912572,0.0,0.8289854325912572,0.8289854325912572,0.11455523675908963,0.0,0.11455523675908963,0.11455523675908963,0.11455523675908963,0.0,0.11455523675908963,0.11455523675908963
13,imports,mid_density,random,0.01,20,180796,13,0.023982278368990466,0.036008981442547765,0.0040819487156795505,0.17622624394345007,0.008380163277948627,0.02128067707003015,0.0002212438328281599,0.10003539901325251,0.004074205181530564,0.004708514829008439,0.0,0.021726144383725304,0.0260478630127566,0.0661462244533434,0.0006876869648935805,0.3109376611766324,0.006006686781374868,0.006941862896725186,0.0,0.03203131370790182,0.020882306768240644,0.02865528226273994,0.006282422846547667,0.14250504649021414,0.0066551369801459755,0.03301594508278477,-0.03066385031921035,0.14250504649021414,0.0006186391540479214,0.004586372429809556,-0.003057254350466944,0.01958248244663447,0.943540669350347,1.1102230246251565e-16,0.9435406693503469,0.9435406693503469,0.9419344585884911,0.002548064124462645,0.9324597899889921,0.9440658614596091,0.0016062107618557253,0.002548064124462645,-0.0005251921092622736,0.011080879361354712,0.0016062107618557253,0.002548064124462645,-0.0005251921092622736,0.011080879361354712
13,imports,mid_density,random,0.05,20,180796,65,0.059730303767782475,0.024753048954076352,0.029204185933317108,0.1195491050686962,0.016083320427443086,0.014375449302508586,0.0015984866921834554,0.05245138166773601,0.01877475165379765,0.022285519261650615,0.00018252616208323192,0.08917232682138986,0.04999140391293883,0.044682868550293,0.004968538321356119,0.16303338720214558,0.02768001304737829,0.03285601190923416,0.00026910217728125257,0.13146864551904103,0.05227193981427132,0.021383681825608136,0.031140159863186734,0.10896379157868086,-0.000796932152633139,0.0434181784868973,-0.08949867610009557,0.08517628287569042,-0.00194562496903886,0.004584401285546076,-0.008511040487899173,0.008126817025691105,0.943540669350347,1.1102230246251565e-16,0.9435406693503469,0.9435406693503469,0.9356737488720184,0.0036047199737366314,0.9262129872349839,0.9415371968704473,0.007866920478328304,0.003604719973736632,0.002003472479899515,0.017327682115362952,0.007866920478328304,0.003604719973736632,0.002003472479899515,0.017327682115362952
13,imports,mid_density,random,0.1,20,180796,129,0.10642630367928493,0.04492425863374823,0.045443483262904046,0.19608287793977744,0.026045653664904096,0.03183079840313164,0.00022677492864886392,0.09719794685723135,0.04606600809752428,0.04113290834714749,0.0014546782008451515,0.1674096772052479,0.08095708833339063,0.098938916688316,0.0007048791390159199,0.3021180758518722,0.06791608904835685,0.06064311585689371,0.0021446628068172552,0.24681562423550518,0.09322627864638552,0.03512345060478077,0.04285972646596955,0.1716368753431474,-0.01997157662048566,0.07966076224542876,-0.1706290603179321,0.11547128012681014,-0.004594262376772243,0.007666276426725305,-0.02059769934902249,0.010329090393187619,0.943540669350347,1.1102230246251565e-16,0.9435406693503469,0.9435406693503469,0.9251487846400263,0.009905641920697017,0.9005496052628874,0.9393678230646658,0.018391884710320567,0.009905641920697017,0.004172846285681042,0.04299106408745945,0.018391884710320567,0.009905641920697017,0.004172846285681042,0.04299106408745945
42,header,high_density,important,0.01,1,120000,1,0.021325,0.0,0.021325,0.021325,0.008458333333333333,0.0,0.008458333333333333,0.008458333333333333,0.0,0.0,0.0,0.0,0.03860343057087438,0.0,0.03860343057087438,0.03860343057087438,0.0,0.0,0.0,0.0,0.05274127964835117,0.0,0.05274127964835117,0.05274127964835117,0.05274127964835117,0.0,0.05274127964835117,0.05274127964835117,-0.03480346030462018,0.0,-0.03480346030462018,-0.03480346030462018,0.9943404547517294,0.0,0.9943404547517294,0.9943404547517294,0.9919891387784587,0.0,0.9919891387784587,0.9919891387784587,0.0023513159732706512,0.0,0.0023513159732706512,0.0023513159732706512,0.0023513159732706512,0.0,0.0023513159732706512,0.0023513159732706512
42,header,high_density,important,0.05,1,120000,4,0.04073333333333334,0.0,0.04073333333333334,0.04073333333333334,0.015608333333333333,0.0,0.015608333333333333,0.015608333333333333,0.0,0.0,0.0,0.0,0.07123569010763321,0.0,0.07123569010763321,0.07123569010763321,0.0,0.0,0.0,0.0,0.09787819719663746,0.0,0.09787819719663746,0.09787819719663746,0.09117223237681196,0.0,0.09117223237681196,0.09117223237681196,-0.055659119023051,0.0,-0.055659119023051,-0.055659119023051,0.9943404547517294,0.0,0.9943404547517294,0.9943404547517294,0.9861431391156343,0.0,0.9861431391156343,0.9861431391156343,0.008197315636095048,0.0,0.008197315636095048,0.008197315636095048,0.008197315636095048,0.0,0.008197315636095048,0.008197315636095048
42,header,high_density,important,0.1,1,120000,8,0.241825,0.0,0.241825,0.241825,0.20903333333333332,0.0,0.20903333333333332,0.20903333333333332,0.0,0.0,0.0,0.0,0.954018179743658,0.0,0.954018179743658,0.954018179743658,0.0,0.0,0.0,0.0,0.2716341273368615,0.0,0.2716341273368615,0.2716341273368615,0.2716341273368615,0.0,0.2716341273368615,0.2716341273368615,0.08233856208744408,0.0,0.08233856208744408,0.08233856208744408,0.9943404547517294,0.0,0.9943404547517294,0.9943404547517294,0.9731916920057464,0.0,0.9731916920057464,0.9731916920057464,0.021148762745982985,0.0,0.021148762745982985,0.021148762745982985,0.021148762745982985,0.0,0.021148762745982985,0.021148762745982985
42,header,high_density,random,0.01,20,120000,1,0.10386583333333332,0.21058786264915386,0.0,0.7226333333333333,0.0021583333333333333,0.008900633950580274,0.0,0.040916666666666664,0.09663374999999999,0.20938601019931466,0.0,0.7138083333333334,0.009850530559464495,0.0406220695268563,0.0,0.1867417183280721,0.12374795906389062,0.2681370785951717,0.0,0.9140939310830568,0.10946929545138082,0.19194691163877817,2.3760267615968723e-09,0.6653660608640547,-0.09718413484598093,0.19844996212779892,-0.6653660608640547,0.09909592780031912,-0.01020164171717836,0.03588945012116259,-0.08901212122368533,0.05234810778816278,0.9943404547517293,1.1102230246251565e-16,0.9943404547517294,0.9943404547517294,0.9936475636219662,0.001430297595284234,0.9890187354680668,0.9950194023519688,0.0006928911297632123,0.001430297595284234,-0.0006789476002394546,0.0053217192836625404,0.0006928911297632123,0.001430297595284234,-0.0006789476002394546,0.0053217192836625404
42,header,high_density,random,0.05,20,120000,4,0.2064591666666667,0.26714134754610713,0.003225,0.72505,0.012729583333333332,0.01888509893095465,0.0,0.05329166666666667,0.1798866666666667,0.27723272460706283,0.0,0.716225,0.05809721218575285,0.0861906922646544,0.0,0.2432206290647701,0.23036059205822404,0.35502072366896326,0.0,0.9171886838763379,0.19587233992794878,0.21746736751217274,0.003762165626690887,0.6967057486560584,-0.1370173480913591,0.2581834732185135,-0.6967057486560584,0.1573987431492301,-0.02016221490972107,0.06361729842719119,-0.17081626897650212,0.07895909447671196,0.9943404547517293,1.1102230246251565e-16,0.9943404547517294,0.9943404547517294,0.9915090646918066,0.0023741733883556417,0.986138608379719,0.9956106932204087,0.002831390059922878,0.0023741733883556417,-0.0012702384686793522,0.00820184637201038,0.002831390059922878,0.0023741733883556417,-0.0012702384686793522,0.00820184637201038
42,header,high_density,random,0.1,20,120000,8,0.29479125,0.3020881576565923,0.0038583333333333334,0.7540583333333334,0.02181333333333333,0.03034571889996273,0.0,0.11579166666666667,0.25552625000000007,0.3240734567393954,0.0,0.7452333333333333,0.09955501464268054,0.13849641608015548,0.0,0.5284676529874872,0.32722368659758605,0.4150043732989794,0.0,0.9543363889570683,0.29818367234444026,0.2552188412032771,0.008936557292534831,0.7250007949486656,-0.19189353834149825,0.3419788034450547,-0.7250007949486656,0.1823418406975074,0.0027581250793381404,0.06612438350772565,-0.1496464030057013,0.08143557072451837,0.9943404547517293,1.1102230246251565e-16,0.9943404547517294,0.9943404547517294,0.9888456676572502,0.004331962416615028,0.980500342735378,0.9946257441891524,0.0054947870944791035,0.004331962416615028,-0.0002852894374230086,0.01384011201635138,0.0054947870944791035,0.004331962416615028,-0.0002852894374230086,0.01384011201635138
42,header,low_density,important,0.01,1,120000,1,0.214025,0.0,0.214025,0.214025,0.17461666666666667,0.0,0.17461666666666667,0.17461666666666667,0.0,0.0,0.0,0.0,0.4157292224669166,0.0,0.4157292224669166,0.4157292224669166,0.0,0.0,0.0,0.0,0.16123124835291613,0.0,0.16123124835291613,0.16123124835291613,0.16123124835291613,0.0,0.16123124835291613,0.16123124835291613,-0.03732472415058284,0.0,-0.03732472415058284,-0.03732472415058284,0.8759608655291556,0.0,0.8759608655291556,0.8759608655291556,0.7370577036323749,0.0,0.7370577036323749,0.7370577036323749,0.13890316189678076,0.0,0.13890316189678076,0.13890316189678076,0.13890316189678076,0.0,0.13890316189678076,0.13890316189678076
42,header,low_density,important,0.05,1,120000,4,0.3122083333333333,0.0,0.3122083333333333,0.3122083333333333,0.22260833333333332,0.0,0.22260833333333332,0.22260833333333332,0.0139,0.0,0.0139,0.0139,0.5299882943475587,0.0,0.5299882943475587,0.5299882943475587,0.023966550282339755,0.0,0.023966550282339755,0.023966550282339755,0.2415407456044774,0.0,0.2415407456044774,0.2415407456044774,0.20308887196992972,0.0,0.20308887196992972,0.20308887196992972,-0.0340899560911876,0.0,-0.0340899560911876,-0.0340899560911876,0.8759608655291556,0.0,0.8759608655291556,0.8759608655291556,0.6725640775697319,0.0,0.6725640775697319,0.6725640775697319,0.20339678795942373,0.0,0.20339678795942373,0.20339678795942373,0.20339678795942373,0.0,0.20339678795942373,0.20339678795942373
42,header,low_density,important,0.1,1,120000,8,0.4623083333333333,0.0,0.4623083333333333,0.4623083333333333,0.3358083333333333,0.0,0.3358083333333333,0.3358083333333333,0.0,0.0,0.0,0.0,0.7994960617423567,0.0,0.7994960617423567,0.7994960617423567,0.0,0.0,0.0,0.0,0.4787904583069189,0.0,0.4787904583069189,0.4787904583069189,0.4787904583034039,0.0,0.4787904583034039,0.4787904583034039,0.1686626506091441,0.0,0.1686626506091441,0.1686626506091441,0.8759608655291556,0.0,0.8759608655291556,0.8759608655291556,0.6217926115050033,0.0,0.6217926115050033,0.6217926115050033,0.25416825402415233,0.0,0.25416825402415233,0.25416825402415233,0.25416825402415233,0.0,0.25416825402415233,0.25416825402415233
42,header,low_density,random,0.01,20,120000,1,0.12975333333333333,0.1551707589730674,0.0,0.4945,0.008517916666666667,0.03240041069216304,0.0,0.14925,0.08771208333333333,0.12731796058149827,0.0,0.411025,0.0202795468523699,0.07713924335971203,0.0,0.35533599190524373,0.15123424860266965,0.21952318734686538,0.0,0.7086943402732876,0.11083611519651934,0.1438296607721476,1.69509748915899e-05,0.4658246571261586,-0.08205770132587281,0.1619819415947377,-0.4658246571261586,0.24699339650709326,0.02071855898791181,0.04267418380347274,-0.0013521607493260702,0.1457942056685087,0.8759608655291556,0.0,0.8759608655291556,0.8759608655291556,0.8724700744905528,0.010159669611224319,0.8307448854769033,0.8798180043563307,0.0034907910386030583,0.010159669611224319,-0.0038571388271750884,0.04521598005225236,0.0034907910386030583,0.010159669611224319,-0.0038571388271750884,0.04521598005225236
42,header,low_density,random,0.05,20,120000,4,0.24010666666666675,0.16586459851001625,0.014783333333333334,0.5200583333333333,0.04322458333333333,0.0778922254658373,0.0,0.25924166666666665,0.1314320833333333,0.1589623624931692,0.0,0.4358666666666667,0.10290954903477967,0.18544664119001797,0.0,0.6172053250798564,0.22661680819575553,0.27408485278360134,0.0,0.7515266462634884,0.21221841025118504,0.15592501784204918,0.010471382641305777,0.502408599503295,-0.07689080883631287,0.2504683764600436,-0.502408599503295,0.35598558469059777,0.044596348759011646,0.051952560785390116,-0.013464130650911656,0.1604371580371308,0.8759608655291556,0.0,0.8759608655291556,0.8759608655291556,0.8689622429815683,0.013748819156867209,0.8298204807826728,0.8785278215951202,0.006998622547587363,0.013748819156867213,-0.0025669560659645763,0.046140384746482854,0.006998622547587363,0.013748819156867213,-0.0025669560659645763,0.046140384746482854
42,header,low_density,random,0.1,20,120000,8,0.3324054166666667,0.16334765322590258,0.011366666666666667,0.5358583333333333,0.08028874999999999,0.10602734115007396,0.0,0.2787833333333333,0.16826041666666663,0.19177540076717275,0.0,0.45164166666666666,0.1911523123623594,0.25243102470108675,0.0,0.6637303335118941,0.29011667169561905,0.33066149535268374,0.0,0.7787260945155682,0.3069318796042039,0.15707148955500175,0.010192045588045508,0.5189659299679619,-0.0679988277064471,0.33608510384886225,-0.5189659299679619,0.38053594457253676,0.07915805212982059,0.055912363718220164,-0.010237558323535232,0.16780622049444963,0.8759608655291556,0.0,0.8759608655291556,0.8759608655291556,0.8584218622290447,0.024504821918714507,0.7816623916088548,0.880249267516316,0.017539003300110885,0.024504821918714507,-0.004288401987160406,0.09429847392030088,0.017539003300110885,0.024504821918714507,-0.004288401987160406,0.09429847392030088
42,header,mid_density,important,0.01,1,240000,1,0.2919083333333333,0.0,0.2919083333333333,0.2919083333333333,0.26822083333333335,0.0,0.26822083333333335,0.26822083333333335,0.0,0.0,0.0,0.0,0.3941912016852006,0.0,0.3941912016852006,0.3941912016852006,0.0,0.0,0.0,0.0,0.24693188317880635,0.0,0.24693188317880635,0.24693188317880635,0.24693188317880635,0.0,0.24693188317880635,0.24693188317880635,-0.1141259320671318,0.0,-0.1141259320671318,-0.1141259320671318,0.9342271626546016,0.0,0.9342271626546016,0.9342271626546016,0.7730745736685356,0.0,0.7730745736685356,0.7730745736685356,0.161152588986066,0.0,0.161152588986066,0.161152588986066,0.161152588986066,0.0,0.161152588986066,0.161152588986066
42,header,mid_density,important,0.05,1,240000,4,0.4411583333333333,0.0,0.4411583333333333,0.4411583333333333,0.39202916666666665,0.0,0.39202916666666665,0.39202916666666665,0.006883333333333333,0.0,0.006883333333333333,0.006883333333333333,0.5761463283201881,0.0,0.5761463283201881,0.5761463283201881,0.021539584854490455,0.0,0.021539584854490455,0.021539584854490455,0.3583448163943901,0.0,0.3583448163943901,0.3583448163943901,0.345026564636647,0.0,0.345026564636647,0.345026564636647,-0.12667217292758362,0.0,-0.12667217292758362,-0.12667217292758362,0.9342271626546016,0.0,0.9342271626546016,0.9342271626546016,0.7136158400560833,0.0,0.7136158400560833,0.7136158400560833,0.22061132259851834,0.0,0.22061132259851834,0.22061132259851834,0.22061132259851834,0.0,0.22061132259851834,0.22061132259851834
42,header,mid_density,important,0.1,1,240000,8,0.7041458333333334,0.0,0.7041458333333334,0.7041458333333334,0.6239416666666666,0.0,0.6239416666666666,0.6239416666666666,0.0,0.0,0.0,0.0,0.916976926468427,0.0,0.916976926468427,0.916976926468427,0.0,0.0,0.0,0.0,0.6916765062076123,0.0,0.6916765062076123,0.6916765062076123,0.6916765062076123,0.0,0.6916765062076123,0.6916765062076123,0.13640213356451752,0.0,0.13640213356451752,0.13640213356451752,0.9342271626546016,0.0,0.9342271626546016,0.9342271626546016,0.6787342638834115,0.0,0.6787342638834115,0.6787342638834115,0.2554928987711901,0.0,0.2554928987711901,0.2554928987711901,0.2554928987711901,0.0,0.2554928987711901,0.2554928987711901
42,header,mid_density,random,0.01,20,240000,1,0.08753291666666667,0.10015377365113358,0.0,0.28000416666666667,0.010631249999999998,0.04100368292020649,0.0,0.18861666666666665,0.053293333333333325,0.07342628073165175,0.0,0.2235125,0.01562423455641013,0.06026113200441848,0.0,0.2772008034095919,0.1667674976530719,0.22976827182116955,0.0,0.6994236987587358,0.08135352131031412,0.09828541227015769,3.733895997749162e-07,0.28752064216266365,-0.052107773463359354,0.11646114218654145,-0.28752064216266365,0.2588392095645269,0.019905833682587748,0.04033060257067717,-0.03814878323693124,0.1290641306285161,0.9342271626546015,1.1102230246251565e-16,0.9342271626546016,0.9342271626546016,0.9315641756887155,0.007172265724365173,0.9014034171808604,0.9347050699587879,0.0026629869658862603,0.007172265724365173,-0.0004779073041862869,0.03282374547374123,0.0026629869658862603,0.007172265724365173,-0.0004779073041862869,0.03282374547374123
42,header,mid_density,random,0.05,20,240000,4,0.17889020833333336,0.1318700835857848,0.009845833333333333,0.46574583333333336,0.05850833333333334,0.11396350133772118,0.0,0.38600416666666665,0.07671104166666667,0.0908942623849559,0.0,0.22801666666666667,0.08598687111154654,0.16748665262977688,0.0,0.5672916768725812,0.24004706894753308,0.28442973521943016,0.0,0.7135183060394283,0.16982072208289423,0.12325855822433442,0.008026646727504874,0.43784561835490055,-0.02134364198127948,0.20749497896764516,-0.2968511168630027,0.4378354178895103,0.02495064810412166,0.056423544337665665,-0.03332820784834746,0.13462794918530419,0.9342271626546015,1.1102230246251565e-16,0.9342271626546016,0.9342271626546016,0.9245582522525959,0.013505380976685173,0.8873681055503426,0.935337999749984,0.00966891040200562,0.013505380976685173,-0.0011108370953823998,0.04685905710425897,0.00966891040200562,0.013505380976685173,-0.0011108370953823998,0.04685905710425897
42,header,mid_density,random,0.1,20,240000,8,0.2701672916666667,0.1487096285742311,0.010708333333333334,0.55615,0.12008520833333336,0.16807685218496918,0.0,0.476075,0.09403895833333334,0.10499553696926141,0.0,0.2393625,0.17648342967716651,0.24701443029192552,0.0,0.6996644295302014,0.29427023573589234,0.3285559725751374,0.0,0.7490221132783978,0.25855211609784606,0.13836171245831178,0.00855674677174045,0.49286921323565874,0.023606863775246588,0.290684892468301,-0.3079321941686854,0.49286819308258134,0.04193731826978257,0.06369014646514799,-0.039233673555525546,0.13601313852818098,0.9342271626546015,1.1102230246251565e-16,0.9342271626546016,0.9342271626546016,0.9150430951040617,0.026478384316504597,0.8287969895703861,0.9342570849758883,0.01918406755053994,0.026478384316504597,-2.9922321286735e-05,0.10543017308421554,0.01918406755053994,0.026478384316504597,-2.9922321286735e-05,0.10543017308421554
42,imports,high_density,important,0.01,1,192467,13,0.03800651540264045,0.0,0.03800651540264045,0.03800651540264045,0.0,0.0,0.0,0.0,0.033533021245200474,0.0,0.033533021245200474,0.033533021245200474,0.0,0.0,0.0,0.0,0.06696687972109239,0.0,0.06696687972109239,0.06696687972109239,0.028814189348517084,0.0,0.028814189348517084,0.028814189348517084,-0.02621325837724405,0.0,-0.02621325837724405,-0.02621325837724405,0.0005049541221144831,0.0,0.0005049541221144831,0.0005049541221144831,0.8574367032514749,0.0,0.8574367032514749,0.8574367032514749,0.8243805668318488,0.0,0.8243805668318488,0.8243805668318488,0.033056136419626125,0.0,0.033056136419626125,0.033056136419626125,0.033056136419626125,0.0,0.033056136419626125,0.033056136419626125
42,imports,high_density,important,0.05,1,192467,65,0.12854671190385886,0.0,0.12854671190385886,0.12854671190385886,0.0,0.0,0.0,0.0,0.12363158359614895,0.0,0.12363158359614895,0.12363158359614895,0.0,0.0,0.0,0.0,0.24689756785921807,0.0,0.24689756785921807,0.24689756785921807,0.13372362807076507,0.0,0.13372362807076507,0.13372362807076507,-0.13301580235242458,0.0,-0.13301580235242458,-0.13301580235242458,-0.044851670473495434,0.0,-0.044851670473495434,-0.044851670473495434,0.8574367032514749,0.0,0.8574367032514749,0.8574367032514749,0.6698027676701727,0.0,0.6698027676701727,0.6698027676701727,0.18763393558130226,0.0,0.18763393558130226,0.18763393558130226,0.18763393558130226,0.0,0.18763393558130226,0.18763393558130226
42,imports,high_density,important,0.1,1,192467,129,0.14073581445130853,0.0,0.14073581445130853,0.14073581445130853,0.0,0.0,0.0,0.0,0.1357583377929723,0.0,0.1357583377929723,0.1357583377929723,0.0,0.0,0.0,0.0,0.2711152154063252,0.0,0.2711152154063252,0.2711152154063252,0.1429724784374872,0.0,0.1429724784374872,0.1429724784374872,-0.14146442683370014,0.0,-0.14146442683370014,-0.14146442683370014,-0.0447621958567682,0.0,-0.0447621958567682,-0.0447621958567682,0.8574367032514749,0.0,0.8574367032514749,0.8574367032514749,0.6642726292570383,0.0,0.6642726292570383,0.6642726292570383,0.19316407399443658,0.0,0.19316407399443658,0.19316407399443658,0.19316407399443658,0.0,0.19316407399443658,0.19316407399443658
42,imports,high_density,random,0.01,20,192467,13,0.008636025916131078,0.011589944290535031,0.0,0.04420498059407587,0.0035221622407997214,0.00701805665194971,0.0,0.02538097440080637,0.001459730759039212,0.001992727504701634,0.0,0.005959463180701108,0.007054770998324504,0.014056928428581294,0.0,0.05083722721170557,0.002915144849340085,0.00397956217987268,0.0,0.011901303229019673,0.007314980096968997,0.008717495497716797,0.0013197155621192684,0.03398167298367503,0.003704466886744391,0.010490890154486461,-0.007055793790736732,0.03398167298367503,-0.0004708268996033836,0.0014621543131408798,-0.0036870290320706136,0.0021361884119567263,0.857436703251475,1.1102230246251565e-16,0.8574367032514749,0.8574367032514749,0.8567298351899655,0.0031903975665678965,0.8479146779956032,0.8634634199427896,0.0007068680615093193,0.0031903975665678965,-0.006026716691314715,0.009522025255871758,0.0007068680615093193,0.0031903975665678965,-0.006026716691314715,0.009522025255871758
42,imports,high_density,random,0.05,20,192467,65,0.019603620360893033,0.022255005638448185,0.0013300981466952777,0.07083292200740907,0.009986647061574193,0.015713698599156372,0.0,0.046927525238092765,0.0027630710719240186,0.0030223580457505498,0.0,0.009258730068011659,0.020002913904528,0.031474003062553504,0.0,0.09399423463175531,0.005517971279156636,0.006035778471730213,0.0,0.01849008051797128,0.01667471297534468,0.011413778406758607,0.007457595481761161,0.044457008224697926,0.009164405189377722,0.016039900322360395,-0.01203301852901631,0.044457008224697926,-0.0011171713646520778,0.002928535203502791,-0.006595578910311486,0.004501494272794963,0.857436703251475,1.1102230246251565e-16,0.8574367032514749,0.8574367032514749,0.8551339206928461,0.004641844903575529,0.8444002203583933,0.8640912064656047,0.002302782558629013,0.004641844903575529,-0.006654503214129748,0.013036482893081569,0.002302782558629013,0.004641844903575529,-0.006654503214129748,0.013036482893081569
42,imports,high_density,random,0.1,20,192467,129,0.021917003953924576,0.012081381959603586,0.006525794032223706,0.049016194984075195,0.006992367522744158,0.008039171752182061,0.0,0.02764629780689677,0.008715520063179664,0.0097021386456405,0.0,0.037996124010869395,0.014005473977791883,0.016102187193672922,0.0,0.05537459283387622,0.01740526687142027,0.019375586439678863,0.0,0.07587988710882378,0.021701899699647094,0.007992379619403921,0.008615681263584947,0.03659133962525732,0.001631679507321958,0.01720466872230695,-0.03140865855247274,0.03651598524006345,-0.002643273480678815,0.005034323822851102,-0.009267904899117885,0.007340723085729043,0.857436703251475,1.1102230246251565e-16,0.8574367032514749,0.8574367032514749,0.8489644439487278,0.009303497476211484,0.8265451729855764,0.860599664935274,0.008472259302746976,0.009303497476211484,-0.003162961683799037,0.030891530265898526,0.008472259302746976,0.009303497476211484,-0.003162961683799037,0.030891530265898526
42,imports,low_density,important,0.01,1,120017,13,0.12866510577668164,0.0,0.12866510577668164,0.12866510577668164,0.041494121666097304,0.0,0.041494121666097304,0.041494121666097304,0.04892640209303682,0.0,0.04892640209303682,0.04892640209303682,0.05708456080422747,0.0,0.05708456080422747,0.05708456080422747,0.17914454817255476,0.0,0.17914454817255476,0.17914454817255476,0.11914153540534772,0.0,0.11914153540534772,0.11914153540534772,-0.022258160689443852,0.0,-0.022258160689443852,-0.022258160689443852,-0.012002969827977007,0.0,-0.012002969827977007,-0.012002969827977007,0.8602653476441466,0.0,0.8602653476441466,0.8602653476441466,0.7922585388285431,0.0,0.7922585388285431,0.7922585388285431,0.0680068088156035,0.0,0.0680068088156035,0.0680068088156035,0.0680068088156035,0.0,0.0680068088156035,0.0680068088156035
42,imports,low_density,important,0.05,1,120017,65,0.19263104393544248,0.0,0.19263104393544248,0.19263104393544248,0.010381862569469325,0.0,0.010381862569469325,0.010381862569469325,0.1182999075131023,0.0,0.1182999075131023,0.1182999075131023,0.014282602964270566,0.0,0.014282602964270566,0.014282602964270566,0.4331563853804381,0.0,0.4331563853804381,0.4331563853804381,0.18021474441018198,0.0,0.18021474441018198,0.18021474441018198,-0.14882990458573633,0.0,-0.14882990458573633,-0.14882990458573633,0.02633363795446058,0.0,0.02633363795446058,0.02633363795446058,0.8602653476441466,0.0,0.8602653476441466,0.8602653476441466,0.769197588446124,0.0,0.769197588446124,0.769197588446124,0.09106775919802268,0.0,0.09106775919802268,0.09106775919802268,0.09106775919802268,0.0,0.09106775919802268,0.09106775919802268
42,imports,low_density,important,0.1,1,120017,129,0.2061957889299016,0.0,0.2061957889299016,0.2061957889299016,0.01571444045426898,0.0,0.01571444045426898,0.01571444045426898,0.12364081755084697,0.0,0.12364081755084697,0.12364081755084697,0.021618771421038754,0.0,0.021618771421038754,0.021618771421038754,0.45271218500213556,0.0,0.45271218500213556,0.45271218500213556,0.1867724204567837,0.0,0.1867724204567837,0.1867724204567837,-0.13614765078812677,0.0,-0.13614765078812677,-0.13614765078812677,0.006684578863846282,0.0,0.006684578863846282,0.006684578863846282,0.8602653476441466,0.0,0.8602653476441466,0.8602653476441466,0.7457578603240949,0.0,0.7457578603240949,0.7457578603240949,0.11450748732005178,0.0,0.11450748732005178,0.11450748732005178,0.11450748732005178,0.0,0.11450748732005178,0.11450748732005178
42,imports,low_density,random,0.01,20,120017,13,0.03422973412099953,0.031126834526253918,0.012289925593874202,0.12812351583525666,0.016159377421531947,0.022820396800365055,0.00010831798828499296,0.08669605139271937,0.004701417299215945,0.006879281443669161,0.0,0.03243707141488289,0.022230882976650348,0.031394623537516625,0.00014901592177810383,0.11927005123855157,0.01721429007260968,0.025188563091855565,0.0,0.1187686863139911,0.031141328635761523,0.027899819440314288,0.01079861909806003,0.11445486005676314,0.012820883314703602,0.036872507497613755,-0.05715691870148485,0.1144545448426861,-0.0017916032247303243,0.005240116043875155,-0.012452145527777958,0.013481348082875273,0.8602653476441467,1.1102230246251565e-16,0.8602653476441466,0.8602653476441466,0.8580955179434101,0.002625530809398116,0.849972932274798,0.8633390279045657,0.002169829700736542,0.002625530809398116,-0.0030736802604190983,0.010292415369348662,0.002169829700736542,0.002625530809398116,-0.0030736802604190983,0.010292415369348662
42,imports,low_density,random,0.05,20,120017,65,0.07256347017505853,0.04814630231746002,0.03290367197980286,0.23415849421331977,0.03820333786046977,0.04272203781435738,0.0037911295899747534,0.17616670971612355,0.007975536798953482,0.0071433742214195555,8.332152944999459e-05,0.025029787446778373,0.05255734247297654,0.05877383753098648,0.005215557262233634,0.24235720262726532,0.029202513881261816,0.026155541641714283,0.0003050826774055769,0.0916468362926353,0.06665003843892607,0.04326812710858898,0.030572600970169422,0.21323321695852973,0.03296048483646677,0.0617949042561645,-0.045126311202997496,0.2129535505998451,-0.0046300276190498575,0.008116982834907397,-0.02409352365175728,0.010394730617323208,0.8602653476441467,1.1102230246251565e-16,0.8602653476441466,0.8602653476441466,0.8538368619200207,0.007772281458582943,0.8339092329715252,0.86478279611872,0.006428485724125787,0.007772281458582943,-0.00451744847457336,0.026356114672621445,0.006428485724125787,0.007772281458582943,-0.00451744847457336,0.026356114672621445
42,imports,low_density,random,0.1,20,120017,129,0.09623969937592174,0.03201471328521328,0.058516710132731194,0.1939225276419174,0.0375700942366498,0.03371241754046919,0.005365906496579651,0.13180632743694642,0.02169484323054234,0.01846366286686945,0.001091512035794929,0.06137463859286601,0.05168617246873532,0.04637906459214905,0.00738201950962299,0.18132945127752495,0.0794359021294771,0.06760490042995519,0.003996583074013058,0.22472390017694796,0.08879181888193105,0.028017960213236204,0.056385127241901326,0.17221549417042537,0.011207930146304269,0.06671599339087637,-0.0903308187018402,0.15813148408942326,-0.0018187318197692127,0.010013929953031167,-0.0177699056230662,0.017563931654772966,0.8602653476441467,1.1102230246251565e-16,0.8602653476441466,0.8602653476441466,0.8455798219434134,0.012492408342926944,0.806600425519956,0.8619749580330082,0.014685525700733199,0.012492408342926944,-0.0017096103888615266,0.053664922124190606,0.014685525700733199,0.012492408342926944,-0.0017096103888615266,0.053664922124190606
42,imports,mid_density,important,0.01,1,167516,13,0.10598390601494782,0.0,0.10598390601494782,0.10598390601494782,0.017562501492394755,0.0,0.017562501492394755,0.017562501492394755,0.06098521932233339,0.0,0.06098521932233339,0.06098521932233339,0.05191459325922004,0.0,0.05191459325922004,0.05191459325922004,0.09216390307273153,0.0,0.09216390307273153,0.09216390307273153,0.12032496221031717,0.0,0.12032496221031717,0.12032496221031717,-0.0684505802449902,0.0,-0.0684505802449902,-0.0684505802449902,-0.0150311515339997,0.0,-0.0150311515339997,-0.0150311515339997,0.9449068122119048,0.0,0.9449068122119048,0.9449068122119048,0.9075137981181809,0.0,0.9075137981181809,0.9075137981181809,0.037393014093723864,0.0,0.037393014093723864,0.037393014093723864,0.037393014093723864,0.0,0.037393014093723864,0.037393014093723864
42,imports,mid_density,important,0.05,1,167516,65,0.3533035650325939,0.0,0.3533035650325939,0.3533035650325939,0.005133837961746938,0.0,0.005133837961746938,0.005133837961746938,0.30632894768260943,0.0,0.30632894768260943,0.30632894768260943,0.015175577907181931,0.0,0.015175577907181931,0.015175577907181931,0.462939573823142,0.0,0.462939573823142,0.462939573823142,0.31354564377415306,0.0,0.31354564377415306,0.31354564377415306,-0.293249787206299,0.0,-0.293249787206299,-0.293249787206299,-0.03317747110645074,0.0,-0.03317747110645074,-0.03317747110645074,0.9449068122119048,0.0,0.9449068122119048,0.9449068122119048,0.8671958190071049,0.0,0.8671958190071049,0.8671958190071049,0.0777109932047999,0.0,0.0777109932047999,0.0777109932047999,0.0777109932047999,0.0,0.0777109932047999,0.0777109932047999
42,imports,mid_density,important,0.1,1,167516,129,0.4015198548198381,0.0,0.4015198548198381,0.4015198548198381,0.00842307600468015,0.0,0.00842307600468015,0.00842307600468015,0.3510231858449342,0.0,0.3510231858449342,0.3510231858449342,0.024898535380271748,0.0,0.024898535380271748,0.024898535380271748,0.5304837341897768,0.0,0.5304837341897768,0.5304837341897768,0.33832683284342285,0.0,0.33832683284342285,0.33832683284342285,-0.3065409408139898,0.0,-0.3065409408139898,-0.3065409408139898,-0.059636833556136824,0.0,-0.059636833556136824,-0.059636833556136824,0.9449068122119048,0.0,0.9449068122119048,0.9449068122119048,0.7977525801920715,0.0,0.7977525801920715,0.7977525801920715,0.14715423201983324,0.0,0.14715423201983324,0.14715423201983324,0.14715423201983324,0.0,0.14715423201983324,0.14715423201983324
42,imports,mid_density,random,0.01,20,167516,13,0.033198918312280626,0.034614290995910305,0.008948398958905418,0.1324410802550204,0.011265491057570621,0.01731130430481999,1.790873707586141e-05,0.06318799398266434,0.005496191408581867,0.009277457203551371,0.0,0.043094390983547844,0.033300688194812064,0.051172056677717036,5.293806246691371e-05,0.1867831304040939,0.008306118398498819,0.014020555734172739,0.0,0.0651263915702867,0.029013994666138847,0.026614906154004813,0.009612143450254955,0.10461681225270454,0.010864462971644735,0.035106385254265036,-0.060253029313042744,0.10461681225270454,-0.0002688674919752947,0.004399172118319607,-0.011874080353978182,0.010812041036336656,0.9449068122119048,0.0,0.9449068122119048,0.9449068122119048,0.9423896442865562,0.0024089273580843312,0.9356522277559232,0.9447013398479094,0.002517167925348518,0.0024089273580843312,0.00020547236399537372,0.009254584455981596,0.002517167925348518,0.0024089273580843312,0.00020547236399537372,0.009254584455981596
42,imports,mid_density,random,0.05,20,167516,65,0.07175762315241528,0.045539315860858,0.02574679433606342,0.20404021108431433,0.027135019938393946,0.03059922122291595,0.0012953986484873087,0.12003032546144846,0.014447276678048664,0.014251368720544654,1.1939158050574273e-05,0.04413906731297309,0.08021086994882655,0.09045101715860222,0.0038291865184400917,0.354808540674078,0.021833444598812764,0.021537378728964135,1.8043050719015572e-05,0.06670515850820057,0.06163494889856833,0.034140769004449165,0.025121119215925632,0.16960164809754233,0.023984526084879512,0.055489043673264356,-0.04876226119852893,0.16919628592161823,-0.0011832453170222252,0.007878553073556668,-0.015768180792577902,0.019458647749008698,0.9449068122119048,0.0,0.9449068122119048,0.9449068122119048,0.9353491226201237,0.006123991222470937,0.9156282078292379,0.9430129633668027,0.00955768959178101,0.006123991222470937,0.0018938488451020197,0.02927860438266683,0.00955768959178101,0.006123991222470937,0.0018938488451020197,0.02927860438266683
42,imports,mid_density,random,0.1,20,167516,129,0.09666509467752335,0.03894063746982987,0.040981160008596196,0.1898564913202321,0.027381862031089565,0.02933252504169603,0.0008834976957424963,0.1106819647078488,0.036469949139186705,0.030991830292613997,0.000740227799135605,0.11261610831204183,0.08094053290982883,0.08670667487003268,0.0026116110817010763,0.32717487206634904,0.05511520487884092,0.04683639863682519,0.0011186691445789654,0.17019107590711438,0.08922092626714889,0.03269401187262402,0.041785908513159255,0.15951349749401175,-0.006863158444052472,0.07181418742469349,-0.13274845007274794,0.14775199814701492,-0.005694464021453406,0.009254079538537994,-0.02710911878889247,0.01521255088836964,0.9449068122119048,0.0,0.9449068122119048,0.9449068122119048,0.9236675512457742,0.009949871017336917,0.90186222272345,0.9374495007501875,0.021239260966130474,0.009949871017336917,0.007457311461717242,0.0430445894884548,0.021239260966130474,0.009949871017336917,0.007457311461717242,0.0430445894884548
77,header,high_density,important,0.01,1,120000,1,0.020266666666666665,0.0,0.020266666666666665,0.020266666666666665,0.01005,0.0,0.01005,0.01005,0.0,0.0,0.0,0.0,0.04506894876490153,0.0,0.04506894876490153,0.04506894876490153,0.0,0.0,0.0,0.0,0.044794660284862564,0.0,0.044794660284862564,0.044794660284862564,0.044794660284862564,0.0,0.044794660284862564,0.044794660284862564,-0.030367261743387355,0.0,-0.030367261743387355,-0.030367261743387355,0.9943020750155381,0.0,0.9943020750155381,0.9943020750155381,0.9935054311737146,0.0,0.9935054311737146,0.9935054311737146,0.0007966438418235411,0.0,0.0007966438418235411,0.0007966438418235411,0.0007966438418235411,0.0,0.0007966438418235411,0.0007966438418235411
77,header,high_density,important,0.05,1,120000,4,0.24449166666666666,0.0,0.24449166666666666,0.24449166666666666,0.21348333333333333,0.0,0.21348333333333333,0.21348333333333333,0.0,0.0,0.0,0.0,0.9573601405134721,0.0,0.9573601405134721,0.9573601405134721,0.0,0.0,0.0,0.0,0.274309098233324,0.0,0.274309098233324,0.274309098233324,0.274309098233324,0.0,0.274309098233324,0.274309098233324,0.08114571031761926,0.0,0.08114571031761926,0.08114571031761926,0.9943020750155381,0.0,0.9943020750155381,0.9943020750155381,0.9834564223361789,0.0,0.9834564223361789,0.9834564223361789,0.010845652679359219,0.0,0.010845652679359219,0.010845652679359219,0.010845652679359219,0.0,0.010845652679359219,0.010845652679359219
77,header,high_density,important,0.1,1,120000,8,0.24449166666666666,0.0,0.24449166666666666,0.24449166666666666,0.21348333333333333,0.0,0.21348333333333333,0.21348333333333333,0.0,0.0,0.0,0.0,0.9573601405134721,0.0,0.9573601405134721,0.9573601405134721,0.0,0.0,0.0,0.0,0.26933723193487286,0.0,0.26933723193487286,0.26933723193487286,0.26933589715618544,0.0,0.26933589715618544,0.26933589715618544,0.07617250924048066,0.0,0.07617250924048066,0.07617250924048066,0.9943020750155381,0.0,0.9943020750155381,0.9943020750155381,0.9924495127077969,0.0,0.9924495127077969,0.9924495127077969,0.0018525623077412234,0.0,0.0018525623077412234,0.0018525623077412234,0.0018525623077412234,0.0,0.0018525623077412234,0.0018525623077412234
77,header,high_density,random,0.01,20,120000,1,0.022186249999999998,0.053726109437061007,0.0,0.24069166666666666,0.013603750000000001,0.04589275893583927,0.0,0.20968333333333333,0.0037804166666666667,0.012004809301032928,0.0,0.055341666666666664,0.061005642961246685,0.20580481603575293,0.0,0.940319144960574,0.004865348934481612,0.015450039318797003,0.0,0.07122403234628544,0.02495984436762875,0.05428320734312425,0.0,0.24421735523848415,0.012690353819250846,0.05838334822751341,-0.066667740036556,0.24421735523848415,0.002678649657059073,0.01597721201394064,-0.029882361408516394,0.05427153597375908,0.9943020750155384,2.220446049250313e-16,0.9943020750155381,0.9943020750155381,0.9942796647369629,0.0005935168383606327,0.9925850756860386,0.9955858481170026,2.2410278575268895e-05,0.0005935168383606327,-0.001283773101464436,0.0017169993294995356,2.2410278575268895e-05,0.0005935168383606327,-0.001283773101464436,0.0017169993294995356
77,header,high_density,random,0.05,20,120000,4,0.2780420833333333,0.2647969592504767,0.008216666666666667,0.7350833333333333,0.03600875,0.06985844608499192,0.0,0.20968333333333333,0.22791666666666668,0.2881416358417429,0.0,0.7268416666666667,0.16148024963563662,0.31327828133334695,0.0,0.940319144960574,0.29332589740564774,0.37083467896107014,0.0,0.9354361278836564,0.2608476916575956,0.22054586140656815,0.02093302039518378,0.6772660276730591,-0.16177299747556156,0.3007675271574929,-0.6772643444796442,0.25331141361634024,-0.020516759856783497,0.07306789482422756,-0.16282647665337158,0.06046828797602046,0.9943020750155384,2.220446049250313e-16,0.9943020750155381,0.9943020750155381,0.9914280428641797,0.002552848892933122,0.9861073348740035,0.9956542174734119,0.0028740321513584187,0.0025528488929331215,-0.0013521424578737395,0.008194740141534651,0.0028740321513584187,0.0025528488929331215,-0.0013521424578737395,0.008194740141534651
77,header,high_density,random,0.1,20,120000,8,0.3182975,0.3084108763090148,0.012883333333333333,0.74135,0.018125416666666668,0.03526535466161828,0.0,0.15066666666666667,0.2876225,0.3258458432391765,0.0,0.7331083333333334,0.08128293284502411,0.15814651367368712,0.0,0.6756605254306962,0.37016655763022704,0.41935952197746895,0.0,0.9435012494503491,0.2887950707553437,0.2547251239181408,0.028217160518803346,0.7019884309929528,-0.23193432396722852,0.3069762009427237,-0.7019884309929528,0.2004828546515016,-0.014413614492303911,0.04916216970999032,-0.1492982436647902,0.06574079057608397,0.9943020750155384,2.220446049250313e-16,0.9943020750155381,0.9943020750155381,0.9863870190740128,0.007820279207518627,0.9595563090969673,0.9947680198106198,0.007915055941525351,0.007820279207518628,-0.0004659447950816631,0.034745765918570815,0.007915055941525351,0.007820279207518628,-0.0004659447950816631,0.034745765918570815
77,header,low_density,important,0.01,1,120000,1,0.221325,0.0,0.221325,0.221325,0.17925,0.0,0.17925,0.17925,0.0,0.0,0.0,0.0,0.4077184070360331,0.0,0.4077184070360331,0.4077184070360331,0.0,0.0,0.0,0.0,0.16604380878864577,0.0,0.16604380878864577,0.16604380878864577,0.16604380878864577,0.0,0.16604380878864577,0.16604380878864577,-0.04165580375388829,0.0,-0.04165580375388829,-0.04165580375388829,0.877007310553417,0.0,0.877007310553417,0.877007310553417,0.7525595719667688,0.0,0.7525595719667688,0.7525595719667688,0.12444773858664815,0.0,0.12444773858664815,0.12444773858664815,0.12444773858664815,0.0,0.12444773858664815,0.12444773858664815
77,header,low_density,important,0.05,1,120000,4,0.45820833333333333,0.0,0.45820833333333333,0.45820833333333333,0.3462,0.0,0.3462,0.3462,0.0,0.0,0.0,0.0,0.78745948404951,0.0,0.78745948404951,0.78745948404951,0.0,0.0,0.0,0.0,0.48256733762117193,0.0,0.48256733762117193,0.48256733762117193,0.482517075414748,0.0,0.482517075414748,0.482517075414748,0.16417734876617412,0.0,0.16417734876617412,0.16417734876617412,0.877007310553417,0.0,0.877007310553417,0.877007310553417,0.7472211358673818,0.0,0.7472211358673818,0.7472211358673818,0.12978617468603515,0.0,0.12978617468603515,0.12978617468603515,0.12978617468603515,0.0,0.12978617468603515,0.12978617468603515
77,header,low_density,important,0.1,1,120000,8,0.45820833333333333,0.0,0.45820833333333333,0.45820833333333333,0.3460666666666667,0.0,0.3460666666666667,0.3460666666666667,0.000275,0.0,0.000275,0.000275,0.7871562067592927,0.0,0.7871562067592927,0.7871562067592927,0.000490757402257484,0.0,0.000490757402257484,0.000490757402257484,0.4820197901304626,0.0,0.4820197901304626,0.4820197901304626,0.48139989806556793,0.0,0.48139989806556793,0.48139989806556793,0.162860829548517,0.0,0.162860829548517,0.162860829548517,0.877007310553417,0.0,0.877007310553417,0.877007310553417,0.7082310117530265,0.0,0.7082310117530265,0.7082310117530265,0.16877629880039047,0.0,0.16877629880039047,0.16877629880039047,0.16877629880039047,0.0,0.16877629880039047,0.16877629880039047
77,header,low_density,random,0.01,20,120000,1,0.04947583333333333,0.09937555883490669,0.0,0.43485833333333335,0.023515416666666667,0.07185656711825882,0.0,0.32354166666666667,0.00921875,0.0226145776907716,0.0,0.09920833333333333,0.053487688837500234,0.16344348719963336,0.0,0.7359212995431886,0.01645152655294975,0.040357350547902265,0.0,0.1770444507234954,0.04633059328624038,0.1010150548329328,9.387091196695915e-06,0.44736585053284006,0.026213981023974136,0.10799718688942858,-0.10501275677102452,0.44736585053284006,0.0073495838901223645,0.03217824715217357,-0.015403642150737168,0.14349483761607956,0.877007310553417,0.0,0.877007310553417,0.877007310553417,0.8763704831975501,0.0021525726621331918,0.8675736351344152,0.8789632544051522,0.0006368273558668425,0.0021525726621331918,-0.0019559438517352534,0.009433675419001752,0.0006368273558668425,0.0021525726621331918,-0.0019559438517352534,0.009433675419001752
77,header,low_density,random,0.05,20,120000,4,0.30711083333333333,0.16296652515206578,0.05119166666666667,0.499775,0.06822041666666666,0.1147901359085776,0.0,0.3385666666666667,0.16308249999999996,0.16685470138508401,0.0,0.40855,0.15517277328127072,0.26109931021531385,0.0,0.7700968591845632,0.2910325238314769,0.2977642902043347,0.0,0.7290870425174367,0.27926153149711025,0.1551280957644332,0.03638929434647794,0.4715971969369794,-0.07559098633636369,0.3100486996750888,-0.4687895939996287,0.47159719693647245,0.06833466573168755,0.05888088913336028,-0.01555098720101092,0.15736171969556395,0.877007310553417,0.0,0.877007310553417,0.877007310553417,0.8690545436945646,0.014265630925783543,0.8217246087398914,0.8808364177704556,0.007952766858852189,0.014265630925783545,-0.003829107217038663,0.05528270181352557,0.007952766858852189,0.014265630925783545,-0.003829107217038663,0.05528270181352557
77,header,low_density,random,0.1,20,120000,8,0.29784583333333337,0.16884955634257182,0.054033333333333336,0.5115416666666667,0.038985,0.08085812139688463,0.0,0.34276666666666666,0.18730166666666667,0.1716267525118907,1.6666666666666667e-05,0.4195833333333333,0.08867448869344353,0.18391823961988282,0.0,0.7796500938264117,0.3342533795339292,0.3062803608022676,2.9742872864089944e-05,0.7487768243534643,0.2698004747632051,0.1555891711415123,0.04830508783416522,0.48189378164110447,-0.1427268729165118,0.27558766321584394,-0.48189378164110447,0.4668779185708795,0.06204461340982716,0.06131600627684039,-0.011388735523929166,0.15328263369614897,0.877007310553417,0.0,0.877007310553417,0.877007310553417,0.8561577537066485,0.03057813711800745,0.7400151129447035,0.8818850441707242,0.020849556846768497,0.030578137118007453,-0.004877733617307256,0.1369921976087135,0.020849556846768497,0.030578137118007453,-0.004877733617307256,0.1369921976087135
77,header,mid_density,important,0.01,1,240000,1,0.2768333333333333,0.0,0.2768333333333333,0.2768333333333333,0.25285,0.0,0.25285,0.25285,0.0,0.0,0.0,0.0,0.3781311532613843,0.0,0.3781311532613843,0.3781311532613843,0.0,0.0,0.0,0.0,0.23289667444692835,0.0,0.23289667444692835,0.23289667444692835,0.23289667444692835,0.0,0.23289667444692835,0.23289667444692835,-0.1104048073495889,0.0,-0.1104048073495889,-0.1104048073495889,0.937620156179263,0.0,0.937620156179263,0.937620156179263,0.7865944163878238,0.0,0.7865944163878238,0.7865944163878238,0.15102573979143918,0.0,0.15102573979143918,0.15102573979143918,0.15102573979143918,0.0,0.15102573979143918,0.15102573979143918
77,header,mid_density,important,0.05,1,240000,4,0.7004416666666666,0.0,0.7004416666666666,0.7004416666666666,0.6141416666666667,0.0,0.6141416666666667,0.6141416666666667,0.0,0.0,0.0,0.0,0.9184342364347847,0.0,0.9184342364347847,0.9184342364347847,0.0,0.0,0.0,0.0,0.685422787182246,0.0,0.685422787182246,0.685422787182246,0.685422787182246,0.0,0.685422787182246,0.685422787182246,0.1363149212961801,0.0,0.1363149212961801,0.1363149212961801,0.937620156179263,0.0,0.937620156179263,0.937620156179263,0.806730695549805,0.0,0.806730695549805,0.806730695549805,0.13088946062945794,0.0,0.13088946062945794,0.13088946062945794,0.13088946062945794,0.0,0.13088946062945794,0.13088946062945794
77,header,mid_density,important,0.1,1,240000,8,0.7010583333333333,0.0,0.7010583333333333,0.7010583333333333,0.6147583333333333,0.0,0.6147583333333333,0.6147583333333333,0.0,0.0,0.0,0.0,0.9193564467485855,0.0,0.9193564467485855,0.9193564467485855,0.0,0.0,0.0,0.0,0.6807082104620387,0.0,0.6807082104620387,0.6807082104620387,0.6807056454022733,0.0,0.6807056454022733,0.6807056454022733,0.13151876895826894,0.0,0.13151876895826894,0.13151876895826894,0.937620156179263,0.0,0.937620156179263,0.937620156179263,0.7711372869756246,0.0,0.7711372869756246,0.7711372869756246,0.16648286920363842,0.0,0.16648286920363842,0.16648286920363842,0.16648286920363842,0.0,0.16648286920363842,0.16648286920363842
77,header,mid_density,random,0.01,20,240000,1,0.05445374999999999,0.1478256646821359,0.0,0.6753375,0.036404375,0.12852462660876265,0.0,0.5890375,0.005260625,0.01568871522932566,0.0,0.07142916666666667,0.05444187582562747,0.19220551822052695,0.0,0.8808915530520176,0.015877936515921322,0.047352629093995666,0.0,0.21559183057497863,0.05168858591135879,0.13571306423484727,0.0,0.6186663331082585,0.03610840279450931,0.14066246466331084,-0.08421969066935105,0.6186663331082585,0.003030422117615718,0.02030175589716209,-0.021563188585246876,0.08687226116868987,0.937620156179263,0.0,0.937620156179263,0.937620156179263,0.9371426756990395,0.0011361019257796407,0.9324714408374273,0.9377996401373923,0.00047748048022347445,0.0011361019257796405,-0.00017948395812927842,0.005148715341835697,0.00047748048022347445,0.0011361019257796405,-0.00017948395812927842,0.005148715341835697
77,header,mid_density,random,0.05,20,240000,4,0.2579427083333334,0.18719671112504352,0.02695,0.6939833333333333,0.10771291666666664,0.199691322711193,0.0,0.6076833333333334,0.09695687500000001,0.09721413907218884,0.0,0.2366,0.16108210164253137,0.2986336173742325,0.0,0.9087759527429525,0.2926411036772474,0.29341759365819864,0.0,0.7141204285929875,0.24500056931393382,0.17379295304907186,0.032910356516243945,0.653338021842751,0.005401393896300201,0.30015271472710764,-0.2988318213473106,0.653338021842751,0.053732885589519566,0.05533401613532804,-0.020096647445451594,0.1308729443100946,0.937620156179263,0.0,0.937620156179263,0.937620156179263,0.9316984855347916,0.008553082060624568,0.906737257167221,0.9381089596147443,0.005921670644471216,0.008553082060624568,-0.0004888034354812998,0.030882899012041998,0.005921670644471216,0.008553082060624568,-0.0004888034354812998,0.030882899012041998
77,header,mid_density,random,0.1,20,240000,8,0.21455645833333334,0.13846538615848764,0.032695833333333334,0.6918166666666666,0.05548229166666666,0.13484786106373192,0.0,0.6055166666666667,0.10952875,0.09815566538613976,0.0,0.24167916666666667,0.08297244585129981,0.2016617647572073,0.0,0.9055357543431121,0.33058629709743953,0.29625936531859676,0.0,0.72945067659339,0.20954886655139698,0.12572807235212627,0.04541414128344388,0.6036421621791106,-0.06401751563711269,0.23530163007167137,-0.3063062197672309,0.6036396949672299,0.04838061536506204,0.06302188641584608,-0.03930873455005083,0.1330224800362123,0.937620156179263,0.0,0.937620156179263,0.937620156179263,0.9180053256143237,0.03500591720371923,0.7753852801720668,0.9388570552012276,0.019614830564939244,0.03500591720371923,-0.0012368990219646658,0.16223487600719622,0.019614830564939244,0.03500591720371923,-0.0012368990219646658,0.16223487600719622
77,imports,high_density,important,0.01,1,179266,13,0.029771401158055627,0.0,0.029771401158055627,0.029771401158055627,0.0,0.0,0.0,0.0,0.027673959367643615,0.0,0.027673959367643615,0.027673959367643615,0.0,0.0,0.0,0.0,0.05772833587395418,0.0,0.05772833587395418,0.05772833587395418,0.03127788923353359,0.0,0.03127788923353359,0.03127788923353359,-0.030952788675675903,0.0,-0.030952788675675903,-0.030952788675675903,0.006901441138092478,0.0,0.006901441138092478,0.006901441138092478,0.8318740092342362,0.0,0.8318740092342362,0.8318740092342362,0.7887083981179284,0.0,0.7887083981179284,0.7887083981179284,0.04316561111630779,0.0,0.04316561111630779,0.04316561111630779,0.04316561111630779,0.0,0.04316561111630779,0.04316561111630779
77,imports,high_density,important,0.05,1,179266,65,0.02945343790791338,0.0,0.02945343790791338,0.02945343790791338,0.0010654558031082302,0.0,0.0010654558031082302,0.0010654558031082302,0.026100878024834604,0.0,0.026100878024834604,0.026100878024834604,0.002046523588595185,0.0,0.002046523588595185,0.002046523588595185,0.054446862236289376,0.0,0.054446862236289376,0.054446862236289376,0.050647624883592784,0.0,0.050647624883592784,0.050647624883592784,-0.04852691397128354,0.0,-0.04852691397128354,-0.04852691397128354,-0.005601375474803196,0.0,-0.005601375474803196,-0.005601375474803196,0.8318740092342362,0.0,0.8318740092342362,0.8318740092342362,0.7799031524540302,0.0,0.7799031524540302,0.7799031524540302,0.051970856780205965,0.0,0.051970856780205965,0.051970856780205965,0.051970856780205965,0.0,0.051970856780205965,0.051970856780205965
77,imports,high_density,important,0.1,1,179266,129,0.0362757020293865,0.0,0.0362757020293865,0.0362757020293865,0.0010654558031082302,0.0,0.0010654558031082302,0.0010654558031082302,0.03291756384367365,0.0,0.03291756384367365,0.03291756384367365,0.002046523588595185,0.0,0.002046523588595185,0.002046523588595185,0.06866658133283685,0.0,0.06866658133283685,0.06866658133283685,0.07400783722270937,0.0,0.07400783722270937,0.07400783722270937,-0.06755442674427523,0.0,-0.06755442674427523,-0.06755442674427523,-0.033493958459056866,0.0,-0.033493958459056866,-0.033493958459056866,0.8318740092342362,0.0,0.8318740092342362,0.8318740092342362,0.779108053749283,0.0,0.779108053749283,0.779108053749283,0.05276595548495311,0.0,0.05276595548495311,0.05276595548495311,0.05276595548495311,0.0,0.05276595548495311,0.05276595548495311
77,imports,high_density,random,0.01,20,179266,13,0.006016478305981056,0.011696497845055642,0.0,0.04817979985050149,0.0017867303336940635,0.004331393443662283,0.0,0.01943480637711557,0.0011201231689221603,0.0023687397591286518,0.0,0.009806656030702977,0.0034319450545918207,0.008319724598694542,0.0,0.03733030462128599,0.0023365954129187664,0.00494123022283716,0.0,0.02045684629437844,0.006092560638491213,0.006060460496425659,0.0006751420693914768,0.028376523561192753,0.0007042869697482669,0.008150124181245787,-0.012794655232903407,0.028376523561192753,-0.00016807848583263432,0.001784159950275023,-0.004062094936287978,0.0024715871901931624,0.8318740092342362,0.0,0.8318740092342362,0.8318740092342362,0.8238310794298294,0.013372542566393492,0.800844762298976,0.8570270390071658,0.00804292980440679,0.013372542566393492,-0.025153029772929658,0.031029246935260102,0.00804292980440679,0.013372542566393492,-0.025153029772929658,0.031029246935260102
77,imports,high_density,random,0.05,20,179266,65,0.015621757611593946,0.011714961138651019,0.0020416587640712685,0.04830252250845113,0.004388171767094709,0.005306698630530926,0.0,0.020327334798567492,0.002945064875659635,0.0027840315796225615,0.0,0.010358907991476353,0.008428784193551845,0.010193087215128816,0.0,0.03904466993110394,0.006143453925550113,0.005807535812893376,0.0,0.021608852996962892,0.014245822510195863,0.005463124211669722,0.007820616884751847,0.02741683482468532,0.0028632719655035397,0.01235069601287497,-0.018314230907996262,0.026718232384360167,-0.0012137776841323875,0.003595548625607277,-0.007290175110067801,0.006729450155348217,0.8318740092342362,0.0,0.8318740092342362,0.8318740092342362,0.8304089374592584,0.016550352247138394,0.7972985725347208,0.855197119130158,0.001465071774977833,0.016550352247138394,-0.02332310989592179,0.03457543669951535,0.001465071774977833,0.016550352247138394,-0.02332310989592179,0.03457543669951535
77,imports,high_density,random,0.1,20,179266,129,0.021623453415594705,0.011152636056480512,0.004563051554672944,0.05103589079914764,0.006558410406881393,0.00525657937035131,0.0,0.019747191324623742,0.004432519273035601,0.0065211167571697405,0.0,0.02288777570760769,0.012597370592206067,0.010096818324480044,0.0,0.03793033247972227,0.009246308342157627,0.013603157156879932,0.0,0.04774427778488893,0.018599363604638493,0.0073213268145922335,0.009404632727780722,0.03664402947405958,0.002403093708174046,0.016657272030324653,-0.03621999144960436,0.03026158938262247,-0.00231488439348924,0.003569279807342855,-0.007690074188938709,0.003618819636876984,0.8318740092342362,0.0,0.8318740092342362,0.8318740092342362,0.8302065209730595,0.023388684628454788,0.7883073971982095,0.8585237912435699,0.0016674882611766694,0.02338868462845479,-0.026649782009333767,0.04356661203602663,0.0016674882611766694,0.02338868462845479,-0.026649782009333767,0.04356661203602663
77,imports,low_density,important,0.01,1,120000,13,0.12631666666666666,0.0,0.12631666666666666,0.12631666666666666,0.017316666666666668,0.0,0.017316666666666668,0.017316666666666668,0.06336666666666667,0.0,0.06336666666666667,0.06336666666666667,0.023745857616272428,0.0,0.023745857616272428,0.023745857616272428,0.234041243459526,0.0,0.234041243459526,0.234041243459526,0.11696781214427496,0.0,0.11696781214427496,0.11696781214427496,-0.0742510456367125,0.0,-0.0742510456367125,-0.0742510456367125,0.007946323992813352,0.0,0.007946323992813352,0.007946323992813352,0.8589966417767531,0.0,0.8589966417767531,0.8589966417767531,0.8060704256144634,0.0,0.8060704256144634,0.8060704256144634,0.05292621616228965,0.0,0.05292621616228965,0.05292621616228965,0.05292621616228965,0.0,0.05292621616228965,0.05292621616228965
77,imports,low_density,important,0.05,1,120000,65,0.21255833333333332,0.0,0.21255833333333332,0.21255833333333332,0.060408333333333335,0.0,0.060408333333333335,0.060408333333333335,0.097175,0.0,0.097175,0.097175,0.08283624728602446,0.0,0.08283624728602446,0.08283624728602446,0.3589104339796861,0.0,0.3589104339796861,0.3589104339796861,0.19374981829732352,0.0,0.19374981829732352,0.19374981829732352,-0.05739615046820794,0.0,-0.05739615046820794,-0.05739615046820794,-0.013341823216471876,0.0,-0.013341823216471876,-0.013341823216471876,0.8589966417767531,0.0,0.8589966417767531,0.8589966417767531,0.6906798974985895,0.0,0.6906798974985895,0.6906798974985895,0.16831674427816357,0.0,0.16831674427816357,0.16831674427816357,0.16831674427816357,0.0,0.16831674427816357,0.16831674427816357
77,imports,low_density,important,0.1,1,120000,129,0.23386666666666667,0.0,0.23386666666666667,0.23386666666666667,0.08576666666666667,0.0,0.08576666666666667,0.08576666666666667,0.09106666666666667,0.0,0.09106666666666667,0.09106666666666667,0.11760941606673524,0.0,0.11760941606673524,0.11760941606673524,0.3363496460449369,0.0,0.3363496460449369,0.3363496460449369,0.21404316265398599,0.0,0.21404316265398599,0.21404316265398599,-0.005813873824583309,0.0,-0.005813873824583309,-0.005813873824583309,-0.046604240324166706,0.0,-0.046604240324166706,-0.046604240324166706,0.8589966417767531,0.0,0.8589966417767531,0.8589966417767531,0.6771429369071096,0.0,0.6771429369071096,0.6771429369071096,0.18185370486964347,0.0,0.18185370486964347,0.18185370486964347,0.18185370486964347,0.0,0.18185370486964347,0.18185370486964347
77,imports,low_density,random,0.01,20,120000,13,0.03184791666666667,0.028616698805432352,0.01085,0.13943333333333333,0.011861666666666666,0.020729719406365987,0.0013833333333333334,0.09819166666666666,0.0066375,0.008540434667249411,0.0,0.0298,0.016265569649182954,0.02842608077664174,0.0018969260655925038,0.13464746886070164,0.02451523545706371,0.03154361834625822,0.0,0.1100646352723915,0.029695116635047557,0.026910994190971853,0.009991523268600781,0.13116269275027365,0.004108836035840261,0.03635654457628291,-0.05571852787503825,0.13116269275027365,-0.0005552943000877998,0.006175106673091035,-0.01745384975309009,0.013084625690531518,0.8589966417767532,1.1102230246251565e-16,0.8589966417767531,0.8589966417767531,0.8563879564359862,0.0035981979159444375,0.8462238423685933,0.8609318824188197,0.002608685340766964,0.0035981979159444375,-0.0019352406420666268,0.012772799408159785,0.002608685340766964,0.0035981979159444375,-0.0019352406420666268,0.012772799408159785
77,imports,low_density,random,0.05,20,120000,65,0.06716625000000001,0.021133731344011007,0.041383333333333334,0.11291666666666667,0.028824583333333327,0.023054073132980933,0.002616666666666667,0.07359166666666667,0.011718333333333334,0.010551488704864775,0.0008166666666666667,0.040625,0.039526339846874634,0.03161340162218846,0.00358816135298823,0.10091418123643012,0.04328100954139735,0.03897133408998993,0.0030163127116035705,0.15004616805170823,0.062008284672233224,0.019062216304530064,0.037136956989624915,0.10071767247454332,0.017876596127332223,0.04668068115108929,-0.06373159125317213,0.09568444212391247,-0.0041193655965196824,0.008410053798639199,-0.019633701966383817,0.008628111896728416,0.8589966417767532,1.1102230246251565e-16,0.8589966417767531,0.8589966417767531,0.8509878313867414,0.006443816528226143,0.8382793763463484,0.8612379073311026,0.008008810390011667,0.006443816528226143,-0.0022412655543495585,0.02071726543040464,0.008008810390011667,0.006443816528226143,-0.0022412655543495585,0.02071726543040464
77,imports,low_density,random,0.1,20,120000,129,0.09178666666666667,0.021489287124311758,0.06429166666666666,0.13899166666666668,0.040689583333333335,0.02545717930758652,0.0036666666666666666,0.09465,0.016502083333333337,0.015782269604026115,0.00115,0.055875,0.055796480402239744,0.03490871348314914,0.005027996800365673,0.1297908810421666,0.06094952293013235,0.05829093113213708,0.004247460757156048,0.20637119113573407,0.08480775042434205,0.019605784070508114,0.05967700690040245,0.13025521043051552,0.026135002527696682,0.05576500888291768,-0.0883050851573895,0.11945762864190713,-0.007351647824827776,0.009987787623701252,-0.027396082324442527,0.016765943727197433,0.8589966417767532,1.1102230246251565e-16,0.8589966417767531,0.8589966417767531,0.843571752385402,0.011451140251933025,0.8087355458193425,0.8567160479992983,0.015424889391350987,0.011451140251933025,0.002280593777454709,0.05026109595741057,0.015424889391350987,0.011451140251933025,0.002280593777454709,0.05026109595741057
77,imports,mid_density,important,0.01,1,180734,13,0.17252426217535163,0.0,0.17252426217535163,0.17252426217535163,0.004714110239357287,0.0,0.004714110239357287,0.004714110239357287,0.14260183474055796,0.0,0.14260183474055796,0.14260183474055796,0.014401379287030306,0.0,0.014401379287030306,0.014401379287030306,0.21199608465695507,0.0,0.21199608465695507,0.21199608465695507,0.15692057877839918,0.0,0.15692057877839918,0.15692057877839918,-0.14321830512629863,0.0,-0.14321830512629863,-0.14321830512629863,-0.018519706497998008,0.0,-0.018519706497998008,-0.018519706497998008,0.9435538660750507,0.0,0.9435538660750507,0.9435538660750507,0.9148504062692526,0.0,0.9148504062692526,0.9148504062692526,0.028703459805798026,0.0,0.028703459805798026,0.028703459805798026,0.028703459805798026,0.0,0.028703459805798026,0.028703459805798026
77,imports,mid_density,important,0.05,1,180734,65,0.28614427833169187,0.0,0.28614427833169187,0.28614427833169187,0.016864563391503537,0.0,0.016864563391503537,0.016864563391503537,0.23666825279139508,0.0,0.23666825279139508,0.23666825279139508,0.05152042730853096,0.0,0.05152042730853096,0.05152042730853096,0.3518379903432506,0.0,0.3518379903432506,0.3518379903432506,0.25319491774701,0.0,0.25319491774701,0.25319491774701,-0.20608908449957244,0.0,-0.20608908449957244,-0.20608908449957244,-0.03510974442784622,0.0,-0.03510974442784622,-0.03510974442784622,0.9435538660750507,0.0,0.9435538660750507,0.9435538660750507,0.8299984177018456,0.0,0.8299984177018456,0.8299984177018456,0.11355544837320508,0.0,0.11355544837320508,0.11355544837320508,0.11355544837320508,0.0,0.11355544837320508,0.11355544837320508
77,imports,mid_density,important,0.1,1,180734,129,0.33514999944670065,0.0,0.33514999944670065,0.33514999944670065,0.035936791085241296,0.0,0.035936791085241296,0.035936791085241296,0.2586176369692476,0.0,0.2586176369692476,0.2586176369692476,0.1097851625226078,0.0,0.1097851625226078,0.1097851625226078,0.38446859088777935,0.0,0.38446859088777935,0.38446859088777935,0.2726429182483046,0.0,0.2726429182483046,0.2726429182483046,-0.18369999596813263,0.0,-0.18369999596813263,-0.18369999596813263,-0.07615653608033235,0.0,-0.07615653608033235,-0.07615653608033235,0.9435538660750507,0.0,0.9435538660750507,0.9435538660750507,0.7764874809240707,0.0,0.7764874809240707,0.7764874809240707,0.16706638515097993,0.0,0.16706638515097993,0.16706638515097993,0.16706638515097993,0.0,0.16706638515097993,0.16706638515097993
77,imports,mid_density,random,0.01,20,180734,13,0.025453152146248076,0.026461559622021093,0.005610455144023814,0.12066351654918278,0.007305210973032191,0.014986787080508187,1.6598979716046787e-05,0.07016388725972977,0.007970830059645669,0.01265171243146395,0.0,0.05079841092434185,0.02231706698669732,0.045783911296437954,5.0709081996585586e-05,0.21434728959956728,0.011849670568300526,0.01880840807241909,0.0,0.0755184128054749,0.02563038143856685,0.024049333773076834,0.006484334734712297,0.11209041483365056,0.0018305879161108706,0.03279172607639013,-0.057387581644704366,0.11209025491555914,-0.0011534881039977905,0.002794641724272911,-0.007345431895846225,0.006388253684775468,0.9435538660750504,2.220446049250313e-16,0.9435538660750507,0.9435538660750507,0.9413927113942316,0.0018871556304765605,0.9355368493195821,0.9434848973911725,0.0021611546808189773,0.0018871556304765602,6.89686838781789e-05,0.008017016755468509,0.0021611546808189773,0.0018871556304765602,6.89686838781789e-05,0.008017016755468509
77,imports,mid_density,random,0.05,20,180734,65,0.061459382296634835,0.024623424900344543,0.02555689576947337,0.11032235218608563,0.021253886927750175,0.020416205846678727,0.0002655836754567486,0.06199165624619607,0.017966182345325175,0.01619878527094991,0.001964212599732203,0.060414753173171624,0.06492959889116141,0.06237052361342156,0.0008113453119453694,0.18938151822991497,0.02670905546461797,0.024081590954898383,0.002920056262492494,0.08981435022579026,0.05798556382783243,0.01949224622201166,0.03077191689171827,0.0981421387987556,0.008955142605882885,0.04656764427620882,-0.07904004210596642,0.08826002213241087,-0.004636054803409317,0.004629166748175668,-0.01364648731558024,0.0021162917124340807,0.9435538660750504,2.220446049250313e-16,0.9435538660750507,0.9435538660750507,0.932814030025256,0.005290432240657589,0.9229789629422142,0.9410305897240219,0.010739836049794699,0.005290432240657588,0.0025232763510287803,0.020574903132836497,0.010739836049794699,0.005290432240657588,0.0025232763510287803,0.020574903132836497
77,imports,mid_density,random,0.1,20,180734,129,0.09553293790874988,0.030467781160020614,0.05340998373299988,0.19696902630384985,0.031616353314816256,0.02206201084418836,0.0016820299445594077,0.08017307202850599,0.03544324808835082,0.03983399423657989,0.0005698983035842731,0.16683634512598625,0.09658643363026319,0.06739837845732052,0.00513852030898734,0.24492486604350838,0.052690975792322306,0.05921838824701233,0.0008472275916527518,0.24802382107869345,0.08820387378947524,0.025838572725044015,0.05939174883992241,0.17063597544380119,0.0034190725129456334,0.0669763483280063,-0.1646667162505138,0.10205043249573006,-0.010252319193889577,0.007990485344980758,-0.020960693232724266,0.007638118110207844,0.9435538660750504,2.220446049250313e-16,0.9435538660750507,0.9435538660750507,0.9190915426805649,0.009463156669678952,0.8969236222332974,0.9350998241082569,0.02446232339448596,0.009463156669678952,0.00845404196679378,0.046630243841753294,0.02446232339448596,0.009463156669678952,0.00845404196679378,0.046630243841753294
123,header,high_density,important,0.01,1,120072,1,0.024993337330934774,0.0,0.024993337330934774,0.024993337330934774,0.011692984209474315,0.0,0.011692984209474315,0.011692984209474315,0.0,0.0,0.0,0.0,0.05255081034547292,0.0,0.05255081034547292,0.05255081034547292,0.0,0.0,0.0,0.0,0.05446419210619532,0.0,0.05446419210619532,0.05446419210619532,0.05446419210619532,0.0,0.05446419210619532,0.05446419210619532,-0.03977154035938814,0.0,-0.03977154035938814,-0.03977154035938814,0.9937868309931562,0.0,0.9937868309931562,0.9937868309931562,0.9919882783561917,0.0,0.9919882783561917,0.9919882783561917,0.00179855263696449,0.0,0.00179855263696449,0.00179855263696449,0.00179855263696449,0.0,0.00179855263696449,0.00179855263696449
123,header,high_density,important,0.05,1,120072,4,0.034712505829835434,0.0,0.034712505829835434,0.034712505829835434,0.015848824038909987,0.0,0.015848824038909987,0.015848824038909987,4.9970017989206476e-05,0.0,4.9970017989206476e-05,4.9970017989206476e-05,0.0712280570423326,0.0,0.0712280570423326,0.0712280570423326,6.42707942798993e-05,0.0,6.42707942798993e-05,6.42707942798993e-05,0.06172423468249564,0.0,0.06172423468249564,0.06172423468249564,0.059370121978678886,0.0,0.059370121978678886,0.059370121978678886,-0.03892855912482066,0.0,-0.03892855912482066,-0.03892855912482066,0.9937868309931562,0.0,0.9937868309931562,0.9937868309931562,0.988930947199541,0.0,0.988930947199541,0.988930947199541,0.004855883793615234,0.0,0.004855883793615234,0.004855883793615234,0.004855883793615234,0.0,0.004855883793615234,0.004855883793615234
123,header,high_density,important,0.1,1,120072,8,0.0583982943567193,0.0,0.0583982943567193,0.0583982943567193,0.02670064627889933,0.0,0.02670064627889933,0.02670064627889933,0.0,0.0,0.0,0.0,0.11999850282591608,0.0,0.11999850282591608,0.11999850282591608,0.0,0.0,0.0,0.0,0.05806824605186301,0.0,0.05806824605186301,0.05806824605186301,0.05422309502021772,0.0,0.05422309502021772,0.05422309502021772,0.00079467348111039,0.0,0.00079467348111039,0.00079467348111039,0.9937868309931562,0.0,0.9937868309931562,0.9937868309931562,0.9916124580720741,0.0,0.9916124580720741,0.9916124580720741,0.002174372921082135,0.0,0.002174372921082135,0.002174372921082135,0.002174372921082135,0.0,0.002174372921082135,0.002174372921082135
123,header,high_density,random,0.01,20,120072,1,0.03092852621760277,0.044532014213013074,0.0,0.13234559264441334,0.01094718169098541,0.022099647998251832,0.0,0.08145945765873809,0.010425827836631355,0.03151096376926674,0.0,0.12385901792257979,0.049199011865104614,0.0993206173764305,0.0,0.3660964928697084,0.01340956563654866,0.04052899621555778,0.0,0.1593058754217771,0.04471192040966882,0.06769052309943338,0.0,0.20781742720816718,0.008730027742389736,0.08065326626871715,-0.20781742720816718,0.18429610292237134,-0.0030796427921495452,0.02916381187896441,-0.10067273963625553,0.040578523910707265,0.9937868309931561,1.1102230246251565e-16,0.9937868309931562,0.9937868309931562,0.9936311937792052,0.0007451539928311582,0.9923892802087011,0.9958221517963521,0.00015563721395103758,0.0007451539928311582,-0.002035320803195906,0.0013975507844551371,0.00015563721395103758,0.0007451539928311582,-0.002035320803195906,0.0013975507844551371
123,header,high_density,random,0.05,20,120072,4,0.16267114731161303,0.17238479768260995,0.0016906522753014858,0.7150209874075555,0.04268522220001333,0.0607697694927287,0.0,0.21276400826170963,0.09658038510227197,0.18903275503367842,0.0,0.7064927710040643,0.1918366583074447,0.27311254117344463,0.0,0.9562076580454393,0.12422044882438006,0.2431314976423741,0.0,0.9086819131273097,0.17147001291836955,0.1269902982204906,0.004575732258785316,0.5201267396915542,-0.008575367425689078,0.21294505941611094,-0.5201119021629481,0.2766728301636304,-0.017048973694168596,0.07287715847801993,-0.18379138013262383,0.08283448021187663,0.9937868309931561,1.1102230246251565e-16,0.9937868309931562,0.9937868309931562,0.991994973280713,0.0021765816428764993,0.9872069319168104,0.9948286527822621,0.0017918577124433287,0.0021765816428764993,-0.0010418217891058346,0.006579899076345819,0.0017918577124433287,0.0021765816428764993,-0.0010418217891058346,0.006579899076345819
123,header,high_density,random,0.1,20,120072,8,0.3104216636684656,0.2782407274036307,0.011393164101539077,0.7227080418415617,0.042007712039443,0.07448577487616755,0.0,0.21276400826170963,0.2522374075554667,0.3086068150327918,0.0,0.7141798254380705,0.1887917805142793,0.3347552480043115,0.0,0.9562076580454393,0.32442450859621874,0.39692611530841815,0.0,0.9185689036473675,0.3202169856836309,0.2533129421684851,0.03153911497125335,0.6958474768032685,-0.20464885466625157,0.3531041240462999,-0.6958474768032685,0.27566327328014256,0.008014689993649474,0.07340577232146056,-0.15850731690540573,0.08266937773233178,0.9937868309931561,1.1102230246251565e-16,0.9937868309931562,0.9937868309931562,0.9891226859968618,0.003642597369904702,0.9797676568407878,0.9957336815256731,0.0046641449962943615,0.003642597369904702,-0.001946850532516864,0.014019174152368419,0.0046641449962943615,0.003642597369904702,-0.001946850532516864,0.014019174152368419
123,header,low_density,important,0.01,1,120000,1,0.22519166666666668,0.0,0.22519166666666668,0.22519166666666668,0.18253333333333333,0.0,0.18253333333333333,0.18253333333333333,0.0,0.0,0.0,0.0,0.4235439709180911,0.0,0.4235439709180911,0.4235439709180911,0.0,0.0,0.0,0.0,0.1669265686864817,0.0,0.1669265686864817,0.1669265686864817,0.1669265686864817,0.0,0.1669265686864817,0.1669265686864817,-0.035778079115312965,0.0,-0.035778079115312965,-0.035778079115312965,0.8781595425048649,0.0,0.8781595425048649,0.8781595425048649,0.7493139334497205,0.0,0.7493139334497205,0.7493139334497205,0.12884560905514442,0.0,0.12884560905514442,0.12884560905514442,0.12884560905514442,0.0,0.12884560905514442,0.12884560905514442
123,header,low_density,important,0.05,1,120000,4,0.259175,0.0,0.259175,0.259175,0.20510833333333334,0.0,0.20510833333333334,0.20510833333333334,0.0017333333333333333,0.0,0.0017333333333333333,0.0017333333333333333,0.4759262123907495,0.0,0.4759262123907495,0.4759262123907495,0.003046101575771777,0.0,0.003046101575771777,0.003046101575771777,0.19556246402755856,0.0,0.19556246402755856,0.19556246402755856,0.19060363631940166,0.0,0.19060363631940166,0.19060363631940166,-0.040370707567733095,0.0,-0.040370707567733095,-0.040370707567733095,0.8781595425048649,0.0,0.8781595425048649,0.8781595425048649,0.7337247284977362,0.0,0.7337247284977362,0.7337247284977362,0.14443481400712876,0.0,0.14443481400712876,0.14443481400712876,0.14443481400712876,0.0,0.14443481400712876,0.14443481400712876
123,header,low_density,important,0.1,1,120000,8,0.34805,0.0,0.34805,0.34805,0.24974166666666667,0.0,0.24974166666666667,0.24974166666666667,0.0056166666666666665,0.0,0.0056166666666666665,0.0056166666666666665,0.5794918400495012,0.0,0.5794918400495012,0.5794918400495012,0.0098705406830297,0.0,0.0098705406830297,0.0098705406830297,0.27638217465182247,0.0,0.27638217465182247,0.27638217465182247,0.2593814239366534,0.0,0.2593814239366534,0.2593814239366534,-0.0005214947857250824,0.0,-0.0005214947857250824,-0.0005214947857250824,0.8781595425048649,0.0,0.8781595425048649,0.8781595425048649,0.7191484327246298,0.0,0.7191484327246298,0.7191484327246298,0.15901110978023514,0.0,0.15901110978023514,0.15901110978023514,0.15901110978023514,0.0,0.15901110978023514,0.15901110978023514
123,header,low_density,random,0.01,20,120000,1,0.08905916666666666,0.13030961657881074,0.000125,0.39379166666666665,0.03977583333333333,0.08337477252592657,0.0,0.2794833333333333,0.01963875,0.05452872167968761,0.0,0.21804166666666666,0.09229445432748087,0.1934599099526489,0.0,0.6485033645293526,0.03451247730068537,0.09582693751922139,0.0,0.3831790756253295,0.08060800346137861,0.1199332591949188,0.0002653373292758378,0.37660536463235966,0.03685992764636662,0.13972466717458956,-0.23769239048565516,0.37660536463235966,0.013850378893928544,0.02851210593580322,-0.013804777514082331,0.1042623602330074,0.8781595425048648,1.1102230246251565e-16,0.8781595425048649,0.8781595425048649,0.8767158508257399,0.002936621657402359,0.8681809056941753,0.8790246572837825,0.0014436916791250476,0.0029366216574023586,-0.0008651147789175972,0.009978636810689667,0.0014436916791250476,0.0029366216574023586,-0.0008651147789175972,0.009978636810689667
123,header,low_density,random,0.05,20,120000,4,0.2854266666666667,0.12462295388936627,0.011516666666666666,0.45968333333333333,0.12338125,0.11945752772298404,0.0,0.342375,0.08002666666666666,0.12316760747836439,0.0,0.3687666666666667,0.28628954288808106,0.27718507476908666,0.0,0.7944349911052673,0.14063616659832467,0.2164506018599339,0.0,0.6480581102454455,0.25818215428168484,0.12139761759951244,0.008913544155861527,0.47774484235419895,0.08289888978676677,0.27169348170681606,-0.4030083418178315,0.47774484235419895,0.05139152964241304,0.04679638070535049,-0.041259531544626415,0.16276503799399847,0.8781595425048648,1.1102230246251565e-16,0.8781595425048649,0.8781595425048649,0.8653481639574476,0.02768353173192452,0.7489931057580607,0.8797832571886474,0.012811378547417296,0.02768353173192452,-0.001623714683782418,0.12916643674680428,0.012811378547417296,0.02768353173192452,-0.001623714683782418,0.12916643674680428
123,header,low_density,random,0.1,20,120000,8,0.35018625,0.15265890951623984,0.08196666666666666,0.5306583333333333,0.07853708333333333,0.12367012103427387,0.0,0.33975833333333333,0.18976874999999999,0.18107841142020567,0.0,0.44254166666666667,0.18223470492690852,0.2869598291459676,0.0,0.7883633691700828,0.33349320485033096,0.3182210967492338,0.0,0.7777078085642317,0.3249204746923281,0.1553575353302883,0.07674291815069861,0.5114255505736527,-0.10474551406574786,0.3431891963658873,-0.5114255505736023,0.47437993298052633,0.0818743704628008,0.06587576971656585,-0.005704429091287228,0.16278744867495024,0.8781595425048648,1.1102230246251565e-16,0.8781595425048649,0.8781595425048649,0.859913801037741,0.029335978133410285,0.7510752339046745,0.8809858229275784,0.018245741467123978,0.02933597813341029,-0.0028262804227134897,0.1270843086001905,0.018245741467123978,0.02933597813341029,-0.0028262804227134897,0.1270843086001905
123,header,mid_density,important,0.01,1,239928,1,0.2818053749458171,0.0,0.2818053749458171,0.2818053749458171,0.2598821313060585,0.0,0.2598821313060585,0.2598821313060585,0.0,0.0,0.0,0.0,0.3859265815420228,0.0,0.3859265815420228,0.3859265815420228,0.0,0.0,0.0,0.0,0.24513652484820223,0.0,0.24513652484820223,0.24513652484820223,0.24513652484820223,0.0,0.24513652484820223,0.24513652484820223,-0.11133633744584234,0.0,-0.11133633744584234,-0.11133633744584234,0.9357096307394113,0.0,0.9357096307394113,0.9357096307394113,0.7675981761504735,0.0,0.7675981761504735,0.7675981761504735,0.16811145458893773,0.0,0.16811145458893773,0.16811145458893773,0.16811145458893773,0.0,0.16811145458893773,0.16811145458893773
123,header,mid_density,important,0.05,1,239928,4,0.32349288119769265,0.0,0.32349288119769265,0.32349288119769265,0.29597629288786637,0.0,0.29597629288786637,0.29597629288786637,0.0008752625787736321,0.0,0.0008752625787736321,0.0008752625787736321,0.4395266360085909,0.0,0.4395266360085909,0.4395266360085909,0.0026799045443524202,0.0,0.0026799045443524202,0.0026799045443524202,0.2774598045293345,0.0,0.2774598045293345,0.2774598045293345,0.27540883199039895,0.0,0.27540883199039895,0.27540883199039895,-0.11781422489554712,0.0,-0.11781422489554712,-0.11781422489554712,0.9357096307394113,0.0,0.9357096307394113,0.9357096307394113,0.7577188660625542,0.0,0.7577188660625542,0.7577188660625542,0.17799076467685704,0.0,0.17799076467685704,0.17799076467685704,0.17799076467685704,0.0,0.17799076467685704,0.17799076467685704
123,header,mid_density,important,0.1,1,239928,8,0.4271781534460338,0.0,0.4271781534460338,0.4271781534460338,0.35777399886632655,0.0,0.35777399886632655,0.35777399886632655,0.00012086959421159681,0.0,0.00012086959421159681,0.00012086959421159681,0.5312966137887069,0.0,0.5312966137887069,0.5312966137887069,0.00037008205612485806,0.0,0.00037008205612485806,0.00037008205612485806,0.3327476280381189,0.0,0.3327476280381189,0.3327476280381189,0.3287643839015386,0.0,0.3287643839015386,0.3287643839015386,-0.026461114880087875,0.0,-0.026461114880087875,-0.026461114880087875,0.9357096307394113,0.0,0.9357096307394113,0.9357096307394113,0.7624803271734394,0.0,0.7624803271734394,0.7624803271734394,0.17322930356597188,0.0,0.17322930356597188,0.17322930356597188,0.17322930356597188,0.0,0.17322930356597188,0.17322930356597188
123,header,mid_density,random,0.01,20,239928,1,0.09417783668433863,0.1527246612762494,0.0,0.5259536194191591,0.05775961955253243,0.12462437080901687,0.0,0.4426327898369511,0.01391459104397986,0.04004674782626391,0.0,0.1574430662532093,0.08577339431938455,0.18506796585605848,0.0,0.6573124462297375,0.042604101530097874,0.12261630291165052,0.0,0.48206378172815556,0.08592569092778153,0.14070708322864403,4.612678166010942e-06,0.4868215168261147,0.05249771139932178,0.1562872289406998,-0.17707607927546107,0.4868215168261147,0.0003054286208614201,0.017269543626965433,-0.03206303980102982,0.05605785022609107,0.9357096307394113,0.0,0.9357096307394113,0.9357096307394113,0.9341827665155676,0.0028156142512626254,0.9244849263573802,0.9365777282182348,0.0015268642238433882,0.0028156142512626254,-0.0008680974788235485,0.011224704382031048,0.0015268642238433882,0.0028156142512626254,-0.0008680974788235485,0.011224704382031048
123,header,mid_density,random,0.05,20,239928,4,0.30105615017838677,0.1815161644409612,0.008423360341435765,0.7038611583475043,0.18980194058217464,0.19921802023453444,0.0,0.6204653062585442,0.05260098862992231,0.07830865358703408,0.0,0.2145143543062919,0.2818570623951674,0.29583999925004106,0.0,0.9213948392926773,0.1610552443179643,0.23976772422289044,0.0,0.6568063194701446,0.27606966722113796,0.1684841440420301,0.007983541959554608,0.6874398467660566,0.15168710043219036,0.28456632887902616,-0.2647659819067718,0.6874398467660566,0.017495728160088014,0.06110276427849472,-0.11414228371109918,0.14010131031865172,0.9357096307394113,0.0,0.9357096307394113,0.9357096307394113,0.9217531585754507,0.03901535047162048,0.7533299827521174,0.9359781161169869,0.013956472163960659,0.03901535047162049,-0.0002684853775756224,0.1823796479872939,0.013956472163960659,0.03901535047162049,-0.0002684853775756224,0.1823796479872939
123,header,mid_density,random,0.1,20,239928,8,0.29809755426627993,0.18748037970353862,0.06749524857457237,0.7011145010169717,0.13314973658764298,0.22195006882274956,0.0,0.6177186489280118,0.11099058884331965,0.0992800349274137,0.0,0.2316028141775866,0.1977281870679037,0.3295972328043762,0.0,0.9173160360717225,0.3398342287617565,0.3039785125261867,0.0,0.7091282653360728,0.2839636549990501,0.17814639409260433,0.05961725710159515,0.6837556610173539,0.0090685338916836,0.3344347920944366,-0.30013400917141425,0.6837556610173539,0.06584906198410019,0.07032022753282284,-0.09368938483304322,0.14057557353634045,0.9357096307394113,0.0,0.9357096307394113,0.9357096307394113,0.9163973983881102,0.03672125369823844,0.767889910198982,0.935549046426005,0.019312232351301018,0.03672125369823844,0.00016058431340626456,0.16781972054042926,0.019312232351301018,0.03672125369823844,0.00016058431340626456,0.16781972054042926
123,imports,high_density,important,0.01,1,176702,13,0.03320845264909282,0.0,0.03320845264909282,0.03320845264909282,0.0003225769940351552,0.0,0.0003225769940351552,0.0003225769940351552,0.02610609953481002,0.0,0.02610609953481002,0.02610609953481002,0.00063547984302533,0.0,0.00063547984302533,0.00063547984302533,0.05301933200009195,0.0,0.05301933200009195,0.05301933200009195,0.0416174766710659,0.0,0.0416174766710659,0.0416174766710659,-0.03969304999831492,0.0,-0.03969304999831492,-0.03969304999831492,0.004551385235106041,0.0,0.004551385235106041,0.004551385235106041,0.8453277512461179,0.0,0.8453277512461179,0.8453277512461179,0.7638692172385271,0.0,0.7638692172385271,0.7638692172385271,0.08145853400759084,0.0,0.08145853400759084,0.08145853400759084,0.08145853400759084,0.0,0.08145853400759084,0.08145853400759084
123,imports,high_density,important,0.05,1,176702,65,0.07952371789792985,0.0,0.07952371789792985,0.07952371789792985,0.0003225769940351552,0.0,0.0003225769940351552,0.0003225769940351552,0.07208746929859311,0.0,0.07208746929859311,0.07208746929859311,0.00063547984302533,0.0,0.00063547984302533,0.00063547984302533,0.1464036962968071,0.0,0.1464036962968071,0.1464036962968071,0.09014814855769679,0.0,0.09014814855769679,0.09014814855769679,-0.08947317519779732,0.0,-0.08947317519779732,-0.08947317519779732,-0.02058663189303414,0.0,-0.02058663189303414,-0.02058663189303414,0.8453277512461179,0.0,0.8453277512461179,0.8453277512461179,0.7144595608527216,0.0,0.7144595608527216,0.7144595608527216,0.13086819039339637,0.0,0.13086819039339637,0.13086819039339637,0.13086819039339637,0.0,0.13086819039339637,0.13086819039339637
123,imports,high_density,important,0.1,1,176702,129,0.10681825898971149,0.0,0.10681825898971149,0.10681825898971149,0.0003225769940351552,0.0,0.0003225769940351552,0.0003225769940351552,0.09641090649794569,0.0,0.09641090649794569,0.09641090649794569,0.00063547984302533,0.0,0.00063547984302533,0.00063547984302533,0.1958025883272418,0.0,0.1958025883272418,0.1958025883272418,0.10201581712030933,0.0,0.10201581712030933,0.10201581712030933,-0.09900874362233926,0.0,-0.09900874362233926,-0.09900874362233926,-0.03716389978378787,0.0,-0.03716389978378787,-0.03716389978378787,0.8453277512461179,0.0,0.8453277512461179,0.8453277512461179,0.685512183528106,0.0,0.685512183528106,0.685512183528106,0.15981556771801197,0.0,0.15981556771801197,0.15981556771801197,0.15981556771801197,0.0,0.15981556771801197,0.15981556771801197
123,imports,high_density,random,0.01,20,176702,13,0.008263347330533893,0.008087753917345375,0.0,0.025421330828173987,0.0009496213964754219,0.0009741065824324246,0.0,0.002818304263675567,0.0030554266505189525,0.006863936457142933,0.0,0.021844687666240335,0.0018707634677131643,0.0019189995242705842,0.0,0.005552087049589725,0.006205319173390341,0.013940088038182086,0.0,0.044364756453577917,0.005491823108325744,0.004766454998690942,0.001449799135472455,0.01975055302723835,-0.0014549365911941724,0.006385973290453342,-0.019701007918175015,0.005261043404292681,-0.0006314439857206718,0.002316162164153305,-0.005220469895588689,0.004215610094551136,0.8453277512461177,2.220446049250313e-16,0.8453277512461179,0.8453277512461179,0.8387535048967123,0.015193449496283672,0.7903251867806198,0.8504197669845068,0.006574246349405654,0.015193449496283673,-0.005092015738388911,0.055002564465498116,0.006574246349405654,0.015193449496283673,-0.005092015738388911,0.055002564465498116
123,imports,high_density,random,0.05,20,176702,65,0.018831988319317268,0.017254577780065113,0.0008432275808989146,0.07651865853244445,0.003034204479858745,0.003941683093940485,0.0,0.012308858982920397,0.008004436848479362,0.014539615936638352,0.0,0.06570384036400267,0.005977412593649661,0.007765154366587935,0.0,0.024248572957545487,0.016256350136772173,0.029528759111278186,0.0,0.13343907316736778,0.01535159053881802,0.011498983120272586,0.007824871453281678,0.06242453988030429,-0.004603867927543723,0.016886469339748817,-0.06152929304283652,0.020167642489270644,0.00042286138873016965,0.002742810635024056,-0.004245916121229364,0.00590521320240414,0.8453277512461177,2.220446049250313e-16,0.8453277512461179,0.8453277512461179,0.8224543558951822,0.028770166763686187,0.7331500754047668,0.8508722793107818,0.02287339535093561,0.028770166763686194,-0.005544528064663878,0.11217767584135108,0.02287339535093561,0.028770166763686194,-0.005544528064663878,0.11217767584135108
123,imports,high_density,random,0.1,20,176702,129,0.03374806170841303,0.02018150628239934,0.0005489468144107027,0.08006700546683117,0.005320256703376306,0.007753594889614243,0.0,0.029343187966180347,0.017623739403062784,0.01969057182567178,0.0,0.07302690405315164,0.010480957902247592,0.015274658002415,0.0,0.05780636817695326,0.03579235914764499,0.03998992509412977,0.0,0.1483116106935154,0.029268776168755554,0.018488950736752528,0.01019744020366711,0.08164638766044933,-0.013269060324706428,0.029318877736661416,-0.08164638766044933,0.04711309879473717,-0.0006427720110459818,0.006336576407865637,-0.007723592639885296,0.021161658162747662,0.8453277512461177,2.220446049250313e-16,0.8453277512461179,0.8453277512461179,0.8096362215202573,0.03875986976126989,0.7143953118514041,0.8487167842279939,0.03569152972586062,0.03875986976126989,-0.0033890329818759835,0.13093243939471377,0.03569152972586062,0.03875986976126989,-0.0033890329818759835,0.13093243939471377
123,imports,low_density,important,0.01,1,120000,13,0.132725,0.0,0.132725,0.132725,0.005383333333333334,0.0,0.005383333333333334,0.005383333333333334,0.07465833333333333,0.0,0.07465833333333333,0.07465833333333333,0.007418210213244836,0.0,0.007418210213244836,0.007418210213244836,0.2721693957529544,0.0,0.2721693957529544,0.2721693957529544,0.1214642259129365,0.0,0.1214642259129365,0.1214642259129365,-0.10762756167311635,0.0,-0.10762756167311635,-0.10762756167311635,0.019051315115282692,0.0,0.019051315115282692,0.019051315115282692,0.8644411434482663,0.0,0.8644411434482663,0.8644411434482663,0.8378180254679641,0.0,0.8378180254679641,0.8378180254679641,0.026623117980302147,0.0,0.026623117980302147,0.026623117980302147,0.026623117980302147,0.0,0.026623117980302147,0.026623117980302147
123,imports,low_density,important,0.05,1,120000,65,0.18411666666666668,0.0,0.18411666666666668,0.18411666666666668,0.009791666666666667,0.0,0.009791666666666667,0.009791666666666667,0.10819166666666667,0.0,0.10819166666666667,0.10819166666666667,0.01349287461387412,0.0,0.01349287461387412,0.01349287461387412,0.3944162590758575,0.0,0.3944162590758575,0.3944162590758575,0.16528330900862612,0.0,0.16528330900862612,0.16528330900862612,-0.13743099512795712,0.0,-0.13743099512795712,-0.13743099512795712,0.01879459811505707,0.0,0.01879459811505707,0.01879459811505707,0.8644411434482663,0.0,0.8644411434482663,0.8644411434482663,0.8064130024228607,0.0,0.8064130024228607,0.8064130024228607,0.058028141025405544,0.0,0.058028141025405544,0.058028141025405544,0.058028141025405544,0.0,0.058028141025405544,0.058028141025405544
123,imports,low_density,important,0.1,1,120000,129,0.20331666666666667,0.0,0.20331666666666667,0.20331666666666667,0.039891666666666666,0.0,0.039891666666666666,0.039891666666666666,0.103525,0.0,0.103525,0.103525,0.054970545341800355,0.0,0.054970545341800355,0.054970545341800355,0.3774037731263481,0.0,0.3774037731263481,0.3774037731263481,0.18167145101499518,0.0,0.18167145101499518,0.18167145101499518,-0.07654645081044985,0.0,-0.07654645081044985,-0.07654645081044985,-0.01803666765798131,0.0,-0.01803666765798131,-0.01803666765798131,0.8644411434482663,0.0,0.8644411434482663,0.8644411434482663,0.747438549523906,0.0,0.747438549523906,0.747438549523906,0.1170025939243603,0.0,0.1170025939243603,0.1170025939243603,0.1170025939243603,0.0,0.1170025939243603,0.1170025939243603
123,imports,low_density,random,0.01,20,120000,13,0.029603333333333332,0.018160636499185694,0.010575,0.07575833333333333,0.009273333333333331,0.008652924842695291,0.00035,0.035725,0.007301666666666666,0.01085696800062829,0.00036666666666666667,0.037783333333333335,0.01277861350665457,0.011923693271056749,0.0004822984968363515,0.04922889656993902,0.026618464623143056,0.0395794319067775,0.0013366953246043078,0.1377403773126348,0.026948503563048908,0.016911032325181055,0.009088112759204717,0.06990676981793122,-0.0012122237077926688,0.027941885138390448,-0.06852921776421207,0.04771667223255516,-0.0001501100550363699,0.006376483219965976,-0.012167046420780559,0.01495493396067729,0.8644411434482663,0.0,0.8644411434482663,0.8644411434482663,0.8616276366144529,0.0029546836102423086,0.853958459852626,0.8660211474407922,0.002813506833813256,0.002954683610242308,-0.0015800039925258913,0.010482683595640307,0.002813506833813256,0.002954683610242308,-0.0015800039925258913,0.010482683595640307
123,imports,low_density,random,0.05,20,120000,65,0.06920041666666667,0.029600879945981148,0.042166666666666665,0.169525,0.023156666666666666,0.02213826949851521,0.0003916666666666667,0.08575,0.0181825,0.02127660946712767,0.0007416666666666666,0.09968333333333333,0.03190978721449652,0.030506440290548387,0.0005397149845549648,0.11816313172490613,0.06628489838077589,0.07756457563129447,0.002703770088404168,0.36339885165719843,0.06339795429266962,0.028266573540609588,0.038266007313937374,0.16258811226045822,-0.0019059295352686907,0.05678759885906549,-0.16122075679229944,0.1039304293366601,-0.0006164700982829311,0.013155013722566198,-0.022202081802565204,0.04473397200340146,0.8644411434482663,0.0,0.8644411434482663,0.8644411434482663,0.8542980948609342,0.005112700930474157,0.8392767859046335,0.8618831659222548,0.01014304858733205,0.005112700930474157,0.002557977526011501,0.025164357543632776,0.01014304858733205,0.005112700930474157,0.002557977526011501,0.025164357543632776
123,imports,low_density,random,0.1,20,120000,129,0.10791958333333333,0.0380453794532668,0.05945,0.2088,0.034450416666666664,0.035505882383827146,0.0012166666666666667,0.14635833333333334,0.03083333333333333,0.030424552744818156,0.0006333333333333333,0.11241666666666666,0.04747252621062665,0.04892695343590892,0.0016765614413835077,0.201681154760401,0.11240392502354409,0.11091370201956981,0.0023088373788619863,0.40981863474800256,0.09989384483197436,0.03493743946802959,0.05660263389036888,0.1856488967510804,-0.009365611629472735,0.08639874328244446,-0.17500631250861384,0.1807230578121514,0.001981990069498208,0.017759848604132288,-0.019617439073630026,0.04667078015036841,0.8644411434482663,0.0,0.8644411434482663,0.8644411434482663,0.8496597087322437,0.008308161976860252,0.829778303447853,0.8647772555241283,0.014781434716022673,0.008308161976860252,-0.0003361120758620384,0.03466284000041331,0.014781434716022673,0.008308161976860252,-0.0003361120758620384,0.03466284000041331
123,imports,mid_density,important,0.01,1,183298,13,0.14676646771923316,0.0,0.14676646771923316,0.14676646771923316,0.0026241421073879695,0.0,0.0026241421073879695,0.0026241421073879695,0.12087966044364915,0.0,0.12087966044364915,0.12087966044364915,0.007608231442084118,0.0,0.007608231442084118,0.007608231442084118,0.18452326423878013,0.0,0.18452326423878013,0.18452326423878013,0.13884270673274446,0.0,0.13884270673274446,0.13884270673274446,-0.13081560924369356,0.0,-0.13081560924369356,-0.13081560924369356,-0.003982963016226499,0.0,-0.003982963016226499,-0.003982963016226499,0.9489377153911851,0.0,0.9489377153911851,0.9489377153911851,0.9295332390727407,0.0,0.9295332390727407,0.9295332390727407,0.01940447631844444,0.0,0.01940447631844444,0.01940447631844444,0.01940447631844444,0.0,0.01940447631844444,0.01940447631844444
123,imports,mid_density,important,0.05,1,183298,65,0.24038451046929044,0.0,0.24038451046929044,0.24038451046929044,0.004413577889556896,0.0,0.004413577889556896,0.004413577889556896,0.20506497615904157,0.0,0.20506497615904157,0.20506497615904157,0.012796380949368089,0.0,0.012796380949368089,0.012796380949368089,0.31303247083121666,0.0,0.31303247083121666,0.31303247083121666,0.24207388623495296,0.0,0.24207388623495296,0.24207388623495296,-0.22920402333521886,0.0,-0.22920402333521886,-0.22920402333521886,-0.049511884209528643,0.0,-0.049511884209528643,-0.049511884209528643,0.9489377153911851,0.0,0.9489377153911851,0.9489377153911851,0.8985332875522809,0.0,0.8985332875522809,0.8985332875522809,0.0504044278389042,0.0,0.0504044278389042,0.0504044278389042,0.0504044278389042,0.0,0.0504044278389042,0.0504044278389042
123,imports,mid_density,important,0.1,1,183298,129,0.322513066154568,0.0,0.322513066154568,0.322513066154568,0.016617748147824855,0.0,0.016617748147824855,0.016617748147824855,0.2743728791367063,0.0,0.2743728791367063,0.2743728791367063,0.048180193290204204,0.0,0.048180193290204204,0.048180193290204204,0.41883124994795007,0.0,0.41883124994795007,0.41883124994795007,0.25337069002846785,0.0,0.25337069002846785,0.25337069002846785,-0.1992490849097029,0.0,-0.1992490849097029,-0.1992490849097029,-0.08972996121932922,0.0,-0.08972996121932922,-0.08972996121932922,0.9489377153911851,0.0,0.9489377153911851,0.9489377153911851,0.8527881708196974,0.0,0.8527881708196974,0.8527881708196974,0.09614954457148772,0.0,0.09614954457148772,0.09614954457148772,0.09614954457148772,0.0,0.09614954457148772,0.09614954457148772
123,imports,mid_density,random,0.01,20,183298,13,0.023620279544784996,0.017870293559004005,0.004757280494058855,0.06688016235856364,0.005166177481478249,0.006478639149095706,6.001156586542134e-05,0.02959661316544643,0.009338345208349247,0.01513064916631545,3.81891782779954e-05,0.050780695915940165,0.014978409072934625,0.01878365730929509,0.00017399281884184054,0.08581009474699862,0.014255019695695263,0.023096993853005062,5.829592678031597e-05,0.07751692663874014,0.02238178798434614,0.016916966474152736,0.007051238948372339,0.06681792537852567,-0.0027934252331479727,0.0249831162512149,-0.06454337206961924,0.038997473492652465,-0.0009428881643550443,0.0029685201608763367,-0.006612389030251261,0.006864368540693072,0.9489377153911851,0.0,0.9489377153911851,0.9489377153911851,0.946757911307539,0.002295923754126195,0.9398481262613085,0.949022333908716,0.0021798040836461365,0.002295923754126195,-8.46185175309433e-05,0.009089589129876563,0.0021798040836461365,0.002295923754126195,-8.46185175309433e-05,0.009089589129876563
123,imports,mid_density,random,0.05,20,183298,65,0.05958875710591495,0.03792889857941953,0.025526737880391493,0.21009503649794323,0.012264727383823063,0.014033568907401452,0.0004364477517485188,0.05362306189920239,0.02763232550273325,0.0378569989944227,0.00021276827897740293,0.18112036137873844,0.03555938691257652,0.040687827044635035,0.0012654023188497492,0.15547049239967733,0.04218085062085162,0.05778885383278806,0.00032479159206176035,0.2764809247399585,0.05759144502472461,0.03307999998097559,0.02961768746101836,0.18989183456033742,-0.01164130546455672,0.05505448239156525,-0.18789633368787273,0.07341271052413476,-0.0034802373238998112,0.005506349006682807,-0.012302415066584785,0.007742292897420884,0.9489377153911851,0.0,0.9489377153911851,0.9489377153911851,0.9401831205659474,0.003985825806854122,0.9317802713627252,0.9449864226983565,0.008754594825237588,0.003985825806854122,0.003951292692828567,0.017157444028459867,0.008754594825237588,0.003985825806854122,0.003951292692828567,0.017157444028459867
123,imports,mid_density,random,0.1,20,183298,129,0.10919649968903097,0.058013128252675704,0.049471352660694606,0.27173782583552464,0.024917074927167777,0.032531424199001784,6.546716276227782e-05,0.13624262130519701,0.056041800783423724,0.0633513605533082,0.0002891466355333937,0.23791858067191132,0.07224260925958145,0.09431905526373557,0.0001898103478274624,0.39501115135793485,0.08554802335168267,0.09670609431198553,0.0004413834456223923,0.36318362384136843,0.09925394838567661,0.05046567570093876,0.049492238922511256,0.2456735004675988,-0.028109711018739943,0.09387450344544747,-0.24452625464013314,0.1699001814704916,-0.005323065282100272,0.009872551623343715,-0.01960068293366364,0.018557345359880306,0.9489377153911851,0.0,0.9489377153911851,0.9489377153911851,0.9313179213066958,0.0068557210688303645,0.9145588018228683,0.9415331406448909,0.01761979408448921,0.0068557210688303645,0.00740457474629419,0.03437891356831679,0.01761979408448921,0.0068557210688303645,0.00740457474629419,0.03437891356831679
2024,header,high_density,important,0.01,1,120000,1,0.07926666666666667,0.0,0.07926666666666667,0.07926666666666667,0.04744166666666667,0.0,0.04744166666666667,0.04744166666666667,0.0,0.0,0.0,0.0,0.21930736931314765,0.0,0.21930736931314765,0.21930736931314765,0.0,0.0,0.0,0.0,0.1349293467342856,0.0,0.1349293467342856,0.1349293467342856,0.1349293467342856,0.0,0.1349293467342856,0.1349293467342856,0.03871334588174272,0.0,0.03871334588174272,0.03871334588174272,0.9936818610506618,0.0,0.9936818610506618,0.9936818610506618,0.9937018392555795,0.0,0.9937018392555795,0.9937018392555795,-1.9978204917725506e-05,0.0,-1.9978204917725506e-05,-1.9978204917725506e-05,-1.9978204917725506e-05,0.0,-1.9978204917725506e-05,-1.9978204917725506e-05
2024,header,high_density,important,0.05,1,120000,4,0.23018333333333332,0.0,0.23018333333333332,0.23018333333333332,0.19866666666666666,0.0,0.19866666666666666,0.19866666666666666,0.0,0.0,0.0,0.0,0.9183712777841981,0.0,0.9183712777841981,0.9183712777841981,0.0,0.0,0.0,0.0,0.16980553206144774,0.0,0.16980553206144774,0.16980553206144774,0.16959390623293955,0.0,0.16959390623293955,0.16959390623293955,-0.015703019130555093,0.0,-0.015703019130555093,-0.015703019130555093,0.9936818610506618,0.0,0.9936818610506618,0.9936818610506618,0.9894377865359171,0.0,0.9894377865359171,0.9894377865359171,0.004244074514744733,0.0,0.004244074514744733,0.004244074514744733,0.004244074514744733,0.0,0.004244074514744733,0.004244074514744733
2024,header,high_density,important,0.1,1,120000,8,0.23770833333333333,0.0,0.23770833333333333,0.23770833333333333,0.20588333333333333,0.0,0.20588333333333333,0.20588333333333333,0.0,0.0,0.0,0.0,0.9517315767171308,0.0,0.9517315767171308,0.9517315767171308,0.0,0.0,0.0,0.0,0.24699215508647898,0.0,0.24699215508647898,0.24699215508647898,0.2469707152178273,0.0,0.2469707152178273,0.2469707152178273,0.0589124303427681,0.0,0.0589124303427681,0.0589124303427681,0.9936818610506618,0.0,0.9936818610506618,0.9936818610506618,0.9771614731159917,0.0,0.9771614731159917,0.9771614731159917,0.016520387934670144,0.0,0.016520387934670144,0.016520387934670144,0.016520387934670144,0.0,0.016520387934670144,0.016520387934670144
2024,header,high_density,random,0.01,20,120000,1,0.09911333333333333,0.22037959504568475,0.0,0.754625,0.014389166666666666,0.044114974868392345,0.0,0.20205,0.07784875,0.21869584738085893,0.0,0.7455583333333333,0.06651642975461305,0.2039291569092447,0.0,0.9340113255518318,0.09933805467827864,0.2790644685371601,0.0,0.9513616401356855,0.09543806854380137,0.19699474439256184,0.0,0.7096199318247102,-0.052078565514953025,0.21261038840933164,-0.7096199318247102,0.26521979330916506,0.003021855392001561,0.02780669948941381,-0.04722551472996236,0.08099389013199389,0.9936818610506617,1.1102230246251565e-16,0.9936818610506618,0.9936818610506618,0.9927112601435797,0.0017652820334264673,0.9875000344040411,0.9937098832163342,0.0009706009070821863,0.0017652820334264673,-2.802216567243665e-05,0.006181826646620703,0.0009706009070821863,0.0017652820334264673,-2.802216567243665e-05,0.006181826646620703
2024,header,high_density,random,0.05,20,120000,4,0.24126208333333335,0.3004187094183323,0.000825,0.7580083333333333,0.032697500000000004,0.06012873291137756,0.0,0.20205,0.19306291666666667,0.31713543182898085,0.0,0.7489416666666666,0.15114989021148734,0.2779555433323821,0.0,0.9340113255518318,0.24635584479110176,0.404677234604882,0.0,0.9556789060090811,0.24839285318321397,0.2637612748277299,0.00047881789316601584,0.7185171211357159,-0.11991521227103019,0.341829707677702,-0.7185171211357159,0.2661663650459449,0.022072304442327658,0.04027762443553396,-0.06591545083038322,0.08194003627543767,0.9936818610506617,1.1102230246251565e-16,0.9936818610506618,0.9936818610506618,0.9899954073764505,0.004884496277525588,0.975622597718505,0.995045269591948,0.003686453674211154,0.004884496277525588,-0.0013634085412861374,0.018059263332156794,0.003686453674211154,0.004884496277525588,-0.0013634085412861374,0.018059263332156794
2024,header,high_density,random,0.1,20,120000,8,0.2938054166666667,0.30130642136779173,0.030983333333333335,0.7580833333333333,0.039010833333333335,0.05768110134249634,0.0,0.20205,0.23542458333333333,0.3311837617261396,0.0,0.7490166666666667,0.18033437343503217,0.2666409399861151,0.0,0.9340113255518318,0.3004109909507555,0.42260345388858844,0.0,0.9557746089471614,0.2892423861108037,0.2563498223053668,0.038327364971594564,0.7219262816045339,-0.14965861495404192,0.3558531508317206,-0.7219262816045339,0.26760161897513474,0.02177431329753477,0.05618769212735413,-0.1106026573120375,0.08337644391211071,0.9936818610506617,1.1102230246251565e-16,0.9936818610506618,0.9936818610506618,0.9865498995029439,0.0048223971212500855,0.9777447979073531,0.9955012305107334,0.0071319615477177575,0.0048223971212500855,-0.0018193694600715515,0.015937063143308672,0.0071319615477177575,0.0048223971212500855,-0.0018193694600715515,0.015937063143308672
2024,header,low_density,important,0.01,1,120000,1,0.3766,0.0,0.3766,0.3766,0.24755,0.0,0.24755,0.24755,0.0,0.0,0.0,0.0,0.5778140864795471,0.0,0.5778140864795471,0.5778140864795471,0.0,0.0,0.0,0.0,0.34038357403429076,0.0,0.34038357403429076,0.34038357403429076,0.34038357403429076,0.0,0.34038357403429076,0.34038357403429076,0.06790911280531853,0.0,0.06790911280531853,0.06790911280531853,0.8718331641606883,0.0,0.8718331641606883,0.8718331641606883,0.861213871380476,0.0,0.861213871380476,0.861213871380476,0.010619292780212342,0.0,0.010619292780212342,0.010619292780212342,0.010619292780212342,0.0,0.010619292780212342,0.010619292780212342
2024,header,low_density,important,0.05,1,120000,4,0.4044083333333333,0.0,0.4044083333333333,0.4044083333333333,0.28624166666666667,0.0,0.28624166666666667,0.28624166666666667,0.0015333333333333334,0.0,0.0015333333333333334,0.0015333333333333334,0.6681254984341872,0.0,0.6681254984341872,0.6681254984341872,0.002682645905320095,0.0,0.002682645905320095,0.002682645905320095,0.3289498739688162,0.0,0.3289498739688162,0.3289498739688162,0.3207385641907845,0.0,0.3207385641907845,0.3207385641907845,0.0355941351328045,0.0,0.0355941351328045,0.0355941351328045,0.8718331641606883,0.0,0.8718331641606883,0.8718331641606883,0.673946015916228,0.0,0.673946015916228,0.673946015916228,0.1978871482444603,0.0,0.1978871482444603,0.1978871482444603,0.1978871482444603,0.0,0.1978871482444603,0.1978871482444603
2024,header,low_density,important,0.1,1,120000,8,0.4749083333333333,0.0,0.4749083333333333,0.4749083333333333,0.3377583333333333,0.0,0.3377583333333333,0.3377583333333333,4.1666666666666665e-05,0.0,4.1666666666666665e-05,4.1666666666666665e-05,0.7883721382583494,0.0,0.7883721382583494,0.7883721382583494,7.289798655761128e-05,0.0,7.289798655761128e-05,7.289798655761128e-05,0.47427021544853026,0.0,0.47427021544853026,0.47427021544853026,0.4741080445621029,0.0,0.4741080445621029,0.4741080445621029,0.15793275305382837,0.0,0.15793275305382837,0.15793275305382837,0.8718331641606883,0.0,0.8718331641606883,0.8718331641606883,0.6204192626136528,0.0,0.6204192626136528,0.6204192626136528,0.2514139015470356,0.0,0.2514139015470356,0.2514139015470356,0.2514139015470356,0.0,0.2514139015470356,0.2514139015470356
2024,header,low_density,random,0.01,20,120000,1,0.11252875000000002,0.1607980924144685,0.0,0.5043333333333333,0.02991916666666667,0.07581017787961514,0.0,0.3151333333333333,0.04957666666666667,0.11669864340352128,0.0,0.4171,0.06983524926572135,0.1769508732674684,0.0,0.7355624282741048,0.0867369403257082,0.20417030731491279,0.0,0.729738004636312,0.10121121181135492,0.15640683814816003,0.0,0.48598414676781865,-0.015248955911457834,0.18567250135504207,-0.48598414676781865,0.4590328836750799,0.02218514175960707,0.05451903857242357,-0.038161918172942136,0.16335498747557792,0.8718331641606885,1.1102230246251565e-16,0.8718331641606883,0.8718331641606883,0.8645055342843764,0.02827465570999065,0.7416139507424214,0.8743264051847495,0.007327629876311826,0.02827465570999065,-0.0024932410240611214,0.13021921341826692,0.007327629876311826,0.02827465570999065,-0.0024932410240611214,0.13021921341826692
2024,header,low_density,random,0.05,20,120000,4,0.28729791666666665,0.1897544726795912,0.0015916666666666666,0.5088916666666666,0.09328416666666665,0.12767151921532852,0.0,0.316275,0.11479999999999999,0.1699322818965118,0.0,0.4216083333333333,0.21773744918402677,0.2980020288622945,0.0,0.738227227636109,0.2008485325635306,0.2973053088335071,0.0,0.7376255667818454,0.2716275950630912,0.18694087932066852,0.001622827732999417,0.49559746764612544,-0.0005646807919242825,0.32925609597971994,-0.49559746764612544,0.45978362472121864,0.07642914038859597,0.0675701862818695,-0.013065795557261513,0.16396136226936142,0.8718331641606885,1.1102230246251565e-16,0.8718331641606883,0.8718331641606883,0.8610603278605089,0.028087569820984863,0.7409045929712839,0.8742676480832232,0.010772836300179523,0.028087569820984867,-0.002434483922534869,0.13092857118940449,0.010772836300179523,0.028087569820984867,-0.002434483922534869,0.13092857118940449
2024,header,low_density,random,0.1,20,120000,8,0.3414733333333334,0.15174576260787134,0.09021666666666667,0.5197333333333334,0.10175375,0.12052721818221415,0.0,0.31798333333333334,0.14398583333333334,0.18374947768444283,0.0,0.43243333333333334,0.2375065647429538,0.2813262955761549,0.0,0.7422147011339986,0.251910656227675,0.3214792069010066,0.0,0.7565644636895129,0.3215274379852977,0.1516945799237223,0.07747968193519268,0.5097751975127464,-0.012996011965491305,0.35339204679122393,-0.5097751975127464,0.46074006295348147,0.09048785643175372,0.05864775286126208,-0.00149928724959256,0.16778774320448261,0.8718331641606885,1.1102230246251565e-16,0.8718331641606883,0.8718331641606883,0.8558178200537718,0.018440280754019284,0.7978989804592898,0.8743299679141464,0.01601534410691638,0.01844028075401928,-0.0024968037534580656,0.07393418370139859,0.01601534410691638,0.01844028075401928,-0.0024968037534580656,0.07393418370139859
2024,header,mid_density,important,0.01,1,240000,1,0.42509583333333334,0.0,0.42509583333333334,0.42509583333333334,0.3483833333333333,0.0,0.3483833333333333,0.3483833333333333,0.0,0.0,0.0,0.0,0.514124085347107,0.0,0.514124085347107,0.514124085347107,0.0,0.0,0.0,0.0,0.38704099521082064,0.0,0.38704099521082064,0.38704099521082064,0.38704099521082064,0.0,0.38704099521082064,0.38704099521082064,-0.03056966651494813,0.0,-0.03056966651494813,-0.03056966651494813,0.9376601066905993,0.0,0.9376601066905993,0.9376601066905993,0.9336542827658116,0.0,0.9336542827658116,0.9336542827658116,0.004005823924787655,0.0,0.004005823924787655,0.004005823924787655,0.004005823924787655,0.0,0.004005823924787655,0.004005823924787655
2024,header,mid_density,important,0.05,1,240000,4,0.6399875,0.0,0.6399875,0.6399875,0.5712916666666666,0.0,0.5712916666666666,0.5712916666666666,2.5e-05,0.0,2.5e-05,2.5e-05,0.843079382647728,0.0,0.843079382647728,0.843079382647728,7.754943776657619e-05,0.0,7.754943776657619e-05,7.754943776657619e-05,0.4806836399881788,0.0,0.4806836399881788,0.4806836399881788,0.4797188330762255,0.0,0.4797188330762255,0.4797188330762255,-0.04929183081992622,0.0,-0.04929183081992622,-0.04929183081992622,0.9376601066905993,0.0,0.9376601066905993,0.9376601066905993,0.7349813575532232,0.0,0.7349813575532232,0.7349813575532232,0.20267874913737605,0.0,0.20267874913737605,0.20267874913737605,0.20267874913737605,0.0,0.20267874913737605,0.20267874913737605
2024,header,mid_density,important,0.1,1,240000,8,0.7012416666666667,0.0,0.7012416666666667,0.7012416666666667,0.6228625,0.0,0.6228625,0.6228625,0.0,0.0,0.0,0.0,0.9191846522781775,0.0,0.9191846522781775,0.9191846522781775,0.0,0.0,0.0,0.0,0.6571823812337911,0.0,0.6571823812337911,0.6571823812337911,0.6571769030375826,0.0,0.6571769030375826,0.6571769030375826,0.10683070358515727,0.0,0.10683070358515727,0.10683070358515727,0.9376601066905993,0.0,0.9376601066905993,0.9376601066905993,0.6839399605081049,0.0,0.6839399605081049,0.6839399605081049,0.2537201461824944,0.0,0.2537201461824944,0.2537201461824944,0.2537201461824944,0.0,0.2537201461824944,0.2537201461824944
2024,header,mid_density,random,0.01,20,240000,1,0.09807875,0.16214285966104863,0.0,0.6695833333333333,0.04859041666666667,0.13573572286608698,0.0,0.591225,0.030105208333333335,0.06967563426478192,0.0,0.24028333333333332,0.07170694213859682,0.2003109726856107,0.0,0.8724958494742667,0.09338567920382576,0.21613225053053714,0.0,0.7453534961871526,0.0941515241733539,0.15784042192542777,0.0,0.6504501907011329,0.015910118641709277,0.1830982698513818,-0.3035625315227643,0.6504501907011329,0.01330883140855114,0.05462921218223805,-0.11305696943071833,0.1326107483256541,0.9376601066905994,1.1102230246251565e-16,0.9376601066905993,0.9376601066905993,0.9302791041920146,0.030812106333129998,0.7960548853050268,0.9380700840347796,0.007381002498584799,0.03081210633312999,-0.0004099773441803567,0.14160522138557252,0.007381002498584799,0.03081210633312999,-0.0004099773441803567,0.14160522138557252
2024,header,mid_density,random,0.05,20,240000,4,0.266910625,0.21401259386811325,0.0006625,0.6696,0.14983708333333332,0.21685124291468985,0.0,0.5912416666666667,0.06946291666666665,0.09906116319550176,0.0,0.24154583333333332,0.2211209493943307,0.3200165916468399,0.0,0.8725204451823156,0.2154724053250614,0.3072855004125685,0.0,0.7492697427943648,0.25876174488139714,0.20383758097891544,0.0008902212849231574,0.6522019401050695,0.08233421105932845,0.3187137863218113,-0.3069560499442506,0.6522019401050695,0.04478525814787216,0.06101990111727039,-0.026751297322675373,0.13515883074922405,0.9376601066905994,1.1102230246251565e-16,0.9376601066905993,0.9376601066905993,0.9280281462882112,0.02668360562204222,0.8141339275245675,0.9384761581573966,0.00963196040238833,0.02668360562204222,-0.0008160514667973073,0.12352617916603181,0.00963196040238833,0.02668360562204222,-0.0008160514667973073,0.12352617916603181
2024,header,mid_density,random,0.1,20,240000,8,0.29921958333333337,0.17367193872505954,0.06942083333333333,0.6697416666666667,0.15592937499999998,0.20146771716543677,0.0,0.5913833333333334,0.08537979166666668,0.1072120716594228,0.0,0.24377083333333333,0.23011160302527212,0.29731446916131604,0.0,0.8727295087007317,0.26484619361509626,0.33256943515912457,0.0,0.75617164275559,0.2909413844527993,0.16930657981060523,0.062167815616485815,0.65392237481317,0.07642143942038923,0.32665105486321877,-0.30948405320391753,0.6539223745839268,0.05652656072602767,0.06234184030034818,-0.02250833840745635,0.13632222150651893,0.9376601066905994,1.1102230246251565e-16,0.9376601066905993,0.9376601066905993,0.925898841787965,0.01370347958466382,0.8886436743765724,0.9387913975994515,0.011761264902634367,0.01370347958466382,-0.0011312909088522227,0.04901643231402686,0.011761264902634367,0.01370347958466382,-0.0011312909088522227,0.04901643231402686
2024,imports,high_density,important,0.01,1,172507,13,0.06802042815653858,0.0,0.06802042815653858,0.06802042815653858,0.0,0.0,0.0,0.0,0.06217718701270093,0.0,0.06217718701270093,0.06217718701270093,0.0,0.0,0.0,0.0,0.1309438062334428,0.0,0.1309438062334428,0.1309438062334428,0.0622129252406375,0.0,0.0622129252406375,0.0622129252406375,-0.062151346286756684,0.0,-0.062151346286756684,-0.062151346286756684,-0.002737471537217795,0.0,-0.002737471537217795,-0.002737471537217795,0.8240221705326147,0.0,0.8240221705326147,0.8240221705326147,0.7379776941773307,0.0,0.7379776941773307,0.7379776941773307,0.086044476355284,0.0,0.086044476355284,0.086044476355284,0.086044476355284,0.0,0.086044476355284,0.086044476355284
2024,imports,high_density,important,0.05,1,172507,65,0.05877442654500977,0.0,0.05877442654500977,0.05877442654500977,0.0003652025714898526,0.0,0.0003652025714898526,0.0003652025714898526,0.05192253067991444,0.0,0.05192253067991444,0.05192253067991444,0.0006954102920723226,0.0,0.0006954102920723226,0.0006954102920723226,0.10934772258371687,0.0,0.10934772258371687,0.10934772258371687,0.054739406801890024,0.0,0.054739406801890024,0.054739406801890024,-0.04870688584311169,0.0,-0.04870688584311169,-0.04870688584311169,-0.01719840628803526,0.0,-0.01719840628803526,-0.01719840628803526,0.8240221705326147,0.0,0.8240221705326147,0.8240221705326147,0.753017555664066,0.0,0.753017555664066,0.753017555664066,0.0710046148685487,0.0,0.0710046148685487,0.0710046148685487,0.0710046148685487,0.0,0.0710046148685487,0.0710046148685487
2024,imports,high_density,important,0.1,1,172507,129,0.16784246436376496,0.0,0.16784246436376496,0.16784246436376496,0.0,0.0,0.0,0.0,0.15873558754137512,0.0,0.15873558754137512,0.15873558754137512,0.0,0.0,0.0,0.0,0.3342937018544065,0.0,0.3342937018544065,0.3342937018544065,0.13585690341745488,0.0,0.13585690341745488,0.13585690341745488,-0.13219352756982336,0.0,-0.13219352756982336,-0.13219352756982336,-0.05522959457016214,0.0,-0.05522959457016214,-0.05522959457016214,0.8240221705326147,0.0,0.8240221705326147,0.8240221705326147,0.600737874201929,0.0,0.600737874201929,0.600737874201929,0.2232842963306857,0.0,0.2232842963306857,0.2232842963306857,0.2232842963306857,0.0,0.2232842963306857,0.2232842963306857
2024,imports,high_density,random,0.01,20,172507,13,0.004939219857744903,0.006611579280644333,0.0,0.025668523596143925,0.00018318097236633878,0.0004126717359773232,0.0,0.0016579037372396483,0.00365173587158782,0.005589810055500077,0.0,0.02183099816239341,0.0003488089718965935,0.0007857999774625261,0.0,0.0031569419608362586,0.00769047648114463,0.011772018644710263,0.0,0.045975608267307996,0.005088816672089917,0.0038991889512648586,0.0003115942802279102,0.019827187263127422,-0.0003420111062882128,0.0056065539731616175,-0.019813395819715432,0.006982383229779099,-0.0008067782166066636,0.0017275718727552429,-0.00454564640362237,0.0029175726463403348,0.8240221705326147,0.0,0.8240221705326147,0.8240221705326147,0.825864323610564,0.006020472401869201,0.8041821508890448,0.8333395838501877,-0.0018421530779493545,0.0060204724018692,-0.009317413317572965,0.01984001964356996,-0.0018421530779493545,0.0060204724018692,-0.009317413317572965,0.01984001964356996
2024,imports,high_density,random,0.05,20,172507,65,0.019856585529862556,0.019032366408889237,0.0011767638414673027,0.0796953167117856,0.0038102801625441293,0.007121187451749109,0.0,0.026596022190403867,0.011996904473441658,0.017663065763363812,0.0,0.0710811735175964,0.007255447380621234,0.013560000482801106,0.0,0.050643530476632004,0.02526522041678366,0.037198033103910254,0.0,0.14969540854321048,0.017187319698775655,0.013270514570439465,0.005610267440427378,0.062319125908126737,-0.0049904772705944515,0.019158067086711774,-0.06209241534615233,0.027637083410063552,-0.0018239005441409617,0.00404142282576459,-0.011162703694661423,0.006425268656521245,0.8240221705326147,0.0,0.8240221705326147,0.8240221705326147,0.8163332630007346,0.028418459718160035,0.7071930847433733,0.8424072323950018,0.007688907531880135,0.02841845971816004,-0.018385061862387087,0.11682908578924145,0.007688907531880135,0.02841845971816004,-0.018385061862387087,0.11682908578924145
2024,imports,high_density,random,0.1,20,172507,129,0.030600787214431872,0.024116101844455916,0.0005680928889842151,0.09557873013848714,0.0055165877326717174,0.007093362120770383,0.0,0.02396424492919128,0.019164149860585365,0.025058818390249073,0.0,0.08974708272707774,0.010504558800803586,0.01350701613095499,0.0,0.04563216107026955,0.04035928363019301,0.05277332760424717,0.0,0.18900540817696826,0.02546472982060529,0.01808769196192686,0.005964125959908894,0.07581640337413525,-0.009331489256461562,0.027490871184262015,-0.07574021739416084,0.023319135294481264,-0.002059352751337808,0.0055430302144781046,-0.015780214412681702,0.006366333038280628,0.8240221705326147,0.0,0.8240221705326147,0.8240221705326147,0.8083063646520415,0.037670247358257074,0.6893902750201031,0.8356084926306135,0.015715805880573218,0.037670247358257074,-0.011586322097998814,0.13463189551251165,0.015715805880573218,0.037670247358257074,-0.011586322097998814,0.13463189551251165
2024,imports,low_density,important,0.01,1,120003,13,0.15637942384773715,0.0,0.15637942384773715,0.15637942384773715,0.004983208753114505,0.0,0.004983208753114505,0.004983208753114505,0.09338099880836312,0.0,0.09338099880836312,0.09338099880836312,0.006826873680004566,0.0,0.006826873680004566,0.006826873680004566,0.3457788200444335,0.0,0.3457788200444335,0.3457788200444335,0.14620436561165448,0.0,0.14620436561165448,0.14620436561165448,-0.13365094628165464,0.0,-0.13365094628165464,-0.13365094628165464,0.02999312592906107,0.0,0.02999312592906107,0.02999312592906107,0.8600935017915944,0.0,0.8600935017915944,0.8600935017915944,0.8338138455354653,0.0,0.8338138455354653,0.8338138455354653,0.026279656256129047,0.0,0.026279656256129047,0.026279656256129047,0.026279656256129047,0.0,0.026279656256129047,0.026279656256129047
2024,imports,low_density,important,0.05,1,120003,65,0.14379640508987276,0.0,0.14379640508987276,0.14379640508987276,0.05327366815829604,0.0,0.05327366815829604,0.05327366815829604,0.0429739256518587,0.0,0.0429739256518587,0.0429739256518587,0.07298361778640333,0.0,0.07298361778640333,0.07298361778640333,0.15912737595655393,0.0,0.15912737595655393,0.15912737595655393,0.13056950675979354,0.0,0.13056950675979354,0.13056950675979354,0.006102531258241718,0.0,0.006102531258241718,0.006102531258241718,-0.03008556833461653,0.0,-0.03008556833461653,-0.03008556833461653,0.8600935017915944,0.0,0.8600935017915944,0.8600935017915944,0.8091503333637735,0.0,0.8091503333637735,0.8091503333637735,0.05094316842782087,0.0,0.05094316842782087,0.05094316842782087,0.05094316842782087,0.0,0.05094316842782087,0.05094316842782087
2024,imports,low_density,important,0.1,1,120003,129,0.19114522136946577,0.0,0.19114522136946577,0.19114522136946577,0.06254010316408756,0.0,0.06254010316408756,0.06254010316408756,0.07317317067073323,0.0,0.07317317067073323,0.07317317067073323,0.08567840630172956,0.0,0.08567840630172956,0.08567840630172956,0.2709516168847198,0.0,0.2709516168847198,0.2709516168847198,0.1735183564177413,0.0,0.1735183564177413,0.1735183564177413,-0.012263503285910088,0.0,-0.012263503285910088,-0.012263503285910088,-0.042739643018942564,0.0,-0.042739643018942564,-0.042739643018942564,0.8600935017915944,0.0,0.8600935017915944,0.8600935017915944,0.7595791899612494,0.0,0.7595791899612494,0.7595791899612494,0.10051431183034498,0.0,0.10051431183034498,0.10051431183034498,0.10051431183034498,0.0,0.10051431183034498,0.10051431183034498
2024,imports,low_density,random,0.01,20,120003,13,0.023520661983450413,0.015591147383391157,0.011183053756989409,0.07306484004566552,0.007358982692099364,0.0077714068386501595,0.00022499437514062148,0.036074098147546314,0.0054419472846512175,0.008116033601707045,0.00021666125013541327,0.038332375023957733,0.010081625663565272,0.010646636621479936,0.0003082367715052229,0.049420629031337406,0.02015088866946433,0.030052714771218545,0.0008022710441866206,0.14194026166378673,0.02125354594657381,0.013750887057392632,0.010684248133116378,0.06583371982863569,1.3594331468057621e-05,0.02075481004470928,-0.06534060720609475,0.04998324186320778,3.288172541483728e-05,0.00367006698075435,-0.00721819866400583,0.012149177660136755,0.8600935017915944,0.0,0.8600935017915944,0.8600935017915944,0.8593276900345697,0.0017619961582145934,0.8557023311319971,0.8626895230468753,0.0007658117570247258,0.0017619961582145934,-0.0025960212552809114,0.0043911706595972655,0.0007658117570247258,0.0017619961582145934,-0.0025960212552809114,0.0043911706595972655
2024,imports,low_density,random,0.05,20,120003,65,0.06683499579177186,0.028501238352562592,0.038990691899369184,0.1427130988391957,0.023192753514495474,0.0232829464091774,0.0009166437505729023,0.09571427380982142,0.016552919510345578,0.017998271332673767,0.0015416281259635176,0.069881586293676,0.03177350305382727,0.03189706510577676,0.001255779439465723,0.1311262058336663,0.061293507775857806,0.06664547502884625,0.005708467045174031,0.2587632683288077,0.06120938758962528,0.025880723461028446,0.035148139945683506,0.12724317163795976,0.0010441377515918635,0.05412064496894618,-0.10934539887553227,0.1209128473655475,-0.0007870635637471851,0.00977550627019536,-0.013620037430798527,0.020621607566946563,0.8600935017915944,0.0,0.8600935017915944,0.8600935017915944,0.8517247623411134,0.005423833332675742,0.8433102622269866,0.8622578444612571,0.008368739450481161,0.005423833332675741,-0.0021643426696627,0.01678323956460781,0.008368739450481161,0.005423833332675741,-0.0021643426696627,0.01678323956460781
2024,imports,low_density,random,0.1,20,120003,129,0.09433805821521127,0.031071015572132266,0.0643067256651917,0.1821371132388357,0.030800479988000302,0.02654095555966333,0.0011999700007499813,0.10729731756706082,0.027200986642000612,0.02771603497538595,0.0017582893760989308,0.11170554069481596,0.04219590159255665,0.036360457674824806,0.0016439294480278554,0.14699469147782407,0.10072204393976798,0.10262920714487905,0.006510738089360652,0.41363243643544806,0.08790947932227382,0.030331534975065737,0.057181271675675174,0.17646236781183125,-0.005963674737074082,0.07188875953338424,-0.173327539121451,0.13056012024092928,-0.001347789510463739,0.01696237382400741,-0.028219596172545595,0.04763758825843106,0.8600935017915944,0.0,0.8600935017915944,0.8600935017915944,0.8423969182878486,0.008800840220690642,0.8173902053219534,0.8572727761637895,0.01769658350374583,0.008800840220690642,0.0028207256278048876,0.042703296469640994,0.01769658350374583,0.008800840220690642,0.0028207256278048876,0.042703296469640994
2024,imports,mid_density,important,0.01,1,187490,13,0.18269241026188063,0.0,0.18269241026188063,0.18269241026188063,0.0025388020694437036,0.0,0.0025388020694437036,0.0025388020694437036,0.1542642274254627,0.0,0.1542642274254627,0.1542642274254627,0.007700894662762292,0.0,0.007700894662762292,0.007700894662762292,0.23013391258682836,0.0,0.23013391258682836,0.23013391258682836,0.1748769536703963,0.0,0.1748769536703963,0.1748769536703963,-0.16765982119594816,0.0,-0.16765982119594816,-0.16765982119594816,-0.0024722410914291416,0.0,-0.0024722410914291416,-0.0024722410914291416,0.9523420188888635,0.0,0.9523420188888635,0.9523420188888635,0.9285685790675106,0.0,0.9285685790675106,0.9285685790675106,0.023773439821352937,0.0,0.023773439821352937,0.023773439821352937,0.023773439821352937,0.0,0.023773439821352937,0.023773439821352937
2024,imports,mid_density,important,0.05,1,187490,65,0.16156061656621687,0.0,0.16156061656621687,0.16156061656621687,0.029750920049069284,0.0,0.029750920049069284,0.029750920049069284,0.10096005120273081,0.0,0.10096005120273081,0.10096005120273081,0.09024283703547913,0.0,0.09024283703547913,0.09024283703547913,0.15061386548269798,0.0,0.15061386548269798,0.15061386548269798,0.1519134395105106,0.0,0.1519134395105106,0.1519134395105106,-0.07016165573042336,0.0,-0.07016165573042336,-0.07016165573042336,-0.06347145955859514,0.0,-0.06347145955859514,-0.06347145955859514,0.9523420188888635,0.0,0.9523420188888635,0.9523420188888635,0.8894171254491231,0.0,0.8894171254491231,0.8894171254491231,0.06292489343974039,0.0,0.06292489343974039,0.06292489343974039,0.06292489343974039,0.0,0.06292489343974039,0.06292489343974039
2024,imports,mid_density,important,0.1,1,187490,129,0.2639340764840791,0.0,0.2639340764840791,0.2639340764840791,0.023099898661261935,0.0,0.023099898661261935,0.023099898661261935,0.209824523974612,0.0,0.209824523974612,0.209824523974612,0.07006843442105774,0.0,0.07006843442105774,0.07006843442105774,0.3130196771139172,0.0,0.3130196771139172,0.3130196771139172,0.25038057970011507,0.0,0.25038057970011507,0.25038057970011507,-0.1783691754047835,0.0,-0.1783691754047835,-0.1783691754047835,-0.10906307061979419,0.0,-0.10906307061979419,-0.10906307061979419,0.9523420188888635,0.0,0.9523420188888635,0.9523420188888635,0.838201579222437,0.0,0.838201579222437,0.838201579222437,0.11414043966642651,0.0,0.11414043966642651,0.11414043966642651,0.11414043966642651,0.0,0.11414043966642651,0.11414043966642651
2024,imports,mid_density,random,0.01,20,187490,13,0.020485359219158356,0.01623017647367505,0.005824310629900261,0.06360872579870927,0.004192490266147528,0.005416416489338898,3.73353245506427e-05,0.024625313350045336,0.006396607819083684,0.010349608211760177,0.00022401194730385621,0.04716518214304763,0.012716992121143486,0.01642950166776383,0.00011324845092297487,0.07469544255876785,0.009542564788071195,0.0154397158126888,0.00033418470866254505,0.0703617947310211,0.01880585160451299,0.013166856976743704,0.006922985917233662,0.0635028980541669,-0.0004540267153789187,0.01912102679180948,-0.06321175907116089,0.04093827361619187,-0.0014478999460020476,0.0025433939876013316,-0.008973823902690612,0.002083114597890097,0.9523420188888634,1.1102230246251565e-16,0.9523420188888635,0.9523420188888635,0.9511649199778833,0.001270358391654292,0.9473925200395868,0.9527649926548335,0.00117709891098034,0.0012703583916542918,-0.0004229737659700028,0.004949498849276646,0.00117709891098034,0.0012703583916542918,-0.0004229737659700028,0.004949498849276646
2024,imports,mid_density,random,0.05,20,187490,65,0.061480878980212275,0.0333493956050312,0.021899834657848418,0.15298415915515495,0.01663342044909062,0.021757490573699183,0.00035735239212758015,0.09017014240759508,0.02200624033281775,0.02627004854651365,0.0009493839671449144,0.09782921755826977,0.050453802721198496,0.0659965363392092,0.0010839494588341882,0.27351118732911617,0.032829271397767326,0.0391900906435112,0.0014163066224269767,0.14594323634020004,0.0569165593159434,0.031127253238266546,0.025226478086073204,0.14024054239678632,-0.006587318042770257,0.0550591308258361,-0.1329973548313588,0.10889636523963411,-0.005188650683808082,0.004225247006759331,-0.01127588459476034,0.0060363302049609956,0.9523420188888634,1.1102230246251565e-16,0.9523420188888635,0.9523420188888635,0.9439849685144035,0.005611324484725639,0.9311606161562294,0.9505663382789331,0.008357050374459902,0.005611324484725639,0.0017756806099303857,0.021181402732634136,0.008357050374459902,0.005611324484725639,0.0017756806099303857,0.021181402732634136
2024,imports,mid_density,random,0.1,20,187490,129,0.09102698810603232,0.045568310044405286,0.0396341138194037,0.21496079790922182,0.02061976638754067,0.019399574355328773,0.0003040162141980906,0.059709851192063575,0.042567870286415274,0.05191051445861913,0.0025761373939943463,0.1869913062029975,0.06254550160974584,0.05884431890570597,0.0009221659575156526,0.18111662972610054,0.0635034492636001,0.07744095955447211,0.003843124149619268,0.27895670716667065,0.08324775582289065,0.04407645406632411,0.04015152087776445,0.21240013992133244,-0.023939787999279937,0.07715944979811623,-0.21131724137018199,0.08434777055131513,-0.00786533388463102,0.007018946340472323,-0.017518290439633197,0.010580642504088668,0.9523420188888634,1.1102230246251565e-16,0.9523420188888635,0.9523420188888635,0.9367136834489493,0.0074603540242703615,0.9186724309464338,0.9481282976400336,0.015628335439914025,0.0074603540242703615,0.004213721248829905,0.03366958794242969,0.015628335439914025,0.0074603540242703615,0.004213721248829905,0.03366958794242969
