feature_group,test_week,perturbation_type,strength,n_trials,n_masked_features,auc_original,mix_at_k_original,silhouette_original,js_divergence_original,auc_mean,auc_std,auc_min,auc_max,mix_at_k_mean,mix_at_k_std,mix_at_k_min,mix_at_k_max,silhouette_mean,silhouette_std,silhouette_min,silhouette_max,js_divergence_mean,js_divergence_std,js_divergence_min,js_divergence_max,delta_auc_mean,delta_auc_std,delta_auc_min,delta_auc_max,delta_mix_at_k_mean,delta_mix_at_k_std,delta_mix_at_k_min,delta_mix_at_k_max,delta_silhouette_mean,delta_silhouette_std,delta_silhouette_min,delta_silhouette_max,delta_js_divergence_mean,delta_js_divergence_std,delta_js_divergence_min,delta_js_divergence_max
header,2024-09-22_2024-09-28,baseline,0.0,5,0,0.9649179537499999,0.086855,0.18262907431727293,0.09664806911101427,0.96490315525,0.0006413299880577524,0.9639686987499999,0.96592110125,0.08769550000000001,0.0006176860043743896,0.086855,0.0885,0.17734000835989855,0.0029199316588839,0.17415024750028624,0.18262907431727293,0.09468253612009263,0.00141280240334345,0.09271362629699581,0.09664806911101427,0.0,0.0,0.0,0.0,0.0,0.0,0.0,0.0,0.0,0.0,0.0,0.0,0.0,0.0,0.0,0.0
header,2024-09-22_2024-09-28,important,0.01,5,1,0.9649179537499999,0.086855,0.18262907431727293,0.09664806911101427,0.9228875827499999,0.020561721108516604,0.90695986875,0.9628989362499999,0.08813800000000001,0.000576092765967426,0.08745,0.08904,0.17125577849198628,0.00277173222309509,0.16785820262036333,0.17454501015239576,0.0946825360444344,0.0014128023646962228,0.09271362633364498,0.0966480690076236,-0.042015572499999966,0.020967987166550857,-0.05795808499999988,-0.0010697625000000155,0.00044249999999999845,0.000222279385009051,2.4999999999886224e-06,0.0005949999999999983,-0.006084229867912294,0.003247269248232392,-0.00809286575262122,0.000394762652109526,-7.565824078348271e-11,5.61647133139637e-11,-1.0571056530128686e-10,3.6649169810054616e-11
header,2024-09-22_2024-09-28,important,0.05,5,4,0.9649179537499999,0.086855,0.18262907431727293,0.09664806911101427,0.8861930499999998,0.03540864490412126,0.81697476875,0.9113007575000001,0.08810899999999999,0.001096053545681045,0.0867475,0.08964375,0.1737596238666447,0.003560842837502003,0.16951194003568798,0.1796788344198405,0.09446696524357574,0.0012979455200218396,0.09266017232023768,0.09628974662844969,-0.07871010524999995,0.035024092105286196,-0.14699392999999994,-0.0538197574999999,0.00041349999999999997,0.0006952335039395013,-0.00011999999999999511,0.0016312500000000008,-0.00358038449325388,0.001724766433940672,-0.006220662630973539,-0.0011297704510796203,-0.000215570876516899,0.0001184163276348823,-0.00035832248256457977,-5.3453976758127686e-05
header,2024-09-22_2024-09-28,important,0.1,5,8,0.9649179537499999,0.086855,0.18262907431727293,0.09664806911101427,0.879041336,0.019413892175814098,0.84830860125,0.9014690537500001,0.08991225,0.0017844563948160809,0.08795,0.09208375,0.1759187613598972,0.0026137808887376577,0.17349718496219038,0.17969673614851836,0.09392701014542974,0.0012118299067981487,0.0925034639517201,0.09563607007222917,-0.08586181924999992,0.019618163125284926,-0.11660935249999993,-0.062499644999999826,0.0022167500000000034,0.0023750524467893346,-0.00019874999999999754,0.005228750000000004,-0.0014212470000013633,0.001371536065971553,-0.0029323381687545724,0.0006690335450968976,-0.0007555259746628823,0.0006399617539284778,-0.001692798225298442,-0.00021016234527571065
header,2024-09-22_2024-09-28,random,0.01,100,1,0.9649179537499999,0.086855,0.18262907431727293,0.09664806911101427,0.9641617132500001,0.0024089873759755224,0.9472873074999999,0.96593645875,0.08782937499999997,0.0008176147759642067,0.08647,0.09123375,0.17760008259986956,0.003309871034074148,0.16881840959087102,0.1853494500467307,0.09374515379325908,0.008072164806510547,0.015178379588760204,0.0966496929033253,-0.0007414419999999344,0.0022087327057057505,-0.017630646249999993,0.00030567250000002044,0.00013387500000000218,0.000510671723688515,-0.0008375000000000049,0.0032237499999999975,0.00026007423997102233,0.0015055595318227647,-0.005331837909415216,0.0038170364014427915,-0.0009373823268335384,0.007743703985141282,-0.07753524670823561,9.06319994648519e-05
header,2024-09-22_2024-09-28,random,0.05,100,4,0.9649179537499999,0.086855,0.18262907431727293,0.09664806911101427,0.95699150655,0.014652140002645132,0.8845091887500001,0.9667342812499999,0.08806963750000003,0.0009001111961689785,0.08626,0.0914025,0.17784237004436443,0.004172269438301807,0.1657386564550479,0.1884641259745603,0.09360394893725564,0.02926550252148765,0.014867215240016855,0.3401900122435614,-0.007911648699999926,0.014679002354599307,-0.08040876499999983,0.0008131799999999689,0.0003741375000000012,0.0006806093706883186,-0.0006675000000000014,0.002953750000000005,0.0005023616844658321,0.00325909221174454,-0.008411591045238337,0.008119124592207927,-0.0010785871828369843,0.02900217827607117,-0.08084800047432918,0.24354194313254712
header,2024-09-22_2024-09-28,random,0.1,100,8,0.9649179537499999,0.086855,0.18262907431727293,0.09664806911101427,0.9505739638749999,0.02899714353527682,0.730219385,0.9648644362500001,0.0889810875,0.0015622438455531677,0.0865325,0.09320125,0.17832870954624425,0.0067539052461902125,0.16610438641937028,0.19215793735821987,0.09297886518464438,0.05780478622256157,0.004669444777037995,0.32211467407507544,-0.014329191374999918,0.028967072334260522,-0.2349011299999999,0.00019884000000014446,0.0012855875000000005,0.0013567796138167568,-0.0006737500000000007,0.0051912499999999945,0.0009887011863456625,0.005450341621483527,-0.013262454838958132,0.013453986367831822,-0.0017036709354482516,0.05778226796559591,-0.0903300275395731,0.22940104777807963
header,2024-09-29_2024-10-05,baseline,0.0,5,0,0.96792056125,0.085265,0.2011402302070201,0.09612877914319104,0.9684803264999999,0.0005177346888817579,0.96783199125,0.9691656949999999,0.08431274999999999,0.0009642508102148517,0.0827175,0.085265,0.201455680866156,0.0016661423969379456,0.1993911886368152,0.20449725594192683,0.09704258385742037,0.0008884280182130116,0.09612877914319104,0.09869504455689923,0.0,0.0,0.0,0.0,0.0,0.0,0.0,0.0,0.0,0.0,0.0,0.0,0.0,0.0,0.0,0.0
header,2024-09-29_2024-10-05,important,0.01,5,1,0.96792056125,0.085265,0.2011402302070201,0.09612877914319104,0.9231969404999999,0.02243859060166771,0.90705239875,0.9671541612500001,0.084927,0.0010599347267638685,0.08349125,0.08604375,0.1951752172377556,0.0038452098880358662,0.19125325721194628,0.20195183167224348,0.0970425837766066,0.0008884280115789362,0.09612877903146703,0.09869504444714366,-0.04528338600000006,0.0227398479773917,-0.061494392500000106,-0.0006778299999998794,0.0006142500000000051,0.0002529644243762331,0.00011375000000000968,0.0007787500000000086,-0.006280463628400424,0.003489015136732164,-0.008514011722581455,0.0006713108143559798,-8.081376678958918e-11,6.100312604551802e-11,-1.1277133393772232e-10,4.117667318226381e-11
header,2024-09-29_2024-10-05,important,0.05,5,4,0.96792056125,0.085265,0.2011402302070201,0.09612877914319104,0.8847892705,0.034041450638071145,0.81910030125,0.9095837099999999,0.0852195,0.0008917099444326067,0.0836175,0.08611625,0.19857422495935176,0.0035421314699918315,0.19314067683187053,0.20362094523440505,0.097135345867677,0.0008865644553221444,0.09620532137106078,0.0987813572109088,-0.083691056,0.033749142821017576,-0.14873168999999997,-0.05850020749999996,0.0009067500000000007,0.00036518026370547423,0.00026874999999999816,0.0013325000000000004,-0.0028814559068042534,0.002214716916041278,-0.006250511804944681,-0.0008017479034813646,9.276201025662234e-05,1.4089919106944946e-05,7.654222786973586e-05,0.00011797290926582327
header,2024-09-29_2024-10-05,important,0.1,5,8,0.96792056125,0.085265,0.2011402302070201,0.09612877914319104,0.8771557212500001,0.019817410014795412,0.84767062125,0.9006790875,0.08820425000000001,0.0030193160028390556,0.08528375,0.09327,0.2011050493726556,0.0010164102072994824,0.19979503892828224,0.20276593029798404,0.09708161159365278,0.0010275805529992381,0.09586159265754299,0.09888021518246348,-0.09132460524999994,0.019717069801882578,-0.12024994,-0.06715290374999994,0.003891500000000006,0.003098554340333572,0.000789999999999999,0.008005000000000012,-0.000350631493500414,0.0007878952489364655,-0.0017313256439427938,0.00040385029146702833,3.9027736232419286e-05,0.00019152298833068827,-0.00026718648564805214,0.00020950431309246786
header,2024-09-29_2024-10-05,random,0.01,100,1,0.96792056125,0.085265,0.2011402302070201,0.09612877914319104,0.9677070922625001,0.002482242550155792,0.94624478875,0.96945923,0.08435096250000002,0.0009664940806692768,0.08246125,0.0858525,0.20180431589789866,0.002721732623041296,0.19319360470109503,0.21145223467559057,0.09874959129640062,0.021286160237984308,0.003035632486188802,0.24469169870276425,-0.0007732342374999602,0.0024658975697505066,-0.0224865125,0.00036447000000006113,3.8212500000002616e-05,0.00019407257461771788,-0.0003449999999999981,0.000976249999999998,0.00034863503174268007,0.0021933104724420815,-0.007329306914135497,0.009271780771304222,0.0017070074389802764,0.021225424425435617,-0.09565941207071042,0.14599665414586502
header,2024-09-29_2024-10-05,random,0.05,100,4,0.96792056125,0.085265,0.2011402302070201,0.09612877914319104,0.9602142662124998,0.01703023963982328,0.85990983125,0.97013208,0.08494169999999998,0.0016246408980140816,0.08224125,0.09147125,0.20177309896362666,0.0048850732131946245,0.18703362205201737,0.21449882458049233,0.0955346422590593,0.03663091959887397,0.0023979185366336388,0.23522576285182895,-0.008266060287499983,0.01699367647136955,-0.10801073000000005,0.000966385000000014,0.0006289500000000017,0.0013299223628655927,-0.0005949999999999983,0.006711250000000002,0.0003174180974705576,0.005104083957144084,-0.014246898805870128,0.015107635943677117,-0.0015079415983610814,0.03647869708338321,-0.09565941288911556,0.13700877094249136
header,2024-09-29_2024-10-05,random,0.1,100,8,0.96792056125,0.085265,0.2011402302070201,0.09612877914319104,0.9510875896250001,0.030794642604474117,0.81972065625,0.96953296,0.08550379999999999,0.0021267804520565823,0.08272125,0.0925675,0.20318567524765885,0.008152221708454605,0.1870038442319773,0.2238826573892299,0.10311253215181544,0.051245837257070395,0.0019307934167257916,0.24037913351373164,-0.01739273687499999,0.03082817524730112,-0.14944503874999993,0.0004860650000001465,0.0011910500000000027,0.0018271509047558167,-0.0008524999999999922,0.007885000000000003,0.0017299943815028277,0.007907637442128263,-0.013965364455153145,0.022742427182209812,0.006069948294395072,0.05129880354573242,-0.09591457483610939,0.14355475514951244
header,2024-10-06_2024-10-12,baseline,0.0,5,0,0.95661130375,0.0969925,0.14003948722377715,0.09316406047088549,0.957154023,0.0005331213378483234,0.956571565,0.9578831112500001,0.0973995,0.0006960139186826662,0.09644625,0.09855,0.14182635816768152,0.003535419157092649,0.1381108448847653,0.14667858149516041,0.09402369613391223,0.0006197271873689382,0.09316406047088549,0.09493115510974262,0.0,0.0,0.0,0.0,0.0,0.0,0.0,0.0,0.0,0.0,0.0,0.0,0.0,0.0,0.0,0.0
header,2024-10-06_2024-10-12,important,0.01,5,1,0.95661130375,0.0969925,0.14003948722377715,0.09316406047088549,0.8909183114999999,0.032412036144427406,0.86762619875,0.9547367649999999,0.09822325,0.0007576363738628161,0.09751125,0.0995575,0.13417826488776763,0.006560182549450496,0.1285536351271356,0.1460460024876939,0.09402369607104435,0.0006197272255022824,0.09316406038197785,0.09493115515121578,-0.06623571150000004,0.0326725656008248,-0.08898510500000001,-0.0018348000000000253,0.0008237500000000009,0.00042591812593502387,-2.6250000000005436e-05,0.0010875000000000051,-0.007648093279913904,0.0041303170541597935,-0.010161692018493207,0.0005974006548830069,-6.28678720193676e-11,5.217067892702434e-11,-8.920297833725499e-11,4.147315824098996e-11
header,2024-10-06_2024-10-12,important,0.05,5,4,0.95661130375,0.0969925,0.14003948722377715,0.09316406047088549,0.84161529725,0.040727527791731714,0.761980485,0.8718459825,0.0978345,0.0006465053170701667,0.0971225,0.09877,0.13603869642189625,0.0043863463025491855,0.12926772136824724,0.1427192151156724,0.09384110934773204,0.000665213839766638,0.09296584490109314,0.0948489788898883,-0.11553872574999999,0.040459446224918656,-0.19459107999999992,-0.08603712875000014,0.00043500000000000206,0.0007700340901544531,-0.0009587499999999943,0.0012987500000000013,-0.005787661745785294,0.002031799123651734,-0.008843123516518059,-0.00360273376789097,-0.00018258678618018054,6.081216516199279e-05,-0.0002590689138888824,-8.217621985431856e-05
header,2024-10-06_2024-10-12,important,0.1,5,8,0.95661130375,0.0969925,0.14003948722377715,0.09316406047088549,0.8297709907499999,0.026219794193923313,0.7869416025,0.8607568912500001,0.100214,0.003018265168105682,0.09730375,0.1044675,0.1379847743976636,0.004138191390314843,0.13381781686329058,0.14397831642299025,0.09353891014472285,0.0007395528879224477,0.09243944623136699,0.09472767837061188,-0.12738303225,0.026062364084724385,-0.16966970125000003,-0.09581467374999986,0.0028145,0.0026857334426558456,0.0001137499999999958,0.006247500000000003,-0.003841583770017942,0.0010655684966278216,-0.005161246310816658,-0.002700265072170166,-0.0004847859891894013,0.0003369269529265056,-0.0010327474065799647,-0.000196735921615232
header,2024-10-06_2024-10-12,random,0.01,100,1,0.95661130375,0.0969925,0.14003948722377715,0.09316406047088549,0.9545294870625001,0.011695423424807835,0.86762619875,0.95840888625,0.09760833750000002,0.0011791714656778076,0.0963425,0.10412125,0.14187097335093934,0.004439625077863362,0.12943568580949674,0.15018729737227754,0.09270965322943621,0.021018915655860507,0.0046141693891729625,0.23724616636416035,-0.0026245359375000055,0.01166722431749928,-0.08898510500000001,0.0012800150000000787,0.00020883750000000285,0.0009605008988641024,-0.0005187499999999984,0.0057849999999999985,4.461518325780595e-05,0.0022847554164465295,-0.00970037568593246,0.006377607382900968,-0.0013140429044760371,0.02107119081118204,-0.0893589311892561,0.1436425635953363
header,2024-10-06_2024-10-12,random,0.05,100,4,0.95661130375,0.0969925,0.14003948722377715,0.09316406047088549,0.949874636275,0.015144687078084428,0.860579615,0.9582591600000001,0.09782802499999999,0.0013113714336049106,0.09553,0.10455375,0.14309090392941062,0.005063845539199813,0.12731829792660346,0.15569467562462125,0.09930708430425589,0.03548882981955974,0.00433903565488449,0.23737113753684874,-0.007279386725000011,0.015111957399461886,-0.09647472999999984,0.0006570949999999964,0.0004285250000000025,0.0011922574226546044,-0.0014624999999999916,0.0070825000000000055,0.0012645457617291092,0.003888784857189527,-0.011535977475290449,0.012648073297388207,0.005283388170343651,0.035493451880446884,-0.09039070594158885,0.14356556439483364
header,2024-10-06_2024-10-12,random,0.1,100,8,0.95661130375,0.0969925,0.14003948722377715,0.09316406047088549,0.9396630774000001,0.0338144338854244,0.760644815,0.95747479625,0.09849671250000001,0.0019290778614324377,0.095225,0.10537875,0.14348573119603633,0.006628417213102079,0.12272158906536657,0.16194432374551443,0.0957681464206702,0.0470953796342952,0.0034039708674143436,0.23736258976208668,-0.01749094560000001,0.03380180905391747,-0.19700497500000003,0.0007110224999999915,0.0010972125000000027,0.0018554753758723798,-0.0017674999999999913,0.007907499999999998,0.0016593730283547773,0.005649892096286529,-0.01731789815841059,0.018529807743642324,0.0017444502867579642,0.04715469147433988,-0.09122122776840969,0.14291602802040676
header,2024-10-13_2024-10-19,baseline,0.0,5,0,0.9622560075,0.0941175,0.14111316020006426,0.10003834776446219,0.9624467055,0.00028714368015487726,0.96221051,0.96299535125,0.09401400000000001,0.000490859832335056,0.09313125,0.0945925,0.141886129980552,0.0022401781966977317,0.13918230409742374,0.1459115640513219,0.10036399115519541,0.00038073318187359704,0.09982019748926454,0.10080397314125852,0.0,0.0,0.0,0.0,0.0,0.0,0.0,0.0,0.0,0.0,0.0,0.0,0.0,0.0,0.0,0.0
header,2024-10-13_2024-10-19,important,0.01,5,1,0.9622560075,0.0941175,0.14111316020006426,0.10003834776446219,0.9026539084999999,0.029794535388474548,0.8819168975,0.96128421875,0.09437324999999999,0.0005274405179733535,0.093595,0.0950775,0.13498920308249554,0.004036586533124012,0.1301597915041539,0.14178961693112424,0.1003639911053743,0.0003807332053530544,0.09982019741422293,0.10080397306458705,-0.059792796999999974,0.029851651625176227,-0.08033910999999994,-0.001025192499999883,0.00035924999999999705,0.00016112417571550487,6.249999999999312e-05,0.0004849999999999993,-0.00689692689805646,0.0038658215592087884,-0.00906434099280376,0.0008217058233370711,-4.98211139010607e-11,5.1748374983662577e-11,-7.667147472467661e-11,5.366967981146331e-11
header,2024-10-13_2024-10-19,important,0.05,5,4,0.9622560075,0.0941175,0.14111316020006426,0.10003834776446219,0.8543875102499999,0.02984292128356041,0.7977994525,0.8785374125000001,0.09506624999999999,0.0008800376412404227,0.0940625,0.0962375,0.13678416851563863,0.002809155307393703,0.1337567469304126,0.1416878345642253,0.10024924710373624,0.0003857652893577586,0.09971071144242968,0.1006830080341449,-0.10805919525000003,0.029774040925258958,-0.16450995874999996,-0.0837185949999999,0.001052249999999999,0.0012896776244472911,-5.500000000001337e-05,0.003106250000000005,-0.0051019614649133686,0.0011984462306211968,-0.007211164177374579,-0.0037756602214898682,-0.00011474405145917854,4.556525729141664e-05,-0.00016069477024469037,-3.215411161858195e-05
header,2024-10-13_2024-10-19,important,0.1,5,8,0.9622560075,0.0941175,0.14111316020006426,0.10003834776446219,0.8376112929999999,0.02530897100205401,0.80158274375,0.8698031037499999,0.097257,0.002444927861921494,0.09480625,0.10050875,0.13836342330877413,0.003343867083986867,0.13378864489260386,0.1436353371066418,0.10010558211999934,0.0005415798686233869,0.09931542314311123,0.10063343341334624,-0.1248354125,0.02537035590398071,-0.1606732637499999,-0.0925063075,0.003242999999999996,0.0023921876232854316,0.0005737499999999979,0.006391249999999987,-0.0035227066717778586,0.0013176365748156732,-0.005393659204819878,-0.0021683496909011,-0.00025840903519608327,0.00017237261447793038,-0.0005047743461533138,-9.518203163366712e-05
header,2024-10-13_2024-10-19,random,0.01,100,1,0.9622560075,0.0941175,0.14111316020006426,0.10003834776446219,0.9601503213125,0.008878252062874395,0.8819168975,0.9632416212499998,0.094215925,0.000905154382895536,0.0927125,0.09949,0.14204072473758406,0.003328188894701622,0.13232690670317315,0.1542540950153352,0.10349988807494195,0.02229351940011126,0.09733153608858658,0.26250253767585785,-0.0022963841875000114,0.00883737614923294,-0.08033910999999994,0.00024626999999977084,0.0002019249999999996,0.0006911733099411459,-0.0004187499999999955,0.004897499999999999,0.0001545947570320391,0.002259565813689464,-0.008786253496891105,0.008731265975226055,0.0031358969197465346,0.022252527979730728,-0.002488661400677966,0.16169856453459933
header,2024-10-13_2024-10-19,random,0.05,100,4,0.9622560075,0.0941175,0.14111316020006426,0.10003834776446219,0.9515931186500001,0.020932841661247908,0.8629175412499999,0.9629868162499999,0.0947537,0.0014725056124680821,0.09257,0.10107625,0.14242950810401242,0.005914998956480439,0.12659818789719277,0.16173715291186164,0.10490010098246066,0.039795113375121906,0.005737312288761131,0.25648005806062923,-0.010853586849999994,0.020906848927170853,-0.09939187000000005,0.0006059424999999008,0.0007396999999999997,0.0013781019909643846,-0.0007024999999999948,0.00648375000000001,0.0005433781234604046,0.004902312946531889,-0.014514972302871493,0.015825588860539724,0.004536109827265235,0.03978215892707976,-0.09496814905041341,0.15603778282540087
header,2024-10-13_2024-10-19,random,0.1,100,8,0.9622560075,0.0941175,0.14111316020006426,0.10003834776446219,0.9439122876625001,0.03061627651486554,0.7655931574999999,0.96344159875,0.0956600875,0.0021412346559213807,0.09310875,0.10669625,0.1429858259133872,0.007795980416323393,0.12159750427567378,0.17238748019267405,0.10139381724822095,0.05341959731996594,0.0026625931284454778,0.2622136538007734,-0.018534417837499994,0.030600165097913995,-0.19666285000000006,0.0008322650000001097,0.0016460874999999998,0.0021067896464096163,-0.0007512500000000089,0.01210375000000001,0.0010996959328351975,0.007391856546646504,-0.018866291802482116,0.02647591614135214,0.0010298260930255208,0.053386703084747175,-0.09806121083204945,0.16140968065951486
header,2024-10-20_2024-10-26,baseline,0.0,5,0,0.9585978237499999,0.08827625,0.13151241183461304,0.09332819956340466,0.9587832367499999,0.0007126673106079553,0.9575824074999999,0.95955106,0.08914175,0.0007759452300259356,0.08824625,0.09019625,0.12806323785285773,0.005151003618361733,0.11832565147361027,0.13285753854020704,0.09121330145881423,0.0014451439776288423,0.089288810037352,0.09332819956340466,0.0,0.0,0.0,0.0,0.0,0.0,0.0,0.0,0.0,0.0,0.0,0.0,0.0,0.0,0.0,0.0
header,2024-10-20_2024-10-26,important,0.01,5,1,0.9585978237499999,0.08827625,0.13151241183461304,0.09332819956340466,0.8996478762500001,0.028467582011866343,0.87882819375,0.9555096875,0.089506,0.0007150268351607513,0.08865625,0.09028,0.1211908242735716,0.006205171967148395,0.10980050176140696,0.12839251838010768,0.09121330140951966,0.0014451439446323223,0.08928881008819917,0.09332819949011527,-0.05913536049999994,0.029054814164768836,-0.07976962999999992,-0.002072719999999917,0.00036425000000000205,0.00014450043252530863,8.374999999999355e-05,0.0004712500000000064,-0.00687241357928609,0.0037125162139854365,-0.00908203728119071,0.0005427708059597969,-4.929457120272929e-11,5.0075780493521826e-11,-7.53920814666742e-11,5.0847159815958776e-11
header,2024-10-20_2024-10-26,important,0.05,5,4,0.9585978237499999,0.08827625,0.13151241183461304,0.09332819956340466,0.8411528535,0.03056911514696516,0.78402302125,0.8661608437499999,0.09060199999999999,0.0012015850469275998,0.08953,0.09292625,0.12272199324104252,0.005287340014946094,0.11418786310037149,0.12922656036696084,0.09111926309855026,0.001422396937072253,0.08925251940011997,0.09325551915053165,-0.11763038324999994,0.029976678133093074,-0.1735593862499999,-0.09243698,0.001460249999999999,0.0009083960452357746,0.0002487500000000059,0.0027299999999999963,-0.005341244611815188,0.0016048384105060093,-0.00738383612593084,-0.003630978173246202,-9.403836026397883e-05,4.952265872942966e-05,-0.00018254418918134396,-3.629063723203929e-05
header,2024-10-20_2024-10-26,important,0.1,5,8,0.9585978237499999,0.08827625,0.13151241183461304,0.09332819956340466,0.8174327187500001,0.025864826890266066,0.7790513262500001,0.85057338875,0.09318825000000001,0.0028186790567569075,0.09022125,0.09709125,0.12441966491637702,0.004627848723125259,0.11545880220110867,0.1280620113363933,0.09121331113158623,0.001496572418953756,0.08921388834531888,0.09351792660503125,-0.14135051799999993,0.026097400672867282,-0.17954649749999985,-0.1070090187499999,0.004046500000000003,0.002878738373836708,0.0009475000000000039,0.007680000000000006,-0.003643572936480671,0.0010120264223944376,-0.0048829839509646755,-0.0024173155726640583,9.672772016688925e-09,0.0001517421390864225,-0.00015122202955991648,0.0001897270416265917
header,2024-10-20_2024-10-26,random,0.01,100,1,0.9585978237499999,0.08827625,0.13151241183461304,0.09332819956340466,0.9574992105499998,0.004085960053023926,0.93060626125,0.9600891225,0.08928380000000001,0.0008927202795388937,0.0877225,0.0912575,0.12842078760071632,0.005575522538028806,0.11627187331319074,0.14261050446328438,0.09263108501915482,0.018661554203552855,0.004126857783887683,0.20963524485245372,-0.001284026199999968,0.004009044025380885,-0.02811046500000003,0.0007615750000000698,0.00014204999999999955,0.00038665122849927745,-0.0005537500000000056,0.0015412500000000079,0.000357549747858619,0.002167802870139654,-0.006841930897512616,0.009752965923077339,0.0014177835603405792,0.01854755293941028,-0.0862723381569325,0.11727090494995329
header,2024-10-20_2024-10-26,random,0.05,100,4,0.9585978237499999,0.08827625,0.13151241183461304,0.09332819956340466,0.9521891653374998,0.017046419036088334,0.8332146487500001,0.9599189612500001,0.08958806250000001,0.001308640663711299,0.08767375,0.0961775,0.12992163646315952,0.006585209340450993,0.10943440812801254,0.14516036159755627,0.0965152813943514,0.032167221324640914,0.0033998853466001423,0.209489551726051,-0.00659407141249997,0.017076205134574248,-0.1262535174999999,0.0006306512499999473,0.0004463124999999997,0.0010012661730123258,-0.0012862500000000027,0.006391250000000001,0.00185839861030181,0.003966472263720184,-0.010205843875936496,0.012302823057349227,0.00530197993553718,0.0319867975169634,-0.08699931059422004,0.11712521182355057
header,2024-10-20_2024-10-26,random,0.1,100,8,0.9585978237499999,0.08827625,0.13151241183461304,0.09332819956340466,0.9332268751374998,0.03970381072150339,0.76523460125,0.95983447125,0.09071399999999999,0.002166747721240292,0.08792625,0.09797125,0.12892279617403923,0.008538349418372951,0.1025574234039278,0.15067438253242563,0.09690485064730986,0.04532808625586771,0.0029066765186579616,0.20774551900011323,-0.025556361612499957,0.039609955490462215,-0.19348212500000006,0.0005267250000000612,0.0015722500000000005,0.0020372967076496243,-0.0007474999999999982,0.00777499999999999,0.0008595583211815307,0.007191556469518242,-0.019101161730275124,0.022824634958277745,0.005691549188495622,0.04543125062128692,-0.09018714484632212,0.11575869143737183
header,2024-10-27_2024-11-02,baseline,0.0,5,0,0.9431887599999998,0.10387,0.09207358006388065,0.07056712187533624,0.94372923725,0.0009448466296532842,0.9423881312500001,0.9449425812500001,0.10343825,0.0004894318134326784,0.1028275,0.10408375,0.09125451763154123,0.0017472148015890002,0.08911045792783188,0.09304209178681166,0.07089627169792237,0.00028934075818182745,0.07056712187533624,0.07140506387742405,0.0,0.0,0.0,0.0,0.0,0.0,0.0,0.0,0.0,0.0,0.0,0.0,0.0,0.0,0.0,0.0
header,2024-10-27_2024-11-02,important,0.01,5,1,0.9431887599999998,0.10387,0.09207358006388065,0.07056712187533624,0.8705619312499999,0.03553550160445475,0.84371118,0.94042777375,0.10413924999999999,0.0006787601748776944,0.10298625,0.10496,0.08489553046283996,0.004544387185169441,0.08108639600331301,0.09353510641260127,0.07089627166127868,0.0002893407856113143,0.07056712182325674,0.07140506390314862,-0.07316730599999999,0.0361876237122831,-0.09947757999999984,-0.0019603575000001205,0.0007009999999999961,0.0002794217242806998,0.00015874999999999917,0.0008912499999999962,-0.006358987168701255,0.0034275471442415605,-0.008247104473866146,0.0004930146257896006,-3.6643679757197843e-11,3.1184866849672054e-11,-5.255872126408434e-11,2.5724561369955268e-11
header,2024-10-27_2024-11-02,important,0.05,5,4,0.9431887599999998,0.10387,0.09207358006388065,0.07056712187533624,0.8114801467500001,0.04001654856702433,0.73512556375,0.84490718125,0.10372474999999999,0.0007216653483436757,0.10276625,0.104575,0.08535322510533175,0.0018525720051972233,0.08271168086303837,0.08734017736148879,0.07068936383127435,0.0003188025402382735,0.07038149932098231,0.07125964638393212,-0.13224909049999994,0.03933282911795598,-0.20726256750000005,-0.10003540000000011,0.00028649999999999786,0.0009152661498165427,-0.0008350000000000024,0.0015862499999999974,-0.005901292526209476,0.0009385124969263035,-0.007421522559163618,-0.004782035267171372,-0.00020690786664802064,4.37315873512132e-05,-0.0002781626372642537,-0.00014541749349193667
header,2024-10-27_2024-11-02,important,0.1,5,8,0.9431887599999998,0.10387,0.09207358006388065,0.07056712187533624,0.8037421367499998,0.023642387334557285,0.76657772125,0.83167573875,0.10644749999999999,0.003850240982717834,0.10267125,0.111155,0.08670093438918257,0.0018530978583885852,0.08343455856076536,0.08847347090678426,0.07058121597224543,0.00036489467814921955,0.07017207113638788,0.07119868906725715,-0.13998710050000002,0.023659327859213448,-0.17661103874999984,-0.11071239250000009,0.0030092499999999993,0.0033860026764608434,-0.00015624999999999667,0.007285,-0.004553583242358652,0.0008761981682948942,-0.005675899367066528,-0.003034630396822363,-0.00031505572567694097,0.00011445583041855711,-0.0004982397730001337,-0.00020637481016690107
header,2024-10-27_2024-11-02,random,0.01,100,1,0.9431887599999998,0.10387,0.09207358006388065,0.07056712187533624,0.9418209041124997,0.010147181160711824,0.84654072125,0.9454684250000001,0.10366194999999999,0.0008887814220886937,0.10256125,0.10964875,0.09144045447850417,0.00204413335873029,0.08457760147283219,0.09456503024620803,0.07088408921641616,0.00029101173305084256,0.07051093784955136,0.07140507221743363,-0.0019083331374999913,0.009999166787278337,-0.09584741000000008,0.0011404099999999806,0.0002236999999999964,0.0007733134253005056,-0.00039750000000000896,0.00668125,0.00018593684696293521,0.0012733873449757966,-0.008464490313979472,0.00194789772840398,-1.2182481506193693e-05,5.145007944161272e-05,-0.0003361778171709212,1.0532246572894643e-05
header,2024-10-27_2024-11-02,random,0.05,100,4,0.9431887599999998,0.10387,0.09207358006388065,0.07056712187533624,0.9365486057625,0.01868707321481763,0.8396140212500001,0.94672732625,0.104333725,0.0016103336705866277,0.10237125,0.1121425,0.09161158224052311,0.00380708792777398,0.08095735501991957,0.10118517586677206,0.07175547071607088,0.03058531765883956,0.002848892767166268,0.16941458089937958,-0.007180631487500002,0.018624151788024405,-0.10532856000000002,0.001784744999999921,0.0008954749999999962,0.0015799323539712074,-0.0007875000000000104,0.0087,0.00035706460898188823,0.0032270520208972967,-0.00815310290791231,0.008433767790898744,0.0008591990181485442,0.030592882689974874,-0.06799158676505988,0.09884745902404334
header,2024-10-27_2024-11-02,random,0.1,100,8,0.9431887599999998,0.10387,0.09207358006388065,0.07056712187533624,0.9203488235749998,0.03893102531731135,0.76265412875,0.9442758425000001,0.10581609999999998,0.0026658637687905213,0.102625,0.1144975,0.09213370330056836,0.005408365707686027,0.07566098003840571,0.1052127485818813,0.07246933118893578,0.031442894162568076,0.0011556099334211064,0.16991090024518207,-0.023380413674999993,0.038872679275608155,-0.1805346312499998,2.227499999996052e-05,0.002377849999999996,0.002579695143568326,-0.00124500000000001,0.01041375,0.0008791856690271318,0.005142442301001166,-0.013449477889426173,0.012360102478903984,0.001573059491013415,0.03146195912222293,-0.07024945394400295,0.09850583636775802
header,2024-11-03_2024-11-09,baseline,0.0,5,0,0.9337725025,0.08914625,0.08101438546265691,0.062403186792601345,0.93433788525,0.0007523754917183493,0.93335899875,0.9355613887500001,0.0905795,0.0007408287588910137,0.08914625,0.09125625,0.08509652639684333,0.003514126572272705,0.08101438546265691,0.09073348336876176,0.06135095867257645,0.0007564363424249757,0.06035469125537132,0.062403186792601345,0.0,0.0,0.0,0.0,0.0,0.0,0.0,0.0,0.0,0.0,0.0,0.0,0.0,0.0,0.0,0.0
header,2024-11-03_2024-11-09,important,0.01,5,1,0.9337725025,0.08914625,0.08101438546265691,0.062403186792601345,0.8424294532500001,0.04473367785229384,0.810602365,0.9308633212500002,0.09099325,0.0007407667480388152,0.08957625,0.09171,0.07869286521837802,0.0036168542883301107,0.07328671590965614,0.08262562844472343,0.06135095863171822,0.0007564363201175235,0.06035469128155947,0.06240318673439137,-0.09190843199999998,0.04414363449751373,-0.12317013749999994,-0.004698067499999903,0.00041375000000000163,4.9440620950792075e-05,0.00031625000000000403,0.00045375000000000276,-0.0064036611784653,0.003264102941856406,-0.008562334033946864,9.945164838909282e-05,-4.085822929988936e-11,3.352582968705195e-11,-5.820997850403131e-11,2.618814887167531e-11
header,2024-11-03_2024-11-09,important,0.05,5,4,0.9337725025,0.08914625,0.08101438546265691,0.062403186792601345,0.7826315597500001,0.049480488805891815,0.68709768,0.8221067675,0.09135200000000002,0.0011318968040417805,0.0898275,0.09254875,0.07904753222870156,0.0032118368277503067,0.07538015919988901,0.08290830117277612,0.061107375758709684,0.0007192517894267053,0.060181361928068236,0.0620811634946901,-0.15170632550000002,0.05005220468012563,-0.24846370875,-0.11234643500000008,0.0007725000000000065,0.0007363181207874748,-0.0004624999999999907,0.0017150000000000082,-0.006048994168141764,0.0014246792843090885,-0.008259657559408343,-0.004454388724422359,-0.00024358291386678138,5.753370224813513e-05,-0.00032202329791124196,-0.00017332932730308725
header,2024-11-03_2024-11-09,important,0.1,5,8,0.9337725025,0.08914625,0.08101438546265691,0.062403186792601345,0.7769587877499999,0.023229114349116394,0.73809809125,0.80391157125,0.09444074999999999,0.002864328084385584,0.09204625,0.098605,0.08028166255828996,0.0036854248784893144,0.07541597843462622,0.0859323822068991,0.06082713075842168,0.0006984945694560929,0.05989182627323547,0.06177865077615715,-0.15737909750000004,0.022685032665600482,-0.19567441124999996,-0.13164981750000004,0.003861250000000005,0.0033665891492725966,0.000789999999999999,0.008058750000000003,-0.004814863838553377,0.0004657577124233814,-0.005598407028030689,-0.004132804267592383,-0.0005238279141547813,0.00039088573459122026,-0.0010844383833042148,-0.0001613805684378411
header,2024-11-03_2024-11-09,random,0.01,100,1,0.9337725025,0.08914625,0.08101438546265691,0.062403186792601345,0.9320158511999999,0.011981422513820622,0.8154783925,0.93828817875,0.09075371250000001,0.0009666186627718031,0.08858875,0.0964775,0.08543606217475143,0.003722129182792457,0.07587288637845302,0.09240441332890098,0.06290598968187636,0.011330688353666374,0.05962203393260879,0.1495027680341547,-0.002322034049999999,0.011946169366874565,-0.1189748100000001,0.002726789999999979,0.00017421250000000416,0.0007690108430436786,-0.0005575000000000024,0.0073312499999999975,0.000339535777908074,0.0013173729751363697,-0.007973010080812151,0.005962361529309304,0.0015550310092998973,0.011288664427003797,-0.0012354047578781377,0.08709958124155334
header,2024-11-03_2024-11-09,random,0.05,100,4,0.9337725025,0.08914625,0.08101438546265691,0.062403186792601345,0.9199298459374998,0.03567127204445829,0.71555853375,0.93804055625,0.09125535000000001,0.0014595953643047788,0.08874375,0.09835,0.08577288716842078,0.005259869549863849,0.07066096511827882,0.10013698193575933,0.06543165929895745,0.021697476922901967,0.0032268604597442724,0.14950276641999452,-0.014408039312500015,0.03576989533198528,-0.22000285500000005,0.0038392675000000764,0.0006758500000000034,0.0012928517156851362,-0.0004187499999999955,0.00764250000000001,0.0006763607715774654,0.0035933753473744267,-0.011865211678055515,0.00940349856699757,0.004080700626380994,0.021682099286293277,-0.058903959423462306,0.08709957962739318
header,2024-11-03_2024-11-09,random,0.1,100,8,0.9337725025,0.08914625,0.08101438546265691,0.062403186792601345,0.9074226174375001,0.04544421303271395,0.69572895375,0.9365132712499998,0.09228703749999999,0.0024284680526967506,0.088945,0.10170625,0.0855453163583614,0.006277400657642214,0.06831245497570797,0.10176531822783484,0.06313311933523406,0.03380341740415187,0.0017371485005877028,0.14808442690696902,-0.02691526781250001,0.0452934978439708,-0.23763004499999996,0.0014220399999999023,0.0017075375000000035,0.0023249830070279543,-0.0012274999999999925,0.010588750000000008,0.00044878996151809193,0.005173126089253306,-0.014490883707466637,0.011077343137038398,0.0017821606626576114,0.033757641140019945,-0.06066603829201364,0.08568124011436767
header,2024-11-10_2024-11-16,baseline,0.0,5,0,0.94127241125,0.0969375,0.09881016460037183,0.06972149550300577,0.941552586,0.00028823127924615133,0.94127241125,0.94196526,0.097388,0.0005154843596075478,0.0968425,0.09813375,0.09545180864340626,0.0019747473677205534,0.09285849998991388,0.09881016460037183,0.0693672155646953,0.00045867598442609427,0.06883798051884883,0.07004058014335401,0.0,0.0,0.0,0.0,0.0,0.0,0.0,0.0,0.0,0.0,0.0,0.0,0.0,0.0,0.0,0.0
header,2024-11-10_2024-11-16,important,0.01,5,1,0.94127241125,0.0969375,0.09881016460037183,0.06972149550300577,0.8534193264999999,0.04335567946369663,0.8241435312500001,0.9391498675,0.09798849999999999,0.0005851972957900598,0.09719,0.0988225,0.08886873689140368,0.004223378494110933,0.08498022176293654,0.09638947552063253,0.06936721552592903,0.00045867596309039484,0.06883798055341807,0.07004058008610528,-0.08813325950000002,0.043451094353218235,-0.11712887999999999,-0.0022058025000000203,0.0006004999999999955,0.0003007278670160087,2.3750000000002935e-05,0.0008487499999999953,-0.006583071752002581,0.003435833973854675,-0.008594814730790018,0.0002698627002100523,-3.876625132015476e-11,3.6668788462809006e-11,-5.7366583705587004e-11,3.4569236362358424e-11
header,2024-11-10_2024-11-16,important,0.05,5,4,0.94127241125,0.0969375,0.09881016460037183,0.06972149550300577,0.79575136625,0.048725969633712875,0.7027120362499999,0.8344391087499999,0.09882374999999999,0.0005676249862365087,0.09773125,0.09934875,0.08879990790065254,0.002464388451173443,0.0858183069630856,0.09284005871654462,0.06901884938181316,0.00046911886676371254,0.06851717601742385,0.06978212363602927,-0.14580121975000004,0.048624203021464175,-0.23864363375000008,-0.10718606250000018,0.0014357499999999995,0.0006096005864498491,0.0007937500000000097,0.002182500000000004,-0.006651900742753711,0.0011316959999854805,-0.008812583777161667,-0.005623387142484018,-0.00034836618288214825,7.85011094987844e-05,-0.00043788707202821464,-0.00025183110133962516
header,2024-11-10_2024-11-16,important,0.1,5,8,0.94127241125,0.0969375,0.09881016460037183,0.06972149550300577,0.796726195,0.019964206531949816,0.7657854225,0.82317547625,0.10202499999999999,0.003114216594907943,0.09902625,0.10645625,0.09014318430988469,0.002018517163597694,0.08770323889299132,0.09330099875258978,0.06898284374652139,0.00047362819319434634,0.06843156576224069,0.06962962422715166,-0.14482639099999997,0.019907871952721846,-0.17548698875000002,-0.11818019375,0.004637,0.0031447560119983917,0.0010724999999999901,0.00859625,-0.005308624333521558,0.0005412147372195834,-0.00623351224425861,-0.004631599363978181,-0.0003843718181739092,3.9382050117867955e-05,-0.00042910414085253756,-0.00032761349055981936
header,2024-11-10_2024-11-16,random,0.01,100,1,0.94127241125,0.0969375,0.09881016460037183,0.06972149550300577,0.9368616163750002,0.01881230729817051,0.8241435312500001,0.942240105,0.09751843749999999,0.0007065513599298713,0.09628,0.10200625,0.09530440949631773,0.00290016907819913,0.08611609646191005,0.10155590233760636,0.06944187432121599,0.01702200645931221,0.0049963445554011545,0.21303924148867942,-0.004690969624999996,0.018836083610072878,-0.11712887999999999,0.0005372999999999628,0.00013043749999999964,0.0005768989397795346,-0.0006712499999999982,0.005068750000000011,-0.000147399147088495,0.002048623879251815,-0.008514794278337207,0.006716027271530561,7.465875652068521e-05,0.017012781580979058,-0.06384163596344768,0.14410655258048335
header,2024-11-10_2024-11-16,random,0.05,100,4,0.94127241125,0.0969375,0.09881016460037183,0.06972149550300577,0.9230644058249999,0.04171558704421853,0.63545366625,0.94286096875,0.098061325,0.0016912315669727195,0.09515,0.1056175,0.09560575026134098,0.004111726772786568,0.0772521685657749,0.10374390265674165,0.070548701620958,0.030605637513734144,0.004915551541761309,0.2119408519537858,-0.018488180175000007,0.041681442720016934,-0.30588039125,0.0010254375000000593,0.0006733250000000006,0.0016013894476750495,-0.0016924999999999996,0.007483749999999997,0.0001539416179347311,0.0038304317146708408,-0.015606331424138989,0.007935570819214977,0.0011814860562626903,0.030572414405278005,-0.06480594396124446,0.14263751920371398
header,2024-11-10_2024-11-16,random,0.1,100,8,0.94127241125,0.0969375,0.09881016460037183,0.06972149550300577,0.918044596775,0.04770006624665633,0.6784743637499999,0.94264989,0.09856225,0.001711472931059676,0.0959175,0.10535875,0.0969915642097893,0.004555216810072283,0.08112970796914029,0.10811975876222354,0.07678141671270294,0.0452147269004264,0.0012813463946435605,0.21302723556580683,-0.023507989225000015,0.04772868710555878,-0.26288130625000006,0.0013158325000000026,0.0011742500000000008,0.001675170606983062,-0.0010412500000000074,0.008046250000000005,0.0015397555663830555,0.004375676311710747,-0.01350118277110697,0.011735044970723349,0.007414201148007638,0.045248784319552704,-0.06755663412420528,0.14409454665761076
header,2024-11-17_2024-11-23,baseline,0.0,5,0,0.9467698025000001,0.09960625,0.10255700551393827,0.07992888071517422,0.9463845975,0.0006337010680113545,0.94557929625,0.94729072375,0.099656,0.000788015466218783,0.0985475,0.101,0.10304111153961486,0.0021453181584149476,0.09967481421112186,0.1063325339343847,0.07969860684798183,0.0007247441615343503,0.07837823127865497,0.08035452578839404,0.0,0.0,0.0,0.0,0.0,0.0,0.0,0.0,0.0,0.0,0.0,0.0,0.0,0.0,0.0,0.0
header,2024-11-17_2024-11-23,important,0.01,5,1,0.9467698025000001,0.09960625,0.10255700551393827,0.07992888071517422,0.8739853,0.0351620523023141,0.848103085,0.9432324187500001,0.10026025000000001,0.0009169901171768429,0.099235,0.10193375,0.09702935197123956,0.0037283950695301223,0.09220868035600446,0.10323463502098905,0.07969860681176018,0.0007247441738554544,0.07837823122854135,0.08035452580590659,-0.07239929750000004,0.03562842331160026,-0.09866671750000011,-0.0023468774999999553,0.0006042500000000061,0.00034030372463433227,-4.999999999999449e-05,0.0009337499999999971,-0.006011759568375308,0.0032060174684284885,-0.007911496754317293,0.00039149630860522977,-3.6221650678847084e-11,2.686845106616028e-11,-5.011362158580113e-11,1.7512546968134757e-11
header,2024-11-17_2024-11-23,important,0.05,5,4,0.9467698025000001,0.09960625,0.10255700551393827,0.07992888071517422,0.8157622857500002,0.043256794304387565,0.7338503425,0.85120686625,0.101585,0.0008019908821177473,0.1002025,0.10258,0.09782765191386264,0.002485374836080535,0.09538973523663265,0.10257828076595102,0.07948731047588824,0.0007447104079029182,0.07811124287297373,0.08025424391946001,-0.13062231175000003,0.04272500932392835,-0.21172895375,-0.09608385750000004,0.001929000000000003,0.00037214194200600644,0.001579999999999998,0.0025412500000000088,-0.005213459625752212,0.0012279877997619692,-0.007196171312841823,-0.0037542531684336827,-0.0002112963720935862,8.784439661579e-05,-0.00031656323392807717,-0.00010028186893402957
header,2024-11-17_2024-11-23,important,0.1,5,8,0.9467698025000001,0.09960625,0.10255700551393827,0.07992888071517422,0.8087678992499999,0.022249327058432588,0.7768226949999999,0.83724440125,0.10501225,0.004154106281741,0.10063625,0.11037375,0.09935675928622167,0.0018570308314277756,0.09689330230522943,0.10209456099074499,0.07905337634656011,0.000674527180685837,0.0781475329046403,0.08011907738019554,-0.13761669825000006,0.02242318020610659,-0.1699471075000002,-0.10833489500000004,0.005356250000000004,0.0036048712702397598,0.0020025000000000043,0.010087500000000013,-0.003684352253393186,0.000677201511700107,-0.0046334992025046234,-0.002781511905892431,-0.0006452305014217202,0.0005551197210702823,-0.0013423997435224044,-0.00011428495054272014
header,2024-11-17_2024-11-23,random,0.01,100,1,0.9467698025000001,0.09960625,0.10255700551393827,0.07992888071517422,0.9440990752625001,0.010337674256139363,0.848103085,0.94780483625,0.10009841249999997,0.0016573907284399626,0.09839375,0.10823375,0.10310073756187865,0.0026666546191933733,0.0951160872449324,0.10992315453830874,0.07931568561456481,0.01574730387551823,0.00526030456428221,0.19676092174378698,-0.002285522237500034,0.010364089973619003,-0.09866671750000011,0.0009696750000000032,0.00044241250000000304,0.0014834710168954263,-0.00022124999999999229,0.008645,5.9626022263774145e-05,0.0016794727898526527,-0.007440918269005878,0.007080015825924921,-0.00038292123341700473,0.015685949366078332,-0.07449052789809459,0.11640639595539294
header,2024-11-17_2024-11-23,random,0.05,100,4,0.9467698025000001,0.09960625,0.10255700551393827,0.07992888071517422,0.9313752654874999,0.034270063725593373,0.7058468299999999,0.94809351625,0.10089353749999999,0.0023829328964993417,0.09825875,0.10994625,0.10339376166658214,0.0045146908629868105,0.08611668380988452,0.11452246020780806,0.08392280672058382,0.03150529689267296,0.0035227608889545096,0.1967545983119826,-0.015009332012500032,0.03434490438754132,-0.24144389375000008,0.0015161525000000342,0.0012375375000000027,0.0021658633271097105,-0.0005649999999999961,0.010541250000000002,0.0003526501269672554,0.0038318901965005317,-0.013558130401237337,0.01072439488156239,0.004224199872601983,0.03146833993894873,-0.07640611982621971,0.11640007252358857
header,2024-11-17_2024-11-23,random,0.1,100,8,0.9467698025000001,0.09960625,0.10255700551393827,0.07992888071517422,0.926808870025,0.036395061780322056,0.7237901237500001,0.94750709875,0.10182256250000002,0.002854737561137407,0.09760125,0.1103075,0.10408381767874271,0.005482672053767276,0.08935522832163058,0.12084664970518011,0.08223378047175524,0.041461313643025445,0.003178855112645553,0.1939791448578204,-0.01957572747500003,0.03628607442296549,-0.22178917249999996,0.0009739475000001274,0.0021665625000000027,0.002680404577525331,-0.0009462499999999957,0.01070125000000001,0.0010427061391278534,0.005292055957822819,-0.013201777192307695,0.014514115770795408,0.002535173623773418,0.041461935841849006,-0.07690955683190884,0.11362461906942635
header,2024-11-24_2024-11-30,baseline,0.0,5,0,0.94546534625,0.0953275,0.09429902300957795,0.07215541742765202,0.9453218919999999,0.0005478102617658924,0.94440290875,0.94610997875,0.096724,0.0010082011828003387,0.0953275,0.0983575,0.09143328977758104,0.0030002808878607564,0.08707041505966213,0.09429902300957795,0.07179841050556376,0.0011801379877088016,0.07025088037092847,0.07371765354347598,0.0,0.0,0.0,0.0,0.0,0.0,0.0,0.0,0.0,0.0,0.0,0.0,0.0,0.0,0.0,0.0
header,2024-11-24_2024-11-30,important,0.01,5,1,0.94546534625,0.0953275,0.09429902300957795,0.07215541742765202,0.868596464,0.03790910160157616,0.84013180625,0.9430370987500001,0.09737525,0.0010683174270786717,0.09628875,0.09914875,0.08575588399182418,0.002111479595061857,0.08157842268816633,0.08734621791404643,0.07179841047118114,0.0011801379891913646,0.07025088031939905,0.07371765349069043,-0.07672542799999997,0.0383310473315288,-0.10533354000000006,-0.0013658099999999118,0.0006512499999999976,0.00034363407136080534,-1.6250000000009313e-05,0.0009612500000000107,-0.005677405785756856,0.0029811450718690608,-0.007474045937385557,0.0002758028543842911,-3.43826106474765e-11,3.5153995082216637e-11,-5.278555370580307e-11,3.591821284842922e-11
header,2024-11-24_2024-11-30,important,0.05,5,4,0.94546534625,0.0953275,0.09429902300957795,0.07215541742765202,0.8115263232500001,0.03188442530974152,0.75054638125,0.8353379025,0.0975895,0.0012154352615421358,0.09534375,0.09864,0.08755840784503696,0.003650909978434457,0.08244832508787106,0.09086182890678833,0.07121012026293563,0.0012879654043616475,0.06946285568089434,0.07325946641052117,-0.13379556875000004,0.031531130747849835,-0.19385652750000004,-0.11006200625000007,0.0008654999999999996,0.0009076231321424085,1.6250000000009313e-05,0.0021712499999999996,-0.0038748819325440916,0.0007207729067034643,-0.0047553410601851726,-0.0028457951336754855,-0.0005882902426281311,0.0003074262642752337,-0.0010283384296329717,-0.00011873572139391164
header,2024-11-24_2024-11-30,important,0.1,5,8,0.94546534625,0.0953275,0.09429902300957795,0.07215541742765202,0.793700818,0.023420723072764642,0.7619966725,0.8232063437499999,0.10038450000000002,0.003240840612402899,0.09736875,0.10560875,0.0889918741079053,0.002461181766545432,0.08517428389245425,0.09191893512275044,0.07011589018282822,0.0006740179072308204,0.06925235318412823,0.07097161229735083,-0.151621074,0.02367925941878976,-0.18346867374999998,-0.12119656500000009,0.003660499999999997,0.0034748610224007537,0.0004249999999999948,0.008428749999999999,-0.0024414156696757477,0.0009551901097319476,-0.00395688925101409,-0.0014191157518505526,-0.0016825203227355313,0.0010257496911840113,-0.002969141827980429,-0.0007621493965946358
header,2024-11-24_2024-11-30,random,0.01,100,1,0.94546534625,0.0953275,0.09429902300957795,0.07215541742765202,0.9435923451249999,0.004511540235679031,0.9162779225,0.94643778125,0.09694596249999998,0.0013347013811031852,0.09521625,0.1033925,0.09157522749141421,0.003259042182916758,0.08539873719396804,0.1001206810918112,0.07396831162913738,0.023496846894851504,0.06526720321134916,0.30734988533942953,-0.0017295468749999765,0.004508816317660864,-0.029832056250000072,0.000937730000000081,0.0002219624999999982,0.0007558863021108066,-0.00043875000000000164,0.005077499999999999,0.00014193771383316553,0.0013459032647980267,-0.0039016550694185442,0.006597408107107183,0.0021699011235736267,0.023270415204335728,-0.004983677159579314,0.23363223179595355
header,2024-11-24_2024-11-30,random,0.05,100,4,0.94546534625,0.0953275,0.09429902300957795,0.07215541742765202,0.9284123236874998,0.029847218852382753,0.8030724324999999,0.9462682737499999,0.0978368125,0.0019530686381867765,0.09527625,0.10542375,0.09132737258719045,0.004569067519670901,0.07496660331280809,0.10227182487508853,0.07511910753865422,0.03819695385806928,0.012467779877010197,0.30734988528567136,-0.016909568312499984,0.029819138160697357,-0.14215888499999996,0.0008029274999998837,0.0011128124999999992,0.0017439487733929434,-0.0007000000000000062,0.007066249999999996,-0.00010591719039058631,0.0033538254119309992,-0.013599510480689192,0.007972801865510581,0.0033206970330904757,0.037998344301986675,-0.059058377492584496,0.23363223174219538
header,2024-11-24_2024-11-30,random,0.1,100,8,0.94546534625,0.0953275,0.09429902300957795,0.07215541742765202,0.9161065039374999,0.042581266038544556,0.6969620575,0.94575572625,0.09835731250000002,0.002292014277708311,0.09480625,0.1062325,0.0923437529538418,0.005993403094450118,0.07368618248408938,0.10662601464697714,0.08104611365304824,0.06407038045325635,0.00845783803091445,0.29631762247985605,-0.029215388062499983,0.04254054825539406,-0.24744085125000004,-0.00020473999999992554,0.0016333124999999983,0.0020662901189012037,-0.0008787500000000115,0.008478749999999993,0.0009104631762607618,0.004890183533826704,-0.013384232575572752,0.012326991637399198,0.009247703147484479,0.06395672319872946,-0.0634723550614711,0.22259996893638007
header,2024-12-01_2024-12-07,baseline,0.0,5,0,0.92503348,0.10289875,0.06947324263207363,0.07672369449508483,0.9257452222500001,0.0009628363217040901,0.9245545450000001,0.9269237275,0.10280625000000002,0.0007566286242272346,0.1013425,0.1033925,0.06855893799981298,0.0006821391140141183,0.06773036923154131,0.06947324263207363,0.07665917017661569,0.00031294374624109934,0.07618121521080642,0.07713579450649091,0.0,0.0,0.0,0.0,0.0,0.0,0.0,0.0,0.0,0.0,0.0,0.0,0.0,0.0,0.0,0.0
header,2024-12-01_2024-12-07,important,0.01,5,1,0.92503348,0.10289875,0.06947324263207363,0.07672369449508483,0.8475955662499999,0.03356448219218439,0.82112731,0.9132042462500001,0.10327125000000001,0.0007646874361462978,0.1018875,0.10397625,0.06298093820229314,0.0032604827161572206,0.06008935253604284,0.06928839010647042,0.07665917015052526,0.000312943737817199,0.07618121516683021,0.077135794462401,-0.07814965600000001,0.033781318597451024,-0.10390616999999991,-0.012174895000000019,0.0004650000000000043,0.0001883099174233809,9.125000000000105e-05,0.0005837500000000079,-0.005577999797519854,0.002891082821428768,-0.007641016695498472,0.0001672808203866949,-2.6090427041047802e-11,3.522197989467634e-11,-4.408991227666803e-11,4.435062039842563e-11
header,2024-12-01_2024-12-07,important,0.05,5,4,0.92503348,0.10289875,0.06947324263207363,0.07672369449508483,0.78742195125,0.02672658347836625,0.7405818725,0.8139819225,0.10371174999999999,0.0014773374699099734,0.1014775,0.10575,0.06358012144245925,0.0009965579344896464,0.062390205754281954,0.06520365916238277,0.07645667415595589,0.0003518922321519865,0.07591901301526138,0.07702840835084403,-0.13832327100000003,0.02633192577826321,-0.18479726875000013,-0.11294180499999995,0.0009055000000000007,0.0010230703177201458,-0.0004037499999999944,0.0023574999999999985,-0.004978816557353714,0.00040470463950874927,-0.005340163477259359,-0.004269583469690863,-0.000202496020659787,0.00010872837280999593,-0.00032147665382468993,-4.0604181671094475e-05
header,2024-12-01_2024-12-07,important,0.1,5,8,0.92503348,0.10289875,0.06947324263207363,0.07672369449508483,0.7449989412500001,0.024129828744306837,0.7048965375,0.7706113725,0.10607599999999999,0.0033077841336761962,0.1017225,0.110395,0.06480976579234135,0.00081795748260178,0.06375645400042557,0.06619431229239055,0.07647063873769414,0.0003385128313895762,0.07594477632446192,0.07688285195959496,-0.180746281,0.023640766988979607,-0.22013694249999993,-0.1547677687500001,0.0032697499999999992,0.0028880368981368623,0.00037999999999999146,0.007023749999999995,-0.0037491722074716265,0.0006980903459900057,-0.0045758537259138615,-0.0029267969936931787,-0.00018853143892154644,8.79699062962846e-05,-0.00028625821202431234,-6.562630383592782e-05
header,2024-12-01_2024-12-07,random,0.01,100,1,0.92503348,0.10289875,0.06947324263207363,0.07672369449508483,0.918166311125,0.02315609455840055,0.82112731,0.92980545,0.10305963750000002,0.0009925037200024735,0.1011575,0.10889375,0.06810766956225404,0.0020052403591258303,0.06130197007954587,0.07076402979380239,0.07507919584785691,0.010066400272100791,0.004714127881384238,0.07713580331937067,-0.0075789111250000075,0.022978897793903445,-0.10390616999999991,0.0029702325000000585,0.0002533875000000012,0.0006712802668921157,-0.0004524999999999946,0.005995,-0.00045126843755893044,0.0019790338365754754,-0.006877078844357287,0.001570815373052925,-0.0015799743287587614,0.009996201451093962,-0.07146708732942218,0.00023460814265494068
header,2024-12-01_2024-12-07,random,0.05,100,4,0.92503348,0.10289875,0.06947324263207363,0.07672369449508483,0.9162913701875,0.01828389470648115,0.8171551149999999,0.9302333825,0.1036954,0.0018021234773178004,0.10092375,0.110475,0.0690709655134493,0.0024809373462972143,0.06037275427229521,0.07397879186890755,0.08160458316046283,0.03670115042274073,0.0047048556901813175,0.2181971426590804,-0.009453852062500013,0.01803222339758184,-0.10787836500000003,0.0033096550000000224,0.0008891500000000012,0.0016422965711161914,-0.0011887500000000023,0.0081325,0.0005120275136363152,0.002425104089185855,-0.009100488359778426,0.005242149910184582,0.004945412983847149,0.03670442909181457,-0.07204082169242228,0.1410613481525895
header,2024-12-01_2024-12-07,random,0.1,100,8,0.92503348,0.10289875,0.06947324263207363,0.07672369449508483,0.8962288080125,0.03887947408466059,0.7569651375,0.9272475812500001,0.10474655000000002,0.00255507485286635,0.1003875,0.1136275,0.06871750437178702,0.004623218475100977,0.0546713409391441,0.07821789705063434,0.08000596481488645,0.04646296492590892,0.003930886123988114,0.21761580756581442,-0.02951641423750002,0.03883136701255248,-0.16758940750000006,0.0018684399999999712,0.0019403000000000011,0.002585605303405761,-0.0009549999999999975,0.010256250000000008,0.00015856637197405362,0.004461083769315482,-0.013936578665714565,0.008744654418560704,0.0033467946382707585,0.046433619236370516,-0.07253105250726924,0.14087013018321082
header,2024-12-08_2024-12-14,baseline,0.0,5,0,0.9406641599999999,0.10167,0.08782204708038496,0.07228235665388864,0.9414599275000001,0.0005052248683724011,0.9406641599999999,0.9420387775,0.10156725,0.0006031528620507389,0.101085,0.10270125,0.09131788690548548,0.002131418610819824,0.08782204708038496,0.09364082631854398,0.07187559837474847,0.0012741829696208077,0.07022485910992234,0.07368163191456413,0.0,0.0,0.0,0.0,0.0,0.0,0.0,0.0,0.0,0.0,0.0,0.0,0.0,0.0,0.0,0.0
header,2024-12-08_2024-12-14,important,0.01,5,1,0.9406641599999999,0.10167,0.08782204708038496,0.07228235665388864,0.8714404475,0.03465031811207151,0.8457931825,0.93933988125,0.10245975,0.0008752497500713746,0.1011,0.1037575,0.08615560054235505,0.004468813366946722,0.08108097872107344,0.0942550368890792,0.07187559834239884,0.0012741829782857736,0.07022485906164394,0.07368163186754005,-0.07001947999999995,0.034533844647215484,-0.09487097749999984,-0.002172392499999898,0.0008925000000000044,0.0004465555676508819,1.5000000000001124e-05,0.001221250000000007,-0.0051622863631304305,0.002890431444596648,-0.006741068359311528,0.0006142105705352202,-3.2349631307049266e-11,3.149712575481692e-11,-4.861477886919374e-11,3.063453657414783e-11
header,2024-12-08_2024-12-14,important,0.05,5,4,0.9406641599999999,0.10167,0.08782204708038496,0.07228235665388864,0.8174649432499999,0.025108198142078573,0.76929821125,0.8381184912499999,0.10341975,0.0013187265163785821,0.10192125,0.10569875,0.08766110186375933,0.0019503352608058555,0.08446925410368455,0.08956764125546456,0.07187148801372041,0.0012592064373048784,0.07022826441359867,0.0736666998025158,-0.12399498424999995,0.025245343116442654,-0.17221406249999993,-0.10304184125000004,0.001852500000000004,0.0009237650540045341,0.0007825000000000054,0.0029975,-0.0036567850417261486,0.0008599416042938748,-0.005236898784548735,-0.0026234238527494264,-4.110361028045184e-06,2.236031936782175e-05,-3.7644487558455286e-05,3.0483576367132392e-05
header,2024-12-08_2024-12-14,important,0.1,5,8,0.9406641599999999,0.10167,0.08782204708038496,0.07228235665388864,0.7933766557499998,0.023416382537409308,0.7591681162499999,0.8234258937499999,0.10592249999999999,0.003280173585345754,0.10207875,0.10995625,0.08887082982937791,0.0032444432391059166,0.08369110441146527,0.09196168045365836,0.07193351684574974,0.0012478813181212242,0.07034451928107903,0.07372651330734091,-0.14808327174999997,0.023314002834179386,-0.18149604374999995,-0.11808638000000005,0.00435525,0.003293064719983499,0.0009399999999999964,0.008715,-0.0024470570761075533,0.0011760561669133733,-0.004130942668919696,-0.0010671176234841456,5.791847100128089e-05,3.43416875912893e-05,1.8584617652292468e-05,0.00011966017115669358
header,2024-12-08_2024-12-14,random,0.01,100,1,0.9406641599999999,0.10167,0.08782204708038496,0.07228235665388864,0.93785713955,0.010918622978548195,0.8457931825,0.9430096925,0.1017657625,0.0009386397221345101,0.10054375,0.1074325,0.09135400006651521,0.002687316363935137,0.08108097872107344,0.09710664858952887,0.07265883939223346,0.01652954616094575,0.008042336119637651,0.22381208748824788,-0.003602787949999938,0.010848096416366422,-0.09487097749999984,0.0009709150000000166,0.0001985125000000014,0.0007827738876704754,-0.0007812499999999972,0.006293750000000001,3.611316102973605e-05,0.0016124163503174068,-0.006741068359311528,0.005051328281009501,0.0007832410174850104,0.016528316610549484,-0.062182522990284685,0.1531682020104685
header,2024-12-08_2024-12-14,random,0.05,100,4,0.9406641599999999,0.10167,0.08782204708038496,0.07228235665388864,0.9292035767750001,0.025005212691732087,0.8157620050000001,0.9433363612500001,0.1026779125,0.0018677165374378286,0.1000025,0.1097425,0.09163577174031266,0.003831545257957017,0.07906667034762636,0.10037583254972435,0.07708144970173075,0.033397691036285246,0.006814124395849124,0.23445958888712298,-0.012256350724999941,0.024976327018517545,-0.12490215499999979,0.0014122675000001195,0.0011106625000000016,0.0018088680460356288,-0.0012387500000000107,0.00807250000000001,0.0003178848348271712,0.0033030968316521635,-0.014574155970917615,0.006735006231180368,0.005205851326982314,0.03340286191246078,-0.06432651182001867,0.16423472977720066
header,2024-12-08_2024-12-14,random,0.1,100,8,0.9406641599999999,0.10167,0.08782204708038496,0.07228235665388864,0.9233615360249999,0.02509499286158293,0.81279076125,0.9432757012499999,0.1032902375,0.0025041291818152576,0.0993825,0.11157,0.09177928625341984,0.005257059253599708,0.07629090846251553,0.10108793366877121,0.07425755344409957,0.047941192133119453,0.0064747523546506095,0.24080500919969242,-0.018098391474999934,0.025163600731895122,-0.12913333249999992,0.0013516074999999628,0.0017229875000000026,0.0024716714353284802,-0.0018587500000000062,0.010485000000000008,0.000461399347934356,0.0047978815505166595,-0.011531138617869433,0.008643451094420093,0.0023819550693510863,0.04789926625473158,-0.06587828685664819,0.16852265254580379
imports,2024-09-22_2024-09-28,baseline,0.0,5,0,0.90469805625,0.18103125,0.05739563431109386,0.04297790519110063,0.90951788325,0.0033100722628124643,0.90469805625,0.914999015,0.17585774999999998,0.008548866533055711,0.16080125,0.18380125,0.056792047807634506,0.0014565531579592836,0.054496218461513105,0.05877969461622947,0.04282316729854595,0.000502752894590167,0.04213796068387148,0.04357480664434657,0.0,0.0,0.0,0.0,0.0,0.0,0.0,0.0,0.0,0.0,0.0,0.0,0.0,0.0,0.0,0.0
imports,2024-09-22_2024-09-28,important,0.01,5,13,0.90469805625,0.18103125,0.05739563431109386,0.04297790519110063,0.8696324360000001,0.017481654249988092,0.83486778875,0.8818623175,0.177379,0.008177380058735195,0.16468125,0.186565,0.05485649888234656,0.001627376248201987,0.05260477011976712,0.057085989439073004,0.08363543464291248,0.0008425140492161923,0.08221252793080261,0.08471685817533772,-0.039885447249999914,0.017286460335956093,-0.0741855025,-0.027162478749999774,0.0015212500000000018,0.0040557250430718235,-0.006373749999999984,0.005007499999999998,-0.0019355489252879457,0.00030987783133959695,-0.0025418094595562463,-0.0016937051771564668,0.04081226734436653,0.0007722419996980326,0.04007456724693113,0.04230505061936292
imports,2024-09-22_2024-09-28,important,0.05,5,65,0.90469805625,0.18103125,0.05739563431109386,0.04297790519110063,0.8168006592499999,0.03357430728340998,0.75140242,0.8432495337500001,0.18002875000000002,0.007880383754932243,0.16824875,0.19006375,0.05234766620067123,0.001641200706274328,0.05040998998288326,0.05481079212980428,0.08366159811521658,0.0010656488126739355,0.08228274215324706,0.08543095401059843,-0.0927172239999999,0.03331701303173355,-0.15721893374999996,-0.0669681662499998,0.004170999999999997,0.004052848180600895,-0.0037112499999999993,0.007447499999999996,-0.004444381606963278,0.0005804983855587247,-0.005213117972615151,-0.003869591340341094,0.04083843081667064,0.0010551744028471153,0.03966651975406743,0.04241759759316219
imports,2024-09-22_2024-09-28,important,0.1,5,129,0.90469805625,0.18103125,0.05739563431109386,0.04297790519110063,0.773705687,0.045265964328440746,0.6887973749999998,0.8125733187499999,0.18023175,0.007960663822822815,0.16800875,0.18993625,0.051454826702241795,0.0017506579467093583,0.04931865184348773,0.05362245461821858,0.08365106538432412,0.0013474252310588769,0.08239323116914365,0.08612378343471161,-0.13581219625000002,0.0444325349136766,-0.21982397875000015,-0.09814500125000003,0.0043740000000000055,0.003914572965216003,-0.0032999999999999974,0.007207500000000006,-0.005337221105392696,0.0007319754915668102,-0.006626331818608909,-0.00443805326432016,0.04082789808577818,0.00133248918405528,0.039614494631345795,0.04311042701727537
imports,2024-09-22_2024-09-28,random,0.01,100,13,0.90469805625,0.18103125,0.05739563431109386,0.04297790519110063,0.908196891125,0.005839276783370847,0.89021103125,0.92028571125,0.17600546250000002,0.008552884085308228,0.1601075,0.1840875,0.056830733696624336,0.0014619472235053261,0.05420799729342373,0.05907272581640616,0.04341738798591127,0.005507467317841977,0.04174893439844003,0.08309320607545323,-0.0013209921249999713,0.005118925108567605,-0.01884226,0.01123242000000002,0.0001477124999999979,0.0004318181784255371,-0.000693749999999993,0.0020850000000000035,3.8685888989836504e-05,0.00016431710427779555,-0.0005358337749043138,0.00031156059414808035,0.0005942206873653286,0.005479871084129109,-0.0008826405087395822,0.03951839943110666
imports,2024-09-22_2024-09-28,random,0.05,100,65,0.90469805625,0.18103125,0.05739563431109386,0.04297790519110063,0.8995928231375,0.0152797019885697,0.83645777125,0.9191695999999998,0.17561204999999996,0.009472760689405701,0.1516425,0.18579,0.056778487820056366,0.0017015817602378175,0.05300004294975737,0.05952250602090428,0.04337997916055986,0.007950806121258727,0.04042127741520109,0.08287348240548317,-0.009925060112499988,0.015386937496536227,-0.07259552000000002,0.008975747500000075,-0.00024570000000000174,0.002655894831078594,-0.010088750000000007,0.002542500000000003,-1.3559987578138574e-05,0.0006816973874511166,-0.0026449711681470964,0.0010470514318958526,0.0005568118620139252,0.007942292046562051,-0.001716683268670395,0.04037211215571581
imports,2024-09-22_2024-09-28,random,0.1,100,129,0.90469805625,0.18103125,0.05739563431109386,0.04297790519110063,0.8890950014749999,0.022490955587946056,0.7908168125,0.9190603412499999,0.17576712500000005,0.009490334262915874,0.1510325,0.1864025,0.05667596838550482,0.0017499084462707748,0.052797876587978944,0.059954454062481795,0.044701936753742205,0.01239737247201847,0.03900226567334994,0.08535271742012707,-0.020422881774999988,0.022834606115293678,-0.1241822025,0.010438987499999941,-9.062500000000223e-05,0.0028845101051781755,-0.009931250000000003,0.0031724999999999948,-0.00011607942212967918,0.0007932736505125951,-0.002673943814223728,0.0013008130789413375,0.0018787694551962606,0.012376612093183656,-0.003409541882624864,0.042374812229026435
imports,2024-09-29_2024-10-05,baseline,0.0,5,0,0.9188401962499999,0.18581625,0.0747738659281921,0.05284324861252525,0.92114664975,0.0012924426162932525,0.9188401962499999,0.922309875,0.1714365,0.011510959245432158,0.15549375,0.18581625,0.07709350467893446,0.002249522148629835,0.07452001530575199,0.07968547091624216,0.05327800219364144,0.00043501563695072043,0.05281725352870709,0.053917900403113166,0.0,0.0,0.0,0.0,0.0,0.0,0.0,0.0,0.0,0.0,0.0,0.0,0.0,0.0,0.0,0.0
imports,2024-09-29_2024-10-05,important,0.01,5,13,0.9188401962499999,0.18581625,0.0747738659281921,0.05284324861252525,0.8855788735000001,0.01407125464962266,0.8577543700000001,0.8951145075,0.17435474999999998,0.01213136604529762,0.15777,0.1887675,0.07590027066292857,0.002311918525991836,0.07311618327828144,0.07878260299973536,0.10398828528807107,0.0019999848201066044,0.10249932460228159,0.10785358371735237,-0.03556777624999996,0.014771636652132845,-0.06454167624999996,-0.02485612249999991,0.0029182500000000055,0.0008569818405310498,0.0019125000000000114,0.004412499999999986,-0.0011932340160058729,0.00022491979595644858,-0.0014353355488740255,-0.0009028679165068026,0.05071028309442963,0.0016361507659716289,0.049590434776615636,0.05393568331423921
imports,2024-09-29_2024-10-05,important,0.05,5,65,0.9188401962499999,0.18581625,0.0747738659281921,0.05284324861252525,0.83089614925,0.03378378755087421,0.76989575375,0.871131685,0.17706775,0.011961472641359843,0.160295,0.1919525,0.072622454266654,0.0020903049521920716,0.06955320801724527,0.07524932186638354,0.10419967709327663,0.0024418254638954007,0.10151809968759656,0.10769175897609962,-0.09025050049999997,0.033473742531457996,-0.15082467625000007,-0.05043501624999991,0.005631250000000004,0.0006345347705208928,0.004801250000000007,0.006183750000000016,-0.004471050412280455,0.0006155958988970228,-0.005353494724946048,-0.0037338976232083043,0.050921674899635186,0.0020704826048681666,0.04833896327574248,0.05377385857298645
imports,2024-09-29_2024-10-05,important,0.1,5,129,0.9188401962499999,0.18581625,0.0747738659281921,0.05284324861252525,0.7885993745000001,0.04197831399976593,0.71141387625,0.8286935525000001,0.1771425,0.011880633137589929,0.16060625,0.1911575,0.07120170142548166,0.002337356717520633,0.06730283545366805,0.0738627266388392,0.1040786425173611,0.0027375701560139847,0.10132415910514436,0.10742912275213036,-0.13254727524999993,0.04148838697714899,-0.20930655375000007,-0.09361632249999985,0.005706000000000011,0.0006516466642283855,0.00511250000000002,0.006962499999999983,-0.005891803253452779,0.0009050092012567145,-0.007217179852083935,-0.00464709153720462,0.050800640323719656,0.00236645790670313,0.04814502269329028,0.05362183427535706
imports,2024-09-29_2024-10-05,random,0.01,100,13,0.9188401962499999,0.18581625,0.0747738659281921,0.05284324861252525,0.9192010961499999,0.005787910460932293,0.8886047575,0.92827001375,0.171519425,0.011416187403228147,0.15520625,0.1876025,0.07709780940231602,0.002300262340062665,0.07325729653705211,0.0804296968609183,0.053552591367257714,0.004813871466168568,0.05221211487222307,0.10126367448802749,-0.001945553599999975,0.005781909470996756,-0.03370511749999994,0.009429817500000048,8.292500000000841e-05,0.0004821835173199105,-0.0009487499999999982,0.0020550000000000013,4.304723381574477e-06,0.0003328258694288591,-0.0012627187686998775,0.0007834315054564001,0.0002745891736162713,0.004845147951763917,-0.0009570688679439651,0.04842042587550224
imports,2024-09-29_2024-10-05,random,0.05,100,65,0.9188401962499999,0.18581625,0.0747738659281921,0.05284324861252525,0.911853815475,0.014229918766426451,0.8477293674999999,0.9274476537500002,0.17149740000000002,0.011587400713814122,0.15472125,0.18794625,0.077154967273144,0.002331755576790796,0.07308337348944205,0.08087873048747488,0.05599571180142977,0.013517602892071635,0.0504647605729241,0.10512964881627129,-0.009292834274999972,0.014183389975409556,-0.07299106250000009,0.006220777500000163,6.090000000000789e-05,0.0010948551856295886,-0.008842500000000003,0.0021300000000000208,6.146259420955591e-05,0.0007894301318651645,-0.00231975221501797,0.0017318262894815,0.0027177096077883435,0.01355524982436002,-0.002865798183855503,0.05195051240441721
imports,2024-09-29_2024-10-05,random,0.1,100,129,0.9188401962499999,0.18581625,0.0747738659281921,0.05284324861252525,0.9064593622125,0.016591058933611496,0.8349702562500001,0.92430725375,0.17146435000000002,0.011619183077566167,0.1548325,0.188015,0.07717597550989996,0.0024500391350491288,0.07317633627726716,0.08185625266491665,0.05527352329297144,0.014703785424048786,0.049260766307044956,0.1045211612985225,-0.014687287537499972,0.016886887878044154,-0.08732578999999996,0.004429118750000072,2.7850000000008144e-05,0.0018381491547205845,-0.009731249999999997,0.004060000000000008,8.247083096551603e-05,0.0010225503169067629,-0.0029135112152620934,0.0023660633129782976,0.001995521099330008,0.01471729270442738,-0.0038261964115413397,0.05134202488666842
imports,2024-10-06_2024-10-12,baseline,0.0,5,0,0.88130156875,0.21577875,0.027287013873751327,0.03233407829951868,0.8858759565,0.0031653482817434165,0.88130156875,0.8907890575,0.21480675,0.012363318036635635,0.1920425,0.22857125,0.02793180765155188,0.0011253963663203012,0.02689253874067679,0.03005428163448121,0.03238155952888298,0.00013665815368585693,0.03219254620396581,0.03261243915344633,0.0,0.0,0.0,0.0,0.0,0.0,0.0,0.0,0.0,0.0,0.0,0.0,0.0,0.0,0.0,0.0
imports,2024-10-06_2024-10-12,important,0.01,5,13,0.88130156875,0.21577875,0.027287013873751327,0.03233407829951868,0.84113794725,0.011825960636212239,0.81823945125,0.85018709,0.21822425,0.012330136419561632,0.19548875,0.23211875,0.02694407927396105,0.00110071407211308,0.025731794121834243,0.028925206555599322,0.06323789204101285,0.000881767068701611,0.062305545708659316,0.06491389909003956,-0.044738009249999974,0.01279365572263287,-0.06934351375000003,-0.03313183249999996,0.0034175000000000013,0.0003235245353910661,0.002937499999999982,0.003912500000000013,-0.0009877283775908297,0.00015081745362092782,-0.0011607446188425484,-0.0008062600669920053,0.030856332512129863,0.0008469546879667734,0.030112999504693504,0.032497317301951094
imports,2024-10-06_2024-10-12,important,0.05,5,65,0.88130156875,0.21577875,0.027287013873751327,0.03233407829951868,0.7848623822499999,0.0270739447320809,0.73300260875,0.8090816724999998,0.22286025,0.0121255150766885,0.20058125,0.2366275,0.02563692938225285,0.0010771602134003163,0.0243761389360895,0.027635694663717573,0.06310962931118054,0.0008179141139083164,0.06216048938402066,0.06430561748350241,-0.10101357425000002,0.02677832530959216,-0.15196710000000002,-0.07850129250000015,0.008053499999999991,0.000514629964148997,0.007443749999999999,0.008709999999999996,-0.0022948782692990347,0.00024678262231867584,-0.00252706900022618,-0.0019073936555181713,0.030728069782297567,0.0008915951498801734,0.02954805023057433,0.03188903569541395
imports,2024-10-06_2024-10-12,important,0.1,5,129,0.88130156875,0.21577875,0.027287013873751327,0.03233407829951868,0.7451231399999999,0.0361049497361875,0.68185365125,0.78720155875,0.22335874999999997,0.012498025669080698,0.20021875,0.237235,0.025205484735168333,0.0011744947132628048,0.02353752312623241,0.027174109764441103,0.06310412548125519,0.0010545466694908058,0.06193372477759955,0.06453087781344731,-0.14075281650000002,0.03485277342492275,-0.20311605750000006,-0.10038140625000003,0.008551999999999999,0.0002976392531236452,0.008176249999999996,0.008942499999999992,-0.00272632291638355,0.00038188379545989415,-0.00335501561444438,-0.0022004975971241236,0.0307225659523722,0.0011293113453881886,0.029599646478080867,0.0323383316094815
imports,2024-10-06_2024-10-12,random,0.01,100,13,0.88130156875,0.21577875,0.027287013873751327,0.03233407829951868,0.8834754677499999,0.007765077178133758,0.8480164625000001,0.893043015,0.21535416249999995,0.012779687133121404,0.1914625,0.231855,0.02793950997530802,0.0011696948204719506,0.0262672189340044,0.030268255874725612,0.03224894751491425,0.00019149315704947332,0.031664568325108895,0.03297573609346649,-0.002400488750000006,0.007291140891043542,-0.03672001999999985,0.006794975000000147,0.0005474124999999983,0.0013801700558151314,-0.0006612500000000021,0.006483749999999983,7.702323756136367e-06,0.0001402034869469894,-0.0006253198066723913,0.00021656756703487823,-0.00013261201396873833,0.00013208021422214355,-0.0005279778788569167,0.000363296940020158
imports,2024-10-06_2024-10-12,random,0.05,100,65,0.88130156875,0.21577875,0.027287013873751327,0.03233407829951868,0.8758103577125,0.011575026100498242,0.8255612025000001,0.890338125,0.2154096,0.012695344593196357,0.1913825,0.23061625,0.02796679208020257,0.0011705221551036131,0.02649998041875819,0.030627399389325932,0.03250467503757134,0.005060593012067033,0.030769095126008984,0.0618774984170522,-0.010065598787499993,0.011888098313472453,-0.06522785499999995,0.005130755000000042,0.0006028499999999986,0.001445998963519683,-0.0019062499999999982,0.006826249999999978,3.4984428650689165e-05,0.00028700325409562256,-0.0008103078678614352,0.0005881167849087106,0.0001231155086883591,0.0050577939666434585,-0.0015830570733866359,0.02926505926360587
imports,2024-10-06_2024-10-12,random,0.1,100,129,0.88130156875,0.21577875,0.027287013873751327,0.03233407829951868,0.8666536487,0.015661824881641986,0.8030739575000001,0.888050035,0.21588595000000002,0.01302856484700061,0.19022375,0.232035,0.02801469066745268,0.0012276872886963456,0.026111919952499948,0.030736948993647963,0.03326056489066473,0.00854116101974934,0.029930396329523795,0.06447590992472951,-0.01922230779999999,0.015238777189398105,-0.08166252499999982,8.185750000000436e-05,0.0010791999999999967,0.0019021957995958238,-0.0018187500000000079,0.009792499999999982,8.288301590079656e-05,0.00042377118891277,-0.0011750939212513793,0.0011325315650583326,0.0008790053617817494,0.008530900891790783,-0.002505476497325576,0.03214183162521083
imports,2024-10-13_2024-10-19,baseline,0.0,5,0,0.91468590125,0.1914125,0.04392105266743589,0.049265940214868895,0.9153119610000001,0.0018431422576846062,0.9138560212500001,0.91883921375,0.19552425,0.014045106567769432,0.17404375,0.2145275,0.04424931812426752,0.0015941599150438679,0.0416710773167319,0.046120760134968415,0.049161933988690475,0.00028389732149567163,0.048799956963085506,0.04964332648784086,0.0,0.0,0.0,0.0,0.0,0.0,0.0,0.0,0.0,0.0,0.0,0.0,0.0,0.0,0.0,0.0
imports,2024-10-13_2024-10-19,important,0.01,5,13,0.91468590125,0.1914125,0.04392105266743589,0.049265940214868895,0.8841261487499998,0.00865086693492617,0.8674957437499999,0.89155782125,0.199922,0.013756063563025582,0.17821625,0.218305,0.043435804586078666,0.0015701292300820627,0.040864803055808474,0.04530111128545508,0.09605195789553514,0.0011699647053823594,0.09470350160954469,0.09797904918367376,-0.03118581224999999,0.007820271467396417,-0.04636027750000016,-0.02373445875000002,0.0043977499999999945,0.0010442417703769523,0.003576250000000003,0.006446249999999987,-0.0008135135381888592,8.51909729360038e-05,-0.0009151136757826403,-0.0006612234709258147,0.04689002390684468,0.0012286923211168657,0.04570042938491929,0.04917909222058825
imports,2024-10-13_2024-10-19,important,0.05,5,65,0.91468590125,0.1914125,0.04392105266743589,0.049265940214868895,0.827269158,0.03281352740899521,0.76432730125,0.8535495037499999,0.20302099999999998,0.01374978550741793,0.18123375,0.22051375,0.04166581776995208,0.0019184275651684052,0.03851243856763133,0.0438335036244182,0.09594226655386077,0.0016173942774067504,0.09321702482066319,0.09765895110628214,-0.088042803,0.03250202040742461,-0.1495590874999999,-0.060306517500000156,0.0074967499999999965,0.0009577886640590375,0.0059862499999999985,0.008916249999999987,-0.0025835003543154293,0.0003482738903593313,-0.0031586387491005716,-0.002271918732984074,0.046780332565170314,0.001631481383743114,0.04421395259603779,0.04856157705325044
imports,2024-10-13_2024-10-19,important,0.1,5,129,0.91468590125,0.1914125,0.04392105266743589,0.049265940214868895,0.7847721742500001,0.035614360695509176,0.71985041625,0.8227681762500001,0.20342600000000002,0.014039581199238106,0.18152,0.22212375,0.041041326840774515,0.0017922480877757463,0.038458553761057356,0.04317075687552031,0.09569707127471618,0.002022699318878032,0.09265581587883018,0.09833222639594455,-0.13053978674999997,0.03505293009401363,-0.19403597249999993,-0.091087845,0.007901749999999996,0.0004354348401311053,0.00747624999999999,0.008718749999999997,-0.0032079912834930002,0.00041397058551739417,-0.004007148271209918,-0.0028981740867177336,0.046535137286025686,0.002043001896414968,0.04365274365420478,0.049234852342912847
imports,2024-10-13_2024-10-19,random,0.01,100,13,0.91468590125,0.1914125,0.04392105266743589,0.049265940214868895,0.914081755175,0.0033006648228459117,0.90464723625,0.92021648625,0.19549021249999998,0.013993781412487074,0.17341875,0.2146875,0.044241268284945914,0.0015951157757311497,0.041376104370210304,0.046440918195292065,0.04890498138672348,0.00035313390876112077,0.048136676010014715,0.049972639225782364,-0.0012302058250000204,0.0028376956573298064,-0.00928219500000016,0.004613565000000097,-3.4037500000004825e-05,0.0004459814967784529,-0.000938750000000016,0.0019499999999999795,-8.049839321610728e-06,0.00015516306120775557,-0.0005913609337600614,0.00033800465455555845,-0.00025695260196699417,0.00018938013508134477,-0.0006944423327340313,0.0003293127379415048
imports,2024-10-13_2024-10-19,random,0.05,100,65,0.91468590125,0.1914125,0.04392105266743589,0.049265940214868895,0.9067121745625002,0.008306217897436215,0.8806891537500001,0.9182923562499999,0.19535868749999996,0.014283946814710166,0.1676875,0.21536,0.04426403588426078,0.0017117308151166073,0.04081009508636012,0.04705703400486312,0.04890553150249524,0.006592113392417649,0.046552789853698644,0.09654851999571379,-0.00859978643750001,0.0081786836617964,-0.03592180749999996,0.0013109399999999827,-0.00016556250000000465,0.0012857478292685341,-0.006356250000000008,0.003494999999999998,1.4717759993266576e-05,0.0004257028058021334,-0.001306686940973377,0.0009362738698947062,-0.0002564024861952273,0.006580857056772887,-0.0025445841993330595,0.047282579780844894
imports,2024-10-13_2024-10-19,random,0.1,100,129,0.91468590125,0.1914125,0.04392105266743589,0.049265940214868895,0.897910183775,0.011549199028550268,0.8412111225,0.91562061375,0.19542772500000002,0.014336383103161864,0.16816,0.21631875,0.044280722736686214,0.0016734479255738565,0.04064766728063342,0.04723084922320462,0.05005134218449087,0.012090892149099091,0.04483086877495055,0.09858771312224167,-0.01740177722500003,0.011443711327518055,-0.0740811575000001,0.0009347124999999901,-9.65250000000062e-05,0.0014843372003608207,-0.005883749999999993,0.0032487499999999947,3.140461241870764e-05,0.0005587322638580264,-0.0015579224815344545,0.0014315509228203932,0.0008894081958004048,0.012095560086729469,-0.004266505278081152,0.049321772907372774
imports,2024-10-20_2024-10-26,baseline,0.0,5,0,0.90518413375,0.2066725,0.03376037800075242,0.04091215469114716,0.9027885764999999,0.003663173389855486,0.8970316924999999,0.9077185437499999,0.19887025,0.00694417180987049,0.18629375,0.2066725,0.03391296844450344,0.001901488300457728,0.031073098405630793,0.036515943851778275,0.04137882639141431,0.0004055181118575371,0.04091215469114716,0.0419546426155615,0.0,0.0,0.0,0.0,0.0,0.0,0.0,0.0,0.0,0.0,0.0,0.0,0.0,0.0,0.0,0.0
imports,2024-10-20_2024-10-26,important,0.01,5,13,0.90518413375,0.2066725,0.03376037800075242,0.04091215469114716,0.8696084200000002,0.009934184844409985,0.8500556212500001,0.87715608125,0.20380075,0.006517677673067304,0.1919475,0.211555,0.03315370752335399,0.00187211461601168,0.03045418525808078,0.035826708598077246,0.08076629933480116,0.001932879356241473,0.07928809196171653,0.08439816714934067,-0.03318015649999997,0.010148268547229718,-0.05310598,-0.02527603749999985,0.004930499999999999,0.0007128269425323375,0.0036012500000000003,0.005653749999999985,-0.0007592609211494572,0.00012345322354137339,-0.0009186833691894603,-0.0006189131475500126,0.039387472943386855,0.0015794024809826055,0.03832199576115594,0.04244352453377918
imports,2024-10-20_2024-10-26,important,0.05,5,65,0.90518413375,0.2066725,0.03376037800075242,0.04091215469114716,0.811192041,0.02748559954421377,0.7585406175,0.8376742425,0.207034,0.006795832748824825,0.19550125,0.21577375,0.03192866957142716,0.0016823069648935506,0.02946753001688457,0.03404777684818181,0.08083672182149143,0.002061531018893677,0.07843829922261182,0.08401016359239594,-0.09159653549999995,0.02552325459365223,-0.1384910749999999,-0.06317266874999994,0.008163749999999987,0.0009025785976855387,0.006829999999999975,0.00920749999999998,-0.001984298873076281,0.0002845174485210962,-0.0024681670035964637,-0.0016055683887462244,0.039457895430077126,0.0018243155705990153,0.03713606835406043,0.04205552097683444
imports,2024-10-20_2024-10-26,important,0.1,5,129,0.90518413375,0.2066725,0.03376037800075242,0.04091215469114716,0.7699000985000002,0.02666702145837297,0.71898161625,0.7943574,0.2059855,0.0053034103768235695,0.1958525,0.2108975,0.03160829448207523,0.0018176820883173436,0.028845780757988212,0.033956599789767054,0.08077063987450836,0.002376013129076415,0.07793327676816279,0.0841445008431284,-0.13288847799999992,0.023723190133319156,-0.1780500762499999,-0.10880420125000012,0.007115249999999995,0.002390540916821971,0.0025399999999999867,0.009558750000000005,-0.0023046739624282206,0.0001294025633600666,-0.0025593440620112207,-0.0022157093353255553,0.03939181348309405,0.002153691359072539,0.03701240311280313,0.0421898582275669
imports,2024-10-20_2024-10-26,random,0.01,100,13,0.90518413375,0.2066725,0.03376037800075242,0.04091215469114716,0.9011628286249999,0.004969245535852499,0.8835322387500002,0.90957175125,0.19892366250000004,0.007064358718363526,0.1851525,0.20776625,0.033930319986343396,0.0019009387915409073,0.030975228494337467,0.03675201960354272,0.041198166198751246,0.00044729615555075616,0.040308446508776484,0.04267802773532605,-0.0016257478749999632,0.003554923790816168,-0.01731467249999974,0.004387617500000052,5.34124999999952e-05,0.0006476569755424151,-0.0017950000000000188,0.0037562499999999888,1.7351541839957346e-05,0.00010006287895162325,-0.00025256054453545035,0.00023956281448236916,-0.00018066019266305917,0.000165026982363303,-0.0006890839426596726,0.0007233851197645524
imports,2024-10-20_2024-10-26,random,0.05,100,65,0.90518413375,0.2066725,0.03376037800075242,0.04091215469114716,0.8919654684125,0.010988931231752765,0.853340105,0.9041764537499999,0.19921663750000007,0.006904575262314746,0.185325,0.21172,0.0339200190854673,0.0019042546836573488,0.030663167965598315,0.03694416222103836,0.04195404366787368,0.0076412386047804174,0.03927159658845791,0.08040176292964807,-0.010823108087499951,0.0107134176138245,-0.050875895000000004,0.0020850025000000993,0.00034638749999999527,0.001364979314117526,-0.001710000000000017,0.005658750000000018,7.050640963856547e-06,0.00027458761546172663,-0.0008264191992144107,0.0007861324685937768,0.0005752172764593708,0.0075796670689668175,-0.0016549963744944343,0.03867418959927273
imports,2024-10-20_2024-10-26,random,0.1,100,129,0.90518413375,0.2066725,0.03376037800075242,0.04091215469114716,0.8832290102624999,0.013944264220538937,0.8336519487499998,0.9040951562500001,0.19888668749999996,0.00708483039091048,0.179925,0.21327125,0.03389275713309773,0.001931698837269086,0.030417365697982042,0.03744130358898391,0.04258295998153915,0.010937644094394502,0.03785239839708175,0.08335156360654909,-0.01955956623749998,0.013833080246699266,-0.07153218500000014,-0.0010889774999998103,1.643749999999805e-05,0.002398283659561303,-0.0067187499999999956,0.007978750000000007,-2.0211311405711022e-05,0.00040465491602068574,-0.001110040984204877,0.0011801019528034085,0.0012041335901248438,0.01087697280471446,-0.003311838415394147,0.041396920990987594
imports,2024-10-27_2024-11-02,baseline,0.0,5,0,0.89215339,0.20782125,0.022039834863493674,0.03272088961227801,0.8929807932499999,0.0026570890147526605,0.88923092625,0.8972314425000001,0.21073175000000002,0.008218825288628537,0.19674625,0.2196075,0.023156273700313763,0.0016336188077716923,0.02150926323735221,0.02611005125113955,0.03251333487635078,0.0002623699125812548,0.0319990193932953,0.03272088961227801,0.0,0.0,0.0,0.0,0.0,0.0,0.0,0.0,0.0,0.0,0.0,0.0,0.0,0.0,0.0,0.0
imports,2024-10-27_2024-11-02,important,0.01,5,13,0.89215339,0.20782125,0.022039834863493674,0.03272088961227801,0.8531508860000001,0.008841335253444342,0.83686026625,0.8621051662499999,0.21511525000000004,0.008100655814500448,0.2006775,0.22374875,0.022643060509904455,0.0015866964667567269,0.02116717289491655,0.025578913077406052,0.06336337594760197,0.00045429173638385364,0.06267619031957924,0.06409413205363651,-0.03982990725000004,0.009120092827754061,-0.057386822500000045,-0.03249955249999992,0.004383499999999996,0.0008862143504818656,0.0036025000000000085,0.006112499999999993,-0.0005132131904093077,0.00010202945424347814,-0.0006629356135987724,-0.0003420903424356629,0.0308500410712512,0.0006707818241629347,0.0300839113051648,0.03209511266034121
imports,2024-10-27_2024-11-02,important,0.05,5,65,0.89215339,0.20782125,0.022039834863493674,0.03272088961227801,0.7939824917500001,0.02459410109661838,0.75090458,0.8218023862500001,0.21875875000000003,0.007867743998440717,0.20487625,0.22646375,0.02221268416903962,0.001555702085612278,0.02078867495363289,0.025100550948348586,0.06327077380732463,0.0010873447629226344,0.06182763313882368,0.06516639071439154,-0.0989983015,0.023263706163844076,-0.13832634624999995,-0.0702387324999999,0.008026999999999996,0.000989668378801706,0.006607499999999988,0.009589999999999987,-0.0009435895312741415,0.00022054409774853806,-0.001248331804549141,-0.0006631766905330072,0.030757438930973834,0.0011173463131110546,0.029235354124409238,0.03249220027583771
imports,2024-10-27_2024-11-02,important,0.1,5,129,0.89215339,0.20782125,0.022039834863493674,0.03272088961227801,0.751208864,0.020615907657939237,0.7237941212500001,0.7791195974999999,0.21991424999999998,0.007800502571950098,0.2061225,0.22800625,0.022148670497455857,0.0016673500087026393,0.020778493701689785,0.02536581756201786,0.06328359596908335,0.001343822000721366,0.061710798445559725,0.06567034894017942,-0.14177192925000004,0.01833441871888569,-0.1654368049999999,-0.1151274912500001,0.009182499999999988,0.0011992117202562632,0.006821250000000001,0.009986249999999974,-0.0010076032028579103,0.0004453738682811368,-0.0017637711982662896,-0.0005727127694375479,0.030770261092732565,0.0013486232446186025,0.02911851943114528,0.0329961585016256
imports,2024-10-27_2024-11-02,random,0.01,100,13,0.89215339,0.20782125,0.022039834863493674,0.03272088961227801,0.8907861882250002,0.004394094254456468,0.86970713375,0.8986781500000001,0.21070275,0.008164367406985675,0.196205,0.2212625,0.023150217497344628,0.001647054538699063,0.021385255095701647,0.026232688459068516,0.03265075784989207,0.0029907648733055615,0.03159093486322253,0.062295639148511044,-0.0021946050250000303,0.004071571545607339,-0.02106156250000002,0.004669764999999826,-2.9000000000007352e-05,0.0006600395348007587,-0.0010512500000000036,0.0033237499999999864,-6.056202969132521e-06,6.747040630345005e-05,-0.00015667654409864604,0.00019951060222243855,0.00013742297354128296,0.002973306670886537,-0.0004080845300727734,0.0297033601340966
imports,2024-10-27_2024-11-02,random,0.05,100,65,0.89215339,0.20782125,0.022039834863493674,0.03272088961227801,0.8821061291749999,0.009064529324705577,0.8480333387499999,0.8968287149999999,0.21053625,0.008393314756027562,0.192735,0.22097,0.023166747774161923,0.0016431941688221478,0.021244347026761368,0.026632946811969975,0.03291234690282621,0.0058864498835131665,0.030455484406801243,0.06259186436803858,-0.010874664075000031,0.008787811129101842,-0.046213750000000164,0.003016467499999953,-0.00019550000000000844,0.0013027296702501268,-0.004596250000000024,0.004002499999999992,1.0474073848155616e-05,0.00019616216464280004,-0.0004750382130618673,0.0005611428728444223,0.0003990120264754405,0.005894584382790325,-0.0015929899012501192,0.02999958535362414
imports,2024-10-27_2024-11-02,random,0.1,100,129,0.89215339,0.20782125,0.022039834863493674,0.03272088961227801,0.8697373717000001,0.013631403611949588,0.8222584062500001,0.8888448425000001,0.21091934999999995,0.008382469285807137,0.19539125,0.22350875,0.02311506364556002,0.001673520175590799,0.020942735357583234,0.02684551658425558,0.03320715917073871,0.008131109109891288,0.029503443278139956,0.061643502840301095,-0.02324342155000001,0.013674037794233521,-0.07497303624999996,-0.003308547499999981,0.00018759999999999304,0.001663355406625414,-0.00515874999999999,0.004358749999999995,-4.1210054753742996e-05,0.0003120756382271948,-0.0007142873677365019,0.0007354653331160324,0.0006938242943879255,0.008192137048136434,-0.0027413334393442505,0.02950422349916204
imports,2024-11-03_2024-11-09,baseline,0.0,5,0,0.909651515,0.168205,0.025683146852294884,0.034446749565643225,0.9100187620000002,0.0029927649334475503,0.9053962512499999,0.9139641300000001,0.17839524999999998,0.012807534388983698,0.16359125,0.19758625,0.02461760036352074,0.002181077072401338,0.021908348321261897,0.028180606220510992,0.0343908387842969,0.0001869001929874135,0.03418122581789308,0.03469842090958752,0.0,0.0,0.0,0.0,0.0,0.0,0.0,0.0,0.0,0.0,0.0,0.0,0.0,0.0,0.0,0.0
imports,2024-11-03_2024-11-09,important,0.01,5,13,0.909651515,0.168205,0.025683146852294884,0.034446749565643225,0.8628899055000001,0.011256186922802227,0.8409597737499999,0.87100941375,0.1818445,0.012289168467597799,0.1671475,0.20027,0.023395474192320135,0.002227458725808289,0.020594828699803013,0.026940206526256248,0.06698024141825334,0.0007631666492062487,0.0658463337826708,0.06807571160246753,-0.04712885649999998,0.01225669918872915,-0.07147451750000022,-0.038642101250000005,0.0034492500000000035,0.0006185171784194843,0.0026837500000000125,0.004336250000000014,-0.0012221261712006056,0.00010975174134460413,-0.0013135196214588835,-0.00100934779958518,0.03258940263395643,0.0007548364048919722,0.0316352661839285,0.03389448578457445
imports,2024-11-03_2024-11-09,important,0.05,5,65,0.909651515,0.168205,0.025683146852294884,0.034446749565643225,0.792475257,0.03197869747381334,0.7334867787499999,0.8239319425,0.18411400000000003,0.012998678764589879,0.1681825,0.20303,0.022435809033389435,0.00240987208070359,0.019593646381154833,0.026287744948161183,0.0670839810825387,0.0011821269917913003,0.06525323171295679,0.06872579136214998,-0.11754350500000002,0.02941153140295354,-0.1719094725,-0.08850234875000007,0.00571875,0.0006367323809890536,0.004591250000000019,0.006307499999999994,-0.002181791330131308,0.0002858930974468692,-0.002535849186829371,-0.0017976739533680057,0.03269314229824181,0.001142254670587505,0.03104216411421449,0.03430906133253161
imports,2024-11-03_2024-11-09,important,0.1,5,129,0.909651515,0.168205,0.025683146852294884,0.034446749565643225,0.76970501725,0.03552717549151464,0.7142803262499999,0.81057290625,0.1853745,0.012634671780461893,0.17045625,0.20369,0.022393091202175468,0.0024861436420878626,0.01915737811297656,0.026291693789231466,0.06756173511430355,0.0013043382926720421,0.0658978276626441,0.0695061698294483,-0.14031374475000002,0.03331135603329441,-0.19436729625000004,-0.1033912237500001,0.006979249999999998,0.0005033677830373985,0.006103750000000019,0.0075174999999999825,-0.0022245091613452713,0.00034977189442951664,-0.0027509702082853353,-0.0017914243498621252,0.033170896330006666,0.0012592281261107634,0.0316867600639018,0.03508943979982992
imports,2024-11-03_2024-11-09,random,0.01,100,13,0.909651515,0.168205,0.025683146852294884,0.034446749565643225,0.9076394077250001,0.005938605968672067,0.8784232962499999,0.9170355225,0.17820618749999997,0.012722935174291298,0.1627425,0.198335,0.024609810954527366,0.002184956071964232,0.02168280557204559,0.02858368659763508,0.034515924801571875,0.0030793093051832993,0.033764022477162085,0.06507840870075268,-0.0023793542750000017,0.005173692903115473,-0.026972954999999965,0.0059782150000000644,-0.00018906249999999902,0.0005842988954454332,-0.0015625000000000222,0.0028637499999999982,-7.789408993367671e-06,9.95396083165717e-05,-0.00035293234633140477,0.000403080377124089,0.00012508601727497724,0.003092414276915075,-0.0005659222622247453,0.030867341102010386
imports,2024-11-03_2024-11-09,random,0.05,100,65,0.909651515,0.168205,0.025683146852294884,0.034446749565643225,0.8994163149624999,0.014056962065542347,0.81393209875,0.9154905587500001,0.17790290000000006,0.012842643756349388,0.156165,0.1979075,0.024598650148008997,0.0021783907654015326,0.021433212620969904,0.028825227313512374,0.03512498603375428,0.006825228399161614,0.03285737234420256,0.06633740422189316,-0.010602447037499995,0.014137646371109619,-0.09850219250000003,0.006708422500000033,-0.0004923499999999997,0.0013892995681277665,-0.007426249999999995,0.0037562499999999888,-1.8950215511744152e-05,0.0003000923641722988,-0.001150203258593649,0.0006446210930013824,0.0007341472494573859,0.006832240587981894,-0.0014473997479818798,0.03212633662315086
imports,2024-11-03_2024-11-09,random,0.1,100,129,0.909651515,0.168205,0.025683146852294884,0.034446749565643225,0.8895764720374999,0.019164749271785048,0.770993925,0.9100421475,0.1773565625,0.01259215190403208,0.155185,0.19930125,0.02459764384024977,0.0022741030249149446,0.02082521996083135,0.028835347735845233,0.035297940995413314,0.008840329630464796,0.03181240635436434,0.06656344704056383,-0.020442289962500013,0.018777980545111504,-0.13865759,0.0012939825000001237,-0.0010386875000000001,0.0023502788556294253,-0.009633750000000024,0.002717499999999984,-1.9956523270968676e-05,0.0004797389051691244,-0.0016442663947198836,0.0008866397556031372,0.0009071022111164119,0.008857232838795023,-0.0025789498052974716,0.032227778594021754
imports,2024-11-10_2024-11-16,baseline,0.0,5,0,0.8940913437500001,0.18084375,0.02266391165256417,0.028673545518561855,0.8971022327500002,0.002775920844872805,0.8940913437500001,0.9013330549999999,0.1932335,0.015906372610529403,0.170075,0.2151575,0.025012035094985972,0.0016504510795799937,0.02266391165256417,0.027450755343770398,0.028642936462181502,0.0003144896644590782,0.02804438915444707,0.028929011789930483,0.0,0.0,0.0,0.0,0.0,0.0,0.0,0.0,0.0,0.0,0.0,0.0,0.0,0.0,0.0,0.0
imports,2024-11-10_2024-11-16,important,0.01,5,13,0.8940913437500001,0.18084375,0.02266391165256417,0.028673545518561855,0.8539750689999999,0.010790857175336739,0.8329906074999999,0.86153823625,0.1958425,0.01574468307080203,0.17366375,0.21725625,0.02386289128311694,0.0016038805444755562,0.0215401356915048,0.026243547065821833,0.05586262604537564,0.0010528372161734537,0.05458631396741134,0.057760323097966325,-0.04312716375000012,0.01081129831496076,-0.06415057875000019,-0.03300542250000027,0.002609,0.0008185938400696627,0.0013900000000000023,0.0035887500000000017,-0.0011491438118690293,6.826721076801216e-05,-0.0012072082779485648,-0.001026363539592328,0.02721968958319414,0.0008347802725061156,0.026541924812964274,0.02883131130803584
imports,2024-11-10_2024-11-16,important,0.05,5,65,0.8940913437500001,0.18084375,0.02266391165256417,0.028673545518561855,0.78667928925,0.03228239180585562,0.72348306625,0.8149296050000001,0.19842674999999996,0.015286689422500868,0.1778925,0.2203525,0.022794174337414586,0.0016967424490692171,0.02038027189959487,0.025202638227716897,0.05567058357842429,0.001343442179385576,0.054240625999249475,0.057422484414167155,-0.11042294350000004,0.031118860607950643,-0.17066922125000006,-0.08221158124999994,0.005193249999999999,0.0014795391174281286,0.0037349999999999883,0.007817500000000005,-0.0022178607575713853,9.8448582000982e-05,-0.0023103428439623513,-0.0020316891871931912,0.02702764711624279,0.001127962021813866,0.025771766556235524,0.028555669204721218
imports,2024-11-10_2024-11-16,important,0.1,5,129,0.8940913437500001,0.18084375,0.02266391165256417,0.028673545518561855,0.7589583687499999,0.030093416427312916,0.72272320875,0.79517458875,0.19963599999999998,0.015605539549307487,0.17814,0.22120625,0.02259612422149649,0.0015433384344558324,0.020240853922159414,0.024613609249828326,0.05583527114016651,0.0014694594194269678,0.0545480564015874,0.05801781986109178,-0.13814386400000006,0.028869459699632602,-0.17142907875000013,-0.10196659750000003,0.006402499999999994,0.0010424049716880673,0.0048749999999999905,0.008064999999999989,-0.0024159108734894824,0.0002190753468441871,-0.0028371460939420716,-0.002243915580040102,0.027192334677985014,0.001280456874524597,0.025981314090702194,0.029151004651645843
imports,2024-11-10_2024-11-16,random,0.01,100,13,0.8940913437500001,0.18084375,0.02266391165256417,0.028673545518561855,0.8950588141125,0.005496529956076654,0.8758980662500001,0.9070760775,0.19311120000000004,0.015307042588625669,0.16980375,0.21644375,0.025019708976889873,0.0016488878685507373,0.02243470013863274,0.027586817516333916,0.028771504830802916,0.002511725412492829,0.027642866193045897,0.053549631966996955,-0.0020434186375000397,0.005073709023663854,-0.02357486749999993,0.007951585000000039,-0.00012230000000000324,0.0024447414978377587,-0.007082499999999992,0.0060574999999999934,7.673881903896806e-06,9.805344155439186e-05,-0.0006577447035186375,0.0001421257645087097,0.00012856836862141352,0.002552139450701309,-0.00043095909743790656,0.025505242812549886
imports,2024-11-10_2024-11-16,random,0.05,100,65,0.8940913437500001,0.18084375,0.02266391165256417,0.028673545518561855,0.8883996723625001,0.013009654256963826,0.83975524375,0.9051229537500001,0.1930063,0.01526464018872538,0.1702575,0.21773875,0.025024922411314914,0.001636079428926276,0.022167945140546288,0.0278794827875169,0.028461097602771185,0.003718466233269792,0.027090292207012014,0.0545857753669116,-0.00870256038750004,0.01369152758032872,-0.057385942500000064,0.006992114999999854,-0.00022720000000000352,0.0025646507505896377,-0.0073837499999999945,0.004857500000000015,1.288731632894332e-05,0.00021483618703137554,-0.0006570404337401907,0.0004287274437465016,-0.00018183885941031969,0.003746901640213568,-0.0014406560098081563,0.026108466499128742
imports,2024-11-10_2024-11-16,random,0.1,100,129,0.8940913437500001,0.18084375,0.02266391165256417,0.028673545518561855,0.8791257362,0.015260658157220322,0.821577785,0.8994262974999998,0.19347041249999997,0.015550619312481376,0.16981625,0.2171825,0.025049484738840676,0.0016577799407476918,0.021674743044266507,0.027980954292148516,0.02888456822940864,0.0066507851734211474,0.0259660495822595,0.05564370847513381,-0.017976496550000037,0.015750324329808694,-0.07975526999999993,0.0030931724999999632,0.00023691249999999636,0.0023995619616856627,-0.009143750000000006,0.006732500000000002,3.7449643854707736e-05,0.0003504772264548597,-0.0009891686082976643,0.0007011188645921727,0.0002416317672271415,0.006659277575765871,-0.002167839716614939,0.02740449296606734
imports,2024-11-17_2024-11-23,baseline,0.0,5,0,0.8944857500000001,0.1911825,0.02196321759468181,0.024954223674516985,0.89658756175,0.0023023174733722224,0.8941945450000001,0.9005398737499999,0.18583000000000002,0.016088598194839723,0.16658375,0.2128625,0.021869016467601247,0.0016067876887659093,0.018815171186935167,0.02349118481995211,0.0244587824928886,0.000366867602432801,0.02390193354153535,0.024954223674516985,0.0,0.0,0.0,0.0,0.0,0.0,0.0,0.0,0.0,0.0,0.0,0.0,0.0,0.0,0.0,0.0
imports,2024-11-17_2024-11-23,important,0.01,5,13,0.8944857500000001,0.1911825,0.02196321759468181,0.024954223674516985,0.8523914009999999,0.015029106132990749,0.82280206375,0.86274200125,0.18867,0.016053472190619693,0.16891125,0.21530625,0.020722221140071842,0.0016291875147555984,0.017587618721282228,0.022296636023463108,0.04782351095700841,0.0011804359853580203,0.04629268487550901,0.04970815372775075,-0.04419616075000006,0.01540453720179703,-0.07460047250000001,-0.03357310250000012,0.002839999999999998,0.00043661553453810676,0.00232750000000001,0.00341749999999999,-0.001146795327529402,8.019876215284723e-05,-0.0012275524656529396,-0.0009954383644808322,0.023364728464119806,0.0009164379364283643,0.02239075133397366,0.025028196628038638
imports,2024-11-17_2024-11-23,important,0.05,5,65,0.8944857500000001,0.1911825,0.02196321759468181,0.024954223674516985,0.7942133865000001,0.02544568458821815,0.74740238625,0.8236730525,0.1887315,0.013925347939997763,0.1703975,0.21002125,0.019805226378321935,0.0015897501378691504,0.016795696221628544,0.021543004364722937,0.04788741700775107,0.0009567945498275493,0.046720464473335784,0.04948251523901602,-0.10237417525000007,0.024423563518825003,-0.14679215875000007,-0.07264205125000012,0.0029014999999999957,0.002887771891961004,-0.0028412500000000174,0.00476625,-0.0020637900892793103,0.00021700090067467472,-0.002470870406118316,-0.0018309872731681713,0.02342863451486247,0.0009076964052648964,0.022174628971462496,0.02480255813930391
imports,2024-11-17_2024-11-23,important,0.1,5,129,0.8944857500000001,0.1911825,0.02196321759468181,0.024954223674516985,0.7520247999999999,0.02939304467977155,0.70321463,0.783985715,0.18943000000000002,0.01397767009376027,0.17121625,0.21106625,0.019598683687097874,0.0017502939703028793,0.0162289441865516,0.021320589895872537,0.047903781718126655,0.0008706984661399251,0.046756303379591704,0.04927408509329846,-0.14456276175000005,0.02750739616870519,-0.1909799150000001,-0.11636411125000001,0.0035999999999999977,0.002708487239216754,-0.0017962499999999992,0.005267500000000008,-0.0022703327805033736,0.00024014602388816914,-0.002586227000383568,-0.0020286971505914936,0.02344499922523806,0.0009638777849550756,0.022210467877718416,0.024594127993586352
imports,2024-11-17_2024-11-23,random,0.01,100,13,0.8944857500000001,0.1911825,0.02196321759468181,0.024954223674516985,0.8943312455124999,0.008648572130207435,0.8499317,0.9068403175,0.18590538750000005,0.01604446094713745,0.16580625,0.21442125,0.021850276079346767,0.0015956593581960895,0.01865684678454351,0.023609398600500923,0.0245934213668488,0.0022389186623690974,0.023575180172877727,0.04658038368359205,-0.0022563162375000244,0.007969970930260953,-0.04455405000000012,0.009437781250000055,7.5387499999994e-05,0.00046207219048407524,-0.0013712500000000183,0.0019037500000000096,-1.8740388254478887e-05,0.0001569176672371163,-0.000835904273884816,0.00016068755102019786,0.0001346388739601949,0.0022054300929016278,-0.00045009212562770184,0.02203454818171876
imports,2024-11-17_2024-11-23,random,0.05,100,65,0.8944857500000001,0.1911825,0.02196321759468181,0.024954223674516985,0.8860852188625,0.016597631733206896,0.8123952375,0.90549811625,0.18603409999999998,0.016154796816735272,0.16564625,0.21405,0.02187421042320953,0.0016556546180179065,0.01768686901584459,0.023861554329437804,0.025079481740301727,0.005062448306786693,0.02295458243178379,0.048368485467014166,-0.010502342887500023,0.016823558152395026,-0.08339800499999994,0.011303571249999922,0.00020409999999999233,0.0010713832046704867,-0.002048750000000016,0.006242500000000012,5.1939556082910774e-06,0.0002702770218124708,-0.001128302171090577,0.0003703695094856921,0.0006206992474131204,0.0050651804951198885,-0.0011166483430285826,0.02390476134243589
imports,2024-11-17_2024-11-23,random,0.1,100,129,0.8944857500000001,0.1911825,0.02196321759468181,0.024954223674516985,0.8750312087875,0.024143508105424778,0.7745418362500001,0.90348679375,0.1862705,0.01602287535934952,0.16488125,0.21634625,0.021848129578789788,0.001623789916471412,0.018397984544744055,0.023859793350408096,0.026778829072023617,0.008548822820928193,0.022251121029198115,0.04983029712635418,-0.021556352962500042,0.0243836367543364,-0.12286069999999993,0.007947480000000007,0.0004404999999999937,0.001787009889102466,-0.001825000000000021,0.008775000000000005,-2.088688881145745e-05,0.00034047990600572994,-0.0017747349292713266,0.0005902749429029935,0.0023200465791350143,0.008532242111832462,-0.001983715250599389,0.024876073451837195
imports,2024-11-24_2024-11-30,baseline,0.0,5,0,0.9018270875000001,0.1885125,0.0245987372226446,0.03474117292938268,0.9044279742500001,0.004010331248137232,0.9006980824999999,0.9106658487499999,0.1779425,0.009665893614922523,0.16870625,0.190865,0.023487241034251365,0.0022093350457769376,0.020931203766507686,0.027161121216511718,0.034250658667977905,0.0003810932483330468,0.03361170916043046,0.03474117292938268,0.0,0.0,0.0,0.0,0.0,0.0,0.0,0.0,0.0,0.0,0.0,0.0,0.0,0.0,0.0,0.0
imports,2024-11-24_2024-11-30,important,0.01,5,13,0.9018270875000001,0.1885125,0.0245987372226446,0.03474117292938268,0.8608799795,0.015527238337846963,0.8321599475000001,0.87563650875,0.18036225000000003,0.009711533137203425,0.17097125,0.19280625,0.02269802226817111,0.002277798912455331,0.019985576721329255,0.026406397049643704,0.06686679171509832,0.001233130548790517,0.06482664052423154,0.06855378847256705,-0.04354799474999995,0.013009070599412536,-0.06908789499999979,-0.034792066249999976,0.0024197499999999983,0.00044218731890456126,0.0019412500000000055,0.002997500000000014,-0.0007892187660802574,0.00011309523532320386,-0.0009456270451784314,-0.0006538852138155485,0.03261613304712042,0.0009765514954933846,0.03121493136380108,0.03425435095815907
imports,2024-11-24_2024-11-30,important,0.05,5,65,0.9018270875000001,0.1885125,0.0245987372226446,0.03474117292938268,0.80802819375,0.024964417173749427,0.7587711525,0.8268762924999999,0.18223899999999998,0.009467696505750495,0.17274625,0.194745,0.022252322353693347,0.002405194337215816,0.019447421285465696,0.026266588928969672,0.06718688671251123,0.0017107222510056976,0.06439909434646143,0.06942425248627182,-0.09639978049999995,0.023383399506562336,-0.1419269299999999,-0.07890014374999987,0.004296499999999992,0.0005187939138039261,0.0038799999999999946,0.005318749999999983,-0.0012349186805580212,0.0002491592790341453,-0.0014935284851429302,-0.0008945322875420457,0.03293622804453332,0.0014389305433341608,0.030787385186030976,0.0349367435195727
imports,2024-11-24_2024-11-30,important,0.1,5,129,0.9018270875000001,0.1885125,0.0245987372226446,0.03474117292938268,0.7637590765,0.032242721876915306,0.71340286125,0.7997028150000001,0.18381600000000003,0.00909354425540449,0.1750625,0.19525625,0.022239178349595073,0.0025330653856646323,0.019079704247217107,0.02643672272287571,0.06726463581727313,0.0016347548440216633,0.06466716281327682,0.06969113149092152,-0.14066889775,0.03106124154727756,-0.18729522124999998,-0.10914419124999997,0.0058734999999999985,0.0009188054064925886,0.0043912499999999854,0.007172499999999998,-0.001248062684656294,0.0004313637807420926,-0.0018514995192905788,-0.0007243984936360082,0.03301397714929523,0.0014210321478409184,0.031055453652846364,0.03520362252422239
imports,2024-11-24_2024-11-30,random,0.01,100,13,0.9018270875000001,0.1885125,0.0245987372226446,0.03474117292938268,0.9028572532749999,0.006498051482390088,0.88596707,0.91418976375,0.1778784,0.009672898542900675,0.16805625,0.19130625,0.02348168930796949,0.002200760398280194,0.020791335374358788,0.027244530466883538,0.034066349528949644,0.0004112049607525105,0.03325824196547843,0.03474845038884513,-0.001570720974999963,0.005527953188903779,-0.021733940000000063,0.00806452000000002,-6.410000000000581e-05,0.0005546734985556805,-0.0015137500000000081,0.0022224999999999884,-5.551726281884383e-06,7.969165964669697e-05,-0.00021091521961294837,0.00016043955176957628,-0.00018430913902826412,0.00010878703324641938,-0.0005232634273937553,0.00010390738283702627
imports,2024-11-24_2024-11-30,random,0.05,100,65,0.9018270875000001,0.1885125,0.0245987372226446,0.03474117292938268,0.8945181721500001,0.011623208305750777,0.858194355,0.9112110912499998,0.1779461125,0.010001972350640086,0.1633975,0.19359,0.02348863549798788,0.002221323604640699,0.02056270422920593,0.02751721427049979,0.034050154450686335,0.004368374339303196,0.0325817769293484,0.0649706186302413,-0.009909802099999964,0.011848745101070701,-0.049506655000000066,0.006739057499999923,3.6124999999984086e-06,0.00103136576463869,-0.005308750000000001,0.0050775000000000126,1.3944637365112533e-06,0.00017904185810456273,-0.0005156148172304302,0.00040489799821769035,-0.00020050421729157303,0.00436629501835641,-0.0014996269172479204,0.030382781861794585
imports,2024-11-24_2024-11-30,random,0.1,100,129,0.9018270875000001,0.1885125,0.0245987372226446,0.03474117292938268,0.8799741627375,0.02070090965403608,0.80993862875,0.90510376625,0.1780604625,0.009918972618256326,0.16680375,0.1934225,0.023435293857290946,0.0022956263326229655,0.020114623368389532,0.027871628928631726,0.034454857617506794,0.007671036120834402,0.03137267778454102,0.0670391456561105,-0.024453811512499975,0.020721804096520108,-0.0913092137499999,0.001940587499999813,0.00011796249999999537,0.0011163775494736322,-0.004877500000000007,0.004741250000000002,-5.194717696041549e-05,0.0003831814294800204,-0.0010514089349982735,0.0007105077121200079,0.00020419894952888374,0.007696345441431441,-0.0024013473814636643,0.03229797272672781
imports,2024-12-01_2024-12-07,baseline,0.0,5,0,0.91198605875,0.162585,0.03233656407897732,0.03607766275069184,0.9143798570000001,0.0022682482620486008,0.91198605875,0.91789589625,0.17114000000000001,0.004326505879459772,0.162585,0.1738375,0.03160282483851945,0.001885996857811513,0.029152065937318162,0.03408157174211527,0.036056546027043876,0.000248471314652222,0.03574664207748167,0.03650305972454966,0.0,0.0,0.0,0.0,0.0,0.0,0.0,0.0,0.0,0.0,0.0,0.0,0.0,0.0,0.0,0.0
imports,2024-12-01_2024-12-07,important,0.01,5,13,0.91198605875,0.162585,0.03233656407897732,0.03607766275069184,0.87589227275,0.013210856558206816,0.8514075050000001,0.8893438825,0.17300725,0.004819931755222263,0.16347,0.17615875,0.03139414171615642,0.0019547396684337316,0.028835463925366314,0.03391612762894492,0.07066047891884814,0.0013975522961993912,0.06922387757573606,0.0733353509805661,-0.038487584250000116,0.011831284653809504,-0.06144815250000013,-0.02855201375000005,0.0018672499999999926,0.0006211146230769375,0.0008849999999999969,0.002701250000000016,-0.00020868312236303337,7.621075545616085e-05,-0.0003166020119518484,-0.00013015862088081032,0.03460393289180426,0.001155535827495938,0.03347723549825439,0.03683229125601643
imports,2024-12-01_2024-12-07,important,0.05,5,65,0.91198605875,0.162585,0.03233656407897732,0.03607766275069184,0.8258061245,0.01922660957469643,0.78981992,0.847090045,0.17649475000000003,0.00475162040781879,0.167135,0.18009625,0.03128842293894551,0.002110919822775376,0.02858694563651732,0.034240881352812856,0.07151652432030388,0.0016843040960310067,0.06914127057110939,0.0735429639355121,-0.08857373250000009,0.018283167269608467,-0.1231441325,-0.07080585125000005,0.005354750000000003,0.0011038029149263845,0.004070000000000018,0.007013749999999985,-0.0003144018995739413,0.0002642400062298357,-0.0005651203008008414,0.0001593096106975861,0.035459978293259996,0.0015116229251176906,0.03339462849362772,0.03729674399268376
imports,2024-12-01_2024-12-07,important,0.1,5,129,0.91198605875,0.162585,0.03233656407897732,0.03607766275069184,0.77822753125,0.02378040733999363,0.745756755,0.8035717149999999,0.17650274999999999,0.005100943748464592,0.1671425,0.181635,0.03132671124906321,0.002235729704143059,0.028699839707803425,0.034490833141123826,0.07162823639382891,0.001601836633515906,0.0696184533657159,0.07352719173963079,-0.13615232575000008,0.02425553614540033,-0.16720729749999996,-0.11192562500000014,0.0053627499999999995,0.001683429238192094,0.0036349999999999993,0.008177500000000004,-0.0002761135894562415,0.00047939235355692574,-0.0008166979974073424,0.0004092613990085564,0.035571690366785036,0.0014744381031415869,0.03387181128823423,0.03753553942669269
imports,2024-12-01_2024-12-07,random,0.01,100,13,0.91198605875,0.162585,0.03233656407897732,0.03607766275069184,0.9126721018,0.003443826841537678,0.89463107,0.91865836125,0.171222175,0.0044688820316858896,0.16178875,0.1747275,0.031593324758772225,0.0018930325199669662,0.02896587432467304,0.03424954410520291,0.03654770228359311,0.004654663991029781,0.035380160314922554,0.0694918354814202,-0.0017077552000000617,0.0030541429259013223,-0.01833298250000004,0.0028311224999999496,8.217499999999795e-05,0.0005501015707348956,-0.0019900000000000195,0.00182874999999999,-9.500079747226247e-06,0.0001015936563336597,-0.00028733053902901817,0.0003077918142337793,0.0004911562565492287,0.004620903311526541,-0.0005251083773375118,0.032988775756870536
imports,2024-12-01_2024-12-07,random,0.05,100,65,0.91198605875,0.162585,0.03233656407897732,0.03607766275069184,0.9041314362499999,0.007582910320989155,0.8721784075,0.9152080049999999,0.171277625,0.004482601265936442,0.16098,0.17558,0.03154908767384104,0.0019175519198581293,0.0284383525673349,0.03473631361825384,0.037534727282878794,0.008608052794691465,0.03447548895033145,0.07005510759130437,-0.010248420750000063,0.00745779885893006,-0.04401921250000007,0.0004912349999998122,0.00013762499999999788,0.0011052022934173631,-0.0034875000000000045,0.0021699999999999775,-5.373716467840919e-05,0.00024389092346059355,-0.0007137133699832605,0.0006695845400283632,0.0014781812558349108,0.008568834962098575,-0.0015086902125739932,0.03355204786675471
imports,2024-12-01_2024-12-07,random,0.1,100,129,0.91198605875,0.162585,0.03233656407897732,0.03607766275069184,0.8923856593499999,0.014081747988832855,0.8331859775,0.91682944875,0.17157864999999997,0.004450008801536239,0.16167625,0.179075,0.03157316357240502,0.0019577764190410307,0.028553425832048823,0.035032497246756056,0.0380444018197446,0.010875762175305361,0.032985533920165684,0.07210517212112924,-0.021994197650000057,0.013613123245411526,-0.07966968000000019,-0.0010664474999999562,0.00043864999999999735,0.001413500228599202,-0.0029987499999999945,0.005301250000000007,-2.966126611443732e-05,0.0003222324638881665,-0.0006833213967946845,0.0009509255046407858,0.0019878557927007225,0.010832873080138491,-0.003150635195303189,0.0360275093704374
imports,2024-12-08_2024-12-14,baseline,0.0,5,0,0.90761498375,0.17457375,0.036035655279677836,0.037148735708966873,0.91314701275,0.004403054949294791,0.90761498375,0.91982507875,0.16926225,0.003983882481323969,0.16373875,0.17457375,0.03467836630239466,0.0025845527147422467,0.030810611617176756,0.038516118697742685,0.037252889123045994,0.00022599201560912378,0.036977013516311774,0.037640442936429264,0.0,0.0,0.0,0.0,0.0,0.0,0.0,0.0,0.0,0.0,0.0,0.0,0.0,0.0,0.0,0.0
imports,2024-12-08_2024-12-14,important,0.01,5,13,0.90761498375,0.17457375,0.036035655279677836,0.037148735708966873,0.8714367725000001,0.011920291515504729,0.856050425,0.8880731474999999,0.17134125,0.0029978867556997614,0.16717875,0.17588375,0.03419026058587797,0.0026568362900573337,0.03029731048947465,0.03818941646220769,0.07271993160651935,0.0008019520301397965,0.07165685211494907,0.07401902559412772,-0.04171024024999999,0.008505371434999015,-0.05581153875000011,-0.03175193125000009,0.002078999999999992,0.001844044027402814,-0.0015550000000000008,0.0034399999999999986,-0.000488105716516693,0.00010638268399952787,-0.0006234356169875707,-0.00032670223553499245,0.03546704248347336,0.0008545141157314052,0.03450306793383408,0.03704201207781595
imports,2024-12-08_2024-12-14,important,0.05,5,65,0.90761498375,0.17457375,0.036035655279677836,0.037148735708966873,0.8149264565,0.025562286675275023,0.7671350362499999,0.84100177375,0.17523125,0.0036616711519468804,0.1710825,0.18041875,0.03367421448832468,0.002645183359840623,0.029916655581562725,0.03772918305863083,0.07284293643289567,0.0015693440022224118,0.0709082547005106,0.07546317431457136,-0.09822055625000006,0.023901589884467167,-0.1429133962500001,-0.07538283125,0.005968999999999991,0.00070619774142942,0.005403749999999985,0.00734375000000001,-0.0010041518140699833,0.00017554653238129584,-0.0012588363621101953,-0.0007869356391118562,0.03559004730984969,0.0014352974580546212,0.033754470519395605,0.0378227313781421
imports,2024-12-08_2024-12-14,important,0.1,5,129,0.90761498375,0.17457375,0.036035655279677836,0.037148735708966873,0.7732742165,0.0238706689274889,0.7343452937499999,0.79867611875,0.17621725,0.004092723222378962,0.17080375,0.1811425,0.033708608805254434,0.0026861078243140594,0.03001671872996403,0.03801524184966036,0.07298958726046507,0.0017979974284808038,0.07114433457502112,0.0760691359585828,-0.13987279625000001,0.021954500393966805,-0.1757031387500001,-0.11363291500000006,0.006955,0.000782259148236698,0.0060675000000000034,0.008385000000000004,-0.0009697574971402265,0.0003357644758792098,-0.0015251455157250793,-0.0005008768480823239,0.035736698137419066,0.0016390824755300917,0.033990550393906124,0.03842869302215354
imports,2024-12-08_2024-12-14,random,0.01,100,13,0.90761498375,0.17457375,0.036035655279677836,0.037148735708966873,0.9106379305500001,0.008113979235195058,0.8682634475,0.9226794612500001,0.169170625,0.003813054867409464,0.163185,0.17613875,0.034671244411188094,0.002582839301738983,0.030558248601953993,0.03872270653018168,0.03740418270579432,0.0033833186812258437,0.0365998985960117,0.07097245292273827,-0.0025090822000000067,0.006648441486020093,-0.04178498500000005,0.006402114999999986,-9.162500000000351e-05,0.0009788777295326521,-0.005136250000000009,0.0015650000000000108,-7.121891206567886e-06,0.00010990213783584253,-0.00029133668700222215,0.0003289174518641691,0.00015129358274831964,0.0034034770770545834,-0.0005336991166860205,0.03399543940642649
imports,2024-12-08_2024-12-14,random,0.05,100,65,0.90761498375,0.17457375,0.036035655279677836,0.037148735708966873,0.9026481462875,0.011616088741476282,0.85893395,0.91900041875,0.16914525000000002,0.0037418530586462114,0.16246875,0.17600125,0.034645429193817405,0.002599871800564087,0.030565000955993012,0.03923708943809928,0.03727564127665869,0.005860896152350384,0.03503781225803569,0.07084500825505476,-0.010498866462500004,0.011518885462149447,-0.05492614500000004,0.0068876549999998815,-0.00011700000000000238,0.00110114115523397,-0.0051537500000000125,0.0015025000000000177,-3.293710857725226e-05,0.0002759487132962399,-0.0005916283233313516,0.0007209707403565968,2.2752153612691366e-05,0.005863581233758212,-0.0019392012582760826,0.03350053898264767
imports,2024-12-08_2024-12-14,random,0.1,100,129,0.90761498375,0.17457375,0.036035655279677836,0.037148735708966873,0.8953307071000001,0.012809445331459356,0.8418076125000001,0.9166372037499999,0.16925032500000003,0.0037115724161903402,0.16286,0.177195,0.034686461085721515,0.002625346573393432,0.03021125553384894,0.03904770743920406,0.03817716633703264,0.009788657032919914,0.034407239468434006,0.07473707898234594,-0.01781630565000001,0.012119834934469187,-0.06824081999999987,0.005442737500000128,-1.1925000000003183e-05,0.0013765953065897757,-0.005941250000000009,0.0026212499999999916,8.094783326853088e-06,0.0004026817744390738,-0.0009469137088607554,0.0010015966052083491,0.0009242772139866493,0.009802602632933224,-0.0026252458807648205,0.037583294801230946
