feature_group,feature_index,feature_name,importance,importance_abs,is_candidate
imports,0,import_count,0.027787788764025868,0.027787788764025868,True
imports,1,library_count,0.012710738094902719,0.012710738094902719,True
imports,1000,import_hash_bin_0742,0.011690939042298001,0.011690939042298001,True
imports,32,library_hash_bin_030,0.011032847496855274,0.011032847496855274,True
imports,1218,import_hash_bin_0960,0.01037576488862418,0.01037576488862418,True
imports,575,import_hash_bin_0317,0.008651202228169614,0.008651202228169614,True
imports,908,import_hash_bin_0650,0.007953002588486793,0.007953002588486793,True
imports,119,library_hash_bin_117,0.007930559866010899,0.007930559866010899,True
imports,1247,import_hash_bin_0989,0.00743413878320609,0.00743413878320609,True
imports,10,library_hash_bin_008,0.007114889489838069,0.007114889489838069,True
imports,897,import_hash_bin_0639,0.0062819632476916595,0.0062819632476916595,True
imports,291,import_hash_bin_0033,0.006132472655203152,0.006132472655203152,True
imports,102,library_hash_bin_100,0.005873352468421392,0.005873352468421392,True
imports,1028,import_hash_bin_0770,0.005766773578980866,0.005766773578980866,True
imports,446,import_hash_bin_0188,0.005651617740368023,0.005651617740368023,True
imports,538,import_hash_bin_0280,0.00520080379399865,0.00520080379399865,True
imports,356,import_hash_bin_0098,0.005199411480929644,0.005199411480929644,True
imports,349,import_hash_bin_0091,0.005078507632309912,0.005078507632309912,True
imports,779,import_hash_bin_0521,0.004966889287992137,0.004966889287992137,True
imports,1225,import_hash_bin_0967,0.004848675085554092,0.004848675085554092,True
imports,54,library_hash_bin_052,0.004813963988232915,0.004813963988232915,True
imports,1248,import_hash_bin_0990,0.004634083284544823,0.004634083284544823,True
imports,540,import_hash_bin_0282,0.0045070619958384045,0.0045070619958384045,True
imports,1007,import_hash_bin_0749,0.004506784227403071,0.004506784227403071,True
imports,1161,import_hash_bin_0903,0.004418502133857269,0.004418502133857269,True
imports,822,import_hash_bin_0564,0.004374181046244243,0.004374181046244243,True
imports,233,library_hash_bin_231,0.004277081704744537,0.004277081704744537,True
imports,791,import_hash_bin_0533,0.004237587129726635,0.004237587129726635,True
imports,667,import_hash_bin_0409,0.0042155804601737654,0.0042155804601737654,True
imports,995,import_hash_bin_0737,0.003925010142040818,0.003925010142040818,True
imports,916,import_hash_bin_0658,0.0038234815759325583,0.0038234815759325583,True
imports,839,import_hash_bin_0581,0.003810782042108398,0.003810782042108398,True
imports,976,import_hash_bin_0718,0.0037318316359551,0.0037318316359551,True
imports,1013,import_hash_bin_0755,0.0036426104800018344,0.0036426104800018344,True
imports,735,import_hash_bin_0477,0.0035172949920002335,0.0035172949920002335,True
imports,956,import_hash_bin_0698,0.00349403481034344,0.00349403481034344,True
imports,1178,import_hash_bin_0920,0.0034466702225536463,0.0034466702225536463,True
imports,573,import_hash_bin_0315,0.0033191440579196864,0.0033191440579196864,True
imports,311,import_hash_bin_0053,0.0032872776033788316,0.0032872776033788316,True
imports,45,library_hash_bin_043,0.0032435019423142837,0.0032435019423142837,True
imports,1259,import_hash_bin_1001,0.0031984034084679624,0.0031984034084679624,True
imports,1221,import_hash_bin_0963,0.0030738072078300054,0.0030738072078300054,True
imports,1184,import_hash_bin_0926,0.003054665470345546,0.003054665470345546,True
imports,646,import_hash_bin_0388,0.0030512701758806005,0.0030512701758806005,True
imports,300,import_hash_bin_0042,0.0030423703350855513,0.0030423703350855513,True
imports,534,import_hash_bin_0276,0.002930028446080779,0.002930028446080779,True
imports,1032,import_hash_bin_0774,0.002863459447940104,0.002863459447940104,True
imports,896,import_hash_bin_0638,0.002839861072478731,0.002839861072478731,True
imports,510,import_hash_bin_0252,0.0028234476875407415,0.0028234476875407415,True
imports,110,library_hash_bin_108,0.002795360359409415,0.002795360359409415,True
imports,854,import_hash_bin_0596,0.0027594086307958228,0.0027594086307958228,True
imports,661,import_hash_bin_0403,0.002742635188239037,0.002742635188239037,True
imports,672,import_hash_bin_0414,0.0027361006748697256,0.0027361006748697256,True
imports,55,library_hash_bin_053,0.0027175858609686143,0.0027175858609686143,True
imports,1113,import_hash_bin_0855,0.0027155993723333455,0.0027155993723333455,True
imports,283,import_hash_bin_0025,0.002681046027722983,0.002681046027722983,True
imports,480,import_hash_bin_0222,0.0026551728810622695,0.0026551728810622695,True
imports,1071,import_hash_bin_0813,0.0026395049780484825,0.0026395049780484825,True
imports,1243,import_hash_bin_0985,0.0026288202463196552,0.0026288202463196552,True
imports,357,import_hash_bin_0099,0.002607455898251968,0.002607455898251968,True
imports,504,import_hash_bin_0246,0.002555385836007649,0.002555385836007649,True
imports,1087,import_hash_bin_0829,0.0025343212951022234,0.0025343212951022234,True
imports,942,import_hash_bin_0684,0.0025313041517300806,0.0025313041517300806,True
imports,1052,import_hash_bin_0794,0.002514312209150421,0.002514312209150421,True
imports,625,import_hash_bin_0367,0.0025072969771229798,0.0025072969771229798,True
imports,895,import_hash_bin_0637,0.0025062393863627725,0.0025062393863627725,True
imports,1242,import_hash_bin_0984,0.0024896583665555447,0.0024896583665555447,True
imports,242,library_hash_bin_240,0.0024895776335100575,0.0024895776335100575,True
imports,1068,import_hash_bin_0810,0.0024607169989026892,0.0024607169989026892,True
imports,1088,import_hash_bin_0830,0.00244790544314035,0.00244790544314035,True
imports,519,import_hash_bin_0261,0.002443409223891686,0.002443409223891686,True
imports,6,library_hash_bin_004,0.0024175000956324225,0.0024175000956324225,True
imports,670,import_hash_bin_0412,0.002381360212273968,0.002381360212273968,True
imports,877,import_hash_bin_0619,0.0023775959063742427,0.0023775959063742427,True
imports,552,import_hash_bin_0294,0.0023700588549751137,0.0023700588549751137,True
imports,617,import_hash_bin_0359,0.0023616802090953596,0.0023616802090953596,True
imports,310,import_hash_bin_0052,0.0023519669642900576,0.0023519669642900576,True
imports,352,import_hash_bin_0094,0.00234280408854669,0.00234280408854669,True
imports,858,import_hash_bin_0600,0.0023199351778030886,0.0023199351778030886,True
imports,1269,import_hash_bin_1011,0.002306226403117625,0.002306226403117625,True
imports,748,import_hash_bin_0490,0.0023043794744564737,0.0023043794744564737,True
imports,512,import_hash_bin_0254,0.002277986134139203,0.002277986134139203,True
imports,618,import_hash_bin_0360,0.0022486109693329744,0.0022486109693329744,True
imports,691,import_hash_bin_0433,0.0022368837589822684,0.0022368837589822684,True
imports,362,import_hash_bin_0104,0.0022169424365455935,0.0022169424365455935,True
imports,535,import_hash_bin_0277,0.002214348360897779,0.002214348360897779,True
imports,1121,import_hash_bin_0863,0.002211213835202655,0.002211213835202655,True
imports,1038,import_hash_bin_0780,0.002201709247793079,0.002201709247793079,True
imports,977,import_hash_bin_0719,0.002198033851190802,0.002198033851190802,True
imports,1195,import_hash_bin_0937,0.0021884232692048543,0.0021884232692048543,True
imports,1054,import_hash_bin_0796,0.0021748048883652882,0.0021748048883652882,True
imports,203,library_hash_bin_201,0.0021333340923327,0.0021333340923327,True
imports,342,import_hash_bin_0084,0.002132336689676773,0.002132336689676773,True
imports,528,import_hash_bin_0270,0.002126768571616797,0.002126768571616797,True
imports,326,import_hash_bin_0068,0.002088747421461211,0.002088747421461211,True
imports,994,import_hash_bin_0736,0.0020536248034111844,0.0020536248034111844,True
imports,912,import_hash_bin_0654,0.0020429466498436584,0.0020429466498436584,True
imports,333,import_hash_bin_0075,0.0020113508633785226,0.0020113508633785226,True
imports,986,import_hash_bin_0728,0.002006970825492994,0.002006970825492994,True
imports,486,import_hash_bin_0228,0.002003583851433454,0.002003583851433454,True
imports,1085,import_hash_bin_0827,0.001994680302531131,0.001994680302531131,True
imports,401,import_hash_bin_0143,0.001976671820732167,0.001976671820732167,True
imports,716,import_hash_bin_0458,0.001975803188443467,0.001975803188443467,True
imports,689,import_hash_bin_0431,0.001971759423183604,0.001971759423183604,True
imports,584,import_hash_bin_0326,0.0019688083047525087,0.0019688083047525087,True
imports,1280,import_hash_bin_1022,0.00195842989247245,0.00195842989247245,True
imports,1151,import_hash_bin_0893,0.0019531222903184273,0.0019531222903184273,True
imports,1053,import_hash_bin_0795,0.001946298543058048,0.001946298543058048,True
imports,904,import_hash_bin_0646,0.0019449138269651708,0.0019449138269651708,True
imports,1084,import_hash_bin_0826,0.001924887613800762,0.001924887613800762,True
imports,647,import_hash_bin_0389,0.0019075511752637507,0.0019075511752637507,True
imports,318,import_hash_bin_0060,0.0019045474135269988,0.0019045474135269988,True
imports,53,library_hash_bin_051,0.0019012891043330936,0.0019012891043330936,True
imports,325,import_hash_bin_0067,0.0018897237919712224,0.0018897237919712224,True
imports,939,import_hash_bin_0681,0.001857586405387735,0.001857586405387735,True
imports,1044,import_hash_bin_0786,0.0018360093584537736,0.0018360093584537736,True
imports,707,import_hash_bin_0449,0.0018251824320832846,0.0018251824320832846,True
imports,1224,import_hash_bin_0966,0.0018161067781603149,0.0018161067781603149,True
imports,330,import_hash_bin_0072,0.0018157114903737221,0.0018157114903737221,True
imports,361,import_hash_bin_0103,0.001811833514215037,0.001811833514215037,True
imports,1278,import_hash_bin_1020,0.0018025454329369764,0.0018025454329369764,True
imports,465,import_hash_bin_0207,0.0017973556014316747,0.0017973556014316747,True
imports,369,import_hash_bin_0111,0.0017846111828131981,0.0017846111828131981,True
imports,1153,import_hash_bin_0895,0.0017684191119391945,0.0017684191119391945,True
imports,989,import_hash_bin_0731,0.0017598555006449635,0.0017598555006449635,True
imports,368,import_hash_bin_0110,0.001740865177157925,0.001740865177157925,True
imports,722,import_hash_bin_0464,0.0017330914870684647,0.0017330914870684647,True
imports,800,import_hash_bin_0542,0.0017297381456708285,0.0017297381456708285,True
imports,879,import_hash_bin_0621,0.0017192665711523547,0.0017192665711523547,True
imports,375,import_hash_bin_0117,0.00171232451412581,0.00171232451412581,True
imports,1281,import_hash_bin_1023,0.0016760561282449713,0.0016760561282449713,True
imports,604,import_hash_bin_0346,0.0016655154547152095,0.0016655154547152095,True
imports,484,import_hash_bin_0226,0.0016573293348964909,0.0016573293348964909,True
imports,903,import_hash_bin_0645,0.0016457874074235054,0.0016457874074235054,True
imports,1119,import_hash_bin_0861,0.0016356737493138933,0.0016356737493138933,True
imports,932,import_hash_bin_0674,0.0016354152922118767,0.0016354152922118767,True
imports,1160,import_hash_bin_0902,0.0016311834954006984,0.0016311834954006984,True
imports,832,import_hash_bin_0574,0.0016265266636526971,0.0016265266636526971,True
imports,871,import_hash_bin_0613,0.0016249886497765181,0.0016249886497765181,True
imports,709,import_hash_bin_0451,0.0016225314503647839,0.0016225314503647839,True
imports,767,import_hash_bin_0509,0.001615308297689754,0.001615308297689754,True
imports,809,import_hash_bin_0551,0.0016090200014595313,0.0016090200014595313,True
imports,389,import_hash_bin_0131,0.001603395997867059,0.001603395997867059,True
imports,783,import_hash_bin_0525,0.0015997081329177463,0.0015997081329177463,True
imports,359,import_hash_bin_0101,0.0015974503079443905,0.0015974503079443905,True
imports,628,import_hash_bin_0370,0.0015879608743979048,0.0015879608743979048,True
imports,870,import_hash_bin_0612,0.0015827725072147779,0.0015827725072147779,True
imports,568,import_hash_bin_0310,0.0015805095475991157,0.0015805095475991157,True
imports,371,import_hash_bin_0113,0.0015676839419756952,0.0015676839419756952,True
imports,1134,import_hash_bin_0876,0.0015611477329080282,0.0015611477329080282,True
imports,1144,import_hash_bin_0886,0.0015483322894851324,0.0015483322894851324,True
imports,937,import_hash_bin_0679,0.0015393562185440437,0.0015393562185440437,True
imports,626,import_hash_bin_0368,0.00153870874245812,0.00153870874245812,True
imports,13,library_hash_bin_011,0.0015345882817109065,0.0015345882817109065,True
imports,782,import_hash_bin_0524,0.001533600424699825,0.001533600424699825,True
imports,754,import_hash_bin_0496,0.001533120568439629,0.001533120568439629,True
imports,1043,import_hash_bin_0785,0.0015261942867045217,0.0015261942867045217,True
imports,845,import_hash_bin_0587,0.0014997109874674286,0.0014997109874674286,True
imports,718,import_hash_bin_0460,0.0014962246952909446,0.0014962246952909446,True
imports,605,import_hash_bin_0347,0.001488397872709474,0.001488397872709474,True
imports,958,import_hash_bin_0700,0.0014837691440696315,0.0014837691440696315,True
imports,1114,import_hash_bin_0856,0.001482408469547451,0.001482408469547451,True
imports,496,import_hash_bin_0238,0.0014812612706932133,0.0014812612706932133,True
imports,599,import_hash_bin_0341,0.00147843704852136,0.00147843704852136,True
imports,1106,import_hash_bin_0848,0.0014762690763150048,0.0014762690763150048,True
imports,264,import_hash_bin_0006,0.0014668587468361736,0.0014668587468361736,True
imports,1093,import_hash_bin_0835,0.0014590279914107028,0.0014590279914107028,True
imports,581,import_hash_bin_0323,0.0014517536917214033,0.0014517536917214033,True
imports,678,import_hash_bin_0420,0.001449771638801778,0.001449771638801778,True
imports,910,import_hash_bin_0652,0.0014483872524325052,0.0014483872524325052,True
imports,891,import_hash_bin_0633,0.0014474613000126813,0.0014474613000126813,True
imports,1026,import_hash_bin_0768,0.0014439742235359948,0.0014439742235359948,True
imports,458,import_hash_bin_0200,0.0014426118521634274,0.0014426118521634274,True
imports,1222,import_hash_bin_0964,0.0014400253203534904,0.0014400253203534904,True
imports,824,import_hash_bin_0566,0.0014363020774408475,0.0014363020774408475,True
imports,944,import_hash_bin_0686,0.00143283002493189,0.00143283002493189,True
imports,526,import_hash_bin_0268,0.001429181339913001,0.001429181339913001,True
imports,452,import_hash_bin_0194,0.0014290399576601688,0.0014290399576601688,True
imports,792,import_hash_bin_0534,0.0014283821679945935,0.0014283821679945935,True
imports,270,import_hash_bin_0012,0.001421303247924881,0.001421303247924881,True
imports,1154,import_hash_bin_0896,0.0014199177807013037,0.0014199177807013037,True
imports,5,library_hash_bin_003,0.0014171269337433531,0.0014171269337433531,True
imports,532,import_hash_bin_0274,0.0014109311808687363,0.0014109311808687363,True
imports,1090,import_hash_bin_0832,0.0014071712402818487,0.0014071712402818487,True
imports,780,import_hash_bin_0522,0.001392598096512992,0.001392598096512992,True
imports,868,import_hash_bin_0610,0.00139062403193843,0.00139062403193843,True
imports,1077,import_hash_bin_0819,0.0013869315875157714,0.0013869315875157714,True
imports,1079,import_hash_bin_0821,0.0013869163257825257,0.0013869163257825257,True
imports,660,import_hash_bin_0402,0.0013854799087225313,0.0013854799087225313,True
imports,960,import_hash_bin_0702,0.0013833473830747985,0.0013833473830747985,True
imports,570,import_hash_bin_0312,0.0013771236197563826,0.0013771236197563826,True
imports,524,import_hash_bin_0266,0.0013744783378928007,0.0013744783378928007,True
imports,630,import_hash_bin_0372,0.0013719221419483533,0.0013719221419483533,True
imports,436,import_hash_bin_0178,0.0013622218069179663,0.0013622218069179663,True
imports,751,import_hash_bin_0493,0.0013529539062608587,0.0013529539062608587,True
imports,704,import_hash_bin_0446,0.001345085874746978,0.001345085874746978,True
imports,894,import_hash_bin_0636,0.0013368325683330994,0.0013368325683330994,True
imports,734,import_hash_bin_0476,0.0013366044927709652,0.0013366044927709652,True
imports,348,import_hash_bin_0090,0.001330680909090269,0.001330680909090269,True
imports,948,import_hash_bin_0690,0.0013245873386770104,0.0013245873386770104,True
imports,686,import_hash_bin_0428,0.0013147175351547911,0.0013147175351547911,True
imports,1231,import_hash_bin_0973,0.0013072151711916793,0.0013072151711916793,True
imports,1065,import_hash_bin_0807,0.0013007361758214065,0.0013007361758214065,True
imports,1127,import_hash_bin_0869,0.0012987131947474286,0.0012987131947474286,True
imports,1191,import_hash_bin_0933,0.001296540550261418,0.001296540550261418,True
imports,973,import_hash_bin_0715,0.0012947757117940828,0.0012947757117940828,True
imports,851,import_hash_bin_0593,0.0012909862737121598,0.0012909862737121598,True
imports,1169,import_hash_bin_0911,0.001290340950873861,0.001290340950873861,True
imports,1275,import_hash_bin_1017,0.0012875450452468087,0.0012875450452468087,True
imports,712,import_hash_bin_0454,0.0012844552570678445,0.0012844552570678445,True
imports,656,import_hash_bin_0398,0.0012707662075190005,0.0012707662075190005,True
imports,620,import_hash_bin_0362,0.0012655270573003947,0.0012655270573003947,True
imports,1063,import_hash_bin_0805,0.0012635714787629026,0.0012635714787629026,True
imports,882,import_hash_bin_0624,0.001261232687222388,0.001261232687222388,True
imports,719,import_hash_bin_0461,0.001256533355667815,0.001256533355667815,True
imports,426,import_hash_bin_0168,0.0012497340159589075,0.0012497340159589075,True
imports,979,import_hash_bin_0721,0.0012485288272001535,0.0012485288272001535,True
imports,266,import_hash_bin_0008,0.0012322934882347681,0.0012322934882347681,True
imports,1200,import_hash_bin_0942,0.0012311442168690535,0.0012311442168690535,True
imports,1029,import_hash_bin_0771,0.0012305736362948423,0.0012305736362948423,True
imports,309,import_hash_bin_0051,0.0012273284052636755,0.0012273284052636755,True
imports,506,import_hash_bin_0248,0.0012272716188372402,0.0012272716188372402,True
imports,1217,import_hash_bin_0959,0.0012234079144217602,0.0012234079144217602,True
imports,693,import_hash_bin_0435,0.0012209583710548842,0.0012209583710548842,True
imports,861,import_hash_bin_0603,0.0012123935175163845,0.0012123935175163845,True
imports,70,library_hash_bin_068,0.0012087529627961822,0.0012087529627961822,True
imports,1208,import_hash_bin_0950,0.0012073090049292761,0.0012073090049292761,True
imports,632,import_hash_bin_0374,0.0012067550064943037,0.0012067550064943037,True
imports,27,library_hash_bin_025,0.0012016963496542766,0.0012016963496542766,True
imports,738,import_hash_bin_0480,0.0011967735787660808,0.0011967735787660808,True
imports,1115,import_hash_bin_0857,0.0011942558497483845,0.0011942558497483845,True
imports,725,import_hash_bin_0467,0.0011912078796078012,0.0011912078796078012,True
imports,263,import_hash_bin_0005,0.001181412783912154,0.001181412783912154,True
imports,1137,import_hash_bin_0879,0.0011792847873061667,0.0011792847873061667,True
imports,874,import_hash_bin_0616,0.001173466463672533,0.001173466463672533,True
imports,873,import_hash_bin_0615,0.0011676601342265186,0.0011676601342265186,True
imports,405,import_hash_bin_0147,0.0011670525303101081,0.0011670525303101081,True
imports,1237,import_hash_bin_0979,0.0011633530563240316,0.0011633530563240316,True
imports,928,import_hash_bin_0670,0.0011622841052950268,0.0011622841052950268,True
imports,765,import_hash_bin_0507,0.0011596792582872861,0.0011596792582872861,True
imports,720,import_hash_bin_0462,0.0011564003395736447,0.0011564003395736447,True
imports,271,import_hash_bin_0013,0.0011536446734167264,0.0011536446734167264,True
imports,354,import_hash_bin_0096,0.0011458424394475229,0.0011458424394475229,True
imports,475,import_hash_bin_0217,0.0011408973727142623,0.0011408973727142623,True
imports,386,import_hash_bin_0128,0.0011408001368589328,0.0011408001368589328,True
imports,477,import_hash_bin_0219,0.0011258038989638173,0.0011258038989638173,True
imports,1257,import_hash_bin_0999,0.0011251048141642207,0.0011251048141642207,True
imports,1170,import_hash_bin_0912,0.0011249531164539454,0.0011249531164539454,True
imports,332,import_hash_bin_0074,0.001121960399695767,0.001121960399695767,True
imports,221,library_hash_bin_219,0.0011197771740763033,0.0011197771740763033,True
imports,924,import_hash_bin_0666,0.0011172145461033033,0.0011172145461033033,True
imports,640,import_hash_bin_0382,0.001112169136329345,0.001112169136329345,True
imports,669,import_hash_bin_0411,0.0011106911692974892,0.0011106911692974892,True
imports,412,import_hash_bin_0154,0.0011090746112488693,0.0011090746112488693,True
imports,673,import_hash_bin_0415,0.0011059920886704912,0.0011059920886704912,True
imports,836,import_hash_bin_0578,0.0011056063643666207,0.0011056063643666207,True
imports,553,import_hash_bin_0295,0.0010953585050324018,0.0010953585050324018,True
imports,816,import_hash_bin_0558,0.0010933977702923103,0.0010933977702923103,True
imports,274,import_hash_bin_0016,0.0010889865310927266,0.0010889865310927266,True
imports,721,import_hash_bin_0463,0.0010856915452558164,0.0010856915452558164,True
imports,857,import_hash_bin_0599,0.0010768038267585877,0.0010768038267585877,True
imports,463,import_hash_bin_0205,0.001076546771226853,0.001076546771226853,True
imports,1008,import_hash_bin_0750,0.0010670840680904806,0.0010670840680904806,True
imports,516,import_hash_bin_0258,0.001059975281933415,0.001059975281933415,True
imports,1253,import_hash_bin_0995,0.0010582770005606833,0.0010582770005606833,True
imports,793,import_hash_bin_0535,0.0010571982557665625,0.0010571982557665625,True
imports,728,import_hash_bin_0470,0.0010564489687560248,0.0010564489687560248,True
imports,1126,import_hash_bin_0868,0.0010564424739338762,0.0010564424739338762,True
imports,1265,import_hash_bin_1007,0.0010460450390471286,0.0010460450390471286,True
imports,1173,import_hash_bin_0915,0.001040417434577465,0.001040417434577465,True
imports,259,import_hash_bin_0001,0.0010356162472837367,0.0010356162472837367,True
imports,502,import_hash_bin_0244,0.0010331334225176635,0.0010331334225176635,True
imports,345,import_hash_bin_0087,0.0010329786364509535,0.0010329786364509535,True
imports,772,import_hash_bin_0514,0.001028886122789247,0.001028886122789247,True
imports,327,import_hash_bin_0069,0.0010266267319104536,0.0010266267319104536,True
imports,980,import_hash_bin_0722,0.001018706456041092,0.001018706456041092,True
imports,637,import_hash_bin_0379,0.0010163262767594185,0.0010163262767594185,True
imports,946,import_hash_bin_0688,0.001010566176883623,0.001010566176883623,True
imports,701,import_hash_bin_0443,0.0010083733465119358,0.0010083733465119358,True
imports,459,import_hash_bin_0201,0.0010039987714120272,0.0010039987714120272,True
imports,550,import_hash_bin_0292,0.0009965553106986301,0.0009965553106986301,True
imports,815,import_hash_bin_0557,0.0009947520261617791,0.0009947520261617791,True
imports,443,import_hash_bin_0185,0.000993487165921413,0.000993487165921413,True
imports,545,import_hash_bin_0287,0.000991450329744461,0.000991450329744461,True
imports,927,import_hash_bin_0669,0.0009909394802907236,0.0009909394802907236,True
imports,471,import_hash_bin_0213,0.0009846359870713372,0.0009846359870713372,True
imports,444,import_hash_bin_0186,0.000983713153172201,0.000983713153172201,True
imports,220,library_hash_bin_218,0.0009796766703400338,0.0009796766703400338,True
imports,1111,import_hash_bin_0853,0.0009764340683321812,0.0009764340683321812,True
imports,1240,import_hash_bin_0982,0.0009749849219827822,0.0009749849219827822,True
imports,1155,import_hash_bin_0897,0.000974505093349686,0.000974505093349686,True
imports,495,import_hash_bin_0237,0.0009728912824641362,0.0009728912824641362,True
imports,865,import_hash_bin_0607,0.000967649777387812,0.000967649777387812,True
imports,756,import_hash_bin_0498,0.0009671064071902313,0.0009671064071902313,True
imports,844,import_hash_bin_0586,0.0009574306038253827,0.0009574306038253827,True
imports,308,import_hash_bin_0050,0.000947796434112179,0.000947796434112179,True
imports,1076,import_hash_bin_0818,0.0009441604370320363,0.0009441604370320363,True
imports,439,import_hash_bin_0181,0.0009378456749593302,0.0009378456749593302,True
imports,396,import_hash_bin_0138,0.000928489621295705,0.000928489621295705,True
imports,470,import_hash_bin_0212,0.0009281551803463912,0.0009281551803463912,True
imports,490,import_hash_bin_0232,0.0009280455030958906,0.0009280455030958906,True
imports,696,import_hash_bin_0438,0.0009246770188562878,0.0009246770188562878,True
imports,580,import_hash_bin_0322,0.0009229700326732793,0.0009229700326732793,True
imports,794,import_hash_bin_0536,0.0009205487289301222,0.0009205487289301222,True
imports,450,import_hash_bin_0192,0.0009201718731678875,0.0009201718731678875,True
imports,423,import_hash_bin_0165,0.0009198186034816364,0.0009198186034816364,True
imports,1016,import_hash_bin_0758,0.0009188821122658201,0.0009188821122658201,True
imports,305,import_hash_bin_0047,0.0009188711763441161,0.0009188711763441161,True
imports,521,import_hash_bin_0263,0.0009177800450802459,0.0009177800450802459,True
imports,1097,import_hash_bin_0839,0.0009122989137764211,0.0009122989137764211,True
imports,590,import_hash_bin_0332,0.0009116181597865097,0.0009116181597865097,True
imports,563,import_hash_bin_0305,0.000907531875544971,0.000907531875544971,True
imports,522,import_hash_bin_0264,0.0009071844519435179,0.0009071844519435179,True
imports,1117,import_hash_bin_0859,0.0009051725340562287,0.0009051725340562287,True
imports,680,import_hash_bin_0422,0.000904850166082777,0.000904850166082777,True
imports,936,import_hash_bin_0678,0.0008962139899606144,0.0008962139899606144,True
imports,1233,import_hash_bin_0975,0.0008933273411497303,0.0008933273411497303,True
imports,1241,import_hash_bin_0983,0.0008906609636782851,0.0008906609636782851,True
imports,643,import_hash_bin_0385,0.0008814060034869464,0.0008814060034869464,True
imports,633,import_hash_bin_0375,0.0008807266274131048,0.0008807266274131048,True
imports,957,import_hash_bin_0699,0.0008798641240494199,0.0008798641240494199,True
imports,1125,import_hash_bin_0867,0.0008797891664246097,0.0008797891664246097,True
imports,525,import_hash_bin_0267,0.0008757631514786558,0.0008757631514786558,True
imports,1271,import_hash_bin_1013,0.0008754002602157124,0.0008754002602157124,True
imports,715,import_hash_bin_0457,0.0008733880918814193,0.0008733880918814193,True
imports,961,import_hash_bin_0703,0.0008725765185690434,0.0008725765185690434,True
imports,364,import_hash_bin_0106,0.0008723319682808365,0.0008723319682808365,True
imports,811,import_hash_bin_0553,0.0008673558240859308,0.0008673558240859308,True
imports,1138,import_hash_bin_0880,0.0008638671553907893,0.0008638671553907893,True
imports,564,import_hash_bin_0306,0.0008628852701898771,0.0008628852701898771,True
imports,829,import_hash_bin_0571,0.0008614648779686962,0.0008614648779686962,True
imports,818,import_hash_bin_0560,0.0008606172953528701,0.0008606172953528701,True
imports,744,import_hash_bin_0486,0.0008590165076433857,0.0008590165076433857,True
imports,947,import_hash_bin_0689,0.0008582390324537512,0.0008582390324537512,True
imports,732,import_hash_bin_0474,0.0008569164446030031,0.0008569164446030031,True
imports,659,import_hash_bin_0401,0.0008528750915662993,0.0008528750915662993,True
imports,377,import_hash_bin_0119,0.0008518557587396498,0.0008518557587396498,True
imports,1050,import_hash_bin_0792,0.000842893032000361,0.000842893032000361,True
imports,880,import_hash_bin_0622,0.0008413808549189087,0.0008413808549189087,True
imports,864,import_hash_bin_0606,0.0008375495832052014,0.0008375495832052014,True
imports,1192,import_hash_bin_0934,0.0008349858017273826,0.0008349858017273826,True
imports,962,import_hash_bin_0704,0.0008294043288242302,0.0008294043288242302,True
imports,1136,import_hash_bin_0878,0.000819556294416786,0.000819556294416786,True
imports,404,import_hash_bin_0146,0.0008192184498004457,0.0008192184498004457,True
imports,657,import_hash_bin_0399,0.0008175515939137791,0.0008175515939137791,True
imports,887,import_hash_bin_0629,0.0008152225786720528,0.0008152225786720528,True
imports,591,import_hash_bin_0333,0.0008140736184950651,0.0008140736184950651,True
imports,421,import_hash_bin_0163,0.0008124625835821084,0.0008124625835821084,True
imports,1110,import_hash_bin_0852,0.0008107042427559314,0.0008107042427559314,True
imports,776,import_hash_bin_0518,0.0008105387575532382,0.0008105387575532382,True
imports,850,import_hash_bin_0592,0.0008097918811992146,0.0008097918811992146,True
imports,34,library_hash_bin_032,0.0008076006744858803,0.0008076006744858803,True
imports,321,import_hash_bin_0063,0.0008063721717203724,0.0008063721717203724,True
imports,923,import_hash_bin_0665,0.0008062880579639289,0.0008062880579639289,True
imports,1276,import_hash_bin_1018,0.0008058742319282551,0.0008058742319282551,True
imports,1167,import_hash_bin_0909,0.0008029899116818555,0.0008029899116818555,True
imports,543,import_hash_bin_0285,0.0008026685208098292,0.0008026685208098292,True
imports,1142,import_hash_bin_0884,0.0008004005320295119,0.0008004005320295119,True
imports,753,import_hash_bin_0495,0.0008003342965120736,0.0008003342965120736,True
imports,453,import_hash_bin_0195,0.0007998877650833055,0.0007998877650833055,True
imports,1226,import_hash_bin_0968,0.0007953506504033994,0.0007953506504033994,True
imports,596,import_hash_bin_0338,0.0007949945062288396,0.0007949945062288396,True
imports,479,import_hash_bin_0221,0.0007893090813320102,0.0007893090813320102,True
imports,1274,import_hash_bin_1016,0.0007868071261948556,0.0007868071261948556,True
imports,1074,import_hash_bin_0816,0.0007865831718151904,0.0007865831718151904,True
imports,1132,import_hash_bin_0874,0.0007858341824712496,0.0007858341824712496,True
imports,781,import_hash_bin_0523,0.0007822538630634955,0.0007822538630634955,True
imports,1273,import_hash_bin_1015,0.0007803511373617279,0.0007803511373617279,True
imports,1152,import_hash_bin_0894,0.0007798068426242054,0.0007798068426242054,True
imports,774,import_hash_bin_0516,0.0007795787581755466,0.0007795787581755466,True
imports,634,import_hash_bin_0376,0.0007776885336885263,0.0007776885336885263,True
imports,619,import_hash_bin_0361,0.0007775911902957926,0.0007775911902957926,True
imports,726,import_hash_bin_0468,0.0007771409963641898,0.0007771409963641898,True
imports,834,import_hash_bin_0576,0.000776915502776651,0.000776915502776651,True
imports,292,import_hash_bin_0034,0.0007751339552632316,0.0007751339552632316,True
imports,727,import_hash_bin_0469,0.0007728759806412238,0.0007728759806412238,True
imports,739,import_hash_bin_0481,0.0007719485358021252,0.0007719485358021252,True
imports,279,import_hash_bin_0021,0.000771151085712726,0.000771151085712726,True
imports,392,import_hash_bin_0134,0.0007704871169080392,0.0007704871169080392,True
imports,585,import_hash_bin_0327,0.0007664935781273308,0.0007664935781273308,True
imports,804,import_hash_bin_0546,0.0007644443797383033,0.0007644443797383033,True
imports,741,import_hash_bin_0483,0.000764361253495683,0.000764361253495683,True
imports,698,import_hash_bin_0440,0.0007615802633169119,0.0007615802633169119,True
imports,1168,import_hash_bin_0910,0.0007457271858326194,0.0007457271858326194,True
imports,1272,import_hash_bin_1014,0.0007441238027672856,0.0007441238027672856,True
imports,402,import_hash_bin_0144,0.0007421498607916312,0.0007421498607916312,True
imports,430,import_hash_bin_0172,0.0007411866822836297,0.0007411866822836297,True
imports,991,import_hash_bin_0733,0.0007400168610623176,0.0007400168610623176,True
imports,567,import_hash_bin_0309,0.0007382489521919458,0.0007382489521919458,True
imports,1140,import_hash_bin_0882,0.000736482256713792,0.000736482256713792,True
imports,385,import_hash_bin_0127,0.0007364732746652728,0.0007364732746652728,True
imports,1005,import_hash_bin_0747,0.0007357253270471677,0.0007357253270471677,True
imports,635,import_hash_bin_0377,0.0007354422730333946,0.0007354422730333946,True
imports,1002,import_hash_bin_0744,0.0007347344458061446,0.0007347344458061446,True
imports,796,import_hash_bin_0538,0.0007328119526896795,0.0007328119526896795,True
imports,987,import_hash_bin_0729,0.0007326192425650712,0.0007326192425650712,True
imports,955,import_hash_bin_0697,0.0007314551599015423,0.0007314551599015423,True
imports,1027,import_hash_bin_0769,0.0007276628945621562,0.0007276628945621562,True
imports,889,import_hash_bin_0631,0.0007264369736586821,0.0007264369736586821,True
imports,1201,import_hash_bin_0943,0.0007235850389008381,0.0007235850389008381,True
imports,755,import_hash_bin_0497,0.0007193381093465632,0.0007193381093465632,True
imports,983,import_hash_bin_0725,0.0007182856516351697,0.0007182856516351697,True
imports,577,import_hash_bin_0319,0.0007141232373337693,0.0007141232373337693,True
imports,307,import_hash_bin_0049,0.0007133880091702349,0.0007133880091702349,True
imports,982,import_hash_bin_0724,0.0007110662269552339,0.0007110662269552339,True
imports,1157,import_hash_bin_0899,0.0007076711372205925,0.0007076711372205925,True
imports,1156,import_hash_bin_0898,0.0007066805760558197,0.0007066805760558197,True
imports,820,import_hash_bin_0562,0.0007058929802954484,0.0007058929802954484,True
imports,1255,import_hash_bin_0997,0.000700350094816588,0.000700350094816588,True
imports,313,import_hash_bin_0055,0.0006995707020951281,0.0006995707020951281,True
imports,182,library_hash_bin_180,0.0006994943954589235,0.0006994943954589235,True
imports,346,import_hash_bin_0088,0.0006972264796852263,0.0006972264796852263,True
imports,427,import_hash_bin_0169,0.0006954615651999403,0.0006954615651999403,True
imports,98,library_hash_bin_096,0.0006936146590706556,0.0006936146590706556,True
imports,1069,import_hash_bin_0811,0.0006922584090155951,0.0006922584090155951,True
imports,219,library_hash_bin_217,0.0006880152927617973,0.0006880152927617973,True
imports,1189,import_hash_bin_0931,0.0006876841934160212,0.0006876841934160212,True
imports,761,import_hash_bin_0503,0.0006864671201080283,0.0006864671201080283,True
imports,1176,import_hash_bin_0918,0.0006849538273841776,0.0006849538273841776,True
imports,1135,import_hash_bin_0877,0.0006843112449311342,0.0006843112449311342,True
imports,328,import_hash_bin_0070,0.0006820576232250261,0.0006820576232250261,True
imports,1204,import_hash_bin_0946,0.0006815621094667486,0.0006815621094667486,True
imports,1128,import_hash_bin_0870,0.0006814065182997197,0.0006814065182997197,True
imports,120,library_hash_bin_118,0.0006777321096083089,0.0006777321096083089,True
imports,650,import_hash_bin_0392,0.0006774019579397987,0.0006774019579397987,True
imports,790,import_hash_bin_0532,0.0006764702481790472,0.0006764702481790472,True
imports,764,import_hash_bin_0506,0.0006701222989982795,0.0006701222989982795,True
imports,745,import_hash_bin_0487,0.000665764382755637,0.000665764382755637,True
imports,1078,import_hash_bin_0820,0.0006642344343052144,0.0006642344343052144,True
imports,645,import_hash_bin_0387,0.000662995347628722,0.000662995347628722,True
imports,867,import_hash_bin_0609,0.0006576671361219619,0.0006576671361219619,True
imports,558,import_hash_bin_0300,0.000654640843868194,0.000654640843868194,True
imports,760,import_hash_bin_0502,0.0006494526432042335,0.0006494526432042335,True
imports,763,import_hash_bin_0505,0.0006467622701194209,0.0006467622701194209,True
imports,554,import_hash_bin_0296,0.0006459171526108485,0.0006459171526108485,True
imports,663,import_hash_bin_0405,0.0006455958151893355,0.0006455958151893355,True
imports,954,import_hash_bin_0696,0.0006444686270783136,0.0006444686270783136,True
imports,786,import_hash_bin_0528,0.0006436110721303451,0.0006436110721303451,True
imports,1236,import_hash_bin_0978,0.0006421604399009101,0.0006421604399009101,True
imports,609,import_hash_bin_0351,0.0006389887520747121,0.0006389887520747121,True
imports,1004,import_hash_bin_0746,0.000638533045694568,0.000638533045694568,True
imports,668,import_hash_bin_0410,0.0006361733096301298,0.0006361733096301298,True
imports,23,library_hash_bin_021,0.0006351132218584451,0.0006351132218584451,True
imports,593,import_hash_bin_0335,0.0006327366860559413,0.0006327366860559413,True
imports,1196,import_hash_bin_0938,0.000631941973159107,0.000631941973159107,True
imports,505,import_hash_bin_0247,0.0006317660196735676,0.0006317660196735676,True
imports,317,import_hash_bin_0059,0.0006308771409169904,0.0006308771409169904,True
imports,541,import_hash_bin_0283,0.0006295694573241417,0.0006295694573241417,True
imports,999,import_hash_bin_0741,0.0006286575642600568,0.0006286575642600568,True
imports,787,import_hash_bin_0529,0.0006285586462001525,0.0006285586462001525,True
imports,350,import_hash_bin_0092,0.0006276683241108608,0.0006276683241108608,True
imports,1174,import_hash_bin_0916,0.0006257507074606019,0.0006257507074606019,True
imports,1246,import_hash_bin_0988,0.0006195395082012818,0.0006195395082012818,True
imports,1199,import_hash_bin_0941,0.0006153774500988969,0.0006153774500988969,True
imports,914,import_hash_bin_0656,0.0006152118792326466,0.0006152118792326466,True
imports,1260,import_hash_bin_1002,0.0006148905012873427,0.0006148905012873427,True
imports,1060,import_hash_bin_0802,0.0006145893222727018,0.0006145893222727018,True
imports,536,import_hash_bin_0278,0.0006128645471974204,0.0006128645471974204,True
imports,959,import_hash_bin_0701,0.0006124011530859265,0.0006124011530859265,True
imports,249,library_hash_bin_247,0.0006059994312454205,0.0006059994312454205,True
imports,425,import_hash_bin_0167,0.0006059439968642879,0.0006059439968642879,True
imports,752,import_hash_bin_0494,0.0006014968420222814,0.0006014968420222814,True
imports,523,import_hash_bin_0265,0.000600954696093415,0.000600954696093415,True
imports,544,import_hash_bin_0286,0.0006003496507533006,0.0006003496507533006,True
imports,1212,import_hash_bin_0954,0.0005993572790139822,0.0005993572790139822,True
imports,559,import_hash_bin_0301,0.0005955405920925742,0.0005955405920925742,True
imports,1131,import_hash_bin_0873,0.0005933983724496053,0.0005933983724496053,True
imports,455,import_hash_bin_0197,0.0005900537454243992,0.0005900537454243992,True
imports,262,import_hash_bin_0004,0.0005886976621273925,0.0005886976621273925,True
imports,1001,import_hash_bin_0743,0.0005871125683560709,0.0005871125683560709,True
imports,384,import_hash_bin_0126,0.0005869076254801964,0.0005869076254801964,True
imports,970,import_hash_bin_0712,0.0005861616232185667,0.0005861616232185667,True
imports,1020,import_hash_bin_0762,0.0005846571944097929,0.0005846571944097929,True
imports,500,import_hash_bin_0242,0.0005820326028857254,0.0005820326028857254,True
imports,992,import_hash_bin_0734,0.0005764168043802527,0.0005764168043802527,True
imports,810,import_hash_bin_0552,0.0005762954114089014,0.0005762954114089014,True
imports,527,import_hash_bin_0269,0.0005751068634697985,0.0005751068634697985,True
imports,1190,import_hash_bin_0932,0.0005737100206942525,0.0005737100206942525,True
imports,276,import_hash_bin_0018,0.0005733241582251978,0.0005733241582251978,True
imports,489,import_hash_bin_0231,0.0005732644307998363,0.0005732644307998363,True
imports,711,import_hash_bin_0453,0.0005726630861921004,0.0005726630861921004,True
imports,339,import_hash_bin_0081,0.0005726374317652028,0.0005726374317652028,True
imports,281,import_hash_bin_0023,0.0005725622852716506,0.0005725622852716506,True
imports,473,import_hash_bin_0215,0.0005723414573070335,0.0005723414573070335,True
imports,926,import_hash_bin_0668,0.0005714942188051736,0.0005714942188051736,True
imports,587,import_hash_bin_0329,0.0005712328413984832,0.0005712328413984832,True
imports,1215,import_hash_bin_0957,0.0005649556304700394,0.0005649556304700394,True
imports,1150,import_hash_bin_0892,0.0005648055122886493,0.0005648055122886493,True
imports,410,import_hash_bin_0152,0.000564748420075323,0.000564748420075323,True
imports,1203,import_hash_bin_0945,0.0005641989074115711,0.0005641989074115711,True
imports,852,import_hash_bin_0594,0.0005614106463122134,0.0005614106463122134,True
imports,849,import_hash_bin_0591,0.0005613677381060559,0.0005613677381060559,True
imports,1129,import_hash_bin_0871,0.0005584359287685869,0.0005584359287685869,True
imports,1228,import_hash_bin_0970,0.0005578698069030436,0.0005578698069030436,True
imports,651,import_hash_bin_0393,0.0005572633088136001,0.0005572633088136001,True
imports,775,import_hash_bin_0517,0.0005570903376689793,0.0005570903376689793,True
imports,771,import_hash_bin_0513,0.0005566205266305452,0.0005566205266305452,True
imports,1048,import_hash_bin_0790,0.000553995558911453,0.000553995558911453,True
imports,1245,import_hash_bin_0987,0.0005537021794345871,0.0005537021794345871,True
imports,582,import_hash_bin_0324,0.0005519641208344054,0.0005519641208344054,True
imports,915,import_hash_bin_0657,0.0005516559293829341,0.0005516559293829341,True
imports,273,import_hash_bin_0015,0.0005447774022622301,0.0005447774022622301,True
imports,514,import_hash_bin_0256,0.0005445879266179514,0.0005445879266179514,True
imports,644,import_hash_bin_0386,0.000544015537746051,0.000544015537746051,True
imports,1239,import_hash_bin_0981,0.0005422689268630128,0.0005422689268630128,True
imports,1216,import_hash_bin_0958,0.0005419012884295888,0.0005419012884295888,True
imports,1046,import_hash_bin_0788,0.0005418904079177467,0.0005418904079177467,True
imports,302,import_hash_bin_0044,0.0005418317269676592,0.0005418317269676592,True
imports,460,import_hash_bin_0202,0.0005416828004361371,0.0005416828004361371,True
imports,329,import_hash_bin_0071,0.0005401770789135855,0.0005401770789135855,True
imports,1075,import_hash_bin_0817,0.0005377166952174639,0.0005377166952174639,True
imports,406,import_hash_bin_0148,0.000536603445527939,0.000536603445527939,True
imports,1209,import_hash_bin_0951,0.0005365406193401023,0.0005365406193401023,True
imports,261,import_hash_bin_0003,0.0005353663211667718,0.0005353663211667718,True
imports,835,import_hash_bin_0577,0.0005346895929533596,0.0005346895929533596,True
imports,823,import_hash_bin_0565,0.0005340195053238207,0.0005340195053238207,True
imports,481,import_hash_bin_0223,0.0005332454287553485,0.0005332454287553485,True
imports,476,import_hash_bin_0218,0.0005328052352918155,0.0005328052352918155,True
imports,907,import_hash_bin_0649,0.0005327091461112753,0.0005327091461112753,True
imports,616,import_hash_bin_0358,0.0005312855496760134,0.0005312855496760134,True
imports,382,import_hash_bin_0124,0.0005301696520773926,0.0005301696520773926,True
imports,269,import_hash_bin_0011,0.0005301391091665884,0.0005301391091665884,True
imports,422,import_hash_bin_0164,0.000528727417076088,0.000528727417076088,True
imports,428,import_hash_bin_0170,0.0005275572908049855,0.0005275572908049855,True
imports,1139,import_hash_bin_0881,0.0005259529685202921,0.0005259529685202921,True
imports,478,import_hash_bin_0220,0.0005251285879968666,0.0005251285879968666,True
imports,542,import_hash_bin_0284,0.0005246458910975006,0.0005246458910975006,True
imports,105,library_hash_bin_103,0.000524374131381336,0.000524374131381336,True
imports,688,import_hash_bin_0430,0.0005231825377112312,0.0005231825377112312,True
imports,381,import_hash_bin_0123,0.000522788444262458,0.000522788444262458,True
imports,893,import_hash_bin_0635,0.0005217657890665861,0.0005217657890665861,True
imports,664,import_hash_bin_0406,0.0005208051244683581,0.0005208051244683581,True
imports,674,import_hash_bin_0416,0.0005195534147453472,0.0005195534147453472,True
imports,569,import_hash_bin_0311,0.0005186868177095295,0.0005186868177095295,True
imports,708,import_hash_bin_0450,0.0005170135038616533,0.0005170135038616533,True
imports,131,library_hash_bin_129,0.0005140140754041991,0.0005140140754041991,True
imports,1035,import_hash_bin_0777,0.0005125891458162272,0.0005125891458162272,True
imports,878,import_hash_bin_0620,0.0005106589660361806,0.0005106589660361806,True
imports,338,import_hash_bin_0080,0.0005103811636596912,0.0005103811636596912,True
imports,149,library_hash_bin_147,0.0005087910130877389,0.0005087910130877389,True
imports,652,import_hash_bin_0394,0.0005007545214308714,0.0005007545214308714,True
imports,784,import_hash_bin_0526,0.0004994587317926359,0.0004994587317926359,True
imports,383,import_hash_bin_0125,0.0004993476339446883,0.0004993476339446883,True
imports,862,import_hash_bin_0604,0.0004980367986936556,0.0004980367986936556,True
imports,1210,import_hash_bin_0952,0.0004969921783898816,0.0004969921783898816,True
imports,419,import_hash_bin_0161,0.0004966474904487794,0.0004966474904487794,True
imports,614,import_hash_bin_0356,0.0004954809030823748,0.0004954809030823748,True
imports,1030,import_hash_bin_0772,0.0004942036252965566,0.0004942036252965566,True
imports,508,import_hash_bin_0250,0.0004940360394353367,0.0004940360394353367,True
imports,322,import_hash_bin_0064,0.0004925359883761803,0.0004925359883761803,True
imports,831,import_hash_bin_0573,0.0004922598267327766,0.0004922598267327766,True
imports,1112,import_hash_bin_0854,0.0004917491905630812,0.0004917491905630812,True
imports,1011,import_hash_bin_0753,0.000491263202838062,0.000491263202838062,True
imports,710,import_hash_bin_0452,0.0004894505906966098,0.0004894505906966098,True
imports,258,import_hash_bin_0000,0.0004879496733605651,0.0004879496733605651,True
imports,935,import_hash_bin_0677,0.00048622787404645847,0.00048622787404645847,True
imports,1099,import_hash_bin_0841,0.00048306775338183603,0.00048306775338183603,True
imports,420,import_hash_bin_0162,0.00048207301673194706,0.00048207301673194706,True
imports,606,import_hash_bin_0348,0.00048192232034842587,0.00048192232034842587,True
imports,731,import_hash_bin_0473,0.0004809917819058002,0.0004809917819058002,True
imports,598,import_hash_bin_0340,0.0004807106227960369,0.0004807106227960369,True
imports,758,import_hash_bin_0500,0.00047857772765174923,0.00047857772765174923,True
imports,260,import_hash_bin_0002,0.0004778360122518433,0.0004778360122518433,True
imports,929,import_hash_bin_0671,0.0004775451280121444,0.0004775451280121444,True
imports,267,import_hash_bin_0009,0.00047610365633514435,0.00047610365633514435,True
imports,583,import_hash_bin_0325,0.00047450434390663364,0.00047450434390663364,True
imports,941,import_hash_bin_0683,0.0004738444219572757,0.0004738444219572757,True
imports,531,import_hash_bin_0273,0.0004720088939896285,0.0004720088939896285,True
imports,493,import_hash_bin_0235,0.0004713308918330219,0.0004713308918330219,True
imports,876,import_hash_bin_0618,0.0004708492389786534,0.0004708492389786534,True
imports,1186,import_hash_bin_0928,0.00047065213628120817,0.00047065213628120817,True
imports,600,import_hash_bin_0342,0.00046817608940925875,0.00046817608940925875,True
imports,1122,import_hash_bin_0864,0.0004673010304049881,0.0004673010304049881,True
imports,888,import_hash_bin_0630,0.00046716582140043803,0.00046716582140043803,True
imports,539,import_hash_bin_0281,0.0004670630153949946,0.0004670630153949946,True
imports,1089,import_hash_bin_0831,0.00046625665852442126,0.00046625665852442126,True
imports,268,import_hash_bin_0010,0.0004661406173196306,0.0004661406173196306,True
imports,856,import_hash_bin_0598,0.0004654738216345777,0.0004654738216345777,True
imports,289,import_hash_bin_0031,0.0004654623374796224,0.0004654623374796224,True
imports,884,import_hash_bin_0626,0.00046532117906605537,0.00046532117906605537,True
imports,414,import_hash_bin_0156,0.00046438547761915093,0.00046438547761915093,True
imports,1267,import_hash_bin_1009,0.0004627412853125648,0.0004627412853125648,True
imports,1051,import_hash_bin_0793,0.0004624140040600827,0.0004624140040600827,True
imports,1193,import_hash_bin_0935,0.00045986367127067075,0.00045986367127067075,True
imports,938,import_hash_bin_0680,0.00045941147307215286,0.00045941147307215286,True
imports,275,import_hash_bin_0017,0.0004589792831564221,0.0004589792831564221,True
imports,847,import_hash_bin_0589,0.0004564275669985271,0.0004564275669985271,True
imports,482,import_hash_bin_0224,0.00045472590882485403,0.00045472590882485403,True
imports,31,library_hash_bin_029,0.00045467997398362513,0.00045467997398362513,True
imports,1082,import_hash_bin_0824,0.00044870420295235806,0.00044870420295235806,True
imports,394,import_hash_bin_0136,0.0004481408041923698,0.0004481408041923698,True
imports,694,import_hash_bin_0436,0.00044796774208576064,0.00044796774208576064,True
imports,1185,import_hash_bin_0927,0.00044673479984529775,0.00044673479984529775,True
imports,918,import_hash_bin_0660,0.0004452575836021952,0.0004452575836021952,True
imports,499,import_hash_bin_0241,0.0004445824191646677,0.0004445824191646677,True
imports,658,import_hash_bin_0400,0.00044440442357982364,0.00044440442357982364,True
imports,805,import_hash_bin_0547,0.0004440767544111051,0.0004440767544111051,True
imports,441,import_hash_bin_0183,0.00044357239387351945,0.00044357239387351945,True
imports,934,import_hash_bin_0676,0.00044267167708155326,0.00044267167708155326,True
imports,1158,import_hash_bin_0900,0.0004426363268751435,0.0004426363268751435,True
imports,1159,import_hash_bin_0901,0.0004406810380894315,0.0004406810380894315,True
imports,795,import_hash_bin_0537,0.00044037980350516585,0.00044037980350516585,True
imports,713,import_hash_bin_0455,0.0004396023731257628,0.0004396023731257628,True
imports,636,import_hash_bin_0378,0.00043750432047011335,0.00043750432047011335,True
imports,931,import_hash_bin_0673,0.00043620619521286304,0.00043620619521286304,True
imports,551,import_hash_bin_0293,0.00043454251005194973,0.00043454251005194973,True
imports,687,import_hash_bin_0429,0.0004340989772897693,0.0004340989772897693,True
imports,280,import_hash_bin_0022,0.0004334798369423907,0.0004334798369423907,True
imports,498,import_hash_bin_0240,0.0004326638014839557,0.0004326638014839557,True
imports,1047,import_hash_bin_0789,0.00043199258616061226,0.00043199258616061226,True
imports,1229,import_hash_bin_0971,0.00043074527347532085,0.00043074527347532085,True
imports,366,import_hash_bin_0108,0.0004302506471576866,0.0004302506471576866,True
imports,424,import_hash_bin_0166,0.0004285178602352331,0.0004285178602352331,True
imports,838,import_hash_bin_0580,0.0004281938730967664,0.0004281938730967664,True
imports,785,import_hash_bin_0527,0.0004279865797275977,0.0004279865797275977,True
imports,627,import_hash_bin_0369,0.00042798131107961803,0.00042798131107961803,True
imports,83,library_hash_bin_081,0.0004279359865336777,0.0004279359865336777,True
imports,429,import_hash_bin_0171,0.0004278071160663874,0.0004278071160663874,True
imports,431,import_hash_bin_0173,0.0004276877106883441,0.0004276877106883441,True
imports,295,import_hash_bin_0037,0.00042764479711947836,0.00042764479711947836,True
imports,1194,import_hash_bin_0936,0.0004262619548384827,0.0004262619548384827,True
imports,513,import_hash_bin_0255,0.00042471857791454996,0.00042471857791454996,True
imports,285,import_hash_bin_0027,0.00042468107967235096,0.00042468107967235096,True
imports,520,import_hash_bin_0262,0.0004245970501822138,0.0004245970501822138,True
imports,315,import_hash_bin_0057,0.0004244700222604189,0.0004244700222604189,True
imports,547,import_hash_bin_0289,0.0004228112873041325,0.0004228112873041325,True
imports,655,import_hash_bin_0397,0.00042231543399042957,0.00042231543399042957,True
imports,1042,import_hash_bin_0784,0.0004216830535121118,0.0004216830535121118,True
imports,808,import_hash_bin_0550,0.0004210627677744782,0.0004210627677744782,True
imports,819,import_hash_bin_0561,0.00042105262310099863,0.00042105262310099863,True
imports,413,import_hash_bin_0155,0.0004204594303431365,0.0004204594303431365,True
imports,622,import_hash_bin_0364,0.0004197277291001027,0.0004197277291001027,True
imports,1021,import_hash_bin_0763,0.00041972218333395514,0.00041972218333395514,True
imports,1049,import_hash_bin_0791,0.00041919361293943423,0.00041919361293943423,True
imports,1094,import_hash_bin_0836,0.0004183286258607211,0.0004183286258607211,True
imports,488,import_hash_bin_0230,0.0004182417599421515,0.0004182417599421515,True
imports,777,import_hash_bin_0519,0.0004176739904031025,0.0004176739904031025,True
imports,1188,import_hash_bin_0930,0.0004163914032357497,0.0004163914032357497,True
imports,665,import_hash_bin_0407,0.00041544114007915396,0.00041544114007915396,True
imports,846,import_hash_bin_0588,0.0004152212128656045,0.0004152212128656045,True
imports,1227,import_hash_bin_0969,0.0004145230048491926,0.0004145230048491926,True
imports,407,import_hash_bin_0149,0.00041393324724428696,0.00041393324724428696,True
imports,1197,import_hash_bin_0939,0.00041346959999170543,0.00041346959999170543,True
imports,978,import_hash_bin_0720,0.0004129028504974302,0.0004129028504974302,True
imports,828,import_hash_bin_0570,0.00041225058720540243,0.00041225058720540243,True
imports,1251,import_hash_bin_0993,0.00041008325511410865,0.00041008325511410865,True
imports,411,import_hash_bin_0153,0.00040768639656965465,0.00040768639656965465,True
imports,200,library_hash_bin_198,0.00040614538726403064,0.00040614538726403064,True
imports,1220,import_hash_bin_0962,0.00040595639209516424,0.00040595639209516424,True
imports,723,import_hash_bin_0465,0.0004056635342406453,0.0004056635342406453,True
imports,457,import_hash_bin_0199,0.00040333557719264974,0.00040333557719264974,True
imports,833,import_hash_bin_0575,0.00040332661141998877,0.00040332661141998877,True
imports,1234,import_hash_bin_0976,0.00040309822047564426,0.00040309822047564426,True
imports,324,import_hash_bin_0066,0.00040278372548643816,0.00040278372548643816,True
imports,501,import_hash_bin_0243,0.00040189209396117575,0.00040189209396117575,True
imports,108,library_hash_bin_106,0.00040130997624053674,0.00040130997624053674,True
imports,997,import_hash_bin_0739,0.00040006533025258555,0.00040006533025258555,True
imports,360,import_hash_bin_0102,0.00039879995583753626,0.00039879995583753626,True
imports,256,library_hash_bin_254,0.0003984415301435136,0.0003984415301435136,True
imports,1211,import_hash_bin_0953,0.000397986656456585,0.000397986656456585,True
imports,1123,import_hash_bin_0865,0.0003973802614376063,0.0003973802614376063,True
imports,724,import_hash_bin_0466,0.00039673810925924943,0.00039673810925924943,True
imports,374,import_hash_bin_0116,0.0003963230018319705,0.0003963230018319705,True
imports,638,import_hash_bin_0380,0.0003956364008167769,0.0003956364008167769,True
imports,434,import_hash_bin_0176,0.000395112724973999,0.000395112724973999,True
imports,141,library_hash_bin_139,0.00039481779443520593,0.00039481779443520593,True
imports,472,import_hash_bin_0214,0.00039456029853807606,0.00039456029853807606,True
imports,509,import_hash_bin_0251,0.0003945046695705574,0.0003945046695705574,True
imports,742,import_hash_bin_0484,0.00039392647226135346,0.00039392647226135346,True
imports,265,import_hash_bin_0007,0.000392750790046278,0.000392750790046278,True
imports,497,import_hash_bin_0239,0.0003926527052891932,0.0003926527052891932,True
imports,743,import_hash_bin_0485,0.000391995851090933,0.000391995851090933,True
imports,677,import_hash_bin_0419,0.0003912008771010901,0.0003912008771010901,True
imports,466,import_hash_bin_0208,0.0003907259227216189,0.0003907259227216189,True
imports,953,import_hash_bin_0695,0.00038996819971154985,0.00038996819971154985,True
imports,1205,import_hash_bin_0947,0.0003895764599393383,0.0003895764599393383,True
imports,1172,import_hash_bin_0914,0.0003892352661815627,0.0003892352661815627,True
imports,925,import_hash_bin_0667,0.00038673243563880073,0.00038673243563880073,True
imports,435,import_hash_bin_0177,0.00038511993243547433,0.00038511993243547433,True
imports,631,import_hash_bin_0373,0.0003830673203017029,0.0003830673203017029,True
imports,448,import_hash_bin_0190,0.0003820193841449209,0.0003820193841449209,True
imports,1263,import_hash_bin_1005,0.00038080371026529545,0.00038080371026529545,True
imports,449,import_hash_bin_0191,0.0003770552095302281,0.0003770552095302281,True
imports,1213,import_hash_bin_0955,0.00037347317460759285,0.00037347317460759285,True
imports,437,import_hash_bin_0179,0.00037336280484288295,0.00037336280484288295,True
imports,363,import_hash_bin_0105,0.0003726216318782756,0.0003726216318782756,True
imports,683,import_hash_bin_0425,0.00037123750235619674,0.00037123750235619674,True
imports,73,library_hash_bin_071,0.00036908604646074467,0.00036908604646074467,True
imports,906,import_hash_bin_0648,0.00036867817407142584,0.00036867817407142584,True
imports,666,import_hash_bin_0408,0.00036804657692180527,0.00036804657692180527,True
imports,859,import_hash_bin_0601,0.0003677432691207027,0.0003677432691207027,True
imports,468,import_hash_bin_0210,0.00036738130479218694,0.00036738130479218694,True
imports,409,import_hash_bin_0151,0.0003671605778214521,0.0003671605778214521,True
imports,733,import_hash_bin_0475,0.0003666267319807804,0.0003666267319807804,True
imports,920,import_hash_bin_0662,0.00036605133389286604,0.00036605133389286604,True
imports,913,import_hash_bin_0655,0.00036551221470109893,0.00036551221470109893,True
imports,750,import_hash_bin_0492,0.0003641919360813762,0.0003641919360813762,True
imports,964,import_hash_bin_0706,0.000364165918352177,0.000364165918352177,True
imports,555,import_hash_bin_0297,0.00036263862329820876,0.00036263862329820876,True
imports,340,import_hash_bin_0082,0.0003625647991538145,0.0003625647991538145,True
imports,821,import_hash_bin_0563,0.00036255371225509897,0.00036255371225509897,True
imports,494,import_hash_bin_0236,0.00036227304249424394,0.00036227304249424394,True
imports,1164,import_hash_bin_0906,0.00036179195865262287,0.00036179195865262287,True
imports,789,import_hash_bin_0531,0.0003616659640097422,0.0003616659640097422,True
imports,1025,import_hash_bin_0767,0.0003598800996412204,0.0003598800996412204,True
imports,1010,import_hash_bin_0752,0.000358749049719415,0.000358749049719415,True
imports,900,import_hash_bin_0642,0.00035799627355885403,0.00035799627355885403,True
imports,293,import_hash_bin_0035,0.0003573644748376636,0.0003573644748376636,True
imports,697,import_hash_bin_0439,0.00035694531908212233,0.00035694531908212233,True
imports,1033,import_hash_bin_0775,0.0003563872958437622,0.0003563872958437622,True
imports,353,import_hash_bin_0095,0.0003557824189500244,0.0003557824189500244,True
imports,1262,import_hash_bin_1004,0.00035541343356911676,0.00035541343356911676,True
imports,456,import_hash_bin_0198,0.00035518928389393647,0.00035518928389393647,True
imports,700,import_hash_bin_0442,0.0003545291480014117,0.0003545291480014117,True
imports,610,import_hash_bin_0352,0.0003543571347514715,0.0003543571347514715,True
imports,1072,import_hash_bin_0814,0.00035392444744564486,0.00035392444744564486,True
imports,272,import_hash_bin_0014,0.0003534070445138984,0.0003534070445138984,True
imports,654,import_hash_bin_0396,0.0003499943463679039,0.0003499943463679039,True
imports,798,import_hash_bin_0540,0.0003493071519516388,0.0003493071519516388,True
imports,766,import_hash_bin_0508,0.0003483604620591295,0.0003483604620591295,True
imports,595,import_hash_bin_0337,0.0003475186294908182,0.0003475186294908182,True
imports,886,import_hash_bin_0628,0.0003469833497466679,0.0003469833497466679,True
imports,1006,import_hash_bin_0748,0.00034641804312598285,0.00034641804312598285,True
imports,556,import_hash_bin_0298,0.00034548409586901776,0.00034548409586901776,True
imports,314,import_hash_bin_0056,0.0003449917647714596,0.0003449917647714596,True
imports,1270,import_hash_bin_1012,0.00034448703263275775,0.00034448703263275775,True
imports,695,import_hash_bin_0437,0.00034376773361344953,0.00034376773361344953,True
imports,296,import_hash_bin_0038,0.0003434762797968313,0.0003434762797968313,True
imports,1067,import_hash_bin_0809,0.00034073426580777464,0.00034073426580777464,True
imports,1116,import_hash_bin_0858,0.00034046968066152024,0.00034046968066152024,True
imports,284,import_hash_bin_0026,0.0003378835681917185,0.0003378835681917185,True
imports,869,import_hash_bin_0611,0.0003375593501956954,0.0003375593501956954,True
imports,572,import_hash_bin_0314,0.0003375497859829334,0.0003375497859829334,True
imports,1057,import_hash_bin_0799,0.0003373950347038143,0.0003373950347038143,True
imports,933,import_hash_bin_0675,0.00033665832869475727,0.00033665832869475727,True
imports,1130,import_hash_bin_0872,0.00033531425362082694,0.00033531425362082694,True
imports,902,import_hash_bin_0644,0.0003336448686564442,0.0003336448686564442,True
imports,312,import_hash_bin_0054,0.00033345144455772295,0.00033345144455772295,True
imports,355,import_hash_bin_0097,0.0003333916049580025,0.0003333916049580025,True
imports,461,import_hash_bin_0203,0.0003318754430086948,0.0003318754430086948,True
imports,549,import_hash_bin_0291,0.00033152357887322633,0.00033152357887322633,True
imports,1036,import_hash_bin_0778,0.00033069684520398125,0.00033069684520398125,True
imports,952,import_hash_bin_0694,0.0003304253579035518,0.0003304253579035518,True
imports,1012,import_hash_bin_0754,0.00032983698419642403,0.00032983698419642403,True
imports,762,import_hash_bin_0504,0.00032866161431017223,0.00032866161431017223,True
imports,415,import_hash_bin_0157,0.000328274590545338,0.000328274590545338,True
imports,316,import_hash_bin_0058,0.00032542196518156954,0.00032542196518156954,True
imports,546,import_hash_bin_0288,0.000324830822313121,0.000324830822313121,True
imports,393,import_hash_bin_0135,0.00032483025590788155,0.00032483025590788155,True
imports,351,import_hash_bin_0093,0.0003248120715428602,0.0003248120715428602,True
imports,866,import_hash_bin_0608,0.0003246517165747377,0.0003246517165747377,True
imports,181,library_hash_bin_179,0.00032437008446050623,0.00032437008446050623,True
imports,827,import_hash_bin_0569,0.00032309082941761163,0.00032309082941761163,True
imports,911,import_hash_bin_0653,0.00032305504675724715,0.00032305504675724715,True
imports,561,import_hash_bin_0303,0.00032244854289435856,0.00032244854289435856,True
imports,996,import_hash_bin_0738,0.00032203632431577946,0.00032203632431577946,True
imports,1003,import_hash_bin_0745,0.0003218418566545308,0.0003218418566545308,True
imports,172,library_hash_bin_170,0.00032030677373065704,0.00032030677373065704,True
imports,566,import_hash_bin_0308,0.00032019846260762647,0.00032019846260762647,True
imports,736,import_hash_bin_0478,0.0003196605284382827,0.0003196605284382827,True
imports,1019,import_hash_bin_0761,0.00031936533456680937,0.00031936533456680937,True
imports,492,import_hash_bin_0234,0.00031793790052948737,0.00031793790052948737,True
imports,517,import_hash_bin_0259,0.00031660398757118275,0.00031660398757118275,True
imports,1059,import_hash_bin_0801,0.0003150149654341492,0.0003150149654341492,True
imports,639,import_hash_bin_0381,0.00031423592969175804,0.00031423592969175804,True
imports,757,import_hash_bin_0499,0.00031389089939181985,0.00031389089939181985,True
imports,294,import_hash_bin_0036,0.0003137749842323759,0.0003137749842323759,True
imports,376,import_hash_bin_0118,0.00031364495221788133,0.00031364495221788133,True
imports,611,import_hash_bin_0353,0.00031338672447455345,0.00031338672447455345,True
imports,95,library_hash_bin_093,0.00031315468489989033,0.00031315468489989033,True
imports,943,import_hash_bin_0685,0.0003129930205977239,0.0003129930205977239,True
imports,1175,import_hash_bin_0917,0.00031249464812183297,0.00031249464812183297,True
imports,949,import_hash_bin_0691,0.0003124069922211978,0.0003124069922211978,True
imports,1277,import_hash_bin_1019,0.0003116845200452512,0.0003116845200452512,True
imports,491,import_hash_bin_0233,0.0003115270248121186,0.0003115270248121186,True
imports,875,import_hash_bin_0617,0.00031092143855463827,0.00031092143855463827,True
imports,303,import_hash_bin_0045,0.00031021886048766665,0.00031021886048766665,True
imports,706,import_hash_bin_0448,0.00030942338724145794,0.00030942338724145794,True
imports,578,import_hash_bin_0320,0.00030921540072669976,0.00030921540072669976,True
imports,331,import_hash_bin_0073,0.0003090329609105572,0.0003090329609105572,True
imports,287,import_hash_bin_0029,0.00030869775722249497,0.00030869775722249497,True
imports,825,import_hash_bin_0567,0.00030827695517801705,0.00030827695517801705,True
imports,971,import_hash_bin_0713,0.0003078710403269971,0.0003078710403269971,True
imports,565,import_hash_bin_0307,0.0003074019669487709,0.0003074019669487709,True
imports,214,library_hash_bin_212,0.00030675003088304835,0.00030675003088304835,True
imports,1102,import_hash_bin_0844,0.0003064794079981288,0.0003064794079981288,True
imports,320,import_hash_bin_0062,0.00030570040104708313,0.00030570040104708313,True
imports,969,import_hash_bin_0711,0.00030485370876361106,0.00030485370876361106,True
imports,797,import_hash_bin_0539,0.0003048056334372865,0.0003048056334372865,True
imports,589,import_hash_bin_0331,0.0003041888645983515,0.0003041888645983515,True
imports,684,import_hash_bin_0426,0.0003026387718245674,0.0003026387718245674,True
imports,1258,import_hash_bin_1000,0.0003013525441281377,0.0003013525441281377,True
imports,1058,import_hash_bin_0800,0.00030082489515265186,0.00030082489515265186,True
imports,690,import_hash_bin_0432,0.00030072110638362147,0.00030072110638362147,True
imports,1023,import_hash_bin_0765,0.0003007178278292987,0.0003007178278292987,True
imports,1206,import_hash_bin_0948,0.0002993957240296135,0.0002993957240296135,True
imports,445,import_hash_bin_0187,0.0002991545534994372,0.0002991545534994372,True
imports,855,import_hash_bin_0597,0.00029914576300642926,0.00029914576300642926,True
imports,1056,import_hash_bin_0798,0.0002990347141854279,0.0002990347141854279,True
imports,899,import_hash_bin_0641,0.00029881993316400915,0.00029881993316400915,True
imports,699,import_hash_bin_0441,0.00029878899046719624,0.00029878899046719624,True
imports,503,import_hash_bin_0245,0.00029752491011866703,0.00029752491011866703,True
imports,919,import_hash_bin_0661,0.00029734455784078794,0.00029734455784078794,True
imports,1104,import_hash_bin_0846,0.00029714347474702434,0.00029714347474702434,True
imports,615,import_hash_bin_0357,0.00029666319817953215,0.00029666319817953215,True
imports,1017,import_hash_bin_0759,0.0002961703563569601,0.0002961703563569601,True
imports,812,import_hash_bin_0554,0.0002959910652555289,0.0002959910652555289,True
imports,132,library_hash_bin_130,0.0002949926015991441,0.0002949926015991441,True
imports,826,import_hash_bin_0568,0.0002943270030560703,0.0002943270030560703,True
imports,408,import_hash_bin_0150,0.0002929849855117675,0.0002929849855117675,True
imports,608,import_hash_bin_0350,0.00029207909988988325,0.00029207909988988325,True
imports,1254,import_hash_bin_0996,0.0002913260145916582,0.0002913260145916582,True
imports,749,import_hash_bin_0491,0.0002911468324835442,0.0002911468324835442,True
imports,232,library_hash_bin_230,0.00029095107371452717,0.00029095107371452717,True
imports,562,import_hash_bin_0304,0.0002906955510230659,0.0002906955510230659,True
imports,438,import_hash_bin_0180,0.00029029778045199975,0.00029029778045199975,True
imports,1100,import_hash_bin_0842,0.0002891607160741884,0.0002891607160741884,True
imports,277,import_hash_bin_0019,0.00028909470409088986,0.00028909470409088986,True
imports,1064,import_hash_bin_0806,0.00028732908843472966,0.00028732908843472966,True
imports,768,import_hash_bin_0510,0.00028611465950078343,0.00028611465950078343,True
imports,930,import_hash_bin_0672,0.0002856193338253908,0.0002856193338253908,True
imports,898,import_hash_bin_0640,0.0002853373625144342,0.0002853373625144342,True
imports,417,import_hash_bin_0159,0.000284872795790069,0.000284872795790069,True
imports,967,import_hash_bin_0709,0.00028386043963056436,0.00028386043963056436,True
imports,778,import_hash_bin_0520,0.0002803698739931253,0.0002803698739931253,True
imports,623,import_hash_bin_0365,0.00027991982127732696,0.00027991982127732696,True
imports,398,import_hash_bin_0140,0.0002791360523547399,0.0002791360523547399,True
imports,773,import_hash_bin_0515,0.00027732082331258164,0.00027732082331258164,True
imports,1108,import_hash_bin_0850,0.0002772992510307318,0.0002772992510307318,True
imports,487,import_hash_bin_0229,0.00027595212075087196,0.00027595212075087196,True
imports,662,import_hash_bin_0404,0.000275800204734914,0.000275800204734914,True
imports,336,import_hash_bin_0078,0.00027475326421544675,0.00027475326421544675,True
imports,972,import_hash_bin_0714,0.0002743863040541429,0.0002743863040541429,True
imports,397,import_hash_bin_0139,0.0002742484764441207,0.0002742484764441207,True
imports,1149,import_hash_bin_0891,0.0002729963977943924,0.0002729963977943924,True
imports,799,import_hash_bin_0541,0.00027223779425118375,0.00027223779425118375,True
imports,298,import_hash_bin_0040,0.0002721462867851904,0.0002721462867851904,True
imports,379,import_hash_bin_0121,0.0002720132275533644,0.0002720132275533644,True
imports,28,library_hash_bin_026,0.0002718806452770332,0.0002718806452770332,True
imports,395,import_hash_bin_0137,0.0002718442476558258,0.0002718442476558258,True
imports,892,import_hash_bin_0634,0.0002701135376559679,0.0002701135376559679,True
imports,586,import_hash_bin_0328,0.00026990939121764886,0.00026990939121764886,True
imports,343,import_hash_bin_0085,0.0002698006905174484,0.0002698006905174484,True
imports,97,library_hash_bin_095,0.0002695982143654021,0.0002695982143654021,True
imports,248,library_hash_bin_246,0.00026926983560590455,0.00026926983560590455,True
imports,1040,import_hash_bin_0782,0.0002682340726067596,0.0002682340726067596,True
imports,1045,import_hash_bin_0787,0.0002672003628753067,0.0002672003628753067,True
imports,671,import_hash_bin_0413,0.00026717518494930286,0.00026717518494930286,True
imports,1182,import_hash_bin_0924,0.00026563580314752837,0.00026563580314752837,True
imports,1109,import_hash_bin_0851,0.0002655404978870922,0.0002655404978870922,True
imports,574,import_hash_bin_0316,0.00026532326437634393,0.00026532326437634393,True
imports,921,import_hash_bin_0663,0.00026381509900340945,0.00026381509900340945,True
imports,286,import_hash_bin_0028,0.00026378504583736607,0.00026378504583736607,True
imports,529,import_hash_bin_0271,0.00026369215415724794,0.00026369215415724794,True
imports,144,library_hash_bin_142,0.00026303861432480717,0.00026303861432480717,True
imports,624,import_hash_bin_0366,0.00026296385394237423,0.00026296385394237423,True
imports,642,import_hash_bin_0384,0.0002628409736825432,0.0002628409736825432,True
imports,881,import_hash_bin_0623,0.0002617131309044289,0.0002617131309044289,True
imports,1202,import_hash_bin_0944,0.0002615908890274455,0.0002615908890274455,True
imports,537,import_hash_bin_0279,0.0002612171182523198,0.0002612171182523198,True
imports,464,import_hash_bin_0206,0.0002611126351552219,0.0002611126351552219,True
imports,576,import_hash_bin_0318,0.00026076406137142164,0.00026076406137142164,True
imports,603,import_hash_bin_0345,0.0002595035071265716,0.0002595035071265716,True
imports,335,import_hash_bin_0077,0.0002582023079118944,0.0002582023079118944,True
imports,737,import_hash_bin_0479,0.0002579581314800409,0.0002579581314800409,True
imports,1264,import_hash_bin_1006,0.0002573093520315615,0.0002573093520315615,True
imports,594,import_hash_bin_0336,0.00025651964166493736,0.00025651964166493736,True
imports,1166,import_hash_bin_0908,0.00025588044306444315,0.00025588044306444315,True
imports,1107,import_hash_bin_0849,0.0002548232816171958,0.0002548232816171958,True
imports,1062,import_hash_bin_0804,0.00025391310059745607,0.00025391310059745607,True
imports,416,import_hash_bin_0158,0.000253634666988645,0.000253634666988645,True
imports,299,import_hash_bin_0041,0.0002523413854213954,0.0002523413854213954,True
imports,1015,import_hash_bin_0757,0.00025203478559742,0.00025203478559742,True
imports,1147,import_hash_bin_0889,0.00025129804854861533,0.00025129804854861533,True
imports,1146,import_hash_bin_0888,0.00024911753402216815,0.00024911753402216815,True
imports,1219,import_hash_bin_0961,0.00024845414750456125,0.00024845414750456125,True
imports,462,import_hash_bin_0204,0.00024821665402514556,0.00024821665402514556,True
imports,1249,import_hash_bin_0991,0.00024710866142325856,0.00024710866142325856,True
imports,679,import_hash_bin_0421,0.0002459340677140466,0.0002459340677140466,True
imports,1018,import_hash_bin_0760,0.0002442565585056376,0.0002442565585056376,True
imports,988,import_hash_bin_0730,0.0002441397486996719,0.0002441397486996719,True
imports,885,import_hash_bin_0627,0.000244024166323351,0.000244024166323351,True
imports,278,import_hash_bin_0020,0.0002435647280772491,0.0002435647280772491,True
imports,1232,import_hash_bin_0974,0.00024320251818415388,0.00024320251818415388,True
imports,515,import_hash_bin_0257,0.0002431212678728541,0.0002431212678728541,True
imports,365,import_hash_bin_0107,0.00024309495718282835,0.00024309495718282835,True
imports,1143,import_hash_bin_0885,0.0002428789174399199,0.0002428789174399199,True
imports,842,import_hash_bin_0584,0.0002421331873659716,0.0002421331873659716,True
imports,1066,import_hash_bin_0808,0.00024182267435704448,0.00024182267435704448,True
imports,1096,import_hash_bin_0838,0.00024162176218443115,0.00024162176218443115,True
imports,1230,import_hash_bin_0972,0.0002413035537895636,0.0002413035537895636,True
imports,950,import_hash_bin_0692,0.00024053742440481322,0.00024053742440481322,True
imports,597,import_hash_bin_0339,0.00024048633446083084,0.00024048633446083084,True
imports,1098,import_hash_bin_0840,0.00023921454815625622,0.00023921454815625622,True
imports,1120,import_hash_bin_0862,0.00023757036022692714,0.00023757036022692714,True
imports,297,import_hash_bin_0039,0.0002370032399776718,0.0002370032399776718,True
imports,1162,import_hash_bin_0904,0.00023678318032157298,0.00023678318032157298,True
imports,963,import_hash_bin_0705,0.00023646731055858517,0.00023646731055858517,True
imports,848,import_hash_bin_0590,0.00023637305340142598,0.00023637305340142598,True
imports,451,import_hash_bin_0193,0.0002358464785456959,0.0002358464785456959,True
imports,257,library_hash_bin_255,0.00023542953911659596,0.00023542953911659596,True
imports,442,import_hash_bin_0184,0.00023525012716204652,0.00023525012716204652,True
imports,370,import_hash_bin_0112,0.0002347895283012779,0.0002347895283012779,True
imports,1214,import_hash_bin_0956,0.00023357781145012154,0.00023357781145012154,True
imports,1165,import_hash_bin_0907,0.0002334968056253186,0.0002334968056253186,True
imports,860,import_hash_bin_0602,0.00023326017271327188,0.00023326017271327188,True
imports,530,import_hash_bin_0272,0.00023321417939913935,0.00023321417939913935,True
imports,1198,import_hash_bin_0940,0.00023183300734336686,0.00023183300734336686,True
imports,1181,import_hash_bin_0923,0.00023132939540875701,0.00023132939540875701,True
imports,282,import_hash_bin_0024,0.00023000651718099583,0.00023000651718099583,True
imports,373,import_hash_bin_0115,0.00022953725211642602,0.00022953725211642602,True
imports,341,import_hash_bin_0083,0.00022946830895467806,0.00022946830895467806,True
imports,367,import_hash_bin_0109,0.0002284850515163608,0.0002284850515163608,True
imports,837,import_hash_bin_0579,0.00022723112862344576,0.00022723112862344576,True
imports,917,import_hash_bin_0659,0.0002271211579205513,0.0002271211579205513,True
imports,390,import_hash_bin_0132,0.00022514217725721222,0.00022514217725721222,True
imports,403,import_hash_bin_0145,0.00022492249762973753,0.00022492249762973753,True
imports,372,import_hash_bin_0114,0.00022468475191809054,0.00022468475191809054,True
imports,802,import_hash_bin_0544,0.00022344707566288223,0.00022344707566288223,True
imports,945,import_hash_bin_0687,0.00022223357773382504,0.00022223357773382504,True
imports,653,import_hash_bin_0395,0.00022108878689263778,0.00022108878689263778,True
imports,830,import_hash_bin_0572,0.0002204796230770641,0.0002204796230770641,True
imports,1105,import_hash_bin_0847,0.00021981499989737622,0.00021981499989737622,True
imports,681,import_hash_bin_0423,0.00021952003245362238,0.00021952003245362238,True
imports,968,import_hash_bin_0710,0.00021796485740703541,0.00021796485740703541,True
imports,483,import_hash_bin_0225,0.00021749514046961153,0.00021749514046961153,True
imports,705,import_hash_bin_0447,0.00021733189904912066,0.00021733189904912066,True
imports,1141,import_hash_bin_0883,0.00021664683420490004,0.00021664683420490004,True
imports,454,import_hash_bin_0196,0.0002165442491939604,0.0002165442491939604,True
imports,613,import_hash_bin_0355,0.00021523279173610304,0.00021523279173610304,True
imports,511,import_hash_bin_0253,0.00021496852882359587,0.00021496852882359587,True
imports,202,library_hash_bin_200,0.00021489268884376616,0.00021489268884376616,True
imports,966,import_hash_bin_0708,0.00021476689519162495,0.00021476689519162495,True
imports,813,import_hash_bin_0555,0.00021441314055113198,0.00021441314055113198,True
imports,560,import_hash_bin_0302,0.0002128852301546592,0.0002128852301546592,True
imports,621,import_hash_bin_0363,0.00021242969542461834,0.00021242969542461834,True
imports,985,import_hash_bin_0727,0.0002122244584968992,0.0002122244584968992,True
imports,1086,import_hash_bin_0828,0.00020985889964443381,0.00020985889964443381,True
imports,648,import_hash_bin_0390,0.00020942914405275496,0.00020942914405275496,True
imports,803,import_hash_bin_0545,0.00020872545170607333,0.00020872545170607333,True
imports,602,import_hash_bin_0344,0.0002084072794085461,0.0002084072794085461,True
imports,1091,import_hash_bin_0833,0.00020749385660795848,0.00020749385660795848,True
imports,1238,import_hash_bin_0980,0.0002070498317979616,0.0002070498317979616,True
imports,1171,import_hash_bin_0913,0.0002059508530230247,0.0002059508530230247,True
imports,1235,import_hash_bin_0977,0.00020379714903286764,0.00020379714903286764,True
imports,400,import_hash_bin_0142,0.0002031360705301443,0.0002031360705301443,True
imports,1101,import_hash_bin_0843,0.00020030671698541128,0.00020030671698541128,True
imports,1250,import_hash_bin_0992,0.0002002955833337003,0.0002002955833337003,True
imports,290,import_hash_bin_0032,0.0001995605864170837,0.0001995605864170837,True
imports,440,import_hash_bin_0182,0.00019942296421778476,0.00019942296421778476,True
imports,133,library_hash_bin_131,0.00019765920649353295,0.00019765920649353295,True
imports,378,import_hash_bin_0120,0.0001967303135520397,0.0001967303135520397,True
imports,801,import_hash_bin_0543,0.00019602760242730277,0.00019602760242730277,True
imports,533,import_hash_bin_0275,0.00019520008321704694,0.00019520008321704694,True
imports,1041,import_hash_bin_0783,0.00019484396501947784,0.00019484396501947784,True
imports,1014,import_hash_bin_0756,0.00019391954099671322,0.00019391954099671322,True
imports,998,import_hash_bin_0740,0.0001936910638800874,0.0001936910638800874,True
imports,843,import_hash_bin_0585,0.00019303118525373946,0.00019303118525373946,True
imports,840,import_hash_bin_0582,0.00019272699858504638,0.00019272699858504638,True
imports,388,import_hash_bin_0130,0.00019249015100353248,0.00019249015100353248,True
imports,746,import_hash_bin_0488,0.00019155095905121843,0.00019155095905121843,True
imports,975,import_hash_bin_0717,0.00019134989515277642,0.00019134989515277642,True
imports,469,import_hash_bin_0211,0.00019065623978451444,0.00019065623978451444,True
imports,22,library_hash_bin_020,0.00019039232106481403,0.00019039232106481403,True
imports,1145,import_hash_bin_0887,0.00019011282082305851,0.00019011282082305851,True
imports,1279,import_hash_bin_1021,0.0001897396929938151,0.0001897396929938151,True
imports,685,import_hash_bin_0427,0.00018964463266450538,0.00018964463266450538,True
imports,323,import_hash_bin_0065,0.00018838090668352666,0.00018838090668352666,True
imports,557,import_hash_bin_0299,0.00018646440913786192,0.00018646440913786192,True
imports,47,library_hash_bin_045,0.0001864437158618812,0.0001864437158618812,True
imports,380,import_hash_bin_0122,0.00018636911583650397,0.00018636911583650397,True
imports,629,import_hash_bin_0371,0.00018618535173492632,0.00018618535173492632,True
imports,1180,import_hash_bin_0922,0.00018618006279917565,0.00018618006279917565,True
imports,612,import_hash_bin_0354,0.00018576933605367527,0.00018576933605367527,True
imports,1244,import_hash_bin_0986,0.00018542271999837193,0.00018542271999837193,True
imports,890,import_hash_bin_0632,0.000185276632720906,0.000185276632720906,True
imports,226,library_hash_bin_224,0.00018493182398963729,0.00018493182398963729,True
imports,65,library_hash_bin_063,0.00018475789894923083,0.00018475789894923083,True
imports,304,import_hash_bin_0046,0.0001847243497807214,0.0001847243497807214,True
imports,579,import_hash_bin_0321,0.00018463783508348728,0.00018463783508348728,True
imports,853,import_hash_bin_0595,0.0001830891902231424,0.0001830891902231424,True
imports,1080,import_hash_bin_0822,0.00018241282187154065,0.00018241282187154065,True
imports,143,library_hash_bin_141,0.00018141454871911176,0.00018141454871911176,True
imports,675,import_hash_bin_0417,0.00018042770944434817,0.00018042770944434817,True
imports,88,library_hash_bin_086,0.00017856812761541036,0.00017856812761541036,True
imports,1061,import_hash_bin_0803,0.00017756478207204545,0.00017756478207204545,True
imports,387,import_hash_bin_0129,0.00017730359228520305,0.00017730359228520305,True
imports,1261,import_hash_bin_1003,0.00017680496964211367,0.00017680496964211367,True
imports,1207,import_hash_bin_0949,0.00017665969959159878,0.00017665969959159878,True
imports,319,import_hash_bin_0061,0.0001755776380501761,0.0001755776380501761,True
imports,1081,import_hash_bin_0823,0.0001746190785299666,0.0001746190785299666,True
imports,306,import_hash_bin_0048,0.00017351531111144838,0.00017351531111144838,True
imports,1092,import_hash_bin_0834,0.0001723590806631999,0.0001723590806631999,True
imports,909,import_hash_bin_0651,0.00017205592544603017,0.00017205592544603017,True
imports,814,import_hash_bin_0556,0.00017165477667494425,0.00017165477667494425,True
imports,1266,import_hash_bin_1008,0.00017147739588651404,0.00017147739588651404,True
imports,518,import_hash_bin_0260,0.000169304208368613,0.000169304208368613,True
imports,981,import_hash_bin_0723,0.0001691848003431739,0.0001691848003431739,True
imports,114,library_hash_bin_112,0.0001689153529187222,0.0001689153529187222,True
imports,1163,import_hash_bin_0905,0.00016777005243347458,0.00016777005243347458,True
imports,288,import_hash_bin_0030,0.0001676635895488363,0.0001676635895488363,True
imports,905,import_hash_bin_0647,0.00016447167462380194,0.00016447167462380194,True
imports,607,import_hash_bin_0349,0.00016429016572498684,0.00016429016572498684,True
imports,730,import_hash_bin_0472,0.00016225976618803461,0.00016225976618803461,True
imports,507,import_hash_bin_0249,0.00016152064309010345,0.00016152064309010345,True
imports,227,library_hash_bin_225,0.00016029394619690874,0.00016029394619690874,True
imports,841,import_hash_bin_0583,0.0001599597203557049,0.0001599597203557049,True
imports,974,import_hash_bin_0716,0.0001592667352486165,0.0001592667352486165,True
imports,206,library_hash_bin_204,0.00015753161757061678,0.00015753161757061678,True
imports,191,library_hash_bin_189,0.00015740441779000454,0.00015740441779000454,True
imports,152,library_hash_bin_150,0.00015693203021195095,0.00015693203021195095,True
imports,474,import_hash_bin_0216,0.00015624255455911023,0.00015624255455911023,True
imports,806,import_hash_bin_0548,0.00015565776369440062,0.00015565776369440062,True
imports,863,import_hash_bin_0605,0.0001555944210127498,0.0001555944210127498,True
imports,244,library_hash_bin_242,0.00015397028500842278,0.00015397028500842278,True
imports,817,import_hash_bin_0559,0.00015374121008632745,0.00015374121008632745,True
imports,769,import_hash_bin_0511,0.00015314571760434242,0.00015314571760434242,True
imports,199,library_hash_bin_197,0.00015235464841665907,0.00015235464841665907,True
imports,901,import_hash_bin_0643,0.000151915420749438,0.000151915420749438,True
imports,198,library_hash_bin_196,0.00014984109098094376,0.00014984109098094376,True
imports,747,import_hash_bin_0489,0.00014922635465354443,0.00014922635465354443,True
imports,649,import_hash_bin_0391,0.00014884210080801718,0.00014884210080801718,True
imports,940,import_hash_bin_0682,0.00014826122764555284,0.00014826122764555284,True
imports,467,import_hash_bin_0209,0.00014801909348745944,0.00014801909348745944,True
imports,171,library_hash_bin_169,0.00014649248433728392,0.00014649248433728392,True
imports,1133,import_hash_bin_0875,0.00014598900799590801,0.00014598900799590801,True
imports,130,library_hash_bin_128,0.0001459783724778841,0.0001459783724778841,True
imports,1256,import_hash_bin_0998,0.00014502904572535275,0.00014502904572535275,True
imports,1083,import_hash_bin_0825,0.00014434958035246923,0.00014434958035246923,True
imports,682,import_hash_bin_0424,0.00014304323235502458,0.00014304323235502458,True
imports,127,library_hash_bin_125,0.00014229046141909563,0.00014229046141909563,True
imports,1037,import_hash_bin_0779,0.00014082753281620402,0.00014082753281620402,True
imports,190,library_hash_bin_188,0.00014066544107652358,0.00014066544107652358,True
imports,922,import_hash_bin_0664,0.00013757238082216477,0.00013757238082216477,True
imports,418,import_hash_bin_0160,0.0001369531063061991,0.0001369531063061991,True
imports,29,library_hash_bin_027,0.00013619883155483307,0.00013619883155483307,True
imports,601,import_hash_bin_0343,0.00013566481305740547,0.00013566481305740547,True
imports,1031,import_hash_bin_0773,0.00013514098221976354,0.00013514098221976354,True
imports,1252,import_hash_bin_0994,0.00013431772204115658,0.00013431772204115658,True
imports,337,import_hash_bin_0079,0.0001341828953973637,0.0001341828953973637,True
imports,984,import_hash_bin_0726,0.00013143002279119158,0.00013143002279119158,True
imports,1070,import_hash_bin_0812,0.0001310969212317012,0.0001310969212317012,True
imports,447,import_hash_bin_0189,0.00013004187474396673,0.00013004187474396673,True
imports,118,library_hash_bin_116,0.00012989000233220118,0.00012989000233220118,True
imports,1009,import_hash_bin_0751,0.00012889647463481293,0.00012889647463481293,True
imports,18,library_hash_bin_016,0.00012812358104190798,0.00012812358104190798,True
imports,729,import_hash_bin_0471,0.00012702825100371678,0.00012702825100371678,True
imports,344,import_hash_bin_0086,0.00012577887555303004,0.00012577887555303004,True
imports,714,import_hash_bin_0456,0.00012572293698341535,0.00012572293698341535,True
imports,485,import_hash_bin_0227,0.0001253318237161312,0.0001253318237161312,True
imports,571,import_hash_bin_0313,0.00012496492974827984,0.00012496492974827984,True
imports,391,import_hash_bin_0133,0.00012486953846253443,0.00012486953846253443,True
imports,1022,import_hash_bin_0764,0.0001247796070367852,0.0001247796070367852,True
imports,175,library_hash_bin_173,0.00012472162296464826,0.00012472162296464826,True
imports,788,import_hash_bin_0530,0.00012461318955039627,0.00012461318955039627,True
imports,78,library_hash_bin_076,0.00012434568837587498,0.00012434568837587498,True
imports,1055,import_hash_bin_0797,0.00012362249068170194,0.00012362249068170194,True
imports,1118,import_hash_bin_0860,0.00012348800411501393,0.00012348800411501393,True
imports,236,library_hash_bin_234,0.0001222404879551867,0.0001222404879551867,True
imports,432,import_hash_bin_0174,0.0001222241623180639,0.0001222241623180639,True
imports,965,import_hash_bin_0707,0.00012187251839714903,0.00012187251839714903,True
imports,740,import_hash_bin_0482,0.0001210044734309935,0.0001210044734309935,True
imports,1223,import_hash_bin_0965,0.0001196355337793404,0.0001196355337793404,True
imports,1103,import_hash_bin_0845,0.00011925670922277691,0.00011925670922277691,True
imports,347,import_hash_bin_0089,0.00011919177932174034,0.00011919177932174034,True
imports,301,import_hash_bin_0043,0.00011849838314962358,0.00011849838314962358,True
imports,1268,import_hash_bin_1010,0.0001180551191234215,0.0001180551191234215,True
imports,358,import_hash_bin_0100,0.00011782222253707461,0.00011782222253707461,True
imports,204,library_hash_bin_202,0.00011616824767428602,0.00011616824767428602,True
imports,1039,import_hash_bin_0781,0.0001160543792791095,0.0001160543792791095,True
imports,770,import_hash_bin_0512,0.00011543996942855904,0.00011543996942855904,True
imports,1148,import_hash_bin_0890,0.00011503144918534054,0.00011503144918534054,True
imports,224,library_hash_bin_222,0.0001139596449269427,0.0001139596449269427,True
imports,588,import_hash_bin_0330,0.00011384547618406273,0.00011384547618406273,True
imports,1179,import_hash_bin_0921,0.00011227437372279581,0.00011227437372279581,True
imports,702,import_hash_bin_0444,0.00011086358286659361,0.00011086358286659361,True
imports,703,import_hash_bin_0445,0.00010958676971879244,0.00010958676971879244,True
imports,230,library_hash_bin_228,0.00010919451675369833,0.00010919451675369833,True
imports,229,library_hash_bin_227,0.00010723000936307348,0.00010723000936307348,True
imports,692,import_hash_bin_0434,0.00010710898241460648,0.00010710898241460648,True
imports,197,library_hash_bin_195,0.00010707575783100841,0.00010707575783100841,True
imports,217,library_hash_bin_215,0.000106992724569328,0.000106992724569328,True
imports,676,import_hash_bin_0418,0.00010628151521037718,0.00010628151521037718,True
imports,759,import_hash_bin_0501,0.00010445394002278715,0.00010445394002278715,True
imports,592,import_hash_bin_0334,0.0001041088097731559,0.0001041088097731559,True
imports,883,import_hash_bin_0625,0.00010404592883821585,0.00010404592883821585,True
imports,1024,import_hash_bin_0766,0.00010335746738811384,0.00010335746738811384,True
imports,1183,import_hash_bin_0925,0.00010260781966653262,0.00010260781966653262,True
imports,1177,import_hash_bin_0919,0.00010113038980997571,0.00010113038980997571,True
imports,1073,import_hash_bin_0815,9.853737172203128e-05,9.853737172203128e-05,True
imports,641,import_hash_bin_0383,9.85034892945661e-05,9.85034892945661e-05,True
imports,990,import_hash_bin_0732,9.844475204159833e-05,9.844475204159833e-05,True
imports,121,library_hash_bin_119,9.744399613250334e-05,9.744399613250334e-05,True
imports,1187,import_hash_bin_0929,9.711155646705336e-05,9.711155646705336e-05,True
imports,717,import_hash_bin_0459,9.590033337323885e-05,9.590033337323885e-05,True
imports,56,library_hash_bin_054,9.584008732337214e-05,9.584008732337214e-05,True
imports,1095,import_hash_bin_0837,9.570042816359012e-05,9.570042816359012e-05,True
imports,225,library_hash_bin_223,9.521763293478971e-05,9.521763293478971e-05,True
imports,872,import_hash_bin_0614,9.236582573339209e-05,9.236582573339209e-05,True
imports,79,library_hash_bin_077,9.090754730367933e-05,9.090754730367933e-05,True
imports,80,library_hash_bin_078,8.956685491718631e-05,8.956685491718631e-05,True
imports,62,library_hash_bin_060,8.837278741634838e-05,8.837278741634838e-05,True
imports,433,import_hash_bin_0175,8.808452238510846e-05,8.808452238510846e-05,True
imports,254,library_hash_bin_252,8.680039966433317e-05,8.680039966433317e-05,True
imports,82,library_hash_bin_080,8.587962617209314e-05,8.587962617209314e-05,True
imports,1034,import_hash_bin_0776,8.310609721402382e-05,8.310609721402382e-05,True
imports,15,library_hash_bin_013,8.278496918898727e-05,8.278496918898727e-05,True
imports,64,library_hash_bin_062,8.236047189855537e-05,8.236047189855537e-05,True
imports,163,library_hash_bin_161,8.147241837185315e-05,8.147241837185315e-05,True
imports,101,library_hash_bin_099,8.004623406981878e-05,8.004623406981878e-05,True
imports,250,library_hash_bin_248,7.945402884195419e-05,7.945402884195419e-05,True
imports,399,import_hash_bin_0141,7.939687622281491e-05,7.939687622281491e-05,True
imports,124,library_hash_bin_122,7.788359648493194e-05,7.788359648493194e-05,True
imports,807,import_hash_bin_0549,7.740412455746542e-05,7.740412455746542e-05,True
imports,548,import_hash_bin_0290,7.683195606111002e-05,7.683195606111002e-05,True
imports,993,import_hash_bin_0735,7.67379054770725e-05,7.67379054770725e-05,True
imports,58,library_hash_bin_056,7.652771468728408e-05,7.652771468728408e-05,True
imports,38,library_hash_bin_036,7.575789140755626e-05,7.575789140755626e-05,True
imports,1124,import_hash_bin_0866,7.572049995168231e-05,7.572049995168231e-05,True
imports,215,library_hash_bin_213,7.488728719716116e-05,7.488728719716116e-05,True
imports,7,library_hash_bin_005,7.362830910944053e-05,7.362830910944053e-05,True
imports,178,library_hash_bin_176,7.15708113609169e-05,7.15708113609169e-05,True
imports,951,import_hash_bin_0693,7.129442061695148e-05,7.129442061695148e-05,True
imports,142,library_hash_bin_140,7.096998390799974e-05,7.096998390799974e-05,True
imports,239,library_hash_bin_237,7.038212496865263e-05,7.038212496865263e-05,True
imports,20,library_hash_bin_018,7.029385828790399e-05,7.029385828790399e-05,True
imports,159,library_hash_bin_157,7.007432664916111e-05,7.007432664916111e-05,True
imports,166,library_hash_bin_164,6.772211467239013e-05,6.772211467239013e-05,True
imports,213,library_hash_bin_211,6.676017051550881e-05,6.676017051550881e-05,True
imports,334,import_hash_bin_0076,6.431143045968508e-05,6.431143045968508e-05,True
imports,75,library_hash_bin_073,6.327416425135323e-05,6.327416425135323e-05,True
imports,52,library_hash_bin_050,6.267708109048006e-05,6.267708109048006e-05,True
imports,196,library_hash_bin_194,6.209705721453198e-05,6.209705721453198e-05,True
imports,207,library_hash_bin_205,6.0725703128919955e-05,6.0725703128919955e-05,True
imports,134,library_hash_bin_132,5.916741560959169e-05,5.916741560959169e-05,True
imports,84,library_hash_bin_082,5.90128267733409e-05,5.90128267733409e-05,True
imports,183,library_hash_bin_181,5.5980224785832664e-05,5.5980224785832664e-05,True
imports,113,library_hash_bin_111,5.5336164420363616e-05,5.5336164420363616e-05,True
imports,189,library_hash_bin_187,5.4499687706716844e-05,5.4499687706716844e-05,True
imports,49,library_hash_bin_047,5.4134178820315584e-05,5.4134178820315584e-05,True
imports,253,library_hash_bin_251,5.318217822422506e-05,5.318217822422506e-05,True
imports,51,library_hash_bin_049,5.105955435688862e-05,5.105955435688862e-05,True
imports,40,library_hash_bin_038,4.9206150311456135e-05,4.9206150311456135e-05,True
imports,218,library_hash_bin_216,4.764077957527924e-05,4.764077957527924e-05,True
imports,185,library_hash_bin_183,4.7371376037048496e-05,4.7371376037048496e-05,True
imports,66,library_hash_bin_064,4.5788443561737656e-05,4.5788443561737656e-05,True
imports,14,library_hash_bin_012,4.5534986990200853e-05,4.5534986990200853e-05,True
imports,180,library_hash_bin_178,4.5514266220487785e-05,4.5514266220487785e-05,True
imports,157,library_hash_bin_155,4.522063593172839e-05,4.522063593172839e-05,True
imports,161,library_hash_bin_159,4.519964543372032e-05,4.519964543372032e-05,True
imports,30,library_hash_bin_028,4.4424072499726986e-05,4.4424072499726986e-05,True
imports,223,library_hash_bin_221,4.4366194507447626e-05,4.4366194507447626e-05,True
imports,234,library_hash_bin_232,4.4286576268568484e-05,4.4286576268568484e-05,True
imports,136,library_hash_bin_134,4.344902744805468e-05,4.344902744805468e-05,True
imports,211,library_hash_bin_209,4.3331800894169874e-05,4.3331800894169874e-05,True
imports,9,library_hash_bin_007,4.155506653192288e-05,4.155506653192288e-05,True
imports,184,library_hash_bin_182,4.102172140271573e-05,4.102172140271573e-05,True
imports,135,library_hash_bin_133,4.0867209751612496e-05,4.0867209751612496e-05,True
imports,50,library_hash_bin_048,3.878799000452788e-05,3.878799000452788e-05,True
imports,37,library_hash_bin_035,3.80461903852416e-05,3.80461903852416e-05,True
imports,177,library_hash_bin_175,3.7364622294903985e-05,3.7364622294903985e-05,True
imports,67,library_hash_bin_065,3.7295891381380486e-05,3.7295891381380486e-05,True
imports,125,library_hash_bin_123,3.725428363427804e-05,3.725428363427804e-05,True
imports,63,library_hash_bin_061,3.6215525955509435e-05,3.6215525955509435e-05,True
imports,59,library_hash_bin_057,3.5922107322644227e-05,3.5922107322644227e-05,True
imports,140,library_hash_bin_138,3.4553980988687424e-05,3.4553980988687424e-05,True
imports,153,library_hash_bin_151,3.413080119918512e-05,3.413080119918512e-05,True
imports,100,library_hash_bin_098,3.4078772365771635e-05,3.4078772365771635e-05,True
imports,46,library_hash_bin_044,3.396664556147175e-05,3.396664556147175e-05,True
imports,173,library_hash_bin_171,3.3888494578435035e-05,3.3888494578435035e-05,True
imports,60,library_hash_bin_058,3.3854336957947586e-05,3.3854336957947586e-05,True
imports,24,library_hash_bin_022,3.372782607446786e-05,3.372782607446786e-05,True
imports,12,library_hash_bin_010,3.35519241360767e-05,3.35519241360767e-05,True
imports,77,library_hash_bin_075,3.274989167941817e-05,3.274989167941817e-05,True
imports,126,library_hash_bin_124,3.2647859966623805e-05,3.2647859966623805e-05,True
imports,26,library_hash_bin_024,3.2021211747397344e-05,3.2021211747397344e-05,True
imports,17,library_hash_bin_015,3.188822695736945e-05,3.188822695736945e-05,True
imports,69,library_hash_bin_067,3.1522982386193756e-05,3.1522982386193756e-05,True
imports,241,library_hash_bin_239,3.110463262822777e-05,3.110463262822777e-05,True
imports,76,library_hash_bin_074,3.0691105763852776e-05,3.0691105763852776e-05,True
imports,94,library_hash_bin_092,3.047194637697932e-05,3.047194637697932e-05,True
imports,154,library_hash_bin_152,2.8997864825174653e-05,2.8997864825174653e-05,True
imports,193,library_hash_bin_191,2.884689748111685e-05,2.884689748111685e-05,True
imports,170,library_hash_bin_168,2.8687728111675534e-05,2.8687728111675534e-05,True
imports,81,library_hash_bin_079,2.8305791676413564e-05,2.8305791676413564e-05,True
imports,39,library_hash_bin_037,2.7677526692453244e-05,2.7677526692453244e-05,True
imports,71,library_hash_bin_069,2.68208041547025e-05,2.68208041547025e-05,True
imports,44,library_hash_bin_042,2.6801542337211093e-05,2.6801542337211093e-05,True
imports,169,library_hash_bin_167,2.679706880560947e-05,2.679706880560947e-05,True
imports,146,library_hash_bin_144,2.6529313556441363e-05,2.6529313556441363e-05,True
imports,116,library_hash_bin_114,2.5843846743098858e-05,2.5843846743098858e-05,True
imports,109,library_hash_bin_107,2.572333117922503e-05,2.572333117922503e-05,True
imports,205,library_hash_bin_203,2.5633935498620935e-05,2.5633935498620935e-05,True
imports,33,library_hash_bin_031,2.5152940576008598e-05,2.5152940576008598e-05,True
imports,251,library_hash_bin_249,2.4804795581594275e-05,2.4804795581594275e-05,True
imports,139,library_hash_bin_137,2.4456344007478256e-05,2.4456344007478256e-05,True
imports,210,library_hash_bin_208,2.3914752633032535e-05,2.3914752633032535e-05,True
imports,2,library_hash_bin_000,2.3105516766915887e-05,2.3105516766915887e-05,True
imports,162,library_hash_bin_160,2.3015628371714663e-05,2.3015628371714663e-05,True
imports,61,library_hash_bin_059,2.2810602022763323e-05,2.2810602022763323e-05,True
imports,99,library_hash_bin_097,2.2574861641892328e-05,2.2574861641892328e-05,True
imports,222,library_hash_bin_220,2.1994365104825272e-05,2.1994365104825272e-05,True
imports,252,library_hash_bin_250,2.1352346674621456e-05,2.1352346674621456e-05,True
imports,96,library_hash_bin_094,2.120907026661852e-05,2.120907026661852e-05,True
imports,246,library_hash_bin_244,2.0436602774092357e-05,2.0436602774092357e-05,True
imports,8,library_hash_bin_006,2.0181258349728402e-05,2.0181258349728402e-05,True
imports,4,library_hash_bin_002,2.0107046165325732e-05,2.0107046165325732e-05,True
imports,176,library_hash_bin_174,1.9829707073783048e-05,1.9829707073783048e-05,True
imports,106,library_hash_bin_104,1.9772601410189576e-05,1.9772601410189576e-05,True
imports,85,library_hash_bin_083,1.941960371582796e-05,1.941960371582796e-05,True
imports,123,library_hash_bin_121,1.9391037134752885e-05,1.9391037134752885e-05,True
imports,165,library_hash_bin_163,1.9004564809551613e-05,1.9004564809551613e-05,True
imports,255,library_hash_bin_253,1.892619455079241e-05,1.892619455079241e-05,True
imports,186,library_hash_bin_184,1.876206194449636e-05,1.876206194449636e-05,True
imports,68,library_hash_bin_066,1.846235938937498e-05,1.846235938937498e-05,True
imports,86,library_hash_bin_084,1.8448019905948692e-05,1.8448019905948692e-05,True
imports,243,library_hash_bin_241,1.8429036485326237e-05,1.8429036485326237e-05,True
imports,43,library_hash_bin_041,1.7925483955111278e-05,1.7925483955111278e-05,True
imports,35,library_hash_bin_033,1.787160235730674e-05,1.787160235730674e-05,True
imports,156,library_hash_bin_154,1.7815706974820023e-05,1.7815706974820023e-05,True
imports,111,library_hash_bin_109,1.740468485902602e-05,1.740468485902602e-05,True
imports,174,library_hash_bin_172,1.73922488267114e-05,1.73922488267114e-05,True
imports,150,library_hash_bin_148,1.6991756025903404e-05,1.6991756025903404e-05,True
imports,16,library_hash_bin_014,1.6972972938596574e-05,1.6972972938596574e-05,True
imports,103,library_hash_bin_101,1.6924115375145682e-05,1.6924115375145682e-05,True
imports,104,library_hash_bin_102,1.6802038500321024e-05,1.6802038500321024e-05,True
imports,25,library_hash_bin_023,1.6730531750114997e-05,1.6730531750114997e-05,True
imports,129,library_hash_bin_127,1.6729263554736637e-05,1.6729263554736637e-05,True
imports,192,library_hash_bin_190,1.6490081553234746e-05,1.6490081553234746e-05,True
imports,115,library_hash_bin_113,1.6331524495742614e-05,1.6331524495742614e-05,True
imports,167,library_hash_bin_165,1.5658809925946075e-05,1.5658809925946075e-05,True
imports,237,library_hash_bin_235,1.5152463642312109e-05,1.5152463642312109e-05,True
imports,3,library_hash_bin_001,1.4939248834985708e-05,1.4939248834985708e-05,True
imports,216,library_hash_bin_214,1.427024171874492e-05,1.427024171874492e-05,True
imports,194,library_hash_bin_192,1.4245881171858167e-05,1.4245881171858167e-05,True
imports,42,library_hash_bin_040,1.424367617366904e-05,1.424367617366904e-05,True
imports,158,library_hash_bin_156,1.3455817392329738e-05,1.3455817392329738e-05,True
imports,137,library_hash_bin_135,1.3294147673416694e-05,1.3294147673416694e-05,True
imports,168,library_hash_bin_166,1.3257631098880705e-05,1.3257631098880705e-05,True
imports,72,library_hash_bin_070,1.3227226210429334e-05,1.3227226210429334e-05,True
imports,107,library_hash_bin_105,1.3070086751793947e-05,1.3070086751793947e-05,True
imports,228,library_hash_bin_226,1.304153393547653e-05,1.304153393547653e-05,True
imports,148,library_hash_bin_146,1.2695019523623711e-05,1.2695019523623711e-05,True
imports,48,library_hash_bin_046,1.2239856682050942e-05,1.2239856682050942e-05,True
imports,41,library_hash_bin_039,1.1518171675724255e-05,1.1518171675724255e-05,True
imports,245,library_hash_bin_243,1.1361686010082254e-05,1.1361686010082254e-05,True
imports,145,library_hash_bin_143,1.0991692185536211e-05,1.0991692185536211e-05,True
imports,208,library_hash_bin_206,1.097217482029035e-05,1.097217482029035e-05,True
imports,231,library_hash_bin_229,1.023059181593942e-05,1.023059181593942e-05,True
imports,164,library_hash_bin_162,9.993161882926075e-06,9.993161882926075e-06,True
imports,89,library_hash_bin_087,9.676122480587669e-06,9.676122480587669e-06,True
imports,240,library_hash_bin_238,9.601437544757512e-06,9.601437544757512e-06,True
imports,209,library_hash_bin_207,9.437857337121704e-06,9.437857337121704e-06,True
imports,212,library_hash_bin_210,9.370495959885065e-06,9.370495959885065e-06,True
imports,151,library_hash_bin_149,9.324699929169007e-06,9.324699929169007e-06,True
imports,11,library_hash_bin_009,9.318616326849927e-06,9.318616326849927e-06,True
imports,19,library_hash_bin_017,9.203384643567597e-06,9.203384643567597e-06,True
imports,90,library_hash_bin_088,9.086370680183467e-06,9.086370680183467e-06,True
imports,188,library_hash_bin_186,9.052400149975237e-06,9.052400149975237e-06,True
imports,57,library_hash_bin_055,8.724376222585906e-06,8.724376222585906e-06,True
imports,93,library_hash_bin_091,8.664647943090294e-06,8.664647943090294e-06,True
imports,160,library_hash_bin_158,8.58628012674568e-06,8.58628012674568e-06,True
imports,36,library_hash_bin_034,8.213365713795721e-06,8.213365713795721e-06,True
imports,179,library_hash_bin_177,8.18470964455218e-06,8.18470964455218e-06,True
imports,201,library_hash_bin_199,8.182787205099165e-06,8.182787205099165e-06,True
imports,122,library_hash_bin_120,7.979634835897288e-06,7.979634835897288e-06,True
imports,195,library_hash_bin_193,7.5688391771255425e-06,7.5688391771255425e-06,True
imports,128,library_hash_bin_126,7.527015459010409e-06,7.527015459010409e-06,True
imports,92,library_hash_bin_090,7.218006579759288e-06,7.218006579759288e-06,True
imports,91,library_hash_bin_089,6.932376308480198e-06,6.932376308480198e-06,True
imports,112,library_hash_bin_110,6.845631985224663e-06,6.845631985224663e-06,True
imports,187,library_hash_bin_185,6.399562404140137e-06,6.399562404140137e-06,True
imports,117,library_hash_bin_115,6.264231163082345e-06,6.264231163082345e-06,True
imports,138,library_hash_bin_136,6.236330538619525e-06,6.236330538619525e-06,True
imports,247,library_hash_bin_245,6.22583247962066e-06,6.22583247962066e-06,True
imports,238,library_hash_bin_236,5.97955082755221e-06,5.97955082755221e-06,True
imports,235,library_hash_bin_233,5.651618781533413e-06,5.651618781533413e-06,True
imports,74,library_hash_bin_072,5.268364127217682e-06,5.268364127217682e-06,True
imports,155,library_hash_bin_153,4.7424831735849e-06,4.7424831735849e-06,True
imports,21,library_hash_bin_019,4.6117140892957975e-06,4.6117140892957975e-06,True
imports,147,library_hash_bin_145,3.0004094985544305e-06,3.0004094985544305e-06,True
imports,87,library_hash_bin_085,2.9140957021476523e-06,2.9140957021476523e-06,True
