feature_group,test_week,perturbation_type,strength,n_trials,n_masked_features,auc_original,mix_at_k_original,silhouette_original,js_divergence_original,auc_mean,auc_std,auc_min,auc_max,mix_at_k_mean,mix_at_k_std,mix_at_k_min,mix_at_k_max,silhouette_mean,silhouette_std,silhouette_min,silhouette_max,js_divergence_mean,js_divergence_std,js_divergence_min,js_divergence_max,delta_auc_mean,delta_auc_std,delta_auc_min,delta_auc_max,delta_mix_at_k_mean,delta_mix_at_k_std,delta_mix_at_k_min,delta_mix_at_k_max,delta_silhouette_mean,delta_silhouette_std,delta_silhouette_min,delta_silhouette_max,delta_js_divergence_mean,delta_js_divergence_std,delta_js_divergence_min,delta_js_divergence_max
header,2024-09-22_2024-09-28,baseline,0.0,5,0,0.9648456111111111,0.07057555555555556,0.18383370171548727,0.09497381391460943,0.9651757026666667,0.00029919758105048904,0.9648456111111111,0.9656491311111111,0.07058622222222223,2.1926926904079552e-05,0.07056666666666667,0.0706288888888889,0.18364857132523144,0.00040358917456295723,0.18318832475370392,0.18429753705844842,0.09497381391460943,0.0,0.09497381391460943,0.09497381391460943,0.0,0.0,0.0,0.0,0.0,0.0,0.0,0.0,0.0,0.0,0.0,0.0,0.0,0.0,0.0,0.0
header,2024-09-22_2024-09-28,important,0.01,5,1,0.9648456111111111,0.07057555555555556,0.18383370171548727,0.09497381391460943,0.9231280635555554,0.020913778286390336,0.9074762777777778,0.9639128422222222,0.07082222222222222,0.00013877061630841584,0.0705511111111111,0.07092888888888889,0.17699893340466785,0.0035544190259312073,0.17475649400191018,0.18406697399142624,0.09497381383904166,5.600789831916696e-11,0.0949738138110377,0.09497381395105745,-0.04204763911111107,0.021059345170300968,-0.05736933333333327,-0.0009542933333333004,0.00023599999999999454,0.0001328390839407683,-2.6666666666674832e-05,0.0003377777777777702,-0.006649637920563572,0.0035294024802475007,-0.008469732110326145,0.0004087534427573425,-7.556778536255137e-11,5.6007898319165866e-11,-1.0357173452213431e-10,3.6448011275780345e-11
header,2024-09-22_2024-09-28,important,0.05,5,4,0.9648456111111111,0.07057555555555556,0.18383370171548727,0.09497381391460943,0.8858566764444443,0.03569031069755321,0.8161260444444444,0.9108903822222221,0.07180533333333335,0.00048209747490382207,0.07107555555555556,0.07230666666666667,0.17952236485073658,0.0020747076281592797,0.17612395603940392,0.1812975740292576,0.09477208793385807,9.475636593397838e-05,0.09467079744570672,0.09492371187051668,-0.07931902622222223,0.03554255425494734,-0.1487410911111111,-0.054758748888888986,0.0012191111111111096,0.00047987776221311513,0.0004933333333333317,0.0017400000000000054,-0.004126206474494837,0.0019300150762034266,-0.007141116510444689,-0.001890750724446305,-0.00020172598075136606,9.475636593397838e-05,-0.0003030164689027115,-5.010204409275354e-05
header,2024-09-22_2024-09-28,important,0.1,5,8,0.9648456111111111,0.07057555555555556,0.18383370171548727,0.09497381391460943,0.8793005377777778,0.019383884578881374,0.8486494444444446,0.9025543511111112,0.07487022222222221,0.003203581514261585,0.07209777777777777,0.07883555555555556,0.1817962368170935,0.0013817824492014213,0.17961053531674492,0.18324979422878226,0.09425816342945173,0.0005965749129426224,0.09352743987026446,0.09474528539944099,-0.08587516488888877,0.01927432542393918,-0.11619616666666654,-0.062312784444444325,0.004283999999999996,0.00321025221885166,0.0015022222222222104,0.008260000000000003,-0.0018523345081379206,0.0012881414677498389,-0.0035777894369589947,-1.5278321066347633e-05,-0.0007156504851577067,0.0005965749129426224,-0.0014463740443449724,-0.0002285285151684413
header,2024-09-22_2024-09-28,random,0.01,100,1,0.9648456111111111,0.07057555555555556,0.18383370171548727,0.09497381391460943,0.9644398377111111,0.0022674625513232614,0.9473035555555556,0.9657677266666668,0.07078422222222223,0.0007203528285020218,0.07008,0.07553333333333333,0.18393671516132137,0.001624366327609106,0.17728990039069675,0.18734900204688787,0.0940152523396627,0.007995271514738545,0.01488443620826347,0.09506219777483545,-0.0007358649555555352,0.002192187864173245,-0.017542055555555547,0.0003098088888887629,0.00019799999999999817,0.0007213607511733169,-0.0004977777777777775,0.004955555555555546,0.0002881438360899946,0.0015726455458227313,-0.006368320157972146,0.00369078149821897,-0.0009585615749467261,0.007995271514738547,-0.08008937770634597,8.838386022601286e-05
header,2024-09-22_2024-09-28,random,0.05,100,4,0.9648456111111111,0.07057555555555556,0.18383370171548727,0.09497381391460943,0.9572786492000002,0.014712989555857701,0.8851608244444444,0.9661316288888888,0.0711225111111111,0.0009126462219391218,0.07009111111111112,0.07662,0.18407243117959166,0.0035136718715678174,0.17503014187221566,0.1920332992202238,0.09378733300853734,0.0286576987986626,0.01451442600492538,0.3324334201279815,-0.007897053466666632,0.01468610932223307,-0.07968478666666667,0.0008202222222222222,0.0005362888888888855,0.0009124009869501753,-0.0004911111111111088,0.006037777777777767,0.00042385985436020206,0.0035028330247220195,-0.008628078676453238,0.008375078671554903,-0.0011864809060720843,0.028657698798662604,-0.08045938790968406,0.23745960621337206
header,2024-09-22_2024-09-28,random,0.1,100,8,0.9648456111111111,0.07057555555555556,0.18383370171548727,0.09497381391460943,0.9508654946,0.028906078455678268,0.7308392444444445,0.9653191177777776,0.0723807777777778,0.0017997762926829834,0.07015111111111111,0.0775711111111111,0.18448823772167572,0.005709732067699026,0.16968850131119587,0.19779961900046994,0.09305036057232163,0.05769784172583388,0.004247995253100053,0.32596798386409687,-0.014310208066666625,0.028931793434245668,-0.23480988666666658,0.00011388888888874682,0.0017945555555555525,0.0017994021606640548,-0.0004266666666666724,0.006988888888888878,0.0008396663964443146,0.0057410280787996825,-0.014145200404291403,0.01414139845180104,-0.0019234533422877811,0.05769784172583388,-0.09072581866150937,0.23099416994948743
header,2024-09-29_2024-10-05,baseline,0.0,5,0,0.9679081511111113,0.06906888888888889,0.20362627094067598,0.09696048693613618,0.968255832888889,0.00029263817111386853,0.9679081511111113,0.9686664844444445,0.06909733333333333,1.5421645842574414e-05,0.06906888888888889,0.06911111111111111,0.20335665318915988,0.0004558428691909779,0.20293532449650967,0.20412238600009885,0.09696048693613618,0.0,0.09696048693613618,0.09696048693613618,0.0,0.0,0.0,0.0,0.0,0.0,0.0,0.0,0.0,0.0,0.0,0.0,0.0,0.0,0.0,0.0
header,2024-09-29_2024-10-05,important,0.01,5,1,0.9679081511111113,0.06906888888888889,0.20362627094067598,0.09696048693613618,0.922805144888889,0.022644300647250957,0.9065156266666667,0.9672165644444445,0.06939022222222221,9.756137669294467e-05,0.06919555555555555,0.0694488888888889,0.19728567417858608,0.0034641492613670458,0.19510022868822316,0.20416319328962546,0.09696048685561587,6.095439708531128e-11,0.09696048682513866,0.09696048697752466,-0.04545068799999998,0.022793451716699987,-0.06145311555555555,-0.0007177911111110324,0.00029288888888888973,9.596707254233982e-05,0.00010222222222221189,0.0003599999999999992,-0.006070979010573763,0.0035507770760024016,-0.007896235796266499,0.0010302028448346268,-8.052031819083539e-11,6.095439708531102e-11,-1.109975167334909e-10,4.1388475979786676e-11
header,2024-09-29_2024-10-05,important,0.05,5,4,0.9679081511111113,0.06906888888888889,0.20362627094067598,0.09696048693613618,0.8843398888888888,0.034473907778868634,0.81784408,0.9094897333333333,0.07039688888888888,0.00027421033649732246,0.07006,0.07069777777777778,0.20078478512962775,0.001978081603903989,0.19820502392582792,0.2027493975749754,0.09707064419986974,1.7436368893518966e-05,0.09704267473009764,0.09708924534637933,-0.08391594400000005,0.03432502323467634,-0.15009027555555554,-0.058938337777778016,0.0012995555555555538,0.00027546019855444605,0.0009533333333333338,0.0015911111111111126,-0.0025718680595320843,0.0017133817428874006,-0.004730300570681745,-0.0008235561979596517,0.0001101572637335707,1.7436368893518966e-05,8.218779396146347e-05,0.0001287584102431516
header,2024-09-29_2024-10-05,important,0.1,5,8,0.9679081511111113,0.06906888888888889,0.20362627094067598,0.09696048693613618,0.8766431964444446,0.02018146345291604,0.8464262888888889,0.9008749244444444,0.07343422222222222,0.0030978567182672573,0.07078666666666666,0.07740444444444444,0.20312079722540544,0.001516457796955668,0.2007771762606551,0.20471793308469147,0.09701108798634556,0.00018750369999137072,0.09678137768962523,0.09716421815227527,-0.0916126364444444,0.02009975501040125,-0.12148186222222235,-0.06705943111111112,0.0043368888888888875,0.003105154170045844,0.0016933333333333245,0.008297777777777779,-0.00023585596375442776,0.0014330470158861065,-0.002189117803068741,0.0015055904544824805,5.0601050209372886e-05,0.00018750369999137072,-0.00017910924651094728,0.0002037312161390914
header,2024-09-29_2024-10-05,random,0.01,100,1,0.9679081511111113,0.06906888888888889,0.20362627094067598,0.09696048693613618,0.9674777696888889,0.0024809739029276875,0.9457186177777778,0.9689959555555555,0.06918600000000001,0.00026327331711773025,0.06893333333333333,0.07057111111111111,0.20372533211737331,0.002290262577571598,0.1960837501805337,0.21296866938169445,0.09868359398326568,0.02110954322792471,0.0024860233050204754,0.2309983424229083,-0.0007780631999999998,0.002482690600217312,-0.02263558666666665,0.0003294711111110349,8.866666666666772e-05,0.0002598444929064834,-0.00013555555555555543,0.0014644444444444488,0.00036867892821348974,0.0022173864707718603,-0.007049240264257128,0.008846283381595599,0.0017231070471295084,0.021109543227924712,-0.09447446363111571,0.1340378554867721
header,2024-09-29_2024-10-05,random,0.05,100,4,0.9679081511111113,0.06906888888888889,0.20362627094067598,0.09696048693613618,0.9599400442000002,0.017167792162081186,0.8587843244444445,0.9697067244444444,0.06984428888888888,0.0014710712399766434,0.06884888888888889,0.07703777777777777,0.20373422474683353,0.00524402990701689,0.18848962455850204,0.21886084881806386,0.09532389114951713,0.035998391351554804,0.002467101272833229,0.23099326361424352,-0.008315788688888886,0.01714423522934709,-0.10912382666666676,0.0010402399999999146,0.0007469555555555564,0.0014713789502737353,-0.00025777777777777344,0.007944444444444435,0.00037757155767368793,0.005193212620611388,-0.014643365886288784,0.015925524321554196,-0.0016365957866190611,0.035998391351554804,-0.09449338566330295,0.13403277667810734
header,2024-09-29_2024-10-05,random,0.1,100,8,0.9679081511111113,0.06906888888888889,0.20362627094067598,0.09696048693613618,0.9508097524888888,0.03088497392388662,0.819333668888889,0.9690711911111111,0.07054068888888888,0.001963315932639988,0.06883777777777778,0.0775711111111111,0.20507775081980817,0.007883577345270317,0.19052779331660216,0.22727201477005032,0.10261919442424665,0.05023111205860392,0.002318590745856026,0.230988464044503,-0.017446080400000015,0.03090868038382328,-0.14933281555555544,0.00042340444444410874,0.001443355555555556,0.0019647344304567532,-0.00026888888888888796,0.008477777777777765,0.0017210976306483465,0.007955864179335501,-0.012671833475479705,0.024336690273540657,0.005658707488110467,0.05023111205860392,-0.09464189619028016,0.1340279771083668
header,2024-10-06_2024-10-12,baseline,0.0,5,0,0.9564798711111111,0.08110888888888888,0.1446080515260118,0.09381889539913604,0.9569590968888889,0.0005737819761849946,0.9561359333333334,0.9576265288888889,0.08106666666666666,5.60775477176459e-05,0.08098444444444444,0.08112666666666667,0.14475256723326263,0.00031711808969118186,0.14454575343371304,0.14538469795212017,0.09381889539913604,0.0,0.09381889539913604,0.09381889539913604,0.0,0.0,0.0,0.0,0.0,0.0,0.0,0.0,0.0,0.0,0.0,0.0,0.0,0.0,0.0,0.0
header,2024-10-06_2024-10-12,important,0.01,5,1,0.9564798711111111,0.08110888888888888,0.1446080515260118,0.09381889539913604,0.8912672026666666,0.03225965302331822,0.8677290311111111,0.9545159244444446,0.081536,0.00023277775125961039,0.08108222222222222,0.08174222222222222,0.13711174014080701,0.003972003621725376,0.13487263450196202,0.145036607086641,0.09381889533648191,5.2220061608210244e-11,0.09381889531037188,0.09381889544092203,-0.06569189422222221,0.032646758520328105,-0.08875084,-0.001620008888888802,0.0004693333333333355,0.0002437663321530676,-1.555555555556032e-05,0.0006155555555555636,-0.007640827092455576,0.00403719080084342,-0.009729281405545576,0.0004330651521790574,-6.265413188266677e-11,5.2220061608210244e-11,-8.87641626867719e-11,4.1785991333753714e-11
header,2024-10-06_2024-10-12,important,0.05,5,4,0.9564798711111111,0.08110888888888888,0.1446080515260118,0.09381889539913604,0.8416899048888891,0.041261539424495584,0.7607410155555556,0.8710425911111112,0.08252577777777778,0.0002208875475031969,0.08210888888888888,0.08273333333333334,0.13886816917802164,0.001993504137863508,0.13604601880050451,0.14076503937138032,0.09363151712962092,6.897766267408938e-05,0.09355774467822932,0.0937419673425933,-0.11526919199999999,0.04086392088780547,-0.19539491777777773,-0.08658393777777773,0.0014591111111111165,0.00024684718119557207,0.0009822222222222177,0.0016600000000000087,-0.005884398055240986,0.0018881379092552414,-0.008574772519501561,-0.003780714062332713,-0.0001873782695151066,6.897766267408938e-05,-0.00026115072090672486,-7.692805654274659e-05
header,2024-10-06_2024-10-12,important,0.1,5,8,0.9564798711111111,0.08110888888888888,0.1446080515260118,0.09381889539913604,0.8298923484444444,0.025540141894578167,0.7875492488888889,0.8597933155555556,0.08538266666666666,0.003268739901431421,0.08251333333333333,0.08942444444444445,0.1409657460470492,0.0012069900738156535,0.13951061696285003,0.1427351652214012,0.09329057847747953,0.000403440360824517,0.09279641334706135,0.09361999375451523,-0.12706674844444443,0.025493037046954662,-0.16893062222222222,-0.09634261777777775,0.004316,0.003225991787395886,0.0015288888888888852,0.008297777777777779,-0.0037868211862134016,0.0011237157087330063,-0.005035136470863011,-0.0018856260986048756,-0.0005283169216565242,0.000403440360824517,-0.0010224820520746969,-0.0001989016446208164
header,2024-10-06_2024-10-12,random,0.01,100,1,0.9564798711111111,0.08110888888888888,0.1446080515260118,0.09381889539913604,0.9543536186666667,0.011601776706290517,0.8677290311111111,0.9581280666666667,0.08136059999999999,0.0011053643767699863,0.0807,0.08752222222222222,0.14484106367030578,0.0023681933048742636,0.13487263450196202,0.15135846893024094,0.09242240999238374,0.020464451058010192,0.004800769016410852,0.22908279331136425,-0.0026054782222222407,0.011567665618835257,-0.08875084,0.0010682933333334699,0.0002939333333333349,0.0011014202662757598,-0.0002844444444444483,0.0065066666666666745,8.849643704315041e-05,0.0023251592681606047,-0.009673118931751018,0.00673767761023486,-0.0013964854067522955,0.020464451058010192,-0.08901812638272519,0.1352638979122282
header,2024-10-06_2024-10-12,random,0.05,100,4,0.9564798711111111,0.08110888888888888,0.1446080515260118,0.09381889539913604,0.9496925312222221,0.014784830177092565,0.8630742155555556,0.95807032,0.08178419999999999,0.0012466026085740812,0.08047333333333333,0.08785333333333334,0.14609306864586954,0.003965859374748192,0.1328756068711582,0.15717033586152918,0.09924352884879341,0.0357376480183013,0.004571118199744335,0.2290827924727598,-0.00726656566666668,0.014830060770008131,-0.0944166288888888,0.0005794755555555975,0.000717533333333335,0.0012539338945302706,-0.0006355555555555559,0.006755555555555556,0.0013405014126069488,0.003971598771523184,-0.011670146562554828,0.01256228433551737,0.0054246334496573685,0.0357376480183013,-0.08924777719939171,0.13526389707362377
header,2024-10-06_2024-10-12,random,0.1,100,8,0.9564798711111111,0.08110888888888888,0.1446080515260118,0.09381889539913604,0.9394868751555556,0.033639871863608346,0.7615892333333334,0.9570854355555555,0.08274757777777776,0.0020107950665112975,0.0809,0.09039777777777777,0.1464331624764841,0.0058243433915699545,0.12616207640432986,0.16276229946690873,0.09598899401258175,0.047816821796819335,0.0036432897397424137,0.22907361533205356,-0.017472221733333345,0.03361666992957048,-0.1954730733333333,0.000617391111111032,0.0016809111111111125,0.002015506702703312,-0.00022666666666666668,0.009413333333333329,0.0016805952432214681,0.005809527215838155,-0.018445975121681946,0.018154247940896928,0.0021700986134456962,0.047816821796819335,-0.09017560565939363,0.13525471993291752
header,2024-10-13_2024-10-19,baseline,0.0,5,0,0.962237251111111,0.07649777777777778,0.13587175594723785,0.10090729814674582,0.9627429239999998,0.0004617038076279309,0.962217571111111,0.96332746,0.07655022222222221,7.211239512638973e-05,0.07645111111111111,0.07665777777777778,0.13614385066204499,0.0002936806497415335,0.13587175594723785,0.13670593562826852,0.10090729814674582,0.0,0.10090729814674582,0.10090729814674582,0.0,0.0,0.0,0.0,0.0,0.0,0.0,0.0,0.0,0.0,0.0,0.0,0.0,0.0,0.0,0.0
header,2024-10-13_2024-10-19,important,0.01,5,1,0.962237251111111,0.07649777777777778,0.13587175594723785,0.10090729814674582,0.9030996084444445,0.02957193292126723,0.8813571266666667,0.9612300333333333,0.07694311111111111,0.0001282328129652753,0.07669777777777778,0.07705555555555556,0.12959899799050506,0.0038759034780225473,0.1274003651598694,0.13733183159526166,0.10090729809679758,5.1455745220252724e-11,0.1009072980710697,0.10090729819970906,-0.059643315555555534,0.029812539992306812,-0.08088012444444437,-0.0009875377777776029,0.00039288888888888983,0.00017752426368677421,3.999999999999837e-05,0.0005155555555555608,-0.006544852671539925,0.0038731041336943703,-0.008535170602335218,0.0012009508169215644,-4.9948245539610524e-11,5.145574522025243e-11,-7.567611814973674e-11,5.2963244900894324e-11
header,2024-10-13_2024-10-19,important,0.05,5,4,0.962237251111111,0.07649777777777778,0.13587175594723785,0.10090729814674582,0.8549576537777778,0.029400719302361853,0.7992124755555555,0.8786104133333332,0.07889199999999999,0.00035662228868948,0.07859333333333333,0.07957333333333333,0.13166379617520257,0.0010348110591119847,0.13001690799201082,0.13300532142247895,0.10078622142713667,3.974659785142057e-05,0.10074448359410171,0.10084868542684872,-0.1077852702222222,0.029154171723543548,-0.16300509555555542,-0.08451438888888885,0.002341777777777776,0.0003239338447931437,0.002095555555555559,0.0029799999999999965,-0.004480054486842383,0.0009527932978526167,-0.006113972786329275,-0.0036675666802687967,-0.00012107671960913113,3.974659785142057e-05,-0.00016281455264410827,-5.861271989709982e-05
header,2024-10-13_2024-10-19,important,0.1,5,8,0.962237251111111,0.07649777777777778,0.13587175594723785,0.10090729814674582,0.8378874906666667,0.025615892729633213,0.8006349199999999,0.8698615955555554,0.08222355555555555,0.003135696067408399,0.07924888888888888,0.08610888888888889,0.13361151853200445,0.00123472047381373,0.13206717315178423,0.13498489494413138,0.10066453278030855,0.00016826049619358892,0.10045840522883033,0.10080194403268004,-0.12485543333333333,0.02556016888192451,-0.1616023311111111,-0.09235597555555553,0.005673333333333333,0.003154542560409054,0.0026599999999999957,0.009557777777777776,-0.002532332130040538,0.0010362764541107761,-0.0039012334859891695,-0.0016363450649032607,-0.00024276536643726975,0.00016826049619358892,-0.000448892917915486,-0.00010535411406577266
header,2024-10-13_2024-10-19,random,0.01,100,1,0.962237251111111,0.07649777777777778,0.13587175594723785,0.10090729814674582,0.9604367444,0.008988660593893192,0.8813571266666667,0.9633913844444444,0.07680697777777779,0.0007449164685957645,0.07633333333333334,0.0814311111111111,0.13624830703668603,0.0022530343434964155,0.1274003651598694,0.1447369829517814,0.10388976437815987,0.021193793210741402,0.09809496127762456,0.2522328919968553,-0.0023061795999999367,0.008887784730552987,-0.08088012444444437,0.00025106666666685484,0.0002567555555555558,0.0007459232026137343,-0.00025999999999999635,0.004935555555555554,0.00010445637464105984,0.0022040719282309567,-0.008471390787368444,0.008031047323512869,0.002982466231414078,0.02119379321074141,-0.0028123368691212597,0.15132559385010946
header,2024-10-13_2024-10-19,random,0.05,100,4,0.962237251111111,0.07649777777777778,0.13587175594723785,0.10090729814674582,0.9519365183111111,0.021001710208235283,0.8642869755555554,0.9636885844444445,0.07744837777777777,0.0013908489229315147,0.07624444444444445,0.08334666666666667,0.1366023223795529,0.004826669309385292,0.12157776867520283,0.1512670992880306,0.1051344544245796,0.038884127170988304,0.005963556317125042,0.2522328887924406,-0.010806405688888856,0.02090549481379954,-0.0979305955555555,0.000607582222222347,0.000898155555555556,0.001393594838298899,-0.0003066666666666634,0.0068955555555555575,0.0004584717175078738,0.004753886317127559,-0.014293987272035028,0.014561163659762066,0.004227156277833768,0.038884127170988304,-0.09494374182962077,0.15132559064569479
header,2024-10-13_2024-10-19,random,0.1,100,8,0.962237251111111,0.07649777777777778,0.13587175594723785,0.10090729814674582,0.9442536781111113,0.030523953433063054,0.7645696244444444,0.9634426466666666,0.07855873333333334,0.0020940684544331046,0.07619333333333334,0.08629333333333333,0.13720289711706118,0.007154207393207471,0.11886081191339667,0.16006312058822872,0.10162287300861926,0.05290056914021009,0.0024599978876201608,0.2522295032192088,-0.018489245888888835,0.030520493986568597,-0.1976676266666666,0.0008686933333333924,0.0020085111111111113,0.0020923249530452486,-0.0003044444444444405,0.009842222222222224,0.0010590464550162047,0.00715217440928946,-0.017107905634131795,0.023357184959960198,0.0007155748618734619,0.05290056914021009,-0.09844730025912565,0.15132220507246297
header,2024-10-20_2024-10-26,baseline,0.0,5,0,0.9581593155555556,0.07242888888888889,0.12620484083131722,0.0912603086232996,0.9587696328888888,0.0006765126327296818,0.9578089066666665,0.9595981600000001,0.07247644444444443,5.821373984011888e-05,0.07240888888888888,0.07256666666666667,0.12643740962030023,0.0002516509284519219,0.12620484083131722,0.1269168858708244,0.0912603086232996,0.0,0.0912603086232996,0.0912603086232996,0.0,0.0,0.0,0.0,0.0,0.0,0.0,0.0,0.0,0.0,0.0,0.0,0.0,0.0,0.0,0.0
header,2024-10-20_2024-10-26,important,0.01,5,1,0.9581593155555556,0.07242888888888889,0.12620484083131722,0.0912603086232996,0.90028568,0.0282794406654437,0.878768871111111,0.9557667511111112,0.07284533333333333,0.0001239880519930727,0.07261777777777778,0.07296444444444444,0.11964096248554652,0.0037323059325763573,0.11755541983182466,0.12709123145721177,0.09126030857423595,5.025150295878696e-11,0.0912603085491102,0.09126030867473896,-0.058483952888888836,0.02869822882130063,-0.07939044444444454,-0.002042155555555314,0.0003688888888888908,0.00010742324276626216,0.00015777777777778446,0.00045777777777777917,-0.006796447134753733,0.003722663791774462,-0.008706661673760607,0.0006484504838924487,-4.9063653140279937e-11,5.0251502958786885e-11,-7.418940461967338e-11,5.1439352777293834e-11
header,2024-10-20_2024-10-26,important,0.05,5,4,0.9581593155555556,0.07242888888888889,0.12620484083131722,0.0912603086232996,0.8414547288888888,0.03148894885023061,0.7824838755555554,0.8671655866666668,0.07516266666666668,0.0006052272708517999,0.07412888888888888,0.07591111111111111,0.12114352528805916,0.0014956045030089203,0.11932161402768675,0.12275273976140602,0.09113066590440899,4.627994774443091e-05,0.09109213865656272,0.09118834087904891,-0.11731490399999997,0.031086112863705165,-0.17532503111111108,-0.09192000444444448,0.0026862222222222205,0.0006569204623294709,0.0015622222222222149,0.003502222222222226,-0.005293884332241092,0.0014380094671907792,-0.0071211669456325705,-0.004038661470273153,-0.00012964271889061573,4.627994774443091e-05,-0.00016816996673688078,-7.196774425069496e-05
header,2024-10-20_2024-10-26,important,0.1,5,8,0.9581593155555556,0.07242888888888889,0.12620484083131722,0.0912603086232996,0.8182697502222223,0.025454492341382584,0.780104302222222,0.8495875733333332,0.077972,0.0030636989182568825,0.07511555555555556,0.08175111111111111,0.12271315558860203,0.0014684791745240822,0.12085368182677776,0.1241375147055054,0.09122759315205044,0.00011849059814647632,0.09113081144527052,0.09137277591715846,-0.1404998826666667,0.02552827572472693,-0.1780550133333335,-0.10822133333333328,0.0054955555555555565,0.0030512271564886503,0.002624444444444443,0.009322222222222218,-0.003724254031698204,0.0013137227455341158,-0.005437537439174592,-0.002439219335120521,-3.2715471249172844e-05,0.00011849059814647632,-0.00012949717802908378,0.0001124672938588589
header,2024-10-20_2024-10-26,random,0.01,100,1,0.9581593155555556,0.07242888888888889,0.12620484083131722,0.0912603086232996,0.9574847351555555,0.004117263355128505,0.9302680533333335,0.9600637066666667,0.07270979999999999,0.0005270097424545151,0.0721688888888889,0.07507777777777777,0.12678195955743676,0.002194333874425062,0.11943099294142255,0.13637018594147857,0.09259303615197273,0.01817420211707296,0.0038752018357444806,0.2043230677292301,-0.0012848977333333033,0.004072153334712785,-0.02874885777777747,0.000728551111111142,0.0002333555555555561,0.0005232321671502431,-0.000242222222222227,0.002624444444444443,0.0003445499371365242,0.002170883964136947,-0.006860226324529803,0.009548255424151414,0.0013327275286731445,0.01817420211707296,-0.08738510678755512,0.11306275910593049
header,2024-10-20_2024-10-26,random,0.05,100,4,0.9581593155555556,0.07242888888888889,0.12620484083131722,0.0912603086232996,0.9522004595555557,0.016837862881701332,0.8347836977777776,0.95970848,0.07319571111111112,0.0010212339307105731,0.07216666666666667,0.07879111111111112,0.12832707104574295,0.003956420889182758,0.11596977170016262,0.13914781660436212,0.0963183625734663,0.0315530271585074,0.00324687767603215,0.20432306415587456,-0.006569173333333296,0.016864907441180757,-0.12448117333333353,0.000576717777777902,0.0007192666666666679,0.0010179845037506922,-0.000293333333333326,0.006224444444444449,0.0018896614254427255,0.003952986420102897,-0.010321447565789732,0.012230930733537732,0.0050580539501667255,0.0315530271585074,-0.08801343094726745,0.11306275553257496
header,2024-10-20_2024-10-26,random,0.1,100,8,0.9581593155555556,0.07242888888888889,0.12620484083131722,0.0912603086232996,0.9332531754666669,0.03971871081544217,0.7650003911111111,0.9595827555555555,0.07440208888888888,0.0020371835028287284,0.07210666666666667,0.08075777777777778,0.12733193562220968,0.007322297472409508,0.10755222827556052,0.150060512115447,0.09703737961898369,0.045441095018376176,0.00326128822477127,0.2043130418757374,-0.025516457422222194,0.03963362789060285,-0.19401651999999991,0.0004671644444443901,0.0019256444444444459,0.002034200893729373,-0.0004111111111111121,0.008239999999999997,0.0008945260019094089,0.007293421633110092,-0.018779092884527365,0.023617731142127674,0.005777070995684099,0.045441095018376176,-0.08799902039852833,0.1130527332524378
header,2024-10-27_2024-11-02,baseline,0.0,5,0,0.9428107066666667,0.08684222222222222,0.08569460947444213,0.07077714969440374,0.9432569973333333,0.0007514740542737978,0.9420315555555556,0.9441464533333334,0.08685866666666667,2.1755090223147605e-05,0.08682444444444444,0.08688,0.08581743053910271,0.0002474507330236013,0.08561295326862159,0.08627119570824943,0.07077714969440374,0.0,0.07077714969440374,0.07077714969440374,0.0,0.0,0.0,0.0,0.0,0.0,0.0,0.0,0.0,0.0,0.0,0.0,0.0,0.0,0.0,0.0
header,2024-10-27_2024-11-02,important,0.01,5,1,0.9428107066666667,0.08684222222222222,0.08569460947444213,0.07077714969440374,0.8702139528888889,0.035582823453090974,0.8432806088888889,0.9400916,0.08719866666666667,0.00013846851939772325,0.08692444444444444,0.0873,0.07945642113757563,0.0034163590819009924,0.07756515797057163,0.0862756636535309,0.07077714965782267,3.089461464433908e-11,0.07077714964237536,0.0707771497196119,-0.0730430444444445,0.03615968308613359,-0.09953009777777777,-0.0019399555555555947,0.00034000000000000143,0.0001430462240753732,5.555555555555869e-05,0.00042666666666665853,-0.006361009401527085,0.0033750309117697424,-0.008107575166008199,0.0003884936027582775,-3.6581074280839235e-11,3.089461464433896e-11,-5.202838160300871e-11,2.5208155007838684e-11
header,2024-10-27_2024-11-02,important,0.05,5,4,0.9428107066666667,0.08684222222222222,0.08569460947444213,0.07077714969440374,0.8108303608888889,0.040106915882817576,0.7343814711111111,0.8446892977777778,0.08715555555555556,0.00046485149626547247,0.08664,0.0877,0.07994203660530338,0.0009073282305259422,0.07883825776188277,0.08109222275375648,0.07055757316742126,3.866482201757685e-05,0.07051679440249131,0.07061859490184311,-0.13242663644444447,0.03952768255774727,-0.20765008444444455,-0.09945715555555557,0.0002968888888888882,0.00047207574198728213,-0.00020222222222222863,0.00087555555555556,-0.0058753939337993335,0.0008209351164455678,-0.006977336846328147,-0.005150987549081068,-0.00021957652698247898,3.866482201757685e-05,-0.00026035529191242857,-0.00015855479256063343
header,2024-10-27_2024-11-02,important,0.1,5,8,0.9428107066666667,0.08684222222222222,0.08569460947444213,0.07077714969440374,0.8041234640000001,0.0235030498184335,0.767529651111111,0.8318794,0.09062088888888889,0.004119343493181262,0.08666222222222222,0.09561333333333333,0.08141929178002796,0.0009637189093093907,0.0800976550399542,0.08234459366498312,0.07044946681233454,0.00010570275106736681,0.0703199297216417,0.07053578324489415,-0.1391335333333334,0.023549827859978542,-0.17528105555555562,-0.11015215555555558,0.003762222222222225,0.004120193930471153,-0.00020666666666666056,0.008751111111111112,-0.004398138759074746,0.0008485172553037285,-0.005523569153473573,-0.0033679963928118783,-0.0003276828820691996,0.00010570275106736683,-0.0004572199727620463,-0.00024136644950958908
header,2024-10-27_2024-11-02,random,0.01,100,1,0.9428107066666667,0.08684222222222222,0.08569460947444213,0.07077714969440374,0.9413531715333334,0.010123042508539612,0.8461863155555556,0.9447321066666667,0.08702084444444443,0.0007465938311036166,0.08634888888888889,0.09343111111111112,0.08599308177977971,0.0012365576670131631,0.07782933665757773,0.08756508242097549,0.07076369089089565,5.6072736181711255e-05,0.07042344682719838,0.07079672548743286,-0.0019038258000000341,0.009992134889291234,-0.09584524000000005,0.0011619733333330107,0.00016217777777778012,0.0007454336366616863,-0.0004977777777777775,0.0065533333333333416,0.00017565124067701055,0.0012228136700904067,-0.008057833393194894,0.001728152562319285,-1.34588035080839e-05,5.6072736181711255e-05,-0.0003537028672053605,1.957579302912238e-05
header,2024-10-27_2024-11-02,random,0.05,100,4,0.9428107066666667,0.08684222222222222,0.08569460947444213,0.07077714969440374,0.9360699046666667,0.0186379934694495,0.8391209422222221,0.9459968266666666,0.0875616222222222,0.001506903876934752,0.08621333333333334,0.09512444444444444,0.08613072654329203,0.0032166121459861418,0.07694692090595784,0.0943336698143951,0.07163947902643542,0.03059742179040894,0.0030784387069500104,0.16284682843865125,-0.007187092666666711,0.018629224845192575,-0.10502551111111125,0.0018503733333332661,0.000702955555555557,0.0015063581806446502,-0.0006288888888888872,0.008300000000000002,0.0003132960041893226,0.0031821366340992955,-0.008674303287469931,0.008264256303631881,0.0008623293320316822,0.03059742179040894,-0.06769871098745373,0.09206967874424751
header,2024-10-27_2024-11-02,random,0.1,100,8,0.9428107066666667,0.08684222222222222,0.08569460947444213,0.07077714969440374,0.9198738724444445,0.0387961378051482,0.7648799711111112,0.9434370400000001,0.08892637777777777,0.0025752356172677572,0.08589111111111111,0.09710222222222223,0.08673565406026146,0.004966508225965393,0.07197303030431465,0.09824233785025376,0.07232417245996557,0.03131494781981539,0.0010623768833720752,0.16284247154543868,-0.023383124888888912,0.03875381018700523,-0.1779307355555555,0.00016158444444425157,0.002067711111111113,0.0025726450519760378,-0.0009866666666666635,0.01022222222222223,0.0009182235211587493,0.004968075297510187,-0.01364819388911312,0.011971142142004329,0.0015470227655618243,0.03131494781981539,-0.06971477281103167,0.09206532185103494
header,2024-11-03_2024-11-09,baseline,0.0,5,0,0.9325168333333332,0.07445555555555555,0.08182181214310957,0.06184048804875904,0.9337951106666667,0.0009768314835285942,0.9325168333333332,0.9351758600000001,0.07454266666666667,6.874393351461553e-05,0.07445555555555555,0.0746311111111111,0.08199418690944996,0.0002403684819086138,0.08176594510590215,0.08240628723448425,0.06184048804875904,0.0,0.06184048804875904,0.06184048804875904,0.0,0.0,0.0,0.0,0.0,0.0,0.0,0.0,0.0,0.0,0.0,0.0,0.0,0.0,0.0,0.0
header,2024-11-03_2024-11-09,important,0.01,5,1,0.9325168333333332,0.07445555555555555,0.08182181214310957,0.06184048804875904,0.842261508,0.04464607025514195,0.8109343844444444,0.9305121577777777,0.07488,7.451572043933486e-05,0.07476,0.07498,0.07544767371071352,0.0034391249928954403,0.07360116246885748,0.08231485756795283,0.06184048800801663,3.3156474787966395e-11,0.06184048799143838,0.06184048807432957,-0.09153360266666663,0.043964182346889834,-0.1215824488888888,-0.004663702222222343,0.0003373333333333367,6.238708318353227e-05,0.00023555555555554442,0.0004266666666666724,-0.006546513198736429,0.0033685770268977082,-0.008297806123242948,0.00019005814797617981,-4.074241777285437e-11,3.315647478796535e-11,-5.732065516683704e-11,2.5570531803076335e-11
header,2024-11-03_2024-11-09,important,0.05,5,4,0.9325168333333332,0.07445555555555555,0.08182181214310957,0.06184048804875904,0.7825503688888888,0.04842708083751679,0.6891049555555555,0.821150511111111,0.07522355555555556,0.0003193035631371784,0.07478,0.07576222222222222,0.07551057686696333,0.0008701073900413005,0.07423804868027511,0.07651955785630875,0.061620595115232234,2.932451289861971e-05,0.06158680982209907,0.061663337744816575,-0.15124474177777777,0.049078154054482355,-0.24607090444444457,-0.11332076666666668,0.0006808888888888865,0.0003691367306648406,0.0001666666666666622,0.0012733333333333346,-0.006483610042486635,0.000798533612679282,-0.00752789642562704,-0.005769251248999546,-0.00021989293352680516,2.9324512898619706e-05,-0.0002536782266599688,-0.0001771503039424624
header,2024-11-03_2024-11-09,important,0.1,5,8,0.9325168333333332,0.07445555555555555,0.08182181214310957,0.06184048804875904,0.775915672,0.023990285403974815,0.7363128777777778,0.8047078133333332,0.07918044444444446,0.004295693715085745,0.07559555555555555,0.0845,0.0768033887953242,0.0007921030293437681,0.07582357994356576,0.07759287409281014,0.06133407533374803,0.0003635284859003099,0.06088876160757929,0.061630903481427926,-0.15787943866666668,0.023070686309075134,-0.19620395555555548,-0.1304680466666669,0.00463777777777778,0.004302246785972116,0.00107111111111112,0.009926666666666667,-0.005190798114125761,0.0007070662742937139,-0.0060285107002114174,-0.004173071013092014,-0.000506412715011001,0.0003635284859003099,-0.0009517264411797455,-0.00020958456733111142
header,2024-11-03_2024-11-09,random,0.01,100,1,0.9325168333333332,0.07445555555555555,0.08182181214310957,0.06184048804875904,0.9314539395111112,0.012043318377790078,0.8145659044444444,0.9377184333333334,0.07467833333333333,0.0007928747118189448,0.07425777777777778,0.08193555555555555,0.08229916439720647,0.0013054946717886398,0.0741084811112413,0.08787652667522058,0.0633677838703346,0.011049087773746776,0.0605902777160283,0.1406951344284721,-0.0023411711555555337,0.012038578731090011,-0.11990537333333329,0.002542573333333298,0.00013566666666666837,0.0007941348192285176,-0.00034000000000000696,0.0074800000000000005,0.00030497748775651633,0.001309614876553451,-0.008297806123242948,0.005758778023753866,0.0015272958215755607,0.011049087773746778,-0.0012502103327307404,0.07885464637971305
header,2024-11-03_2024-11-09,random,0.05,100,4,0.9325168333333332,0.07445555555555555,0.08182181214310957,0.06184048804875904,0.9194763037333332,0.03538551873095603,0.7167286777777778,0.9374868688888889,0.07508193333333332,0.0013195118309809754,0.07391333333333333,0.08236444444444445,0.08261697305622517,0.003547186048464766,0.07035320120090002,0.09064510585073031,0.06587569033071412,0.021529786612922243,0.002789713050938548,0.14069513277021492,-0.014318806933333312,0.035434797266529254,-0.21844718222222226,0.0038398399999998167,0.0005392666666666679,0.0013134689177992343,-0.0006111111111111178,0.007751111111111111,0.0006227861467752267,0.0035430233295158263,-0.011771598219076626,0.008238818616246063,0.004035202281955083,0.021529786612922243,-0.059050774997820486,0.07885464472145588
header,2024-11-03_2024-11-09,random,0.1,100,8,0.9325168333333332,0.07445555555555555,0.08182181214310957,0.06184048804875904,0.9069229522666666,0.04532390931951018,0.6953324244444444,0.9361092599999999,0.07592544444444443,0.0023114179149988823,0.07404,0.08590444444444445,0.08223165929191344,0.005170284156424757,0.06636285376083079,0.0933815537542421,0.06348158245983473,0.03362427118362629,0.0012977824177851155,0.1406748663336597,-0.026872158399999985,0.04515941852027177,-0.2375884977777779,0.0014057022222224713,0.0013827777777777788,0.0023021876740222016,-0.0005911111111111117,0.011273333333333344,0.0002374723824634728,0.00516817374268847,-0.015820833396267955,0.01097526651975786,0.0016410944110757002,0.03362427118362629,-0.06054270563097392,0.07883437828490066
header,2024-11-10_2024-11-16,baseline,0.0,5,0,0.9409342799999999,0.08043333333333333,0.09396478189884741,0.06927757644869198,0.9417666844444443,0.0005213527316273773,0.9409342799999999,0.9424186755555556,0.08043822222222223,6.034305221495776e-05,0.08033111111111112,0.08051111111111112,0.09410962428591026,0.00016595312291179393,0.09396478189884741,0.09443111376878618,0.06927757644869198,0.0,0.06927757644869198,0.06927757644869198,0.0,0.0,0.0,0.0,0.0,0.0,0.0,0.0,0.0,0.0,0.0,0.0,0.0,0.0,0.0,0.0
header,2024-11-10_2024-11-16,important,0.01,5,1,0.9409342799999999,0.08043333333333333,0.09396478189884741,0.06927757644869198,0.8535073635555556,0.0435907519404597,0.822924008888889,0.9396209111111111,0.08092266666666667,0.00016427258286604116,0.08060444444444445,0.08106,0.08742756422355621,0.0035285415114960673,0.08551810292197837,0.09447907441110212,0.0692775764102383,3.7010855491459854e-11,0.06927757639173286,0.06927757648426,-0.08825932088888881,0.04346683611421385,-0.11801027111111095,-0.00238249333333318,0.00048444444444444565,0.00019767537923463146,9.333333333333416e-05,0.0006199999999999956,-0.0066820600623540395,0.0035443744297321126,-0.008502441242915756,0.0004062905760649771,-3.8453690232032044e-11,3.701085549145944e-11,-5.6959117977761764e-11,3.556802075088683e-11
header,2024-11-10_2024-11-16,important,0.05,5,4,0.9409342799999999,0.08043333333333333,0.09396478189884741,0.06927757644869198,0.7955857204444443,0.04910023513838848,0.7015635177777777,0.8349380377777778,0.08257777777777778,0.00016940272710501606,0.08227111111111111,0.08278888888888888,0.08723952498791564,0.0009241949547359624,0.08591085721409313,0.088290491280394,0.06893287482756835,9.136198779671717e-05,0.06885556303655985,0.06904869678747691,-0.14618096400000002,0.049200066868532795,-0.2404398866666666,-0.10748063777777783,0.0021395555555555556,0.00021049688423252836,0.0017955555555555641,0.002457777777777767,-0.006870099297994614,0.0008657468127068729,-0.008095418102950572,-0.005782675329442835,-0.00034470162112363033,9.136198779671715e-05,-0.00042201341213213284,-0.00022887966121507008
header,2024-11-10_2024-11-16,important,0.1,5,8,0.9409342799999999,0.08043333333333333,0.09396478189884741,0.06927757644869198,0.7963583231111111,0.020014728283813805,0.7654040377777778,0.8224065844444445,0.08567422222222223,0.00312494277676003,0.08250666666666667,0.08955777777777778,0.08857524826435784,0.0007140079655638701,0.08776071657956934,0.08958359080500293,0.06889347681977223,1.0787574576061272e-05,0.06888465190448917,0.0689067602668894,-0.14540836133333326,0.019596907614236613,-0.17553024222222213,-0.11959681999999983,0.005235999999999999,0.003123649148031836,0.001995555555555556,0.009082222222222228,-0.0055343760215524175,0.0006805271236581709,-0.006312450030267494,-0.004422684512040767,-0.00038409962891975124,1.0787574576061272e-05,-0.00039292454420281064,-0.0003708161818025829
header,2024-11-10_2024-11-16,random,0.01,100,1,0.9409342799999999,0.08043333333333333,0.09396478189884741,0.06927757644869198,0.9370808777777778,0.018925423791420006,0.822924008888889,0.9428091599999999,0.08058271111111111,0.0005388702017378467,0.08006444444444444,0.08489555555555556,0.09395738165044015,0.002055997875880982,0.08551810292197837,0.10079294971729004,0.06931211201689845,0.016679190447476972,0.005188367214101475,0.2092147012606766,-0.004685806666666617,0.018896141578146546,-0.11801027111111095,0.0005094177777777986,0.00014448888888888927,0.0005402633998658136,-0.0004222222222222266,0.0044622222222222285,-0.00015224263547010188,0.0020454231880949257,-0.008446678976869043,0.006719783107453206,3.453556820647269e-05,0.016679190447476972,-0.06408920923459051,0.13993712481198461
header,2024-11-10_2024-11-16,random,0.05,100,4,0.9409342799999999,0.08043333333333333,0.09396478189884741,0.06927757644869198,0.9232481224888889,0.04172495178225231,0.6377400666666667,0.9435310755555556,0.08109866666666665,0.0013953491354770468,0.07937777777777778,0.08668666666666666,0.09424796192232666,0.0038858723047120684,0.07796981050750407,0.10244829584287768,0.07034899200447932,0.030222861862471813,0.004817632471776944,0.2092113345116102,-0.01851856195555551,0.041622763837062614,-0.30369561777777776,0.0011124000000000134,0.0006604444444444443,0.001391698101219611,-0.0009533333333333338,0.006246666666666664,0.00013833763641641364,0.0038697028467762633,-0.016461303261282118,0.0082414973299101,0.001071415555787345,0.030222861862471816,-0.06445994397691504,0.13993375806291822
header,2024-11-10_2024-11-16,random,0.1,100,8,0.9409342799999999,0.08043333333333333,0.09396478189884741,0.06927757644869198,0.9182882063555554,0.04767824597912677,0.6782090955555555,0.9427543777777777,0.08160233333333332,0.0015913511729205333,0.07972444444444445,0.08797777777777778,0.09565798914618676,0.004394964549410937,0.0803184898157805,0.10519550255299016,0.07639420083263132,0.04433081069124762,0.0013326727038497715,0.2092115878299567,-0.02347847808888884,0.04769263356722238,-0.2637943088888888,0.0013186933333332318,0.0011641111111111114,0.0015840788537237714,-0.0007400000000000045,0.0075022222222222296,0.0015483648602764976,0.004366545010496518,-0.013687785501263192,0.01112233594315333,0.0071166243839393606,0.04433081069124762,-0.0679449037448422,0.1399340113812647
header,2024-11-17_2024-11-23,baseline,0.0,5,0,0.9461857266666666,0.08296222222222223,0.10614737945704146,0.0794749539994216,0.9462260813333334,0.0006648226850070471,0.9449541311111112,0.9467260244444445,0.08304533333333333,6.251676318406112e-05,0.08296222222222223,0.08315555555555555,0.10636771382269265,0.0002315335760259366,0.10614737945704146,0.10680368602085805,0.0794749539994216,0.0,0.0794749539994216,0.0794749539994216,0.0,0.0,0.0,0.0,0.0,0.0,0.0,0.0,0.0,0.0,0.0,0.0,0.0,0.0,0.0,0.0
header,2024-11-17_2024-11-23,important,0.01,5,1,0.9461857266666666,0.08296222222222223,0.10614737945704146,0.0794749539994216,0.8740016573333333,0.03494996211772154,0.8479403933333334,0.9425706288888889,0.08336577777777779,0.0001427877644583456,0.08309777777777778,0.08348444444444444,0.10031516327833741,0.0033596451787711364,0.09841714603997898,0.10702168041355233,0.07947495396346971,2.7221064291538396e-11,0.07947495394985918,0.07947495401791184,-0.07222442400000002,0.03555370777874263,-0.09824533333333318,-0.002383502222222278,0.0003204444444444454,0.00019083390748740657,-5.7777777777767714e-05,0.00045333333333333337,-0.0060525505443552565,0.0033489101596672513,-0.007776198813784566,0.0006448359421686034,-3.595189146388122e-11,2.7221064291538257e-11,-4.956242360965035e-11,1.8490237119195285e-11
header,2024-11-17_2024-11-23,important,0.05,5,4,0.9461857266666666,0.08296222222222223,0.10614737945704146,0.0794749539994216,0.8156443555555555,0.04384222521718746,0.7321189644444444,0.8507778666666665,0.08531288888888888,0.00011061578482229355,0.08519555555555555,0.08545777777777777,0.10097773505836505,0.001139661756383213,0.09933858002651257,0.10224986938336851,0.07928173244628277,6.153180574062989e-05,0.07922216009009668,0.07937092907442006,-0.13058172577777788,0.043261421456946565,-0.2128351666666668,-0.09594815777777799,0.0022675555555555504,7.558953484297595e-05,0.0021999999999999936,0.002408888888888877,-0.005389978764327605,0.0010679700539962887,-0.006871604289715269,-0.0040506054645837175,-0.00019322155313883648,6.153180574062989e-05,-0.00025279390932492207,-0.00010402492500154181
header,2024-11-17_2024-11-23,important,0.1,5,8,0.9461857266666666,0.08296222222222223,0.10614737945704146,0.0794749539994216,0.8088307279999999,0.021882113304357218,0.7770249022222222,0.8367792044444444,0.08883866666666666,0.003606358609422123,0.08540222222222223,0.09322888888888889,0.10287218489408237,0.0007807107084006787,0.10190914866155963,0.10381758246659922,0.07882999617048767,0.0005236484823670389,0.07818859590701788,0.07925756501758857,-0.1373953533333334,0.022162838220854995,-0.16916082444444436,-0.10817492666666673,0.0057933333333333335,0.0036492859440217257,0.002282222222222227,0.01026666666666666,-0.0034955289286102862,0.0007076981540953166,-0.004295170933834386,-0.0023926018496286117,-0.0006449578289339453,0.0005236484823670389,-0.001286358092403725,-0.00021738898183303046
header,2024-11-17_2024-11-23,random,0.01,100,1,0.9461857266666666,0.08296222222222223,0.10614737945704146,0.0794749539994216,0.9439575142444443,0.010356069115862872,0.8479403933333334,0.9474328555555556,0.08339946666666669,0.0013848815475486496,0.08266444444444444,0.09097111111111111,0.10643993342472015,0.0017502880070677425,0.09841714603997898,0.11365375480777977,0.07901367332247426,0.015037015363100413,0.005284347317076996,0.18726963916544503,-0.002268567088888931,0.010320969038398868,-0.09824533333333318,0.0009496977777777582,0.0003541333333333316,0.0013712691254166665,-0.00038444444444445114,0.007908888888888882,7.221960202751148e-05,0.0016949899825767212,-0.007730233417062485,0.0072769103363960475,-0.0004612806769473475,0.015037015363100413,-0.0741906066823446,0.10779468516602343
header,2024-11-17_2024-11-23,random,0.05,100,4,0.9461857266666666,0.08296222222222223,0.10614737945704146,0.0794749539994216,0.9312522339333336,0.03426657834988377,0.7062769111111111,0.948242868888889,0.08408179999999998,0.002114260777799941,0.08213777777777778,0.09298444444444444,0.1066452279175938,0.0039004632639617906,0.09261363238490741,0.11742665279309233,0.08350438159801818,0.03091422071224457,0.0034079651742112763,0.18726963315540918,-0.014973847400000025,0.034294949446087686,-0.2404491133333334,0.0015379733333332757,0.0010364666666666659,0.0021193806245233386,-0.0009888888888888864,0.009935555555555545,0.00027751409490115673,0.0038955567143371924,-0.014190053635950634,0.0112164684768645,0.0040294275985965885,0.030914220712244568,-0.07606698882521032,0.10779467915598757
header,2024-11-17_2024-11-23,random,0.1,100,8,0.9461857266666666,0.08296222222222223,0.10614737945704146,0.0794749539994216,0.9266174540222224,0.03651660891387402,0.721582711111111,0.9475959044444444,0.08477699999999999,0.002617514179805237,0.08165555555555555,0.09328222222222222,0.10740847734199961,0.00541243178185337,0.09248453162759032,0.1209325653480586,0.0816377304592254,0.04047570876945168,0.003231687808013947,0.18726088450384148,-0.019608627311111126,0.03633560910710564,-0.2233714200000001,0.0010362755555555214,0.0017316666666666648,0.002609591129697818,-0.0013755555555555604,0.010253333333333337,0.00104076351930697,0.0053608024957490456,-0.0138923128437934,0.014128879327200555,0.002162776459803767,0.04047570876945168,-0.07624326619140766,0.10778593050441988
header,2024-11-24_2024-11-30,baseline,0.0,5,0,0.9445152333333332,0.07957555555555555,0.09541518275638197,0.07102370949355435,0.9453396626666667,0.0007373481140765139,0.9443716422222223,0.9460718600000001,0.07965777777777777,5.5688729271739405e-05,0.07957555555555555,0.07974666666666666,0.09579696722685938,0.00027031826975249917,0.09541518275638197,0.09616103562670368,0.07102370949355435,0.0,0.07102370949355435,0.07102370949355435,0.0,0.0,0.0,0.0,0.0,0.0,0.0,0.0,0.0,0.0,0.0,0.0,0.0,0.0,0.0,0.0
header,2024-11-24_2024-11-30,important,0.01,5,1,0.9445152333333332,0.07957555555555555,0.09541518275638197,0.07102370949355435,0.8690963666666667,0.037725058036823,0.8401456555555556,0.9430048244444444,0.07996088888888889,0.00010147164050689426,0.07978222222222223,0.08005111111111111,0.09059968049765711,0.002908436123418665,0.0888271522703633,0.09639748206364142,0.07102370945898401,3.493172417989854e-11,0.07102370944151815,0.07102370952884746,-0.07624329600000002,0.038133684148189406,-0.10436957777777756,-0.0013668177777778068,0.0003031111111111151,0.00013703455453206454,3.555555555556644e-05,0.000413333333333335,-0.00519728672920228,0.0027837492257092268,-0.006628387259977497,0.0003698629866388109,-3.457034658538305e-11,3.493172417989854e-11,-5.203620867533232e-11,3.5293101774414026e-11
header,2024-11-24_2024-11-30,important,0.05,5,4,0.9445152333333332,0.07957555555555555,0.09541518275638197,0.07102370949355435,0.8122125253333333,0.03133609543389749,0.7520143266666666,0.8349660622222222,0.08074977777777778,0.00033629675314049613,0.08044888888888889,0.08135333333333333,0.09232596138541249,0.0008200085358360204,0.09132080692558707,0.09350331477731547,0.0704322925394806,0.0003133529951028775,0.07010181419177063,0.07092700878112804,-0.13312713733333334,0.03089961540516626,-0.19235731555555569,-0.11110579777777785,0.0010920000000000014,0.00033168957672595294,0.0007711111111111113,0.0017155555555555535,-0.0034710058414469,0.0008593680187981815,-0.0047068121514155375,-0.002657720849388215,-0.0005914169540737563,0.00031335299510287757,-0.0009218953017837289,-9.67007124263175e-05
header,2024-11-24_2024-11-30,important,0.1,5,8,0.9445152333333332,0.07957555555555555,0.09541518275638197,0.07102370949355435,0.7942239333333332,0.02297422345690693,0.7618592577777777,0.823038111111111,0.08422755555555557,0.003817334756341827,0.08061777777777777,0.08898666666666667,0.09358458938140742,0.0011309611831417312,0.09219067602567797,0.09490834136363221,0.06940453826355572,0.0008916068880654305,0.06831248853625353,0.07013253781899767,-0.15111572933333334,0.022936287353224474,-0.18265597555555546,-0.12133353111111123,0.004569777777777781,0.003845377304931724,0.0008711111111111142,0.009308888888888894,-0.0022123778454519764,0.0009446852397236393,-0.003347014456990996,-0.0008569361590436558,-0.0016191712299986395,0.0008916068880654305,-0.0027112209573008222,-0.0008911716745566844
header,2024-11-24_2024-11-30,random,0.01,100,1,0.9445152333333332,0.07957555555555555,0.09541518275638197,0.07102370949355435,0.943623182422222,0.00445078424050479,0.9162011044444445,0.946237851111111,0.07992766666666666,0.0009078465294242488,0.07885777777777778,0.08554888888888888,0.09590952069326715,0.001426973605889771,0.09135085883564849,0.10154791807278041,0.0730796151234886,0.022133547841381027,0.06616322070973549,0.2932292680468451,-0.0017164802444444337,0.0044933601723121455,-0.02971041777777783,0.0009494444444445582,0.00026988888888888977,0.0009093669688033623,-0.0007800000000000029,0.0059488888888888924,0.00011255346640775377,0.0014164194588057826,-0.004264862315884313,0.005932196921247607,0.0020559056299342153,0.022133547841381027,-0.004860488783818867,0.22220555855329077
header,2024-11-24_2024-11-30,random,0.05,100,4,0.9445152333333332,0.07957555555555555,0.09541518275638197,0.07102370949355435,0.9285351560666666,0.029659138422232185,0.8040821933333333,0.9460608377777777,0.08084653333333333,0.002038359515170575,0.07867555555555555,0.08842888888888889,0.09567754853293056,0.0034006425500830223,0.08133272368958129,0.10289830920408476,0.07407566309760727,0.03651335426643078,0.01289502815752665,0.29322926798042526,-0.01680450659999998,0.029595414439827224,-0.14174586222222207,0.0008852311111110511,0.0011887555555555565,0.002036705759944866,-0.001071111111111106,0.008777777777777773,-0.00011941869392881971,0.003362657580279156,-0.01443255383309458,0.007349676819348935,0.0030519536040529236,0.03651335426643078,-0.05812868133602771,0.2222055584868709
header,2024-11-24_2024-11-30,random,0.1,100,8,0.9445152333333332,0.07957555555555555,0.09541518275638197,0.07102370949355435,0.9162315603555556,0.04225385959144677,0.6989492844444445,0.9457932644444444,0.0815559111111111,0.002235047892877642,0.0786,0.08844,0.09668403569398702,0.0049213620098817095,0.08227537156362975,0.10736335664131406,0.07985701497804794,0.06230188676632788,0.007946009777921504,0.29294022940994086,-0.029108102311111085,0.042294132350264954,-0.24542235777777777,-8.41733333333261e-05,0.0018981333333333336,0.0022396892138899127,-0.001146666666666657,0.008693333333333345,0.000887068467127641,0.00492825374267643,-0.013752247513372853,0.011948173884932092,0.0088333054844936,0.06230188676632788,-0.06307769971563285,0.2219165199163865
header,2024-12-01_2024-12-07,baseline,0.0,5,0,0.9252614577777778,0.08388,0.06895030066171597,0.07660461679193803,0.9262685724444445,0.0009046935755659635,0.9252421466666666,0.9274837733333333,0.08394444444444446,4.1359609330249365e-05,0.08388,0.08399111111111111,0.0691575622024568,0.00020172171310591113,0.06895030066171597,0.0694452215146568,0.07660461679193803,0.0,0.07660461679193803,0.07660461679193803,0.0,0.0,0.0,0.0,0.0,0.0,0.0,0.0,0.0,0.0,0.0,0.0,0.0,0.0,0.0,0.0
header,2024-12-01_2024-12-07,important,0.01,5,1,0.9252614577777778,0.08388,0.06895030066171597,0.07660461679193803,0.847515751111111,0.03374039881797536,0.8207002844444444,0.9132527199999999,0.08433733333333333,0.00012944248925561783,0.08408222222222222,0.08443111111111111,0.06314152169129553,0.0031515374000626985,0.061411781639522135,0.06943626056785698,0.07660461676588728,3.512965474072882e-11,0.07660461674832246,0.0766046168361466,-0.07875282133333336,0.03419954967343879,-0.10456117333333337,-0.011989426666666692,0.00039288888888888707,0.0001567282778774133,9.111111111111125e-05,0.0005066666666666692,-0.006016040511161255,0.0030508903400889753,-0.007587797150244886,8.525356147164043e-05,-2.6050742119032578e-11,3.512965474072871e-11,-4.361556948939693e-11,4.4208567362424844e-11
header,2024-12-01_2024-12-07,important,0.05,5,4,0.9252614577777778,0.08388,0.06895030066171597,0.07660461679193803,0.7871054817777778,0.02687525127121608,0.73931486,0.8130590488888889,0.08463866666666667,0.000612122153547966,0.08378666666666666,0.08558222222222223,0.06346021639162716,0.0005423746278764188,0.06288626894828883,0.06431913120346806,0.07641301166165712,0.00010728026217226574,0.07630115373738432,0.07658050543022588,-0.13916309066666663,0.026403268529552177,-0.18592728666666658,-0.1144247244444444,0.0006942222222222239,0.0005935798073168579,-0.00012888888888888672,0.0016266666666666652,-0.005697345810829637,0.0005279289140858804,-0.006464738058096511,-0.005095330493972844,-0.0001916051302809113,0.00010728026217226574,-0.0003034630545537126,-2.4111361712153556e-05
header,2024-12-01_2024-12-07,important,0.1,5,8,0.9252614577777778,0.08388,0.06895030066171597,0.07660461679193803,0.7444719635555556,0.023963032866408652,0.7034737844444444,0.7680154666666668,0.08762444444444444,0.0029129717548312148,0.08483111111111111,0.09135333333333333,0.06481581462258862,0.0007470552274160877,0.06387475153160146,0.06551502072107396,0.07644666286098031,0.00014585160665389708,0.07632756501132698,0.07662536217637467,-0.18179660888888888,0.02358254109871825,-0.22178767333333338,-0.15735016444444438,0.00368,0.0029517894133458717,0.000851111111111108,0.007437777777777779,-0.00434174757986816,0.0006150700647205788,-0.005108224735865766,-0.003543284840984637,-0.00015795393095770492,0.00014585160665389708,-0.0002770517806110484,2.074538443663787e-05
header,2024-12-01_2024-12-07,random,0.01,100,1,0.9252614577777778,0.08388,0.06895030066171597,0.07660461679193803,0.9185965900444444,0.023384882134660414,0.8207002844444444,0.9299299777777777,0.08425377777777779,0.0007673750672436263,0.0836,0.09073111111111111,0.06867807641365785,0.0021287492219580146,0.061411781639522135,0.0710114056893177,0.07503205387276358,0.009989998703237754,0.005182040432597549,0.07690404830561284,-0.007671982399999987,0.023220235545600706,-0.10456117333333337,0.002925915555555547,0.00030933333333333355,0.0007720439442491933,-0.0003555555555555673,0.006851111111111113,-0.00047948578879893045,0.0021108365891474266,-0.007565984111928832,0.001566184174660895,-0.0015725629191744284,0.009989998703237754,-0.07142257635934048,0.0002994315136748138
header,2024-12-01_2024-12-07,random,0.05,100,4,0.9252614577777778,0.08388,0.06895030066171597,0.07660461679193803,0.9167458967333334,0.018337951679783634,0.8168472533333333,0.9309746666666667,0.0850914,0.001699711541394779,0.08343555555555555,0.09209555555555556,0.06966012401662755,0.002532979408408574,0.0599152975556093,0.07468029972558218,0.08150442415169616,0.03655409744125931,0.004297388297134637,0.21238768295851596,-0.009522675711111098,0.018216234234683496,-0.1084142044444445,0.0034908933333334113,0.0011469555555555567,0.0016997412920068409,-0.00044888888888888756,0.008115555555555556,0.0005025618141707484,0.0025146113780046167,-0.009035003106106665,0.005697323458114953,0.004899807359758113,0.036554097441259314,-0.0723072284948034,0.13578306616657793
header,2024-12-01_2024-12-07,random,0.1,100,8,0.9252614577777778,0.08388,0.06895030066171597,0.07660461679193803,0.8965754547111109,0.03907951688253096,0.7584789066666666,0.9274151555555555,0.08613651111111112,0.0026304631569833694,0.08294222222222222,0.09383555555555556,0.06917843432763326,0.004659715131859237,0.053095999381821114,0.07758933473639243,0.0797842264231758,0.04586709187898596,0.003976005268308064,0.21237986117302357,-0.029693117733333305,0.039172552052012505,-0.1678725155555556,0.0021730088888889387,0.0021920666666666675,0.0026236231710563365,-0.0009377777777777735,0.009920000000000012,2.087212517648547e-05,0.004677230247151246,-0.015886976885646116,0.008639034074676463,0.003179609631237778,0.04586709187898596,-0.07262861152362997,0.13577524438108554
header,2024-12-08_2024-12-14,baseline,0.0,5,0,0.9405776555555556,0.08542666666666666,0.09072239468527458,0.07189266294248338,0.9415753791111111,0.000670882549714351,0.9405776555555556,0.9422791399999998,0.08548755555555555,5.943935596082201e-05,0.08542,0.08558,0.09094919598244726,0.000191077313812411,0.09072239468527458,0.09125862398361492,0.07189266294248338,0.0,0.07189266294248338,0.07189266294248338,0.0,0.0,0.0,0.0,0.0,0.0,0.0,0.0,0.0,0.0,0.0,0.0,0.0,0.0,0.0,0.0
header,2024-12-08_2024-12-14,important,0.01,5,1,0.9405776555555556,0.08542666666666666,0.09072239468527458,0.07189266294248338,0.8714386804444445,0.034315748956948756,0.8457926644444445,0.9388278377777778,0.08601111111111111,0.00020040945740479316,0.08562,0.08617111111111111,0.08588489648001699,0.0028525638379300355,0.08426272281421826,0.09158006410193043,0.07189266290992806,3.1101227149221824e-11,0.07189266289437744,0.07189266297213051,-0.07013669866666658,0.034535954552947536,-0.09478499111111116,-0.0021477333333332904,0.0005235555555555549,0.00024193295673710066,3.999999999999837e-05,0.000655555555555562,-0.005064299502430272,0.0027875564315890567,-0.006489803890938506,0.0005104452527672221,-3.255532232682157e-11,3.1101227149221694e-11,-4.810593590143242e-11,2.964713197162183e-11
header,2024-12-08_2024-12-14,important,0.05,5,4,0.9405776555555556,0.08542666666666666,0.09072239468527458,0.07189266294248338,0.8171130897777777,0.025818948869735524,0.7677004577777778,0.8384374177777778,0.08662444444444443,0.0007482430449533034,0.08585555555555556,0.08776444444444445,0.08755361643495398,0.0007616185801286802,0.08644386917570482,0.08862685032704637,0.07188420055595016,1.178449623254772e-05,0.071869646032033,0.0718938513864006,-0.12446228933333328,0.025597096508569193,-0.17327511333333323,-0.10360069999999999,0.00113688888888889,0.0007543134888799074,0.0003599999999999992,0.0023444444444444545,-0.0033955795474932713,0.0007513192040236104,-0.004625749673458385,-0.002617774953403623,-8.462386533208965e-06,1.178449623254772e-05,-2.3016910450382455e-05,1.1884439172216155e-06
header,2024-12-08_2024-12-14,important,0.1,5,8,0.9405776555555556,0.08542666666666666,0.09072239468527458,0.07189266294248338,0.7930034737777778,0.02418656415097162,0.7579496200000001,0.8243080444444445,0.08903244444444444,0.0032720350748218136,0.08593555555555556,0.09303333333333333,0.08867637182360125,0.001116449816351929,0.08729492385676313,0.08976473566194322,0.0719516804846722,2.6092903792095295e-05,0.07193035397731037,0.0719837099218402,-0.14857190533333325,0.024075048467186642,-0.1826280355555555,-0.11666752666666658,0.0035448888888888865,0.003298685828861374,0.0004200000000000037,0.007566666666666666,-0.0022728241588460207,0.000983014182747187,-0.003563971244550823,-0.001430670031967951,5.901754218881616e-05,2.6092903792095295e-05,3.7691034826994874e-05,9.104697935681527e-05
header,2024-12-08_2024-12-14,random,0.01,100,1,0.9405776555555556,0.08542666666666666,0.09072239468527458,0.07189266294248338,0.9379602963333333,0.010995659803049956,0.8457926644444445,0.9434870866666667,0.08570611111111111,0.0006902339825141063,0.08488444444444444,0.09109777777777778,0.09097348661420694,0.0015478727452104622,0.08426272281421826,0.09600436060146113,0.07272538524979201,0.017203687814016242,0.007512679467455173,0.23149654576710343,-0.0036150827777777427,0.010869745172605009,-0.09478499111111116,0.0012079466666669036,0.00021855555555555544,0.0006853731343825295,-0.0005644444444444507,0.0055822222222222245,2.429063175969137e-05,0.0015127582107502921,-0.0064596718710563245,0.004745736617846205,0.0008327223073086187,0.017203687814016242,-0.06437998347502821,0.15960388282462007
header,2024-12-08_2024-12-14,random,0.05,100,4,0.9405776555555556,0.08542666666666666,0.09072239468527458,0.07189266294248338,0.9293647675333332,0.025070979395687122,0.8157347844444446,0.9433438222222224,0.08652555555555555,0.0016146998956730067,0.08492444444444444,0.09306444444444445,0.091281688927289,0.003161767382675064,0.07702489163615885,0.09748122373269319,0.07709743376524142,0.03344893977271603,0.007382686408194438,0.23149654587798646,-0.012210611577777737,0.024994766597178385,-0.12484287111111103,0.0013374111111112974,0.001038,0.001606744442561947,-0.0005866666666666659,0.007637777777777785,0.0003324929448417219,0.0031572221652043943,-0.014044727213004357,0.006411604883529987,0.00520477082275803,0.03344893977271603,-0.06450997653428894,0.1596038829355031
header,2024-12-08_2024-12-14,random,0.1,100,8,0.9405776555555556,0.08542666666666666,0.09072239468527458,0.07189266294248338,0.9235186700888889,0.025135182963850724,0.8125173311111111,0.9433829577777777,0.08703055555555556,0.0021811714685711077,0.08432666666666666,0.09534444444444444,0.091396414792594,0.00461406682970629,0.07910418886342575,0.09986518894824167,0.07408892872913486,0.04748279580340066,0.00687214538314375,0.23149305560725714,-0.018056709022222162,0.025209535699457778,-0.12948907999999992,0.0013765466666666448,0.0015430000000000005,0.0021771328381754128,-0.0011688888888888999,0.009764444444444437,0.0004472188101467392,0.004619695990008731,-0.011618205821848832,0.009006293846927721,0.002196265786651473,0.04748279580340066,-0.06502051755933963,0.15960039266477377
imports,2024-09-22_2024-09-28,baseline,0.0,5,0,0.9050617133333332,0.15432222222222222,0.06079779502319823,0.04256997704741877,0.9093837826666669,0.003038065567796276,0.9050617133333332,0.9144578600000001,0.15727866666666665,0.005350165401850715,0.15432222222222222,0.16796666666666665,0.06059635072251786,0.00013467515943665077,0.06041061988793609,0.06079779502319823,0.04256997704741877,0.0,0.04256997704741877,0.04256997704741877,0.0,0.0,0.0,0.0,0.0,0.0,0.0,0.0,0.0,0.0,0.0,0.0,0.0,0.0,0.0,0.0
imports,2024-09-22_2024-09-28,important,0.01,5,13,0.9050617133333332,0.15432222222222222,0.06079779502319823,0.04256997704741877,0.8691556413333335,0.017958164944640264,0.83338168,0.8808924711111111,0.15834355555555554,0.005427198190367734,0.15522,0.16914888888888888,0.05885224236320384,0.0003072482338164587,0.05835290423938898,0.05923495001052807,0.0831451657784817,0.0009659167113150864,0.08227690738187327,0.0850094181093064,-0.04022814133333337,0.017623118601363837,-0.07519841111111114,-0.027293906666666423,0.0010648888888888874,0.0006049416255890843,0.0002600000000000102,0.002095555555555545,-0.00174410835931402,0.00020784413505641253,-0.0020577156485471135,-0.0014730901124476725,0.04057518873106293,0.0009659167113150864,0.03970693033445449,0.04243944106188763
imports,2024-09-22_2024-09-28,important,0.05,5,65,0.9050617133333332,0.15432222222222222,0.06079779502319823,0.04256997704741877,0.8164331182222222,0.03375892520573378,0.75051804,0.8426151222222222,0.16033000000000003,0.005554822529418318,0.15665777777777778,0.17135444444444445,0.056363929643394886,0.0005156046634136157,0.05577567238724549,0.0571406972343549,0.08316228217392756,0.0012432607443014759,0.08130340068699518,0.08459512930192124,-0.09295066444444448,0.03364485162772666,-0.15815830000000008,-0.0675277866666667,0.003051333333333339,0.000505019936044583,0.002335555555555563,0.003500000000000003,-0.004232421079122974,0.00040667018788398634,-0.0047968759533355415,-0.003657097788843329,0.040592305126508785,0.0012432607443014759,0.03873342363957641,0.04202515225450247
imports,2024-09-22_2024-09-28,important,0.1,5,129,0.9050617133333332,0.15432222222222222,0.06079779502319823,0.04256997704741877,0.7737634728888889,0.04576385758097391,0.6873679111111111,0.8124186288888888,0.16056866666666667,0.005557087095561333,0.15687444444444446,0.17161555555555555,0.055509841904385224,0.0007730320609317167,0.054248093907728286,0.05648349275058818,0.08313453006644386,0.001504873948237386,0.08122986269089492,0.08528066065902871,-0.13562030977777784,0.04510788513482274,-0.22130842888888902,-0.09804264666666684,0.0032899999999999987,0.00046932260088738585,0.0025522222222222335,0.0038288888888888817,-0.005086508818132633,0.0006418327852062817,-0.006162525980207806,-0.004314302272610052,0.0405645530190251,0.001504873948237386,0.03865988564347615,0.04271068361160994
imports,2024-09-22_2024-09-28,random,0.01,100,13,0.9050617133333332,0.15432222222222222,0.06079779502319823,0.04256997704741877,0.9080966562222222,0.0057641372163146866,0.8896807755555556,0.920695548888889,0.15728797777777778,0.005335702139177625,0.15414333333333333,0.16823888888888888,0.06063660267725581,0.00021854565813430547,0.05997910416603247,0.06113002180047743,0.04315987774455708,0.005442744958681757,0.041700482123623504,0.08130015255454481,-0.001287126444444464,0.005071313589708349,-0.018899315555555574,0.011175328888888947,9.311111111111881e-06,0.00035766167129161345,-0.0009177777777777674,0.0011577777777777853,4.02519547379495e-05,0.00016610318584219422,-0.0004315157219036206,0.0003322267772791973,0.0005899006971383117,0.005442744958681757,-0.0008694949237952679,0.03873017550712604
imports,2024-09-22_2024-09-28,random,0.05,100,65,0.9050617133333332,0.15432222222222222,0.06079779502319823,0.04256997704741877,0.8995196111333335,0.015351070288249226,0.8356317088888889,0.9199223888888888,0.15721392222222222,0.005424294964609357,0.1536611111111111,0.16922,0.060588432291545403,0.0006816314372763793,0.05773374640493082,0.061900956191950345,0.043122233885854275,0.007908220994164458,0.04086194095779522,0.08334785698785549,-0.009864171533333362,0.015437538138800751,-0.07294838222222222,0.008914568888888974,-6.474444444444588e-05,0.0005262967490158873,-0.001423333333333332,0.0017699999999999938,-7.918430972454482e-06,0.0006746427307861327,-0.0027800116732063576,0.0011031611687521148,0.000552256838435504,0.007908220994164458,-0.0017080360896235547,0.04077787994043672
imports,2024-09-22_2024-09-28,random,0.1,100,129,0.9050617133333332,0.15432222222222222,0.06079779502319823,0.04256997704741877,0.8890941141555557,0.022537097686564467,0.7899116311111111,0.919144911111111,0.15674308888888888,0.00628719560160486,0.1405677777777778,0.1690611111111111,0.06048365312552055,0.0008030552800732068,0.057730103618788914,0.061823600850046616,0.04443309682023688,0.012295791679684158,0.039151215819783064,0.08455306799460362,-0.020289668511111133,0.022862216303081887,-0.124546228888889,0.01046857111111088,-0.0005355777777777781,0.0028001191596337717,-0.01451666666666665,0.0017866666666666586,-0.0001126975969973057,0.0008071931139008414,-0.0027836544593482643,0.0013088541618055671,0.0018631197728181058,0.012295791679684158,-0.0034187612276357082,0.041983090947184845
imports,2024-09-29_2024-10-05,baseline,0.0,5,0,0.9182243888888888,0.14840444444444445,0.07419502376225974,0.05323464979750463,0.9206532555555554,0.0016933276027455825,0.9182243888888888,0.9232778066666665,0.14574377777777775,0.004904279542110192,0.1359711111111111,0.14878555555555556,0.07390031958125476,0.00018815315393399466,0.07367944864558078,0.07419502376225974,0.05323464979750463,0.0,0.05323464979750463,0.05323464979750463,0.0,0.0,0.0,0.0,0.0,0.0,0.0,0.0,0.0,0.0,0.0,0.0,0.0,0.0,0.0,0.0
imports,2024-09-29_2024-10-05,important,0.01,5,13,0.9182243888888888,0.14840444444444445,0.07419502376225974,0.05323464979750463,0.8853396195555556,0.014581207657673347,0.8563303444444443,0.8944084711111111,0.14641888888888888,0.004722729541376217,0.13700444444444446,0.14928333333333332,0.07271285807367675,0.0003576113316220816,0.0722905863315786,0.07329151437815443,0.10391609356792642,0.001349263686359817,0.10285511823756197,0.10656844002394539,-0.035313635999999905,0.015232224107739245,-0.06524649333333332,-0.023815917777777695,0.0006751111111111153,0.0004613435023499283,-0.00010333333333334416,0.0012399999999999911,-0.001187461507578,0.0002095023374933851,-0.001388862314002176,-0.0009035093841053138,0.05068144377042179,0.001349263686359817,0.04962046844005734,0.05333379022644076
imports,2024-09-29_2024-10-05,important,0.05,5,65,0.9182243888888888,0.14840444444444445,0.07419502376225974,0.05323464979750463,0.8309753991111112,0.03375988467900266,0.7694871355555555,0.8709041844444445,0.148482,0.00472766647734246,0.13911777777777778,0.15184555555555557,0.06951107983990168,0.0007471129544818949,0.0686181675231911,0.07052731554368616,0.10409029975574624,0.0017341250984672645,0.10156684725104508,0.1063293593852858,-0.08967785644444433,0.03357137482548798,-0.15041974222222232,-0.049376182222222065,0.002738222222222231,0.0003530289394635653,0.002262222222222221,0.0031466666666666865,-0.004389239741353096,0.0006127353900647798,-0.005270211765740829,-0.0036677082185735815,0.050855649958241614,0.0017341250984672645,0.04833219745354045,0.053094709587781175
imports,2024-09-29_2024-10-05,important,0.1,5,129,0.9182243888888888,0.14840444444444445,0.07419502376225974,0.05323464979750463,0.7888030306666666,0.04236456531684618,0.7115070088888888,0.8313749355555556,0.14873044444444444,0.004806354055689402,0.13916777777777778,0.15163222222222222,0.06807894230136646,0.0010463690478763408,0.06649369335347381,0.0695590147465153,0.10396633063784529,0.0020076792463658284,0.10141227976347421,0.10638575647228754,-0.13185022488888878,0.04148383966786124,-0.20839986888888895,-0.09190287111111084,0.0029866666666666652,0.00036006720908981983,0.002435555555555552,0.0033811111111111125,-0.005821377279888293,0.0008643997884113679,-0.007185755292106966,-0.004636009015744444,0.05073168084034065,0.0020076792463658284,0.04817762996596958,0.053151106674782914
imports,2024-09-29_2024-10-05,random,0.01,100,13,0.9182243888888888,0.14840444444444445,0.07419502376225974,0.05323464979750463,0.9187423062666668,0.005751349212839966,0.890296331111111,0.9271634777777779,0.14688146666666665,0.00350191740029923,0.13525777777777778,0.1495688888888889,0.07390475753513531,0.0004020387824576669,0.0724573411997634,0.07456736271315934,0.05351280943880423,0.004882423917657752,0.05227041083231232,0.10203117792387953,-0.001910949288888798,0.0057437390949766215,-0.03298147555555553,0.008939088888889057,0.0011376888888888915,0.0037455330751162983,-0.001421111111111123,0.012581111111111126,4.437953880558482e-06,0.00032971532218871186,-0.001222107445817383,0.0007981700683363929,0.0002781596412995897,0.004882423917657753,-0.0009642389651923072,0.0487965281263749
imports,2024-09-29_2024-10-05,random,0.05,100,65,0.9182243888888888,0.14840444444444445,0.07419502376225974,0.05323464979750463,0.9113869998666665,0.014267320233564482,0.8468459933333332,0.9266569222222221,0.14630516666666665,0.0041336337506566664,0.13528444444444446,0.14897666666666667,0.07396202222326555,0.0007737299658241303,0.07183492321243361,0.07588524965850636,0.0559621692348152,0.013588321864876655,0.05040559930366696,0.10528670829567574,-0.009266255688888784,0.014158415978101099,-0.07306088444444458,0.005928106666666655,0.000561388888888889,0.0030937720728730004,-0.0017922222222222228,0.012396666666666667,6.170264201076081e-05,0.0007773628973426301,-0.0020534560764983167,0.0016902258962466221,0.002727519437310583,0.013588321864876655,-0.002829050493837665,0.052052058498171114
imports,2024-09-29_2024-10-05,random,0.1,100,129,0.9182243888888888,0.14840444444444445,0.07419502376225974,0.05323464979750463,0.906083953088889,0.01653901579109277,0.8340203044444444,0.9248793599999999,0.1468882111111111,0.00353556510193208,0.1350522222222222,0.15124333333333334,0.07400004403104855,0.0010533144900597628,0.07087019544540847,0.07656034959190906,0.0552331531036246,0.01472739420513189,0.04940703383673319,0.10481937916402247,-0.014569302466666571,0.016849828054122162,-0.08755653333333324,0.003602960000000044,0.0011444333333333345,0.0036748206725206625,-0.0018722222222222196,0.013342222222222228,9.97244497937913e-05,0.0010292048968020206,-0.003139383905195331,0.002427725103910941,0.0019985033061199788,0.01472739420513189,-0.003827615960771434,0.05158472936651784
imports,2024-10-06_2024-10-12,baseline,0.0,5,0,0.8797470088888889,0.2266711111111111,0.029863850946534473,0.03237355847383094,0.8854379564444445,0.0037269084205684535,0.8797470088888889,0.8914184311111112,0.22320577777777778,0.006412988456115575,0.21042,0.22678444444444446,0.029760700132257865,6.536014529557349e-05,0.02969363169213607,0.029863850946534473,0.03237355847383094,0.0,0.03237355847383094,0.03237355847383094,0.0,0.0,0.0,0.0,0.0,0.0,0.0,0.0,0.0,0.0,0.0,0.0,0.0,0.0,0.0,0.0
imports,2024-10-06_2024-10-12,important,0.01,5,13,0.8797470088888889,0.2266711111111111,0.029863850946534473,0.03237355847383094,0.8410089800000001,0.01251976814357699,0.8167708444444445,0.8514626711111113,0.22449311111111112,0.006464195304774721,0.21160777777777778,0.2286922222222222,0.028712088449707573,0.00015612665724565357,0.028479135513103875,0.02894456278939508,0.06322912816522677,0.0008371679540193578,0.06251543185448957,0.06484086383079067,-0.044428976444444365,0.01298824630032468,-0.06933155999999996,-0.032568457777777726,0.0012873333333333348,0.0006141349833528234,0.00046000000000001595,0.002007777777777775,-0.0010486116825502872,0.00010472188011523848,-0.0012199288743605444,-0.0009192881571393925,0.030855569691395836,0.0008371679540193579,0.03014187338065863,0.03246730535695973
imports,2024-10-06_2024-10-12,important,0.05,5,65,0.8797470088888889,0.2266711111111111,0.029863850946534473,0.03237355847383094,0.7846840280000001,0.025912989682168173,0.7351269977777778,0.8070538844444446,0.2275106666666667,0.006411215273561687,0.21472777777777777,0.23145333333333334,0.027362518746373743,0.00029407512071507154,0.027034805199045,0.027803254083969154,0.06309937808557665,0.0009830772626503602,0.06169851519458097,0.06424937037057799,-0.10075392844444442,0.02608950169678741,-0.15028104222222216,-0.07904851999999984,0.004304888888888886,0.0009373212685594202,0.003211111111111109,0.006031111111111126,-0.002398181385884118,0.00024914122072259805,-0.0027059481676827354,-0.002060596862565319,0.030725819611745715,0.0009830772626503602,0.02932495672075003,0.03187581189674704
imports,2024-10-06_2024-10-12,important,0.1,5,129,0.8797470088888889,0.2266711111111111,0.029863850946534473,0.03237355847383094,0.7445216444444445,0.03566812081627535,0.6822078955555556,0.7854057066666666,0.22798400000000002,0.006235051163570807,0.21557222222222222,0.23177333333333333,0.02695934375332129,0.00043250349542350077,0.026195427064093234,0.027512954104618962,0.06308945604514674,0.0012102644653266832,0.06177724265414027,0.06485224307077529,-0.14091631200000002,0.03479361392521054,-0.20320014444444434,-0.10069669777777779,0.004778222222222223,0.0007755411014253246,0.0033388888888888912,0.0056288888888889055,-0.0028013563789365697,0.0003814265062595315,-0.0035036373233711844,-0.002350896841915511,0.030715897571315803,0.0012102644653266832,0.02940368418030933,0.03247868459694435
imports,2024-10-06_2024-10-12,random,0.01,100,13,0.8797470088888889,0.2266711111111111,0.029863850946534473,0.03237355847383094,0.8831372907555556,0.008004953845201548,0.8480475822222222,0.8942411155555555,0.22314527777777776,0.00650561986375844,0.20983555555555555,0.22774555555555556,0.029765867538792817,0.0001593111369336941,0.02909769822802806,0.030012158565832794,0.03224071773273714,0.00013101135748562728,0.031847849751578484,0.032725630111454476,-0.0023006656888888864,0.007287086395052003,-0.03646631555555557,0.0073115777777778,-6.0499999999996944e-05,0.0004907282412803685,-0.001301111111111114,0.002323333333333344,5.167406534953047e-06,0.0001361171471621804,-0.000601366159436359,0.00024190428007040202,-0.00013284074109380642,0.00013101135748562728,-0.000525708722252459,0.0003520716376235328
imports,2024-10-06_2024-10-12,random,0.05,100,65,0.8797470088888889,0.2266711111111111,0.029863850946534473,0.03237355847383094,0.8755200168222221,0.011672434354346768,0.8259791422222222,0.8905609288888889,0.22337134444444448,0.006521136652597602,0.20925888888888888,0.22798555555555555,0.029798220548652016,0.0002813338057600555,0.028986492703715463,0.030309132795009238,0.03249550862271373,0.005059747554410708,0.03077185504488194,0.06145322085674761,-0.009917939622222234,0.01192872020553703,-0.06543928888888895,0.005334466666666704,0.00016556666666666859,0.0006444960610554964,-0.0017244444444444451,0.0016966666666666796,3.752041639415699e-05,0.0002781944482239518,-0.0008193571304592889,0.0005296760184115359,0.00012195014888277976,0.005059747554410708,-0.0016017034289490042,0.02907966238291667
imports,2024-10-06_2024-10-12,random,0.1,100,129,0.8797470088888889,0.2266711111111111,0.029863850946534473,0.03237355847383094,0.8662719289999999,0.01575872856248636,0.8039092000000001,0.8887494222222222,0.22343467777777778,0.007298593830904588,0.20155222222222222,0.23059444444444444,0.029844215273325703,0.00042800534147357887,0.028538678612432773,0.030881182389382228,0.033250333568637574,0.008523971623683829,0.029914988715739756,0.06453440391018675,-0.01916602744444445,0.015280504693457934,-0.08060469777777768,0.00019849777777769528,0.00022890000000000188,0.0017189542004039612,-0.00886777777777778,0.003923333333333334,8.351514106783698e-05,0.0004198289854490833,-0.0013251723341017006,0.0011274063399035646,0.0008767750948066227,0.008523971623683829,-0.0024585697580911878,0.032160845436355806
imports,2024-10-13_2024-10-19,baseline,0.0,5,0,0.9159950155555555,0.1849,0.03921775836305608,0.04912734225154622,0.9162797124444444,0.001851274365678515,0.9142066733333335,0.9194416822222222,0.1836211111111111,0.002717976553101569,0.17823,0.18553111111111112,0.03909694502072052,7.396997345168146e-05,0.038990567211891904,0.03921775836305608,0.04912734225154622,0.0,0.04912734225154622,0.04912734225154622,0.0,0.0,0.0,0.0,0.0,0.0,0.0,0.0,0.0,0.0,0.0,0.0,0.0,0.0,0.0,0.0
imports,2024-10-13_2024-10-19,important,0.01,5,13,0.9159950155555555,0.1849,0.03921775836305608,0.04912734225154622,0.8852075444444445,0.008496368724232463,0.8690660555555555,0.8927135111111111,0.18645177777777777,0.0029017774544340454,0.18072888888888888,0.18843444444444443,0.03839718349710256,0.00014514608340084894,0.038232639482528155,0.03866606199948973,0.09598926368646259,0.001361998581310555,0.09492807221932667,0.0986646816098602,-0.031072168000000056,0.007501831449547701,-0.04570788888888888,-0.024267735555555614,0.0028306666666666593,0.0004914767869378592,0.002129999999999993,0.0035344444444444234,-0.0006997615236179588,8.136160657146432e-05,-0.0007711061556253673,-0.000551696363566348,0.04686192143491637,0.001361998581310555,0.04580072996778045,0.049537339358313975
imports,2024-10-13_2024-10-19,important,0.05,5,65,0.9159950155555555,0.1849,0.03921775836305608,0.04912734225154622,0.8284125546666665,0.03250110222347392,0.7664347688888888,0.85489342,0.18861977777777778,0.0028675391781580956,0.1829111111111111,0.19037666666666667,0.036623444665435864,0.0003270366022318647,0.03611144364582812,0.037010521816974465,0.09586813373932312,0.0017076562504381922,0.09343630607843384,0.09791962591780201,-0.08786715777777784,0.03183377964135987,-0.14777190444444466,-0.0600283422222222,0.0049986666666666625,0.0005421559158000934,0.004360000000000003,0.0058633333333333315,-0.002473500355284651,0.00029417203067353185,-0.0029529015337554088,-0.002207236546081612,0.04674079148777689,0.0017076562504381922,0.04430896382688762,0.04879228366625579
imports,2024-10-13_2024-10-19,important,0.1,5,129,0.9159950155555555,0.1849,0.03921775836305608,0.04912734225154622,0.7858195364444445,0.0351858856774489,0.7207974444444444,0.8229681822222222,0.18882911111111111,0.0032262858973373726,0.18239555555555556,0.19082444444444444,0.03594601163647026,0.0004102658133074281,0.03525985140010956,0.03639596954976477,0.09561921486436334,0.0021129305742122197,0.09287751288713651,0.09831066043776848,-0.130460176,0.03444126274274908,-0.19340922888888912,-0.09180576222222214,0.005208000000000002,0.0007085939476992775,0.004165555555555561,0.006388888888888888,-0.0031509333842502595,0.00037724035321408893,-0.0038357363710247033,-0.0027897450677565536,0.046491872612817106,0.0021129305742122197,0.043750170635590294,0.049183318186222263
imports,2024-10-13_2024-10-19,random,0.01,100,13,0.9159950155555555,0.1849,0.03921775836305608,0.04912734225154622,0.9150713508444446,0.0031819542733705977,0.9059780822222222,0.920814908888889,0.18366568888888885,0.002783571102197256,0.17770222222222223,0.18683333333333332,0.039086356009989755,0.00016150063130819978,0.038553252952671195,0.039496764015076534,0.048869940615755995,0.00018931708711785077,0.04843527290812396,0.0494522312180896,-0.0012083616000000152,0.0027225317918934174,-0.008822364444444508,0.004386506666666512,4.457777777777755e-05,0.0005136523126314214,-0.0014477777777777978,0.0023977777777777765,-1.058901073076747e-05,0.00014836382058488535,-0.0005632136252656378,0.0003012180736715539,-0.00025740163579021825,0.00018931708711785077,-0.0006920693434222594,0.0003248889665433824
imports,2024-10-13_2024-10-19,random,0.05,100,65,0.9159950155555555,0.1849,0.03921775836305608,0.04912734225154622,0.9076207770444443,0.008275915212661862,0.8815566199999999,0.91890238,0.18382266666666666,0.0029346799139822496,0.1772211111111111,0.18672111111111112,0.03910683780392815,0.00041285370040448395,0.03787330031580542,0.03994282983759165,0.04887194242817195,0.006571783032169457,0.04658104187952766,0.09626769481866274,-0.008658935400000005,0.008109094507838132,-0.03539947111111108,0.0005586711111108533,0.00020155555555555454,0.000672839881526683,-0.0015222222222222304,0.0018755555555555747,9.892783207621353e-06,0.0003993687125494667,-0.0011172668960864815,0.0008332910850783401,-0.0002553998233742713,0.006571783032169455,-0.002546300372018556,0.04714035256711652
imports,2024-10-13_2024-10-19,random,0.1,100,129,0.9159950155555555,0.1849,0.03921775836305608,0.04912734225154622,0.8988757469111109,0.011418852840316787,0.8426114222222222,0.9169373644444445,0.1839683111111111,0.0031057033337131596,0.17671,0.18734555555555554,0.03912028838813746,0.0005431383300130606,0.03730917579807801,0.040515253929793694,0.05001412001770055,0.012087749147514173,0.04484776917627973,0.09833941290291387,-0.017403965533333343,0.011346166256046772,-0.07436982444444451,0.0009423488888889997,0.00034719999999999863,0.0008197717158897605,-0.0015199999999999936,0.002909999999999996,2.3343367416945664e-05,0.0005300371483858547,-0.0016813914138138902,0.0012974955667376178,0.0008867777661543479,0.012087749147514175,-0.004279573075266489,0.04921207065136765
imports,2024-10-20_2024-10-26,baseline,0.0,5,0,0.9039713866666667,0.15971,0.031841721561126954,0.041125523174465065,0.9023886684444445,0.00329391879059054,0.8981713155555554,0.9076542088888889,0.16142644444444446,0.0031205236502631806,0.1593277777777778,0.16760444444444444,0.03180102171154142,4.622881488167203e-05,0.03172817210129607,0.031858689826449314,0.041125523174465065,0.0,0.041125523174465065,0.041125523174465065,0.0,0.0,0.0,0.0,0.0,0.0,0.0,0.0,0.0,0.0,0.0,0.0,0.0,0.0,0.0,0.0
imports,2024-10-20_2024-10-26,important,0.01,5,13,0.9039713866666667,0.15971,0.031841721561126954,0.041125523174465065,0.869294439111111,0.009778383797587605,0.8499578222222222,0.8769560711111111,0.1635148888888889,0.0029010071133323515,0.16127222222222223,0.1691111111111111,0.031166739065405007,8.258366778381176e-05,0.03105628799584348,0.03130933793626207,0.08026569275431907,0.0012536157028213662,0.07928994634616365,0.08273450467085428,-0.03309422933333339,0.009855515760232495,-0.05229261333333346,-0.025134933333333276,0.0020884444444444427,0.0004776328462349208,0.0015066666666666562,0.0028088888888888885,-0.0006342826461364047,6.575401326867768e-05,-0.0007307205171751437,-0.0005323836248648864,0.03914016957985399,0.001253615702821366,0.03816442317169859,0.04160898149638921
imports,2024-10-20_2024-10-26,important,0.05,5,65,0.9039713866666667,0.15971,0.031841721561126954,0.041125523174465065,0.8108570546666666,0.026495120047486456,0.7601964222222223,0.8362009333333333,0.16608777777777778,0.002870352152869307,0.16413444444444444,0.1717511111111111,0.030084750990048557,0.00016557225357657552,0.029788638810773586,0.03026459232393978,0.08033707566979223,0.0016240809271828552,0.07812307670038623,0.08234956520712239,-0.09153161377777777,0.02531810202654001,-0.13797489333333313,-0.06369506222222232,0.004661333333333334,0.00045539043077829825,0.00414666666666666,0.005470000000000003,-0.0017162707214928546,0.00016826664453713813,-0.0019936752583442838,-0.0015589731245737176,0.03921155249532718,0.0016240809271828552,0.03699755352592117,0.041224042032657324
imports,2024-10-20_2024-10-26,important,0.1,5,129,0.9039713866666667,0.15971,0.031841721561126954,0.041125523174465065,0.7698770377777778,0.026055595707012973,0.7206272755555556,0.79473182,0.1659148888888889,0.0030995397189156606,0.16273333333333334,0.17179777777777777,0.029810265122808842,0.0002679265098343803,0.02928777849134824,0.030037972495167462,0.08025927090450502,0.001951766355282271,0.07800085272204058,0.08260562986253732,-0.13251163066666666,0.023812080132325608,-0.1775440399999998,-0.10751861555555564,0.004488444444444445,0.0008291907701689175,0.00302333333333335,0.005409999999999998,-0.0019907565887325707,0.0002955802276362242,-0.002570911335101074,-0.001756238504549399,0.039133747730039956,0.001951766355282271,0.03687532954757551,0.041480106688072255
imports,2024-10-20_2024-10-26,random,0.01,100,13,0.9039713866666667,0.15971,0.031841721561126954,0.041125523174465065,0.9007132493333333,0.004678412284970837,0.8826581155555555,0.9087334577777776,0.1612949777777778,0.003170042183307757,0.15793444444444443,0.16827777777777778,0.03181538446703751,0.00010670850765744998,0.03149301892461699,0.03206772815576421,0.040946294938760806,0.00016372852064258268,0.040437163665543716,0.04183127861040802,-0.0016754191111111349,0.003518540325201875,-0.01723788000000015,0.004094995555555481,-0.00013146666666666583,0.0004691947627926993,-0.001775555555555558,0.0023466666666666636,1.436275549609678e-05,9.295213113562384e-05,-0.00023515317667907598,0.00022864733159271705,-0.00017922823570426147,0.00016372852064258265,-0.000688359508921349,0.0007057554359429577
imports,2024-10-20_2024-10-26,random,0.05,100,65,0.9039713866666667,0.15971,0.031841721561126954,0.041125523174465065,0.8915253032,0.010947365481832557,0.8528407600000001,0.9037950266666667,0.16108893333333335,0.0032053308564420095,0.15756222222222221,0.16866444444444445,0.0318077652814518,0.0002536037002695112,0.031116606568192276,0.03246469077358665,0.041687195200887726,0.007485838184205576,0.0394752068495684,0.07927988953921933,-0.010863365244444463,0.010665189032389093,-0.05113062666666657,0.002189937777777873,-0.0003375111111111123,0.0007796335182097078,-0.0017655555555555758,0.002188888888888879,6.743569910386653e-06,0.00024695092915548005,-0.0007251149929346778,0.0006060009471373362,0.0005616720264226522,0.007485838184205576,-0.001650316324896664,0.038154366364754264
imports,2024-10-20_2024-10-26,random,0.1,100,129,0.9039713866666667,0.15971,0.031841721561126954,0.041125523174465065,0.8827456475111112,0.013828104606734634,0.8329779333333333,0.9023315644444445,0.1613298333333333,0.0031195673464460326,0.1579188888888889,0.16839,0.031774116040906714,0.0003516835422022242,0.030842746051007112,0.03288912432121757,0.042306864819459486,0.010765156443486143,0.03781377243548059,0.08174164036828341,-0.019643020933333345,0.013738198431481543,-0.0709934533333334,-0.0016398222222221426,-9.661111111111148e-05,0.0011294701081961574,-0.0017911111111111044,0.007273333333333326,-2.6905670634710563e-05,0.00034406947388299417,-0.0008854260502889552,0.001094913321500711,0.0011813416449944223,0.010765156443486145,-0.003311750738984473,0.040616117193818344
imports,2024-10-27_2024-11-02,baseline,0.0,5,0,0.8923031866666666,0.1963,0.022256899043619792,0.03223775796061348,0.8922205599999999,0.002754500159491037,0.8877935022222222,0.8964826444444445,0.19368355555555555,0.004129309833822565,0.18546888888888888,0.1963,0.02225099998358268,0.00010656097842069434,0.022144254992774903,0.022450690680719716,0.03223775796061348,0.0,0.03223775796061348,0.03223775796061348,0.0,0.0,0.0,0.0,0.0,0.0,0.0,0.0,0.0,0.0,0.0,0.0,0.0,0.0,0.0,0.0
imports,2024-10-27_2024-11-02,important,0.01,5,13,0.8923031866666666,0.1963,0.022256899043619792,0.03223775796061348,0.8530409946666666,0.008938905043427777,0.8368109288888889,0.8619372444444444,0.19634555555555555,0.0043600097406165965,0.18767333333333333,0.1993111111111111,0.0217720254441019,7.570060769762867e-05,0.02163641392035584,0.021843879633335065,0.06283475452038753,0.0008980176728561133,0.06202415408734896,0.06457430406471626,-0.03917956533333333,0.008703895585007528,-0.055735351111111164,-0.03141305777777781,0.0026619999999999977,0.000743002052071667,0.0016522222222222216,0.0035855555555555363,-0.00047897453948078097,9.069845953082613e-05,-0.0006068110473846505,-0.000350492642551839,0.030596996559774048,0.0008980176728561133,0.029786396126735476,0.032336546104102776
imports,2024-10-27_2024-11-02,important,0.05,5,65,0.8923031866666666,0.1963,0.022256899043619792,0.03223775796061348,0.7935732462222223,0.02553255157332944,0.7481523222222223,0.8215722422222221,0.19977066666666668,0.004761743253769029,0.19040444444444443,0.20359444444444444,0.021409768584138195,0.0001553840215781691,0.021169404540229073,0.021656533872623993,0.06273677638532546,0.0011892541884398777,0.06117079511815589,0.06431394914169594,-0.09864731377777773,0.023946832679163678,-0.13964117999999992,-0.07040494444444456,0.00608711111111111,0.0013808010915120881,0.004935555555555554,0.008611111111111097,-0.0008412313994444872,0.00019034857589993363,-0.001073461687114103,-0.0005621522080692005,0.030499018424711977,0.0011892541884398777,0.028933037157542404,0.03207619118108246
imports,2024-10-27_2024-11-02,important,0.1,5,129,0.8923031866666666,0.1963,0.022256899043619792,0.03223775796061348,0.7509100324444443,0.02153056911313157,0.7207504822222223,0.7788396666666666,0.20084533333333338,0.004301438484627797,0.19235,0.20384666666666668,0.021431721006367935,0.00019608713446733135,0.021101466435911556,0.021663965777623976,0.06274849621429007,0.0013776624035794981,0.06103607984878835,0.06476612542077002,-0.14131052755555557,0.0194256838770751,-0.16704301999999993,-0.11370661333333343,0.007161777777777783,0.0010116002723957215,0.005721111111111121,0.008581111111111095,-0.000819278977214747,0.00029203798888819023,-0.0013492242448081594,-0.0005481768437359917,0.030510738253676582,0.001377662403579498,0.02879832188817487,0.03252836746015654
imports,2024-10-27_2024-11-02,random,0.01,100,13,0.8923031866666666,0.1963,0.022256899043619792,0.03223775796061348,0.8900700405777779,0.0045831278660917575,0.8676245511111111,0.8981807111111111,0.19374084444444445,0.004117978774611174,0.18486,0.19748666666666667,0.022244731873065717,0.00013273196310670165,0.02200734488482551,0.022547528236329308,0.03237341210047111,0.0029407283692444407,0.03182479906241428,0.061615145259205056,-0.002150519422222217,0.004039272483004386,-0.0202744577777777,0.004791013333333427,5.728888888889117e-05,0.00051960427297495,-0.0013444444444444537,0.0019600000000000173,-6.268110516965339e-06,6.662548286242374e-05,-0.0001843366662806767,0.0002215933930817017,0.0001356541398576218,0.0029407283692444407,-0.0004129588981992005,0.029377387298591573
imports,2024-10-27_2024-11-02,random,0.05,100,65,0.8923031866666666,0.1963,0.022256899043619792,0.03223775796061348,0.8814899985333333,0.009173844420596506,0.8467889155555557,0.8962705866666667,0.19372069999999997,0.004217697899533393,0.18457222222222222,0.19831,0.022248956311054453,0.00021581170998872962,0.021768750558771758,0.022741507153940632,0.032636375368911785,0.005854904125885101,0.03067633782480055,0.06189553902858322,-0.010730561466666675,0.008715360149726516,-0.04575736444444434,0.002920511111111024,3.714444444444603e-05,0.0007572634007715855,-0.0019755555555555637,0.002506666666666657,-2.0436725282307194e-06,0.00019835444442257633,-0.0005115703169049877,0.0004606562418036503,0.0003986174082982993,0.005854904125885101,-0.0015614201358129347,0.029657781067969735
imports,2024-10-27_2024-11-02,random,0.1,100,129,0.8923031866666666,0.1963,0.022256899043619792,0.03223775796061348,0.8691711845777779,0.013776322182344154,0.8226740222222222,0.8892112666666666,0.1939418222222222,0.004344061624281537,0.18394888888888888,0.1985977777777778,0.022213395491990574,0.00034937050105801414,0.021522815374202142,0.02293723944874054,0.03293996972276218,0.008174407577674797,0.029534561302229662,0.06192233984044787,-0.023049375422222226,0.01360360480987691,-0.07380862222222229,-0.0030919200000000258,0.0002582666666666678,0.0011628576478382043,-0.0019288888888888966,0.00699555555555556,-3.760449159210991e-05,0.00032522460648518964,-0.0007388675116904407,0.0006803404051207475,0.0007022117621487004,0.008174407577674797,-0.002703196658383821,0.029684581879834387
imports,2024-11-03_2024-11-09,baseline,0.0,5,0,0.9096242400000001,0.1638188888888889,0.024874354362621674,0.034113286411972255,0.9100809502222222,0.002913218757432253,0.9053070177777778,0.9132188044444445,0.16357022222222223,0.00040473823273449034,0.1628411111111111,0.1638911111111111,0.024898006327784425,3.2351818593103935e-05,0.024874354362621674,0.024961244320796733,0.034113286411972255,0.0,0.034113286411972255,0.034113286411972255,0.0,0.0,0.0,0.0,0.0,0.0,0.0,0.0,0.0,0.0,0.0,0.0,0.0,0.0,0.0,0.0
imports,2024-11-03_2024-11-09,important,0.01,5,13,0.9096242400000001,0.1638188888888889,0.024874354362621674,0.034113286411972255,0.8630845648888888,0.009863191346739202,0.8438654066666667,0.8701318933333333,0.16570355555555555,0.0008544100267594924,0.1644688888888889,0.16673555555555555,0.023832840925161247,7.496774079212654e-05,0.023694710049881423,0.02391215053620003,0.0664271136083588,0.0007777269893697797,0.06564796324845877,0.06790992513018218,-0.04699638533333341,0.011220430407296441,-0.06935339777777783,-0.03985502888888892,0.0021333333333333317,0.0006288268520638548,0.0012244444444444447,0.0029166666666666508,-0.001065165402623177,0.00010514061936271506,-0.0012665342709153107,-0.0009622038264216447,0.03231382719638654,0.0007777269893697799,0.03153467683648652,0.033796638718209926
imports,2024-11-03_2024-11-09,important,0.05,5,65,0.9096242400000001,0.1638188888888889,0.024874354362621674,0.034113286411972255,0.7928564942222222,0.03165507502533503,0.7345987044444444,0.8260725177777777,0.169676,0.0028885612292815677,0.16797222222222222,0.17543777777777778,0.023035377542159167,0.00016475328829695278,0.02283294652826085,0.023223165075577482,0.06652023799242644,0.0011435310051173032,0.06501080905460238,0.06814976953926638,-0.11722445600000009,0.0289962341553792,-0.17070831333333336,-0.0871462866666668,0.006105777777777777,0.0030117256773410724,0.0040877777777777735,0.012022222222222212,-0.0018626287856252561,0.00018968578942475843,-0.002128297792535882,-0.001651868286516308,0.03240695158045419,0.0011435310051173032,0.030897522642630126,0.034036483127294126
imports,2024-11-03_2024-11-09,important,0.1,5,129,0.9096242400000001,0.1638188888888889,0.024874354362621674,0.034113286411972255,0.7699501071111112,0.03516371936836292,0.7153803866666668,0.8084402488888889,0.1707937777777778,0.003440596244623675,0.16705333333333333,0.17719666666666667,0.023022654285226218,0.00031749817250479885,0.022396638643196194,0.02325876849048929,0.06698358934550275,0.001242908395728331,0.0656389384547969,0.06891625947295604,-0.14013084311111113,0.03315163255274786,-0.1938235244444444,-0.104610528888889,0.007223555555555555,0.0035873946941141054,0.0032344444444444287,0.013781111111111105,-0.0018753520425582085,0.0003490739541863025,-0.0025646056776005392,-0.0016162648716044996,0.03287030293353048,0.001242908395728331,0.03152565204282465,0.03480297306098379
imports,2024-11-03_2024-11-09,random,0.01,100,13,0.9096242400000001,0.1638188888888889,0.024874354362621674,0.034113286411972255,0.9077341432000001,0.0059525579246126475,0.8779396711111113,0.9174648444444445,0.1635969777777778,0.0004765496380555376,0.16190666666666667,0.16527444444444445,0.024890789521466162,0.00010018045454375453,0.024569525109140254,0.02532050660167248,0.03423891636517288,0.003081934830303024,0.03354726608209584,0.0648773334764602,-0.0023468070222222737,0.005206407771949554,-0.027367346666666514,0.005918888888889029,2.6755555555555143e-05,0.00044299066902081177,-0.0013500000000000179,0.0018588888888888822,-7.216806318260174e-06,9.414809020792156e-05,-0.00031448545617048657,0.0003744135511649059,0.00012562995320062408,0.003081934830303024,-0.0005660203298764113,0.030764047064487945
imports,2024-11-03_2024-11-09,random,0.05,100,65,0.9096242400000001,0.1638188888888889,0.024874354362621674,0.034113286411972255,0.8994691208444443,0.013830389133376935,0.8168184622222222,0.9162510355555556,0.16386451111111114,0.001111861189266686,0.16161666666666666,0.17272555555555555,0.02487771126716416,0.0002972964508898857,0.023747230735495596,0.02567279202885429,0.03484304789386113,0.006785643833466788,0.032691012275517156,0.06612832741037047,-0.010611829377777835,0.013931000784800689,-0.09640034222222227,0.005962942222222156,0.0002942888888888887,0.00115505926329708,-0.0022022222222222443,0.009309999999999985,-2.029506062026735e-05,0.00029540320370710144,-0.0011278026265981941,0.0007809723801085432,0.0007297614818888744,0.006785643833466788,-0.0014222741364550984,0.03201504099839822
imports,2024-11-03_2024-11-09,random,0.1,100,129,0.9096242400000001,0.1638188888888889,0.024874354362621674,0.034113286411972255,0.8894919825333334,0.018894873966781463,0.7731004266666667,0.9093057733333333,0.16453589999999998,0.0023663241937655114,0.16187222222222222,0.17407666666666666,0.024865022447631537,0.0004575645076075811,0.023323573926979316,0.025705583358612154,0.03501782033899973,0.008806127099774352,0.03152838976433667,0.06624379856136951,-0.02058896768888894,0.018537371455130427,-0.1365238133333334,0.0007007555555554879,0.0009656777777777773,0.0023909322005299222,-0.0012188888888889082,0.010661111111111093,-3.298388015288867e-05,0.00045932753501669874,-0.0015682457217664307,0.0008180034139479708,0.0009045339270274788,0.008806127099774352,-0.0025848966476355872,0.03213051214939726
imports,2024-11-10_2024-11-16,baseline,0.0,5,0,0.8935233177777777,0.15898222222222222,0.020790839993143417,0.028842777982901587,0.8972852644444445,0.0024564430971912026,0.8935233177777777,0.9001874866666667,0.1623315555555556,0.007022738750342034,0.1586811111111111,0.17637555555555556,0.020742643693322706,3.0939279260877074e-05,0.020703167584484768,0.020790839993143417,0.028842777982901587,0.0,0.028842777982901587,0.028842777982901587,0.0,0.0,0.0,0.0,0.0,0.0,0.0,0.0,0.0,0.0,0.0,0.0,0.0,0.0,0.0,0.0
imports,2024-11-10_2024-11-16,important,0.01,5,13,0.8935233177777777,0.15898222222222222,0.020790839993143417,0.028842777982901587,0.8543781551111114,0.010921133707759371,0.8328675133333332,0.8615438977777778,0.16340688888888888,0.007280587087981227,0.1587388888888889,0.17792444444444444,0.019671980202724603,0.00011397002098157129,0.01950892441994243,0.019846572273670468,0.05625655974597934,0.0007056470929678651,0.05559007934803227,0.0576095700628949,-0.04290710933333328,0.011238233187359064,-0.0649337555555557,-0.03319701999999991,0.0010753333333333337,0.000673098382184026,-0.00024333333333331764,0.0015488888888888774,-0.0010706634905980985,9.544443913266426e-05,-0.0012253082511153833,-0.0009442677194729486,0.027413781763077755,0.0007056470929678651,0.026747301365130684,0.028766792079993317
imports,2024-11-10_2024-11-16,important,0.05,5,65,0.8935233177777777,0.15898222222222222,0.020790839993143417,0.028842777982901587,0.7867898266666667,0.03140630534503299,0.7254316355555556,0.8149770466666668,0.16498911111111111,0.007346657202386854,0.1608688888888889,0.17966444444444443,0.018727765601078417,0.0001573320512192989,0.018515338421472675,0.018928459227387635,0.05605161695116795,0.000956706838522071,0.054778107712450494,0.057339942962245996,-0.1104954377777777,0.030710709093650257,-0.17011890888888892,-0.08282422222222208,0.002657555555555552,0.00045988747952858657,0.0020044444444444476,0.003288888888888869,-0.0020148780922442863,0.00014290516510700153,-0.002206728206834572,-0.001862380765755782,0.02720883896826636,0.000956706838522071,0.025935329729548907,0.02849716497934441
imports,2024-11-10_2024-11-16,important,0.1,5,129,0.8935233177777777,0.15898222222222222,0.020790839993143417,0.028842777982901587,0.7587808813333332,0.029755099977659055,0.7242713622222223,0.7951105577777776,0.16625066666666669,0.007376962223999857,0.16199444444444444,0.1809911111111111,0.018547653872794008,0.00028115852148013115,0.018008676507047447,0.018799365994814046,0.05621213818447342,0.0011339950321180936,0.05496836819993996,0.057938385369147735,-0.13850438311111116,0.029036858021895873,-0.17127918222222216,-0.10269071111111128,0.003919111111111112,0.0004359360016457247,0.003239999999999993,0.004615555555555539,-0.0021949898205287006,0.00027061576493863314,-0.002725556164010365,-0.001991473998329371,0.02736936020157183,0.0011339950321180936,0.02612559021703837,0.02909560738624615
imports,2024-11-10_2024-11-16,random,0.01,100,13,0.8935233177777777,0.15898222222222222,0.020790839993143417,0.028842777982901587,0.8953374594222222,0.0053689589802509855,0.8766113488888889,0.9063227577777777,0.16211209999999998,0.007057032190003156,0.15709,0.17672333333333334,0.02074834547025964,9.767498677454521e-05,0.020033434196901678,0.02087487897703986,0.02897742896400138,0.002624511930280743,0.028399878552408005,0.05507440254194425,-0.00194780502222221,0.005018379228840921,-0.02292556444444427,0.007268737777777812,-0.00021945555555555552,0.0004596871855060974,-0.0018922222222222118,0.0007244444444444442,5.701776936931913e-06,9.41145316501363e-05,-0.0007007984741561335,0.000125587397605844,0.00013465098109979184,0.002624511930280743,-0.0004428994304935818,0.02623162455904266
imports,2024-11-10_2024-11-16,random,0.05,100,65,0.8935233177777777,0.15898222222222222,0.020790839993143417,0.028842777982901587,0.8887623788444445,0.013056976071472584,0.8403496533333334,0.9044764933333332,0.1620912,0.007269940075966799,0.15681333333333333,0.17755,0.020754955185917988,0.0001971763589681215,0.02003128720929016,0.021104370083500707,0.028664573746834426,0.0038067606753899226,0.027388077108541745,0.05567368701607352,-0.00852288559999998,0.013533806320252627,-0.057451615555555446,0.007306248888888978,-0.000240355555555557,0.000671715417401825,-0.002168888888888887,0.0011777777777777776,1.2311492595286668e-05,0.00019228365913292743,-0.0006718803751946077,0.0003377969935403763,-0.00017820423606716127,0.0038067606753899226,-0.0014547008743598412,0.02683090903317193
imports,2024-11-10_2024-11-16,random,0.1,100,129,0.8935233177777777,0.15898222222222222,0.020790839993143417,0.028842777982901587,0.8794582477777777,0.01519622198101775,0.822786651111111,0.8990122377777777,0.1620598,0.007220155927285851,0.15666777777777777,0.18157444444444445,0.020777775869647682,0.00031886129084540764,0.019907773352091606,0.02141386673844546,0.029090654849091634,0.0067259496262844646,0.026672525846092195,0.05696940528018676,-0.017827016666666636,0.015568188488247677,-0.07740083555555566,0.003107382222222288,-0.00027175555555555733,0.0008699786031142062,-0.002086666666666681,0.005198888888888892,3.5132176324977895e-05,0.000317712238632378,-0.0008459920461480509,0.0006230267453020445,0.00024787686619005367,0.006725949626284464,-0.002170252136809391,0.028126627297285177
imports,2024-11-17_2024-11-23,baseline,0.0,5,0,0.8936579288888887,0.16891111111111112,0.020606459587995927,0.024527607293849216,0.8969619075555555,0.0026363980349724124,0.8936579288888887,0.9012259022222223,0.16683244444444445,0.0036127675790516797,0.15963,0.16891111111111112,0.020564352214940358,3.32689705406227e-05,0.020533692996070867,0.020606459587995927,0.024527607293849216,0.0,0.024527607293849216,0.024527607293849216,0.0,0.0,0.0,0.0,0.0,0.0,0.0,0.0,0.0,0.0,0.0,0.0,0.0,0.0,0.0,0.0
imports,2024-11-17_2024-11-23,important,0.01,5,13,0.8936579288888887,0.16891111111111112,0.020606459587995927,0.024527607293849216,0.8526744182222222,0.014952358444234785,0.8234039044444443,0.8632438266666667,0.16813,0.0036128332987344423,0.16104333333333334,0.17117,0.019464374797889587,9.378022116971712e-05,0.019336348248028476,0.01962022064744738,0.04795355411773748,0.0007503629427544007,0.04730653785243438,0.049405736688280195,-0.044287489333333305,0.015585064928460785,-0.07485154444444442,-0.033083157777777705,0.0012975555555555518,0.0007379425518809387,0.0001488888888888651,0.0022833333333333317,-0.0010999774170507716,9.430035331542718e-05,-0.001267108001514583,-0.0009862389405485457,0.023425946823888273,0.0007503629427544006,0.022778930558585167,0.02487812939443098
imports,2024-11-17_2024-11-23,important,0.05,5,65,0.8936579288888887,0.16891111111111112,0.020606459587995927,0.024527607293849216,0.7943113466666667,0.025391964832814085,0.7474316288888889,0.8228475155555556,0.16930955555555555,0.0038073977763244697,0.16176555555555555,0.17178555555555555,0.018655537846188425,0.00013820015545727186,0.01846795111309529,0.01881611143222553,0.048036905713607005,0.0010005959461399916,0.04672583748199499,0.04922974681854064,-0.10265056088888888,0.024490128392501448,-0.14755422444444444,-0.07383688888888895,0.002477111111111113,0.0007807987679609809,0.00134999999999999,0.0036766666666666614,-0.0019088143687519363,0.0001393740823201186,-0.0020862870015900224,-0.0017662895787699424,0.023509298419757785,0.0010005959461399916,0.022198230188145776,0.024702139524691427
imports,2024-11-17_2024-11-23,important,0.1,5,129,0.8936579288888887,0.16891111111111112,0.020606459587995927,0.024527607293849216,0.7525052982222221,0.029988050799228356,0.7035926155555555,0.7849673577777777,0.16967666666666664,0.003788050542638026,0.1622288888888889,0.1725077777777778,0.01846375427233373,0.0002892446930415373,0.01792281292730776,0.018765324778786757,0.04806490450104881,0.0011662640114421658,0.04680131626922003,0.04974073237270522,-0.14445660933333332,0.028048715636627686,-0.19139323777777784,-0.11497772444444432,0.002844222222222226,0.0009383382737847779,0.0014633333333333165,0.004398888888888897,-0.002100597942606631,0.0003074842506615255,-0.0026806433222352974,-0.001776417426806537,0.023537297207199603,0.0011662640114421655,0.022273708975370815,0.025213125078856
imports,2024-11-17_2024-11-23,random,0.01,100,13,0.8936579288888887,0.16891111111111112,0.020606459587995927,0.024527607293849216,0.8946161106222221,0.0088233774667644,0.849540871111111,0.9081751422222222,0.16672038888888893,0.0036132511210238707,0.15872777777777777,0.16962222222222223,0.020547542893645864,0.00014553821671843932,0.019871882214501875,0.020779817769176447,0.02466277267195746,0.0022027722158371728,0.024090977329852326,0.04653483936313583,-0.002345796933333325,0.008025458881481784,-0.044117057777777746,0.009919693333333424,-0.00011205555555555608,0.0004057710044159036,-0.0013366666666666804,0.0010866666666666525,-1.6809321294495723e-05,0.0001394614971394876,-0.0007345773734940518,0.00017636151963338828,0.00013516537810824239,0.0022027722158371728,-0.00043662996399689014,0.022007232069286613
imports,2024-11-17_2024-11-23,random,0.05,100,65,0.8936579288888887,0.16891111111111112,0.020606459587995927,0.024527607293849216,0.8862308592888888,0.016695456194049173,0.8115412311111112,0.9058256377777776,0.16670151111111114,0.0036727821947233046,0.1579511111111111,0.16990666666666668,0.020561856545175474,0.0002527535620809899,0.019431410649467587,0.020901789576893943,0.025152872068285325,0.005096157675465987,0.023419940816749772,0.049075223429843925,-0.010731048266666661,0.016851094352635786,-0.08356320000000006,0.010839784444444223,-0.00013093333333333236,0.0006301275144321546,-0.001854444444444464,0.001797777777777787,-2.4956697648844533e-06,0.00025524135906640987,-0.001172045600075472,0.0003524770598853817,0.0006252647744361088,0.005096157675465987,-0.0011076664770994435,0.02454761613599471
imports,2024-11-17_2024-11-23,random,0.1,100,129,0.8936579288888887,0.16891111111111112,0.020606459587995927,0.024527607293849216,0.8751355410222224,0.024077409213039937,0.7759899733333333,0.9040579155555555,0.16696327777777778,0.0037031098288223905,0.15910888888888888,0.1747277777777778,0.02054131792286394,0.0003095031920129776,0.018977260809724204,0.020996112564045148,0.02685083136102506,0.008544140996047677,0.02256591079031034,0.04900626805456279,-0.02182636653333331,0.024433013840080533,-0.12226547555555545,0.00799222666666688,0.0001308333333333339,0.0012531454781892523,-0.0018600000000000005,0.006428888888888873,-2.303429207642059e-05,0.00030680918505495645,-0.0015564321863466637,0.0004543703584518541,0.0023232240671758396,0.008544140996047679,-0.001961696503538876,0.024478660760713575
imports,2024-11-24_2024-11-30,baseline,0.0,5,0,0.9012312444444444,0.16207,0.027625498064862506,0.03427977866670825,0.9046229928888888,0.003995304279975769,0.9011036622222223,0.9114245822222221,0.16159555555555555,0.0007341678753090513,0.16038,0.16236555555555557,0.027642269749090637,7.69655145546462e-05,0.02759184106413256,0.027794236917644242,0.03427977866670825,0.0,0.03427977866670825,0.03427977866670825,0.0,0.0,0.0,0.0,0.0,0.0,0.0,0.0,0.0,0.0,0.0,0.0,0.0,0.0,0.0,0.0
imports,2024-11-24_2024-11-30,important,0.01,5,13,0.9012312444444444,0.16207,0.027625498064862506,0.03427977866670825,0.8607813639999999,0.01470033594884601,0.8334330933333332,0.8750755377777777,0.16344644444444445,0.0005993619652865059,0.16270666666666667,0.16438222222222224,0.026890062139724103,6.75837899906445e-05,0.026802197701968088,0.02698079981019021,0.06691937398929751,0.000842868102488251,0.06609454893168845,0.06853842964172387,-0.043841628888888894,0.012772981546883957,-0.06904748444444453,-0.035355135555555584,0.0018508888888888963,0.0009002247730291065,0.0006366666666666743,0.0028866666666666763,-0.0007522076093665363,0.00010898613962758517,-0.0009411493287998889,-0.0006446982546722962,0.03263959532258925,0.000842868102488251,0.031814770264980204,0.03425865097501562
imports,2024-11-24_2024-11-30,important,0.05,5,65,0.9012312444444444,0.16207,0.027625498064862506,0.03427977866670825,0.8077147897777779,0.024632021665879196,0.7592754311111112,0.8259457666666667,0.16470644444444446,0.000549847296422122,0.16406666666666667,0.16542444444444446,0.026428992646204408,0.00016276996895995738,0.0261801223123287,0.026644997041720728,0.06722479476335516,0.0012497527277737606,0.0656333213722936,0.06899320670120868,-0.09690820311111104,0.023227327484413068,-0.1418282311111111,-0.07891782888888876,0.0031108888888888965,0.000979524046680164,0.0019966666666666744,0.004897777777777779,-0.0012132771028862289,0.00019844694467431543,-0.0014607726897501484,-0.0009468440224118316,0.03294501609664692,0.0012497527277737606,0.031353542705585345,0.03471342803450043
imports,2024-11-24_2024-11-30,important,0.1,5,129,0.9012312444444444,0.16207,0.027625498064862506,0.03427977866670825,0.7636387697777778,0.03263741221992432,0.712818928888889,0.7997984,0.16601755555555556,0.0007649024467776411,0.16519777777777778,0.16713111111111112,0.026414495240229978,0.0003252048114761558,0.02606433156363979,0.026811362961609506,0.06729360319797681,0.0012984685136790135,0.06581695708046922,0.06923627642880666,-0.14098422311111103,0.03108383598736687,-0.1882847333333333,-0.10888745999999994,0.004422000000000009,0.001139891569458892,0.003170000000000006,0.006344444444444458,-0.0012277745088606566,0.00037038868950674194,-0.001707137888078098,-0.0007804781025230537,0.03301382453126857,0.0012984685136790135,0.031537178413760976,0.03495649776209841
imports,2024-11-24_2024-11-30,random,0.01,100,13,0.9012312444444444,0.16207,0.027625498064862506,0.03427977866670825,0.903015179688889,0.00659794934100355,0.8848028888888888,0.9151570488888889,0.16160894444444446,0.0006382276457329138,0.16014111111111112,0.16295777777777778,0.027632844772683556,0.00011986011185347834,0.027394530242322118,0.027961010794467268,0.03409533697971944,0.00010855063492207471,0.03376567931163435,0.03438124713415725,-0.0016078131999999424,0.005540639787359548,-0.02207200888888894,0.0076802666666666575,1.3388888888891671e-05,0.0006154980995046449,-0.0018988888888888944,0.0016200000000000103,-9.424976407076158e-06,8.706962580458174e-05,-0.00020520619900157855,0.0001920378781385748,-0.00018444168698880068,0.00010855063492207471,-0.0005140993550738979,0.00010146846744900351
imports,2024-11-24_2024-11-30,random,0.05,100,65,0.9012312444444444,0.16207,0.027625498064862506,0.03427977866670825,0.8946266490666668,0.011726579585503915,0.8566669,0.9120705022222224,0.1617102,0.0008887315191251059,0.15985222222222223,0.16776888888888888,0.027643296536533028,0.00021176435642898924,0.027211263827079255,0.028304608483322363,0.03408019999326669,0.00437818309684454,0.03280505838864292,0.06523540939727532,-0.009996343822222168,0.01186986776396845,-0.050207997777777735,0.007133306666666894,0.0001146444444444461,0.0009587069658763069,-0.0015588888888889152,0.005698888888888892,1.0267874423881135e-06,0.00019261234111000842,-0.00044712039671521847,0.0005103715656781214,-0.00019957867344155833,0.00437818309684454,-0.0014747202780653265,0.03095563073056707
imports,2024-11-24_2024-11-30,random,0.1,100,129,0.9012312444444444,0.16207,0.027625498064862506,0.03427977866670825,0.8801323960222223,0.02072052028868339,0.8112307955555556,0.9065862088888889,0.16186494444444446,0.0011174028571029017,0.15975555555555557,0.16792666666666667,0.02759569697806468,0.00037648238218483427,0.026699883790859694,0.028262442739574272,0.03449318129113987,0.007729760321803663,0.031877104079930885,0.06615698955785952,-0.02449059686666661,0.02080628409090837,-0.09124978222222213,0.002289317777777855,0.0002693888888888907,0.001062898301524051,-0.0018211111111111067,0.0055611111111111,-4.6572771025962695e-05,0.0003750502572200127,-0.0009189763890660244,0.0006706016754417128,0.0002134026244316145,0.007729760321803663,-0.0024026745867773633,0.031877210891151274
imports,2024-12-01_2024-12-07,baseline,0.0,5,0,0.9119875555555556,0.13444,0.03696946149951143,0.036265015302897344,0.9148434115555556,0.002267205662915982,0.9119875555555556,0.9181772,0.13441644444444445,0.00013943696305737725,0.1342,0.13463666666666665,0.03704852978817223,0.00014698294875676378,0.036923833938475224,0.03733277269287179,0.036265015302897344,0.0,0.036265015302897344,0.036265015302897344,0.0,0.0,0.0,0.0,0.0,0.0,0.0,0.0,0.0,0.0,0.0,0.0,0.0,0.0,0.0,0.0
imports,2024-12-01_2024-12-07,important,0.01,5,13,0.9119875555555556,0.13444,0.03696946149951143,0.036265015302897344,0.8765569066666667,0.01332344494596589,0.8515173911111112,0.8892578733333333,0.1359442222222222,0.00013346178997270008,0.13573,0.13611,0.03690614472858243,0.00011719024772834219,0.03676347178012242,0.03712123751637864,0.07105696030708186,0.0009307206284497299,0.07021232183156989,0.07286341881697142,-0.03828650488888889,0.01195623511742855,-0.061669026666666626,-0.028919326666666745,0.0015277777777777668,0.0002249466329028243,0.001093333333333335,0.0017077777777777525,-0.00014238505958979601,7.198049297832874e-05,-0.00021175321897810157,-3.557594484614873e-05,0.03479194500418452,0.0009307206284497299,0.03394730652867255,0.03659840351407408
imports,2024-12-01_2024-12-07,important,0.05,5,65,0.9119875555555556,0.13444,0.03696946149951143,0.036265015302897344,0.8269875888888889,0.017794229715908813,0.7937322244444444,0.846734451111111,0.1382708888888889,0.0006135037605406586,0.13754777777777777,0.13905444444444445,0.03694696376080669,0.0001641211105604647,0.03669993470866668,0.03718111050934069,0.07193628213904606,0.0013775441038088407,0.07015502436147555,0.07384145105316342,-0.08785582266666676,0.017250420428963513,-0.12047794888888896,-0.07144274888888902,0.003854444444444438,0.000525463228911667,0.003107777777777765,0.004417777777777798,-0.00010156602736554193,0.00016535105105996967,-0.0002843397648839979,0.00013975469843849342,0.03567126683614873,0.001377544103808841,0.03389000905857821,0.03757643575026608
imports,2024-12-01_2024-12-07,important,0.1,5,129,0.9119875555555556,0.13444,0.03696946149951143,0.036265015302897344,0.7790249973333334,0.02416308946676704,0.7476832,0.803686211111111,0.13956755555555556,0.0009330016341800907,0.13863333333333333,0.14095555555555556,0.03711737844743189,0.000368724694199317,0.036587839482044596,0.037550951388200506,0.07206610191721594,0.0013833250833810038,0.07037142007556926,0.07411051950582866,-0.13581841422222224,0.02497378801550871,-0.16652697333333333,-0.11013920888888895,0.005151111111111106,0.0010160171574326534,0.004193333333333327,0.006574444444444438,6.884865925965849e-05,0.0004210928951760997,-0.00038162201746683166,0.0006271174497252813,0.03580108661431859,0.0013833250833810038,0.03410640477267192,0.03784550420293131
imports,2024-12-01_2024-12-07,random,0.01,100,13,0.9119875555555556,0.13444,0.03696946149951143,0.036265015302897344,0.9131377100444444,0.0034515489379063264,0.8955953422222223,0.9191299733333333,0.1348099,0.0005093122958375907,0.13389444444444445,0.13672777777777778,0.037035831257650746,0.00018142101619676083,0.0366973795164524,0.03766034178011519,0.036755442353412056,0.004623430227973808,0.03575135433361436,0.06918069695823359,-0.0017057015111111339,0.0030761599515473897,-0.018614831111111063,0.0029004488888888513,0.0003934555555555508,0.0004991907251977502,-0.0005300000000000027,0.0022877777777777775,-1.2698530521484466e-05,0.00011444853746602188,-0.00027784548264812164,0.00036044770430439244,0.0004904270505147132,0.004623430227973809,-0.0005136609692829863,0.032915681655336246
imports,2024-12-01_2024-12-07,random,0.05,100,65,0.9119875555555556,0.13444,0.03696946149951143,0.036265015302897344,0.9046070002888889,0.007654448311558385,0.8723158533333334,0.9161177644444444,0.13512144444444446,0.0006002854156540129,0.13409555555555555,0.13704777777777777,0.03699571994951982,0.00030514326868808,0.03622965732649948,0.03772170656224984,0.03774181503150762,0.008587581983220861,0.03477114699516963,0.0695919074859711,-0.010236411266666696,0.007493376207267049,-0.044339857777777714,0.000345306666666656,0.0007049999999999943,0.000596076834470682,-0.00032888888888890633,0.0026077777777777644,-5.2809838652408054e-05,0.0002812943648091705,-0.0007455676726010399,0.0006927134698029233,0.0014767997286102763,0.008587581983220861,-0.0014938683077277137,0.03332689218307376
imports,2024-12-01_2024-12-07,random,0.1,100,129,0.9119875555555556,0.13444,0.03696946149951143,0.036265015302897344,0.8927663993777779,0.01416814552198422,0.8329501666666667,0.9171642355555556,0.13537659999999999,0.0009613690574859146,0.1334877777777778,0.13939,0.03701481680661041,0.0003562635552721326,0.036180016899048234,0.03786568536279606,0.0382515049528128,0.010866030958447214,0.03312269112096293,0.07248198592699873,-0.0220770121777778,0.013720153877891193,-0.08023625111111121,-0.0010129644444444308,0.0009601555555555502,0.0009692473218246169,-0.000714444444444462,0.005008888888888868,-3.3712981561826866e-05,0.0003468663842037602,-0.0007784998139724261,0.0008243295518938626,0.0019864896499154684,0.010866030958447214,-0.003142324181934414,0.03621697062410138
imports,2024-12-08_2024-12-14,baseline,0.0,5,0,0.90792692,0.14558222222222222,0.035738026738269216,0.03736688959372516,0.9131095413333334,0.0044249481389117655,0.90792692,0.9197386355555556,0.14689000000000002,0.002260075711612823,0.14558222222222222,0.15140555555555554,0.035782717103101026,0.0001301063648046446,0.03568433463239809,0.036039780550838986,0.03736688959372516,0.0,0.03736688959372516,0.03736688959372516,0.0,0.0,0.0,0.0,0.0,0.0,0.0,0.0,0.0,0.0,0.0,0.0,0.0,0.0,0.0,0.0
imports,2024-12-08_2024-12-14,important,0.01,5,13,0.90792692,0.14558222222222222,0.035738026738269216,0.03736688959372516,0.8717604133333333,0.011674451008739732,0.8558566111111111,0.8870119888888888,0.14816222222222222,0.002567462887562804,0.1460511111111111,0.1530711111111111,0.035378368746696955,9.99614627619552e-05,0.03525287081127808,0.03553458728132399,0.07295197130145722,0.0009845290195211213,0.07207182865108815,0.07485701823332039,-0.041349128000000034,0.008265431548150301,-0.055533900000000025,-0.0327266466666668,0.0012722222222222245,0.0008463962822854649,0.0003011111111111131,0.002675555555555542,-0.00040434835640407727,8.760288801442875e-05,-0.0005051932695149947,-0.000284221175629637,0.03558508170773207,0.0009845290195211213,0.034704939057362987,0.03749012863959523
imports,2024-12-08_2024-12-14,important,0.05,5,65,0.90792692,0.14558222222222222,0.035738026738269216,0.03736688959372516,0.815427676,0.025858120473079123,0.767103308888889,0.8425900577777778,0.14955044444444446,0.0038387293808315364,0.14301444444444444,0.15499222222222223,0.034923840415996554,0.000173244277086805,0.0346245598359808,0.03514862418804165,0.07308210606717554,0.0013327464075820613,0.0713242625847059,0.07485378363552,-0.0976818653333333,0.0241361370501693,-0.14267089999999982,-0.0741273733333333,0.002660444444444454,0.002802110456842429,-0.002871111111111102,0.00482888888888891,-0.000858876687104472,0.0002056345228232165,-0.0011150083606377217,-0.0005632512093386721,0.03571521647345038,0.0013327464075820613,0.033957372990980735,0.037486894041794845
imports,2024-12-08_2024-12-14,important,0.1,5,129,0.90792692,0.14558222222222222,0.035738026738269216,0.03736688959372516,0.7738117164444445,0.023250873011863574,0.7350697266666667,0.7979161088888889,0.14948622222222221,0.00446520615149051,0.1440722222222222,0.15697222222222224,0.034961080765603426,0.0002882098712145308,0.034612311781968344,0.03538376684298582,0.07322325946325148,0.0014857107366646072,0.07157742486662629,0.07543834369896153,-0.1392978248888889,0.02147625962612111,-0.17470448222222212,-0.11347440222222227,0.0025962222222222276,0.002883696239204123,-0.001677777777777778,0.005566666666666692,-0.0008216363374976027,0.00038972445158730654,-0.001427468768870642,-0.0003281085543945031,0.035856369869526325,0.0014857107366646072,0.034210535272901126,0.03807145410523637
imports,2024-12-08_2024-12-14,random,0.01,100,13,0.90792692,0.14558222222222222,0.035738026738269216,0.03736688959372516,0.9106517972888889,0.008037398654651053,0.8687375688888889,0.9224282755555555,0.14699677777777775,0.00231109974623274,0.14465111111111112,0.15211555555555556,0.035772810613160455,0.00018572559937069593,0.03541533684502672,0.036403521948257425,0.037521361830077746,0.0034376973300998836,0.03682583785843201,0.07170607731222844,-0.0024577440444444364,0.00655952688061408,-0.04103663999999996,0.006388364444444572,0.00010677777777778563,0.000390122029025361,-0.0009311111111111048,0.001496666666666674,-9.906489940569377e-06,0.00011147522645694568,-0.00029653855235359933,0.0003637413974184392,0.00015447223635259001,0.003437697330099883,-0.0005410517352931465,0.034339187718503285
imports,2024-12-08_2024-12-14,random,0.05,100,65,0.90792692,0.14558222222222222,0.035738026738269216,0.03736688959372516,0.9027394195111111,0.01148259168301207,0.8597476711111111,0.9185062444444445,0.14683263333333335,0.0023316389967648443,0.1430722222222222,0.15321333333333334,0.03576131018141067,0.00028641689515848483,0.0352469320083761,0.03638939629441843,0.037389712740384565,0.005884589977661525,0.03540376899857459,0.07088641393450103,-0.010370121822222203,0.011422491611262919,-0.05374353333333348,0.007240111111111114,-5.736666666665891e-05,0.0006597051839671172,-0.0025100000000000122,0.00183888888888889,-2.14069216903591e-05,0.00027412166533689143,-0.0005777301859459516,0.0006513695561492158,2.2823146659407893e-05,0.005884589977661525,-0.0019631205951505665,0.03351952434077587
imports,2024-12-08_2024-12-14,random,0.1,100,129,0.90792692,0.14558222222222222,0.035738026738269216,0.03736688959372516,0.8954092675333335,0.012770503850118471,0.8417483377777778,0.9165508933333333,0.14673081111111114,0.002537472713980887,0.14024333333333333,0.1526788888888889,0.03580216180548561,0.00044397535695047964,0.03490075091244943,0.036963678420028956,0.03829946744232375,0.009843543971725639,0.03471959720552732,0.0751774022208839,-0.0177002738,0.012100375690062696,-0.06802587111111102,0.005243462222222273,-0.00015918888888888122,0.0013273982893773743,-0.005613333333333331,0.002081111111111117,1.9444702384582153e-05,0.0004080154227728811,-0.0008111244849308905,0.0012256516817597402,0.0009325778485985902,0.009843543971725639,-0.0026472923881978375,0.03781051262715874
