seed,feature_group,density_bin,perturbation_type,strength,trial_id,n_samples,n_masked_features,baseline_auc,perturbed_auc,delta_auc,auc_drop,flip_rate,benign_to_malware_rate_overall,malware_to_benign_rate_overall,benign_to_malware_rate_cond,malware_to_benign_rate_cond,mean_abs_probability_shift,mean_signed_probability_shift,mean_margin_shift
13,header,high_density,important,0.01,0,120000,1,0.9941286491267235,0.9927811348072231,0.0013475143195004202,0.0013475143195004202,0.022766666666666668,0.011225,0.0,0.038761474489942736,0.0,0.05708630700397343,0.05708630700397343,-0.04461065948714706
13,header,mid_density,important,0.01,0,239999,1,0.9359613566176546,0.8013778823314629,0.13458347428619166,0.13458347428619166,0.25826357609823375,0.23555098146242276,0.0,0.3622476114802735,0.0,0.22057415069881287,0.22057415069881287,-0.11196037696273003
13,header,low_density,important,0.01,0,120001,1,0.8888486278261423,0.7844322180542681,0.10441640977187416,0.10441640977187416,0.18567345272122732,0.15147373771885234,0.0,0.3695263264891238,0.0,0.13887578018305824,0.13887578018305824,-0.038442156120294904
13,header,high_density,random,0.01,1,120000,1,0.9941286491267235,0.994148366337399,-1.9717210675507246e-05,-1.9717210675507246e-05,0.0,0.0,0.0,0.0,0.0,0.0039515137798235515,0.0039515137798235515,0.0030970672589463455
13,header,mid_density,random,0.01,1,239999,1,0.9359613566176546,0.9359305815381069,3.077507954762915e-05,3.077507954762915e-05,0.00860420251751049,0.004987520781336589,0.0,0.007670176023170724,0.0,0.00799367240844181,0.00799367240844181,0.0009759981424721776
13,header,low_density,random,0.01,1,120001,1,0.8888486278261423,0.8869939594706765,0.0018546683554657717,0.0018546683554657717,0.008808259931167241,0.0037749685419288174,0.0,0.009209188859524294,0.0,0.008998074238884768,0.008998074238884768,0.0015009085648293762
13,header,high_density,random,0.01,2,120000,1,0.9941286491267235,0.994023020681948,0.00010562844477546296,0.00010562844477546296,0.004075,0.0,0.0029,0.0,0.004082159321516968,0.02018962258498268,-0.02018962258498268,-0.007696362517183604
13,header,mid_density,random,0.01,2,239999,1,0.9359613566176546,0.9360501951829424,-8.883856528785206e-05,-8.883856528785206e-05,0.03435430980962421,0.0,0.02217509239621832,0.0,0.0634024303073624,0.03229862528808527,-0.03229862528808527,0.00449046278224638
13,header,low_density,random,0.01,2,120001,1,0.8888486278261423,0.888954635443423,-0.00010600761728074559,-0.00010600761728074559,0.04492462562811977,0.0,0.02788310097415855,0.0,0.0472525455084662,0.03655186320503913,-0.03655186320503913,-0.0044156786094259205
13,header,high_density,random,0.01,3,120000,1,0.9941286491267235,0.9926653034519178,0.0014633456748056606,0.0014633456748056606,0.022658333333333332,0.013941666666666666,0.0,0.04814249949641737,0.0,0.014031318507077508,0.014031318507077508,-0.005294193906719379
13,header,mid_density,random,0.01,3,239999,1,0.9359613566176546,0.937371478196353,-0.0014101215786984644,-0.0014101215786984644,0.01543339763915683,0.00395418314242976,0.0,0.006081033455295754,0.0,0.013400611224198796,0.013400611224198796,-0.005978336303201082
13,header,low_density,random,0.01,3,120001,1,0.8888486278261423,0.8852914451837064,0.0035571826424358743,0.0035571826424358743,0.02276647694602545,0.009449921250656244,0.0,0.02305346615165684,0.0,0.015486388449945385,0.015486388449945385,-0.00017766679769100945
13,header,high_density,random,0.01,4,120000,1,0.9941286491267235,0.9941693807685194,-4.0731641795854756e-05,-4.0731641795854756e-05,0.3129416666666667,0.274525,0.0,0.9479727202094904,0.0,0.3295204589012126,0.3295204589012126,0.07467440772247565
13,header,mid_density,random,0.01,4,239999,1,0.9359613566176546,0.9326511640194949,0.003310192598159678,0.003310192598159678,0.6617277571989884,0.5794690811211713,0.0,0.8911501419334995,0.0,0.6458800668114492,0.6458800668114492,0.1298510836553568
13,header,low_density,random,0.01,4,120001,1,0.8888486278261423,0.8798058469104277,0.009042780915714532,0.009042780915714532,0.4196631694735877,0.3102140815493204,0.0,0.7567798332994511,0.0,0.44106896769406295,0.44106896769406295,0.15101332131157882
13,header,high_density,random,0.01,5,120000,1,0.9941286491267235,0.9940412077598428,8.74413668806584e-05,8.74413668806584e-05,0.030883333333333332,0.013941666666666666,0.0,0.04814249949641737,0.0,0.027038544322631294,0.027038544322631294,0.010614004230406227
13,header,mid_density,random,0.01,5,239999,1,0.9359613566176546,0.9358209416386684,0.00014041497898620303,0.00014041497898620303,0.04815020062583594,0.024958437326822194,0.0,0.03838291928052852,0.0,0.05091835780573965,0.05091835780573965,-0.0055067889599317525
13,header,low_density,random,0.01,5,120001,1,0.8888486278261423,0.8890978979577614,-0.00024927013161912814,-0.00024927013161912814,0.05559953667052774,0.02462479479337672,0.0,0.060073185606830656,0.0,0.05406868125709063,0.05406868125709063,0.00982896015697439
13,header,high_density,random,0.01,6,120000,1,0.9941286491267235,0.9927811348072231,0.0013475143195004202,0.0013475143195004202,0.022766666666666668,0.011225,0.0,0.038761474489942736,0.0,0.05708630700397343,0.05708630700397343,-0.04461065948714706
13,header,mid_density,random,0.01,6,239999,1,0.9359613566176546,0.8013778823314629,0.13458347428619166,0.13458347428619166,0.25826357609823375,0.23555098146242276,0.0,0.3622476114802735,0.0,0.22057415069881287,0.22057415069881287,-0.11196037696273003
13,header,low_density,random,0.01,6,120001,1,0.8888486278261423,0.7844322180542681,0.10441640977187416,0.10441640977187416,0.18567345272122732,0.15147373771885234,0.0,0.3695263264891238,0.0,0.13887578018305824,0.13887578018305824,-0.038442156120294904
13,header,high_density,random,0.01,7,120000,1,0.9941286491267235,0.9941286491267235,0.0,0.0,0.0,0.0,0.0,0.0,0.0,0.0,0.0,0.0
13,header,mid_density,random,0.01,7,239999,1,0.9359613566176546,0.9359613566176546,0.0,0.0,0.0,0.0,0.0,0.0,0.0,0.0,0.0,0.0
13,header,low_density,random,0.01,7,120001,1,0.8888486278261423,0.8888293469541765,1.928087196578776e-05,1.928087196578776e-05,4.999958333680553e-05,2.4999791668402765e-05,0.0,6.0988005692213864e-05,0.0,7.138804927159489e-05,7.138804927159489e-05,-4.609110116517446e-05
13,header,high_density,random,0.01,8,120000,1,0.9941286491267235,0.9873915521303012,0.0067370969964223315,0.0067370969964223315,0.028283333333333334,0.020308333333333334,0.0,0.07012747834594688,0.0,0.021095723907810705,0.021095723907810705,-0.006825704884047376
13,header,mid_density,random,0.01,8,239999,1,0.9359613566176546,0.9326710605163362,0.0032902961013183685,0.0032902961013183685,0.016762569844041016,0.008450035208480035,0.0,0.01299508519213887,0.0,0.022622994908540545,0.022622994908540545,-0.015446041645384793
13,header,low_density,random,0.01,8,120001,1,0.8888486278261423,0.8883450553985797,0.0005035724275626041,0.0005035724275626041,0.014116549028758094,0.006433279722668978,0.0,0.0156942467981297,0.0,0.01722097401894997,0.01722097401894997,-0.0037907525172802535
13,header,high_density,random,0.01,9,120000,1,0.9941286491267235,0.9939814951128854,0.00014715401383813553,0.00014715401383813553,0.0,0.0,0.0,0.0,0.0,0.0012662664984437707,-0.0012662664984437707,-0.0011252144237284924
13,header,mid_density,random,0.01,9,239999,1,0.9359613566176546,0.9360763375992844,-0.00011498098162987525,-0.00011498098162987525,0.00019166746528110533,0.0,0.00010833378472410302,0.0,0.0003097450559923755,0.0007320975946057236,-0.0007320975946057236,-0.0001047101179505707
13,header,low_density,random,0.01,9,120001,1,0.8888486278261423,0.8890214405254233,-0.00017281269928104415,-0.00017281269928104415,0.0025999783335138873,0.0,0.0014999875001041657,0.0,0.0025419779412803097,0.003039160161447576,-0.003039160161447576,0.00012812224356874348
13,header,high_density,random,0.01,10,120000,1,0.9941286491267235,0.9941286491267234,1.1102230246251565e-16,1.1102230246251565e-16,0.0,0.0,0.0,0.0,0.0,3.234874405650771e-08,3.234874405650771e-08,3.234874405650771e-08
13,header,mid_density,random,0.01,10,239999,1,0.9359613566176546,0.9359613566176547,-1.1102230246251565e-16,-1.1102230246251565e-16,0.0,0.0,0.0,0.0,0.0,7.930831866335269e-08,7.930831866335269e-08,7.930831866335269e-08
13,header,low_density,random,0.01,10,120001,1,0.8888486278261423,0.888910982106938,-6.235428079570671e-05,-6.235428079570671e-05,0.0007249939583836801,0.00023333138890509246,0.0,0.0005692213864606627,0.0,0.00042457192282332286,0.00042457192282332286,5.4658486418681894e-05
13,header,high_density,random,0.01,11,120000,1,0.9941286491267235,0.9941286491267234,1.1102230246251565e-16,1.1102230246251565e-16,0.0,0.0,0.0,0.0,0.0,3.234874405650771e-08,3.234874405650771e-08,3.234874405650771e-08
13,header,mid_density,random,0.01,11,239999,1,0.9359613566176546,0.9359613566176547,-1.1102230246251565e-16,-1.1102230246251565e-16,0.0,0.0,0.0,0.0,0.0,7.930831866335269e-08,7.930831866335269e-08,7.930831866335269e-08
13,header,low_density,random,0.01,11,120001,1,0.8888486278261423,0.888910982106938,-6.235428079570671e-05,-6.235428079570671e-05,0.0007249939583836801,0.00023333138890509246,0.0,0.0005692213864606627,0.0,0.00042457192282332286,0.00042457192282332286,5.4658486418681894e-05
13,header,high_density,random,0.01,12,120000,1,0.9941286491267235,0.9926653034519178,0.0014633456748056606,0.0014633456748056606,0.022658333333333332,0.013941666666666666,0.0,0.04814249949641737,0.0,0.014031318507077508,0.014031318507077508,-0.005294193906719379
13,header,mid_density,random,0.01,12,239999,1,0.9359613566176546,0.937371478196353,-0.0014101215786984644,-0.0014101215786984644,0.01543339763915683,0.00395418314242976,0.0,0.006081033455295754,0.0,0.013400611224198796,0.013400611224198796,-0.005978336303201082
13,header,low_density,random,0.01,12,120001,1,0.8888486278261423,0.8852914451837064,0.0035571826424358743,0.0035571826424358743,0.02276647694602545,0.009449921250656244,0.0,0.02305346615165684,0.0,0.015486388449945385,0.015486388449945385,-0.00017766679769100945
13,header,high_density,random,0.01,13,120000,1,0.9941286491267235,0.9938227346385278,0.0003059144881957243,0.0003059144881957243,0.0056,0.000375,0.0,0.0012949267646974187,0.0,0.013407675419288124,0.013407675419288124,0.0028079321877382186
13,header,mid_density,random,0.01,13,239999,1,0.9359613566176546,0.9332300166077074,0.0027313400099471252,0.0027313400099471252,0.021012587552448135,0.012445885191188296,0.0,0.019140196976784422,0.0,0.024139558005813348,0.024139558005813348,-0.009363092111619079
13,header,low_density,random,0.01,13,120001,1,0.8888486278261423,0.8848854717095228,0.0039631561166194595,0.0039631561166194595,0.027824768126932277,0.014766543612136565,0.0,0.03602358202886766,0.0,0.023954313565951842,0.023954313565951842,0.0025109283009325787
13,header,high_density,random,0.01,14,120000,1,0.9941286491267235,0.9932682824346523,0.000860366692071235,0.000860366692071235,0.10795833333333334,0.0,0.09905833333333333,0.0,0.13943858578986265,0.13316242233894873,-0.13316242233894873,-0.05830976465057456
13,header,mid_density,random,0.01,14,239999,1,0.9359613566176546,0.9268567699395435,0.009104586678111093,0.009104586678111093,0.1773215721732174,0.0,0.13220471751965635,0.0,0.377996187753157,0.14657745175986042,-0.14657745175986042,0.03483515117032429
13,header,low_density,random,0.01,14,120001,1,0.8888486278261423,0.8754305060647671,0.013418121761375135,0.013418121761375135,0.24151465404454964,0.0,0.18027349772085233,0.0,0.3055033822428719,0.1882593130887954,-0.1882593130887954,0.006379616127218671
13,header,high_density,random,0.01,15,120000,1,0.9941286491267235,0.9941286491267234,1.1102230246251565e-16,1.1102230246251565e-16,0.0,0.0,0.0,0.0,0.0,4.417064886833947e-08,-4.417064886833947e-08,-4.417064886833947e-08
13,header,mid_density,random,0.01,15,239999,1,0.9359613566176546,0.9359624223760011,-1.065758346574519e-06,-1.065758346574519e-06,0.0,0.0,0.0,0.0,0.0,2.7189168971189024e-06,-2.7189168971189024e-06,-2.7189168971189024e-06
13,header,low_density,random,0.01,15,120001,1,0.8888486278261423,0.8886210949333274,0.00022753289281485234,0.00022753289281485234,0.00010833243056307865,0.0,0.00010833243056307865,0.0,0.00018358729575913347,0.0003704093308449264,-0.0003704093308449264,-0.00019649542685996955
13,header,high_density,random,0.01,16,120000,1,0.9941286491267235,0.994058880742828,6.976838389549656e-05,6.976838389549656e-05,0.04985833333333333,0.0,0.046441666666666666,0.0,0.06537320085866109,0.04573934258402551,-0.04573934258402551,-0.019280349397695653
13,header,mid_density,random,0.01,16,239999,1,0.9359613566176546,0.9359930049304754,-3.1648312820875546e-05,-3.1648312820875546e-05,0.07607948366451527,0.0,0.04960854003558348,0.0,0.14183940910173934,0.06647605585177571,-0.06647605585177571,0.009329178536275169
13,header,low_density,random,0.01,16,120001,1,0.8888486278261423,0.8878565378355181,0.0009920899906241676,0.0009920899906241676,0.11541570486912608,0.0,0.08274931042241315,0.0,0.1402324497606304,0.07963334198377545,-0.07963334198377545,-0.00738772550130573
13,header,high_density,random,0.01,17,120000,1,0.9941286491267235,0.9941286491267235,0.0,0.0,0.0,0.0,0.0,0.0,0.0,0.0,0.0,0.0
13,header,mid_density,random,0.01,17,239999,1,0.9359613566176546,0.9357357697523363,0.00022558686531826133,0.00022558686531826133,0.0002791678298659578,0.0002625010937545573,0.0,0.0004036934749037223,0.0,0.00041940413684748816,0.00041940413684748816,-0.00034322655530705996
13,header,low_density,random,0.01,17,120001,1,0.8888486278261423,0.8883795720035722,0.0004690558225700636,0.0004690558225700636,0.000566661944483796,0.0004916625694785877,0.0,0.0011994307786135393,0.0,0.0004834868311965257,0.0004834868311965257,-0.00012162538268370893
13,header,high_density,random,0.01,18,120000,1,0.9941286491267235,0.9941286491267235,0.0,0.0,0.0,0.0,0.0,0.0,0.0,7.399494198003639e-07,-7.399494198003639e-07,-7.399494198003639e-07
13,header,mid_density,random,0.01,18,239999,1,0.9359613566176546,0.9359613566176547,-1.1102230246251565e-16,-1.1102230246251565e-16,0.0,0.0,0.0,0.0,0.0,7.367678153241131e-07,-7.367678153241131e-07,-7.367678153241131e-07
13,header,low_density,random,0.01,18,120001,1,0.8888486278261423,0.8883809747394739,0.000467653086668407,0.000467653086668407,0.000566661944483796,0.0,0.0005416621528153932,0.0,0.0009179364787956673,0.0004781191082846911,-0.0004781191082846911,8.060941900593708e-05
13,header,high_density,random,0.01,19,120000,1,0.9941286491267235,0.9941286491267235,0.0,0.0,0.0,0.0,0.0,0.0,0.0,3.0006894129389987e-09,-3.0006894129389987e-09,-3.0006894129389987e-09
13,header,mid_density,random,0.01,19,239999,1,0.9359613566176546,0.9358728461541772,8.85104634773537e-05,8.85104634773537e-05,0.0002916678819495081,0.0,0.0002916678819495081,0.0,0.0008339289969025494,0.0001179891556635511,-0.0001179891556635511,-3.252198579232642e-05
13,header,low_density,random,0.01,19,120001,1,0.8888486278261423,0.8892904709741487,-0.00044184314800643776,-0.00044184314800643776,0.00019166506945775453,0.0,1.6666527778935175e-05,0.0,2.8244199347558994e-05,0.00025672655350268984,-0.00025672655350268984,-0.00013559537207984788
13,header,high_density,random,0.01,20,120000,1,0.9941286491267235,0.9941286491267235,0.0,0.0,0.0,0.0,0.0,0.0,0.0,5.2604180606457354e-05,5.2604180606457354e-05,5.2604180606457354e-05
13,header,mid_density,random,0.01,20,239999,1,0.9359613566176546,0.9358517374058827,0.00010961921177188305,0.00010961921177188305,0.00071666965279022,0.000287501197921658,0.0,0.0004421404725136006,0.0,0.0004556023331267733,0.0004556023331267733,-0.00011323558107580523
13,header,low_density,random,0.01,20,120001,1,0.8888486278261423,0.8878632377224887,0.0009853901036536161,0.0009853901036536161,0.00214164881959317,0.001374988541762152,0.0,0.0033543403130717625,0.0,0.0016252808559188562,0.0016252808559188562,0.00018171935389069176
13,header,high_density,important,0.05,0,120000,4,0.9941286491267235,0.993054140132569,0.0010745089941545105,0.0010745089941545105,0.12960833333333333,0.0,0.109125,0.0,0.1536088399863928,0.1944596337695449,-0.18503123004249794,-0.08946488306921026
13,header,mid_density,important,0.05,0,239999,4,0.9359613566176546,0.7558394444127615,0.18012191220489304,0.18012191220489304,0.23353013970891545,0.01365005687523698,0.1650673544473102,0.02099206069499356,0.4719561591613057,0.22031787896304328,-0.12379400126027841,-0.0028161897113244934
13,header,low_density,important,0.05,0,120001,4,0.8888486278261423,0.7243687476711202,0.16447988015502202,0.16447988015502202,0.3610053249556254,0.019366505279122675,0.2636894692544229,0.04724537507623501,0.44686559997740466,0.2916327822603085,-0.22434358742660068,-0.018530182147797346
13,header,high_density,random,0.05,1,120000,4,0.9941286491267235,0.9931730536944532,0.0009555954322703064,0.0009555954322703064,0.10745833333333334,0.0,0.09875833333333334,0.0,0.13901629344625743,0.12620971580315143,-0.12620971580315143,-0.05214249922734654
13,header,mid_density,random,0.05,1,239999,4,0.9359613566176546,0.9270312297944573,0.00893012682319727,0.00893012682319727,0.17657990241626007,0.0,0.13152554802311675,0.0,0.37605432451751253,0.14566187617525633,-0.14566187617525633,0.03510941894790953
13,header,low_density,random,0.05,1,120001,4,0.8888486278261423,0.8740254538975328,0.014823173928609434,0.014823173928609434,0.2462312814059883,0.0,0.1851901234156382,0.0,0.3138354210504018,0.18982764812993733,-0.1898255644003784,0.005896387159754828
13,header,high_density,random,0.05,2,120000,4,0.9941286491267235,0.9922727091189136,0.0018559400078098642,0.0018559400078098642,0.021475,0.004208333333333333,6.666666666666667e-05,0.0145319559149377,9.384274302337857e-05,0.0750499378177886,0.06342493446781912,-0.05049898915795229
13,header,mid_density,random,0.05,2,239999,4,0.9359613566176546,0.7965902265939654,0.13937113002368917,0.13937113002368917,0.3035304313767974,0.25225521773007387,0.012120883837015987,0.3879366137166072,0.03465570645699309,0.2519649510044481,0.23147938688788441,-0.11094932185791369
13,header,low_density,random,0.05,2,120001,4,0.8888486278261423,0.7897742113113804,0.0990744165147619,0.0990744165147619,0.2064816126532279,0.14928208931592238,0.01157490354247048,0.36417971132343974,0.019615596446879723,0.16077508389805636,0.13717969544594372,-0.0363557180677523
13,header,high_density,random,0.05,3,120000,4,0.9941286491267235,0.9894831254977179,0.00464552362900561,0.00464552362900561,0.10111666666666666,0.0,0.09304166666666666,0.0,0.13096927823200272,0.12664309105482702,-0.12233987408085938,-0.06430996455307016
13,header,mid_density,random,0.05,3,239999,4,0.9359613566176546,0.9245015156753968,0.011459840942257715,0.011459840942257715,0.17265071937799742,5.0000208334201394e-05,0.12806303359597332,7.689399521975663e-05,0.36615439599714084,0.14144321437016177,-0.13789080382259353,0.029368644947522705
13,header,low_density,random,0.05,3,120001,4,0.8888486278261423,0.8710128213133312,0.017835806512811025,0.017835806512811025,0.23143973800218332,0.00030833076391030074,0.17219856501195824,0.0007521854035373043,0.2918190676589795,0.17706401470482372,-0.17467115426624968,0.0027420525127154027
13,header,high_density,random,0.05,4,120000,4,0.9941286491267235,0.9935762992098452,0.0005523499168782475,0.0005523499168782475,0.033141666666666666,0.014816666666666667,0.0,0.05116399528071135,0.0,0.021467888253139764,0.021467886054574614,0.004077382033743871
13,header,mid_density,random,0.05,4,239999,4,0.9359613566176546,0.9353174223864364,0.0006439342312181129,0.0006439342312181129,0.055912732969720706,0.02945845607690032,0.0,0.045303378850306615,0.0,0.04742826593983727,0.04738064507827808,-0.008016088117619563
13,header,low_density,random,0.05,4,120001,4,0.8888486278261423,0.8858339815723508,0.003014646253791442,0.003014646253791442,0.039258006183281804,0.015883200973325223,0.00039999666669444424,0.038747712949786545,0.0006778607843414159,0.037171002718078015,0.036133803493024585,0.004781843589005313
13,header,high_density,random,0.05,5,120000,4,0.9941286491267235,0.9938228976771629,0.0003057514495605762,0.0003057514495605762,0.0056,0.000375,0.0,0.0012949267646974187,0.0,0.013498933982809795,0.013498931121969204,0.002848263648631979
13,header,mid_density,random,0.05,5,239999,4,0.9359613566176546,0.9331394131783547,0.0028219434392998677,0.0028219434392998677,0.02117508822953429,0.0125625523439681,0.0,0.019319616298963855,0.0,0.02486563245858859,0.024857453420731243,-0.009413545476553594
13,header,low_density,random,0.05,5,120001,4,0.8888486278261423,0.884704639070124,0.004143988756018291,0.004143988756018291,0.030391413404888292,0.015808201598320012,2.4999791668402765e-05,0.0385647489327099,4.236629902133849e-05,0.026151198754318757,0.02602660814849378,0.0027125557777623634
13,header,high_density,random,0.05,6,120000,4,0.9941286491267235,0.9892664393878613,0.0048622097388622,0.0048622097388622,0.08340833333333333,0.044991666666666666,0.0,0.15536243561336363,0.0,0.09157732483049275,0.09128589380156625,0.05974514220765847
13,header,mid_density,random,0.05,6,239999,4,0.9359613566176546,0.9283991987640812,0.007562157853573392,0.007562157853573392,0.3315805482522844,0.25293022054258557,0.0,0.3889746826520739,0.0,0.29001585838856364,0.28780246412494637,0.013233398954110739
13,header,low_density,random,0.05,6,120001,4,0.8888486278261423,0.8848999674606037,0.003948660365538537,0.003948660365538537,0.25493120890659243,0.1562653644552962,0.0,0.38121569424679813,0.0,0.25424548427691246,0.2520568825083277,0.0658221269523027
13,header,high_density,random,0.05,7,120000,4,0.9941286491267235,0.990032742238967,0.0040959068877565175,0.0040959068877565175,0.6487416666666667,0.0,0.639675,0.0,0.9004328496521954,0.46679195901953663,-0.46679186998067357,-0.0939909489841624
13,header,mid_density,random,0.05,7,239999,4,0.9359613566176546,0.9332541296479386,0.0027072269697159257,0.0027072269697159257,0.2849386872445302,0.0,0.23137179738248909,0.0,0.6615320467000239,0.2759688127720208,-0.2759685948515529,0.1114371746200361
13,header,low_density,random,0.05,7,120001,4,0.8888486278261423,0.8865643507865365,0.0022842770396057643,0.0022842770396057643,0.45965450287914267,0.0,0.3773218556512029,0.0,0.6394345511290619,0.4073632642159314,-0.40708334097682675,0.09442333749552156
13,header,high_density,random,0.05,8,120000,4,0.9941286491267235,0.9941501506484247,-2.1501521701217108e-05,-2.1501521701217108e-05,0.3129416666666667,0.274525,0.0,0.9479727202094904,0.0,0.3261839822400382,0.3261839822400382,0.07182655368285931
13,header,mid_density,random,0.05,8,239999,4,0.9359613566176546,0.9320092095445236,0.003952147073130963,0.003952147073130963,0.6581735757232322,0.5759148996454152,0.0,0.8856842604399618,0.0,0.6396860331346653,0.6396860331346653,0.1271273710249857
13,header,low_density,random,0.05,8,120001,4,0.8888486278261423,0.8797206104643485,0.009128017361793805,0.009128017361793805,0.41577153523720634,0.306339113840718,0.0,0.747326692417158,0.0,0.43696747418745874,0.43696747418745874,0.14958696018683706
13,header,high_density,random,0.05,9,120000,4,0.9941286491267235,0.9899947235195534,0.004133925607170075,0.004133925607170075,0.020866666666666665,0.0085,0.00085,0.029351673333141492,0.0011964949735480768,0.026440792248917773,0.006245652753659513,-0.001979592295060859
13,header,mid_density,random,0.05,9,239999,4,0.9359613566176546,0.9259956155918457,0.009965741025808827,0.009965741025808827,0.06309192954970645,0.03335430564294018,0.006404193350805628,0.05129470264451265,0.018310698117703122,0.062147197388515665,0.03786686501063957,-0.0015968331177337038
13,header,low_density,random,0.05,9,120001,4,0.8888486278261423,0.8862649019839437,0.00258372584219857,0.00258372584219857,0.08298264181131824,0.030108082432646396,0.011391571736902192,0.07344988818865623,0.019304910254056572,0.0762084861269236,0.041531124125816755,0.010403034564644078
13,header,high_density,random,0.05,10,120000,4,0.9941286491267235,0.9941767357350231,-4.8086608299580114e-05,-4.8086608299580114e-05,0.04685,0.0,0.045033333333333335,0.0,0.06339077291229223,0.03756406473083315,-0.037548499175641584,-0.008614548021225948
13,header,mid_density,random,0.05,10,239999,4,0.9359613566176546,0.933588988614994,0.0023723680026606075,0.0023723680026606075,0.07475447814365893,2.9166788194950813e-05,0.05123354680644503,4.4854830544858034e-05,0.14648558494162497,0.060889153246532296,-0.06083624485879759,0.007628968288554427
13,header,low_density,random,0.05,10,120001,4,0.8888486278261423,0.8846529591903847,0.004195668635757599,0.004195668635757599,0.08654927875601037,1.6666527778935175e-05,0.058741177156857026,4.065867046147591e-05,0.09954668060047168,0.06869512415990914,-0.06827656180683035,-0.004841329565823497
13,header,high_density,random,0.05,11,120000,4,0.9941286491267235,0.9934820711488053,0.0006465779779182279,0.0006465779779182279,0.041375,0.021841666666666665,0.0,0.07542229000604299,0.0,0.03906119696300682,0.03906119696300682,0.005125182059734547
13,header,mid_density,random,0.05,11,239999,4,0.9359613566176546,0.921672181280974,0.014289175336680615,0.014289175336680615,0.12876720319667997,0.08348368118200493,0.0,0.12838734068525365,0.0,0.11160725423484376,0.11160725423484376,-0.019050169789972985
13,header,low_density,random,0.05,11,120001,4,0.8888486278261423,0.8829348785829155,0.00591374924322674,0.00591374924322674,0.11082407646602944,0.052874559378671845,0.0,0.12898963203903233,0.0,0.10526213292488036,0.10526213292488036,0.019656716022675515
13,header,high_density,random,0.05,12,120000,4,0.9941286491267235,0.9887422350702324,0.005386414056491096,0.005386414056491096,0.12271666666666667,0.08711666666666666,0.0,0.3008258755143737,0.0,0.14432013967084242,0.14432013967084242,-0.08448130320371487
13,header,mid_density,random,0.05,12,239999,4,0.9359613566176546,0.7977587025634841,0.13820265405417043,0.13820265405417043,0.4640852670219459,0.40578919078829495,0.0,0.6240524417047398,0.0,0.32575998242893633,0.32575998242893633,-0.11938354506638055
13,header,low_density,random,0.05,12,120001,4,0.8888486278261423,0.7791087509018915,0.1097398769242508,0.1097398769242508,0.2748977091857568,0.20827326438946342,0.0,0.5080910754218337,0.0,0.20434657548383117,0.20434657548383117,-0.014185197994867539
13,header,high_density,random,0.05,13,120000,4,0.9941286491267235,0.9921546674592959,0.001973981667427571,0.001973981667427571,0.0453,0.0,0.044275,0.0,0.06232331171040129,0.03482768608734113,-0.0329219504792235,-0.024091292781316224
13,header,mid_density,random,0.05,13,239999,4,0.9359613566176546,0.9347649406949565,0.0011964159226980353,0.0011964159226980353,0.07436280984504103,0.0017083404514185475,0.048716869653623554,0.0026272115033416847,0.1392899690254944,0.05844271282600869,-0.05337917162568141,0.003319674036468865
13,header,low_density,random,0.05,13,120001,4,0.8888486278261423,0.8841442443548256,0.004704383471316631,0.004704383471316631,0.09671586070116082,0.00117499020841493,0.06711610736577195,0.0028664362675340518,0.11373939077262007,0.06643051333362675,-0.06144812536755228,-0.008588859268761819
13,header,high_density,random,0.05,14,120000,4,0.9941286491267235,0.9926268870937627,0.0015017620329608183,0.0015017620329608183,0.3129416666666667,0.274525,0.0,0.9479727202094904,0.0,0.30180689152942336,0.30180689152942336,0.04799592587501334
13,header,mid_density,random,0.05,14,239999,4,0.9359613566176546,0.9364899769561228,-0.0005286203384682331,-0.0005286203384682331,0.646390193292472,0.564135683898683,0.0,0.8675693167327742,0.0,0.5977705745681796,0.5977705745681796,0.09995846397981342
13,header,low_density,random,0.05,14,120001,4,0.8888486278261423,0.8835436307953861,0.005304997030756153,0.005304997030756153,0.39764668627761435,0.28898925842284645,0.0,0.7050010164667615,0.0,0.40996627300450394,0.40996627300450394,0.13514857038758948
13,header,high_density,random,0.05,15,120000,4,0.9941286491267235,0.9928959389853718,0.0012327101413517338,0.0012327101413517338,0.023941666666666667,0.013875,0.0,0.0479122902938045,0.0,0.016022378955647284,0.01314335933765022,-0.001120531388381288
13,header,mid_density,random,0.05,15,239999,4,0.9359613566176546,0.9356686598782936,0.00029269673936094254,0.00029269673936094254,0.03380014083392014,0.018104242101008753,0.00010833378472410302,0.027842034102486878,0.0003097450559923755,0.03145342911307302,0.029625619576772632,-0.012381205581984604
13,header,low_density,random,0.05,15,120001,4,0.8888486278261423,0.8861895119630019,0.002659115863140382,0.002659115863140382,0.0334497212523229,0.01088324263964467,0.003949967083607637,0.026550111811343768,0.006693875245371482,0.028694360138541538,0.019148435869019625,-0.001625996619918109
13,header,high_density,random,0.05,16,120000,4,0.9941286491267235,0.9936528146252922,0.0004758345014312937,0.0004758345014312937,0.000275,6.666666666666667e-05,0.0,0.00023020920261287444,0.0,0.002223633547171163,0.0022216852229868214,0.0010185185939528077
13,header,mid_density,random,0.05,16,239999,4,0.9359613566176546,0.9360293623210931,-6.800570343856727e-05,-6.800570343856727e-05,0.0017916741319755499,0.0007875032812636719,0.0001541673090304543,0.0012110804247111669,0.000440791041219919,0.0016120578202054737,0.0011818912308572498,-0.00025875739343723584
13,header,low_density,random,0.05,16,120001,4,0.8888486278261423,0.8881686526026038,0.0006799752235384648,0.0006799752235384648,0.004233298055849535,0.001599986666777777,0.00038333013891550906,0.0039032323643016873,0.0006496165849938568,0.0038775702267671093,0.002240087049506662,5.197540930049963e-05
13,header,high_density,random,0.05,17,120000,4,0.9941286491267235,0.9896188954991949,0.00450975362752859,0.00450975362752859,0.6612083333333333,0.0,0.6521416666666666,0.0,0.9179814425975671,0.6002463001954524,-0.6002463001954524,0.036484961975703084
13,header,mid_density,random,0.05,17,239999,4,0.9359613566176546,0.9310514724211504,0.004909884196504177,0.004909884196504177,0.2975845732690553,0.0,0.24399684998687496,0.0,0.6976292589945199,0.303115410154335,-0.303115410154335,0.13104311874270325
13,header,low_density,random,0.05,17,120001,4,0.8888486278261423,0.8919912054028564,-0.0031425775767141007,-0.0031425775767141007,0.5056707860767827,0.0,0.42287147607103276,0.0,0.7166259479459406,0.46516106758242737,-0.46516106758242737,0.12128432748557046
13,header,high_density,random,0.05,18,120000,4,0.9941286491267235,0.9937137144500547,0.0004149346766687545,0.0004149346766687545,0.024483333333333333,0.013875,0.0,0.0479122902938045,0.0,0.017041566367105368,0.014649881330783172,-2.819214080555336e-07
13,header,mid_density,random,0.05,18,239999,4,0.9359613566176546,0.9349987601064652,0.0009625965111893509,0.0009625965111893509,0.04029183454931062,0.022854261892757886,0.00010833378472410302,0.03514696364836376,0.0003097450559923755,0.038143316894681235,0.037175062547402916,-0.010462992341640472
13,header,low_density,random,0.05,18,120001,4,0.8888486278261423,0.8855196079583403,0.0033290198678019856,0.0033290198678019856,0.03899967500270831,0.015158207014941543,0.0012999891667569436,0.03697906078471234,0.0022030475491096016,0.03379721860591056,0.02819767283520286,0.0003955335416886584
13,header,high_density,random,0.05,19,120000,4,0.9941286491267235,0.9869768208299837,0.007151828296739771,0.007151828296739771,0.3129416666666667,0.274525,0.0,0.9479727202094904,0.0,0.33407397683848117,0.33407397683848117,0.07651134632849388
13,header,mid_density,random,0.05,19,239999,4,0.9359613566176546,0.7602324475291348,0.1757289090885198,0.1757289090885198,0.6694027891782882,0.5871441131004712,0.0,0.9029533701997321,0.0,0.6524981109396082,0.6524981109396082,0.1317428386467472
13,header,low_density,random,0.05,19,120001,4,0.8888486278261423,0.7710276466470596,0.11782098117908268,0.11782098117908268,0.4212381563486971,0.3120973991883401,0.0,0.7613742630615978,0.0,0.443459824724245,0.443459824724245,0.1520057425085254
13,header,high_density,random,0.05,20,120000,4,0.9941286491267235,0.9929902806333697,0.001138368493353803,0.001138368493353803,0.31104166666666666,0.272625,0.0,0.9414117579350234,0.0,0.259498082510975,0.259498082510975,0.006610161614498439
13,header,mid_density,random,0.05,20,239999,4,0.9359613566176546,0.9353180645438186,0.0006432920738359549,0.0006432920738359549,0.6359234830145125,0.5536689736207234,0.0,0.8514728404001051,0.0,0.551195912996688,0.551195912996688,0.05928522581099029
13,header,low_density,random,0.05,20,120001,4,0.8888486278261423,0.8867822185533791,0.0020664092727631367,0.0020664092727631367,0.3843717969016925,0.2763643636303031,0.0,0.6742020735921935,0.0,0.3851035588536316,0.3851035588536316,0.11983107756095202
13,header,high_density,important,0.1,0,120000,8,0.9941286491267235,0.9903118426101007,0.0038168065166227505,0.0038168065166227505,0.073525,0.04310833333333333,0.0014833333333333332,0.14885902563954995,0.0020880010322701734,0.07136390482101776,0.0428996326921902,-0.005624903630843029
13,header,mid_density,important,0.1,0,239999,8,0.9359613566176546,0.7359565233375207,0.20000483328013385,0.20000483328013385,0.41993091637881824,0.3577889907874616,0.0004416685069521123,0.5502342062937735,0.0012628067667381463,0.3546939131460184,0.3470720727074799,0.009245048497768943
13,header,low_density,important,0.1,0,120001,8,0.8888486278261423,0.6963952159195401,0.19245341190660215,0.19245341190660215,0.3522887309272423,0.24274797710019083,0.02065816118199015,0.5921935352713966,0.035008685091299376,0.2881168321585702,0.257170398993498,0.012722709271657104
13,header,high_density,random,0.1,1,120000,8,0.9941286491267235,0.9928407546268005,0.001287894499922948,0.001287894499922948,0.3129416666666667,0.274525,0.0,0.9479727202094904,0.0,0.3301974325326263,0.3301974325326263,0.07581488016050333
13,header,mid_density,random,0.1,1,239999,8,0.9359613566176546,0.9308256148603877,0.005135741757266832,0.005135741757266832,0.6644361018170909,0.5821774257392739,0.0,0.8953152333412363,0.0,0.6477354271924475,0.6477354271924475,0.1309291829083722
13,header,low_density,random,0.1,1,120001,8,0.8888486278261423,0.873788887913762,0.015059739912380299,0.015059739912380299,0.42047982933475553,0.31102240814659876,0.0,0.7587517788168326,0.0,0.4422065611473446,0.4422065611473446,0.15167899977529276
13,header,high_density,random,0.1,2,120000,8,0.9941286491267235,0.9846996364153034,0.009429012711420048,0.009429012711420048,0.6755583333333334,0.0,0.6664916666666667,0.0,0.9381810930333494,0.647474183214431,-0.647474183214431,0.06632124638201344
13,header,mid_density,random,0.1,2,239999,8,0.9359613566176546,0.8603423778192869,0.07561897879836765,0.07561897879836765,0.3201221671756966,0.0,0.2665344438935162,0.0,0.7620681439123184,0.32845636115940763,-0.32845636115940763,0.13778178571869235
13,header,low_density,random,0.1,2,120001,8,0.8888486278261423,0.8174739702701925,0.07137465755594974,0.07137465755594974,0.5510954075382705,0.0,0.46817943183806804,0.0,0.7934078038722797,0.5191414978692694,-0.5191414978692694,0.14646792859079047
13,header,high_density,random,0.1,3,120000,8,0.9941286491267235,0.9892595050137788,0.004869144112944701,0.004869144112944701,0.663575,0.0,0.6545083333333334,0.0,0.9213128599748971,0.6462472003382264,-0.6462472003382264,0.07603516012593532
13,header,mid_density,random,0.1,3,239999,8,0.9359613566176546,0.9255273398787858,0.01043401673886879,0.01043401673886879,0.3062179425747607,0.0,0.2526302192925804,0.0,0.7223135573028353,0.3186465551780448,-0.3186456125217058,0.13939985042473033
13,header,low_density,random,0.1,3,120001,8,0.8888486278261423,0.8647518689525191,0.02409675887362317,0.02409675887362317,0.5581370155248706,0.0,0.4746627111440738,0.0,0.8043947974184802,0.5317998484604134,-0.5317976714748864,0.15589381392063087
13,header,high_density,random,0.1,4,120000,8,0.9941286491267235,0.9936909275223025,0.00043772160442101526,0.00043772160442101526,0.059625,0.0,0.054566666666666666,0.0,0.07681028516463537,0.09744030432595502,-0.09729293401426198,-0.03939142817302075
13,header,mid_density,random,0.1,4,239999,8,0.9359613566176546,0.9296945448637264,0.006266811753928181,0.006266811753928181,0.12595885816190902,0.00040000166667361115,0.09026287609531707,0.0006151519617580531,0.25807719799857043,0.11662480849533316,-0.11222572506825784,0.02278569501019838
13,header,low_density,random,0.1,4,120001,8,0.8888486278261423,0.8694956025248661,0.01935302530127614,0.01935302530127614,0.19281505987450104,0.003908300764160298,0.14099882500979158,0.009534458223216101,0.2389459264803491,0.15513667325294608,-0.14462182087109185,-0.008083281799407635
13,header,high_density,random,0.1,5,120000,8,0.9941286491267235,0.9797427088243877,0.014385940302335753,0.014385940302335753,0.08160833333333334,0.005675,0.0689,0.019596558372420938,0.09698647491466175,0.1269526141484491,-0.07652854810555607,-0.09487301421228239
13,header,mid_density,random,0.1,5,239999,8,0.9359613566176546,0.8872081060146202,0.04875325060303437,0.04875325060303437,0.13226721778007408,0.00718752994804145,0.09252121883841183,0.011053511812840016,0.264534191088873,0.1305904179787678,-0.06644869971026898,-0.022649674224389838
13,header,low_density,random,0.1,5,120001,8,0.8888486278261423,0.8652762145609332,0.02357241326520909,0.02357241326520909,0.16065699452504562,0.006624944792126732,0.10735743868801094,0.016161821508436675,0.18193501009730126,0.1272276194426057,-0.09932521110737853,-0.029352451641482185
13,header,high_density,random,0.1,6,120000,8,0.9941286491267235,0.9896397664698184,0.004488882656905058,0.004488882656905058,0.6810083333333333,0.0,0.6719416666666667,0.0,0.9458527372755106,0.6609631627431369,-0.6609631627431369,0.07927026815157247
13,header,mid_density,random,0.1,6,239999,8,0.9359613566176546,0.8780910818121741,0.05787027480548046,0.05787027480548046,0.3210638377659907,0.0,0.26747611448381037,0.0,0.7647605432451752,0.3332850318347826,-0.3332850318347826,0.14210444057122867
13,header,low_density,random,0.1,6,120001,8,0.8888486278261423,0.8174714099757243,0.07137721785041795,0.07137721785041795,0.5639953000391663,0.0,0.48052099565836953,0.0,0.8143226334891471,0.5397010736004632,-0.5397010736004632,0.15937314470109734
13,header,high_density,random,0.1,7,120000,8,0.9941286491267235,0.968890679715459,0.02523796941126455,0.02523796941126455,0.6610833333333334,0.0,0.6520166666666667,0.0,0.9178054874543983,0.5524485906065346,-0.5524485906065346,-0.01400691509222389
13,header,mid_density,random,0.1,7,239999,8,0.9359613566176546,0.7988672493403661,0.13709410727728844,0.13709410727728844,0.29306372109883794,0.0,0.23948849786874113,0.0,0.6847390993566833,0.2939593680055836,-0.2939593680055836,0.1223139940150003
13,header,low_density,random,0.1,7,120001,8,0.8888486278261423,0.7798002223299083,0.10904840549623396,0.10904840549623396,0.515870701077491,0.0,0.43341305489120924,0.0,0.7344904040332717,0.46120903647145284,-0.4611901732682936,0.11470970701848397
13,header,high_density,random,0.1,8,120000,8,0.9941286491267235,0.9894784223563027,0.004650226770420818,0.004650226770420818,0.6780333333333334,0.0,0.6689666666666667,0.0,0.9416650048680923,0.658477310270509,-0.658477310270509,0.07857356703830583
13,header,mid_density,random,0.1,8,239999,8,0.9359613566176546,0.9330852296988177,0.0028761269188368743,0.0028761269188368743,0.32087633698473744,0.0,0.2672886137025571,0.0,0.7642244460328806,0.3328642327169711,-0.3328642327169711,0.14174883932529642
13,header,low_density,random,0.1,8,120001,8,0.8888486278261423,0.8755649281274842,0.013283699698658058,0.013283699698658058,0.5608369930250581,0.0,0.4773626886442613,0.0,0.8089703577127847,0.5351828629439358,-0.5351801596058204,0.15695119543585798
13,header,high_density,random,0.1,9,120000,8,0.9941286491267235,0.9926886081876749,0.0014400409390485924,0.0014400409390485924,0.4277916666666667,0.0,0.418725,0.0,0.5894145385869629,0.3773202330507924,-0.37732015156634635,-0.14461473161521798
13,header,mid_density,random,0.1,9,239999,8,0.9359613566176546,0.9349759616109461,0.0009853950067084671,0.0009853950067084671,0.268180284084517,0.0,0.21478839495164564,0.0,0.6141172265904218,0.24552327676189195,-0.2455230819375049,0.08777310272907547
13,header,low_density,random,0.1,9,120001,8,0.8888486278261423,0.8830508590897556,0.00579776873638671,0.00579776873638671,0.4083215973200223,0.00010833243056307865,0.32801393321722316,0.0002642813579995934,0.5558740873593085,0.341835075094142,-0.3410411070101517,0.059539522108361956
13,header,high_density,random,0.1,10,120000,8,0.9941286491267235,0.9886392591256536,0.005489390001069849,0.005489390001069849,0.6707583333333333,0.0,0.6616916666666667,0.0,0.9314244155356661,0.6526029274421513,-0.6526029274421513,0.07606050782356309
13,header,mid_density,random,0.1,10,239999,8,0.9359613566176546,0.9322549794804837,0.003706377137170813,0.003706377137170813,0.31067629448456036,0.0,0.25708857120238,0.0,0.7350607576840601,0.32365979647488435,-0.32365979647488435,0.13742597639858511
13,header,low_density,random,0.1,10,120001,8,0.8888486278261423,0.8779932096730244,0.010855418153117857,0.010855418153117857,0.5597953350388747,0.0,0.47632103065807785,0.0,0.8072050952535623,0.5343075822710213,-0.5343075822710213,0.15712033829879954
13,header,high_density,random,0.1,11,120000,8,0.9941286491267235,0.9907783175799458,0.003350331546777663,0.003350331546777663,0.07988333333333333,0.04178333333333333,0.0,0.14428361773761905,0.0,0.0757776557790851,0.07426866448444804,0.04648155875951114
13,header,mid_density,random,0.1,11,239999,8,0.9359613566176546,0.9255018214513216,0.010459535166332912,0.010459535166332912,0.24406351693132056,0.17315072146133942,0.0,0.2662839054460172,0.0,0.23267568614292172,0.2287544458519373,-0.010842381209052022
13,header,low_density,random,0.1,11,120001,8,0.8888486278261423,0.8775340569764394,0.011314570849702887,0.011314570849702887,0.21412321563986966,0.1245906284114299,0.00039999666669444424,0.30394389103476316,0.0006778607843414159,0.2103316592394612,0.20382315080430183,0.0411367219878008
13,header,high_density,random,0.1,12,120000,8,0.9941286491267235,0.9849024558023197,0.009226193324403775,0.009226193324403775,0.10270833333333333,0.06429166666666666,0.0,0.2220079997697908,0.0,0.18688772150875352,0.18688772150875352,-0.0004891271485989946
13,header,mid_density,random,0.1,12,239999,8,0.9359613566176546,0.9266156961038771,0.009345660513777498,0.009345660513777498,0.531718882162009,0.44949770624044266,0.0,0.6912706091926771,0.0,0.48803158630783755,0.4880314128435474,0.020960472250184457
13,header,low_density,random,0.1,12,120001,8,0.8888486278261423,0.8782373394062974,0.010611288419844822,0.010611288419844822,0.3636969691919234,0.2573311889067591,0.0,0.6277698719251881,0.0,0.3576599743378481,0.35765068754666923,0.1046807528771303
13,header,high_density,random,0.1,13,120000,8,0.9941286491267235,0.9921148235848094,0.002013825541914094,0.002013825541914094,0.6635416666666667,0.0,0.654475,0.0,0.9212659386033853,0.6435242015470046,-0.6435242015470046,0.07637811340405151
13,header,mid_density,random,0.1,13,239999,8,0.9359613566176546,0.9157053337825748,0.020256022835079768,0.020256022835079768,0.3039887666198609,0.0,0.2504010433376806,0.0,0.715939957112223,0.3164715628593044,-0.3164715628593044,0.13946477873835605
13,header,low_density,random,0.1,13,120001,8,0.8888486278261423,0.855671432070968,0.033177195755174305,0.033177195755174305,0.5515870701077491,0.0,0.4681460987825101,0.0,0.7933513154735846,0.5267589182557865,-0.5267589182557865,0.15322622149692494
13,header,high_density,random,0.1,14,120000,8,0.9941286491267235,0.9905911255980078,0.0035375235287157247,0.0035375235287157247,0.186075,0.0,0.17700833333333332,0.0,0.24916421306994804,0.2958169136979606,-0.2958169136979606,-0.11672686101359157
13,header,mid_density,random,0.1,14,239999,8,0.9359613566176546,0.9283797134250693,0.007581643192585252,0.007581643192585252,0.2617719240496835,0.0,0.20833003470847794,0.0,0.5956516559447225,0.24806228108070072,-0.24806228108070072,0.08609073697101403
13,header,low_density,random,0.1,14,120001,8,0.8888486278261423,0.8822912949680892,0.006557332858053044,0.006557332858053044,0.39473837718019017,0.0,0.31458904509129093,0.0,0.5331233847848498,0.33179153571600734,-0.33179153571600734,0.057363852697584906
13,header,high_density,random,0.1,15,120000,8,0.9941286491267235,0.9914504583618399,0.0026781907648836256,0.0026781907648836256,0.24711666666666668,0.0,0.23805,0.0,0.33508897465072907,0.3043964510765628,-0.3043964510765628,-0.13080298336490795
13,header,mid_density,random,0.1,15,239999,8,0.9359613566176546,0.9290333736840543,0.006927982933600307,0.006927982933600307,0.2559677331988883,0.0,0.2024300101250422,0.0,0.5787824636645222,0.2448300925257703,-0.24482756840302589,0.09261308073431845
13,header,low_density,random,0.1,15,120001,8,0.8888486278261423,0.8886714108347062,0.00017721699143602443,0.00017721699143602443,0.40217998183348475,0.0,0.32128898925842286,0.0,0.5444775529225685,0.3440259146847146,-0.3439894265237105,0.059249307565284196
13,header,high_density,random,0.1,16,120000,8,0.9941286491267235,0.9818947393143516,0.012233909812371935,0.012233909812371935,0.6723166666666667,0.0,0.66325,0.0,0.9336179896538376,0.6450313413349482,-0.6450313413349482,0.0690826073303527
13,header,mid_density,random,0.1,16,239999,8,0.9359613566176546,0.9264260457000507,0.009535310917603845,0.009535310917603845,0.31196796653319386,0.0,0.25838024325101355,0.0,0.7387538718132,0.32217497646438265,-0.32217497646438265,0.1345741955591946
13,header,low_density,random,0.1,16,120001,8,0.8888486278261423,0.8886912323025997,0.00015739552354254727,0.00015739552354254727,0.546970441912984,0.0,0.46365446954608713,0.0,0.7857395037494175,0.512295718262428,-0.512295718262428,0.14377310840794136
13,header,high_density,random,0.1,17,120000,8,0.9941286491267235,0.9932457490100367,0.0008829001166867911,0.0008829001166867911,0.06511666666666667,0.0,0.05968333333333333,0.0,0.08401271569167967,0.14686918294775206,-0.14685758024756093,-0.07884417175045307
13,header,mid_density,random,0.1,17,239999,8,0.9359613566176546,0.9297435638696199,0.0062177927480346895,0.0062177927480346895,0.13959641498506245,8.333368055700232e-06,0.10209209205038354,1.2815665869959438e-05,0.29189897545866095,0.12418167303606564,-0.12377523246254621,0.02301828124818678
13,header,low_density,random,0.1,17,120001,8,0.8888486278261423,0.8762354700525661,0.012613157773576189,0.012613157773576189,0.23198973341888818,0.0009249922917309023,0.17314022383146807,0.002256556210611913,0.2934148649221166,0.17879789923350234,-0.1750638403375877,-0.0016280130128771358
13,header,high_density,random,0.1,18,120000,8,0.9941286491267235,0.9854830995047013,0.008645549622022242,0.008645549622022242,0.317725,0.2793083333333333,0.0,0.9644902304969641,0.0,0.3368751968375064,0.3368751968375064,0.07843791593502077
13,header,mid_density,random,0.1,18,239999,8,0.9359613566176546,0.9306866803091368,0.005274676308517745,0.005274676308517745,0.6763028179284081,0.5940274751144796,0.0,0.9135391102083187,0.0,0.6627405997690418,0.6627405997690418,0.13985816954749042
13,header,low_density,random,0.1,18,120001,8,0.8888486278261423,0.8751231096694672,0.01372551815667511,0.01372551815667511,0.43327972266897774,0.3237889684252631,0.0,0.7898963203903232,0.0,0.45618255523691537,0.45618255523691537,0.15678785737677098
13,header,high_density,random,0.1,19,120000,8,0.9941286491267235,0.995431678202724,-0.0013030290760005503,-0.0013030290760005503,0.009775,0.0003083333333333333,0.006358333333333333,0.0010647175620845442,0.008950251615854731,0.03142537482593114,-0.02366786889695975,-0.01182029661403744
13,header,mid_density,random,0.1,19,239999,8,0.9359613566176546,0.9335150390625205,0.0024463175551340255,0.0024463175551340255,0.05823357597323322,0.004441685173688223,0.030395959983166597,0.00683074990868838,0.08690731474862998,0.04766188645072336,-0.027763815307687623,-0.006766181322753661
13,header,low_density,random,0.1,19,120001,8,0.8888486278261423,0.8866363381824462,0.0022122896436960193,0.0022122896436960193,0.0756160365330289,0.004358297014191549,0.043499637503020806,0.01063224232567595,0.07371736029712898,0.061089242914560624,-0.04369228896691946,-0.011951120030594977
13,header,high_density,random,0.1,20,120000,8,0.9941286491267235,0.993305743514676,0.0008229056120474532,0.0008229056120474532,0.050625,0.000375,0.04385,0.0012949267646974187,0.06172506422362726,0.03799099212767027,-0.031467240961217606,-0.00907528259122132
13,header,mid_density,random,0.1,20,239999,8,0.9359613566176546,0.9354205075018035,0.0005408491158510609,0.0005408491158510609,0.08147533948058117,0.002120842170175709,0.0538252242717678,0.003261586963904677,0.15389563974267334,0.06941303537476344,-0.060082707165246614,0.014696780467173815
13,header,low_density,random,0.1,20,120001,8,0.8888486278261423,0.8859045969512991,0.0029440308748431843,0.0029440308748431843,0.11644902959142008,0.0012249897917517355,0.08102432479729335,0.002988412278918479,0.13730917512815805,0.08527021274917662,-0.07997721691797978,-0.002611739131175415
13,imports,high_density,important,0.01,0,184077,13,0.8536367979497891,0.8159266885987809,0.03771010935100816,0.03771010935100816,0.05185873303019932,0.0,0.04851773985886341,0.0,0.10156134505384537,0.04430684601038531,-0.041853954987103384,-0.001706023049619696
13,imports,mid_density,important,0.01,0,175923,13,0.9445265883644169,0.918261407575666,0.026265180788750953,0.026265180788750953,0.11844954895039307,0.007543072821632192,0.08180851849957084,0.023387381036305957,0.1207554768717015,0.11018065950583684,-0.07950092987415838,-0.013264881345812824
13,imports,low_density,important,0.01,0,120000,13,0.8729027925447239,0.8503155932039372,0.02258719934078668,0.02258719934078668,0.09104166666666667,0.014933333333333333,0.03854166666666667,0.02056932966023875,0.14066301703163017,0.08536003272495946,-0.04723664755879591,-0.0023258388866653624
13,imports,high_density,random,0.01,1,184077,13,0.8536367979497891,0.8530519757252224,0.0005848222245666834,0.0005848222245666834,0.00901796530799611,0.0022273287808906054,0.0022544913269990276,0.004264614104431038,0.0047192876718559875,0.003901263009788438,0.0018312249464979098,-0.00012139850851229453
13,imports,mid_density,random,0.01,1,175923,13,0.9445265883644169,0.9430729234108697,0.0014536649535472623,0.0014536649535472623,0.02815436298835286,0.006446001944032332,0.004047225206482381,0.019985900599224532,0.005974006359967445,0.021810083920336402,0.009236516224557165,-0.0008432789752819929
13,imports,low_density,random,0.01,1,120000,13,0.8729027925447239,0.8692823224014643,0.003620470143259613,0.003620470143259613,0.030191666666666665,0.012916666666666667,0.004716666666666667,0.017791551882460975,0.017214111922141118,0.027810940655817008,0.008682693087551867,-0.004701805158123354
13,imports,high_density,random,0.01,2,184077,13,0.8536367979497891,0.845388255112257,0.008248542837532069,0.008248542837532069,0.0,0.0,0.0,0.0,0.0,0.0019732158220535797,0.0011859981859872978,-0.0007758786588318083
13,imports,mid_density,random,0.01,2,175923,13,0.9445265883644169,0.9426393234799146,0.0018872648845023043,0.0018872648845023043,0.020338443523587022,0.004342809069877162,0.007605600177350318,0.013464927740571026,0.011226433300051181,0.013633519873523047,0.008395363314452465,-0.0008797064480622126
13,imports,low_density,random,0.01,2,120000,13,0.8729027925447239,0.8689057855219413,0.003997007022782606,0.003997007022782606,0.022366666666666667,0.013691666666666666,0.000675,0.018859044995408632,0.0024635036496350364,0.020361841556383733,0.01747057134171206,-0.004688283037981779
13,imports,high_density,random,0.01,3,184077,13,0.8536367979497891,0.859594968274929,-0.0059581703251399,-0.0059581703251399,0.0007931463463659229,8.692014754695046e-05,0.0,0.00016642396505096735,0.0,0.0016234080125841653,0.0013747964492953843,-0.0013383357384090157
13,imports,mid_density,random,0.01,3,175923,13,0.9445265883644169,0.9440614060620118,0.0004651823024051094,0.0004651823024051094,0.0068382189935369455,0.00266593907561831,0.0003012681684600649,0.008265773704617554,0.00044469429364926206,0.008482221414961556,0.007017650438617166,0.0013164494306878974
13,imports,low_density,random,0.01,3,120000,13,0.8729027925447239,0.8720750664617307,0.0008277260829931965,0.0008277260829931965,0.0135,0.007183333333333333,0.00075,0.009894398530762167,0.002737226277372263,0.011855444405356104,0.008066920297531826,-0.0013339124478137013
13,imports,high_density,random,0.01,4,184077,13,0.8536367979497891,0.8527651714291676,0.0008716265206214491,0.0008716265206214491,0.006013787708404635,0.0008637689662478203,0.0,0.001653838152693988,0.0,0.0032479499522013607,-0.0017514747684773296,0.0008317410730166989
13,imports,mid_density,random,0.01,4,175923,13,0.9445265883644169,0.942737440086412,0.001789148278004915,0.001789148278004915,0.01757587126185888,0.0015290780625614616,0.009225627120956327,0.004740923510750793,0.013617713935712308,0.010274205056320687,-0.0005494638519023784,-0.0003480186076692651
13,imports,low_density,random,0.01,4,120000,13,0.8729027925447239,0.8712189578194576,0.0016838347252663421,0.0016838347252663421,0.0165,0.007116666666666667,0.0019666666666666665,0.00980257116620753,0.007177615571776156,0.013670254287421088,0.006296510293001122,-0.002174996026513982
13,imports,high_density,random,0.01,5,184077,13,0.8536367979497891,0.8585126242781574,-0.00487582632836836,-0.00487582632836836,0.005220641362038712,0.0007768488187008697,0.0,0.0014874141876430205,0.0,0.0031828130331522184,0.0012115089489813714,-0.001392892791288635
13,imports,mid_density,random,0.01,5,175923,13,0.9445265883644169,0.9438756912364672,0.0006508971279497455,0.0006508971279497455,0.009373419052653717,0.0023930924324846664,0.0020918242640246016,0.007419809658089531,0.003087688680432612,0.011408970103502308,0.0009100944604966606,-0.0015460894419216161
13,imports,low_density,random,0.01,5,120000,13,0.8729027925447239,0.8709316893986871,0.001971103146036768,0.001971103146036768,0.013483333333333333,0.004866666666666667,0.0024916666666666668,0.0067033976124885215,0.00909367396593674,0.01334636087342811,0.0016634185541997257,-0.0007837977525413914
13,imports,high_density,random,0.01,6,184077,13,0.8536367979497891,0.852789792498511,0.0008470054512781378,0.0008470054512781378,0.0,0.0,0.0,0.0,0.0,0.0013966339590431075,-0.000537094770470382,-0.0006302729951160324
13,imports,mid_density,random,0.01,6,175923,13,0.9445265883644169,0.9427032792090998,0.0018233091553171432,0.0018233091553171432,0.015552258658617691,0.0007105381331605305,0.010476174235318861,0.0022030313711667252,0.015463614777275283,0.00970732489776565,-0.005204767965521219,-0.0002535627351703822
13,imports,low_density,random,0.01,6,120000,13,0.8729027925447239,0.8685324666497423,0.004370325894981653,0.004370325894981653,0.015458333333333333,0.0057083333333333335,0.0030416666666666665,0.007862718089990818,0.011100973236009733,0.01562967416179859,0.0003705831137923543,-0.0016569886843393093
13,imports,high_density,random,0.01,7,184077,13,0.8536367979497891,0.853638892869195,-2.0949194059483034e-06,-2.0949194059483034e-06,0.0,0.0,0.0,0.0,0.0,0.0010507635092197015,-0.0003257929135094224,-0.0004889427974443841
13,imports,mid_density,random,0.01,7,175923,13,0.9445265883644169,0.9444296021185787,9.698624583820425e-05,9.698624583820425e-05,0.0070996970265400205,0.0009720161661636057,0.0021316143994815915,0.00301374691575608,0.0031464218890277975,0.008035367279702783,-0.0018827831266299752,-0.0008658136116198461
13,imports,low_density,random,0.01,7,120000,13,0.8729027925447239,0.8732421935219816,-0.0003394009772577089,-0.0003394009772577089,0.010875,0.0035416666666666665,0.00195,0.004878328741965106,0.007116788321167883,0.010833047779646957,0.0006210878852117834,-0.00014958936620188302
13,imports,high_density,random,0.01,8,184077,13,0.8536367979497891,0.8515828348035887,0.0020539631462004326,0.0020539631462004326,0.005122856196048393,0.0017058078956089027,0.0,0.003266070314125234,0.0,0.003820138775340061,-0.0009470558645078416,0.0007189149531259638
13,imports,mid_density,random,0.01,8,175923,13,0.9445265883644169,0.9437366849717762,0.000789903392640734,0.000789903392640734,0.015455625472507858,0.0024328825679416563,0.001938348027261927,0.007543179414874868,0.0028611463044226106,0.010494683652165862,0.0018643294132200884,-0.000286377759508706
13,imports,low_density,random,0.01,8,120000,13,0.8729027925447239,0.8703867838484938,0.002516008696230143,0.002516008696230143,0.015983333333333332,0.008675,0.0022083333333333334,0.011949035812672176,0.008059610705596108,0.015337373388934917,0.007447427626266917,-0.0024877150626655335
13,imports,high_density,random,0.01,9,184077,13,0.8536367979497891,0.845264345082761,0.008372452867028035,0.008372452867028035,0.000874633984691189,0.0,0.00036941062707453946,0.0,0.0007732808715330293,0.006099025217753819,-0.006099025217753819,-0.0023100512376648488
13,imports,mid_density,random,0.01,9,175923,13,0.9445265883644169,0.9432047488391407,0.0013218395252762027,0.0013218395252762027,0.022720167345941122,0.0,0.014381291815169136,0.0,0.021227859677974206,0.0241511065816909,-0.0240914432336052,-0.0017283232739381507
13,imports,low_density,random,0.01,9,120000,13,0.8729027925447239,0.8701420138609609,0.00276077868376301,0.00276077868376301,0.0286,7.5e-05,0.013216666666666666,0.00010330578512396694,0.0482360097323601,0.02621545596831383,-0.02603146330211336,0.0039693144180590985
13,imports,high_density,random,0.01,10,184077,13,0.8536367979497891,0.8482376025346304,0.005399195415158653,0.005399195415158653,0.0,0.0,0.0,0.0,0.0,0.006080542813630249,-0.005952986298849849,0.002447024140509851
13,imports,mid_density,random,0.01,10,175923,13,0.9445265883644169,0.9396439314681913,0.00488265689622569,0.00488265689622569,0.034350255509512685,0.0009038045053801947,0.022589428329439585,0.0028022559041240747,0.03334368156532391,0.02650846756533811,-0.022062177952258247,0.008112672435823687
13,imports,low_density,random,0.01,10,120000,13,0.8729027925447239,0.8694596688866657,0.0034431236580582114,0.0034431236580582114,0.0267,0.0019916666666666668,0.010358333333333334,0.0027433425160697886,0.03780413625304136,0.024435223235294488,-0.01952492969675671,0.004757250546232152
13,imports,high_density,random,0.01,11,184077,13,0.8536367979497891,0.85632608281305,-0.002689284863260921,-0.002689284863260921,0.00046176328384317435,0.000309653025636011,0.0,0.0005928853754940712,0.0,0.0025226484863473076,0.0003277621032965212,-0.0007643198549390969
13,imports,mid_density,random,0.01,11,175923,13,0.9445265883644169,0.9438213358833545,0.0007052524810624572,0.0007052524810624572,0.013432012869266667,0.0030183659896659333,0.003058156125122923,0.00935847726471625,0.004514066603458547,0.013252701249749727,0.0008119389689113478,-0.0006273728512214264
13,imports,low_density,random,0.01,11,120000,13,0.8729027925447239,0.871807992450774,0.0010948000939499103,0.0010948000939499103,0.017808333333333332,0.004808333333333334,0.004075,0.006623048668503214,0.014872262773722628,0.016431708569981638,-0.0010144040298364048,-0.0006275165776321269
13,imports,high_density,random,0.01,12,184077,13,0.8536367979497891,0.859566966189477,-0.00593016823968795,-0.00593016823968795,0.007485997707481109,0.0023685740206544,0.0,0.00453505304763886,0.0,0.0015047292044019405,0.0008917678787196393,-0.0006823417864339339
13,imports,mid_density,random,0.01,12,175923,13,0.9445265883644169,0.9431700616727673,0.001356526691649651,0.001356526691649651,0.007548757126697476,0.0025977274148348993,0.0018701363664785163,0.008054282692985549,0.002760460803973721,0.01012795541348274,0.004331222005962968,-0.0006292969994725712
13,imports,low_density,random,0.01,12,120000,13,0.8729027925447239,0.870804452782358,0.0020983397623659528,0.0020983397623659528,0.014291666666666666,0.008541666666666666,0.0012,0.011765381083562901,0.004379562043795621,0.01430150292835814,0.008459685515315967,-0.0015723477890642816
13,imports,high_density,random,0.01,13,184077,13,0.8536367979497891,0.8571204310438797,-0.00348363309409061,-0.00348363309409061,0.006997071877529512,0.0007768488187008697,0.0010810693351151963,0.0014874141876430205,0.0022629837269863653,0.004602655268438295,-0.00214580283905005,-0.0016239842547667472
13,imports,mid_density,random,0.01,13,175923,13,0.9445265883644169,0.9436175360266452,0.0009090523377717208,0.0009090523377717208,0.03211063931379069,0.0015404466726920301,0.019281162781444153,0.004776172012689461,0.028460434793552772,0.01709267749281804,-0.00803389013601611,-0.004448640406497283
13,imports,low_density,random,0.01,13,120000,13,0.8729027925447239,0.8714215268072787,0.0014812657374452254,0.0014812657374452254,0.019066666666666666,0.0035916666666666666,0.0053416666666666664,0.004947199265381084,0.019495133819951337,0.01810456294946017,-0.007329429123932568,0.00042704843958918376
13,imports,high_density,random,0.01,14,184077,13,0.8536367979497891,0.8532240187488461,0.0004127792009429587,0.0004127792009429587,0.011886330177045476,0.0030041775995914752,0.0,0.005752028292074059,0.0,0.006692984440426689,0.005793514185553156,-0.0009255532637147274
13,imports,mid_density,random,0.01,14,175923,13,0.9445265883644169,0.9444405296776589,8.60586867580393e-05,8.60586867580393e-05,0.02669918089164009,0.008287716785184427,0.0009720161661636057,0.025696157913288685,0.0014347683813966756,0.014550045983895313,0.010651006200029227,-6.625818678921707e-05
13,imports,low_density,random,0.01,14,120000,13,0.8729027925447239,0.8741160556641956,-0.0012132631194716748,-0.0012132631194716748,0.015375,0.006541666666666667,0.0015083333333333333,0.009010560146923783,0.0055048661800486615,0.014810761551004116,0.0054889660211759166,-0.00046101805296411405
13,imports,high_density,random,0.01,15,184077,13,0.8536367979497891,0.8535890944431184,4.7703506670715434e-05,4.7703506670715434e-05,0.07141033371904149,0.04368280665156429,0.0,0.08363844393592677,0.0,0.04069718351118148,0.04069718351118148,0.0023829444433245586
13,imports,mid_density,random,0.01,15,175923,13,0.9445265883644169,0.9363900027277419,0.008136585636675076,0.008136585636675076,0.16166163605668388,0.08852168278167152,0.0,0.2744624603454353,0.0,0.1360941966482971,0.1360941966482971,0.023813289985949334
13,imports,low_density,random,0.01,15,120000,13,0.8729027925447239,0.8691966863321895,0.0037061062125344213,0.0037061062125344213,0.15960833333333332,0.11365833333333333,0.0,0.15655417814508724,0.0,0.14646148595757852,0.14646148595757852,-0.011015492326407922
13,imports,high_density,random,0.01,16,184077,13,0.8536367979497891,0.8377218237958852,0.01591497415390386,0.01591497415390386,0.0061170053836166385,0.0,0.004335142358904154,0.0,0.00907467846299055,0.015972702712660648,-0.015821436680664432,0.0013698184141386555
13,imports,mid_density,random,0.01,16,175923,13,0.9445265883644169,0.9383505229386451,0.0061760654257718706,0.0061760654257718706,0.060640166436452314,0.0005059031508102977,0.04396241537490834,0.0015685583362707084,0.0648918050393093,0.043477272384055674,-0.04194951005017215,0.002413813323417252
13,imports,low_density,random,0.01,16,120000,13,0.8729027925447239,0.8721113788361943,0.0007914137085296424,0.0007914137085296424,0.036158333333333334,0.001275,0.013983333333333334,0.0017561983471074381,0.051034063260340636,0.03539540317678178,-0.030862872026812954,0.007115062995042957
13,imports,high_density,random,0.01,17,184077,13,0.8536367979497891,0.8537237285295869,-8.693057979780594e-05,-8.693057979780594e-05,0.004481820107889633,0.0015482651281800552,0.0,0.0029644268774703555,0.0,0.002853998312270638,-0.001131481193427168,0.00037337287782435874
13,imports,mid_density,random,0.01,17,175923,13,0.9445265883644169,0.9430942855119666,0.001432302852450329,0.001432302852450329,0.01687670173882892,0.002637517550291889,0.007088328416409452,0.008177652449770884,0.01046290158831377,0.017346370346344345,-0.004952343523094534,0.0006999044936108881
13,imports,low_density,random,0.01,17,120000,13,0.8729027925447239,0.8710394210784577,0.0018633714662662504,0.0018633714662662504,0.017608333333333333,0.004166666666666667,0.005008333333333333,0.00573921028466483,0.01827858880778589,0.01588634448813336,-0.004282234444351056,0.00028325090961737895
13,imports,high_density,random,0.01,18,184077,13,0.8536367979497891,0.8601850566000481,-0.006548258650258987,-0.006548258650258987,0.010957371100137442,0.0027216871200638863,0.0,0.005211150405658415,0.0,0.0067049613394869895,0.006407241655086176,-0.0018546780451576222
13,imports,mid_density,random,0.01,18,175923,13,0.9445265883644169,0.9443982563479991,0.00012833201641782033,0.00012833201641782033,0.014074339341643788,0.0037289041228264637,0.0023646709071582454,0.011561508635882975,0.0034904306822281703,0.015742709775923642,0.008506393706071843,-0.0015684951328158272
13,imports,low_density,random,0.01,18,120000,13,0.8729027925447239,0.8727411768718484,0.0001616156728755369,0.0001616156728755369,0.024583333333333332,0.012891666666666666,0.0015916666666666666,0.017757116620752984,0.0058090024330900245,0.021498424596077613,0.0156625732736407,-0.002573090019387346
13,imports,high_density,random,0.01,19,184077,13,0.8536367979497891,0.8540731572068235,-0.00043635925703444656,-0.00043635925703444656,0.000874633984691189,0.0,0.00036941062707453946,0.0,0.0007732808715330293,0.005036518814824404,-0.0009462732003831295,-0.0018704328695500205
13,imports,mid_density,random,0.01,19,175923,13,0.9445265883644169,0.9425337240751361,0.0019928642892808046,0.0019928642892808046,0.023407968258840516,0.0031775265314938923,0.01026017064283806,0.009851956291857596,0.015144777359187133,0.019169445206506305,-0.0020816404475880344,-0.0043804713658365906
13,imports,low_density,random,0.01,19,120000,13,0.8729027925447239,0.8714201237728423,0.0014826687718816345,0.0014826687718816345,0.022933333333333333,0.008608333333333334,0.003775,0.011857208448117539,0.013777372262773722,0.022017029263080582,0.0014125186538042499,-0.001270048430909406
13,imports,high_density,random,0.01,20,184077,13,0.8536367979497891,0.860111625836564,-0.006474827886774892,-0.006474827886774892,0.010957371100137442,0.0027216871200638863,0.0,0.005211150405658415,0.0,0.002382573915190504,0.0018763505250994547,-0.0009684674067031752
13,imports,mid_density,random,0.01,20,175923,13,0.9445265883644169,0.9448073126355266,-0.0002807242711097002,-0.0002807242711097002,0.011772195790203669,0.0017109758246505573,0.0020179282981759067,0.005304899541769475,0.002978612721612982,0.009011580170442223,0.0021005185239977207,-0.0007959869460194346
13,imports,low_density,random,0.01,20,120000,13,0.8729027925447239,0.8709907348409442,0.0019120577037796682,0.0019120577037796682,0.013416666666666667,0.007025,0.0019333333333333333,0.009676308539944903,0.007055961070559611,0.012449077622494855,0.0065061095055262905,-0.0023773524178593345
13,imports,high_density,important,0.05,0,184077,65,0.8536367979497891,0.7898364326765611,0.06380036527322797,0.06380036527322797,0.07546841810763974,0.0,0.06773795748518283,0.0,0.14179469392860797,0.09287455777828343,-0.08657868994708157,-0.04159129051575223
13,imports,mid_density,important,0.05,0,175923,65,0.9445265883644169,0.8583562035185205,0.08617038484589645,0.08617038484589645,0.24324846665870864,0.020832978064266754,0.18520602763709124,0.06459287980260839,0.27337791463547656,0.21396086115410737,-0.15038380318522596,-0.06742210682527518
13,imports,low_density,important,0.05,0,120000,65,0.8729027925447239,0.7661860619158852,0.10671673062883869,0.10671673062883869,0.18193333333333334,0.049383333333333335,0.08356666666666666,0.06802112029384756,0.3049878345498783,0.16557519113688074,-0.04801529469519934,-0.02161412435811693
13,imports,high_density,random,0.05,1,184077,65,0.8536367979497891,0.8373545748785173,0.016282223071271806,0.016282223071271806,0.02391933810307643,0.0,0.02026869190610451,0.0,0.04242810193661371,0.01709723777552084,-0.016567468174701942,-0.0006473848984524079
13,imports,mid_density,random,0.05,1,175923,65,0.9445265883644169,0.9349010437265884,0.009625544637828498,0.009625544637828498,0.06731922488816129,0.0017223444347811258,0.04541191316655582,0.005340148043708142,0.0670313719238482,0.05764573488187685,-0.04959296506202207,-0.0011580940749456637
13,imports,low_density,random,0.05,1,120000,65,0.8729027925447239,0.8645886908023499,0.008314101742374014,0.008314101742374014,0.05429166666666667,0.004516666666666667,0.022833333333333334,0.006221303948576676,0.08333333333333333,0.05038113288030235,-0.03733912880113309,0.005778934594668288
13,imports,high_density,random,0.05,2,184077,65,0.8536367979497891,0.8492943447734024,0.004342453176386707,0.004342453176386707,0.008208521433965135,0.0024391966405362974,0.00036941062707453946,0.004670272519242771,0.0007732808715330293,0.007941951887042435,-0.0002722368000870747,0.0005492120291529165
13,imports,mid_density,random,0.05,2,175923,65,0.9445265883644169,0.9420263011235664,0.002500287240850496,0.002500287240850496,0.047878901564889186,0.012835160837411822,0.0029558386339478067,0.03979555868875573,0.004363038352785213,0.034674557492905426,0.01985421727850727,-0.0015254225750518866
13,imports,low_density,random,0.05,2,120000,65,0.8729027925447239,0.8673496066825632,0.005553185862160692,0.005553185862160692,0.048525,0.025433333333333332,0.005116666666666667,0.03503213957759412,0.01867396593673966,0.04467442625838828,0.024733646947510648,-0.0062187735852755905
13,imports,high_density,random,0.05,3,184077,65,0.8536367979497891,0.8571842961008934,-0.0035474981511043335,-0.0035474981511043335,0.014363554382133563,0.004210194646805413,0.0,0.00806116080715623,0.0,0.015009606089105192,0.013508117455991803,-0.005349637091042884
13,imports,mid_density,random,0.05,3,175923,65,0.9445265883644169,0.9312981363916535,0.013228451972763455,0.013228451972763455,0.06451686249097617,0.03390119540935523,0.0015745525030837356,0.1051110327811068,0.0023241569686952,0.052583351143859945,0.04374161659787592,-0.0009043381956323924
13,imports,low_density,random,0.05,3,120000,65,0.8729027925447239,0.8706670231330671,0.0022357694116568183,0.0022357694116568183,0.0589,0.034341666666666666,0.0024083333333333335,0.04730257116620753,0.008789537712895376,0.0532544696834015,0.04184132605720576,-0.006203297318989679
13,imports,high_density,random,0.05,4,184077,65,0.8536367979497891,0.8524016866482265,0.0012351113015626192,0.0012351113015626192,0.02962890529506674,0.014787290101424946,0.00025532793341916696,0.028312877054295818,0.0005344735435595938,0.02471512687927523,0.022766549097288105,0.0013832853763267924
13,imports,mid_density,random,0.05,4,175923,65,0.9445265883644169,0.9358957864670755,0.008630801897341445,0.008630801897341445,0.0937626120518636,0.04526980553992372,0.0006252735571812668,0.14035953471977441,0.0009229504207814873,0.08562821547938518,0.08223539456592073,0.0037931831080111034
13,imports,low_density,random,0.05,4,120000,65,0.8729027925447239,0.8532912637699155,0.01961152877480843,0.01961152877480843,0.1076,0.07460833333333333,0.003841666666666667,0.10276629935720845,0.014020681265206813,0.09857784757857159,0.09021428751679517,-0.019394288708508605
13,imports,high_density,random,0.05,5,184077,65,0.8536367979497891,0.8539970020190453,-0.000360204069256187,-0.000360204069256187,0.02731465636662918,0.01247304117298739,0.0,0.023881838984813813,0.0,0.023132568484795488,0.02284879069658646,-0.005384470124914584
13,imports,mid_density,random,0.05,5,175923,65,0.9445265883644169,0.9241501605051506,0.0203764278592663,0.0203764278592663,0.11854049783143762,0.06774554776805762,0.0003126367785906334,0.21004582305252026,0.00046147521039074365,0.09478369344669861,0.09202361792179017,0.0010930372304589454
13,imports,low_density,random,0.05,5,120000,65,0.8729027925447239,0.8667364851721707,0.0061663073725531925,0.0061663073725531925,0.10943333333333333,0.0751,0.0011083333333333333,0.1034435261707989,0.004045012165450121,0.10070573439723075,0.09418327357024434,-0.012118940178041606
13,imports,high_density,random,0.05,6,184077,65,0.8536367979497891,0.8547393205234949,-0.0011025225737057998,-0.0011025225737057998,0.020974918104923482,0.007404510069155842,0.0,0.01417724152277928,0.0,0.015152287317727933,0.014520768113471185,-0.004201688939945138
13,imports,mid_density,random,0.05,6,175923,65,0.9445265883644169,0.929088527959913,0.015438060404503906,0.015438060404503906,0.10542112174076158,0.05459775015205516,0.00010231749117511638,0.16928093056045118,0.0001510282506733343,0.0847452267139452,0.08224345153042707,-0.0036792960487240724
13,imports,low_density,random,0.05,6,120000,65,0.8729027925447239,0.8646902395652498,0.008212552979474097,0.008212552979474097,0.101025,0.06824166666666667,0.0006,0.09399678604224058,0.0021897810218978104,0.09085327667357328,0.08622666595553942,-0.012736889955018092
13,imports,high_density,random,0.05,7,184077,65,0.8536367979497891,0.843541118742414,0.010095679207375086,0.010095679207375086,0.05095693649939971,0.027233168728303916,0.0030096101088131597,0.052142708550031204,0.00629996474748968,0.0241430138975151,0.02006699115548342,-0.004230305568566768
13,imports,mid_density,random,0.05,7,175923,65,0.9445265883644169,0.9378739897094769,0.006652598654940056,0.006652598654940056,0.06800702580106069,0.021105824707400397,0.012681684600649147,0.06543884384913641,0.01871911262512271,0.04287160085927406,0.014828108283566172,-0.0041943962759789484
13,imports,low_density,random,0.05,7,120000,65,0.8729027925447239,0.8723810333971769,0.0005217591475470407,0.0005217591475470407,0.0419,0.015975,0.0065583333333333335,0.02200413223140496,0.02393552311435523,0.03914844793655511,0.009536707587779355,-0.0008487585922984989
13,imports,high_density,random,0.05,8,184077,65,0.8536367979497891,0.8525853574149086,0.0010514405348804878,0.0010514405348804878,0.019149595006437523,0.00624195309571538,0.0,0.011951320990222593,0.0,0.012375982963804433,0.009150612830716867,-0.005850448895985241
13,imports,mid_density,random,0.05,8,175923,65,0.9445265883644169,0.9416202390200552,0.002906349344361736,0.002906349344361736,0.03865327444393286,0.011823354535791227,0.00413817408752693,0.036658442016214314,0.0061082536938992975,0.02843991796008721,0.0047916953904279455,-0.0052295790391056075
13,imports,low_density,random,0.05,8,120000,65,0.8729027925447239,0.8636428591726264,0.009259933372097517,0.009259933372097517,0.040375,0.019983333333333332,0.0066166666666666665,0.027525252525252526,0.024148418491484185,0.036994244891506475,0.01215188661620091,-0.004980506714145045
13,imports,high_density,random,0.05,9,184077,65,0.8536367979497891,0.8580694776762319,-0.00443267972644279,-0.00443267972644279,0.02179522699739783,0.007002504386751197,0.0,0.013407530684418556,0.0,0.011893993641680005,0.010799817634233093,-0.0008645277036877451
13,imports,mid_density,random,0.05,9,175923,65,0.9445265883644169,0.9420289797411718,0.0024976086232451067,0.0024976086232451067,0.04526980553992372,0.016171847910733672,0.0015404466726920301,0.05014099400775467,0.0022738142184707552,0.04004781556614351,0.032661074427800765,0.0020120852370066836
13,imports,low_density,random,0.05,9,120000,65,0.8729027925447239,0.8695559661325151,0.0033468264122088476,0.0033468264122088476,0.0442,0.025725,0.0019666666666666665,0.03543388429752066,0.007177615571776156,0.04115712147022298,0.02844910036538802,-0.00623379176691853
13,imports,high_density,random,0.05,10,184077,65,0.8536367979497891,0.849386658317869,0.0042501396319201135,0.0042501396319201135,0.012527366265204235,0.0031617203670203232,0.0,0.006053671728728937,0.0,0.01013803479454301,0.000978564150589739,-0.005517956613098165
13,imports,mid_density,random,0.05,10,175923,65,0.9445265883644169,0.9393449583198139,0.005181630044603036,0.005181630044603036,0.04782205851423634,0.007901184040745099,0.013352432598352688,0.024497708847373987,0.019709186712870124,0.03758756687603336,-0.0015094015956160572,-0.0033805907970944375
13,imports,low_density,random,0.05,10,120000,65,0.8729027925447239,0.8669977983286192,0.0059049942161046864,0.0059049942161046864,0.042166666666666665,0.016041666666666666,0.008708333333333334,0.022095959595959596,0.03178223844282239,0.041125978608597825,0.0035838647743714016,-0.0037256706062809074
13,imports,high_density,random,0.05,11,184077,65,0.8536367979497891,0.8394159994673839,0.014220798482405206,0.014220798482405206,0.005117423686826709,0.0,0.004248222211357204,0.0,0.008892730022629837,0.013720437640328742,-0.008329888200488952,0.0032440500218787567
13,imports,mid_density,random,0.05,11,175923,65,0.9445265883644169,0.939416918847951,0.0051096695164659645,0.0051096695164659645,0.046997834279770126,0.0028535211427726903,0.025846535131847457,0.008847373986605568,0.03815141421175839,0.03716851382515869,-0.018759151917303245,-0.0009868838164177375
13,imports,low_density,random,0.05,11,120000,65,0.8729027925447239,0.861148934217479,0.01175385832724496,0.01175385832724496,0.04679166666666667,0.01665,0.01085,0.022933884297520662,0.0395985401459854,0.044229291701812445,0.0006537587809856279,-0.006242184446701804
13,imports,high_density,random,0.05,12,184077,65,0.8536367979497891,0.8598803279743652,-0.006243530024576116,-0.006243530024576116,0.026907218175002853,0.0075674853458063745,0.0,0.014489286457249844,0.0,0.014974347834722217,0.011224246103714454,-0.00639080392351531
13,imports,mid_density,random,0.05,12,175923,65,0.9445265883644169,0.9345606200280786,0.009965968336338338,0.009965968336338338,0.05385879049356821,0.024749464254247597,0.003336687073321851,0.07673598872047938,0.004925199063624846,0.049974458593833246,0.03309807082825279,-0.0008868562982243843
13,imports,low_density,random,0.05,12,120000,65,0.8729027925447239,0.8687636863059371,0.004139106238786772,0.004139106238786772,0.05930833333333333,0.03339166666666667,0.003108333333333333,0.045994031221303945,0.011344282238442822,0.055772357089126125,0.037987227410484464,-0.005397142750564922
13,imports,high_density,random,0.05,13,184077,65,0.8536367979497891,0.8319334666134679,0.021703331336321185,0.021703331336321185,0.028276210498867322,0.0007333887449273945,0.02227872031812774,0.001404202205117537,0.046635659619955194,0.02709571511094248,-0.02682759818731658,0.0013768719787428383
13,imports,mid_density,random,0.05,13,175923,65,0.9445265883644169,0.9342869188841214,0.010239669480295532,0.010239669480295532,0.1180061731553009,0.0008526457597926365,0.09019855277593038,0.0026436376454000705,0.1331397934269149,0.09922589314376717,-0.0947315610001637,-0.0009296711200552784
13,imports,low_density,random,0.05,13,120000,65,0.8729027925447239,0.8583976248815852,0.014505167663138696,0.014505167663138696,0.099,0.0048,0.048791666666666664,0.006611570247933884,0.17807177615571776,0.09440077446622887,-0.08288718548483064,0.016565590730855333
13,imports,high_density,random,0.05,14,184077,65,0.8536367979497891,0.8495296640386822,0.004107133911106842,0.004107133911106842,0.01732970441717325,0.0,0.014015873791945762,0.0,0.029339186008164937,0.014282088308174883,-0.014118665008863449,-0.0023119206532858268
13,imports,mid_density,random,0.05,14,175923,65,0.9445265883644169,0.9377575690681341,0.006769019296282819,0.006769019296282819,0.05990689108303064,0.0005911677267895613,0.04193311846660187,0.0018329221008107155,0.06189641140095484,0.044992059737799614,-0.04105962403795938,-0.0005473320712846121
13,imports,low_density,random,0.05,14,120000,65,0.8729027925447239,0.8629046029793064,0.009998189565417537,0.009998189565417537,0.0471,0.004941666666666666,0.019016666666666668,0.006806703397612489,0.06940389294403893,0.04529930630828852,-0.031025064337534387,0.003926061480677968
13,imports,high_density,random,0.05,15,184077,65,0.8536367979497891,0.8069295042930047,0.04670729365678439,0.04670729365678439,0.061898010071872095,0.0,0.055346403950520706,0.0,0.11585566939968386,0.05118066690062171,-0.05062548060019238,-0.0021693376240806577
13,imports,mid_density,random,0.05,15,175923,65,0.9445265883644169,0.920459952550701,0.02406663581371593,0.02406663581371593,0.15437435696298948,0.005854834217242771,0.11693752380302747,0.018152978498413817,0.1726085096028796,0.13307845907117932,-0.11507738116059976,0.0026367469331856665
13,imports,low_density,random,0.05,15,120000,65,0.8729027925447239,0.8623306103852616,0.010572182159462318,0.010572182159462318,0.100825,0.003533333333333333,0.05225,0.004866850321395776,0.1906934306569343,0.09248220275161627,-0.08344492372741279,0.009988005122462635
13,imports,high_density,random,0.05,16,184077,65,0.8536367979497891,0.8451789989107009,0.008457799039088165,0.008457799039088165,0.027119086034648545,0.007605512910358166,0.004085246934706671,0.014562096941959642,0.0085515766969535,0.01902385883649123,0.00493378273511918,-0.004685077035800326
13,imports,mid_density,random,0.05,16,175923,65,0.9445265883644169,0.9347194589171143,0.009807129447302665,0.009807129447302665,0.07174161422895244,0.009356366137457866,0.030951041080472707,0.029009517095523442,0.04568604582868362,0.06548378310925407,-0.02960871019725056,0.0069918419786302735
13,imports,low_density,random,0.05,16,120000,65,0.8729027925447239,0.8618944377347351,0.011008354809988852,0.011008354809988852,0.0695,0.004975,0.03269166666666667,0.0068526170798898075,0.11931265206812652,0.06358224153704804,-0.04901916202640156,0.00991770923399052
13,imports,high_density,random,0.05,17,184077,65,0.8536367979497891,0.8600924951333253,-0.006455697183536224,-0.006455697183536224,0.023386952199351357,0.009398240953514018,0.0,0.017994591221135843,0.0,0.020474510963341547,0.013508547113847174,-0.005154262074243621
13,imports,mid_density,random,0.05,17,175923,65,0.9445265883644169,0.9377041314306478,0.00682245693376915,0.00682245693376915,0.04629298045167488,0.016751647027392666,0.008725408275211314,0.051938667606626715,0.012879353599087118,0.036396446125964495,0.006175844657322345,0.00016931302858286387
13,imports,low_density,random,0.05,17,120000,65,0.8729027925447239,0.8652120322264336,0.007690760318290302,0.007690760318290302,0.041433333333333336,0.018408333333333332,0.006691666666666667,0.02535583103764922,0.024422141119221412,0.040269815545573975,0.007615602435204721,-0.0033285923200122645
13,imports,high_density,random,0.05,18,184077,65,0.8536367979497891,0.8584350551291923,-0.004798257179403187,-0.004798257179403187,0.015129538182391065,0.005003340993171336,0.0,0.009579779488246308,0.0,0.01422427360572805,0.011637805445195458,-0.007403921925106853
13,imports,mid_density,random,0.05,18,175923,65,0.9445265883644169,0.9365768635887529,0.007949724775664024,0.007949724775664024,0.05453522279633703,0.0235216543601462,0.002398776737549951,0.07292915051110328,0.003540773432452615,0.04956771284340893,0.03715479386682638,-0.0038831585670255067
13,imports,low_density,random,0.05,18,120000,65,0.8729027925447239,0.8635228883825538,0.00937990416217016,0.00937990416217016,0.060425,0.030733333333333335,0.007358333333333333,0.04233241505968779,0.026855231143552313,0.055601549955324854,0.02782633183895406,-0.010959438832259366
13,imports,high_density,random,0.05,19,184077,65,0.8536367979497891,0.8528419961016641,0.0007948018481249708,0.0007948018481249708,0.0017981605523775376,0.0,0.0009072290400212955,0.0,0.0018990868462649398,0.004128726248367967,-0.001129014258767418,-0.0017070674480128005
13,imports,mid_density,random,0.05,19,175923,65,0.9445265883644169,0.9405682944701074,0.0039582938943095725,0.0039582938943095725,0.030644088606947357,0.005132927473951672,0.012710106125975569,0.015914698625308425,0.018761064916976416,0.02648686560417008,-0.0014751042020541387,-0.0030158638077862243
13,imports,low_density,random,0.05,19,120000,65,0.8729027925447239,0.8689183978205522,0.003984394724171669,0.003984394724171669,0.030025,0.008866666666666667,0.0074,0.012213039485766759,0.027007299270072994,0.02862946879530388,-0.0030006307084363276,-0.0015822496435742503
13,imports,high_density,random,0.05,20,184077,65,0.8536367979497891,0.8579277264704223,-0.004290928520633175,-0.004290928520633175,0.020143744194005768,0.009707893979150029,0.0,0.018587476596629914,0.0,0.00918287358084399,0.005503383175834126,-0.001864873729901908
13,imports,mid_density,random,0.05,20,175923,65,0.9445265883644169,0.9390625049399675,0.005464083424449484,0.005464083424449484,0.04603718672373709,0.014756455949477897,0.0036095337164554946,0.045752555516390556,0.005327941065420404,0.0403926806220052,0.024245656662274677,0.0002665782397101438
13,imports,low_density,random,0.05,20,120000,65,0.8729027925447239,0.8691664182817447,0.0037363742629792362,0.0037363742629792362,0.0495,0.0259,0.004566666666666667,0.03567493112947658,0.016666666666666666,0.045171100569589416,0.02885333591368158,-0.006038588152229854
13,imports,high_density,important,0.1,0,184077,129,0.8536367979497891,0.8035037726374634,0.05013302531232566,0.05013302531232566,0.10927492299418179,0.0023522764929893468,0.09919218587873553,0.004503848554191804,0.20763728578414092,0.08832277855037285,-0.07841775541828498,-0.04293464603154784
13,imports,mid_density,important,0.1,0,175923,129,0.9445265883644169,0.8079905562448314,0.13653603211958554,0.13653603211958554,0.28860353677461165,0.052369502566463735,0.18788901962790538,0.16237222418047234,0.2773382109864662,0.2270461353453741,-0.10942544115944983,-0.10471925505351372
13,imports,low_density,important,0.1,0,120000,129,0.8729027925447239,0.736131571535416,0.13677122100930794,0.13677122100930794,0.21575,0.092225,0.07173333333333333,0.12703168044077134,0.26180048661800487,0.19498229269012826,0.013444016774960887,-0.05573123540416018
13,imports,high_density,random,0.1,1,184077,129,0.8536367979497891,0.8297092757408103,0.023927522208978758,0.023927522208978758,0.021165055927682436,0.0007333887449273945,0.01576514176132814,0.001404202205117537,0.03300089837042428,0.02596701518862565,-0.023544637476021656,-0.00028171970940747546
13,imports,mid_density,random,0.1,1,175923,129,0.9445265883644169,0.9244149550311506,0.020111633333266377,0.020111633333266377,0.0978382587836724,0.003359424293582988,0.0696270527446667,0.010415932322876277,0.10277472458320398,0.09120779776085426,-0.07363264945876452,0.00793108526034106
13,imports,low_density,random,0.1,1,120000,129,0.8729027925447239,0.8564322797972537,0.016470512747470245,0.016470512747470245,0.0826,0.009375,0.03569166666666666,0.012913223140495868,0.13026155717761556,0.0781592900107551,-0.05099902309344471,0.010185506010120042
13,imports,high_density,random,0.1,2,184077,129,0.8536367979497891,0.8534956518824627,0.0001411460673264031,0.0001411460673264031,0.06765103733763587,0.040553681339874074,0.0,0.07764718119409195,0.0,0.040993877754588307,0.040823157656162096,0.004074205938765672
13,imports,mid_density,random,0.1,2,175923,129,0.9445265883644169,0.9296549889655121,0.014871599398904811,0.014871599398904811,0.1487355263382275,0.08260432120871063,0.0010800179624040063,0.2561156150863588,0.0015941870904407508,0.12321856751259726,0.11751718467888501,0.012353876116956677
13,imports,low_density,random,0.1,2,120000,129,0.8729027925447239,0.859072555312861,0.01383023723186294,0.01383023723186294,0.16844166666666666,0.12215,0.0003,0.16825068870523416,0.0010948905109489052,0.15421953453562734,0.1513669264967775,-0.018236368483319727
13,imports,high_density,random,0.1,3,184077,129,0.8536367979497891,0.82359488849033,0.03004190945945906,0.03004190945945906,0.034751761491115134,0.0035311309940948624,0.018964889692900253,0.006760973580195548,0.03969887533120302,0.027523184019146458,-0.013666075668812831,-0.009292222945471667
13,imports,mid_density,random,0.1,3,175923,129,0.9445265883644169,0.9197764030978023,0.024750185266614655,0.024750185266614655,0.1172103704461611,0.006787060247949387,0.08345696696850327,0.02104335565738456,0.12318870979921633,0.10325627556496395,-0.07804766249336823,0.0012978267571091893
13,imports,low_density,random,0.1,3,120000,129,0.8729027925447239,0.860236952059022,0.012665840485701962,0.012665840485701962,0.084575,0.007266666666666667,0.03691666666666667,0.010009182736455464,0.1347323600973236,0.07908739053108449,-0.056485184930939035,0.006900748789198692
13,imports,high_density,random,0.1,4,184077,129,0.8536367979497891,0.7653077864084188,0.0883290115413703,0.0883290115413703,0.04796905642747329,0.0,0.04432384273972305,0.0,0.09278233280644098,0.045663350838310156,-0.04514834075486136,-0.0016014670833067104
13,imports,mid_density,random,0.1,4,175923,129,0.9445265883644169,0.9183676529008209,0.026158935463596045,0.026158935463596045,0.1608942548728705,0.0003240053887212019,0.12960215548848075,0.0010045823052520267,0.1913024508528901,0.147784691920562,-0.14653953592751567,0.010541289030150175
13,imports,low_density,random,0.1,4,120000,129,0.8729027925447239,0.8386889638128128,0.034213828731911144,0.034213828731911144,0.134925,0.00305,0.07436666666666666,0.004201101928374655,0.2714111922141119,0.13055964306740447,-0.12199505276749487,0.02499688705863146
13,imports,high_density,random,0.1,5,184077,129,0.8536367979497891,0.8476716319824811,0.005965165967308006,0.005965165967308006,0.07226323766684593,0.04101544462371725,0.0038516490381742424,0.07853130850842521,0.008062590263484085,0.04713202016744287,0.04515723609779395,0.011276075597616234
13,imports,mid_density,random,0.1,5,175923,129,0.9445265883644169,0.9237793721902963,0.020747216174120675,0.020747216174120675,0.1254696657060191,0.054768279304013685,0.012960215548848075,0.1698096580895312,0.01913024508528901,0.10241366807541719,0.07639221997563701,0.01047161800117051
13,imports,low_density,random,0.1,5,120000,129,0.8729027925447239,0.8544978468535722,0.018404945691151697,0.018404945691151697,0.11906666666666667,0.08254166666666667,0.0024916666666666668,0.11369375573921028,0.00909367396593674,0.11330879864061,0.10226926335397317,-0.019918894292718287
13,imports,high_density,random,0.1,6,184077,129,0.8536367979497891,0.7475186322505758,0.10611816569921328,0.10611816569921328,0.09899118303753321,0.0,0.09196151610467358,0.0,0.19250144990163412,0.07408266109250425,-0.07408266109250425,0.0033764397305007876
13,imports,mid_density,random,0.1,6,175923,129,0.9445265883644169,0.9246735239228071,0.019853064441609836,0.019853064441609836,0.21159257175014068,0.00028989955832949644,0.17727073776595442,0.000898836799436024,0.2616648347499224,0.1846842817118535,-0.18374030609229233,0.01208698556748596
13,imports,low_density,random,0.1,6,120000,129,0.8729027925447239,0.864167340954055,0.008735451590668908,0.008735451590668908,0.137725,0.0018916666666666667,0.07600833333333333,0.002605601469237833,0.27740267639902677,0.1313752335808506,-0.12520729395601501,0.024910187762301788
13,imports,high_density,random,0.1,7,184077,129,0.8536367979497891,0.8406288864785494,0.013007911471239697,0.013007911471239697,0.017139566594414294,0.0007768488187008697,0.010109899661554676,0.0014874141876430205,0.021162877969455405,0.017483113435839352,-0.010120828872494604,-0.008431848667981546
13,imports,mid_density,random,0.1,7,175923,129,0.9445265883644169,0.9315892306571047,0.012937357707312191,0.012937357707312191,0.08220073554907545,0.004735026119381775,0.05164759582317264,0.014681001057455059,0.07623570475655085,0.06692167047756889,-0.049407999301181435,-0.012371882996938997
13,imports,low_density,random,0.1,7,120000,129,0.8729027925447239,0.8608961911263151,0.012006601418408813,0.012006601418408813,0.06535833333333334,0.008658333333333334,0.026225,0.011926078971533517,0.09571167883211679,0.06241083212773231,-0.03653868080156698,0.0024337139225740555
13,imports,high_density,random,0.1,8,184077,129,0.8536367979497891,0.8476379424705819,0.005998855479207199,0.005998855479207199,0.05275509705177724,0.026668187769248737,0.002433764131314613,0.051060952777199915,0.005094556330099958,0.035367298908148576,0.012874684788230714,-0.0029414195067653014
13,imports,mid_density,random,0.1,8,175923,129,0.9445265883644169,0.9268921884746801,0.017634399889736807,0.017634399889736807,0.09122741199274682,0.014097076561904924,0.04447400283078392,0.04370814240394783,0.06564694629267596,0.07968052313983973,-0.03315088541503762,-0.0040032950724549965
13,imports,low_density,random,0.1,8,120000,129,0.8729027925447239,0.861870614775548,0.011032177769175866,0.011032177769175866,0.07356666666666667,0.01721666666666667,0.023233333333333335,0.023714416896235078,0.08479318734793187,0.0680147055407986,-0.019942941321718317,-4.511073711190498e-05
13,imports,high_density,random,0.1,9,184077,129,0.8536367979497891,0.8408663540091025,0.012770443940686604,0.012770443940686604,0.06113745878083628,0.015759709252106454,0.03202464186182956,0.030174745163303516,0.06703662849540011,0.039219637526825356,0.00928206512838702,-0.01086859542986351
13,imports,mid_density,random,0.1,9,175923,129,0.9445265883644169,0.8809874594115273,0.0635391289528896,0.0635391289528896,0.1920271937154323,0.09838395206993969,0.030530402505641673,0.30504053577722945,0.0450651519092488,0.16189247128158823,0.10613398766529455,-0.0025356877711427478
13,imports,low_density,random,0.1,9,120000,129,0.8729027925447239,0.8435439265679914,0.02935886597673254,0.02935886597673254,0.19573333333333334,0.14158333333333334,0.004733333333333333,0.19501836547291093,0.01727493917274939,0.18112649099345407,0.16830392184019624,-0.018629051305242457
13,imports,high_density,random,0.1,10,184077,129,0.8536367979497891,0.8422144705459715,0.011422327403817545,0.011422327403817545,0.01617257995295447,0.0022816538731074494,0.004476387598667949,0.004368629082587893,0.009370344678576708,0.019376745794627677,-0.00950233119143515,0.002851516991512038
13,imports,mid_density,random,0.1,10,175923,129,0.9445265883644169,0.9351902342422852,0.00933635412213174,0.00933635412213174,0.05231265951581089,0.010186274676989364,0.013829914223836564,0.031582657737046174,0.02041398521601235,0.05048451989724888,-0.004073012622424557,-0.008701812382512657
13,imports,low_density,random,0.1,10,120000,129,0.8729027925447239,0.8563863531982622,0.016516439346461742,0.016516439346461742,0.06993333333333333,0.025941666666666665,0.017508333333333334,0.03573232323232323,0.06389902676399027,0.06508882542988717,0.005665273201504431,-0.008572823884033706
13,imports,high_density,random,0.1,11,184077,129,0.8536367979497891,0.8513355657092284,0.002301232240560669,0.002301232240560669,0.03943458444020709,0.02202882489393026,0.0038516490381742424,0.042178073642604536,0.008062590263484085,0.03128106000135782,0.029413758397115672,-0.00670127913422192
13,imports,mid_density,random,0.1,11,175923,129,0.9445265883644169,0.9271600257618127,0.017366562602604274,0.017366562602604274,0.1228037266304008,0.06596067597755836,0.005110190253690535,0.20451180824814946,0.007543022075295973,0.10210242494183103,0.08852233586712352,-0.0019360160873895867
13,imports,low_density,random,0.1,11,120000,129,0.8729027925447239,0.8578799453211053,0.015022847223618574,0.015022847223618574,0.12319166666666667,0.083775,0.002616666666666667,0.11539256198347107,0.009549878345498784,0.11356008070394503,0.10181748228702818,-0.018249893790125846
13,imports,high_density,random,0.1,12,184077,129,0.8536367979497891,0.8300256595513275,0.02361113839846163,0.02361113839846163,0.024880892235314568,0.0074588351613726865,0.014200579105483032,0.014281256500936135,0.02972582644393145,0.015914545724548215,-0.009390912004588628,-0.0011402115989489472
13,imports,mid_density,random,0.1,12,175923,129,0.9445265883644169,0.9179636782824276,0.0265629100819893,0.0265629100819893,0.09691171705803107,0.013693490902269742,0.05576871699550372,0.042456820585125135,0.08231878707533792,0.07948537820479193,-0.03474665233203037,-0.018120710144013966
13,imports,low_density,random,0.1,12,120000,129,0.8729027925447239,0.8562813040058291,0.01662148853889478,0.01662148853889478,0.070525,0.026208333333333333,0.018975,0.03609963269054178,0.06925182481751825,0.06379882346870917,-0.000407899387538297,-0.007805002499297878
13,imports,high_density,random,0.1,13,184077,129,0.8536367979497891,0.8397754972657476,0.013861300684041455,0.013861300684041455,0.016596315672245853,0.0031182602932468477,0.006980774349864459,0.005970459746203453,0.014612734116469746,0.01700006036686368,-0.00337655863614057,0.0003586307608768272
13,imports,mid_density,random,0.1,13,175923,129,0.9445265883644169,0.9333374059490467,0.011189182415370258,0.011189182415370258,0.08655491322908318,0.008992570613279674,0.04553696787799208,0.027881565033486076,0.0672159620080045,0.06752096662087068,-0.030677947763847822,0.0009065632973089437
13,imports,low_density,random,0.1,13,120000,129,0.8729027925447239,0.8575035630930519,0.015399229451672047,0.015399229451672047,0.07263333333333333,0.0146,0.023983333333333332,0.020110192837465565,0.08753041362530414,0.06962307094979424,-0.02662045995267503,-0.0004959998864376166
13,imports,high_density,random,0.1,14,184077,129,0.8536367979497891,0.8416199907086401,0.012016807241148952,0.012016807241148952,0.05076136616741907,0.02655953758481505,0.00524237139892545,0.05085292282088621,0.01097376530925549,0.02829721955841457,0.018945691244350426,-0.004506230823459684
13,imports,mid_density,random,0.1,14,175923,129,0.9445265883644169,0.924006874056774,0.02051971430764299,0.02051971430764299,0.09648539417813476,0.043473565139293895,0.013756018257987869,0.13479027141346492,0.02030490925719272,0.0790263093803357,0.04924698595737043,-0.008031051215897941
13,imports,low_density,random,0.1,14,120000,129,0.8729027925447239,0.8558490004348395,0.017053792109884447,0.017053792109884447,0.08874166666666666,0.0504,0.008341666666666667,0.06942148760330578,0.03044403892944039,0.08022467201201632,0.0464170462265896,-0.015676438381954132
13,imports,high_density,random,0.1,15,184077,129,0.8536367979497891,0.8236695438430863,0.029967254106702756,0.029967254106702756,0.018122850763539172,0.0,0.015031753016400745,0.0,0.03146570840488077,0.019791984492013113,-0.018280424542375502,0.00316245250558873
13,imports,mid_density,random,0.1,15,175923,129,0.9445265883644169,0.9263773111908713,0.01814927717354564,0.01814927717354564,0.07536820086060379,0.00503629428784184,0.04881681190066108,0.01561508635882975,0.07205725648792194,0.0757813834059876,-0.05405024510882874,-0.003647585789249418
13,imports,low_density,random,0.1,15,120000,129,0.8729027925447239,0.8554169045785772,0.017485887966146696,0.017485887966146696,0.071925,0.011708333333333333,0.028041666666666666,0.016127180899908174,0.1023418491484185,0.0685334038227107,-0.034765973287004724,0.00022004466602904013
13,imports,high_density,random,0.1,16,184077,129,0.8536367979497891,0.7914309243209533,0.062205873628835784,0.062205873628835784,0.057818195646387106,0.0007333887449273945,0.051750082845765634,0.001404202205117537,0.10832755267975937,0.05258415081615836,-0.052193671971593227,-0.004637378692913011
13,imports,mid_density,random,0.1,16,175923,129,0.9445265883644169,0.9220538647405054,0.022472723623911506,0.022472723623911506,0.17088726317764022,0.0004320071849616025,0.13812861308640711,0.001339443073669369,0.20388813840900127,0.1568505606297427,-0.15493390716061173,0.016138054525269487
13,imports,low_density,random,0.1,16,120000,129,0.8729027925447239,0.8530303674393236,0.019872425105400326,0.019872425105400326,0.13881666666666667,0.000875,0.07798333333333334,0.0012052341597796144,0.28461070559610707,0.13682240308535742,-0.13380965983486356,0.03186690557073408
13,imports,high_density,random,0.1,17,184077,129,0.8536367979497891,0.8490744293342427,0.004562368615546375,0.004562368615546375,0.052244441184938914,0.026206424485405565,0.007572917855028059,0.050176825462866656,0.015852257866427102,0.02692520138140965,0.00844461768770487,-0.0067158892334396965
13,imports,mid_density,random,0.1,17,175923,129,0.9445265883644169,0.9302785389515317,0.014248049412885266,0.014248049412885266,0.0890730603730041,0.011249239724197519,0.05043115453920181,0.034878392668311595,0.07444014666521231,0.07366177250481566,-0.04980051940882486,0.005900718786203771
13,imports,low_density,random,0.1,17,120000,129,0.8729027925447239,0.8638690109385717,0.009033781606152202,0.009033781606152202,0.07280833333333334,0.0074333333333333335,0.029325,0.010238751147842057,0.10702554744525547,0.06822839409501331,-0.04447135349708339,0.007069772120111612
13,imports,high_density,random,0.1,18,184077,129,0.8536367979497891,0.8577823473907988,-0.004145549441009755,-0.004145549441009755,0.027923097399457836,0.009821976672805401,0.0012277470841006752,0.01880590805075931,0.0025700217200950682,0.020053467468286967,0.015325149161125918,-0.007178731422753981
13,imports,mid_density,random,0.1,18,175923,129,0.9445265883644169,0.9327497204405446,0.011776867923872336,0.011776867923872336,0.06007742023498917,0.026636653535921966,0.005655883539957823,0.0825872400422982,0.00834850607888709,0.05606993171902563,0.037232657049660375,0.004558501938758243
13,imports,low_density,random,0.1,18,120000,129,0.8729027925447239,0.8716394268874881,0.0012633656572358376,0.0012633656572358376,0.07619166666666667,0.04095,0.004575,0.05640495867768595,0.0166970802919708,0.07066770449904738,0.046102245387765466,-0.007941858327107908
13,imports,high_density,random,0.1,19,184077,129,0.8536367979497891,0.8399076264029908,0.013729171546798313,0.013729171546798313,0.025380683083709533,0.0008909315123562423,0.01653112556158564,0.0017058456417724153,0.034604319001103064,0.016982092183628426,-0.006081918864471623,-0.0014123407416940053
13,imports,mid_density,random,0.1,19,175923,129,0.9445265883644169,0.9185666672831104,0.025959921081306514,0.025959921081306514,0.0877372486826623,0.02476651716944345,0.028120257157961154,0.07678886147338738,0.041507597560054704,0.07864218021881804,0.013516237200627798,-0.009992287851162966
13,imports,low_density,random,0.1,19,120000,129,0.8729027925447239,0.860026135225569,0.012876657319154883,0.012876657319154883,0.09019166666666667,0.04443333333333333,0.013083333333333334,0.06120293847566575,0.047749391727493914,0.08210682396055885,0.034815916491519945,-0.01307911603807011
13,imports,high_density,random,0.1,20,184077,129,0.8536367979497891,0.8525267033383268,0.0011100946114622756,0.0011100946114622756,0.032269104776805356,0.009941491875682459,0.011924357741597266,0.01903474100270439,0.024961051661985284,0.014754056429797097,0.005346002826058882,-0.007418314625721701
13,imports,mid_density,random,0.1,20,175923,129,0.9445265883644169,0.9330596112403408,0.011466977124076183,0.011466977124076183,0.07522609323397168,0.021480988841709157,0.01643901024880203,0.06660204441311245,0.024265205608182374,0.05755747776740826,0.018984713106416817,-0.006109068301039135
13,imports,low_density,random,0.1,20,120000,129,0.8729027925447239,0.8684514458620713,0.004451346682652568,0.004451346682652568,0.0703,0.03494166666666667,0.0071333333333333335,0.04812901744719927,0.026034063260340634,0.06362395561252117,0.03117042282575591,-0.006567842299401391
42,header,high_density,important,0.01,0,120000,1,0.9956252166333168,0.9942749945331454,0.0013502221001714387,0.0013502221001714387,0.017275,0.006008333333333333,0.0,0.020436507936507937,0.0,0.0565093934915898,0.0565093934915898,-0.04298812771240884
42,header,mid_density,important,0.01,0,240000,1,0.9358777246564922,0.809545122024794,0.1263326026316982,0.1263326026316982,0.23603333333333334,0.2143,0.0,0.3299693973785679,0.0,0.20565967005597807,0.20565967005597807,-0.11035708627994696
42,header,low_density,important,0.01,0,120000,1,0.8829997447947029,0.7748813540441212,0.10811839075058172,0.10811839075058172,0.18231666666666665,0.14708333333333334,0.0,0.36130273689382,0.0,0.13884933847647604,0.13884933847647604,-0.03801628951458477
42,header,high_density,random,0.01,1,120000,1,0.9956252166333168,0.9956252166333168,0.0,0.0,0.0,0.0,0.0,0.0,0.0,2.7898391689975173e-08,-2.7898391689975173e-08,-2.7898391689975173e-08
42,header,mid_density,random,0.01,1,240000,1,0.9358777246564922,0.9358767214852997,1.0031711925595488e-06,1.0031711925595488e-06,0.0,0.0,0.0,0.0,0.0,8.075845697537447e-06,-8.075845697537447e-06,-8.075845697537447e-06
42,header,low_density,random,0.01,1,120000,1,0.8829997447947029,0.8830310820810908,-3.133728638793354e-05,-3.133728638793354e-05,0.0002916666666666667,0.0,9.166666666666667e-05,0.0,0.00015460512445712518,0.00031927170514060534,-0.00031927170514060534,-0.000142007968103225
42,header,high_density,random,0.01,2,120000,1,0.9956252166333168,0.9915226767741248,0.004102539859192067,0.004102539859192067,0.664575,0.0,0.6564833333333333,0.0,0.9298630783758263,0.6385359724747444,-0.6385359724747444,0.07679660307848199
42,header,mid_density,random,0.01,2,240000,1,0.9358777246564922,0.9348067684507728,0.0010709562057193978,0.0010709562057193978,0.301575,0.0,0.24944583333333334,0.0,0.7115926352949566,0.31508677541069235,-0.31508677541069235,0.13784671685556346
42,header,low_density,random,0.01,2,120000,1,0.8829997447947029,0.8743539575467231,0.00864578724797982,0.00864578724797982,0.5493583333333333,0.0,0.46665833333333334,0.0,0.7870665785885957,0.5249411880121838,-0.5249411880121838,0.1587233523043952
42,header,high_density,random,0.01,3,120000,1,0.9956252166333168,0.9956025604686318,2.265616468499765e-05,2.265616468499765e-05,0.008533333333333334,0.0,0.007816666666666666,0.0,0.01107176581680831,0.02235344518717116,-0.02235344518717116,-0.009968157391177481
42,header,mid_density,random,0.01,3,240000,1,0.9358777246564922,0.935769432688501,0.00010829196799122531,0.00010829196799122531,0.034166666666666665,0.0,0.021245833333333332,0.0,0.060607861549250575,0.036252285908572573,-0.036252285908572573,0.004836891151975945
42,header,low_density,random,0.01,3,120000,1,0.8829997447947029,0.8832890741551642,-0.0002893293604613323,-0.0002893293604613323,0.0602,0.0,0.041133333333333334,0.0,0.06937553584730635,0.041155090782988644,-0.041155090782988644,-0.0022724425758832863
42,header,high_density,random,0.01,4,120000,1,0.9956252166333168,0.9955660866113049,5.9130022011966155e-05,5.9130022011966155e-05,0.0,0.0,0.0,0.0,0.0,0.00019518267037898417,-0.00019518267037898417,0.00019518267037898414
42,header,mid_density,random,0.01,4,240000,1,0.9358777246564922,0.935890938682139,-1.321402564680163e-05,-1.321402564680163e-05,0.0006583333333333334,0.0,0.0003958333333333333,0.0,0.001129191380109591,0.0013697893171304408,-0.0013697893171304408,0.0010559018520596812
42,header,low_density,random,0.01,4,120000,1,0.8829997447947029,0.8829283358657523,7.140892895063367e-05,7.140892895063367e-05,0.0011666666666666668,0.0,0.0007083333333333334,0.0,0.0011946759617141491,0.0009732249615308654,-0.0009732249615308654,0.00027191424056827125
42,header,high_density,random,0.01,5,120000,1,0.9956252166333168,0.9943613878999035,0.0012638287334133524,0.0012638287334133524,0.09111666666666667,0.0,0.08314166666666667,0.0,0.11776440037771482,0.1685246105806006,-0.1685246105806006,-0.08088329248973702
42,header,mid_density,random,0.01,5,240000,1,0.9358777246564922,0.9321226849811245,0.0037550396753677218,0.0037550396753677218,0.17990416666666667,0.0,0.13637916666666666,0.0,0.3890480322354423,0.15663155707424117,-0.15663155707424117,0.0414608726737835
42,header,low_density,random,0.01,5,120000,1,0.8829997447947029,0.8781229435804908,0.004876801214212079,0.004876801214212079,0.25665,0.0,0.19319166666666668,0.0,0.32583732729904846,0.20205301443606724,-0.20205301443606724,0.020730515250610544
42,header,high_density,random,0.01,6,120000,1,0.9956252166333168,0.9957990980760418,-0.00017388144272501016,-0.00017388144272501016,0.0,0.0,0.0,0.0,0.0,0.004481303838464905,0.004481303838464905,0.003776561918219157
42,header,mid_density,random,0.01,6,240000,1,0.9358777246564922,0.9357904457887027,8.727886778947536e-05,8.727886778947536e-05,0.0121,0.007025,0.0,0.010816775625685672,0.0,0.008152434354681954,0.008152434354681954,0.0006563639272721837
42,header,low_density,random,0.01,6,120000,1,0.8829997447947029,0.8812157362903481,0.0017840085043547838,0.0017840085043547838,0.011816666666666666,0.00485,0.0,0.01191377863298602,0.0,0.0099121121927614,0.0099121121927614,0.00150653646415938
42,header,high_density,random,0.01,7,120000,1,0.9956252166333168,0.995628708862755,-3.492229438184502e-06,-3.492229438184502e-06,0.0,0.0,0.0,0.0,0.0,0.0001492243219013948,0.0001492243219013948,9.6911411673076e-06
42,header,mid_density,random,0.01,7,240000,1,0.9358777246564922,0.935801078259475,7.664639701721043e-05,7.664639701721043e-05,0.0015,0.001125,0.0,0.0017322238546471716,0.0,0.0014022501065392478,0.0014022501065392478,-0.00035381687490741265
42,header,low_density,random,0.01,7,120000,1,0.8829997447947029,0.8823502658032637,0.0006494789914391896,0.0006494789914391896,0.004208333333333333,0.0018333333333333333,0.0,0.004503490204908804,0.0,0.0029915903405555826,0.0029915903405555826,-0.0006034899313173179
42,header,high_density,random,0.01,8,120000,1,0.9956252166333168,0.9919773354041805,0.003647881229136285,0.003647881229136285,0.6581916666666666,0.0,0.6501,0.0,0.9208215297450425,0.6175461211791721,-0.6175461211791721,0.05980056264708105
42,header,mid_density,random,0.01,8,240000,1,0.9358777246564922,0.8950877364217578,0.04078998823473445,0.04078998823473445,0.2965291666666667,0.0,0.2444,0.0,0.6971984167548229,0.30701813867309125,-0.30701813867309125,0.13218139027592973
42,header,low_density,random,0.01,8,120000,1,0.8829997447947029,0.8198760892180262,0.06312365557667665,0.06312365557667665,0.5235916666666667,0.0,0.4413916666666667,0.0,0.7444517842836863,0.49625435616336294,-0.49625435616336294,0.1457240871767462
42,header,high_density,random,0.01,9,120000,1,0.9956252166333168,0.9952213067415351,0.00040390989178173964,0.00040390989178173964,0.05594166666666667,0.0,0.051525,0.0,0.07298158640226629,0.05637110105484645,-0.05637110105484645,-0.021420130369953817
42,header,mid_density,random,0.01,9,240000,1,0.9358777246564922,0.9362151039779212,-0.00033737932142896554,-0.00033737932142896554,0.0902875,0.0,0.0620375,0.0,0.17697400482580739,0.0780554765004056,-0.0780554765004056,0.012263342220826196
42,header,low_density,random,0.01,9,120000,1,0.8829997447947029,0.8843677162177146,-0.0013679714230117046,-0.0013679714230117046,0.13200833333333334,0.0,0.09469166666666666,0.0,0.1597070935642103,0.09491826648126934,-0.09491826648126934,-0.0009248468439699326
42,header,high_density,random,0.01,10,120000,1,0.9956252166333168,0.9947728453299008,0.0008523713034159774,0.0008523713034159774,0.10855,0.0,0.10084166666666666,0.0,0.14283522190745987,0.1258553217338256,-0.1258553217338256,-0.05732468343233245
42,header,mid_density,random,0.01,10,240000,1,0.9358777246564922,0.9278664485480326,0.008011276108459642,0.008011276108459642,0.163775,0.0,0.121425,0.0,0.3463883705174074,0.13967450556620803,-0.13967450556620803,0.03042622313892348
42,header,low_density,random,0.01,10,120000,1,0.8829997447947029,0.8688008013145443,0.014198943480158599,0.014198943480158599,0.232475,0.0,0.17424166666666666,0.0,0.2938762315703664,0.18338120150572287,-0.18338120150572287,0.010025907578977056
42,header,high_density,random,0.01,11,120000,1,0.9956252166333168,0.9956417175679684,-1.6500934651553223e-05,-1.6500934651553223e-05,0.01721666666666667,0.004091666666666667,0.0,0.013917233560090702,0.0,0.017487210938683766,0.017487210938683766,0.0058495974820498295
42,header,mid_density,random,0.01,11,240000,1,0.9358777246564922,0.9359569567263044,-7.923206981219622e-05,-7.923206981219622e-05,0.03211666666666667,0.016275,0.0,0.02505950509722908,0.0,0.030995739349635096,0.030995739349635096,-0.0034368557403758244
42,header,low_density,random,0.01,11,120000,1,0.8829997447947029,0.8813616064832072,0.0016381383114957293,0.0016381383114957293,0.037325,0.015266666666666666,0.0,0.03750179116087695,0.0,0.033411603868770394,0.033411603868770394,0.004218992026990813
42,header,high_density,random,0.01,12,120000,1,0.9956252166333168,0.9943613878999035,0.0012638287334133524,0.0012638287334133524,0.09111666666666667,0.0,0.08314166666666667,0.0,0.11776440037771482,0.1685246105806006,-0.1685246105806006,-0.08088329248973702
42,header,mid_density,random,0.01,12,240000,1,0.9358777246564922,0.9321226849811245,0.0037550396753677218,0.0037550396753677218,0.17990416666666667,0.0,0.13637916666666666,0.0,0.3890480322354423,0.15663155707424117,-0.15663155707424117,0.0414608726737835
42,header,low_density,random,0.01,12,120000,1,0.8829997447947029,0.8781229435804908,0.004876801214212079,0.004876801214212079,0.25665,0.0,0.19319166666666668,0.0,0.32583732729904846,0.20205301443606724,-0.20205301443606724,0.020730515250610544
42,header,high_density,random,0.01,13,120000,1,0.9956252166333168,0.9949254525444896,0.000699764088827215,0.000699764088827215,0.00435,0.0006833333333333333,0.0,0.0023242630385487528,0.0,0.006414009562983625,0.006414009562983625,0.0001761246232919552
42,header,mid_density,random,0.01,13,240000,1,0.9358777246564922,0.936400155852646,-0.0005224311961538053,-0.0005224311961538053,0.0184125,0.0111625,0.0,0.017187510024443603,0.0,0.012247563481276532,0.012247563481276532,-0.0009459312586436964
42,header,low_density,random,0.01,13,120000,1,0.8829997447947029,0.8850821596805001,-0.0020824148857971903,-0.0020824148857971903,0.014933333333333333,0.00525,0.0,0.01289635831405703,0.0,0.011972555568354507,0.011972555568354507,0.0033651190624201083
42,header,high_density,random,0.01,14,120000,1,0.9956252166333168,0.9951185830702284,0.0005066335630884433,0.0005066335630884433,0.00023333333333333333,9.166666666666667e-05,0.0,0.00031179138321995464,0.0,0.004889173501006052,0.004889173501006052,0.0022529440779000456
42,header,mid_density,random,0.01,14,240000,1,0.9358777246564922,0.9363347449729832,-0.00045702031649097474,-0.00045702031649097474,0.001725,0.0006875,0.0,0.001058581244506605,0.0,0.0018367621669808775,0.0018367621669808775,-0.00015179032269456853
42,header,low_density,random,0.01,14,120000,1,0.8829997447947029,0.8830829625685979,-8.321777389497242e-05,-8.321777389497242e-05,0.004058333333333333,0.0017166666666666667,0.0,0.004216904464596426,0.0,0.0036608062083989174,0.0036608062083989174,0.0008852149628105813
42,header,high_density,random,0.01,15,120000,1,0.9956252166333168,0.9953216914421577,0.00030352519115917076,0.00030352519115917076,0.030233333333333334,0.014791666666666667,0.0,0.05031179138321996,0.0,0.029753555965653187,0.029753555965653187,0.009494834157628383
42,header,mid_density,random,0.01,15,240000,1,0.9358777246564922,0.9356363309357211,0.00024139372077114363,0.00024139372077114363,0.05555416666666667,0.030916666666666665,0.0,0.04760407778326672,0.0,0.05856855705248872,0.05856855705248872,-0.008817232847891732
42,header,low_density,random,0.01,15,120000,1,0.8829997447947029,0.8835851351096504,-0.0005853903149475315,-0.0005853903149475315,0.06308333333333334,0.028791666666666667,0.0,0.07072526662709054,0.0,0.06259723934741038,0.06259723934741038,0.008911049489665347
42,header,high_density,random,0.01,16,120000,1,0.9956252166333168,0.9956252166333168,0.0,0.0,0.0,0.0,0.0,0.0,0.0,2.0936080133149292e-10,-2.0936080133149292e-10,-2.0936080133149292e-10
42,header,mid_density,random,0.01,16,240000,1,0.9358777246564922,0.9358116474362839,6.607722020834927e-05,6.607722020834927e-05,0.000275,0.0,0.000275,0.0,0.0007844908535498211,8.629928110366864e-05,-8.629928110366864e-05,-1.5972763814398515e-05
42,header,low_density,random,0.01,16,120000,1,0.8829997447947029,0.883276117915384,-0.00027637312068107267,-0.00027637312068107267,0.00011666666666666667,0.0,4.1666666666666665e-05,0.0,7.027505657142054e-05,0.00019864593953975031,-0.00019864593953975031,-7.276547578638203e-05
42,header,high_density,random,0.01,17,120000,1,0.9956252166333168,0.9947859273056877,0.0008392893276291113,0.0008392893276291113,0.163775,0.0,0.15568333333333334,0.0,0.22051463644948063,0.26381095438507624,-0.26381095438507624,-0.12291460304881935
42,header,mid_density,random,0.01,17,240000,1,0.9358777246564922,0.9307163849268355,0.005161339729656711,0.005161339729656711,0.24003333333333332,0.0,0.18824583333333333,0.0,0.5370077617049601,0.21762385879666077,-0.21762385879666077,0.07118841773062808
42,header,low_density,random,0.01,17,120000,1,0.8829997447947029,0.8888371401893908,-0.005837395394687861,-0.005837395394687861,0.34675,0.0,0.26881666666666665,0.0,0.45338655497617675,0.28730516529075906,-0.28730516529075906,0.04478461991777373
42,header,high_density,random,0.01,18,120000,1,0.9956252166333168,0.9956252166333168,0.0,0.0,0.0,0.0,0.0,0.0,0.0,9.85800133831836e-07,-9.85800133831836e-07,-9.85800133831836e-07
42,header,mid_density,random,0.01,18,240000,1,0.9358777246564922,0.9358777246564921,1.1102230246251565e-16,1.1102230246251565e-16,0.0,0.0,0.0,0.0,0.0,1.2984754288657326e-07,-1.2984754288657326e-07,-1.2984754288657326e-07
42,header,low_density,random,0.01,18,120000,1,0.8829997447947029,0.8829061619138989,9.358288080396626e-05,9.358288080396626e-05,0.0009416666666666667,0.0,0.0005583333333333333,0.0,0.0009416857580570353,0.0007833846328598388,-0.0007833846328598388,-0.00017303436071742172
42,header,high_density,random,0.01,19,120000,1,0.9956252166333168,0.9956420728800649,-1.6856246748075954e-05,-1.6856246748075954e-05,0.07585833333333333,0.044675,0.0,0.15195578231292517,0.0,0.0937332029583531,0.0937332029583531,0.03023086642562911
42,header,mid_density,random,0.01,19,240000,1,0.9358777246564922,0.9330144609329704,0.0028632637235218583,0.0028632637235218583,0.23271666666666666,0.16132083333333333,0.0,0.24839448511249831,0.0,0.2293817757113803,0.2293817757113803,-0.03087915366210009
42,header,low_density,random,0.01,19,120000,1,0.8829997447947029,0.8750213471759044,0.007978397618798483,0.007978397618798483,0.21793333333333334,0.12431666666666667,0.0,0.30537757671286153,0.0,0.2182840445606929,0.2182840445606929,0.037647681761456844
42,header,high_density,random,0.01,20,120000,1,0.9956252166333168,0.9956252166333168,0.0,0.0,0.0,0.0,0.0,0.0,0.0,6.317263822018804e-08,-6.317263822018804e-08,-6.317263822018804e-08
42,header,mid_density,random,0.01,20,240000,1,0.9358777246564922,0.9358777188609003,5.795591895285668e-09,5.795591895285668e-09,0.0,0.0,0.0,0.0,0.0,3.821220772932278e-06,-3.821220772932278e-06,-3.821220772932278e-06
42,header,low_density,random,0.01,20,120000,1,0.8829997447947029,0.8828106516514489,0.0001890931432539933,0.0001890931432539933,0.0002666666666666667,0.0,0.0002666666666666667,0.0,0.00044976036205709145,0.0003770009291962257,-0.0003770009291962257,-0.0002099261416101608
42,header,high_density,important,0.05,0,120000,4,0.9956252166333168,0.9890293497494214,0.006595866883895463,0.006595866883895463,0.028433333333333335,0.0118,0.0024833333333333335,0.04013605442176871,0.003517469310670444,0.09358199663157753,0.052070012322378414,-0.07206167310318477
42,header,mid_density,important,0.05,0,240000,4,0.9358777246564922,0.7543692866773037,0.18150843797918847,0.18150843797918847,0.29165416666666666,0.2372625,0.021933333333333332,0.3653260109450885,0.06256908868312512,0.2605743758569527,0.2132528680887995,-0.1338893589105016
42,header,low_density,important,0.05,0,120000,4,0.8829997447947029,0.6986965413982809,0.18430320339642203,0.18430320339642203,0.2618916666666667,0.15920833333333334,0.050333333333333334,0.391087183476285,0.08489226833827601,0.2053385015250296,0.10026639453108305,-0.06037942745478234
42,header,high_density,random,0.05,1,120000,4,0.9956252166333168,0.9940474154624865,0.0015778011708302841,0.0015778011708302841,0.012658333333333334,4.1666666666666665e-05,0.005841666666666667,0.0001417233560090703,0.00827431539187913,0.0446711691417694,-0.021343746939259906,-0.018662201976360974
42,header,mid_density,random,0.05,1,240000,4,0.9358777246564922,0.9252193637172559,0.010658360939236333,0.010658360939236333,0.06655,0.0222,0.019595833333333333,0.03418255073170419,0.05590091642795165,0.06035830328982709,0.004069238143963495,-0.017641534333000773
42,header,low_density,random,0.05,1,120000,4,0.8829997447947029,0.8784259755052567,0.0045737692894461945,0.0045737692894461945,0.07865,0.016091666666666667,0.025941666666666665,0.03952836175308591,0.043753250221366426,0.07035747667323757,0.0035071414296592167,-0.004760331619636568
42,header,high_density,random,0.05,2,120000,4,0.9956252166333168,0.9936448180842214,0.0019803985490953746,0.0019803985490953746,0.09865833333333333,0.0,0.09069166666666667,0.0,0.12845845136921624,0.10626882797387371,-0.10626882797387371,-0.04453037088177094
42,header,mid_density,random,0.05,2,240000,4,0.9358777246564922,0.936778680597035,-0.0009009559405427359,-0.0009009559405427359,0.15426666666666666,0.0,0.11305416666666666,0.0,0.32250894438435296,0.13090469173218033,-0.13088362449496557,0.026760029854654106
42,header,low_density,random,0.05,2,120000,4,0.8829997447947029,0.8841150092663685,-0.0011152644716656557,-0.0011152644716656557,0.21776666666666666,3.3333333333333335e-05,0.157675,8.188164008925098e-05,0.2659348690775696,0.17201119080395524,-0.17165850449104997,0.012362526973480165
42,header,high_density,random,0.05,3,120000,4,0.9956252166333168,0.99195425651178,0.0036709601215367815,0.0036709601215367815,0.6615,0.0,0.6534083333333334,0.0,0.9255075542965061,0.6347321082538658,-0.6347321082538658,0.0748263151590587
42,header,mid_density,random,0.05,3,240000,4,0.9358777246564922,0.8951837370452,0.04069398761129217,0.04069398761129217,0.30138333333333334,0.0,0.24925416666666667,0.0,0.7110458689424826,0.31346487203670487,-0.31346487203670487,0.13671552164788414
42,header,low_density,random,0.05,3,120000,4,0.8829997447947029,0.8216097078699403,0.061390036924762637,0.061390036924762637,0.5431166666666667,0.0,0.46039166666666664,0.0,0.7764972100802541,0.517451427872855,-0.517451427872855,0.15609248046031524
42,header,high_density,random,0.05,4,120000,4,0.9956252166333168,0.9953592943019984,0.00026592233131839116,0.00026592233131839116,0.087775,0.056275,0.0,0.19141156462585035,0.0,0.15206597657466905,0.15203459017937945,0.013349771084781551
42,header,mid_density,random,0.05,4,240000,4,0.9358777246564922,0.9348441592453156,0.0010335654111766068,0.0010335654111766068,0.416,0.3330625,0.0,0.5128344956341543,0.0,0.37494755890136866,0.3749072655782527,-0.019027803591387542
42,header,low_density,random,0.05,4,120000,4,0.8829997447947029,0.8783526691166921,0.004647075678010815,0.004647075678010815,0.33015833333333333,0.21873333333333334,0.00031666666666666665,0.537307322265665,0.0005340904299427961,0.31310894598149325,0.31183149928286924,0.07505886019406816
42,header,high_density,random,0.05,5,120000,4,0.9956252166333168,0.9944575466616454,0.0011676699716713923,0.0011676699716713923,0.13110833333333333,0.0,0.123025,0.0,0.17425637393767707,0.18651055997452895,-0.18651055997452895,-0.08521120711886877
42,header,mid_density,random,0.05,5,240000,4,0.9358777246564922,0.9359749473109763,-9.722265448408596e-05,-9.722265448408596e-05,0.21257083333333332,0.0,0.16169583333333334,0.0,0.461268735662241,0.17922078883619622,-0.17922078883619622,0.045550301112061
42,header,low_density,random,0.05,5,120000,4,0.8829997447947029,0.883628810199209,-0.000629065404506135,-0.000629065404506135,0.2978,0.0,0.22574166666666667,0.0,0.3807362014926422,0.2375376597188819,-0.2375376039797346,0.025180239995276354
42,header,high_density,random,0.05,6,120000,4,0.9956252166333168,0.9919434937671164,0.0036817228662003876,0.0036817228662003876,0.6581916666666666,0.0,0.6501,0.0,0.9208215297450425,0.6099240569667824,-0.6099240569667824,0.052996141666855456
42,header,mid_density,random,0.05,6,240000,4,0.9358777246564922,0.8863888367529437,0.04948888790354855,0.04948888790354855,0.29364583333333333,0.0,0.24151666666666666,0.0,0.6889731490176035,0.30367031716492315,-0.30367031716104564,0.13012946679402684
42,header,low_density,random,0.05,6,120000,4,0.8829997447947029,0.819938148087455,0.06306159670724787,0.06306159670724787,0.5184166666666666,0.0,0.436225,0.0,0.7357376772688302,0.4866543980269822,-0.48665262880313276,0.14147533439825002
42,header,high_density,random,0.05,7,120000,4,0.9956252166333168,0.994615976377567,0.001009240255749777,0.001009240255749777,0.003033333333333333,0.00225,0.0,0.007653061224489796,0.0,0.003427725678371439,0.0006714000782465925,-0.0014186868449958057
42,header,mid_density,random,0.05,7,240000,4,0.9358777246564922,0.9318519314784257,0.004025793178066506,0.004025793178066506,0.010804166666666667,0.00805,0.0005416666666666666,0.012395024026586429,0.0015452092569920718,0.00800096360097924,0.004031617363884857,-0.0016546380374071585
42,header,low_density,random,0.05,7,120000,4,0.8829997447947029,0.8829968783215963,2.8664731065441984e-06,2.8664731065441984e-06,0.013425,0.0025833333333333333,0.004841666666666667,0.006345827106916952,0.008165961573599067,0.011278827822877324,-0.001528122485534321,-0.001378597122940015
42,header,high_density,random,0.05,8,120000,4,0.9956252166333168,0.9947620531431804,0.0008631634901363761,0.0008631634901363761,0.161575,0.0,0.15348333333333333,0.0,0.2173984891406988,0.26017289597722815,-0.26017289597722815,-0.12508179740204967
42,header,mid_density,random,0.05,8,240000,4,0.9358777246564922,0.9313776737754281,0.004500050881064088,0.004500050881064088,0.23821666666666666,0.0,0.18644583333333334,0.0,0.531872912481725,0.212894075185466,-0.21255233843813412,0.06649834781425734
42,header,low_density,random,0.05,8,120000,4,0.8829997447947029,0.8870872551729259,-0.004087510378222969,-0.004087510378222969,0.34144166666666664,5.833333333333333e-05,0.2634,0.00014329287015618923,0.44425079762189207,0.2796710282177931,-0.27903689769943113,0.040245062257341625
42,header,high_density,random,0.05,9,120000,4,0.9956252166333168,0.993875974364801,0.0017492422685158049,0.0017492422685158049,0.044575,0.019258333333333332,0.0,0.0655045351473923,0.0,0.04717133059490472,0.04717133059490472,0.009381120577472531
42,header,mid_density,random,0.05,9,240000,4,0.9358777246564922,0.9317059284713138,0.004171796185178378,0.004171796185178378,0.106525,0.062775,0.0,0.09665809108931218,0.0,0.10096919074114577,0.10096919074114577,-0.013230213098023635
42,header,low_density,random,0.05,9,120000,4,0.8829997447947029,0.8828387878558552,0.00016095693884765616,0.00016095693884765616,0.11340833333333333,0.05040833333333333,0.0,0.1238255102249698,0.0,0.10349190655002864,0.10349190655002864,0.016520925307228696
42,header,high_density,random,0.05,10,120000,4,0.9956252166333168,0.9958982552436303,-0.00027303861031346965,-0.00027303861031346965,0.003933333333333333,0.0010333333333333334,0.0022,0.0035147392290249433,0.0031161473087818695,0.019418951024425698,0.002332439704759768,-0.009883233358124821
42,header,mid_density,random,0.05,10,240000,4,0.9358777246564922,0.9369688736192662,-0.001091148962773958,-0.001091148962773958,0.029633333333333334,0.008454166666666667,0.00655,0.01301734148547819,0.018685145784550286,0.02714775742048961,0.0005293451829889603,-0.014704703023170167
42,header,low_density,random,0.05,10,120000,4,0.8829997447947029,0.8784402802504521,0.004559464544250824,0.004559464544250824,0.061858333333333335,0.0115,0.017016666666666666,0.02824916583079159,0.02870033310376815,0.040332340465779624,0.0021851878556822498,-0.015841108659578117
42,header,high_density,random,0.05,11,120000,4,0.9956252166333168,0.9941317810075714,0.0014934356257454429,0.0014934356257454429,0.08966666666666667,0.058166666666666665,0.0,0.19784580498866214,0.0,0.1392230545712246,0.1392230545712246,0.017736950077712362
42,header,mid_density,random,0.05,11,240000,4,0.9358777246564922,0.9240496452885838,0.011828079367908417,0.011828079367908417,0.424125,0.34299166666666664,0.0,0.5281229750623921,0.0,0.3596439773185893,0.3596439773185893,-0.026032836025410757
42,header,low_density,random,0.05,11,120000,4,0.8829997447947029,0.8733809107660508,0.009618834028652046,0.009618834028652046,0.3260416666666667,0.22041666666666668,0.0,0.5414423450901722,0.0,0.302836076046749,0.302836076046749,0.06556052304222833
42,header,high_density,random,0.05,12,120000,4,0.9956252166333168,0.9908496186383745,0.0047755979949423155,0.0047755979949423155,0.6586,0.0,0.6505083333333334,0.0,0.9213999055712937,0.6107723851617262,-0.6107723851617262,0.05146833996066573
42,header,mid_density,random,0.05,12,240000,4,0.9358777246564922,0.9317297264677801,0.004147998188712143,0.004147998188712143,0.29584166666666667,0.0,0.2437125,0.0,0.6952371896209483,0.3049616257196909,-0.3049616257196909,0.12993124046057258
42,header,low_density,random,0.05,12,120000,4,0.8829997447947029,0.890235709910918,-0.0072359651162151595,-0.0072359651162151595,0.5106666666666667,0.0,0.428325,0.0,0.7224135265428888,0.4773574867516647,-0.4773574867516647,0.13312774171480565
42,header,high_density,random,0.05,13,120000,4,0.9956252166333168,0.9909041791193185,0.004721037513998327,0.004721037513998327,0.658175,0.0,0.6500833333333333,0.0,0.9207979225684608,0.5712459334342905,-0.5712459334342905,0.015253675807233831
42,header,mid_density,random,0.05,13,240000,4,0.9358777246564922,0.9275926756182444,0.008285049038247783,0.008285049038247783,0.2896958333333333,0.0,0.23756666666666668,0.0,0.6777050076666151,0.2897344532593409,-0.2897344532593409,0.12155818246662799
42,header,low_density,random,0.05,13,120000,4,0.8829997447947029,0.8839160471752814,-0.0009163023805784931,-0.0009163023805784931,0.475675,0.0,0.3939166666666667,0.0,0.6643803848262098,0.4314999680061299,-0.4314999680061299,0.11435101789869115
42,header,high_density,random,0.05,14,120000,4,0.9956252166333168,0.9966119621538417,-0.000986745520524912,-0.000986745520524912,0.008816666666666667,0.0,0.0044,0.0,0.006232294617563739,0.01640549792771356,-0.01630938804436429,-0.005919630386163843
42,header,mid_density,random,0.05,14,240000,4,0.9358777246564922,0.9337602785647678,0.002117446091724373,0.002117446091724373,0.02355,0.00010416666666666667,0.01215,0.0001603910976525159,0.03466023225683755,0.020745097652026666,-0.019733292358224453,-0.008840054075470437
42,header,low_density,random,0.05,14,120000,4,0.8829997447947029,0.8831774862671332,-0.00017774147243032612,-0.00017774147243032612,0.038475,0.00048333333333333334,0.023766666666666665,0.0011872837812941393,0.04008489226833828,0.028157283213223427,-0.023312232386425186,-0.013488942991098212
42,header,high_density,random,0.05,15,120000,4,0.9956252166333168,0.992867345366302,0.0027578712670148775,0.0027578712670148775,0.06526666666666667,0.0,0.058116666666666664,0.0,0.08231822474032106,0.07840792145562488,-0.07840792145562488,-0.03308552747081072
42,header,mid_density,random,0.05,15,240000,4,0.9358777246564922,0.9373815228083932,-0.001503798151900937,-0.001503798151900937,0.13507083333333333,0.00010833333333333333,0.09765,0.00016680674155861654,0.2785655703605092,0.11357182020604208,-0.11328642748255227,0.02084875761828021
42,header,low_density,random,0.05,15,120000,4,0.8829997447947029,0.8816188913615667,0.0013808534331362088,0.0013808534331362088,0.17931666666666668,0.0002916666666666667,0.12919166666666668,0.0007164643507809462,0.2178948404053465,0.13771621278089197,-0.1352117330463905,0.005014823131191389
42,header,high_density,random,0.05,16,120000,4,0.9956252166333168,0.9951243982110471,0.0005008184222696777,0.0005008184222696777,0.030091666666666666,0.014283333333333334,0.0,0.048582766439909296,0.0,0.02103204161217692,0.02103204161217692,0.002109831582197409
42,header,mid_density,random,0.05,16,240000,4,0.9358777246564922,0.9370733913224599,-0.0011956666659677095,-0.0011956666659677095,0.059025,0.03207083333333333,8.75e-05,0.04938121114525659,0.00024961072612948856,0.04428727807406978,0.04385168604612737,-0.007678718011653002
42,header,low_density,random,0.05,16,120000,4,0.8829997447947029,0.8843953713679171,-0.001395626573214237,-0.001395626573214237,0.04060833333333334,0.016183333333333334,8.333333333333334e-06,0.039753536263331356,1.4055011314284108e-05,0.0350493704332482,0.03489055615219966,0.002933624613313472
42,header,high_density,random,0.05,17,120000,4,0.9956252166333168,0.9954064641575076,0.0002187524758092696,0.0002187524758092696,0.068125,0.0,0.06093333333333333,0.0,0.08630783758262511,0.09464366870753739,-0.09464366870753739,-0.037670850982731076
42,header,mid_density,random,0.05,17,240000,4,0.9358777246564922,0.9356268164041113,0.0002509082523809436,0.0002509082523809436,0.133025,0.0,0.09508333333333334,0.0,0.2712436557273775,0.11839596461380271,-0.11839596461380271,0.02287328565255574
42,header,low_density,random,0.05,17,120000,4,0.8829997447947029,0.8844996384280654,-0.001499893633362559,-0.001499893633362559,0.198225,0.0,0.14288333333333333,0.0,0.2409872239947153,0.15104285422213742,-0.15104285422213742,0.0070504014687405225
42,header,high_density,random,0.05,18,120000,4,0.9956252166333168,0.9903135590776285,0.005311657555688298,0.005311657555688298,0.02155,0.015483333333333333,0.0,0.05266439909297052,0.0,0.018617145297309543,0.018615727614144775,-0.007573292867129126
42,header,mid_density,random,0.05,18,240000,4,0.9358777246564922,0.9334983978843987,0.002379326772093515,0.002379326772093515,0.015679166666666668,0.007066666666666666,0.0,0.010880932064746678,0.0,0.020477495352707577,0.02047534102284732,-0.013529116860688353
42,header,low_density,random,0.05,18,120000,4,0.8829997447947029,0.8828053261052078,0.00019441868949510166,0.00019441868949510166,0.0178,0.006825,0.0004916666666666666,0.01676526580827414,0.0008292456675427623,0.019648628193239162,0.018136710776739902,-0.0034136498493178126
42,header,high_density,random,0.05,19,120000,4,0.9956252166333168,0.9948547768867542,0.0007704397465626567,0.0007704397465626567,0.09459166666666667,0.06309166666666667,0.0,0.21459750566893424,0.0,0.16898188044158713,0.16898188044158713,0.00413152690696313
42,header,mid_density,random,0.05,19,240000,4,0.9358777246564922,0.9358210992077347,5.662544875750797e-05,5.662544875750797e-05,0.45584583333333334,0.37180416666666666,0.0,0.572487152673078,0.0,0.40937411981088784,0.40937411981088784,-0.009986526484610903
42,header,low_density,random,0.05,19,120000,4,0.8829997447947029,0.8801299388342254,0.0028698059604774784,0.0028698059604774784,0.351875,0.23809166666666667,0.0,0.5848600847474975,0.0,0.3330397559867932,0.3330397559867932,0.085821807312025
42,header,high_density,random,0.05,20,120000,4,0.9956252166333168,0.9938160166195059,0.0018092000138109077,0.0018092000138109077,0.060858333333333334,0.036833333333333336,0.002225,0.12528344671201813,0.003151558073654391,0.03978604818758674,0.03802179714011841,0.001560709882099542
42,header,mid_density,random,0.05,20,240000,4,0.9358777246564922,0.9297820585785559,0.006095666077936324,0.006095666077936324,0.10091666666666667,0.06019583333333333,0.00030416666666666667,0.09268680751143589,0.0008676944289263173,0.0890510748052971,0.08804884355766349,-0.023085653056986972
42,header,low_density,random,0.05,20,120000,4,0.8829997447947029,0.8838789093303969,-0.0008791645356940325,-0.0008791645356940325,0.09715,0.039683333333333334,0.0013583333333333334,0.0974800925262533,0.0022909668442283094,0.08521462935371642,0.08218310979959839,0.009912651931781674
42,header,high_density,important,0.1,0,120000,8,0.9956252166333168,0.9887888601695004,0.006836356463816418,0.006836356463816418,0.664625,0.0,0.6565333333333333,0.0,0.9299338999055713,0.6353597134997159,-0.6353588233948934,0.07359124343972692
42,header,mid_density,important,0.1,0,240000,8,0.9358777246564922,0.7381877767041028,0.19768994795238937,0.19768994795238937,0.3015125,0.0,0.24938333333333335,0.0,0.7114143419191499,0.31277737087221513,-0.31271968276371476,0.135507217365143
42,header,low_density,important,0.1,0,120000,8,0.8829997447947029,0.6796704616663587,0.2033292831283442,0.2033292831283442,0.5507,0.0005583333333333333,0.46739166666666665,0.001371517471494954,0.7883034195842528,0.522996055277711,-0.5217969814063392,0.15650572083779668
42,header,high_density,random,0.1,1,120000,8,0.9956252166333168,0.9907104972241493,0.004914719409167545,0.004914719409167545,0.3116583333333333,0.28015833333333334,0.0,0.9529195011337869,0.0,0.31157927508633004,0.31157927508633004,0.05334258107872212
42,header,mid_density,random,0.1,1,240000,8,0.9358777246564922,0.9334402934921139,0.002437431164378334,0.002437431164378334,0.6470333333333333,0.5622708333333334,0.0,0.8657590669087503,0.0,0.6033671190812869,0.6033665242895023,0.10660466622021617
42,header,low_density,random,0.1,1,120000,8,0.8829997447947029,0.8804116841104666,0.0025880606842363374,0.0025880606842363374,0.41329166666666667,0.29554166666666665,0.0,0.7259830914413216,0.0,0.42373586191113916,0.42372874533736904,0.14495934689833503
42,header,high_density,random,0.1,2,120000,8,0.9956252166333168,0.9944736213556087,0.0011515952777081395,0.0011515952777081395,0.139225,0.0,0.12265833333333333,0.0,0.17373701605288008,0.21052990817658215,-0.2060138163350558,-0.10378130725515115
42,header,mid_density,random,0.1,2,240000,8,0.9358777246564922,0.8331472202425305,0.1027305044139617,0.1027305044139617,0.2271625,0.0021125,0.17100416666666668,0.0032527314603930223,0.4878225624323971,0.18443349751974988,-0.15279294508321334,0.018491129543520075
42,header,low_density,random,0.1,2,120000,8,0.8829997447947029,0.8122647641526074,0.07073498064209549,0.07073498064209549,0.31085833333333335,0.004966666666666667,0.2254,0.012200364373298397,0.3801599460287566,0.23964360800322515,-0.2090707069157452,-0.008516902884085933
42,header,high_density,random,0.1,3,120000,8,0.9956252166333168,0.9890540686982222,0.006571147935094612,0.006571147935094612,0.6512,0.0,0.6431083333333333,0.0,0.9109183191690274,0.5863898915635575,-0.5863898915635575,0.031117723651943686
42,header,mid_density,random,0.1,3,240000,8,0.9358777246564922,0.9232844198211367,0.012593304835355479,0.012593304835355479,0.2876,0.0,0.23547083333333332,0.0,0.6717262364645612,0.2910997773935117,-0.2910997773935117,0.12303804857682459
42,header,low_density,random,0.1,3,120000,8,0.8829997447947029,0.8734258435879376,0.009573901206765267,0.009573901206765267,0.47933333333333333,0.0,0.39765,0.0,0.6706770298950091,0.43609285369135314,-0.43609285369135314,0.11365717719479804
42,header,high_density,random,0.1,4,120000,8,0.9956252166333168,0.9938866939500856,0.0017385226832312695,0.0017385226832312695,0.007408333333333334,0.00275,0.0,0.00935374149659864,0.0,0.014921524396469089,0.012849205441417254,0.006427903384111322
42,header,mid_density,random,0.1,4,240000,8,0.9358777246564922,0.9350725006069489,0.0008052240495433072,0.0008052240495433072,0.0229625,0.012570833333333333,4.5833333333333334e-05,0.019355997664705617,0.00013074847559163685,0.020801294219487454,0.019824346041610492,0.0013334492663020635
42,header,low_density,random,0.1,4,120000,8,0.8829997447947029,0.8800951602264658,0.0029045845682370564,0.0029045845682370564,0.027075,0.011691666666666666,0.0010166666666666666,0.028719985261304783,0.001714711380342661,0.025479406816284182,0.020669041500415215,0.004822681035050186
42,header,high_density,random,0.1,5,120000,8,0.9956252166333168,0.9901783517841352,0.005446864849181665,0.005446864849181665,0.4063,0.0,0.39820833333333333,0.0,0.5640344664778093,0.3413756162863985,-0.3413756162863985,-0.18790086959011887
42,header,mid_density,random,0.1,5,240000,8,0.9358777246564922,0.920709858815136,0.01516786584135621,0.01516786584135621,0.24601666666666666,0.0,0.19437083333333333,0.0,0.5544805125340243,0.2241523289677705,-0.2241523289677705,0.0712922787639831
42,header,low_density,random,0.1,5,120000,8,0.8829997447947029,0.8574353433393285,0.02556440145537442,0.02556440145537442,0.3827333333333333,0.0,0.305425,0.0,0.5151302196798269,0.31875258324537825,-0.31870880302637317,0.05751110078522949
42,header,high_density,random,0.1,6,120000,8,0.9956252166333168,0.9949996672712994,0.0006255493620174191,0.0006255493620174191,0.09459166666666667,0.06309166666666667,0.0,0.21459750566893424,0.0,0.17227896868815373,0.17227896868815373,0.0026397861591259146
42,header,mid_density,random,0.1,6,240000,8,0.9358777246564922,0.9343545940116355,0.0015231306448567627,0.0015231306448567627,0.4654083333333333,0.3811541666666667,0.0,0.5868838575983678,0.0,0.4191124313170172,0.41911243131700254,-0.006847647480296288
42,header,low_density,random,0.1,6,120000,8,0.8829997447947029,0.8806463082285317,0.002353436566171152,0.002353436566171152,0.35713333333333336,0.2433,1.6666666666666667e-05,0.597654091011443,2.8110022628568216e-05,0.33736976802588886,0.33732987664935415,0.08724871343571027
42,header,high_density,random,0.1,7,120000,8,0.9956252166333168,0.9954601574360465,0.00016505919727027862,0.00016505919727027862,0.3116583333333333,0.28015833333333334,0.0,0.9529195011337869,0.0,0.3330125805768487,0.3330125805768487,0.07444283565947357
42,header,mid_density,random,0.1,7,240000,8,0.9358777246564922,0.933942373467531,0.0019353511889612651,0.0019353511889612651,0.6524041666666667,0.5676416666666667,0.0,0.874028831903714,0.0,0.6361126853801923,0.6361126853801923,0.1299194918109898
42,header,low_density,random,0.1,7,120000,8,0.8829997447947029,0.878649454098035,0.0043502906966679245,0.0043502906966679245,0.429175,0.31080833333333335,0.0,0.7634848826021985,0.0,0.4469636445765505,0.4469636445292947,0.15681800131144136
42,header,high_density,random,0.1,8,120000,8,0.9956252166333168,0.9907992002868191,0.004826016346497708,0.004826016346497708,0.6645833333333333,0.0,0.6564916666666667,0.0,0.929874881964117,0.6385076113773148,-0.6385076113773148,0.07676920471410614
42,header,mid_density,random,0.1,8,240000,8,0.9358777246564922,0.9345852524280079,0.001292472228484276,0.001292472228484276,0.3015625,0.0,0.24943333333333334,0.0,0.7115569766197953,0.31496499789279375,-0.31496493517849766,0.13788364628070282
42,header,low_density,random,0.1,8,120000,8,0.8829997447947029,0.8738104445538739,0.00918930024082898,0.00918930024082898,0.5483833333333333,0.0,0.4656166666666667,0.0,0.7853097021743103,0.523425662820871,-0.5234175572569241,0.15829478283320353
42,header,high_density,random,0.1,9,120000,8,0.9956252166333168,0.9952957252207619,0.0003294914125548942,0.0003294914125548942,0.09935,0.06785,0.0,0.23078231292517007,0.0,0.1915733641238044,0.19129211343653008,-0.019662215863893346
42,header,mid_density,random,0.1,9,240000,8,0.9358777246564922,0.9288255915443018,0.00705213311219044,0.00705213311219044,0.5008291666666667,0.41637083333333336,0.0,0.6411088798927305,0.0,0.4425622760017179,0.44250215477537214,-0.012443997206388975
42,header,low_density,random,0.1,9,120000,8,0.8829997447947029,0.8759507646132014,0.007048980181501463,0.007048980181501463,0.36336666666666667,0.24959166666666666,1.6666666666666667e-05,0.6131092505782891,2.8110022628568216e-05,0.33980513046999256,0.339702037537703,0.08671525027498743
42,header,high_density,random,0.1,10,120000,8,0.9956252166333168,0.9860635846052301,0.009561632028086686,0.009561632028086686,0.09613333333333333,0.06463333333333333,0.0,0.21984126984126984,0.0,0.15357188203865077,0.1535685583335094,0.03342057709271172
42,header,mid_density,random,0.1,10,240000,8,0.9358777246564922,0.9244008177754255,0.011476906881066729,0.011476906881066729,0.4786666666666667,0.393975,0.0,0.6066247938974395,0.0,0.45084626090288726,0.45083328411115425,0.032307701293389175
42,header,low_density,random,0.1,10,120000,8,0.8829997447947029,0.877968472673609,0.005031272121093888,0.005031272121093888,0.370425,0.254225,1.6666666666666667e-05,0.624490798550695,2.8110022628568216e-05,0.3636508106867691,0.36345674564408886,0.10862821723329835
42,header,high_density,random,0.1,11,120000,8,0.9956252166333168,0.9940699717583761,0.0015552448749407422,0.0015552448749407422,0.003266666666666667,0.002341666666666667,0.0,0.00796485260770975,0.0,0.007182590062055451,0.007179163026383281,0.0019110734979467736
42,header,mid_density,random,0.1,11,240000,8,0.9358777246564922,0.9324610167623175,0.0034167078941746976,0.0034167078941746976,0.0116125,0.008804166666666667,0.00012916666666666667,0.013556255573590643,0.0003684729766673402,0.008294022489850547,0.007783024737303862,-0.0011898989415145631
42,header,low_density,random,0.1,11,120000,8,0.8829997447947029,0.8807687983814854,0.002230946413217527,0.002230946413217527,0.011991666666666666,0.004475,0.0015583333333333332,0.010992610181981945,0.0026282871157711283,0.01054316656732107,0.006782647105459066,-0.000571989690164786
42,header,high_density,random,0.1,12,120000,8,0.9956252166333168,0.9910617873014804,0.004563429331836399,0.004563429331836399,0.6615,0.0,0.6534083333333334,0.0,0.9255075542965061,0.6331351346373603,-0.6331351346373603,0.07335317956085777
42,header,mid_density,random,0.1,12,240000,8,0.9358777246564922,0.8841614237290584,0.051716300927433845,0.051716300927433845,0.30138333333333334,0.0,0.24925416666666667,0.0,0.7110458689424826,0.3129831016240702,-0.3129831016240702,0.1362826698315148
42,header,low_density,random,0.1,12,120000,8,0.8829997447947029,0.8112139838173635,0.07178576097733935,0.07178576097733935,0.5424916666666667,0.0,0.45976666666666666,0.0,0.7754430842316828,0.5146726205996549,-0.5146726197415599,0.1548672339383643
42,header,high_density,random,0.1,13,120000,8,0.9956252166333168,0.9900373020824634,0.00558791455085339,0.00558791455085339,0.6615,0.0,0.6534083333333334,0.0,0.9255075542965061,0.6360471238091687,-0.6360471238091687,0.0750829833960146
42,header,mid_density,random,0.1,13,240000,8,0.9358777246564922,0.8915128314808588,0.04436489317563341,0.04436489317563341,0.3015833333333333,0.0,0.24945416666666667,0.0,0.7116164077450643,0.31425592465049396,-0.31425592465049396,0.1371972347671016
42,header,low_density,random,0.1,13,120000,8,0.8829997447947029,0.8225994541653451,0.06040029062935781,0.06040029062935781,0.5437916666666667,0.0,0.4610666666666667,0.0,0.7776356659967111,0.5198621580242253,-0.519861253158252,0.15763936450533034
42,header,high_density,random,0.1,14,120000,8,0.9956252166333168,0.9940527300883368,0.0015724865449799896,0.0015724865449799896,0.017491666666666666,0.0018666666666666666,0.00335,0.006349206349206349,0.004745042492917847,0.03787603093900694,0.012361646949267401,-0.007090220648800935
42,header,mid_density,random,0.1,14,240000,8,0.9358777246564922,0.9253496460671222,0.010528078589369994,0.010528078589369994,0.09302083333333333,0.04882916666666667,0.005929166666666667,0.07518493093559335,0.016914098251536294,0.07734465088296391,0.052414690531742296,-0.016510696369980236
42,header,low_density,random,0.1,14,120000,8,0.8829997447947029,0.878286300323833,0.004713444470869854,0.004713444470869854,0.0981,0.033525,0.007225,0.08235245951976418,0.012185694809484322,0.08395384169654617,0.05455112051077328,0.007508478751916946
42,header,high_density,random,0.1,15,120000,8,0.9956252166333168,0.9944994483963714,0.0011257682369454347,0.0011257682369454347,0.066,0.0,0.05885,0.0,0.08335694050991502,0.08924684269796512,-0.0892013938621333,-0.03977023693421824
42,header,mid_density,random,0.1,15,240000,8,0.9358777246564922,0.9343943732763353,0.001483351380156872,0.001483351380156872,0.1212875,0.00025833333333333334,0.086075,0.00039776992217823944,0.245545637161094,0.11014144355974376,-0.1064357362485401,0.015546972402775392
42,header,low_density,random,0.1,15,120000,8,0.8829997447947029,0.8727430160604616,0.010256728734241327,0.010256728734241327,0.18484166666666665,0.0032833333333333334,0.13175,0.008065341548791223,0.22220972887883175,0.14444339987324606,-0.1365212145975653,-9.045729425807455e-05
42,header,high_density,random,0.1,16,120000,8,0.9956252166333168,0.9935416531166291,0.002083563516687703,0.002083563516687703,0.018275,0.011241666666666667,0.0,0.038236961451247165,0.0,0.013713682068122025,0.012006639047281819,0.001858827940829786
42,header,mid_density,random,0.1,16,240000,8,0.9358777246564922,0.9322409734680704,0.003636751188421772,0.003636751188421772,0.028775,0.01885,0.0005166666666666667,0.029024373031199275,0.0014738919066693609,0.0205096005504222,0.017301820638130336,-0.002225406570524702
42,header,low_density,random,0.1,16,120000,8,0.8829997447947029,0.8859356787332254,-0.002935933938522539,-0.002935933938522539,0.022608333333333334,0.006683333333333334,0.001875,0.01641726883789482,0.003162377545713924,0.020839531925676502,0.011244089782809476,0.003243069926864029
42,header,high_density,random,0.1,17,120000,8,0.9956252166333168,0.9936905088109372,0.0019347078223795888,0.0019347078223795888,0.31075833333333336,0.27925833333333333,0.0,0.9498582766439909,0.0,0.25100060743448016,0.2509965035424621,-0.006728007281392388
42,header,mid_density,random,0.1,17,240000,8,0.9358777246564922,0.9231362400354854,0.012741484621006771,0.012741484621006771,0.6379208333333334,0.5531583333333333,0.0,0.8517280536861082,0.0,0.5385280465278691,0.5385224517596885,0.04609026219320348
42,header,low_density,random,0.1,17,120000,8,0.8829997447947029,0.8722800730294027,0.010719671765300198,0.010719671765300198,0.3994,0.2823,0.00031666666666666665,0.6934556099158666,0.0005340904299427961,0.39372688689711244,0.3932025756605245,0.12366136812867998
42,header,high_density,random,0.1,18,120000,8,0.9956252166333168,0.9934642472723273,0.0021609693609895286,0.0021609693609895286,0.053533333333333336,0.022575,0.0,0.07678571428571429,0.0,0.07355552423318552,0.07207155038222439,0.026482743615157588
42,header,mid_density,random,0.1,18,240000,8,0.9358777246564922,0.9328003497320001,0.0030773749244921156,0.0030773749244921156,0.15547916666666667,0.0961125,0.0,0.14798965798202338,0.0,0.15550058665348881,0.1551764189223819,-0.010413311772125447
42,header,low_density,random,0.1,18,120000,8,0.8829997447947029,0.8799459741545994,0.0030537706401034814,0.0030537706401034814,0.16185,0.08,0.00055,0.19651593621420238,0.0009276307467427511,0.1608975386567536,0.15979450546448684,0.030145535876528625
42,header,high_density,random,0.1,19,120000,8,0.9956252166333168,0.9907284087009842,0.004896807932332603,0.004896807932332603,0.661625,0.0,0.6535333333333333,0.0,0.9256846081208687,0.6378507321033475,-0.6378507321033475,0.07614131165959492
42,header,mid_density,random,0.1,19,240000,8,0.9358777246564922,0.8911891908005245,0.044688533855967716,0.044688533855967716,0.3017458333333333,0.0,0.24961666666666665,0.0,0.7120799705221619,0.31531583431177823,-0.31531583431177823,0.13763402256460214
42,header,low_density,random,0.1,19,120000,8,0.8829997447947029,0.8139290128894126,0.06907073190529034,0.06907073190529034,0.5510416666666667,0.0,0.46829166666666666,0.0,0.7898213608061955,0.525772464316531,-0.525772464316531,0.15900651833148927
42,header,high_density,random,0.1,20,120000,8,0.9956252166333168,0.9913068370545416,0.004318379578775233,0.004318379578775233,0.6456166666666666,0.0,0.637525,0.0,0.9030099150141643,0.4710187564523619,-0.4710187564523619,-0.08418706446335669
42,header,mid_density,random,0.1,20,240000,8,0.9358777246564922,0.9279468466756707,0.007930877980821482,0.007930877980821482,0.28175,0.0,0.22962083333333333,0.0,0.6550379764890468,0.2749121715415597,-0.2749121715415597,0.10864418938017752
42,header,low_density,random,0.1,20,120000,8,0.8829997447947029,0.8882025167674731,-0.005202771972770193,-0.005202771972770193,0.454825,0.0,0.37335,0.0,0.6296926169025566,0.39990269614567225,-0.3998986835520236,0.09656810876326898
42,imports,high_density,important,0.01,0,186257,13,0.8423069265719401,0.8194136736528342,0.022893252919105822,0.022893252919105822,0.047514992725105634,0.0,0.044331219766236975,0.0,0.09167314311091374,0.02863070545725433,-0.02601555309071334,-0.0023072634369075314
42,imports,mid_density,important,0.01,0,173742,13,0.9392372049557912,0.9070748365321549,0.03216236842363629,0.03216236842363629,0.10148956498716488,0.014659667783264841,0.0579882814748305,0.045153169763154165,0.08586598939778751,0.10193428736307293,-0.05467547403871475,-0.022644735257722436
42,imports,low_density,important,0.01,0,120001,13,0.8654430660404122,0.8206656614134762,0.044777404626936024,0.044777404626936024,0.09623253139557171,0.04288297597520021,0.025174790210081583,0.05887535038041302,0.09268008344582157,0.09240458878400266,0.012675365211773254,-0.018375964460317463
42,imports,high_density,random,0.01,1,186257,13,0.8423069265719401,0.8369155373115659,0.005391389260374191,0.005391389260374191,0.008160767112108539,0.0,0.006689681461636341,0.0,0.013833684911735316,0.004969631694550622,-0.0048167172212901285,0.0026045782606657943
42,imports,mid_density,random,0.01,1,173742,13,0.9392372049557912,0.9369473461739084,0.0022898587818828142,0.0022898587818828142,0.015551795190569926,0.0012029330846887914,0.00868529198466692,0.0037051482059282373,0.012860722382259191,0.017234092158560182,-0.01224111325455558,-0.0016595087466851127
42,imports,low_density,random,0.01,1,120001,13,0.8654430660404122,0.8605970171397771,0.004846048900635114,0.004846048900635114,0.019258172848559595,0.003133307222439813,0.007399938333847218,0.004301813397402894,0.027242606454779727,0.017797215952423426,-0.008099925586464657,0.0008111556761565938
42,imports,high_density,random,0.01,2,186257,13,0.8423069265719401,0.8533534517724622,-0.011046525200522184,-0.011046525200522184,0.0004456208357269794,0.0,0.00013422314329125884,0.0,0.0002775618963028755,0.004832026171837992,0.0009498427271772395,-0.0029714797831868057
42,imports,mid_density,random,0.01,2,173742,13,0.9392372049557912,0.937582974264771,0.0016542306910202198,0.0016542306910202198,0.036289440664893924,0.012115665757272277,0.0020259925636863857,0.03731740178698057,0.002999982954642303,0.024598512655247855,0.01839044451040267,-0.00219737146851041
42,imports,low_density,random,0.01,2,120001,13,0.8654430660404122,0.8657965718774986,-0.0003535058370863764,-0.0003535058370863764,0.02791643402971642,0.012516562361980317,0.0020083165973616888,0.01718437160345518,0.007393545220272426,0.024996184227412212,0.014178405154224425,-0.0025789386061810145
42,imports,high_density,random,0.01,3,186257,13,0.8423069265719401,0.8591095736454086,-0.01680264707346857,-0.01680264707346857,0.060303773817896776,0.03590200636754592,0.0,0.0695208292180856,0.0,0.035498174666266896,0.035498174666266896,-0.0013932564701651278
42,imports,mid_density,random,0.01,3,173742,13,0.9392372049557912,0.9341875517333313,0.005049653222459871,0.005049653222459871,0.15128178563617317,0.08136201954622371,2.302264276916347e-05,0.2506027513827826,3.4090715393662536e-05,0.12607927220260912,0.12587555890533095,0.023784111020377762
42,imports,low_density,random,0.01,3,120001,13,0.8654430660404122,0.8660838406263908,-0.0006407745859785541,-0.0006407745859785541,0.14297380855159542,0.09761585320122332,8.333263889467588e-06,0.1340197929180253,3.067861087249969e-05,0.1282621271007333,0.12802579231519123,-0.011710863057960859
42,imports,high_density,random,0.01,4,186257,13,0.8423069265719401,0.834186617033108,0.008120309538832027,0.008120309538832027,0.008354048438447951,0.0,0.006877593862244104,0.0,0.014222271566559343,0.006599373957540835,-0.006599369029994162,0.0006582004530391645
42,imports,mid_density,random,0.01,4,173742,13,0.9392372049557912,0.9302971795533008,0.008940025402490392,0.008940025402490392,0.07253859170494181,8.057924969207216e-05,0.0573551587986785,0.00024819174585165223,0.08492849472446179,0.06940691484470092,-0.06901678771159657,-0.0006361521094307161
42,imports,low_density,random,0.01,4,120001,13,0.8654430660404122,0.8567738153435369,0.008669250696875297,0.008669250696875297,0.07315772368563596,0.0008249931250572912,0.0359163673636053,0.0011326583147417196,0.1322248128604737,0.07030413645687396,-0.06802230819085146,0.017309955056141253
42,imports,high_density,random,0.01,5,186257,13,0.8423069265719401,0.8556648988978506,-0.013357972325910517,-0.013357972325910517,0.0,0.0,0.0,0.0,0.0,0.0019242846228576787,0.0018632145931148176,-0.0009597792506031268
42,imports,mid_density,random,0.01,5,173742,13,0.9392372049557912,0.9380277517938076,0.0012094531619836202,0.0012094531619836202,0.014769025336418367,0.004316745519218151,0.0020432595457632583,0.013295986384909942,0.00302555099118755,0.01369732074498167,0.009178907514172425,-0.0013628190659816899
42,imports,low_density,random,0.01,5,120001,13,0.8654430660404122,0.8642734185977239,0.0011696474426883263,0.0011696474426883263,0.01585820118165682,0.008824926458946175,0.0005499954167048608,0.012116011669812939,0.0020247883175849796,0.01550939027209549,0.01207764404649281,-0.003187621799510275
42,imports,high_density,random,0.01,6,186257,13,0.8423069265719401,0.8557317994321896,-0.013424872860249515,-0.013424872860249515,0.0,0.0,0.0,0.0,0.0,0.001338069290191105,0.0012208727237147368,0.00016863558130535914
42,imports,mid_density,random,0.01,6,173742,13,0.9392372049557912,0.9361833421355485,0.00305386282024267,0.00305386282024267,0.015171921584878728,0.0063772720470582816,0.001697919904225806,0.019642603885973622,0.0025141902602826122,0.014439812432001542,0.00892752388547208,-0.000447108740989596
42,imports,low_density,random,0.01,6,120001,13,0.8654430660404122,0.8625626458076401,0.0028804202327721296,0.0028804202327721296,0.020099832501395822,0.011833234723043975,0.0007833268056099533,0.016246210171042847,0.002883789422014971,0.019825479390018344,0.014705367876158002,-0.004007359392751891
42,imports,high_density,random,0.01,7,186257,13,0.8423069265719401,0.8350396019912862,0.007267324580653822,0.007267324580653822,0.0004456208357269794,0.0,0.00013422314329125884,0.0,0.0002775618963028755,0.003061178347640498,-0.0029614494483477093,0.0006188824698582485
42,imports,mid_density,random,0.01,7,173742,13,0.9392372049557912,0.9382178452441653,0.0010193597116259223,0.0010193597116259223,0.014279794177573643,0.0004144075698449425,0.007442069275132092,0.0012764146929513545,0.011019823751001415,0.017136623370317627,-0.01525365726704552,-0.0030536677142388217
42,imports,low_density,random,0.01,7,120001,13,0.8654430660404122,0.8642320831138657,0.0012109829265465333,0.0012109829265465333,0.02173315222373147,0.0008166598611678236,0.0090499245839618,0.0011212173216635203,0.033316971407534667,0.01904702604488964,-0.016530658764435716,0.0020645386735888486
42,imports,high_density,random,0.01,8,186257,13,0.8423069265719401,0.8595355475734177,-0.017228621001477595,-0.017228621001477595,0.007307107920776132,0.0,0.007178253703216523,0.0,0.014844010214277784,0.009215269743253353,0.0003117056964229769,-0.005971314234952514
42,imports,mid_density,random,0.01,8,173742,13,0.9392372049557912,0.9300740374545615,0.009163167501229696,0.009163167501229696,0.047334553533400096,0.0057499050315985775,0.025284617421233783,0.017710253864700043,0.03744012818108988,0.03913070470531547,-0.012785997710611742,-0.0047520510146372135
42,imports,low_density,random,0.01,8,120001,13,0.8654430660404122,0.8664014791116339,-0.0009584130712216865,-0.0009584130712216865,0.023066474446046283,0.006658277847684603,0.004183298472512729,0.009141353469481152,0.015400662657994847,0.02155071518137389,-0.0021156815380279207,0.0011935165228876446
42,imports,high_density,random,0.01,9,186257,13,0.8423069265719401,0.8382667154444419,0.0040402111274981944,0.0040402111274981944,0.018592589808705175,0.0,0.015365865443983313,0.0,0.03177528588875319,0.016566186780266418,-0.016566186780266418,0.002690251340575297
42,imports,mid_density,random,0.01,9,173742,13,0.9392372049557912,0.9365501081740801,0.0026870967817110847,0.0026870967817110847,0.07163495297625215,0.0002129594456147621,0.05254918212061563,0.0006559353283222238,0.07781205788603474,0.06367200701484867,-0.06266401263772958,-0.007819572950784096
42,imports,low_density,random,0.01,9,120001,13,0.8654430660404122,0.8639352943608238,0.0015077716795883767,0.0015077716795883767,0.05406621611486571,0.0011583236806359948,0.023716469029424755,0.0015902980378696872,0.08731132654313413,0.05399906370292292,-0.050833567478623214,0.008377556017238025
42,imports,high_density,random,0.01,10,186257,13,0.8423069265719401,0.8413520060716725,0.0009549205002675754,0.0009549205002675754,0.0004456208357269794,0.0,0.00013422314329125884,0.0,0.0002775618963028755,0.0019449002295034285,-0.0017116255104001898,0.00014792198318158193
42,imports,mid_density,random,0.01,10,173742,13,0.9392372049557912,0.9388719079643175,0.0003652969914736959,0.0003652969914736959,0.011430742134889664,0.0021583727596090757,0.0025497576866848545,0.006647993192454971,0.003775546729848126,0.008408199163870918,0.002174445822990248,-0.0011493093779393695
42,imports,low_density,random,0.01,10,120001,13,0.8654430660404122,0.864061797782111,0.0013812682583012048,0.0013812682583012048,0.012666561111990734,0.005966616944858793,0.0012666561111990733,0.008191751043990619,0.004663148852619954,0.012892590646415783,0.006431621442352781,-0.0018675868094566806
42,imports,high_density,random,0.01,11,186257,13,0.8423069265719401,0.8420668013511284,0.00024012522081162668,0.00024012522081162668,0.0004348829842636787,0.0,0.0003060287667040702,0.0,0.0006328411235705562,0.0029092613102778297,0.00183742200662677,-0.0015933533829141564
42,imports,mid_density,random,0.01,11,173742,13,0.9392372049557912,0.9381770778662714,0.0010601270895198578,0.0010601270895198578,0.018533227429176596,0.0023310425803778016,0.005911063530982722,0.007179832647851369,0.008752791177322855,0.015039544592117414,-0.0054840108967476155,-0.0036423534966630844
42,imports,low_density,random,0.01,11,120001,13,0.8654430660404122,0.8628012759452054,0.0026417900952068196,0.0026417900952068196,0.020499829168090265,0.004124965625286456,0.006708277431021408,0.005663291573708598,0.024696281752362253,0.019753896255765117,-0.00803866114665133,-0.00015392438098681252
42,imports,high_density,random,0.01,12,186257,13,0.8423069265719401,0.8421370572024078,0.0001698693695322273,0.0001698693695322273,0.0004456208357269794,0.0,0.00013422314329125884,0.0,0.0002775618963028755,0.005446078033542074,-0.005259748313694518,-0.0012363724400087702
42,imports,mid_density,random,0.01,12,173742,13,0.9392372049557912,0.9373414708153416,0.0018957341404496342,0.0018957341404496342,0.011683991205350462,0.0002992943559991251,0.007246376811594203,0.0009218550560204226,0.010730052670155284,0.01499489321566856,-0.012949568483815302,-0.0006174357146410848
42,imports,low_density,random,0.01,12,120001,13,0.8654430660404122,0.8628293133279237,0.0026137527124885374,0.0026137527124885374,0.016549862084482628,0.002299980833493054,0.004933292222564812,0.003157714089582976,0.018161737636519817,0.01606623849126792,-0.008702414630516582,0.0013902675041239127
42,imports,high_density,random,0.01,13,186257,13,0.8423069265719401,0.8578490996479834,-0.01554217307604333,-0.01554217307604333,0.007092350891510117,0.002324744841804603,0.0,0.004501647831827586,0.0,0.006857852283077883,0.006856309291652633,-0.0015575766941246336
42,imports,mid_density,random,0.01,13,173742,13,0.9392372049557912,0.9385285085825479,0.0007086963732433338,0.0007086963732433338,0.020916070955785016,0.008270884414821978,0.0012720010129962818,0.025475109913487448,0.0018835120254998552,0.01631234946885073,0.012074429378609327,0.0007283756547026003
42,imports,low_density,random,0.01,13,120001,13,0.8654430660404122,0.8676020996489718,-0.002159033608559624,-0.002159033608559624,0.01752485395955034,0.007124940625494788,0.0011833234723043974,0.009782049081860306,0.004356362743894957,0.01528120277863886,0.004902592084933758,0.00017476952494409627
42,imports,high_density,random,0.01,14,186257,13,0.8423069265719401,0.8423001321388195,6.794433120571597e-06,6.794433120571597e-06,0.0,0.0,0.0,0.0,0.0,0.0014527516011960122,0.0010829653273271385,0.00031574715330635254
42,imports,mid_density,random,0.01,14,173742,13,0.9392372049557912,0.9383200602783656,0.000917144677425652,0.000917144677425652,0.007142774919132967,0.0026936492039921264,0.00036836228430661553,0.008296695504183804,0.0005454514462986006,0.009401097587977239,0.006586215086373823,0.000542993207876083
42,imports,low_density,random,0.01,14,120001,13,0.8654430660404122,0.8639695278366459,0.001473538203766278,0.001473538203766278,0.012416563195306705,0.0049082924308964096,0.001433321388988425,0.006738744923059321,0.005276721070069947,0.012589556865063781,0.005126442656674328,-0.0007864734751412328
42,imports,high_density,random,0.01,15,186257,13,0.8423069265719401,0.8573351826886737,-0.01502825611673364,-0.01502825611673364,0.013631702432660249,0.0023730651733894566,0.0,0.004595215569671577,0.0,0.007560441687571439,0.007199159993209626,-0.0036484085145977027
42,imports,mid_density,random,0.01,15,173742,13,0.9392372049557912,0.9385100182010866,0.0007271867547046229,0.0007271867547046229,0.016864085828412242,0.0054563663362917425,0.0005813217299213777,0.016806126790526166,0.0008607905636899791,0.012737940749481902,0.010610483242736593,-0.0001804356006208869
42,imports,low_density,random,0.01,15,120001,13,0.8654430660404122,0.8661440929197333,-0.0007010268793210539,-0.0007010268793210539,0.015208206598278347,0.007299939167173607,0.0007249939583836801,0.010022309936502488,0.0026690391459074734,0.013264819690310205,0.008179455119564423,-0.001193487837859097
42,imports,high_density,random,0.01,16,186257,13,0.8423069265719401,0.8565355508365093,-0.014228624264569278,-0.014228624264569278,0.013631702432660249,0.0023730651733894566,0.0,0.004595215569671577,0.0,0.0049209279664554385,0.00491696097701396,-0.000899388902234902
42,imports,mid_density,random,0.01,16,173742,13,0.9392372049557912,0.9368479598447392,0.0023892451110519852,0.0023892451110519852,0.023085955036778672,0.01106813551127534,4.028962484603608e-05,0.03409090909090909,5.965875193890944e-05,0.02439100684172723,0.02410107680118784,-9.367645617735521e-05
42,imports,low_density,random,0.01,16,120001,13,0.8654430660404122,0.863734532239617,0.0017085338007951645,0.0017085338007951645,0.03292472562728644,0.02006649944583795,0.00017499854167881933,0.027549911332303643,0.0006442508283224936,0.029096896328021742,0.028026758312232496,-0.0061380936212767695
42,imports,high_density,random,0.01,17,186257,13,0.8423069265719401,0.841487514290151,0.0008194122817890559,0.0008194122817890559,0.0004456208357269794,0.0,0.00013422314329125884,0.0,0.0002775618963028755,0.0004963656741487242,-0.00042105832568784137,-9.081141076796837e-05
42,imports,mid_density,random,0.01,17,173742,13,0.9392372049557912,0.9378902252378546,0.001346979717936625,0.001346979717936625,0.008898251430281681,0.001047530245996938,0.004138320037757134,0.003226492696071479,0.006127806092010841,0.009327627773016225,-0.004646576500096905,-0.0007600516577180176
42,imports,low_density,random,0.01,17,120001,13,0.8654430660404122,0.864668834846471,0.000774231193941266,0.000774231193941266,0.014299880834326381,0.004424963125307289,0.0025416454862876143,0.006075167324523768,0.009356976316112407,0.013318600133805848,-0.00015369031009124383,-0.0008801860684740616
42,imports,high_density,random,0.01,18,186257,13,0.8423069265719401,0.8587356308500087,-0.01642870427806864,-0.01642870427806864,0.06204330575495149,0.03737846094374977,0.0,0.07237984342998534,0.0,0.03805268308796836,0.03805268308796836,3.720257532595681e-05
42,imports,mid_density,random,0.01,18,173742,13,0.9392372049557912,0.9350261320823229,0.004211072873468336,0.004211072873468336,0.15768208032600062,0.08574783299374936,0.0,0.2641114735498511,0.0,0.1325726039909524,0.13257122351868153,0.02537972803790776
42,imports,low_density,random,0.01,18,120001,13,0.8654430660404122,0.8634106474691605,0.002032418571251693,0.002032418571251693,0.15655702869142757,0.10892409229923083,0.0,0.14954522052514158,0.0,0.13982861708458968,0.13982610651114116,-0.014408097695461277
42,imports,high_density,random,0.01,19,186257,13,0.8423069265719401,0.8427256563673273,-0.0004187297953872626,-0.0004187297953872626,0.0,0.0,0.0,0.0,0.0,0.0028093553181611137,0.0022830490893857936,0.0007685179724507839
42,imports,mid_density,random,0.01,19,173742,13,0.9392372049557912,0.9342211517087433,0.0050160532470479025,0.0050160532470479025,0.02411621830069874,0.011419230813505082,0.0001611584993841443,0.03517231598354843,0.00023863500775563775,0.025431596173926978,0.02512721326900731,-0.0014691336204159975
42,imports,low_density,random,0.01,19,120001,13,0.8654430660404122,0.8625796419791896,0.0028634240612226414,0.0028634240612226414,0.03109140757160357,0.020016499862501147,0.000141665486120949,0.027481265373834447,0.0005215363848324948,0.02826392354748481,0.02774403456121827,-0.006305197530530198
42,imports,high_density,random,0.01,20,186257,13,0.8423069265719401,0.8596677830045096,-0.01736085643256957,-0.01736085643256957,0.007376903955287587,0.007333952549434384,0.0,0.014201503321654693,0.0,0.007825589565225092,0.007634715439218509,-0.0011968052702124958
42,imports,mid_density,random,0.01,20,173742,13,0.9392372049557912,0.9308658681723204,0.008371336783470795,0.008371336783470795,0.030758250739602398,0.014924428175110221,0.0007079462651517768,0.045968656928095306,0.001048289498355123,0.02479836423824323,0.02226232930069978,-0.0018979922531009972
42,imports,low_density,random,0.01,20,120001,13,0.8654430660404122,0.8558774695544665,0.009565596485945682,0.009565596485945682,0.03582470146082116,0.023058141182156815,0.0024833126390613413,0.03165722784737715,0.009142226040004909,0.03499044908478769,0.026189741107409743,-0.009129069968329462
42,imports,high_density,important,0.05,0,186257,65,0.8423069265719401,0.7043675761470098,0.13793935042493022,0.13793935042493022,0.16647964908701418,0.0,0.16325829364802397,0.0,0.33760408571111356,0.14370425866091507,-0.14229615886030847,-0.06285305777243132
42,imports,mid_density,important,0.05,0,173742,65,0.9392372049557912,0.833272562610124,0.10596464234566727,0.10596464234566727,0.3424675668519989,0.015753243314800106,0.28889963278884784,0.04852148631399802,0.42778734211737435,0.28533924128073784,-0.2417549025368847,-0.06445570605366045
42,imports,low_density,important,0.05,0,120001,65,0.8654430660404122,0.7402444197096791,0.12519864633073308,0.12519864633073308,0.19129840584661795,0.040199665002791644,0.09844084632628061,0.05519135060923288,0.3624064302368389,0.17410584980672694,-0.07589307828248532,-0.01545107073333044
42,imports,high_density,random,0.05,1,186257,65,0.8423069265719401,0.8554959067655385,-0.013188980193598487,-0.013188980193598487,0.0008805038199906581,0.0,0.00044025190999532905,0.0,0.0009104030198734317,0.007197954525427155,-0.004818127059249625,-0.0046273852637126875
42,imports,mid_density,random,0.05,1,173742,65,0.9392372049557912,0.9316010403302034,0.007636164625587805,0.007636164625587805,0.058765295668289766,0.0015482727262262435,0.04018026729288255,0.004768827116721033,0.059496821040789544,0.0678084343527355,-0.057298289254297606,-0.0002978068318478846
42,imports,low_density,random,0.05,1,120001,65,0.8654430660404122,0.8634149710104766,0.002028095029935617,0.002028095029935617,0.07264939458837844,0.0029333088890925907,0.03173306889109257,0.004027229563526114,0.11682415020247883,0.07044559835975914,-0.06167550548088081,0.016415671867552276
42,imports,high_density,random,0.05,2,186257,65,0.8423069265719401,0.843275914494437,-0.0009689879224968889,-0.0009689879224968889,0.0,0.0,0.0,0.0,0.0,0.004390672830747855,0.00024531043121986157,-0.0009194686972680879
42,imports,mid_density,random,0.05,2,173742,65,0.9392372049557912,0.9369068468294899,0.002330358126301335,0.002330358126301335,0.028853127050454123,0.004823243660139747,0.011304117599659266,0.014856048787406042,0.016738541258288307,0.0277453081913602,-0.0016477601341835612,0.0029613356530062717
42,imports,low_density,random,0.05,2,120001,65,0.8654430660404122,0.86913536190045,-0.003692295860037831,-0.003692295860037831,0.03734968875259373,0.009824918125682286,0.006099949167090274,0.013488930839196842,0.022456743158669776,0.037382119725787595,-0.005075679844620769,0.002574244004794107
42,imports,high_density,random,0.05,3,186257,65,0.8423069265719401,0.838853630544751,0.0034532960271890234,0.0034532960271890234,0.0,0.0,0.0,0.0,0.0,0.00797966424493898,0.001491362256440131,-0.004140821770129119
42,imports,mid_density,random,0.05,3,173742,65,0.9392372049557912,0.9358550253026382,0.003382179653153017,0.003382179653153017,0.04951594893577834,0.007528404185516455,0.02116356436555352,0.02318820025528294,0.03133789012562429,0.0442405747650535,-0.013661188817990047,-0.010047086370853497
42,imports,low_density,random,0.05,3,120001,65,0.8654430660404122,0.859285936755597,0.006157129284815266,0.006157129284815266,0.0488745927117274,0.013758218681510987,0.013358222014816543,0.018889079572106858,0.04917781322861701,0.04617262782723178,-0.009460192501970605,-0.00042218368767209333
42,imports,high_density,random,0.05,4,186257,65,0.8423069265719401,0.827480226671957,0.014826699899983087,0.014826699899983087,0.010453298399523239,0.0,0.008751348942590078,0.0,0.018097035638947486,0.011403203601736587,-0.011031240106420847,0.0020327299747718037
42,imports,mid_density,random,0.05,4,173742,65,0.9392372049557912,0.9300372991909218,0.009199905764869398,0.009199905764869398,0.03919604931450081,0.0026476039184537992,0.02308019937608638,0.00815487164941143,0.034175942182146694,0.04604729110326936,-0.03605855866581696,-0.009238879311303105
42,imports,low_density,random,0.05,4,120001,65,0.8654430660404122,0.8603139167929524,0.005129149247459774,0.005129149247459774,0.04425796451696236,0.006499945833784718,0.01540820493162557,0.008923974600995366,0.05672475150325193,0.04381698240729399,-0.02299308660617274,0.0031663498189850605
42,imports,high_density,random,0.05,5,186257,65,0.8423069265719401,0.8269258863906999,0.015381040181240202,0.015381040181240202,0.0181791825273681,0.0,0.015135001637522348,0.0,0.03129787942711225,0.014319565574298181,-0.008940944625699086,0.0017586375069625633
42,imports,mid_density,random,0.05,5,173742,65,0.9392372049557912,0.9236090307459404,0.015628174209850854,0.015628174209850854,0.07328107193424734,0.023488851285239032,0.017203669809257405,0.07234789391575663,0.02547428707791433,0.06177701685813217,0.010278521625084542,-0.010023038398338378
42,imports,low_density,random,0.05,5,120001,65,0.8654430660404122,0.8636432285800135,0.00179983746039869,0.00179983746039869,0.06079949333755552,0.02553312055732869,0.007624936458862842,0.03505520279160231,0.02807092894833722,0.05733176664200123,0.016844309400669246,-0.004636429690676623
42,imports,high_density,random,0.05,6,186257,65,0.8423069265719401,0.8372550372343395,0.00505188933760059,0.00505188933760059,0.001030833740476868,0.0,0.000590581830481539,0.0,0.0012212723437326524,0.006205616308099374,-0.0028643032528195733,-0.0012548876819352779
42,imports,mid_density,random,0.05,6,173742,65,0.9392372049557912,0.9299888611301026,0.00924834382568862,0.00924834382568862,0.05945597495136467,0.0036030435933740836,0.03867803985219463,0.011097716635938165,0.05727240186135306,0.05074680671836453,-0.029269587927310006,-0.0059851299099886405
42,imports,low_density,random,0.05,6,120001,65,0.8654430660404122,0.8555631307616988,0.009879935278713448,0.009879935278713448,0.05541620486495946,0.014808209931583903,0.01605819951500404,0.020330644699959956,0.05911768315130691,0.04866905189681699,-0.008496376939887482,0.0003685218850738549
42,imports,high_density,random,0.05,7,186257,65,0.8423069265719401,0.858369777336036,-0.01606285076409597,-0.01606285076409597,0.03513961891365157,0.017679872434324617,0.0,0.03423539563558485,0.0,0.023036764049569194,0.02161643943278115,-0.007314662906686094
42,imports,mid_density,random,0.05,7,173742,65,0.9392372049557912,0.9294949030844982,0.009742301871292991,0.009742301871292991,0.10417745853046471,0.0511160226082352,0.0023425539017623833,0.15744220677918025,0.003468730291305163,0.08290426520243131,0.07617539066865935,0.005637922830569122
42,imports,low_density,random,0.05,7,120001,65,0.8654430660404122,0.8606025017684996,0.004840564271912595,0.004840564271912595,0.10414913209056591,0.06712444062966141,0.00038333013891550906,0.09215719924489446,0.0014112161001349859,0.09261229654847339,0.08480379116972676,-0.011070683238655421
42,imports,high_density,random,0.05,8,186257,65,0.8423069265719401,0.8488419821156978,-0.006535055543757773,-0.006535055543757773,0.019881131984301262,0.007988961488695727,0.006872224936512453,0.015469865990206578,0.014211169090707227,0.019333543793866995,0.009251627251909403,-0.011019326813750898
42,imports,mid_density,random,0.05,8,173742,65,0.9392372049557912,0.9175249564155812,0.021712248540210033,0.021712248540210033,0.09632673734617997,0.028519298730301252,0.02560117875930978,0.08784215004963834,0.03790887551775274,0.074732930233632,0.024705109755930148,-0.004296442051428859
42,imports,low_density,random,0.05,8,120001,65,0.8654430660404122,0.863892312365169,0.001550753675243266,0.001550753675243266,0.06387446771276906,0.03724968958592012,0.0017916517362355313,0.05114123905955037,0.006595901337587434,0.05858499327734398,0.04379773657007313,-0.008308046170731574
42,imports,high_density,random,0.05,9,186257,65,0.8423069265719401,0.8229749148741987,0.019332011697741347,0.019332011697741347,0.006872224936512453,0.0,0.006872224936512453,0.0,0.014211169090707227,0.009432233219343944,-0.005855421109153368,-0.0032105465727111306
42,imports,mid_density,random,0.05,9,173742,65,0.9392372049557912,0.9290608958476017,0.010176309108189563,0.010176309108189563,0.04936054609708648,0.0028087624178379437,0.03404473299490048,0.008651255141114736,0.05041164538837847,0.04504504328806299,-0.028050460247887835,-0.004289174279425254
42,imports,low_density,random,0.05,9,120001,65,0.8654430660404122,0.8658290661791672,-0.00038600013875500494,-0.00038600013875500494,0.03789135090540912,0.007083274306047449,0.00949992083399305,0.00972484411646931,0.03497361639464965,0.03854316674856291,-0.015372882512085836,0.0033382779087592954
42,imports,high_density,random,0.05,10,186257,65,0.8423069265719401,0.8381991741806546,0.0041077523912854685,0.0041077523912854685,0.008171504963571838,0.0,0.00651787583822353,0.0,0.013478405684467636,0.009134033519253034,-0.007062747990119138,-0.002535688447678886
42,imports,mid_density,random,0.05,10,173742,65,0.9392372049557912,0.9334338937266841,0.005803311229107155,0.005803311229107155,0.041475290948648,0.00815577120097616,0.01644392259787501,0.025120550276556516,0.024349293469923466,0.044961556490673855,-0.010910847044690884,-0.011987785428731421
42,imports,low_density,random,0.05,10,120001,65,0.8654430660404122,0.8655530632774595,-0.00010999723704729902,-0.00010999723704729902,0.04808293264222798,0.01091657569520254,0.013191556737027191,0.014987700932440937,0.04856424101116701,0.04763520953309678,-0.014229482500905012,0.0006808407202371408
42,imports,high_density,random,0.05,11,186257,65,0.8423069265719401,0.8586652900452301,-0.016358363473290005,-0.016358363473290005,0.06586598087588655,0.04057297175408173,0.0,0.07856571054300478,0.0,0.04063950341035451,0.039925073679013524,0.0024135031474921444
42,imports,mid_density,random,0.05,11,173742,65,0.9392372049557912,0.9251082525713318,0.014128952384459437,0.014128952384459437,0.16564791472413118,0.09040416249381267,5.180094623061781e-05,0.2784534108637073,7.67041096357407e-05,0.1375840989495429,0.13735383299075138,0.025569520576983324
42,imports,low_density,random,0.05,11,120001,65,0.8654430660404122,0.8610777959520015,0.0043652700884107,0.0043652700884107,0.1652652894559212,0.11468237764685295,4.166631944733794e-05,0.15745094674217722,0.00015339305436249846,0.15005529329926118,0.1473649556771062,-0.013121542891352395
42,imports,high_density,random,0.05,12,186257,65,0.8423069265719401,0.855903909219411,-0.01359698264747089,-0.01359698264747089,0.004370305545563388,0.001487192427667148,0.0,0.002879807042531735,0.0,0.010686219428685797,0.006907840859275945,-0.0050221777375243914
42,imports,mid_density,random,0.05,12,173742,65,0.9392372049557912,0.9380930818560792,0.0011441230997120133,0.0011441230997120133,0.033049003695134166,0.0068147022596723875,0.008898251430281681,0.02098993050631116,0.01317606149965057,0.028764691221146502,0.0033223859012143815,0.0015943201691002318
42,imports,low_density,random,0.05,12,120001,65,0.8654430660404122,0.8671644683259674,-0.0017214022855551736,-0.0017214022855551736,0.03787468437763019,0.01413321555653703,0.005624953125390622,0.019403924260625822,0.020708062338937294,0.034680198498967515,0.006206723224827412,-0.0008691764586922091
42,imports,high_density,random,0.05,13,186257,65,0.8423069265719401,0.8370741192928741,0.005232807279065943,0.005232807279065943,0.0,0.0,0.0,0.0,0.0,0.006909053041958733,-0.0025697088354741404,-0.00037061854600608704
42,imports,mid_density,random,0.05,13,173742,65,0.9392372049557912,0.9314155702306606,0.007821634725130644,0.007821634725130644,0.03820607567542678,0.006906792830749042,0.018418114215330777,0.021273578215855907,0.02727257231493003,0.038743346918538764,-0.012850230603807918,-0.001026645666132994
42,imports,low_density,random,0.05,13,120001,65,0.8654430660404122,0.8639227228167976,0.0015203432236146064,0.0015203432236146064,0.042891309239089674,0.011833234723043975,0.009066591111740735,0.016246210171042847,0.03337832862927967,0.037780866404466096,-0.0053779343711230585,0.0008997667041983812
42,imports,high_density,random,0.05,14,186257,65,0.8423069265719401,0.8417668375864509,0.0005400889854891844,0.0005400889854891844,0.0012348529182795815,0.00038119372694717514,0.0003060287667040702,0.0007381454874359321,0.0006328411235705562,0.004806422825750811,0.0008424704350293807,0.0012437314669986068
42,imports,mid_density,random,0.05,14,173742,65,0.9392372049557912,0.9338434734291144,0.0053937315266767705,0.0053937315266767705,0.03015966202760415,0.01054437038827687,0.004955623856062437,0.03247766274287335,0.007338026488485861,0.033413232001185865,0.013448973504371622,-0.004503432520156889
42,imports,low_density,random,0.05,14,120001,65,0.8654430660404122,0.8499099148152851,0.015533151225127106,0.015533151225127106,0.05210789910084083,0.028141432154732044,0.005408288264264464,0.038636233625078654,0.019910418456252302,0.05164469250652271,0.025720119162088915,-0.009656569575760016
42,imports,high_density,random,0.05,15,186257,65,0.8423069265719401,0.8430653968377809,-0.0007584702658408604,-0.0007584702658408604,0.0004348829842636787,0.0,0.0003060287667040702,0.0,0.0006328411235705562,0.010944697942310594,-0.0027257824323623594,-0.0046122043633829175
42,imports,mid_density,random,0.05,15,173742,65,0.9392372049557912,0.935740059943212,0.0034971450125792503,0.0034971450125792503,0.05985311553913274,0.0037584464320659368,0.03582898780951065,0.011576372145794923,0.05305367583138732,0.05227867600262274,-0.03922803857492905,-0.009215243540426089
42,imports,low_density,random,0.05,15,120001,65,0.8654430660404122,0.8605014222302848,0.004941643810127405,0.004941643810127405,0.05054957875351039,0.007891600903325805,0.018441512987391773,0.01083462044505463,0.06789176586084182,0.04853399106447668,-0.02451533000621976,0.0028561531491883107
42,imports,high_density,random,0.05,16,186257,65,0.8423069265719401,0.8523954087693958,-0.010088482197455728,-0.010088482197455728,0.07086445073205302,0.04518487895756938,0.0,0.08749623129944795,0.0,0.055455365595153024,0.055455365595153024,0.010354666134275691
42,imports,mid_density,random,0.05,16,173742,65,0.9392372049557912,0.8975207786953491,0.04171642626044214,0.04171642626044214,0.2356482600637727,0.14619953724488033,0.0005352764443830508,0.4503084668841299,0.0007926091329026539,0.20364706321077797,0.2031001428709836,0.04211581970336709
42,imports,low_density,random,0.05,16,120001,65,0.8654430660404122,0.8383179045595839,0.02712516148082833,0.02712516148082833,0.28333097224189796,0.21777318522345648,6.66661111157407e-05,0.29898747211257937,0.00024542888697999754,0.25532009802261607,0.2549327116403041,-0.016811122509268757
42,imports,high_density,random,0.05,17,186257,65,0.8423069265719401,0.859465957499018,-0.017159030927077934,-0.017159030927077934,0.0014764545762038473,0.0009234552258438609,0.0,0.0017881834343518356,0.0,0.009006069901859835,0.00861308156704642,-0.0030627136475665034
42,imports,mid_density,random,0.05,17,173742,65,0.9392372049557912,0.9338046027582291,0.005432602197562142,0.005432602197562142,0.058356643759137114,0.026228545774769487,0.0005582990871522142,0.08078641327471281,0.0008266998482963165,0.05079679430318331,0.0468798647212001,0.0013199085393930446
42,imports,low_density,random,0.05,17,120001,65,0.8654430660404122,0.8636223072450822,0.0018207587953300575,0.0018207587953300575,0.06742443812968225,0.0397746685444288,0.0011666569445254623,0.05460785996224472,0.004295005522149957,0.06004164049132876,0.05266961738807797,-0.009409132543357386
42,imports,high_density,random,0.05,18,186257,65,0.8423069265719401,0.8580272254357185,-0.01572029886377846,-0.01572029886377846,0.06854507481598007,0.04397687066794805,0.0,0.08515703785334816,0.0,0.04318066263250255,0.043142610471991825,0.006985817645736415
42,imports,mid_density,random,0.05,18,173742,65,0.9392372049557912,0.9125716723326143,0.026665532623176946,0.026665532623176946,0.17732615026878937,0.10368822737161999,0.0,0.3193695929655368,0.0,0.14483044677478954,0.1447986120171057,0.01777249042717937
42,imports,low_density,random,0.05,18,120001,65,0.8654430660404122,0.8306393348446142,0.03480373119579805,0.03480373119579805,0.19908167431938067,0.15349872084399296,1.6666527778935175e-05,0.21074309250042902,6.135722174499939e-05,0.17980980279039802,0.17972831988727728,-0.029804301778009846
42,imports,high_density,random,0.05,19,186257,65,0.8423069265719401,0.836708723673645,0.005598202898295046,0.005598202898295046,0.0,0.0,0.0,0.0,0.0,0.0059826406613594525,-0.002961167815216366,-0.0026679704274253824
42,imports,mid_density,random,0.05,19,173742,65,0.9392372049557912,0.9358497351921127,0.003387469763678541,0.003387469763678541,0.03536277929343509,0.004328256840602733,0.01717489150579595,0.013331442348603034,0.025431673683672253,0.03893498527060998,-0.017163055755845185,-0.0010806677015349428
42,imports,low_density,random,0.05,19,120001,65,0.8654430660404122,0.8633713414313071,0.0020717246091050967,0.0020717246091050967,0.04076632694727544,0.01036658027849768,0.00974158548678761,0.01423259538927979,0.03586329610995214,0.03840730752793839,-0.006778705881185034,0.0015506354792444528
42,imports,high_density,random,0.05,20,186257,65,0.8423069265719401,0.8586643817584296,-0.016357455186489567,-0.016357455186489567,0.040315263318962506,0.02042339348319795,0.0,0.03954796386206036,0.0,0.038333501451685785,0.038333501451685785,0.0021158993195574687
42,imports,mid_density,random,0.05,20,173742,65,0.9392372049557912,0.9214632684374993,0.017773936518291955,0.017773936518291955,0.1839796940290776,0.10818915403299145,0.00015540283869185345,0.3332328747695362,0.0002301123289072221,0.15460523672427293,0.1542835626852743,0.02996457570169972
42,imports,low_density,random,0.05,20,120001,65,0.8654430660404122,0.8571268283853635,0.008316237655048742,0.008316237655048742,0.1847067941100491,0.1323572303564137,7.499937500520829e-05,0.1817172930610377,0.00027610749785249723,0.16502064802713945,0.16435143931152432,-0.012816389679170821
42,imports,high_density,important,0.1,0,186257,129,0.8423069265719401,0.6594204786358863,0.1828864479360538,0.1828864479360538,0.20099110369006265,0.0,0.19765163188497614,0.0,0.4087265460197624,0.1772819418012788,-0.17165164491448484,-0.06755924057908967
42,imports,mid_density,important,0.1,0,173742,129,0.9392372049557912,0.7768593833015209,0.16237782165427028,0.16237782165427028,0.4065280703571963,0.013111395057038597,0.3525227060814311,0.04038434264643313,0.5219970341077608,0.33331178893081365,-0.28550936733691423,-0.09082732964076869
42,imports,low_density,important,0.1,0,120001,129,0.8654430660404122,0.7328915866083211,0.1325514794320911,0.1325514794320911,0.2098982508479096,0.029174756877026024,0.11780735160540329,0.040054916766775354,0.43370352190452816,0.1872903117414381,-0.10697077450865766,-0.014563509457812183
42,imports,high_density,random,0.1,1,186257,129,0.8423069265719401,0.8518086915091653,-0.00950176493722521,-0.00950176493722521,0.0004456208357269794,0.0,0.00013422314329125884,0.0,0.0002775618963028755,0.006775614035806121,0.002078323163024598,-0.005555117813672606
42,imports,mid_density,random,0.1,1,173742,129,0.9392372049557912,0.9302602832496301,0.008976921706161156,0.008976921706161156,0.04013422200734422,0.008489599521129031,0.01643816693718272,0.02614877322365622,0.02434077079107505,0.04269644956997537,-0.0037401986780793302,-0.00357546673694246
42,imports,low_density,random,0.1,1,120001,129,0.8654430660404122,0.8639152406825035,0.0015278253579087409,0.0015278253579087409,0.06518279014341548,0.023158140348830427,0.011774901875817702,0.03179451976431554,0.04334887716284207,0.060692253626212916,0.0029781722689415265,-0.003065186712535266
42,imports,high_density,random,0.1,2,186257,129,0.8423069265719401,0.8510645221722507,-0.008757595600310641,-0.008757595600310641,0.013631702432660249,0.0023730651733894566,0.0,0.004595215569671577,0.0,0.013681070255389354,0.002900105528564288,0.00292139365521237
42,imports,mid_density,random,0.1,2,173742,129,0.9392372049557912,0.9241447716446289,0.015092433311162279,0.015092433311162279,0.04868713379608845,0.0178367924854094,0.01459059985495735,0.05493901574244788,0.021604990880733633,0.0502559072444248,0.007297835141850942,-0.0013767892593714883
42,imports,low_density,random,0.1,2,120001,129,0.8654430660404122,0.8585456073483607,0.006897458692051495,0.006897458692051495,0.06899109174090216,0.027658102849142923,0.010999908334097216,0.0379726560265431,0.040495766351699596,0.06207340267153041,0.015261366537099317,-0.0059848799301842
42,imports,high_density,random,0.1,3,186257,129,0.8423069265719401,0.8440521888667865,-0.0017452622948463947,-0.0017452622948463947,0.011607617431828065,0.0,0.009674804168433937,0.0,0.02000666148551127,0.016884606896111206,-0.0018047281377837425,-0.007185779437450063
42,imports,mid_density,random,0.1,3,173742,129,0.9392372049557912,0.9256284966326667,0.013608708323124552,0.013608708323124552,0.08303116114698807,0.004034718145295898,0.05551910303783771,0.01242731527442916,0.0822097601718172,0.07350810427737114,-0.05900924877969271,-0.005775667268275205
42,imports,low_density,random,0.1,3,120001,129,0.8654430660404122,0.857022198896112,0.008420867144300237,0.008420867144300237,0.07114940708827426,0.007124940625494788,0.02909142423813135,0.009782049081860306,0.10709903055589642,0.06655388841617299,-0.044818081090301894,0.00779758016715214
42,imports,high_density,random,0.1,4,186257,129,0.8423069265719401,0.8571907668187826,-0.014883840246842528,-0.014883840246842528,0.010571414765619546,0.0006872224936512453,0.007027923782730314,0.0013307411604478775,0.014533140890418563,0.011718627587927261,-0.0030831220813453465,-0.004455713543539931
42,imports,mid_density,random,0.1,4,173742,129,0.9392372049557912,0.9139266123728066,0.025310592582984626,0.025310592582984626,0.1006549941867827,0.009640731659587204,0.06118842881974422,0.029694369592965536,0.0906045988375066,0.0915117277332379,-0.054322580274544084,-0.015478840446373121
42,imports,low_density,random,0.1,4,120001,129,0.8654430660404122,0.8174686556767847,0.047974410363627484,0.047974410363627484,0.09877417688185931,0.032308064099465836,0.033708052432896395,0.04435673016417825,0.12409498097926126,0.0959068090946844,-0.0157198788830046,-0.011127469538592767
42,imports,high_density,random,0.1,5,186257,129,0.8423069265719401,0.8596395051472985,-0.017332578575358415,-0.017332578575358415,0.0012831732498644346,0.001030833740476868,0.0,0.0019961117406718165,0.0,0.0075498645004545666,0.003526891804771994,-0.0033086049852318793
42,imports,mid_density,random,0.1,5,173742,129,0.9392372049557912,0.9197751188958423,0.019462086059948924,0.019462086059948924,0.0589322098283662,0.01869438592856074,0.019195128408790046,0.05758048503758332,0.028423133959466138,0.06275667191457512,0.011174034518711152,-0.004980809064793728
42,imports,low_density,random,0.1,5,120001,129,0.8654430660404122,0.8479858378434455,0.017457228196966712,0.017457228196966712,0.07685769285255956,0.035666369446921274,0.012241564653627886,0.04896745037469252,0.04506687937170205,0.07404636572671457,0.02375434326134552,-0.012156673642838577
42,imports,high_density,random,0.1,6,186257,129,0.8423069265719401,0.8213596676768705,0.020947258895069543,0.020947258895069543,0.02563662036863044,0.0,0.02246358526122508,0.0,0.04645275896524925,0.018474086472126113,-0.017641945094575572,0.0016784449484054812
42,imports,mid_density,random,0.1,6,173742,129,0.9392372049557912,0.9147916231794692,0.024445581776322056,0.024445581776322056,0.1134498279057453,0.0037008898251430283,0.08322109794983366,0.011399092327329457,0.12322941346924166,0.10112392340062142,-0.07997663474908005,-0.020967963284463036
42,imports,low_density,random,0.1,6,120001,129,0.8654430660404122,0.8418883550367176,0.02355471100369466,0.02355471100369466,0.07797435021374823,0.018874842709644086,0.025066457779518506,0.02591384932212116,0.09228126150447907,0.07324369236725672,-0.02003976746554498,-0.0031713673691314195
42,imports,high_density,random,0.1,7,186257,129,0.8423069265719401,0.8563296685705789,-0.014022741998638844,-0.014022741998638844,0.015698738839345635,0.003060287667040702,0.0,0.005925956730119455,0.0,0.014770180885136236,0.0018191495058894407,-0.004283772210885546
42,imports,mid_density,random,0.1,7,173742,129,0.9392372049557912,0.9106955078087525,0.02854169714703869,0.02854169714703869,0.10599049164853634,0.02180244270239781,0.048238192262089766,0.06715359523471848,0.07142857142857142,0.08724761626851388,-0.03296633649018872,-0.02296300736721231
42,imports,low_density,random,0.1,7,120001,129,0.8654430660404122,0.8542368951683174,0.011206170872094856,0.011206170872094856,0.07050774576878525,0.020016499862501147,0.01789985083457638,0.027481265373834447,0.06589765615412935,0.06793854801174441,-0.012597339521659952,-0.004916553978126584
42,imports,high_density,random,0.1,8,186257,129,0.8423069265719401,0.8320686804740519,0.010238246097888148,0.010238246097888148,0.018259716413342855,0.0,0.015430292552763118,0.0,0.031908515598978573,0.014566820870121282,-0.012444713433144539,-0.0013835293456499792
42,imports,mid_density,random,0.1,8,173742,129,0.9392372049557912,0.9271578079352835,0.012079397020507754,0.012079397020507754,0.05505865018245444,0.007367245686132311,0.028386918534378563,0.022691816763579634,0.04203385208038591,0.059517148355839246,-0.03263749714178666,-0.014014018870060778
42,imports,low_density,random,0.1,8,120001,129,0.8654430660404122,0.8435144912939468,0.021928574746465368,0.021928574746465368,0.07314939042174648,0.02130815576536862,0.021291489237589688,0.029254619300955322,0.07838385077923672,0.07129943515554774,-0.014317396482840021,-0.007473037375588085
42,imports,high_density,random,0.1,9,186257,129,0.8423069265719401,0.8362046528941476,0.00610227367779248,0.00610227367779248,0.022232721454764116,0.0,0.018893249649677597,0.0,0.03906961252359276,0.01494809814844197,-0.01363470514221278,-0.0029483265258907734
42,imports,mid_density,random,0.1,9,173742,129,0.9392372049557912,0.9200729744948387,0.019164230460952503,0.019164230460952503,0.11953356125749674,0.0031943916842214317,0.08905733789181661,0.009839029924833357,0.1318714098215351,0.1060585247297893,-0.0943207172581943,-0.010901014353685604
42,imports,low_density,random,0.1,9,120001,129,0.8654430660404122,0.8497001142533875,0.015742951787024673,0.015742951787024673,0.10033249722918976,0.005549953750385413,0.047699602503312476,0.007619701390080659,0.17560436863418824,0.09626193284142683,-0.0790947482957277,0.018895121591055903
42,imports,high_density,random,0.1,10,186257,129,0.8423069265719401,0.8620778075848236,-0.01977088101288349,-0.01977088101288349,0.017862415909200728,0.003704558754838744,0.0004295140585320283,0.00717352656803934,0.0008881980681692017,0.016037400443926646,0.014605940262739973,-0.006763790873359797
42,imports,mid_density,random,0.1,10,173742,129,0.9392372049557912,0.9202937901869056,0.018943414768885614,0.018943414768885614,0.09540007597472114,0.050206628218853244,0.001358335923380645,0.1546411856474259,0.0020113522082260897,0.08972276599503362,0.0808928236635919,0.002586863941308016
42,imports,low_density,random,0.1,10,120001,129,0.8654430660404122,0.8600172217552484,0.0054258442851637945,0.0054258442851637945,0.09864917792351731,0.06004116632361397,0.0025749785418454846,0.08243235512842514,0.009479690759602406,0.0902754771954928,0.07418738882272939,-0.012077008077196317
42,imports,high_density,random,0.1,11,186257,129,0.8423069265719401,0.8581370024397201,-0.01583007586778007,-0.01583007586778007,0.04413793843989756,0.023617904293529907,0.0,0.04573383097507979,0.0,0.034343711477557805,0.031667006102406095,-0.0018310710830466358
42,imports,mid_density,random,0.1,11,173742,129,0.9392372049557912,0.9116994253775671,0.02753777957822412,0.02753777957822412,0.1476729863821068,0.07467394182178172,0.0115976562949661,0.23000283647709543,0.0171731978795575,0.1159263899286811,0.09241171028174418,0.006619143830105732
42,imports,low_density,random,0.1,11,120001,129,0.8654430660404122,0.8582192750983136,0.0072237909420985735,0.0072237909420985735,0.1351905400788327,0.08098265847784601,0.0055166206948275434,0.11118357073393971,0.020309240397594797,0.12083753078612645,0.08732689621557099,-0.003741330908017264
42,imports,high_density,random,0.1,12,186257,129,0.8423069265719401,0.8284313355765036,0.013875590995436449,0.013875590995436449,0.019204647342113315,0.005852129047498886,0.006383652694932271,0.011332092694438958,0.013200843788164761,0.019300103080075025,0.004446315074710365,-0.00569320854531863
42,imports,mid_density,random,0.1,12,173742,129,0.9392372049557912,0.9306895118908437,0.008547693064947515,0.008547693064947515,0.05994520611020939,0.01511436497795582,0.016892864131873696,0.046553680329031344,0.025014062420099886,0.05513464250159156,0.001276808780132413,0.005946631146751314
42,imports,low_density,random,0.1,12,120001,129,0.8654430660404122,0.8616312262636511,0.003811839776761139,0.003811839776761139,0.07308272431063075,0.024191465071124407,0.015699869167756935,0.03321320290601224,0.057798502883789425,0.06672169996476793,-0.0017132940248092067,0.0037093382817950495
42,imports,high_density,random,0.1,13,186257,129,0.8423069265719401,0.854211089550685,-0.01190416297874497,-0.01190416297874497,0.06424456530492814,0.03930590528141224,0.0,0.076112156528429,0.0,0.04648364709953447,0.04634185731657096,0.007877410260359295
42,imports,mid_density,random,0.1,13,173742,129,0.9392372049557912,0.9177182968633469,0.021518908092444278,0.021518908092444278,0.19006342738082904,0.10921941729691151,0.0002359820883839256,0.33640618352006807,0.000349429832785041,0.15731864382835015,0.15644878990930144,0.02749469914073364
42,imports,low_density,random,0.1,13,120001,129,0.8654430660404122,0.8506662702472777,0.014776795793134512,0.014776795793134512,0.20070666077782684,0.14564045299622502,4.166631944733794e-05,0.1999542360276872,0.00015339305436249846,0.1810595673488835,0.18029354738195272,-0.01904297589516253
42,imports,high_density,random,0.1,14,186257,129,0.8423069265719401,0.8196490181616487,0.02265790841029136,0.02265790841029136,0.014904137831061382,0.0,0.012863946053034248,0.0,0.02660153214166759,0.014385086807540378,-0.010897445627738995,-0.0028670015183223934
42,imports,mid_density,random,0.1,14,173742,129,0.9392372049557912,0.9244469385182603,0.014790266437530897,0.014790266437530897,0.10913308238652715,0.0022792416341471835,0.07920940244730693,0.0070202808112324495,0.11728910631189596,0.1033748914600411,-0.0954150595937657,-0.007740282670813246
42,imports,low_density,random,0.1,14,120001,129,0.8654430660404122,0.8512591619115258,0.014183904128886371,0.014183904128886371,0.09473254389546754,0.005433288055932867,0.0446579611836568,0.0074595274869858706,0.16440667566572587,0.09201449739397097,-0.07774857965832116,0.016751636341186732
42,imports,high_density,random,0.1,15,186257,129,0.8423069265719401,0.8255310386964585,0.016775887875481565,0.016775887875481565,0.008617125799298818,0.0004456208357269794,0.006689681461636341,0.0008629024712279206,0.013833684911735316,0.013705115475061765,-0.0075685469831588545,0.007007980200123895
42,imports,mid_density,random,0.1,15,173742,129,0.9392372049557912,0.9199617758820624,0.01927542907372881,0.01927542907372881,0.05771776542229282,0.018590784036099504,0.01988580769186495,0.057261381364345484,0.029445855421276014,0.05819678369920355,0.004465849813460145,-0.004194310028159787
42,imports,low_density,random,0.1,15,120001,129,0.8654430660404122,0.8392259691533052,0.02621709688710705,0.02621709688710705,0.07688269264422797,0.04263297805851618,0.009783251806234948,0.058532120588067046,0.03601668916431464,0.07330776997598529,0.036986269441323244,-0.012694792674713466
42,imports,high_density,random,0.1,16,186257,129,0.8423069265719401,0.8612576095985929,-0.018950683026652815,-0.018950683026652815,0.013443790032052486,0.007988961488695727,0.0003060287667040702,0.015469865990206578,0.0006328411235705562,0.018982800469474904,0.011831848702801103,-0.009039923142554652
42,imports,mid_density,random,0.1,16,173742,129,0.9392372049557912,0.9261148426182252,0.01312236233756603,0.01312236233756603,0.07636035040462294,0.012305602560117876,0.036260662361432466,0.03790242518791661,0.05369287674501849,0.07438371080147865,-0.03245674972912778,0.005012680157470351
42,imports,low_density,random,0.1,16,120001,129,0.8654430660404122,0.8569479303683667,0.008495135672045517,0.008495135672045517,0.07769101924150631,0.011249906250781243,0.030716410696577528,0.015445340655568903,0.11308135967603387,0.07154766379619672,-0.03939789103992065,0.007530884722886895
42,imports,high_density,random,0.1,17,186257,129,0.8423069265719401,0.8511850041251331,-0.008878077553193031,-0.008878077553193031,0.026152037238868876,0.003060287667040702,0.008751348942590078,0.005925956730119455,0.018097035638947486,0.02391997163998148,0.0010291023173646474,0.003278011642906491
42,imports,mid_density,random,0.1,17,173742,129,0.9392372049557912,0.9151621341321606,0.024075070823630584,0.024075070823630584,0.08403840176813897,0.038200320014734494,0.012184733685579768,0.11766061551552971,0.018042511122095897,0.07980092750978361,0.03908554906145431,0.0008572988998933752
42,imports,low_density,random,0.1,17,120001,129,0.8654430660404122,0.8454058535400274,0.020037212500384816,0.020037212500384816,0.1095240872992725,0.06574945208789927,0.007366605278289347,0.09026943538699159,0.02711989201128973,0.09954322689723057,0.06582578292440545,-0.017888655902865883
42,imports,high_density,random,0.1,18,186257,129,0.8423069265719401,0.8448080896355542,-0.0025011630636141424,-0.0025011630636141424,0.07144966363680291,0.03954750693933651,0.006872224936512453,0.07657999521764895,0.014211169090707227,0.0364904587780117,0.02637010702245873,-0.010875735451930919
42,imports,mid_density,random,0.1,18,173742,129,0.9392372049557912,0.9024331577575267,0.03680404719826447,0.03680404719826447,0.1523350715428624,0.06690955554788135,0.025802626883539962,0.2060877889661041,0.038207169277447287,0.11821341358508375,0.06672751359856849,-0.0011868940494365015
42,imports,low_density,random,0.1,18,120001,129,0.8654430660404122,0.8644188195238378,0.0010242465165744008,0.0010242465165744008,0.11956567028608095,0.07126607278272681,0.0032916392363396972,0.09784337280475945,0.012118051294637378,0.10731291468585144,0.08462607552937154,-0.007433093534798421
42,imports,high_density,random,0.1,19,186257,129,0.8423069265719401,0.8571169919765657,-0.014810065404625594,-0.014810065404625594,0.02028917033990669,0.007382272881019237,0.00013422314329125884,0.014295071059498685,0.0002775618963028755,0.017070987659798986,0.011939413709151683,-0.008119109416428953
42,imports,mid_density,random,0.1,19,173742,129,0.9392372049557912,0.922248258711311,0.01698894624448022,0.01698894624448022,0.08965017094312257,0.042315617409722464,0.0037699577534505186,0.13033612253581053,0.00558235464571224,0.07158730123659152,0.05054817888896314,-0.007388929116334824
42,imports,low_density,random,0.1,19,120001,129,0.8654430660404122,0.8666475626020036,-0.0012044965615913839,-0.0012044965615913839,0.07604103299139174,0.04128298930842243,0.002991641736318864,0.05667867970939878,0.01101362130322739,0.0707706854928103,0.04725127776965478,-0.008228959226716705
42,imports,high_density,random,0.1,20,186257,129,0.8423069265719401,0.8218153830631366,0.020491543508803445,0.020491543508803445,0.025781581363385,0.007988961488695727,0.010780802869153911,0.015469865990206578,0.022293771511046962,0.024512897299882954,-0.00675136248376923,-0.0018033092580176133
42,imports,mid_density,random,0.1,20,173742,129,0.9392372049557912,0.9153555578304591,0.02388164712533214,0.02388164712533214,0.16492845713759482,0.007534159846208747,0.12036237639718664,0.023205928237129487,0.17822626007806774,0.1249439207184047,-0.10276286813548911,0.002789161010483576
42,imports,low_density,random,0.1,20,120001,129,0.8654430660404122,0.8469850008566706,0.0184580651837416,0.0184580651837416,0.10627411438238014,0.004558295347538771,0.05223289805918284,0.0062582232137749555,0.1922935329488281,0.10350505234331193,-0.08919246485575262,0.021279667555005054
77,header,high_density,important,0.01,0,120001,1,0.9945117207532748,0.9910763339756263,0.0034353867776484304,0.0034353867776484304,0.021716485695952532,0.010166581945150457,0.0,0.03439914284103085,0.0,0.07137548119973344,0.07137548119973344,-0.05928808460633061
77,header,mid_density,important,0.01,0,239999,1,0.935474224691792,0.7799504848386966,0.15552373985309542,0.15552373985309542,0.2697344572269051,0.24704686269526124,0.0,0.3788562300319489,0.0,0.2342654364437385,0.2342654364437385,-0.11496371888570767
77,header,low_density,important,0.01,0,120000,1,0.8885169615986525,0.777631012163057,0.11088594943559549,0.11088594943559549,0.19553333333333334,0.157925,0.0,0.3945330390973061,0.0,0.14892433562872565,0.14892433562872565,-0.0347542485222159
77,header,high_density,random,0.01,1,120001,1,0.9945117207532748,0.9944880525745498,2.366817872501148e-05,2.366817872501148e-05,0.08606594945042124,0.04736627194773377,0.0,0.16026617041673716,0.0,0.11780303175314379,0.11780303175314379,0.029338312667039644
77,header,mid_density,random,0.01,1,239999,1,0.935474224691792,0.935243601585862,0.00023062310593002788,0.00023062310593002788,0.29072204467518614,0.20728836370151543,0.0,0.3178849840255591,0.0,0.28579501083702324,0.28579501083702324,-0.02635020320348306
77,header,low_density,random,0.01,1,120000,1,0.8885169615986525,0.8877165007337026,0.0008004608649498923,0.0008004608649498923,0.23604166666666668,0.1477,0.0,0.36898863305158847,0.0,0.24603333806083078,0.24603333806083078,0.051130344586199895
77,header,high_density,random,0.01,2,120001,1,0.9945117207532748,0.9945117207532748,0.0,0.0,0.0,0.0,0.0,0.0,0.0,0.0,0.0,0.0
77,header,mid_density,random,0.01,2,239999,1,0.935474224691792,0.935474224691792,0.0,0.0,0.0,0.0,0.0,0.0,0.0,0.0,0.0,0.0
77,header,low_density,random,0.01,2,120000,1,0.8885169615986525,0.8885169615986525,0.0,0.0,0.0,0.0,0.0,0.0,0.0,0.0,0.0,0.0
77,header,high_density,random,0.01,3,120001,1,0.9945117207532748,0.9945117207532748,0.0,0.0,0.0,0.0,0.0,0.0,0.0,0.0,0.0,0.0
77,header,mid_density,random,0.01,3,239999,1,0.935474224691792,0.935474224691792,0.0,0.0,0.0,0.0,0.0,0.0,0.0,0.0,0.0,0.0
77,header,low_density,random,0.01,3,120000,1,0.8885169615986525,0.8881499257412933,0.0003670358573591992,0.0003670358573591992,0.00040833333333333336,0.0,0.00038333333333333334,0.0,0.00063919072895534,0.00039490825521617883,-0.00039490825521617883,-4.201107048666598e-05
77,header,high_density,random,0.01,4,120001,1,0.9945117207532748,0.9944976405884396,1.4080164835172937e-05,1.4080164835172937e-05,0.0019333172223564804,0.0,0.0019333172223564804,0.0,0.0027444253859348197,0.016667282971580044,-0.016667282971580044,-0.006161510320349207
77,header,mid_density,random,0.01,4,239999,1,0.935474224691792,0.9353455535634776,0.00012867112831438376,0.00012867112831438376,0.02765428189284122,0.0,0.017058404410018376,0.0,0.04903052731170433,0.025958669277797775,-0.025958669277797775,0.003617129133455807
77,header,low_density,random,0.01,4,120000,1,0.8885169615986525,0.8895228850157066,-0.0010059234170541886,-0.0010059234170541886,0.042341666666666666,0.0,0.028533333333333334,0.0,0.04757802295528444,0.028805806163322602,-0.028805806163322602,-0.00421164590454002
77,header,high_density,random,0.01,5,120001,1,0.9945117207532748,0.9943718306766887,0.0001398900765861022,0.0001398900765861022,0.014949875417704853,0.006649944583795135,0.0,0.02250042294028083,0.0,0.007060359095694631,0.007060359095694631,-0.0014743463711092957
77,header,mid_density,random,0.01,5,239999,1,0.935474224691792,0.9354198631140462,5.4361577745742906e-05,5.4361577745742906e-05,0.01903341263921933,0.010095875399480831,0.0,0.015482428115015974,0.0,0.016198713471706466,0.016198713471706466,-0.006820901367599862
77,header,low_density,random,0.01,5,120000,1,0.8885169615986525,0.8882047559849,0.0003122056137524476,0.0003122056137524476,0.014991666666666667,0.005641666666666666,0.0,0.01409418328683849,0.0,0.012651823888174716,0.012651823888174716,5.8607780718978076e-05
77,header,high_density,random,0.01,6,120001,1,0.9945117207532748,0.9944385378507627,7.318290251201454e-05,7.318290251201454e-05,0.0,0.0,0.0,0.0,0.0,0.00016000661226972472,0.00016000661226972472,1.6342003691713124e-05
77,header,mid_density,random,0.01,6,239999,1,0.935474224691792,0.9353267877517005,0.00014743694009144992,0.00014743694009144992,0.0010625044271017796,0.0006833361805674191,0.0,0.001047923322683706,0.0,0.0015976651639015625,0.0015976651639015625,-0.00047189838027516634
77,header,low_density,random,0.01,6,120000,1,0.8885169615986525,0.8880354171494642,0.0004815444491882426,0.0004815444491882426,0.0034,0.0016416666666666667,0.0,0.00410126160636216,0.0,0.0029841449691982817,0.0029841449691982817,-0.00032441351232162996
77,header,high_density,random,0.01,7,120001,1,0.9945117207532748,0.9945141929705903,-2.4722173155300453e-06,-2.4722173155300453e-06,0.01668319430671411,0.006674944375463538,0.0,0.022585010996447302,0.0,0.013928892471587401,0.013928892471587401,0.0039555865084011125
77,header,mid_density,random,0.01,7,239999,1,0.935474224691792,0.9354751661811336,-9.41489341599322e-07,-9.41489341599322e-07,0.024166767361530672,0.01187504947937283,0.0,0.018210862619808307,0.0,0.024380345681399525,0.024380345681399525,-0.003241268352373303
77,header,low_density,random,0.01,7,120000,1,0.8885169615986525,0.8884300674450586,8.689415359386388e-05,8.689415359386388e-05,0.02880833333333333,0.012816666666666667,0.0,0.0320189865511929,0.0,0.026621903401398462,0.026621903401398462,0.005429102032354267
77,header,high_density,random,0.01,8,120001,1,0.9945117207532748,0.9942644933514981,0.0002472274017766285,0.0002472274017766285,0.006158282014316547,0.0,0.006158282014316547,0.0,0.008741941207783759,0.0019882823595893688,-0.0019882823595893688,-0.0016251913127828545
77,header,mid_density,random,0.01,8,239999,1,0.935474224691792,0.9356985268175046,-0.00022430212571267205,-0.00022430212571267205,0.00042916845486856193,0.0,0.00025000104167100694,0.0,0.0007185714798979628,0.0011732709333044417,-0.0011732709333044417,-0.00016995194894695956
77,header,low_density,random,0.01,8,120000,1,0.8885169615986525,0.8893916529363296,-0.000874691337677147,-0.000874691337677147,0.006516666666666666,0.0,0.004266666666666667,0.0,0.007114470722285523,0.00465036917533933,-0.00465036917533933,0.0001464378522050712
77,header,high_density,random,0.01,9,120001,1,0.9945117207532748,0.9947331723210083,-0.000221451567733566,-0.000221451567733566,0.08249097924183965,0.04404963291972567,0.0,0.1490441549653189,0.0,0.07756130171243605,0.07756130171243605,0.026053246557841938
77,header,mid_density,random,0.01,9,239999,1,0.935474224691792,0.9308476833932736,0.004626541298518361,0.004626541298518361,0.17475489481206172,0.11063379430747629,0.0,0.16966134185303514,0.0,0.1798528698687551,0.1798528698687551,-0.024165883392933005
77,header,low_density,random,0.01,9,120000,1,0.8885169615986525,0.8802500513678077,0.008266910230844804,0.008266910230844804,0.15689166666666668,0.0919,0.0,0.22958737560894366,0.0,0.17107529071627736,0.17107529071627736,0.029260805295366076
77,header,high_density,random,0.01,10,120001,1,0.9945117207532748,0.9945117207532748,0.0,0.0,0.0,0.0,0.0,0.0,0.0,0.0,0.0,0.0
77,header,mid_density,random,0.01,10,239999,1,0.935474224691792,0.935474224691792,0.0,0.0,0.0,0.0,0.0,0.0,0.0,0.0,0.0,0.0
77,header,low_density,random,0.01,10,120000,1,0.8885169615986525,0.8885169615986525,0.0,0.0,0.0,0.0,0.0,0.0,0.0,0.0,0.0,0.0
77,header,high_density,random,0.01,11,120001,1,0.9945117207532748,0.9934093536488892,0.0011023671043856043,0.0011023671043856043,0.024383130140582163,0.014074882709310756,0.0,0.047623075621722216,0.0,0.016860629425853865,0.016860629425853865,0.008525339471504136
77,header,mid_density,random,0.01,11,239999,1,0.935474224691792,0.9359382592517895,-0.0004640345599975504,-0.0004640345599975504,0.012854220225917609,0.00501252088550369,0.0,0.007686900958466454,0.0,0.01810900824124047,0.01810900824124047,0.003986217791805634
77,header,low_density,random,0.01,11,120000,1,0.8885169615986525,0.8865349595796863,0.0019820020189661447,0.0019820020189661447,0.020008333333333333,0.011958333333333333,0.0,0.02987467210725736,0.0,0.021242657527639985,0.021242657527639985,0.006453067014994984
77,header,high_density,random,0.01,12,120001,1,0.9945117207532748,0.9945230088334973,-1.1288080222549013e-05,-1.1288080222549013e-05,0.009091590903409138,0.0006499945833784718,0.0,0.0021992894603282014,0.0,0.006721750445567799,0.006721750445567799,0.0021620745528749723
77,header,mid_density,random,0.01,12,239999,1,0.935474224691792,0.935605075180828,-0.00013085048903604957,-0.00013085048903604957,0.01220005083354514,0.005979191579964916,0.0,0.009169329073482429,0.0,0.01083967154634453,0.01083967154634453,0.0008061681508328119
77,header,low_density,random,0.01,12,120000,1,0.8885169615986525,0.8882464938292773,0.00027046776937511563,0.00027046776937511563,0.005991666666666667,0.002916666666666667,0.0,0.00728650539201399,0.0,0.006060057813038737,0.006060057813038737,0.0018668526080723408
77,header,high_density,random,0.01,13,120001,1,0.9945117207532748,0.9953477908281745,-0.0008360700748997196,-0.0008360700748997196,0.0041916317364021965,0.0,0.001274989375088541,0.0,0.0018099012243449459,0.015538475388607809,-0.015538475388607809,-0.005466673253757815
77,header,mid_density,random,0.01,13,239999,1,0.935474224691792,0.9338407216294262,0.0016335030623657598,0.0016335030623657598,0.02296259567748199,0.0,0.011558381493256222,0.0,0.03322195475394915,0.018786863492819536,-0.018786863492819536,-0.007396342110783976
77,header,low_density,random,0.01,13,120000,1,0.8885169615986525,0.8887659503466308,-0.00024898874797829595,-0.00024898874797829595,0.03991666666666667,0.0,0.027491666666666668,0.0,0.04584109162660145,0.02469395248758707,-0.02469395248758707,-0.011905619879743697
77,header,high_density,random,0.01,14,120001,1,0.9945117207532748,0.9944357904608507,7.593029242403126e-05,7.593029242403126e-05,0.032141398821676485,0.014191548403763302,0.0,0.0480178198838324,0.0,0.031246450942809076,0.031246450942809076,0.011117738868771255
77,header,mid_density,random,0.01,14,239999,1,0.935474224691792,0.9351852147069006,0.0002890099848913419,0.0002890099848913419,0.06175442397676657,0.028904287101196253,0.0,0.044325878594249205,0.0,0.05825026303302462,0.05825026303302462,-0.006242303035987522
77,header,low_density,random,0.01,14,120000,1,0.8885169615986525,0.8887536485596046,-0.00023668696095213715,-0.00023668696095213715,0.061425,0.029275,0.0,0.07313569554898613,0.0,0.06227894383342284,0.06227894383342284,0.01392721596501048
77,header,high_density,random,0.01,15,120001,1,0.9945117207532748,0.9945117180849344,2.6683403264726735e-09,2.6683403264726735e-09,0.0,0.0,0.0,0.0,0.0,3.4516059512866853e-07,-3.4516059512866853e-07,-2.301035983837006e-07
77,header,mid_density,random,0.01,15,239999,1,0.935474224691792,0.9354739876932965,2.3699849549529972e-07,2.3699849549529972e-07,8.333368055700232e-06,0.0,0.0,0.0,0.0,1.2022805836507636e-05,-1.2022805836507636e-05,2.3215062545375095e-06
77,header,low_density,random,0.01,15,120000,1,0.8885169615986525,0.8884601271979495,5.6834400702920895e-05,5.6834400702920895e-05,2.5e-05,0.0,1.6666666666666667e-05,0.0,2.7790901258927826e-05,0.0001305960943803965,-0.0001305960943803965,-6.636878775425661e-05
77,header,high_density,random,0.01,16,120001,1,0.9945117207532748,0.9953477908281745,-0.0008360700748997196,-0.0008360700748997196,0.0041916317364021965,0.0,0.001274989375088541,0.0,0.0018099012243449459,0.015538475388607809,-0.015538475388607809,-0.005466673253757815
77,header,mid_density,random,0.01,16,239999,1,0.935474224691792,0.9338407216294262,0.0016335030623657598,0.0016335030623657598,0.02296259567748199,0.0,0.011558381493256222,0.0,0.03322195475394915,0.018786863492819536,-0.018786863492819536,-0.007396342110783976
77,header,low_density,random,0.01,16,120000,1,0.8885169615986525,0.8887659503466308,-0.00024898874797829595,-0.00024898874797829595,0.03991666666666667,0.0,0.027491666666666668,0.0,0.04584109162660145,0.02469395248758707,-0.02469395248758707,-0.011905619879743697
77,header,high_density,random,0.01,17,120001,1,0.9945117207532748,0.9944706133027819,4.110745049290543e-05,4.110745049290543e-05,0.0,0.0,0.0,0.0,0.0,0.00014514507570631224,-0.00014514507570631224,0.00014514507570631224
77,header,mid_density,random,0.01,17,239999,1,0.935474224691792,0.9353444900164669,0.0001297346753250661,0.0001297346753250661,0.0007291697048737704,0.0,0.0005166688194534144,0.0,0.0014850477251224566,0.0013920710171165932,-0.0013920710171165932,0.0010519732038803205
77,header,low_density,random,0.01,17,120000,1,0.8885169615986525,0.8884741678689692,4.27937296832992e-05,4.27937296832992e-05,0.0007916666666666666,0.0,0.00044166666666666665,0.0,0.0007364588833615874,0.0008122960590570738,-0.0008122960590570738,0.00041160458300671803
77,header,high_density,random,0.01,18,120001,1,0.9945117207532748,0.9945117207532748,0.0,0.0,0.0,0.0,0.0,0.0,0.0,0.0,0.0,0.0
77,header,mid_density,random,0.01,18,239999,1,0.935474224691792,0.9355030596873097,-2.8834995517756923e-05,-2.8834995517756923e-05,6.250026041775174e-05,2.083342013925058e-05,0.0,3.194888178913738e-05,0.0,8.653984652141725e-05,8.653984652141725e-05,7.380410317626239e-05
77,header,low_density,random,0.01,18,120000,1,0.8885169615986525,0.8885578446098572,-4.088301120475091e-05,-4.088301120475091e-05,8.333333333333333e-05,1.6666666666666667e-05,0.0,4.1637173668651374e-05,0.0,9.880706699774815e-05,9.880706699774815e-05,7.496697474146396e-05
77,header,high_density,random,0.01,19,120001,1,0.9945117207532748,0.9936736727711055,0.0008380479821692433,0.0008380479821692433,0.0060082832643061305,0.004274964375296873,0.0,0.014464557604466249,0.0,0.006431463051921604,0.006431463051921604,0.002653858572712278
77,header,mid_density,random,0.01,19,239999,1,0.935474224691792,0.9358162509416901,-0.0003420262498980975,-0.0003420262498980975,0.005183354930645544,0.0018458410243376014,0.0,0.002830670926517572,0.0,0.006781275009892565,0.006781275009892565,0.001500779965774621
77,header,low_density,random,0.01,19,120000,1,0.8885169615986525,0.8878909468719002,0.0006260147267522775,0.0006260147267522775,0.009208333333333334,0.005458333333333333,0.0,0.013636174376483325,0.0,0.00823275180472286,0.00823275180472286,0.002201466241533175
77,header,high_density,random,0.01,20,120001,1,0.9945117207532748,0.9945230088334973,-1.1288080222549013e-05,-1.1288080222549013e-05,0.009091590903409138,0.0006499945833784718,0.0,0.0021992894603282014,0.0,0.006721750445567799,0.006721750445567799,0.0021620745528749723
77,header,mid_density,random,0.01,20,239999,1,0.935474224691792,0.935605075180828,-0.00013085048903604957,-0.00013085048903604957,0.01220005083354514,0.005979191579964916,0.0,0.009169329073482429,0.0,0.01083967154634453,0.01083967154634453,0.0008061681508328119
77,header,low_density,random,0.01,20,120000,1,0.8885169615986525,0.8882464938292773,0.00027046776937511563,0.00027046776937511563,0.005991666666666667,0.002916666666666667,0.0,0.00728650539201399,0.0,0.006060057813038737,0.006060057813038737,0.0018668526080723408
77,header,high_density,important,0.05,0,120001,4,0.9945117207532748,0.9954204642444547,-0.0009087434911799752,-0.0009087434911799752,0.046482945975450204,0.018149848751260408,0.0,0.06141092877685671,0.0,0.049339816799947395,0.04622188794117176,-0.002402635379828888
77,header,mid_density,important,0.05,0,239999,4,0.935474224691792,0.7824603574483702,0.1530138672434218,0.1530138672434218,0.3890349543123096,0.3249805207521698,0.0005833357638990162,0.498370607028754,0.00167666678642858,0.2991057034150142,0.2933110616299114,-0.026846619553440122
77,header,low_density,important,0.05,0,120000,4,0.8885169615986525,0.7588925179355079,0.12962444366314452,0.12962444366314452,0.2909,0.201325,0.011891666666666667,0.5029562393304743,0.019828808048245005,0.23493983450251343,0.2123654106262259,0.0006679836791571248
77,header,high_density,random,0.05,1,120001,4,0.9945117207532748,0.9933747532798332,0.001136967473441608,0.001136967473441608,0.12142398813343222,0.0,0.11385738452179565,0.0,0.16162536227598037,0.17324957797889204,-0.17324957797889204,-0.06610192724473965
77,header,mid_density,random,0.05,1,239999,4,0.935474224691792,0.9356919717467489,-0.00021774705495691826,-0.00021774705495691826,0.208217534239726,0.0,0.15639231830132624,0.0,0.4495143654415023,0.17799907002378923,-0.17799907002378923,0.0557612282368146
77,header,low_density,random,0.05,1,120000,4,0.8885169615986525,0.8885537200036393,-3.675840498684746e-05,-3.675840498684746e-05,0.3081583333333333,0.0,0.237075,0.0,0.3953116749576189,0.23743741492838913,-0.23736928215124387,0.018922669285034364
77,header,high_density,random,0.05,2,120001,4,0.9945117207532748,0.9941032778989967,0.00040844285427810156,0.00040844285427810156,0.062332813893217556,0.023891467571103574,0.0,0.08083798567642249,0.0,0.07717382259149563,0.07717382259149563,0.025711285995083856
77,header,mid_density,random,0.05,2,239999,4,0.935474224691792,0.9314414673979567,0.004032757293835232,0.004032757293835232,0.17374239059329413,0.10785461606090026,0.0,0.16539936102236422,0.0,0.1771186805693307,0.1771186805693307,-0.023206445126402436
77,header,low_density,random,0.05,2,120000,4,0.8885169615986525,0.880493754035731,0.008023207562921408,0.008023207562921408,0.15935,0.09230833333333334,0.00036666666666666667,0.23060748636382564,0.0006113998276964122,0.1737399455537298,0.17309557780807763,0.03142814745307934
77,header,high_density,random,0.05,3,120001,4,0.9945117207532748,0.9938044367902212,0.0007072839630535288,0.0007072839630535288,0.0056582861809484925,0.0010833243056307864,0.0,0.003665482433880336,0.0,0.021147293554366203,0.017834864669929618,0.0009738795503207133
77,header,mid_density,random,0.05,3,239999,4,0.935474224691792,0.9328978999078905,0.0025763247839014625,0.0025763247839014625,0.03339180579919083,0.018866745278105324,0.00014583394097475406,0.02893290734824281,0.000419166696607145,0.03535149274479474,0.0340125983999446,-0.010070321065054916
77,header,low_density,random,0.05,3,120000,4,0.8885169615986525,0.884931727052026,0.0035852345466264035,0.0035852345466264035,0.043675,0.020316666666666667,0.0021,0.05075571470208602,0.0035016535586249063,0.03686601290414757,0.031367037943019364,0.005050080591921407
77,header,high_density,random,0.05,4,120001,4,0.9945117207532748,0.9933862848461107,0.001125435907164074,0.001125435907164074,0.09436588028433096,0.055666202781643484,0.0,0.18834940506400497,0.0,0.15274939874009433,0.15274939874009433,0.020665240604274875
77,header,mid_density,random,0.05,4,239999,4,0.935474224691792,0.9313258635570505,0.004148361134741485,0.004148361134741485,0.3890974545727274,0.30301376255734397,0.0,0.4646837060702875,0.0,0.3694089735484979,0.36935430557798593,-0.015572356359148266
77,header,low_density,random,0.05,4,120000,4,0.8885169615986525,0.8877763999499881,0.0007405616486643174,0.0007405616486643174,0.3001333333333333,0.205075,0.00015833333333333332,0.5123246034059208,0.00026401356195981436,0.30137004810782064,0.3009884958361835,0.07404075158633847
77,header,high_density,random,0.05,5,120001,4,0.9945117207532748,0.9930296011233793,0.0014821196298954176,0.0014821196298954176,0.0735827201439988,0.03820801493320889,0.0,0.12927874584108723,0.0,0.05512474087975144,0.0530679260461061,0.018551421538438362
77,header,mid_density,random,0.05,5,239999,4,0.935474224691792,0.9352977899105906,0.00017643478120132894,0.00017643478120132894,0.1259338580577419,0.070054458560244,0.0,0.10743130990415335,0.0,0.10112865501153886,0.1007086676349246,0.007791374304735957
77,header,low_density,random,0.05,5,120000,4,0.8885169615986525,0.888544757851659,-2.7796253006528993e-05,-2.7796253006528993e-05,0.09609166666666667,0.048425,0.000625,0.12097680809426656,0.0010421587972097935,0.10097435553186326,0.09973534397345911,0.03616492094237663
77,header,high_density,random,0.05,6,120001,4,0.9945117207532748,0.99433795976517,0.00017376098810473195,0.00017376098810473195,0.3212306564111966,0.2825309789085091,0.0,0.9559578187559916,0.0,0.32702632140339927,0.32702632140339927,0.0649902604485864
77,header,mid_density,random,0.05,6,239999,4,0.935474224691792,0.9334297112930547,0.0020445133987372355,0.0020445133987372355,0.6628277617823407,0.5739440581002421,0.0,0.8801661341853035,0.0,0.6366016611849736,0.6366016611849736,0.11870143039123776
77,header,low_density,random,0.05,6,120000,4,0.8885169615986525,0.8829042913008274,0.005612670297825084,0.005612670297825084,0.404425,0.30233333333333334,0.0,0.7552983303493359,0.0,0.42962331547962784,0.42962105253722804,0.1469168218066682
77,header,high_density,random,0.05,7,120001,4,0.9945117207532748,0.991617809271843,0.00289391148143181,0.00289391148143181,0.09017424854792877,0.05147457104524129,0.0,0.1741668076467603,0.0,0.14615154064298158,0.14615154064298158,0.03901130315206452
77,header,mid_density,random,0.05,7,239999,4,0.935474224691792,0.927703030095021,0.007771194596771003,0.007771194596771003,0.4766311526298026,0.3881016170900712,0.0,0.5951693290734824,0.0,0.4807645107690534,0.4807645107690534,0.08217018761320376
77,header,low_density,random,0.05,7,120000,4,0.8885169615986525,0.8862649025930878,0.0022520590055646883,0.0022520590055646883,0.3667,0.2649,0.0,0.6617812382895449,0.0,0.3883176167092835,0.38831761669994186,0.1257500870518162
77,header,high_density,random,0.05,8,120001,4,0.9945117207532748,0.991638656180983,0.0028730645722917503,0.0028730645722917503,0.6537195523370638,0.0,0.6461196156698694,0.0,0.917194061631277,0.6035288079766793,-0.6035288079766793,0.045489214176851124
77,header,mid_density,random,0.05,8,239999,4,0.935474224691792,0.8978209316045835,0.03765329308720844,0.03765329308720844,0.2871428630952629,0.0,0.23394680811170046,0.0,0.672427214697182,0.29665069917018144,-0.29665069917018144,0.13164646032481458
77,header,low_density,random,0.05,8,120000,4,0.8885169615986525,0.8321122150909162,0.0564047465077363,0.0564047465077363,0.5433333333333333,0.0,0.4609666666666667,0.0,0.7686407470194259,0.49946616783345255,-0.4994449802007147,0.1332551955576373
77,header,high_density,random,0.05,9,120001,4,0.9945117207532748,0.9935629973521625,0.0009487234011122947,0.0009487234011122947,0.106057449521254,0.0,0.09856584528462263,0.0,0.13991837700360799,0.13382307026857546,-0.133822979262572,-0.06142901134379592
77,header,mid_density,random,0.05,9,239999,4,0.935474224691792,0.9328300104376525,0.002644214254139521,0.002644214254139521,0.16668402785011605,0.00014583394097475406,0.11937966408193368,0.00022364217252396167,0.3431298578426089,0.1408410524134875,-0.13953598669701595,0.031288390281995454
77,header,low_density,random,0.05,9,120000,4,0.8885169615986525,0.8948125637590556,-0.0062956021604031465,-0.0062956021604031465,0.22280833333333333,0.00015833333333333332,0.15861666666666666,0.00039555314985218804,0.26448600728121613,0.17710660485454693,-0.1727481419255237,0.001513406878214434
77,header,high_density,random,0.05,10,120001,4,0.9945117207532748,0.992849381751049,0.0016623390022257878,0.0016623390022257878,0.12345730452246231,0.0,0.11593236723027309,0.0,0.1645708877979535,0.16610454693313095,-0.16610454693313095,-0.05912932954836066
77,header,mid_density,random,0.05,10,239999,4,0.935474224691792,0.9320019420561254,0.003472282635666568,0.003472282635666568,0.20863003595848317,0.0,0.15623398430826796,0.0,0.44905927017090025,0.175098436626715,-0.175098436626715,0.050700992825388674
77,header,low_density,random,0.05,10,120000,4,0.8885169615986525,0.8847141096689874,0.0038028519296650076,0.0038028519296650076,0.3111,0.0,0.2404,0.0,0.40085595975877497,0.23546435966698454,-0.23546308163805343,0.013492800759532093
77,header,high_density,random,0.05,11,120001,4,0.9945117207532748,0.9916025371927367,0.0029091835605380423,0.0029091835605380423,0.664361130323914,0.0,0.6567611936567195,0.0,0.9323002306736855,0.6133154453433874,-0.6133122002307071,0.04387333981917983
77,header,mid_density,random,0.05,11,239999,4,0.935474224691792,0.890200808128903,0.04527341656288897,0.04527341656288897,0.30027625115104645,0.0,0.24708019616748403,0.0,0.7101761697744883,0.30811991112171716,-0.30809530554960757,0.12721008799003164
77,header,low_density,random,0.05,11,120000,4,0.8885169615986525,0.8199946323188145,0.06852232927983792,0.06852232927983792,0.5416833333333333,0.0,0.4593083333333333,0.0,0.7658755523441625,0.49975091295639457,-0.4997046935874893,0.1355683687960181
77,header,high_density,random,0.05,12,120001,4,0.9945117207532748,0.9897616240167654,0.0047500967365093905,0.0047500967365093905,0.6537195523370638,0.0,0.6461196156698694,0.0,0.917194061631277,0.6169424477221238,-0.6169424477221238,0.058990926782610344
77,header,mid_density,random,0.05,12,239999,4,0.935474224691792,0.9312233193510343,0.004250905340757671,0.004250905340757671,0.2843845182688261,0.0,0.23118846328526368,0.0,0.6644989760356411,0.29611266320493307,-0.29611266320493307,0.13117950054067232
77,header,low_density,random,0.05,12,120000,4,0.8885169615986525,0.8796679044809146,0.008849057117737869,0.008849057117737869,0.5272166666666667,0.0,0.4448166666666667,0.0,0.7417113636995247,0.48622102918800325,-0.48622102918800325,0.12612976430684805
77,header,high_density,random,0.05,13,120001,4,0.9945117207532748,0.99044234648632,0.004069374266954751,0.004069374266954751,0.6535778868509429,0.0,0.6459779501837485,0.0,0.9169929614952387,0.5125108217563484,-0.5125108217563484,-0.04450822650511692
77,header,mid_density,random,0.05,13,239999,4,0.935474224691792,0.9349998595380243,0.0004743651537676419,0.0004743651537676419,0.27836782653261055,0.0,0.22517177154904813,0.0,0.6472053557527635,0.27645412424872795,-0.27645412424872795,0.11645841049237295
77,header,low_density,random,0.05,13,120000,4,0.8885169615986525,0.8858871330107028,0.0026298285879496897,0.0026298285879496897,0.48944166666666666,0.0,0.4074,0.0,0.6793207903732318,0.427489614626571,-0.4274888863674983,0.09799522443473695
77,header,high_density,random,0.05,14,120001,4,0.9945117207532748,0.9943779194957786,0.00013380125749618,0.00013380125749618,0.0735827201439988,0.03820801493320889,0.0,0.12927874584108723,0.0,0.06335166059761652,0.06335166059761652,0.019747490355006447
77,header,mid_density,random,0.05,14,239999,4,0.935474224691792,0.9309503670281755,0.004523857663616515,0.004523857663616515,0.14795478314492977,0.08869620290084541,0.0,0.13601916932907349,0.0,0.1410964048986827,0.14109628744776978,-0.02134137909367275
77,header,low_density,random,0.05,14,120000,4,0.8885169615986525,0.880474004351967,0.008042957246685467,0.008042957246685467,0.12726666666666667,0.07255833333333334,0.0,0.18126743556647376,0.0,0.13599293090539194,0.1358678239045672,0.02161705851398248
77,header,high_density,random,0.05,15,120001,4,0.9945117207532748,0.9946968727194758,-0.00018515196620105812,-0.00018515196620105812,0.09263256139532171,0.0,0.08514929042257981,0.0,0.12087301117880168,0.09464634352643082,-0.0905768514645641,-0.039973870956281625
77,header,mid_density,random,0.05,15,239999,4,0.935474224691792,0.9246269973886163,0.010847227303175666,0.010847227303175666,0.142138092242051,0.0007875032812636719,0.09922541343922266,0.001207667731629393,0.28520102037150147,0.11715810505096567,-0.11203895957325773,0.015364581864378236
77,header,low_density,random,0.05,15,120000,4,0.8885169615986525,0.8740339877457435,0.014482973852908976,0.014482973852908976,0.20523333333333332,0.0011833333333333333,0.151625,0.0029562393304742476,0.2528277242030959,0.15380363558984447,-0.15030938890683493,-0.012734129094965433
77,header,high_density,random,0.05,16,120001,4,0.9945117207532748,0.9926461239283115,0.0018655968249632338,0.0018655968249632338,0.10539912167398605,0.0,0.09837418021516488,0.0,0.13964630034896788,0.13122130119700845,-0.13122097992478132,-0.060470884306222626
77,header,mid_density,random,0.05,16,239999,4,0.935474224691792,0.9343163656720725,0.0011578590197194316,0.0011578590197194316,0.17708407118362993,0.00018750078125325523,0.12937137238071825,0.00028753993610223643,0.37184876465586414,0.14416838606938137,-0.14301062542062526,0.034111448061194274
77,header,low_density,random,0.05,16,120000,4,0.8885169615986525,0.8871550017562931,0.001361959842359317,0.001361959842359317,0.226325,0.0004916666666666666,0.16484166666666666,0.0012282966232252154,0.27486590890142565,0.1778496352460089,-0.1751166604910353,0.00012340976435472277
77,header,high_density,random,0.05,17,120001,4,0.9945117207532748,0.994698927508301,-0.00018720675502625905,-0.00018720675502625905,0.01668319430671411,0.006674944375463538,0.0,0.022585010996447302,0.0,0.013679625238217799,0.011252135237752479,0.006639839317912072
77,header,mid_density,random,0.05,17,239999,4,0.935474224691792,0.934953663350486,0.0005205613413059584,0.0005205613413059584,0.024170934045558524,0.010304209600873337,0.0003375014062558594,0.015801916932907348,0.0009700714978622499,0.024241705418011635,0.01935262248231497,0.0006864562315543015
77,header,low_density,random,0.05,17,120000,4,0.8885169615986525,0.8891759051934921,-0.0006589435948396449,-0.0006589435948396449,0.030491666666666667,0.012625,0.0002666666666666667,0.03154015905400341,0.0004446544201428452,0.027677829109533984,0.024940518981523583,0.006280730906836285
77,header,high_density,random,0.05,18,120001,4,0.9945117207532748,0.9901777717037458,0.004333949049528996,0.004333949049528996,0.04639128007266606,0.01530820576495196,0.0,0.051796086392601366,0.0,0.030786391052454135,0.02572253306983346,-0.003196634151939974
77,header,mid_density,random,0.05,18,239999,4,0.935474224691792,0.935508146622406,-3.39219306140226e-05,-3.39219306140226e-05,0.05157938158075659,0.013533389722457177,0.006404193350805628,0.02075399361022364,0.018407406076719483,0.03878195243358523,0.02961095516776544,-0.008298835908412048
77,header,low_density,random,0.05,18,120000,4,0.8885169615986525,0.8833062219979289,0.005210739600723602,0.005210739600723602,0.04583333333333333,0.019333333333333334,0.005691666666666667,0.04829912145563559,0.009490592779923854,0.04000939782951638,0.030001224301148138,0.0036498861126975208
77,header,high_density,random,0.05,19,120001,4,0.9945117207532748,0.991857880184855,0.002653840568419774,0.002653840568419774,0.08792426729777252,0.04922458979508504,0.0,0.16655388259177803,0.0,0.09623362308207602,0.09589598228350296,0.061767170741028214
77,header,mid_density,random,0.05,19,239999,4,0.935474224691792,0.9279354003474319,0.00753882434436004,0.00753882434436004,0.37719740498918747,0.2904053766890695,0.0,0.4453482428115016,0.0,0.30933108686207417,0.30896392112363463,0.013811504997955991
77,header,low_density,random,0.05,19,120000,4,0.8885169615986525,0.8883146227313528,0.00020233886729970063,0.00020233886729970063,0.26350833333333334,0.16995,3.3333333333333335e-05,0.424574259899238,5.558180251785565e-05,0.2678654350669927,0.2674028288931255,0.0715886678491651
77,header,high_density,random,0.05,20,120001,4,0.9945117207532748,0.9945737156383265,-6.199488505176376e-05,-6.199488505176376e-05,0.027624769793585052,0.013316555695369206,0.0,0.04505723791800598,0.0,0.026405969243444728,0.026403802835920975,0.007304605280114973
77,header,mid_density,random,0.05,20,239999,4,0.935474224691792,0.9352234492907971,0.0002507754009948293,0.0002507754009948293,0.0539752248967704,0.024658436076816986,0.0,0.037814696485623,0.0,0.050596903588712695,0.050595442800919176,-0.007845729813420998
77,header,low_density,random,0.05,20,120000,4,0.8885169615986525,0.8886069247624419,-8.996316378939717e-05,-8.996316378939717e-05,0.054191666666666666,0.024466666666666668,0.00015,0.061123370945580215,0.00025011811133035045,0.052601011781447396,0.05184213156642198,0.010961791252768152
77,header,high_density,important,0.1,0,120001,8,0.9945117207532748,0.9890837416619493,0.005427979091325419,0.005427979091325419,0.6732693894217548,0.0,0.6656694527545604,0.0,0.9449458804045662,0.6532474453605459,-0.6532465709792007,0.07726270439096122
77,header,mid_density,important,0.1,0,239999,8,0.935474224691792,0.7581466936509771,0.1773275310408149,0.1773275310408149,0.31220546752278133,0.0,0.2590094125392189,0.0,0.7444640055569528,0.32572320543055583,-0.3257151770248066,0.13871706548500815
77,header,low_density,important,0.1,0,120000,8,0.8885169615986525,0.7120502115617506,0.17646675003690182,0.17646675003690182,0.578525,0.0,0.49545,0.0,0.8261401217241475,0.5442265787928374,-0.543926437939808,0.1567278122563163
77,header,high_density,random,0.1,1,120001,8,0.9945117207532748,0.9921048784429058,0.0024068423103689174,0.0024068423103689174,0.08891592570061917,0.0011833234723043974,0.0798326680610995,0.004003834658546214,0.11332584136748093,0.15807698745830173,-0.15728433557724555,-0.07498677858154579
77,header,mid_density,random,0.1,1,239999,8,0.935474224691792,0.9302811115910515,0.005193113100740443,0.005193113100740443,0.17252155217313406,0.0,0.12775886566194025,0.0,0.3672139786105223,0.14616545436058453,-0.14614054733351667,0.0390810387181688
77,header,low_density,random,0.1,1,120000,8,0.8885169615986525,0.8841934725850766,0.004323489013575821,0.004323489013575821,0.2592833333333333,3.3333333333333335e-05,0.19595,8.327434733730275e-05,0.3267376261012145,0.1941919359219147,-0.19402845929918636,0.008281599622455461
77,header,high_density,random,0.1,2,120001,8,0.9945117207532748,0.96570949263173,0.02880222812154476,0.02880222812154476,0.3253806218281514,0.286680944325464,0.0,0.9699994360796256,0.0,0.271348526808405,0.2713485144662809,0.006469417699907633
77,header,mid_density,random,0.1,2,239999,8,0.935474224691792,0.9042570591134472,0.031217165578344752,0.031217165578344752,0.687394530810545,0.5985108271284464,0.0,0.9178402555910543,0.0,0.6276487888831225,0.6276486397598817,0.09423181719538702
77,header,low_density,random,0.1,2,120000,8,0.8885169615986525,0.8578493061747567,0.030667655423895712,0.030667655423895712,0.4166,0.3143416666666667,0.0,0.7852979139775992,0.0,0.44155086544140276,0.44153659798956374,0.1510949775438692
77,header,high_density,random,0.1,3,120001,8,0.9945117207532748,0.9906811762875362,0.0038305444657386056,0.0038305444657386056,0.04808293264222798,0.0,0.044816293197556686,0.0,0.0636186195067132,0.04457390382742101,-0.03986883358080955,-0.017644572481620494
77,header,mid_density,random,0.1,3,239999,8,0.935474224691792,0.9283447278950021,0.007129496796789869,0.007129496796789869,0.07811282547010613,0.0022708427951783133,0.051466881112004634,0.0034824281150159743,0.14792991532832728,0.0725934152364023,-0.06586970811793842,0.017797708848039603
77,header,low_density,random,0.1,3,120000,8,0.8885169615986525,0.8681218058898152,0.02039515570883721,0.02039515570883721,0.13881666666666667,0.0019166666666666666,0.10403333333333334,0.004788274971894908,0.1734708056582275,0.09867558183394455,-0.09242504377361362,-0.008486889897462938
77,header,high_density,random,0.1,4,120001,8,0.9945117207532748,0.9937426325247318,0.0007690882285429357,0.0007690882285429357,0.10437413021558153,0.0,0.09689085924283965,0.0,0.13754066363044892,0.12927438884596262,-0.12925726068804272,-0.06274607481292652
77,header,mid_density,random,0.1,4,239999,8,0.935474224691792,0.9276852180166149,0.007789006675177124,0.007789006675177124,0.1575756565652357,0.0,0.11330463876932821,0.0,0.3256685708810884,0.13718059491206552,-0.1370444077709137,0.03163295165537811
77,header,low_density,random,0.1,4,120000,8,0.8885169615986525,0.8738358472519914,0.014681114346661084,0.014681114346661084,0.25555833333333333,5e-05,0.19406666666666667,0.00012491152100595413,0.32359725425895564,0.18905168227436592,-0.18837435151985452,-0.00031939582759357796
77,header,high_density,random,0.1,5,120001,8,0.9945117207532748,0.9804035215007909,0.014108199252483855,0.014108199252483855,0.6557862017816518,0.0,0.6481862651144574,0.0,0.9201277577334832,0.5713339748865714,-0.5713339748865714,0.00854898122494498
77,header,mid_density,random,0.1,5,239999,8,0.935474224691792,0.9296193086355189,0.005854916056273085,0.005854916056273085,0.28857620240084336,0.0,0.2353884807853366,0.0,0.6765709768979269,0.2894886414466228,-0.28948860113357966,0.12156540089358361
77,header,low_density,random,0.1,5,120000,8,0.8885169615986525,0.8722505012767761,0.016266460321876397,0.016266460321876397,0.5270666666666667,0.0001,0.4442083333333333,0.00024982304201190826,0.740696995803574,0.4681768203999951,-0.4674739118692316,0.10343904930888911
77,header,high_density,random,0.1,6,120001,8,0.9945117207532748,0.991927930622591,0.002583790130683772,0.002583790130683772,0.6536945525453954,0.0,0.646094615878201,0.0,0.9171585733719761,0.6118191303412054,-0.6118191303412054,0.05388153829532418
77,header,mid_density,random,0.1,6,239999,8,0.935474224691792,0.8981887510504516,0.03728547364134038,0.03728547364134038,0.28684702852928556,0.0,0.23365097354572312,0.0,0.6715769051126361,0.2965678044519762,-0.2965678044519762,0.1317284018135328
77,header,low_density,random,0.1,6,120000,8,0.8885169615986525,0.8335285845584619,0.05498837704019055,0.05498837704019055,0.5416583333333334,0.0,0.4592583333333333,0.0,0.7657921796403857,0.49768086811165724,-0.497607669126115,0.13258519049518452
77,header,high_density,random,0.1,7,120001,8,0.9945117207532748,0.9920113853012025,0.0025003354520722887,0.0025003354520722887,0.08274931042241315,0.04709960750327081,0.0,0.15936389781762816,0.0,0.10389317699993239,0.10389317699993239,0.025079322947934274
77,header,mid_density,random,0.1,7,239999,8,0.935474224691792,0.9184175789138224,0.017056645777969615,0.017056645777969615,0.24013016720903005,0.1659506914612144,0.0,0.2544920127795527,0.0,0.25773538738543933,0.25773538738543933,-0.033545125266341014
77,header,low_density,random,0.1,7,120000,8,0.8885169615986525,0.8808686656403399,0.007648295958312512,0.007648295958312512,0.20748333333333333,0.13156666666666667,0.0,0.3286838489403339,0.0,0.22352309846366517,0.22352309340491489,0.04182774834942013
77,header,high_density,random,0.1,8,120001,8,0.9945117207532748,0.9590921598754387,0.03541956087783604,0.03541956087783604,0.6537195523370638,0.0,0.6461196156698694,0.0,0.917194061631277,0.6156159827890684,-0.6156159827890684,0.05788212576834596
77,header,mid_density,random,0.1,8,239999,8,0.935474224691792,0.7437899760196856,0.19168424867210643,0.19168424867210643,0.28437618490077043,0.0,0.231180129917208,0.0,0.6644750236529778,0.29300050188695476,-0.2930004742252566,0.1283429652799225
77,header,low_density,random,0.1,8,120000,8,0.8885169615986525,0.7579134782262003,0.1306034833724522,0.1306034833724522,0.5232416666666667,0.0,0.441,0.0,0.7353472473112304,0.47763262699666886,-0.47747026686254934,0.12015208725052874
77,header,high_density,random,0.1,9,120001,8,0.9945117207532748,0.9920840055174474,0.00242771523582741,0.00242771523582741,0.0959992000066666,0.057299522503979135,0.0,0.1938758247335476,0.0,0.1788069232655467,0.1788069232655467,-0.0038607706624025854
77,header,mid_density,random,0.1,9,239999,8,0.935474224691792,0.9226955155515053,0.01277870914028667,0.01277870914028667,0.4711019629248455,0.382659927749699,0.0,0.5868242811501597,0.0,0.42813498864808425,0.42813498864808425,-0.012823802170133644
77,header,low_density,random,0.1,9,120000,8,0.8885169615986525,0.8762554642628698,0.012261497335782634,0.012261497335782634,0.33924166666666666,0.241175,5e-05,0.6025107215722196,8.337270377678349e-05,0.3264973589154167,0.32642230568805497,0.08247317855558046
77,header,high_density,random,0.1,10,120001,8,0.9945117207532748,0.9911126389138393,0.0033990818394354916,0.0033990818394354916,0.23218139848834593,0.0,0.2245814618211515,0.0,0.3188028627195836,0.28874249230878013,-0.2887424909172535,-0.13367786112631677
77,header,mid_density,random,0.1,10,239999,8,0.935474224691792,0.9318421873928051,0.0036320372989868677,0.0036320372989868677,0.2402176675736149,0.0,0.18717994658311077,0.0,0.5380064431909364,0.22478515816208394,-0.22478515619147701,0.08251968239226404
77,header,low_density,random,0.1,10,120000,8,0.8885169615986525,0.8862307134607987,0.002286248137853719,0.002286248137853719,0.39979166666666666,0.0,0.32050833333333334,0.0,0.5344329266598116,0.3261308306644948,-0.3260621026207321,0.04828866267681199
77,header,high_density,random,0.1,11,120001,8,0.9945117207532748,0.9927528198511952,0.0017589009020795299,0.0017589009020795299,0.14460712827393105,0.0,0.1370405246622945,0.0,0.1945348080676643,0.21303254317250475,-0.2130325223732989,-0.08808262931465884
77,header,mid_density,random,0.1,11,239999,8,0.935474224691792,0.9338662254836746,0.0016079992081173833,0.0016079992081173833,0.22312176300734587,0.0,0.17020904253767724,0.0,0.48922741589719637,0.1972478817475475,-0.19724781099455618,0.0659360765467701
77,header,low_density,random,0.1,11,120000,8,0.8885169615986525,0.8905702121545276,-0.00205325055587513,-0.00205325055587513,0.346975,0.0,0.27098333333333335,0.0,0.45185226356890756,0.27311637813207507,-0.2728998502312629,0.029351260211887522
77,header,high_density,random,0.1,12,120001,8,0.9945117207532748,0.9864503799384755,0.008061340814799256,0.008061340814799256,0.4104215798201682,0.0,0.40282164315297375,0.0,0.5718223221151002,0.3664567953639299,-0.36645679532813746,-0.14183228712082024
77,header,mid_density,random,0.1,12,239999,8,0.935474224691792,0.9237028608213136,0.01177136387047839,0.01177136387047839,0.25386772444885186,0.0,0.2007091696215401,0.0,0.5768931364447478,0.24616608598457917,-0.2461660845184705,0.09490965032665338
77,header,low_density,random,0.1,12,120000,8,0.8885169615986525,0.8646591943412749,0.023857767257377538,0.023857767257377538,0.43888333333333335,0.0,0.35825833333333335,0.0,0.5973793180112831,0.36855284454913056,-0.3685004495825056,0.0717026332386363
77,header,high_density,random,0.1,13,120001,8,0.9945117207532748,0.9934800833460105,0.0010316374072643075,0.0010316374072643075,0.02259147840434663,0.013333222223148141,0.0,0.04511362995545029,0.0,0.017017454633203057,0.015768779040043236,-0.005814923520936463
77,header,mid_density,random,0.1,13,239999,8,0.935474224691792,0.9370913631496113,-0.0016171384578193004,-0.0016171384578193004,0.02617510906295443,0.0068500285417855905,0.0004958353993141638,0.010504792332268371,0.001425166768464293,0.01936882147402971,0.016937392887840533,-0.006513753492571243
77,header,low_density,random,0.1,13,120000,8,0.8885169615986525,0.8827150902502894,0.005801871348363075,0.005801871348363075,0.023541666666666666,0.012066666666666667,0.0008833333333333333,0.030145313736103595,0.0014729177667231748,0.022540641465515317,0.0198440306563202,0.0018303027370323232
77,header,high_density,random,0.1,14,120001,8,0.9945117207532748,0.9867337560137845,0.007777964739490217,0.007777964739490217,0.0673077724352297,0.031658069516087364,0.0,0.10711667512547228,0.0,0.1081738857803026,0.10804043866565181,-0.014114206903707944
77,header,mid_density,random,0.1,14,239999,8,0.935474224691792,0.9263043147921611,0.009169909899630846,0.009169909899630846,0.1687007029195955,0.10312126300526252,0.0,0.1581405750798722,0.0,0.18361950570895533,0.18345216871279557,-0.04918342759920443
77,header,low_density,random,0.1,14,120000,8,0.8885169615986525,0.8820616981532494,0.006455263445403037,0.006455263445403037,0.148775,0.08283333333333333,0.0006416666666666667,0.20693675313319732,0.0010699496984687214,0.15554633322466685,0.15243542978203156,0.01825526348388822
77,header,high_density,random,0.1,15,120001,8,0.9945117207532748,0.9928391533354799,0.001672567417794868,0.001672567417794868,0.05048291264239465,0.0,0.05048291264239465,0.0,0.0716626249482463,0.040944942522338997,-0.04094357546578225,-0.008975762924863621
77,header,mid_density,random,0.1,15,239999,8,0.935474224691792,0.9348711485400889,0.0006030761517030747,0.0006030761517030747,0.07482947845616024,1.2500052083550349e-05,0.053316888820370084,1.9169329073482428e-05,0.1532473442795722,0.07036777276261613,-0.07033953007008496,0.01848387912845442
77,header,low_density,random,0.1,15,120000,8,0.8885169615986525,0.8856320101476631,0.002884951450989326,0.002884951450989326,0.12094166666666667,8.333333333333334e-06,0.08470833333333333,2.0818586834325687e-05,0.14124725564850069,0.09043031711424765,-0.08998253236286523,-0.006164857597188129
77,header,high_density,random,0.1,16,120001,8,0.9945117207532748,0.9894518006862778,0.005059920066996959,0.005059920066996959,0.6549528753927051,0.0,0.6473529387255106,0.0,0.9189448157567871,0.6190749041398879,-0.6190749041398879,0.058982588951764954
77,header,mid_density,random,0.1,16,239999,8,0.935474224691792,0.9296918992008744,0.005782325490917617,0.005782325490917617,0.2876511985466606,0.0,0.23445514356309818,0.0,0.6738883100396412,0.29931018178291463,-0.29931018178291463,0.1310502826322407
77,header,low_density,random,0.1,16,120000,8,0.8885169615986525,0.8798621434061396,0.008654818192512903,0.008654818192512903,0.5416333333333333,0.0,0.45914166666666667,0.0,0.7655976433315732,0.49370081679649763,-0.49370081679649763,0.12789333129243155
77,header,high_density,random,0.1,17,120001,8,0.9945117207532748,0.9871924710669607,0.007319249686314033,0.007319249686314033,0.01685819284839293,9.999916667361106e-05,0.012716560695327539,0.0003383522246658772,0.018051694564381618,0.11563821096004885,-0.10380885635488248,-0.09255113702238695
77,header,mid_density,random,0.1,17,239999,8,0.935474224691792,0.9150997004536451,0.020374524238146896,0.020374524238146896,0.07982533260555252,0.01829174288226201,0.03812932553885641,0.02805111821086262,0.10959412687577097,0.07016552647967479,-0.028858197473861952,-0.023036038229409937
77,header,low_density,random,0.1,17,120000,8,0.8885169615986525,0.8583377640691479,0.030179197529504598,0.030179197529504598,0.12284166666666667,0.015316666666666666,0.07158333333333333,0.03826456260149061,0.11936192090709502,0.10351363407070159,-0.0607384584863079,-0.029232751974816736
77,header,high_density,random,0.1,18,120001,8,0.9945117207532748,0.9932631442753171,0.0012485764779576192,0.0012485764779576192,0.1031491404238298,0.0,0.09584086799276673,0.0,0.1360501567398119,0.12562917045302924,-0.1256287516936452,-0.05378366972961573
77,header,mid_density,random,0.1,18,239999,8,0.935474224691792,0.9329303608962125,0.0025438637955794707,0.0025438637955794707,0.16374234892645387,6.666694444560186e-05,0.11971716548818953,0.00010223642172523961,0.3440999293404711,0.13761795126912876,-0.1373339252888074,0.0322511928445951
77,header,low_density,random,0.1,18,120000,8,0.8885169615986525,0.8960256489803479,-0.007508687381695411,-0.007508687381695411,0.21535833333333335,0.0001,0.153275,0.00024982304201190826,0.25557902342772976,0.17276275948973452,-0.16753547687407283,0.0015185728631039437
77,header,high_density,random,0.1,19,120001,8,0.9945117207532748,0.9876143415100921,0.0068973792431826775,0.0068973792431826775,0.02949142090482579,0.02052482895975867,0.0,0.0694467941126713,0.0,0.04551352008569239,0.04267052939357835,-0.015206617178835818
77,header,mid_density,random,0.1,19,239999,8,0.935474224691792,0.9282347710004906,0.007239453691301412,0.007239453691301412,0.05118354659811083,0.02730011375047396,0.0009666706944612269,0.04186581469648562,0.00277847638893879,0.06278621206973298,0.05693594368090466,-0.03423836994210223
77,header,low_density,random,0.1,19,120000,8,0.8885169615986525,0.8783229640632728,0.01019399753537964,0.01019399753537964,0.058775,0.0271,0.005666666666666667,0.06770204438522713,0.009448906428035461,0.05630773299593649,0.04149689158271141,-0.0062291335107725445
77,header,high_density,random,0.1,20,120001,8,0.9945117207532748,0.9914518490099213,0.003059871743353426,0.003059871743353426,0.6732693894217548,0.0,0.6656694527545604,0.0,0.9449458804045662,0.6466924283437216,-0.6466924283437216,0.07068857738545119
77,header,mid_density,random,0.1,20,239999,8,0.935474224691792,0.8911222201318092,0.04435200455998278,0.04435200455998278,0.31143879766165694,0.0,0.2582427426780945,0.0,0.7422603863519324,0.32290631739868,-0.32290631739868,0.1361790760608388
77,header,low_density,random,0.1,20,120000,8,0.8885169615986525,0.827744463220663,0.06077249837798948,0.06077249837798948,0.56805,0.0,0.485425,0.0,0.8094238946169025,0.5277722358751785,-0.5277722352704081,0.14687135642490398
77,imports,high_density,important,0.01,0,162360,13,0.8129233569604277,0.7705521764877272,0.0423711804727005,0.0423711804727005,0.052882483370288245,0.0,0.050178615422517864,0.0,0.11634416279900035,0.03166530002339933,-0.03024989342560602,-0.005218764648098475
77,imports,mid_density,important,0.01,0,197588,13,0.9488108467928662,0.9259526808895414,0.02285816590332479,0.02285816590332479,0.11564973581391583,0.0114834909002571,0.07763123266595137,0.038074941687782124,0.11115620131164172,0.09945061514272872,-0.06128210866232389,-0.01672159490315362
77,imports,low_density,important,0.01,0,120052,13,0.8717983791091727,0.8420634808373,0.0297348982718727,0.0297348982718727,0.09325125778829174,0.01828374371105854,0.041731916169659815,0.02492279044418203,0.15666041275797374,0.0847621505668694,-0.037853399886762944,-0.002628084252345985
77,imports,high_density,random,0.01,1,162360,13,0.8129233569604277,0.8042574106397845,0.008665946320643214,0.008665946320643214,0.0,0.0,0.0,0.0,0.0,0.0033825739532545914,-0.001230262363005368,0.0031576050582894557
77,imports,mid_density,random,0.01,1,197588,13,0.9488108467928662,0.9484839728072038,0.00032687398566244585,0.00032687398566244585,0.009727311375184728,0.0021964896653642934,0.0023381986760329576,0.007282734549359824,0.0033479473893981665,0.010832261103067753,0.0023353933043061196,-0.0013729801745368643
77,imports,low_density,random,0.01,1,120052,13,0.8717983791091727,0.870471392237723,0.0013269868714497202,0.0013269868714497202,0.013627428114483723,0.0060307200213240925,0.0018908472995035485,0.008220546825324734,0.00709818636647905,0.01301822243239063,0.004797357735155261,-0.001914295026139171
77,imports,high_density,random,0.01,2,162360,13,0.8129233569604277,0.7935783490362798,0.01934500792414795,0.01934500792414795,0.0020078837152007886,0.0,0.0010593742301059374,0.0,0.002456265619421635,0.006551968127471907,-0.006048291783031267,-0.0005634899703389696
77,imports,mid_density,random,0.01,2,197588,13,0.9488108467928662,0.9465465338597496,0.0022643129331165746,0.0022643129331165746,0.01736441484300666,0.0023989311091766707,0.007358746482579914,0.00795395432349437,0.010536613645421935,0.015223274099780545,-0.0037214941145415877,0.001386908845545414
77,imports,low_density,random,0.01,2,120052,13,0.8717983791091727,0.8720904197875853,-0.0002920406784125973,-0.0002920406784125973,0.014610335521274114,0.0024406090694032586,0.004231499683470496,0.0033268235080388775,0.015884928080050032,0.014124153124042417,-0.005355639300880895,0.001119896809789277
77,imports,high_density,random,0.01,3,162360,13,0.8129233569604277,0.8117611667633651,0.0011621901970626514,0.0011621901970626514,0.0020078837152007886,0.0,0.0010593742301059374,0.0,0.002456265619421635,0.0017517985817719006,-0.0015383451298298235,-0.0007233819207225196
77,imports,mid_density,random,0.01,3,197588,13,0.9488108467928662,0.9464412805968814,0.002369566195984829,0.002369566195984829,0.009540053039658278,0.002894912646516995,0.0021711844848877463,0.009598442770124008,0.0031088082901554403,0.00994827938094121,0.002081463131682916,0.00016406557480239827
77,imports,low_density,random,0.01,3,120052,13,0.8717983791091727,0.8693662436615195,0.0024321354476531942,0.0024321354476531942,0.014785259720787659,0.006897011295105455,0.002040782327658015,0.009401398855481878,0.007661038148843027,0.014688837879377336,0.005000077928548661,-0.0024980755676052135
77,imports,high_density,random,0.01,4,162360,13,0.8129233569604277,0.8113590492004739,0.0015643077599538646,0.0015643077599538646,0.06991254003449125,0.04639073663463907,0.0,0.08157253479179076,0.0,0.04338052789309136,0.04338052789309136,0.006977171482855046
77,imports,mid_density,random,0.01,4,197588,13,0.9488108467928662,0.9430778837707129,0.0057329630221533145,0.0057329630221533145,0.16015648723606696,0.08251513249792497,0.0005364698261027998,0.27358917993724097,0.0007681437733251205,0.13191650572405195,0.13165660782026503,0.0189312749502252
77,imports,low_density,random,0.01,4,120052,13,0.8717983791091727,0.8671570352553095,0.004641343853863167,0.004641343853863167,0.15811481691267118,0.11342584879885383,4.9978342718155465e-05,0.15461213552547914,0.0001876172607879925,0.14661187995638483,0.14580555231003903,-0.013074205793905764
77,imports,high_density,random,0.01,5,162360,13,0.8129233569604277,0.7906016510398907,0.02232170592053706,0.02232170592053706,0.01659891598915989,0.0,0.013975117023897511,0.0,0.03240271331667262,0.020042983220629553,-0.019824538428263185,0.00028511828809549495
77,imports,mid_density,random,0.01,5,197588,13,0.9488108467928662,0.9457610425610545,0.0030498042318116703,0.0030498042318116703,0.06982711500698423,8.603761362026033e-05,0.05530194141344616,0.00028526840400718207,0.07918402840682634,0.06853948157326421,-0.06810415083328715,0.010331968998004554
77,imports,low_density,random,0.01,5,120052,13,0.8717983791091727,0.86861797376852,0.00318040534065267,0.00318040534065267,0.07984873221603972,0.0005331023223269916,0.04145703528470996,0.0007266781724043964,0.15562851782363976,0.0741632137287141,-0.07218310249624332,0.015300248928007647
77,imports,high_density,random,0.01,6,162360,13,0.8129233569604277,0.8131130762367841,-0.00018971927635635932,-0.00018971927635635932,0.01385809312638581,0.003954175905395417,0.0,0.006952943087669898,0.0,0.0062648821078906125,0.005230922109087429,-0.003994898833821822
77,imports,mid_density,random,0.01,6,197588,13,0.9488108467928662,0.9474941477531934,0.0013166990396727973,0.0013166990396727973,0.020274510597809582,0.006538858635139786,0.004084256128914711,0.021680398704545835,0.005848037972390304,0.019531244701083385,0.008718792709899142,-0.004518485077514714
77,imports,low_density,random,0.01,6,120052,13,0.8717983791091727,0.8708512604545908,0.0009471186545818577,0.0009471186545818577,0.02656348915469963,0.010820311198480658,0.0044064238829840405,0.014749296030520484,0.016541588492808006,0.023714555874505702,0.0071296402581595775,-0.0023758945038003646
77,imports,high_density,random,0.01,7,162360,13,0.8129233569604277,0.8130703199220618,-0.0001469629616340784,-0.0001469629616340784,0.0,0.0,0.0,0.0,0.0,0.002551770911493889,0.0024153180777021915,-0.0005086883409988264
77,imports,mid_density,random,0.01,7,197588,13,0.9488108467928662,0.9470283915403309,0.0017824552525352866,0.0017824552525352866,0.014940178553353443,0.006088426422657246,6.073243314371318e-05,0.020186934707096472,8.695967245190043e-05,0.016320189942939566,0.016008943444841855,-0.0028977463098604694
77,imports,low_density,random,0.01,7,120052,13,0.8717983791091727,0.8689657267241861,0.0028326523849865337,0.0028326523849865337,0.024547695998400693,0.015451637623696399,0.0002415619898044181,0.021062312653283677,0.0009068167604752971,0.023994988793268047,0.021405633525682186,-0.004656578570374096
77,imports,high_density,random,0.01,8,162360,13,0.8129233569604277,0.8129094628439468,1.389411648089478e-05,1.389411648089478e-05,0.0,0.0,0.0,0.0,0.0,0.0001526451490957942,6.950471697200334e-05,-1.8760801159836857e-06
77,imports,mid_density,random,0.01,8,197588,13,0.9488108467928662,0.9479369598214449,0.0008738869714213227,0.0008738869714213227,0.0068020325120958765,0.002459663542320384,0.0008856813166791506,0.008155320255734734,0.001268161889923548,0.0069106925030564415,0.0054465136821252045,-0.0008252642039864863
77,imports,low_density,random,0.01,8,120052,13,0.8717983791091727,0.8680102371682251,0.0037881419409475647,0.0037881419409475647,0.011978142804784594,0.007588378369373271,0.0007330156931996135,0.010343809610318831,0.0027517198248905566,0.013132833817818216,0.00896245516259534,-0.0029498040333787653
77,imports,high_density,random,0.01,9,162360,13,0.8129233569604277,0.8119068214484585,0.0010165355119692299,0.0010165355119692299,0.01837891106183789,0.007163094358216309,0.0,0.01259544051551416,0.0,0.015580425538290438,0.015529643249005515,-0.005624788673561996
77,imports,mid_density,random,0.01,9,197588,13,0.9488108467928662,0.9462444957839842,0.0025663510088820285,0.0025663510088820285,0.05855618762273013,0.0198544446018989,0.003724922566147742,0.06582987934824559,0.005333526577049893,0.03576694421512222,0.03174380330622101,-0.002017812140979542
77,imports,low_density,random,0.01,9,120052,13,0.8717983791091727,0.868445177515798,0.0033532015933747106,0.0033532015933747106,0.036242628194449074,0.02239029753773365,0.0007663345883450504,0.03052048324098465,0.0028767979987492183,0.034296148980617766,0.0299951661073975,-0.005804887287339775
77,imports,high_density,random,0.01,10,162360,13,0.8129233569604277,0.8115677786211739,0.0013555783392538157,0.0013555783392538157,0.0,0.0,0.0,0.0,0.0,0.0023653752782270203,-0.000535592170912711,0.000455799507345687
77,imports,mid_density,random,0.01,10,197588,13,0.9488108467928662,0.9481501415953849,0.0006607051974812927,0.0006607051974812927,0.007530821709820434,0.001229831771160192,0.0027228374192764743,0.004077660127867367,0.003898691981593536,0.00849725131317057,-0.0028659456210557966,0.0009442065718860733
77,imports,low_density,random,0.01,10,120052,13,0.8717983791091727,0.8713457553788926,0.0004526237302800995,0.0004526237302800995,0.015085129777096591,0.0032902408956119013,0.004556358911138507,0.004484966845308384,0.01710444027517198,0.013579940742881958,-0.0033940437884993012,0.0003576245902639573
77,imports,high_density,random,0.01,11,162360,13,0.8129233569604277,0.8129817714538399,-5.84144934121511e-05,-5.84144934121511e-05,0.0,0.0,0.0,0.0,0.0,0.004640623093364325,-0.004495964958349449,-0.0037579094981847125
77,imports,mid_density,random,0.01,11,197588,13,0.9488108467928662,0.9472804655862374,0.0015303812066288502,0.0015303812066288502,0.035052735996113124,0.0002075024799076867,0.026261716298560642,0.0006880002684879097,0.03760281169607595,0.029431703205350088,-0.027918008483599856,0.002695605361938252
77,imports,low_density,random,0.01,11,120052,13,0.8717983791091727,0.8705955529747081,0.0012028261344645408,0.0012028261344645408,0.04111551660946923,0.0018825175757171892,0.017450771332422618,0.002566082296303025,0.06550969355847405,0.03740791437386791,-0.03166807724044488,0.008162148958179422
77,imports,high_density,random,0.01,12,162360,13,0.8129233569604277,0.8110397588898458,0.0018835980705819155,0.0018835980705819155,0.0,0.0,0.0,0.0,0.0,0.002741361832857044,-0.001944152272595108,0.0012617002728245823
77,imports,mid_density,random,0.01,12,197588,13,0.9488108467928662,0.9483266519181732,0.00048419487469297806,0.00048419487469297806,0.009362916776322448,0.0009008644249650789,0.004974998481689172,0.0029869279948987297,0.007123446501684843,0.009339765828195675,-0.005126434767383266,-0.0010500436364402667
77,imports,low_density,random,0.01,12,120052,13,0.8717983791091727,0.8708324526436413,0.000965926465531397,0.000965926465531397,0.011544997167893912,0.0027904574684303467,0.0032902408956119013,0.0038037060586792624,0.01235146966854284,0.010776311190236944,-0.002222633263450192,-1.7462308756880116e-05
77,imports,high_density,random,0.01,13,162360,13,0.8129233569604277,0.8046199161440207,0.008303440816406993,0.008303440816406993,0.00046809559004680956,0.0003141167775314117,0.0,0.0005523366004223751,0.0,0.0036018685201053254,-0.003152123314034713,0.0003048233617011545
77,imports,mid_density,random,0.01,13,197588,13,0.9488108467928662,0.947997689658084,0.0008131571347822497,0.0008131571347822497,0.018336133773306073,0.001988987185456607,0.010481405753385834,0.006594734280871915,0.015007790137323816,0.017738312533574194,-0.007058719038631123,0.00366743757140867
77,imports,low_density,random,0.01,13,120052,13,0.8717983791091727,0.8706849824772398,0.0011133966319328836,0.0011133966319328836,0.021882184386765736,0.0031902842101755907,0.007779962016459534,0.00434871468798256,0.0292057535959975,0.019074534503107428,-0.008334113275130846,0.0014592179362791747
77,imports,high_density,random,0.01,14,162360,13,0.8129233569604277,0.8129200673231158,3.289637311887361e-06,3.289637311887361e-06,0.0020078837152007886,0.0,0.0010593742301059374,0.0,0.002456265619421635,0.0010092251264944012,-0.001009117199640278,-5.325369270322785e-05
77,imports,mid_density,random,0.01,14,197588,13,0.9488108467928662,0.9488557279727419,-4.488117987566653e-05,-4.488117987566653e-05,0.0022572220985080066,9.615968581087921e-05,0.0008958033888697694,0.00031882939271390937,0.0012826551686655314,0.003666334500490249,-0.002996759546781767,-0.00018018075393237906
77,imports,low_density,random,0.01,14,120052,13,0.8717983791091727,0.8716911305966561,0.00010724851251653345,0.00010724851251653345,0.006872022123746376,0.0013410855296038383,0.002140739013094326,0.0018280497774548097,0.008036272670419013,0.0066893160486199334,-0.001308118195893502,-0.00012605028448841828
77,imports,high_density,random,0.01,15,162360,13,0.8129233569604277,0.8117458321352753,0.0011775248251524317,0.0011775248251524317,0.0,0.0,0.0,0.0,0.0,0.0016852866383645147,0.0011590186048064486,-0.00045817251103814595
77,imports,mid_density,random,0.01,15,197588,13,0.9488108467928662,0.9482961933661667,0.0005146534266995406,0.0005146534266995406,0.006579346923902261,0.0022319169180314595,0.000819887847440128,0.0074001980098333696,0.0011739555781006559,0.009929984357683726,0.005798968941846408,-0.002933029681306504
77,imports,low_density,random,0.01,15,120052,13,0.8717983791091727,0.8716687421545655,0.00012963695460721514,0.00012963695460721514,0.014427081597974211,0.007296838036850698,0.0006247292839769433,0.009946407484785176,0.0023452157598499064,0.014764175217433555,0.009965798665335783,-0.0018602752586886614
77,imports,high_density,random,0.01,16,162360,13,0.8129233569604277,0.8116610338845208,0.0012623230759069015,0.0012623230759069015,0.0,0.0,0.0,0.0,0.0,0.0010984630029390646,-0.0010747936783525919,0.0006799445692177909
77,imports,mid_density,random,0.01,16,197588,13,0.9488108467928662,0.9462021124347149,0.0026087343581513434,0.0026087343581513434,0.009899386602425248,0.0014474563232584974,0.004934510192926696,0.004799221385062004,0.00706547338671691,0.011661068172490019,-0.004451376403466471,0.0034726304043285355
77,imports,low_density,random,0.01,16,120052,13,0.8717983791091727,0.8691397343912317,0.0026586447179409722,0.0026586447179409722,0.01255289374604338,0.0041065538266751075,0.0028904141538666577,0.005597692796802616,0.0108505315822389,0.012003847870621864,0.0003575687641145647,-0.0013509927044372827
77,imports,high_density,random,0.01,17,162360,13,0.8129233569604277,0.8131818172837305,-0.00025846032330278934,-0.00025846032330278934,0.0020078837152007886,0.0,0.0010593742301059374,0.0,0.002456265619421635,0.0044891609284827,-0.0008959468273493885,-0.004115849323471859
77,imports,mid_density,random,0.01,17,197588,13,0.9488108467928662,0.9488341655938277,-2.331880096151373e-05,-2.331880096151373e-05,0.020416219608478246,0.0008856813166791506,0.012748749924084458,0.002936586511838639,0.0182542845755281,0.016275759175917073,-0.011656454332389687,-0.0026539250701929193
77,imports,low_density,random,0.01,17,120052,13,0.8717983791091727,0.870779997196279,0.0010183819128937177,0.0010183819128937177,0.023831339752773798,0.0032902408956119013,0.00969579848732216,0.004484966845308384,0.036397748592870545,0.02068666872095643,-0.011833138137459138,0.0002656939107302043
77,imports,high_density,random,0.01,18,162360,13,0.8129233569604277,0.8116426198032803,0.0012807371571473825,0.0012807371571473825,0.007637349100763735,0.0,0.0062700172456270015,0.0,0.014537665119600142,0.005262977304307237,-0.005262977304307237,-0.0009652425871877952
77,imports,mid_density,random,0.01,18,197588,13,0.9488108467928662,0.947941259431716,0.0008695873611501703,0.0008695873611501703,0.027132214506953863,7.085450533433205e-05,0.020998238759438834,0.0002349269209470911,0.030066306750244576,0.02549296070966633,-0.024868549505607584,0.0024028340472343973
77,imports,low_density,random,0.01,18,120052,13,0.8717983791091727,0.8699571369161203,0.0018412421930523726,0.0018412421930523726,0.034210175590577416,0.0007246859694132543,0.01578482657515077,0.0009878281406122263,0.059255784865540964,0.030465951998165652,-0.027763619844630043,0.005130865144289998
77,imports,high_density,random,0.01,19,162360,13,0.8129233569604277,0.8129059758593283,1.7381101099389618e-05,1.7381101099389618e-05,0.00046809559004680956,0.0003141167775314117,0.0,0.0005523366004223751,0.0,0.0021735364129283857,0.0013297127286045882,0.0011113177542146843
77,imports,mid_density,random,0.01,19,197588,13,0.9488108467928662,0.9465480848956964,0.002262761897169785,0.002262761897169785,0.016311719335182297,0.002601372552989048,0.006300989938660242,0.008625174097628916,0.00902206601688467,0.01622246421487141,-0.0024068152046550044,6.063684783249816e-05
77,imports,low_density,random,0.01,19,120052,13,0.8717983791091727,0.8661841681881066,0.005614210921066065,0.005614210921066065,0.020782660846966314,0.007946556492186719,0.004248159131043215,0.010832046507403034,0.01594746716697936,0.02094796388691151,0.002938419079751178,-0.0024785103924773984
77,imports,high_density,random,0.01,20,162360,13,0.8129233569604277,0.8128627108649107,6.064609551703626e-05,6.064609551703626e-05,0.00046809559004680956,0.0003141167775314117,0.0,0.0005523366004223751,0.0,0.0011562180642408118,0.0006890937214200018,0.0004145122212587618
77,imports,mid_density,random,0.01,20,197588,13,0.9488108467928662,0.945370563819752,0.0034402829731141615,0.0034402829731141615,0.013168815919995141,0.006073243314371318,0.00035933356276696967,0.02013659322403638,0.0005145113953404108,0.0162576424240614,0.013111483638165911,0.00018099984563025041
77,imports,low_density,random,0.01,20,120052,13,0.8717983791091727,0.8700599693760709,0.0017384097331017978,0.0017384097331017978,0.02348149135374671,0.01388564955186086,0.00040815646553160297,0.018927695521845762,0.0015322076297686054,0.02319981113747838,0.020805132980996677,-0.003971896708771486
77,imports,high_density,important,0.05,0,162360,65,0.8129233569604277,0.7959200737222103,0.017003283238217426,0.017003283238217426,0.0792559743779256,0.0,0.07646587829514659,0.0,0.1772938236344163,0.055418129171157654,-0.05329283638800512,-0.027409738191829302
77,imports,mid_density,important,0.05,0,197588,65,0.9488108467928662,0.879074234457343,0.0697366123355232,0.0697366123355232,0.22124825394254713,0.017860396380346984,0.16997995829706258,0.05921836457302032,0.24338562991412732,0.17986137147978565,-0.12459390818673004,-0.05466167741606671
77,imports,low_density,important,0.05,0,120052,65,0.8717983791091727,0.7855621977535465,0.08623618135562616,0.08623618135562616,0.15840635724519375,0.039749441908506315,0.07293506147336154,0.054182941229902803,0.2737961225766104,0.14477361083000997,-0.042060431973121086,-0.02114296097275185
77,imports,high_density,random,0.05,1,162360,65,0.8129233569604277,0.8161245350434239,-0.0032011780829961367,-0.0032011780829961367,0.014215323971421532,0.003954175905395417,0.0003572308450357231,0.006952943087669898,0.0008282756158514816,0.009984648528836015,0.002774687101499067,-0.00685082429197676
77,imports,mid_density,random,0.05,1,197588,65,0.9488108467928662,0.9402075074630594,0.008603339329806836,0.008603339329806836,0.051086098346053405,0.006376905480089884,0.03184403911168694,0.0211434228852382,0.04559585492227979,0.04747856707268374,-0.01825406721780157,-0.00999710808872084
77,imports,low_density,random,0.05,1,120052,65,0.8717983791091727,0.8601138739760424,0.01168450513313024,0.01168450513313024,0.04912038116816046,0.01578482657515077,0.014010595408656248,0.021516486511036426,0.05259537210756723,0.04655367363795229,-0.002766946822624797,-0.0015078878960313445
77,imports,high_density,random,0.05,2,162360,65,0.8129233569604277,0.8101431904343316,0.0027801665260961395,0.0027801665260961395,0.0020078837152007886,0.0,0.0010593742301059374,0.0,0.002456265619421635,0.005646118969648857,-0.0022352095430558322,-0.0009505566391398751
77,imports,mid_density,random,0.05,2,197588,65,0.9488108467928662,0.9417115799140533,0.007099266878812904,0.007099266878812904,0.035255177439925504,0.008912484563839909,0.015071765491831488,0.029550450556273387,0.02158049204681329,0.027653612005143515,0.010116079843138252,-0.004953608571451773
77,imports,low_density,random,0.05,2,120052,65,0.8717983791091727,0.8573534974383629,0.014444881670809817,0.014444881670809817,0.05389331289774431,0.03365208409689135,0.00452304001599307,0.045871559633027525,0.01697936210131332,0.05261042014478677,0.03655855415127922,-0.010816820592950227
77,imports,high_density,random,0.05,3,162360,65,0.8129233569604277,0.770827660181471,0.04209569677895675,0.04209569677895675,0.018095590046809558,0.0,0.015385562946538556,0.0,0.035672973937879326,0.023699611545797476,-0.022860179064901575,0.005154496081429435
77,imports,mid_density,random,0.05,3,197588,65,0.9488108467928662,0.9423506112842126,0.0064602355086536,0.0064602355086536,0.08323379962345892,0.00035933356276696967,0.06555053950644776,0.001191415099088819,0.09385847313308453,0.0871364107472214,-0.08411656868652878,0.006507910426615323
77,imports,low_density,random,0.05,3,120052,65,0.8717983791091727,0.8646015924218806,0.007196786687292067,0.007196786687292067,0.08482157731649619,0.00231566321260787,0.04303968280411821,0.003156508311381597,0.1615697310819262,0.07850934532193,-0.07082340398126469,0.009864732652670145
77,imports,high_density,random,0.05,4,162360,65,0.8129233569604277,0.8146657036963588,-0.0017423467359310996,-0.0017423467359310996,0.0007822123675782212,0.00017245627001724563,0.0,0.00030324362376130397,0.0,0.00790032744674596,0.00291566725535117,-0.0035610670773596784
77,imports,mid_density,random,0.05,4,197588,65,0.9488108467928662,0.93916346655858,0.00964738023428624,0.00964738023428624,0.0677166629552402,0.01993036014332854,0.013103022450756119,0.06608158676354606,0.01876154933149752,0.044163214420312735,0.026641609731733556,-0.00838500575629871
77,imports,low_density,random,0.05,4,120052,65,0.8717983791091727,0.8579364706990261,0.013861908410146562,0.013861908410146562,0.05732515909772432,0.03255256055709193,0.006055709192683171,0.04437278590244346,0.02273295809881176,0.05450112231745959,0.033499059138262254,-0.010439219346186312
77,imports,high_density,random,0.05,5,162360,65,0.8129233569604277,0.813644722611522,-0.0007213656510942634,-0.0007213656510942634,0.06046440009854644,0.03768785415126878,0.0046255235279625525,0.06626956192126496,0.010724741163870047,0.031686317851591886,0.030337458733719024,0.0003021926097161508
77,imports,mid_density,random,0.05,5,197588,65,0.9488108467928662,0.9229601323197704,0.025850714473095837,0.025850714473095837,0.14761017875579488,0.08040974148227625,0.0007793995586776525,0.26660849428624167,0.0011159824631327222,0.11503378808034324,0.1109634595211585,0.0043681607480350855
77,imports,low_density,random,0.05,5,120052,65,0.8717983791091727,0.8626544911858176,0.009143887923355076,0.009143887923355076,0.13797354479725452,0.09508379702129077,0.002182387632026122,0.1296098646561904,0.00819262038774234,0.12147368011730927,0.11488157416292764,-0.009040303602672488
77,imports,high_density,random,0.05,6,162360,65,0.8129233569604277,0.7981883293775264,0.01473502758290135,0.01473502758290135,0.006233062330623307,0.0006097560975609756,0.0046255235279625525,0.0010721828125846104,0.010724741163870047,0.01588036725490075,-0.005208026559709421,0.007752051579849138
77,imports,mid_density,random,0.05,6,197588,65,0.9488108467928662,0.9346698992120365,0.014140947580829732,0.014140947580829732,0.09099236795756828,0.035088163248780294,0.01424681660829605,0.11633916735187019,0.02039928982934164,0.06727443936642295,0.04031894908279683,-0.0006783624442621781
77,imports,low_density,random,0.05,6,120052,65,0.8717983791091727,0.853469247594114,0.01832913151505866,0.01832913151505866,0.0936260953586779,0.06398893812681171,0.0027904574684303467,0.08722408938141521,0.010475297060662914,0.08793997937309445,0.07644257718155632,-0.018253436813012603
77,imports,high_density,random,0.05,7,162360,65,0.8129233569604277,0.8141651605562822,-0.0012418035958544626,-0.0012418035958544626,0.0020140428677014044,0.0020140428677014044,0.0,0.003541452320355228,0.0,0.010360451860631581,0.005085639344908362,0.00032289169270790727
77,imports,mid_density,random,0.05,7,197588,65,0.9488108467928662,0.9314409323920475,0.017369914400818698,0.017369914400818698,0.07255501346235602,0.035361459197927,0.007439723060104864,0.11724531404695182,0.010652559875357803,0.06397063571567743,0.04367851999206771,-0.013056873533388535
77,imports,low_density,random,0.05,7,120052,65,0.8717983791091727,0.8575221062876466,0.014276272821526104,0.014276272821526104,0.09584180188584947,0.0627228201112851,0.003914970179588845,0.08549822872195477,0.014696685428392746,0.08833728733228884,0.07250878510066754,-0.016511785086673503
77,imports,high_density,random,0.05,8,162360,65,0.8129233569604277,0.8105874894373857,0.0023358675230420456,0.0023358675230420456,0.04703128849470313,0.02873860556787386,0.0,0.05053338387393729,0.0,0.03399642587674228,0.03184510606161872,0.0062730452185296515
77,imports,mid_density,random,0.05,8,197588,65,0.9488108467928662,0.9405665814657065,0.008244265327159717,0.008244265327159717,0.06360710164584894,0.02539121809016742,0.0015739822256412334,0.08418774017082543,0.0022537048443784197,0.05309739253801961,0.04440243599567554,0.0033170904469971745
77,imports,low_density,random,0.05,8,120052,65,0.8717983791091727,0.8710413016091616,0.000757077500011083,0.000757077500011083,0.05036151001232799,0.029012427947889247,0.002149068736880685,0.03954718866382051,0.008067542213883677,0.04913199955195223,0.03606099646733523,-0.006129600159043297
77,imports,high_density,random,0.05,9,162360,65,0.8129233569604277,0.7969765355637807,0.01594682139664705,0.01594682139664705,0.0020078837152007886,0.0,0.0010593742301059374,0.0,0.002456265619421635,0.014628536178240779,-0.014401345409104566,-0.0015138173022989773
77,imports,mid_density,random,0.05,9,197588,65,0.9488108467928662,0.9410650165649819,0.007745830227884332,0.007745830227884332,0.06677024920541734,0.0012095876267789543,0.05342429702208636,0.0040105381504539125,0.07649552520018842,0.050904997739319904,-0.04501099742950555,0.004666863153983497
77,imports,low_density,random,0.05,9,120052,65,0.8717983791091727,0.8669973243720486,0.004801054737124111,0.004801054737124111,0.059557525072468594,0.0031652950388165128,0.026738413354213175,0.004314651648651103,0.10037523452157598,0.05406379900726687,-0.04206628958321071,0.00886408115692339
77,imports,high_density,random,0.05,10,162360,65,0.8129233569604277,0.8165982292061758,-0.0036748722457480287,-0.0036748722457480287,0.016334072431633408,0.00426829268292683,0.0010593742301059374,0.0075052796880922725,0.002456265619421635,0.01622224106452527,0.013188798288013068,-0.006880556870208427
77,imports,mid_density,random,0.05,10,197588,65,0.9488108467928662,0.9405812047371906,0.008229642055675557,0.008229642055675557,0.05124805150110331,0.018229852015304575,0.006422454804947669,0.060443340660815865,0.009195985361788471,0.044850020842168443,0.02090701256858439,-0.002784414716710239
77,imports,low_density,random,0.05,10,120052,65,0.8717983791091727,0.8674648067451891,0.004333572363983573,0.004333572363983573,0.04857061939826075,0.01918335387998534,0.008862826108686236,0.02614905986011445,0.033270794246404,0.046723170059044826,0.01022266100580985,-0.002599860700687569
77,imports,high_density,random,0.05,11,162360,65,0.8129233569604277,0.8110914615642438,0.0018318953961838913,0.0018318953961838913,0.06876077851687608,0.04649544222714955,0.0,0.08175664699193155,0.0,0.040834824269603665,0.04010842545500262,0.0043975623334775735
77,imports,mid_density,random,0.05,11,197588,65,0.9488108467928662,0.928582180889051,0.020228665903815224,0.020228665903815224,0.1425693868048667,0.07344069477903517,0.0005415308621981092,0.24350175356165993,0.0007753904126961121,0.11430985097895849,0.11255697056162348,0.008901464163296726
77,imports,low_density,random,0.05,11,120052,65,0.8717983791091727,0.853597250453052,0.01820112865612067,0.01820112865612067,0.15225902109086062,0.11236797387798621,0.0008662912737813615,0.15317013352711417,0.0032520325203252032,0.1439121208564703,0.14127338601182182,-0.023824917723229786
77,imports,high_density,random,0.05,12,162360,65,0.8129233569604277,0.8031374014189017,0.009785955541526059,0.009785955541526059,0.003627740822862774,0.0003141167775314117,0.00218649913771865,0.0005523366004223751,0.0050696179935737235,0.008292662646253841,-0.007073780570457506,-0.0027605815406870253
77,imports,mid_density,random,0.05,12,197588,65,0.9488108467928662,0.9420617517242995,0.006749095068566691,0.006749095068566691,0.03527036054821143,0.003684434277385266,0.021625807235257203,0.012216199889248738,0.030964890032247547,0.03618927973028915,-0.022752691643514532,0.0027582495711202704
77,imports,low_density,random,0.05,12,120052,65,0.8717983791091727,0.8633918745044634,0.008406504604709264,0.008406504604709264,0.045446972978376035,0.007796621464032253,0.016909339286309267,0.010627668271414297,0.06347717323327079,0.04272789794456271,-0.02096639814575445,0.0033986381406486904
77,imports,high_density,random,0.05,13,162360,65,0.8129233569604277,0.8011644611603662,0.011758895800061508,0.011758895800061508,0.0028701650652870167,0.0026730721852673074,0.0,0.004700276168300211,0.0,0.008960862112323898,0.002576202715873142,0.0030670106812920226
77,imports,mid_density,random,0.05,13,197588,65,0.9488108467928662,0.9285076004412498,0.0203032463516164,0.0203032463516164,0.0799542482336984,0.044901512237585275,0.004190537886916209,0.1488765459030423,0.0060002173991811295,0.06959028140042738,0.058162437623611035,-0.003798350461254719
77,imports,low_density,random,0.05,13,120052,65,0.8717983791091727,0.8669977575272287,0.004800621581943942,0.004800621581943942,0.0974910871955486,0.0631559657481758,0.0019574850897944225,0.08608865473703334,0.007348342714196373,0.08737951707068123,0.07705577749486411,-0.007970934219672024
77,imports,high_density,random,0.05,14,162360,65,0.8129233569604277,0.8012488823478497,0.011674474612577979,0.011674474612577979,0.0020078837152007886,0.0,0.0010593742301059374,0.0,0.002456265619421635,0.0066273867372195604,-0.0034627854703758,-0.0012566932199261222
77,imports,mid_density,random,0.05,14,197588,65,0.9488108467928662,0.9417819401578142,0.007028906635051957,0.007028906635051957,0.04030609146304431,0.01130635463692127,0.013943154442577484,0.03748762438541439,0.01996449146708214,0.04343588105563536,-0.007659284414235062,-0.015488810022682795
77,imports,low_density,random,0.05,14,120052,65,0.8717983791091727,0.867507085708657,0.0042912934005157055,0.0042912934005157055,0.04828740878952454,0.01662612867757305,0.010170592743144637,0.022663275501862114,0.03818011257035647,0.04578737028889534,0.00283881489920418,-0.004077903735098887
77,imports,high_density,random,0.05,15,162360,65,0.8129233569604277,0.7969300171227015,0.015993339837726217,0.015993339837726217,0.0005728011825572801,0.0,0.0005481645725548165,0.0,0.001270974651910032,0.011208796926950454,-0.002382226586394117,0.00671871115273058
77,imports,mid_density,random,0.05,15,197588,65,0.9488108467928662,0.9401626722488119,0.00864817454405431,0.00864817454405431,0.03246654655141001,0.008254549871449683,0.011898495860072474,0.027368986290336114,0.017036849161201493,0.037133144049450555,-0.003350253484499536,0.0025489050817457015
77,imports,low_density,random,0.05,15,120052,65,0.8717983791091727,0.8679267958585366,0.0038715832506360792,0.0038715832506360792,0.046721420717689,0.0103621763902309,0.01311098523972945,0.014124806976110455,0.04921826141338336,0.04484317217918218,-0.01242156023882421,0.0017512688850533102
77,imports,high_density,random,0.05,16,162360,65,0.8129233569604277,0.8018904072486316,0.011032949711796136,0.011032949711796136,0.0003572308450357231,0.0,0.0003572308450357231,0.0,0.0008282756158514816,0.007260333337027034,-0.005178262012941641,-0.0015415136923660434
77,imports,mid_density,random,0.05,16,197588,65,0.9488108467928662,0.9407888240621056,0.00802202273076058,0.00802202273076058,0.04215843067392756,0.0029455230074700895,0.029176873089458873,0.009766247713657644,0.04177687597376716,0.04159731704135576,-0.025162797496220392,0.002545758497944993
77,imports,low_density,random,0.05,16,120052,65,0.8717983791091727,0.8680745255630009,0.0037238535461717737,0.0037238535461717737,0.05081131509679139,0.01047879252323993,0.016251291107186885,0.014283767826323917,0.06100687929956223,0.04793327289583002,-0.01629650484119261,0.004413463732077821
77,imports,high_density,random,0.05,17,162360,65,0.8129233569604277,0.8075304809855348,0.005392875974892908,0.005392875974892908,0.009959349593495936,0.006146834195614684,0.0,0.010808469161206476,0.0,0.014427700817338643,0.004811771661525087,-0.0014227112251267325
77,imports,mid_density,random,0.05,17,197588,65,0.9488108467928662,0.9385854513374186,0.01022539545544765,0.01022539545544765,0.08107273721076179,0.025907443771888982,0.014995849950401846,0.08589935059486853,0.021471792456248414,0.06337411822890426,0.028085726201782263,-0.017209535047047683
77,imports,low_density,random,0.05,17,120052,65,0.8717983791091727,0.8581556248523367,0.013642754256836032,0.013642754256836032,0.07057774964182188,0.043572785126445204,0.006055709192683171,0.05939458624761559,0.02273295809881176,0.06607176994743255,0.04698935081205402,-0.012981468460394318
77,imports,high_density,random,0.05,18,162360,65,0.8129233569604277,0.8172499405377176,-0.0043265835772898775,-0.0043265835772898775,0.00710150283321015,0.0013611727026361174,0.0,0.002393458601830292,0.0,0.011137071822396325,0.008788609491908128,-0.0009281469253298319
77,imports,mid_density,random,0.05,18,197588,65,0.9488108467928662,0.9442328446001637,0.004578002192702546,0.004578002192702546,0.05634957588517521,0.01895864121302913,0.0037451667105289797,0.06285973184770023,0.00536251313453386,0.042596624513022124,0.03052018566130125,0.0004616505551328437
77,imports,low_density,random,0.05,18,120052,65,0.8717983791091727,0.8697144070494713,0.0020839720597013445,0.0020839720597013445,0.04815413320894279,0.02533069003431846,0.00353180288541632,0.03452856753565265,0.013258286429018136,0.046578884038880476,0.029519995231308986,-0.004072239439196424
77,imports,high_density,random,0.05,19,162360,65,0.8129233569604277,0.7929139117420235,0.020009445218404198,0.020009445218404198,0.0027900960827790095,0.00017245627001724563,0.0010593742301059374,0.00030324362376130397,0.002456265619421635,0.00895531483452494,-0.0075435855178912475,0.002048694549502748
77,imports,mid_density,random,0.05,19,197588,65,0.9488108467928662,0.9458780294625412,0.0029328173303250216,0.0029328173303250216,0.0478116079923882,0.00632123408304148,0.019363524100653885,0.0209588374473512,0.027725642233414255,0.03208074079901156,-0.009580371718494607,2.6702960325132274e-05
77,imports,low_density,random,0.05,19,120052,65,0.8717983791091727,0.8684186400151539,0.0033797390940187855,0.0033797390940187855,0.038616599473561455,0.013194282477593043,0.00872122080431813,0.01798528476700881,0.03273921200750469,0.03738177879919087,0.0035312006918419934,-0.001765596895983524
77,imports,high_density,random,0.05,20,162360,65,0.8129233569604277,0.8187987446252198,-0.00587538766479212,-0.00587538766479212,0.01385809312638581,0.003954175905395417,0.0,0.006952943087669898,0.0,0.00901062087871506,0.008001174152544399,-0.0038280466191578243
77,imports,mid_density,random,0.05,20,197588,65,0.9488108467928662,0.9467783180936715,0.00203252869919468,0.00203252869919468,0.022157216025264694,0.0066755066097131405,0.003856509504625787,0.022133472052086656,0.005521939200695677,0.02707045806337105,0.015741133767398902,-0.003780845592889892
77,imports,low_density,random,0.05,20,120052,65,0.8717983791091727,0.8694173126572602,0.0023810664519124947,0.0023810664519124947,0.041148835504614664,0.019791423716389565,0.004689634491720255,0.026977927150513215,0.017604752970606628,0.037426822611519285,0.020114124277012438,-0.005615295009626063
77,imports,high_density,important,0.1,0,162360,129,0.8129233569604277,0.6974752056830454,0.11544815127738228,0.11544815127738228,0.11068612958856862,0.0006097560975609756,0.10618378911061838,0.0010721828125846104,0.24619778650481972,0.07784313589165215,-0.07285232488370019,-0.03812951613781533
77,imports,mid_density,important,0.1,0,197588,129,0.9488108467928662,0.7732864576667475,0.17552438912611867,0.17552438912611867,0.31539364738749315,0.050974755551956595,0.20924853736056845,0.1690131391270787,0.2996123047936519,0.27585198012348644,-0.14480108724801952,-0.11760904173076275
77,imports,low_density,important,0.1,0,120052,129,0.8717983791091727,0.7102162399065612,0.16158213920261144,0.16158213920261144,0.22946723086662446,0.10267217539066405,0.07635024822576883,0.13995367426650923,0.2866166353971232,0.2095451654776003,0.02749318753297735,-0.04739497995266123
77,imports,high_density,random,0.1,1,162360,129,0.8129233569604277,0.7514995956680797,0.061423761292348056,0.061423761292348056,0.03508253264350825,0.009866962305986696,0.02447031288494703,0.017349867330914603,0.05673687968582649,0.037687561469144794,-0.03132348137268028,-0.007063198082568585
77,imports,mid_density,random,0.1,1,197588,129,0.9488108467928662,0.9207617130603357,0.028049133732530485,0.028049133732530485,0.13626333583011113,0.00623013543332591,0.10868068911067474,0.020656788548990654,0.1556143338526758,0.12789139230872196,-0.11464457137636878,-0.0009506997005064692
77,imports,low_density,random,0.1,1,120052,129,0.8717983791091727,0.8447156214816793,0.027082757627493348,0.027082757627493348,0.11675773831339753,0.005864125545596908,0.06227301502682171,0.00799345989644836,0.23377110694183864,0.11006606287477914,-0.09267323296269399,0.01450438667885178
77,imports,high_density,random,0.1,2,162360,129,0.8129233569604277,0.7946827075021962,0.01824064945823156,0.01824064945823156,0.026262626262626262,0.0,0.023170731707317073,0.0,0.053723670117815064,0.025429512577906894,-0.025149404218806123,-0.003631403247111826
77,imports,mid_density,random,0.1,2,197588,129,0.9488108467928662,0.9249335082411421,0.023877338551724137,0.023877338551724137,0.11233475717148815,0.005668360426746563,0.08737878818551734,0.018794153675767287,0.12511322874017175,0.1094600678989769,-0.09283985830898853,-0.006473404165446422
77,imports,low_density,random,0.1,2,120052,129,0.8717983791091727,0.8364217448572835,0.035376634251889194,0.035376634251889194,0.10519608169793089,0.01949988338386699,0.04859560856961983,0.02658052502497956,0.18242651657285805,0.09652848172844276,-0.04655763259347329,0.0020380327568581868
77,imports,high_density,random,0.1,3,162360,129,0.8129233569604277,0.8119383552590612,0.0009850017013665058,0.0009850017013665058,0.05876447400837645,0.03569228874106923,0.0,0.06276059998916987,0.0,0.03874930652583273,0.0386026173567243,0.004047965774425128
77,imports,mid_density,random,0.1,3,197588,129,0.9488108467928662,0.9387903630679476,0.010020483724918594,0.010020483724918594,0.13798408810251633,0.06916411927849869,0.00010122072190618863,0.22932223583306766,0.00014493278741983405,0.11927452874399654,0.11885081192068601,0.017041409827484567
77,imports,low_density,random,0.1,3,120052,129,0.8717983791091727,0.8583309279019025,0.01346745120727022,0.01346745120727022,0.14915203411854863,0.10920267883916969,0.00016659447572718488,0.14885548187846306,0.0006253908692933083,0.14087925424500722,0.13888503584740272,-0.019344704136070423
77,imports,high_density,random,0.1,4,162360,129,0.8129233569604277,0.8073195776512451,0.005603779309182655,0.005603779309182655,0.006337767923133777,0.0036770140428677013,0.0010593742301059374,0.006465587263767802,0.002456265619421635,0.0080424910936106,0.002305292006519466,0.0013072570073572396
77,imports,mid_density,random,0.1,4,197588,129,0.9488108467928662,0.9252293800522028,0.023581466740663415,0.023581466740663415,0.10877684879648562,0.05164787335263275,0.012986618620564001,0.17124494487607606,0.01859487662596471,0.0811359888204156,0.060687179206565973,-0.006111956378565224
77,imports,low_density,random,0.1,4,120052,129,0.8717983791091727,0.8552843499371796,0.016514029171993072,0.016514029171993072,0.12183054009929031,0.08225602239029754,0.003440175923766368,0.1121241711327096,0.012914321450906817,0.10989464163662371,0.09830586085104552,-0.016058490464854733
77,imports,high_density,random,0.1,5,162360,129,0.8129233569604277,0.7708351236524518,0.04208823330797595,0.04208823330797595,0.06603227395910323,0.0,0.06260778516876078,0.0,0.14516244198500536,0.05440988618020215,-0.05438906063296377,-0.007918530420433436
77,imports,mid_density,random,0.1,5,197588,129,0.9488108467928662,0.9289171601471556,0.019893686645710562,0.019893686645710562,0.13133388667327975,0.0021053910156487235,0.1056541895256797,0.006980685650999278,0.1512808435088228,0.12155428303815409,-0.10946267994986283,-0.01893618332357565
77,imports,low_density,random,0.1,5,120052,129,0.8717983791091727,0.8616343505563786,0.01016402855279408,0.01016402855279408,0.08945290374171193,0.007113584113550795,0.044555692533235595,0.009696611863021164,0.1672607879924953,0.0822749414241156,-0.05870318639829087,0.0024898081226908614
77,imports,high_density,random,0.1,6,162360,129,0.8129233569604277,0.809379396194959,0.003543960765468701,0.003543960765468701,0.0449679724069968,0.0275930032027593,0.0,0.04851897980180863,0.0,0.030514338578399934,0.022613909980126475,-0.004141497714487317
77,imports,mid_density,random,0.1,6,197588,129,0.9488108467928662,0.9394954672318159,0.00931537956105033,0.00931537956105033,0.08282891673583416,0.024748466506063122,0.015749944328602952,0.08205661738794826,0.02255154172252618,0.05971334784016029,0.02157182325111104,-0.0051982872320603234
77,imports,low_density,random,0.1,6,120052,129,0.8717983791091727,0.8607585729150139,0.011039806194158786,0.011039806194158786,0.0693865991403725,0.03470995901775897,0.00915436644120881,0.0473135616313925,0.03436522826766729,0.06541279866503692,0.029250328079292055,-0.010959223846491539
77,imports,high_density,random,0.1,7,162360,129,0.8129233569604277,0.7982935501359499,0.014629806824477787,0.014629806824477787,0.017695245134269524,0.0004927322000492732,0.014572554816457256,0.0008664103536037256,0.03378793288111389,0.019912420529626176,-0.016042884762021918,-0.001147631830542707
77,imports,mid_density,random,0.1,7,197588,129,0.9488108467928662,0.9316764651959113,0.017134381596954906,0.017134381596954906,0.06670951677227362,0.008694860011741603,0.04036682389618803,0.02882888929907875,0.05779919562302982,0.06954181634226742,-0.037895715031683624,-0.006789742389416816
77,imports,low_density,random,0.1,7,120052,129,0.8717983791091727,0.8497346258811727,0.022063753228000027,0.022063753228000027,0.07760803651750908,0.023789691133842,0.026072035451304435,0.03242801344354619,0.09787367104440275,0.07144662105380419,-0.008286730923434934,-0.008179921228657365
77,imports,high_density,random,0.1,8,162360,129,0.8129233569604277,0.7995469146339699,0.01337644232645785,0.01337644232645785,0.003584626755358463,0.0009977827050997783,0.0003572308450357231,0.0017544809660475444,0.0008282756158514816,0.013076738449885543,-0.006166762710929058,0.005427471190296094
77,imports,mid_density,random,0.1,8,197588,129,0.9488108467928662,0.9252620384486465,0.023548808344219685,0.023548808344219685,0.09311294208150292,0.024120898030244753,0.03143409518796688,0.07997583608813115,0.045008877133229465,0.07490614754529404,0.0013654515951188105,-0.00823762723740744
77,imports,low_density,random,0.1,8,120052,129,0.8717983791091727,0.8623826300355995,0.009415749073573232,0.009415749073573232,0.0674874221170826,0.03422683503815013,0.00870456135674541,0.04665500953765101,0.03267667292057536,0.06445041273600757,0.03262380382227911,-0.010528919286594475
77,imports,high_density,random,0.1,9,162360,129,0.8129233569604277,0.7975811071814141,0.015342249779013661,0.015342249779013661,0.00174919931017492,0.0009854644000985464,0.0,0.0017328207072074512,0.0,0.01005601357204718,0.0035113967703242154,0.0029338058482077027
77,imports,mid_density,random,0.1,9,197588,129,0.9488108467928662,0.9239944857857001,0.02481636100716611,0.02481636100716611,0.10670688503350406,0.0333218616515173,0.026130129360082598,0.11048277482254627,0.03741439907243016,0.08689092156715533,0.03666080568889519,-0.014591213048527799
77,imports,low_density,random,0.1,9,120052,129,0.8717983791091727,0.8702047340978223,0.0015936450113503975,0.0015936450113503975,0.08278079498883817,0.044947189551194484,0.004814580348515643,0.06126805341084567,0.01807379612257661,0.07880200178818528,0.052672603207082,-0.005561185729609844
77,imports,high_density,random,0.1,10,162360,129,0.8129233569604277,0.8082904943845817,0.004632862575846053,0.004632862575846053,0.022899728997289974,0.007169253510716926,0.004853412170485342,0.012606270644934208,0.011253123884327027,0.023417209267081813,0.012304386900230394,-0.009519599274882379
77,imports,mid_density,random,0.1,10,197588,129,0.9488108467928662,0.9223582440956617,0.026452602697204508,0.026452602697204508,0.08725732331922992,0.047497823754479016,0.004499261088730085,0.15748493950631787,0.006442262400811623,0.07525288232551722,0.057658464533977806,-0.009801236785162272
77,imports,low_density,random,0.1,10,120052,129,0.8717983791091727,0.8521672353142073,0.019631143794965333,0.019631143794965333,0.09408423016692767,0.0638889814413754,0.004839569519874721,0.08708783722408939,0.018167604752970606,0.08999302227261191,0.07555750180124804,-0.019510093459877212
77,imports,high_density,random,0.1,11,162360,129,0.8129233569604277,0.8165820127016423,-0.0036586557412146004,-0.0036586557412146004,0.01592140921409214,0.0049765952204976595,0.0,0.008750744571397628,0.0,0.018599512669122444,0.010072640787381579,-0.008422387000616075
77,imports,mid_density,random,0.1,11,197588,129,0.9488108467928662,0.9380526878180087,0.010758158974857546,0.010758158974857546,0.06010992570399012,0.022764540356701824,0.007880033200396786,0.0754786636014297,0.01128301750063408,0.052208229663373844,0.02838191414930874,-0.00427952832596467
77,imports,low_density,random,0.1,11,120052,129,0.8717983791091727,0.8591472338695993,0.012651145239573336,0.012651145239573336,0.07110252224036251,0.039416252957051943,0.00816312931063206,0.05372876737215006,0.030644152595372107,0.06620150845866778,0.03836105819751725,-0.009440567892097948
77,imports,high_density,random,0.1,12,162360,129,0.8129233569604277,0.8199378737996841,-0.007014516839256357,-0.007014516839256357,0.01464030549396403,0.004126632175412663,0.0,0.007256186711431202,0.0,0.02093302574720208,0.007511809278245272,-0.010429856935568454
77,imports,mid_density,random,0.1,12,197588,129,0.9488108467928662,0.9423550885552847,0.006455758237581488,0.006455758237581488,0.06555560054254307,0.016706480150616435,0.01859424661416685,0.05539241186045341,0.026624153049023516,0.043737444608231056,0.0031957701301504973,-0.01129165035820292
77,imports,low_density,random,0.1,12,120052,129,0.8717983791091727,0.856749516151462,0.015048862957710685,0.015048862957710685,0.058058174790923935,0.02592210042314997,0.009445906773731383,0.035334726133163775,0.035459662288930584,0.05617077757448786,0.01268930884049002,-0.008899745838571733
77,imports,high_density,random,0.1,13,162360,129,0.8129233569604277,0.8025754305271269,0.010347926433300847,0.010347926433300847,0.00854890367085489,0.0004865730475486573,0.0067689085981768905,0.000855580224183679,0.015694394858978937,0.015639138269435526,-0.01028019296821435,-0.0021496225288167832
77,imports,mid_density,random,0.1,13,197588,129,0.9488108467928662,0.9410158136432365,0.007795033149629704,0.007795033149629704,0.0816193291090552,0.010233414984715672,0.04234568900945401,0.0339301595825013,0.060632631617087575,0.05850364565545196,-0.023613130708319725,-0.0005882874115676217
77,imports,low_density,random,0.1,13,120052,129,0.8717983791091727,0.8664403603047277,0.005358018804444975,0.005358018804444975,0.06306433878652584,0.012061440042648185,0.021324092893079665,0.01644109365064947,0.08005003126954346,0.056757792261496715,-0.01979943772160046,0.00033632365244701457
77,imports,high_density,random,0.1,14,162360,129,0.8129233569604277,0.8041918897874065,0.008731467173021201,0.008731467173021201,0.007661985710766199,0.006959842325695984,0.0,0.012238046244652624,0.0,0.01284115554105005,0.008883702018185103,0.002036131407293237
77,imports,mid_density,random,0.1,14,197588,129,0.9488108467928662,0.9370008585363974,0.01180998825646884,0.01180998825646884,0.09200457517663016,0.025310241512642467,0.020264388525618966,0.08391925226117161,0.029015544041450778,0.07119075324493473,0.022638091440068713,-0.009977296097773845
77,imports,low_density,random,0.1,14,120052,129,0.8717983791091727,0.8684135578977368,0.0033848212114359066,0.0033848212114359066,0.07957385133108986,0.03503481824542698,0.010603738380035319,0.04775638114270143,0.03980612883051907,0.07290666949008857,0.024877653455582616,-0.0009087457184905741
77,imports,high_density,random,0.1,15,162360,129,0.8129233569604277,0.7943471539794434,0.01857620298098428,0.01857620298098428,0.010415126878541512,0.010181079083518108,0.0,0.017902203931336978,0.0,0.010913736061495826,0.0019661392991851584,-6.719844314634878e-06
77,imports,mid_density,random,0.1,15,197588,129,0.9488108467928662,0.9306992919378628,0.018111554855003376,0.018111554855003376,0.05417839140028747,0.01773387047796425,0.01968743041075369,0.05879885221418623,0.028189427153157722,0.054536376483736715,-0.0004709411331680416,-0.0073314042173798595
77,imports,low_density,random,0.1,15,120052,129,0.8717983791091727,0.8476921767161224,0.02410620239305028,0.02410620239305028,0.0822227034951521,0.04565521607303502,0.010187252190717356,0.06223317285857026,0.038242651657285805,0.0791441706568945,0.04198086382502621,-0.01593203149588484
77,imports,high_density,random,0.1,16,162360,129,0.8129233569604277,0.8079784296764726,0.004944927283955125,0.004944927283955125,0.02659522049765952,0.01399359448139936,0.0010593742301059374,0.024606054042345806,0.002456265619421635,0.01525739742704567,0.01126397031907518,-0.00553340127666731
77,imports,mid_density,random,0.1,16,197588,129,0.9488108467928662,0.933194970914966,0.015615875877900254,0.015615875877900254,0.0766240864829848,0.0294602911107962,0.010891349677105897,0.09767925763092981,0.015594767926374145,0.053403713386492975,0.030423219012193838,-0.01212627576590803
77,imports,low_density,random,0.1,16,120052,129,0.8717983791091727,0.8548104025454528,0.016987976563719864,0.016987976563719864,0.06885349681804552,0.0369923033352214,0.00982074434411755,0.05042465255699882,0.036866791744840526,0.06693675474428039,0.03188167020540581,-0.014360759220059987
77,imports,high_density,random,0.1,17,162360,129,0.8129233569604277,0.8176045714823051,-0.004681214521877419,-0.004681214521877419,0.046982015274698204,0.029607046070460705,0.0,0.05206043212216386,0.0,0.030073555974316952,0.029588428661587302,0.0010968792087954339
77,imports,mid_density,random,0.1,17,197588,129,0.9488108467928662,0.9375744783855623,0.01123636840730391,0.01123636840730391,0.09638237139907282,0.04193068404963864,0.005238172358645262,0.13902639571761785,0.007500271748976412,0.07550956048848664,0.06404802891100117,0.00407309126265977
77,imports,low_density,random,0.1,17,120052,129,0.8717983791091727,0.8727100699305606,-0.0009116908213878672,-0.0009116908213878672,0.08268083830340187,0.045388664911871525,0.003823343217938893,0.061869833772368064,0.014352720450281426,0.07682427308131,0.05437118506524044,-0.0033646513534011857
77,imports,high_density,random,0.1,18,162360,129,0.8129233569604277,0.8156082458772672,-0.0026848889168394896,-0.0026848889168394896,0.030691056910569104,0.013236018723823602,0.0010593742301059374,0.02327394812368008,0.002456265619421635,0.0205706501742539,0.01779838176095035,-0.009834549076143779
77,imports,mid_density,random,0.1,18,197588,129,0.9488108467928662,0.9373147520353754,0.011496094757490805,0.011496094757490805,0.10648926048140575,0.04492681741806183,0.007885094236492095,0.14896044837480912,0.011290264140005073,0.07824849285758048,0.053186095430133945,-0.010267542503026274
77,imports,low_density,random,0.1,18,120052,129,0.8717983791091727,0.8704320944115256,0.0013662846976471021,0.0013662846976471021,0.08075667210875287,0.04289807749975011,0.005464298803851664,0.05847488418566627,0.020512820512820513,0.07625094322124275,0.048671513269083914,-0.005866177655448013
77,imports,high_density,random,0.1,19,162360,129,0.8129233569604277,0.8001772877106624,0.01274606924976529,0.01274606924976529,0.01363020448386302,0.0030610987928061098,0.0046255235279625525,0.005382574321763145,0.010724741163870047,0.01643366914383845,0.003857831749158914,-0.0021568623603791404
77,imports,mid_density,random,0.1,19,197588,129,0.9488108467928662,0.9376149412106273,0.01119590558223893,0.01119590558223893,0.0761938984148835,0.024465048484725794,0.010648419944531045,0.08111690970415988,0.015246929236566542,0.06813019481064174,0.03273858499620552,-0.008611131875021195
77,imports,low_density,random,0.1,19,120052,129,0.8717983791091727,0.8626047871614622,0.009193591947710522,0.009193591947710522,0.08351381068203778,0.04497217872255356,0.008829507213540798,0.06130211645017713,0.03314571607254534,0.07876888538213415,0.045883095246250054,-0.009523594110346324
77,imports,high_density,random,0.1,20,162360,129,0.8129233569604277,0.7913043438620609,0.02161901309836678,0.02161901309836678,0.0032643508253264353,0.0008130081300813008,0.0012872628726287264,0.0014295770834461471,0.0029846483398786147,0.009167503851829524,-0.0024072804578895287,0.002101769674340309
77,imports,mid_density,random,0.1,20,197588,129,0.9488108467928662,0.9161021237015836,0.03270872309128259,0.03270872309128259,0.09182743891329433,0.04090835475838614,0.021155130878393425,0.13563673585823838,0.03029095257074532,0.08340135467202592,0.03220351306375275,-0.019050336134692668
77,imports,low_density,random,0.1,20,120052,129,0.8717983791091727,0.8453015531567185,0.026496825952454173,0.026496825952454173,0.11377569719788092,0.07885749508546297,0.0062139739446239965,0.10749159778363157,0.0233270794246404,0.1081786169255534,0.09102624695965628,-0.024776852443303216
123,header,high_density,important,0.01,0,120000,1,0.9943872156605581,0.9946012391988313,-0.0002140235382731559,-0.0002140235382731559,0.092,0.05905,0.0,0.2002147377938517,0.0,0.16467329488453467,0.16467329488453467,0.008015007150697312
123,header,mid_density,important,0.01,0,239999,1,0.9338138881362709,0.9307392588850193,0.0030746292512515705,0.0030746292512515705,0.47219363414014226,0.381018254242726,0.0,0.5864614397947732,0.0,0.4193814731225837,0.4193814731225837,-0.018120499081364642
123,header,low_density,important,0.01,0,120001,1,0.887753567358456,0.8786139395193904,0.009139627839065634,0.009139627839065634,0.34248047932933895,0.2419563170306914,0.0,0.5964094242343323,0.0,0.332882381631067,0.332882381631067,0.07830254755641473
123,header,high_density,random,0.01,1,120000,1,0.9943872156605581,0.9937335669454455,0.0006536487151126424,0.0006536487151126424,0.10805,0.0,0.09930833333333333,0.0,0.14084956505295007,0.112518782977423,-0.112518782977423,-0.03929265208402288
123,header,mid_density,random,0.01,1,239999,1,0.9338138881362709,0.9338138881362708,1.1102230246251565e-16,1.1102230246251565e-16,0.15686315359647332,0.0,0.11285463689432039,0.0,0.32215667150367533,0.13692137814025496,-0.13692137814025496,0.035345252825527536
123,header,low_density,random,0.01,1,120001,1,0.887753567358456,0.889115673104568,-0.0013621057461119523,-0.0013621057461119523,0.22568145265456122,0.0,0.16599028341430488,0.0,0.27929835385176255,0.16761999158222862,-0.16761999158222862,0.008574251544661194
123,header,high_density,random,0.01,2,120000,1,0.9943872156605581,0.9943863273494309,8.883111272117716e-07,8.883111272117716e-07,0.0,0.0,0.0,0.0,0.0,7.490092080075578e-06,-7.490092080075578e-06,-7.490092080075578e-06
123,header,mid_density,random,0.01,2,239999,1,0.9338138881362709,0.9338254164947317,-1.1528358460854982e-05,-1.1528358460854982e-05,3.7500156250651046e-05,0.0,8.333368055700232e-06,0.0,2.3788567214596666e-05,6.933106568437281e-05,-6.933106568437281e-05,1.888008477622981e-05
123,header,low_density,random,0.01,2,120001,1,0.887753567358456,0.8879089472575729,-0.00015537989911684758,-0.00015537989911684758,0.0002749977083524304,0.0,9.166590278414346e-05,0.0,0.0001542387616029614,0.00022154341532784112,-0.00022154341532784112,-1.3843741744813973e-05
123,header,high_density,random,0.01,3,120000,1,0.9943872156605581,0.9934881746700301,0.000899040990527955,0.000899040990527955,0.16223333333333334,0.0,0.15336666666666668,0.0,0.21752080181543115,0.23583476277722443,-0.23583476277722443,-0.10242255032846653
123,header,mid_density,random,0.01,3,239999,1,0.9338138881362709,0.9335633952481809,0.0002504928880899815,0.0002504928880899815,0.2228509285455356,0.0,0.1698632077633657,0.0,0.48489425981873113,0.20563011598207276,-0.20563011598207276,0.07027535738612913
123,header,low_density,random,0.01,3,120001,1,0.887753567358456,0.8905298817725027,-0.0027763144140466878,-0.0027763144140466878,0.35380538495512537,0.0,0.2778476846026283,0.0,0.46751170812417625,0.27201224143371167,-0.27201224143371167,0.03926643114313594
123,header,high_density,random,0.01,4,120000,1,0.9943872156605581,0.9943872156605581,0.0,0.0,0.0,0.0,0.0,0.0,0.0,8.015874634486072e-07,-8.015874634486072e-07,-8.015874634486072e-07
123,header,mid_density,random,0.01,4,239999,1,0.9338138881362709,0.9337685679597962,4.532017647462805e-05,4.532017647462805e-05,0.0,0.0,0.0,0.0,0.0,0.0002454307661742406,-0.0002454307661742406,-0.0002454307661742406
123,header,low_density,random,0.01,4,120001,1,0.887753567358456,0.8869380140617485,0.0008155532967074608,0.0008155532967074608,0.000666661111157407,0.0,0.0006083282639311339,0.0,0.0010235845088196528,0.0016556582846824163,-0.0016556582846824163,-0.001230545859614664
123,header,high_density,random,0.01,5,120000,1,0.9943872156605581,0.9934972437923162,0.0008899718682419122,0.0008899718682419122,0.001975,0.0012333333333333332,0.0,0.004181735985533454,0.0,0.0016535628243059776,0.0016535628243059776,-0.00014920504819671733
123,header,mid_density,random,0.01,5,239999,1,0.9338138881362709,0.9290143353445524,0.004799552791718509,0.004799552791718509,0.00933337222238426,0.00788336618069242,0.0,0.012134038800705467,0.0,0.005798320721657648,0.005798320721657648,-0.0008446800831467349
123,header,low_density,random,0.01,5,120001,1,0.887753567358456,0.8870267621292118,0.0007268052292441762,0.0007268052292441762,0.0025333122223981466,0.0012249897917517355,0.0,0.003019534539777746,0.0,0.0022971100869104474,0.0022971100869104474,-2.8443494355583997e-05
123,header,high_density,random,0.01,6,120000,1,0.9943872156605581,0.9938362233184466,0.0005509923421115337,0.0005509923421115337,0.08973333333333333,0.0,0.08099166666666667,0.0,0.11487093419062028,0.13392569151407072,-0.13392569151407072,-0.0558772201513177
123,header,mid_density,random,0.01,6,239999,1,0.9338138881362709,0.9309866354593619,0.0028272526769089756,0.0028272526769089756,0.1563881516172984,0.0,0.11315047146029775,0.0,0.32300116563979353,0.1393762917024165,-0.1393762917024165,0.03848204157661244
123,header,low_density,random,0.01,6,120001,1,0.887753567358456,0.883275902741344,0.004477664617111965,0.004477664617111965,0.23265639453004558,0.0,0.17361521987316772,0.0,0.29212821447600884,0.17314834610349594,-0.17314834610349594,0.01372836696431653
123,header,high_density,random,0.01,7,120000,1,0.9943872156605581,0.9943738058360048,1.3409824553334282e-05,1.3409824553334282e-05,0.0,0.0,0.0,0.0,0.0,0.0014313828196092805,-0.0014313828196092805,-0.0013276381734831195
123,header,mid_density,random,0.01,7,239999,1,0.9338138881362709,0.9335595208049633,0.00025436733130757005,0.00025436733130757005,0.00250834378476577,0.0,0.0019541748090617043,0.0,0.005578419011822918,0.001987425930597553,-0.001987425930597553,-0.0007149888307214282
123,header,low_density,random,0.01,7,120001,1,0.887753567358456,0.88895873184592,-0.0012051644874639944,-0.0012051644874639944,0.010824909792418397,0.0,0.006991608403263306,0.0,0.011764210998625874,0.006737306819979328,-0.006737306819979328,-0.0004793295769861803
123,header,high_density,random,0.01,8,120000,1,0.9943872156605581,0.9943920683105539,-4.852649995834568e-06,-4.852649995834568e-06,0.000175,1.6666666666666667e-05,0.0,5.650994575045208e-05,0.0,0.004948287970593775,0.004948287970593775,0.0014140675686515486
123,header,mid_density,random,0.01,8,239999,1,0.9338138881362709,0.9337638575412441,5.00305950267288e-05,5.00305950267288e-05,0.010333376389068288,0.004537518906328777,0.0,0.006984126984126984,0.0,0.009012170626891677,0.009012170626891677,-0.001720528778822433
123,header,low_density,random,0.01,8,120001,1,0.887753567358456,0.8878329069458515,-7.93395873954772e-05,-7.93395873954772e-05,0.013258222848142933,0.004808293264222798,0.0,0.011852186594909928,0.0,0.00959354038468067,0.00959354038468067,0.0017700232455391423
123,header,high_density,random,0.01,9,120000,1,0.9943872156605581,0.99432161254801,6.560311254810713e-05,6.560311254810713e-05,0.0,0.0,0.0,0.0,0.0,0.0031650724997640436,-0.0031650724997640436,0.0031650724997640436
123,header,mid_density,random,0.01,9,239999,1,0.9338138881362709,0.9339074054679354,-9.351733166451659e-05,-9.351733166451659e-05,0.003879182829928458,0.0,0.0008708369618206743,0.0,0.0024859052739253516,0.006847896353730167,-0.006847896353730167,0.005113065515936291
123,header,low_density,random,0.01,9,120001,1,0.887753567358456,0.8888728265415212,-0.0011192591830652132,-0.0011192591830652132,0.0033166390280081,0.0,0.0009833251389571754,0.0,0.0016545612608317676,0.0035542914405040744,-0.0035542914405040744,0.0010354193531203779
123,header,high_density,random,0.01,10,120000,1,0.9943872156605581,0.9945781925343543,-0.00019097687379621142,-0.00019097687379621142,0.04186666666666667,0.015091666666666666,0.0,0.05116975587703436,0.0,0.03634603728648118,0.03634603728648118,0.013899468120817252
123,header,mid_density,random,0.01,10,239999,1,0.9338138881362709,0.9331924936875338,0.0006213944487371004,0.0006213944487371004,0.081062837761824,0.0395084979520748,0.0,0.06081128747795415,0.0,0.06932001668867027,0.06932001668867027,-0.0074128574768997325
123,header,low_density,random,0.01,10,120001,1,0.887753567358456,0.8882256013968519,-0.00047203403839590763,-0.00047203403839590763,0.07194940042166316,0.031116407363271974,0.0,0.07670028552061295,0.0,0.07236863153542358,0.07236863153542358,0.016678417211144873
123,header,high_density,random,0.01,11,120000,1,0.9943872156605581,0.9943872156605581,0.0,0.0,0.0,0.0,0.0,0.0,0.0,0.0,0.0,0.0
123,header,mid_density,random,0.01,11,239999,1,0.9338138881362709,0.9335351504343108,0.0002787377019600745,0.0002787377019600745,0.0004166684027850116,0.00040416835070146125,0.0,0.0006220939554272887,0.0,0.00044680933637914204,0.00044680933637914204,-0.0003255111679301835
123,header,low_density,random,0.01,11,120001,1,0.887753567358456,0.887438687713933,0.0003148796445230362,0.0003148796445230362,0.00036666361113657384,0.0003166640277997683,0.0,0.0007805599490581928,0.0,0.0002812939308358233,0.0002812939308358233,-4.442353854047646e-05
123,header,high_density,random,0.01,12,120000,1,0.9943872156605581,0.9943201879106909,6.702774986722115e-05,6.702774986722115e-05,0.09244166666666667,0.059491666666666665,0.0,0.2017122513562387,0.0,0.1667677604987385,0.1667677604987385,0.00703573771497026
123,header,mid_density,random,0.01,12,239999,1,0.9338138881362709,0.9335922460469089,0.00022164208936192864,0.00022164208936192864,0.4630519293830391,0.37175154896478735,0.0,0.5721981721981722,0.0,0.40761088217157404,0.40761088217157404,-0.008820834634147018
123,header,low_density,random,0.01,12,120001,1,0.887753567358456,0.8864070032025129,0.0013465641559431418,0.0013465641559431418,0.32732227231439737,0.22713977383521805,0.0,0.5598874350389252,0.0,0.3184932986855084,0.3184932986855084,0.08366413661118242
123,header,high_density,random,0.01,13,120000,1,0.9943872156605581,0.9943872156605581,0.0,0.0,0.0,0.0,0.0,0.0,0.0,9.283748204533767e-07,9.283748204533767e-07,9.283159696735834e-07
123,header,mid_density,random,0.01,13,239999,1,0.9338138881362709,0.9338225995500145,-8.711413743589524e-06,-8.711413743589524e-06,2.5000104167100697e-05,1.6666736111400465e-05,0.0,2.565335898669232e-05,0.0,4.3501707912596235e-05,4.3501707912596235e-05,1.4166816899460392e-05
123,header,low_density,random,0.01,13,120001,1,0.887753567358456,0.8879696288721897,-0.00021606151373365634,-0.00021606151373365634,0.0003333305555787035,9.999916667361106e-05,0.0,0.00024649261549206087,0.0,0.0005169026778728279,0.0005169026778728279,0.0002602425992929841
123,header,high_density,random,0.01,14,120000,1,0.9943872156605581,0.9946800350674242,-0.0002928194068660961,-0.0002928194068660961,0.03843333333333333,0.020683333333333335,0.0,0.07012884267631103,0.0,0.038047008471288724,0.038047008471288724,0.008278406566255333
123,header,mid_density,random,0.01,14,239999,1,0.9338138881362709,0.9205512384283467,0.013262649707924123,0.013262649707924123,0.12723386347443114,0.07726698861245256,0.0,0.1189289722623056,0.0,0.10263563729194568,0.10263563729194568,-0.015214898280645175
123,header,low_density,random,0.01,14,120001,1,0.887753567358456,0.8807445698428482,0.0070089975156077955,0.0070089975156077955,0.09491587570103582,0.04667461104490796,0.0,0.11505042828091942,0.0,0.09604744331212796,0.09604744331212796,0.020641490943901015
123,header,high_density,random,0.01,15,120000,1,0.9943872156605581,0.9922403623599284,0.002146853300629692,0.002146853300629692,0.007475,0.000925,0.0,0.0031363019891500906,0.0,0.009972060689130077,0.009972060689130077,0.00711368680266131
123,header,mid_density,random,0.01,15,239999,1,0.9338138881362709,0.9322444679080499,0.0015694202282209302,0.0015694202282209302,0.028183450764378185,0.012908387118279659,0.0,0.019868526535193203,0.0,0.020216094176312066,0.020216094176312066,0.005798086389465461
123,header,low_density,random,0.01,15,120001,1,0.887753567358456,0.8850069625546301,0.002746604803825936,0.002746604803825936,0.00959992000066666,0.0048832926392280065,0.0,0.012037056056528973,0.0,0.009509137492926999,0.009509137492926999,0.004489066739420965
123,header,high_density,random,0.01,16,120000,1,0.9943872156605581,0.9943872156605581,0.0,0.0,0.0,0.0,0.0,0.0,0.0,1.838853121635601e-07,-1.838853121635601e-07,-1.838853121635601e-07
123,header,mid_density,random,0.01,16,239999,1,0.9338138881362709,0.933808326791096,5.561345174820431e-06,5.561345174820431e-06,0.0,0.0,0.0,0.0,0.0,3.118939972143828e-05,-3.118939972143828e-05,-3.118939972143828e-05
123,header,low_density,random,0.01,16,120001,1,0.887753567358456,0.8876952406000514,5.832675840455881e-05,5.832675840455881e-05,0.00045832951392071734,0.0,0.0003166640277997683,0.0,0.0005328248128102302,0.0005590719691305949,-0.0005590719691305949,-0.0001639307812965331
123,header,high_density,random,0.01,17,120000,1,0.9943872156605581,0.994037559035421,0.00034965662513708473,0.00034965662513708473,0.008233333333333334,0.0037833333333333334,0.0,0.012827757685352622,0.0,0.007245964714120773,0.007245964714120773,0.0032363336010459557
123,header,mid_density,random,0.01,17,239999,1,0.9338138881362709,0.9343027723704271,-0.0004888842341562727,-0.0004888842341562727,0.004841686840361835,0.0023458431076796155,0.0,0.003610710277376944,0.0,0.0078598172133325,0.0078598172133325,0.0016215598661986723
123,header,low_density,random,0.01,17,120001,1,0.887753567358456,0.8866528385550552,0.0011007288034008411,0.0011007288034008411,0.009616586528445596,0.0050249581253489555,0.0,0.01238625392847606,0.0,0.00944945565557465,0.00944945565557465,0.0026965050472452577
123,header,high_density,random,0.01,18,120000,1,0.9943872156605581,0.9946012391988313,-0.0002140235382731559,-0.0002140235382731559,0.092,0.05905,0.0,0.2002147377938517,0.0,0.16467329488453467,0.16467329488453467,0.008015007150697312
123,header,mid_density,random,0.01,18,239999,1,0.9338138881362709,0.9307392588850193,0.0030746292512515705,0.0030746292512515705,0.47219363414014226,0.381018254242726,0.0,0.5864614397947732,0.0,0.4193814731225837,0.4193814731225837,-0.018120499081364642
123,header,low_density,random,0.01,18,120001,1,0.887753567358456,0.8786139395193904,0.009139627839065634,0.009139627839065634,0.34248047932933895,0.2419563170306914,0.0,0.5964094242343323,0.0,0.332882381631067,0.332882381631067,0.07830254755641473
123,header,high_density,random,0.01,19,120000,1,0.9943872156605581,0.9934972437923162,0.0008899718682419122,0.0008899718682419122,0.001975,0.0012333333333333332,0.0,0.004181735985533454,0.0,0.0016535628243059776,0.0016535628243059776,-0.00014920504819671733
123,header,mid_density,random,0.01,19,239999,1,0.9338138881362709,0.9290143353445524,0.004799552791718509,0.004799552791718509,0.00933337222238426,0.00788336618069242,0.0,0.012134038800705467,0.0,0.005798320721657648,0.005798320721657648,-0.0008446800831467349
123,header,low_density,random,0.01,19,120001,1,0.887753567358456,0.8870267621292118,0.0007268052292441762,0.0007268052292441762,0.0025333122223981466,0.0012249897917517355,0.0,0.003019534539777746,0.0,0.0022971100869104474,0.0022971100869104474,-2.8443494355583997e-05
123,header,high_density,random,0.01,20,120000,1,0.9943872156605581,0.9960103711472892,-0.0016231554867310871,-0.0016231554867310871,0.008825,0.0,0.004883333333333333,0.0,0.006926059001512859,0.01744214508860999,-0.01744214508860999,-0.00618808915022096
123,header,mid_density,random,0.01,20,239999,1,0.9338138881362709,0.9320961943826721,0.001717693753598759,0.001717693753598759,0.02367509864624436,0.0,0.011712548802286676,0.0,0.03343483122011561,0.02076036094573178,-0.02076036094573178,-0.008937175497689666
123,header,low_density,random,0.01,20,120001,1,0.887753567358456,0.8884105347990383,-0.0006569674405823012,-0.0006569674405823012,0.045941283822634814,0.0,0.031491404238298014,0.0,0.05298802546341737,0.027133398278187365,-0.027133398278187365,-0.01329062224258
123,header,high_density,important,0.05,0,120000,4,0.9943872156605581,0.9271396024443564,0.06724761321620165,0.06724761321620165,0.6538083333333333,0.0,0.6449416666666666,0.0,0.914724375945537,0.5757864952068666,-0.5756701789235245,0.024520892071680643
123,header,mid_density,important,0.05,0,239999,4,0.9338138881362709,0.6551632055331178,0.27865068260315307,0.27865068260315307,0.28768869870291125,0.0,0.23409264205267521,0.0,0.6682446416252349,0.29583991756120165,-0.2954999957165555,0.12855136201579337
123,header,low_density,important,0.05,0,120001,4,0.887753567358456,0.6680662910768167,0.2196872762816393,0.2196872762816393,0.5207456604528296,0.000666661111157407,0.43890467579436837,0.001643284103280406,0.7385092122605794,0.4649545295757251,-0.46260442060438084,0.1266064901260954
123,header,high_density,random,0.05,1,120000,4,0.9943872156605581,0.9922253796235673,0.0021618360369908274,0.0021618360369908274,0.13223333333333334,0.0,0.12345833333333334,0.0,0.1751016452344932,0.19882805445445226,-0.19882805445445226,-0.07520745766853104
123,header,mid_density,random,0.05,1,239999,4,0.9338138881362709,0.9335634462046116,0.0002504419316592399,0.0002504419316592399,0.21236338484743686,0.0,0.15990066625277605,0.0,0.4564550277136808,0.1940754516318882,-0.19407371375725843,0.06596099747327071
123,header,low_density,random,0.05,1,120001,4,0.887753567358456,0.8898597682088648,-0.0021062008504088015,-0.0021062008504088015,0.332180565161957,0.0,0.25824784793460054,0.0,0.434532656552343,0.2566874025833198,-0.25659300656363504,0.03555028663341325
123,header,high_density,random,0.05,2,120000,4,0.9943872156605581,0.9942760211482381,0.00011119451232000088,0.00011119451232000088,0.0479,0.0,0.046825,0.0,0.06641215960665658,0.03561278278411963,-0.03561278278411963,-0.014650068176919528
123,header,mid_density,random,0.05,2,239999,4,0.9338138881362709,0.9336794235747539,0.00013446456151700037,0.00013446456151700037,0.05193354972312385,0.0,0.03125013020887587,0.0,0.08920712705473749,0.053320502728867424,-0.05331975147089056,0.008420896071796259
123,header,low_density,random,0.05,2,120001,4,0.887753567358456,0.8861646013432322,0.0015889660152238472,0.0015889660152238472,0.10098249181256823,3.333305555787035e-05,0.07300772493562553,8.216420516402029e-05,0.12284416276395861,0.06529076124924196,-0.0652014697754039,-0.006819204125761279
123,header,high_density,random,0.05,3,120000,4,0.9943872156605581,0.9919718653124663,0.002415350348091816,0.002415350348091816,0.10871666666666667,0.0,0.10010833333333333,0.0,0.14198420953101362,0.13590298591066188,-0.13590298591066188,-0.05759832736660542
123,header,mid_density,random,0.05,3,239999,4,0.9338138881362709,0.9343087324039026,-0.0004948442676316889,-0.0004948442676316889,0.159929833040971,0.0,0.11573381555756482,0.0,0.3303756214763185,0.1432081675862813,-0.1432081675862813,0.03910631715694039
123,header,low_density,random,0.05,3,120001,4,0.887753567358456,0.8874824887307327,0.00027107862772335345,0.00027107862772335345,0.23649802918309015,0.0,0.175348538762177,0.0,0.29504472924086483,0.18201676212100448,-0.18199288465511004,0.016085948409710275
123,header,high_density,random,0.05,4,120000,4,0.9943872156605581,0.985000331460273,0.009386884200285106,0.009386884200285106,0.6524833333333333,0.0,0.6436166666666666,0.0,0.9128451210287444,0.5650194933525681,-0.5650194933525681,0.014343236839904749
123,header,mid_density,random,0.05,4,239999,4,0.9338138881362709,0.9202750354655423,0.013538852670728518,0.013538852670728518,0.287001195838316,0.0,0.2334259726082192,0.0,0.6663415562480671,0.2922323884034089,-0.2922323884034089,0.1255992127413715
123,header,low_density,random,0.05,4,120001,4,0.887753567358456,0.8856728773543413,0.0020806900041147047,0.0020806900041147047,0.47600436663027806,0.0,0.3942883809301589,0.0,0.663437000476738,0.42756719772374174,-0.42756717627032953,0.11646268440851693
123,header,high_density,random,0.05,5,120000,4,0.9943872156605581,0.9943990505695942,-1.1834909036112506e-05,-1.1834909036112506e-05,0.31335,0.2804,0.0,0.9507233273056058,0.0,0.33524079909538795,0.33524079909538795,0.08172063660253709
123,header,mid_density,random,0.05,5,239999,4,0.9338138881362709,0.9304287932530513,0.003385094883219586,0.003385094883219586,0.6564860686919529,0.5644898520410502,0.0,0.8688600288600289,0.0,0.6382551937192904,0.6382551937192904,0.141868818132611
123,header,low_density,random,0.05,5,120001,4,0.887753567358456,0.8770729420346608,0.010680625323795212,0.010680625323795212,0.4129798918342347,0.3073141057157857,0.0,0.7575128895096851,0.0,0.4444478201023887,0.4444478201023887,0.16029578891240254
123,header,high_density,random,0.05,6,120000,4,0.9943872156605581,0.9924646161700325,0.001922599490525645,0.001922599490525645,0.0271,0.0,0.022275,0.0,0.0315927571860817,0.02622878946215974,-0.02622878946215974,-0.004584140710188192
123,header,mid_density,random,0.05,6,239999,4,0.9338138881362709,0.9230229503148598,0.01079093782141105,0.01079093782141105,0.0413960058166909,0.0,0.02828345118104659,0.0,0.08073839712634108,0.03725159689344876,-0.03725116926804326,0.006915086666322595
123,header,low_density,random,0.05,6,120001,4,0.887753567358456,0.8878805792471856,-0.0001270118887295446,-0.0001270118887295446,0.04634961375321872,0.0,0.030058082849309588,0.0,0.05057629210017107,0.03468799961893929,-0.034677241091576744,-0.002364531107498137
123,header,high_density,random,0.05,7,120000,4,0.9943872156605581,0.9880469183669485,0.006340297293609631,0.006340297293609631,0.05764166666666667,0.005633333333333333,0.04289166666666667,0.019100361663652803,0.06083349092284417,0.0699249367802242,0.05186481274628816,-0.058538968235133326
123,header,mid_density,random,0.05,7,239999,4,0.9338138881362709,0.776763138327078,0.15705074980919287,0.15705074980919287,0.2714636310984629,0.22717177988241619,0.01325005520856337,0.34966169632836297,0.037823821871208696,0.22952020676830304,0.2071778657407533,-0.11208962528829469
123,header,low_density,random,0.05,7,120001,4,0.887753567358456,0.7748755984849349,0.11287796887352108,0.11287796887352108,0.20826493112557395,0.1454987875101041,0.01661652819559837,0.3586467555409486,0.02795928096693682,0.1549956397451482,0.12578520024748183,-0.039738399950565474
123,header,high_density,random,0.05,8,120000,4,0.9943872156605581,0.9933854965901784,0.001001719070379714,0.001001719070379714,0.09244166666666667,0.059491666666666665,0.0,0.2017122513562387,0.0,0.16739927197795798,0.16739927197795798,0.007667246989200934
123,header,mid_density,random,0.05,8,239999,4,0.9338138881362709,0.9287569764588423,0.0050569116774286105,0.0050569116774286105,0.4634019308413785,0.37210155042312676,0.0,0.5727368927368928,0.0,0.4094476441616779,0.4094476441616779,-0.0070748482739434
123,header,low_density,random,0.05,8,120001,4,0.887753567358456,0.8859811181246354,0.0017724492338205833,0.0017724492338205833,0.3304639128007267,0.23011474904375798,0.0,0.5672205903498141,0.0,0.3206477225045811,0.32064531389778894,0.08454922155648632
123,header,high_density,random,0.05,9,120000,4,0.9943872156605581,0.9946622721843962,-0.00027505652383807977,-0.00027505652383807977,0.3178,0.28485,0.0,0.9658114828209765,0.0,0.3228484570911986,0.3228484570911986,0.0649031728252172
123,header,mid_density,random,0.05,9,239999,4,0.9338138881362709,0.9285322804163348,0.005281607719936021,0.005281607719936021,0.6863986933278888,0.5944024766769862,0.0,0.9149013949013949,0.0,0.6476156916686947,0.6476156916686947,0.12498428139889116
123,header,low_density,random,0.05,9,120001,4,0.887753567358456,0.8670262969414225,0.020727270417033483,0.020727270417033483,0.42012149898750845,0.3146140448829593,0.0,0.7755068504406055,0.0,0.442755125150805,0.442755125150805,0.15008651647491558
123,header,high_density,random,0.05,10,120000,4,0.9943872156605581,0.9945330883698962,-0.0001458727093380796,-0.0001458727093380796,0.092,0.05905,0.0,0.2002147377938517,0.0,0.16563794027802556,0.16563794027802556,0.0066627343431323975
123,header,mid_density,random,0.05,10,239999,4,0.9338138881362709,0.9304369703108115,0.003376917825459347,0.003376917825459347,0.47707698782078256,0.3859474414476727,0.0,0.5940484207150873,0.0,0.4194498365143725,0.4194498365143725,-0.02042518299006626
123,header,low_density,random,0.05,10,120001,4,0.887753567358456,0.8785201188335791,0.009233448524876953,0.009233448524876953,0.33866384446796277,0.23881467654436214,0.0,0.5886654478976234,0.0,0.3273057435762885,0.32729957490044476,0.07467455540197927
123,header,high_density,random,0.05,11,120000,4,0.9943872156605581,0.9907428644932644,0.003644351167293669,0.003644351167293669,0.5737083333333334,0.0,0.5648416666666667,0.0,0.8011180975794251,0.4386058486875795,-0.43855332925541113,-0.10841672675145225
123,header,mid_density,random,0.05,11,239999,4,0.9338138881362709,0.9234716134483008,0.01034227468797011,0.01034227468797011,0.27747615615065063,0.0,0.2238800995004146,0.0,0.6390917525037467,0.2730488634485454,-0.2726138914691966,0.10985022712174453
123,header,low_density,random,0.05,11,120001,4,0.887753567358456,0.8786785059555082,0.009075061402947782,0.009075061402947782,0.46505445787951766,0.00014999875001041658,0.38325513954050383,0.0003697389232380913,0.6448722622619816,0.3910241142679802,-0.3895821391898534,0.08834087646493204
123,header,high_density,random,0.05,12,120000,4,0.9943872156605581,0.9918098393665786,0.002577376293979472,0.002577376293979472,0.080525,0.047575,0.0,0.16130764014466545,0.0,0.09180426346821505,0.09121914509051936,0.061478782460297664
123,header,mid_density,random,0.05,12,239999,4,0.9338138881362709,0.9283368822618372,0.005477005874433671,0.005477005874433671,0.3585681607006696,0.269042787678282,0.0,0.4141093474426808,0.0,0.2934992411827107,0.292705469395558,0.012645750204150237
123,header,low_density,random,0.05,12,120001,4,0.887753567358456,0.885627999140595,0.002125568217861029,0.002125568217861029,0.2549895417538187,0.1609403254972875,7.499937500520829e-05,0.396709323583181,0.00012619535040242296,0.2585310076696386,0.25662106186098305,0.06891159061183375
123,header,high_density,random,0.05,13,120000,4,0.9943872156605581,0.9942796929455475,0.00010752271501057731,0.00010752271501057731,0.09244166666666667,0.059491666666666665,0.0,0.2017122513562387,0.0,0.1668114958856265,0.1668114958856265,0.007079472819511002
123,header,mid_density,random,0.05,13,239999,4,0.9338138881362709,0.9335243611729405,0.00028952696333039984,0.00028952696333039984,0.46554360643169346,0.37424322601344173,0.0,0.5760333493666827,0.0,0.4083681173090551,0.4083681173090551,-0.008705631973004462
123,header,low_density,random,0.05,13,120001,4,0.887753567358456,0.8860425416802508,0.0017110256782052469,0.0017110256782052469,0.328438929675586,0.22829809751585403,0.0,0.562742641168375,0.0,0.31953288946317854,0.3194558829292158,0.08377983408730598
123,header,high_density,random,0.05,14,120000,4,0.9943872156605581,0.9934651947958636,0.0009220208646945061,0.0009220208646945061,0.075425,0.0441,0.0,0.1495253164556962,0.0,0.06193352522872452,0.061837221740024935,0.01951699597157788
123,header,mid_density,random,0.05,14,239999,4,0.9338138881362709,0.9203687681033829,0.013445120032888003,0.013445120032888003,0.16495902066258608,0.0972587385780774,0.0024833436805986693,0.14970017636684305,0.0070889930299498066,0.14459591952434928,0.14309206355752696,-0.013900645501086648
123,header,low_density,random,0.05,14,120001,4,0.887753567358456,0.879980527585684,0.007773039772771995,0.007773039772771995,0.12444062966141949,0.06479946000449996,0.0006499945833784718,0.15972721483885546,0.001093693036820999,0.13422925120237922,0.13085420809436105,0.02957493776084133
123,header,high_density,random,0.05,15,120000,4,0.9943872156605581,0.9929820654164496,0.0014051502441084773,0.0014051502441084773,0.3918,0.0,0.38293333333333335,0.0,0.5431164901664145,0.3563459792951539,-0.3563459792951539,-0.15132703903053774
123,header,mid_density,random,0.05,15,239999,4,0.9338138881362709,0.914063617707709,0.01975027042856181,0.01975027042856181,0.2537427239280164,0.0,0.20029250121875508,0.0,0.5717582130028308,0.24266121913621272,-0.24265478334620277,0.08730685284262182
123,header,low_density,random,0.05,15,120001,4,0.887753567358456,0.8579162470871752,0.02983732027128083,0.02983732027128083,0.422038149682086,0.0,0.3424138132182232,0.0,0.5761518831150622,0.34877934827361096,-0.3486679042381292,0.07014209753891947
123,header,high_density,random,0.05,16,120000,4,0.9943872156605581,0.9829614254940517,0.011425790166506355,0.011425790166506355,0.6344333333333333,0.0,0.6255666666666667,0.0,0.8872447049924357,0.4671434232803634,-0.4671434232803634,-0.07863785833777957
123,header,mid_density,random,0.05,16,239999,4,0.9338138881362709,0.9298653722329691,0.003948515903301808,0.003948515903301808,0.280163667348614,0.0,0.2265676106983779,0.0,0.6467635654304541,0.2777292720729308,-0.2777292720729308,0.11440973919662636
123,header,low_density,random,0.05,16,120001,4,0.887753567358456,0.8881058407140915,-0.00035227335563547957,-0.00035227335563547957,0.45449621253156225,0.0,0.37255522870642743,0.0,0.6268683922712359,0.3932959929253347,-0.3932959929253347,0.1013115959053729
123,header,high_density,random,0.05,17,120000,4,0.9943872156605581,0.9928413228708468,0.0015458927897112895,0.0015458927897112895,0.034883333333333336,0.0,0.029475,0.0,0.041804557488653554,0.11173180630582889,-0.10897387041580169,-0.0828219601636319
123,header,mid_density,random,0.05,17,239999,4,0.9338138881362709,0.9185797989661254,0.01523408917014546,0.01523408917014546,0.09104204600852503,0.0008208367534864729,0.06360026500110418,0.0012634279300945967,0.18155434498180176,0.07393404689386655,-0.06870933060685083,-0.012970912507720854
123,header,low_density,random,0.05,17,120001,4,0.887753567358456,0.8801993261589317,0.007554241199524303,0.007554241199524303,0.10644911292405897,0.0013499887500937491,0.07132440562995308,0.0033276503091428217,0.12001177823270423,0.08732033370741789,-0.08274787358773925,-0.021653495599732574
123,header,high_density,random,0.05,18,120000,4,0.9943872156605581,0.9952657794098467,-0.00087856374928863,-0.00087856374928863,0.3178,0.28485,0.0,0.9658114828209765,0.0,0.3396810220225941,0.3396810220225941,0.08173573775661265
123,header,mid_density,random,0.05,18,239999,4,0.9338138881362709,0.9157086020889337,0.018105286047337188,0.018105286047337188,0.6880945337272238,0.5960941503922933,0.0,0.9175052108385442,0.0,0.6679266180820757,0.6679266180820757,0.1446739105034503
123,header,low_density,random,0.05,18,120001,4,0.887753567358456,0.8670364090557523,0.02071715830270371,0.02071715830270371,0.42780476829359754,0.3220556495362539,0.0,0.793850009243473,0.0,0.45917647325403155,0.45917647325403155,0.16293335631845574
123,header,high_density,random,0.05,19,120000,4,0.9943872156605581,0.9927309194897523,0.00165629617080576,0.00165629617080576,0.166225,0.0,0.15735833333333332,0.0,0.2231822049924357,0.28018300954197844,-0.28018300954197844,-0.12516859034322148
123,header,mid_density,random,0.05,19,239999,4,0.9338138881362709,0.9336508827864063,0.0001630053498645756,0.0001630053498645756,0.24325101354588977,0.0,0.1897841241005171,0.0,0.5417608297452244,0.22526752179616277,-0.22526752179616277,0.07724426231402731
123,header,low_density,random,0.05,19,120001,4,0.887753567358456,0.8873739821638778,0.000379585194578258,0.000379585194578258,0.385521787318439,0.0,0.30645577953517056,0.0,0.5156482234499005,0.30289821804536954,-0.30289821804536954,0.049996148373020945
123,header,high_density,random,0.05,20,120000,4,0.9943872156605581,0.9940371202230822,0.00035009543747588356,0.00035009543747588356,0.000625,0.00035833333333333333,0.0,0.0012149638336347197,0.0,0.006837230777892105,0.0027216267243207674,0.0017399688955198633
123,header,mid_density,random,0.05,20,239999,4,0.9338138881362709,0.9343024789895404,-0.0004885908532695771,-0.0004885908532695771,0.010866711944633102,0.0015666731944716436,0.004908353784807437,0.002411415744749078,0.014011466089397436,0.01034693862019574,-0.00012219175685708998,0.003113970516996439
123,header,low_density,random,0.05,20,120001,4,0.887753567358456,0.886747016386378,0.0010065509720780241,0.0010065509720780241,0.01713319055674536,0.003249972916892359,0.008058266181115157,0.008011010003491978,0.013558989315460332,0.011666872703552931,0.0007091065887045246,0.001148220516486248
123,header,high_density,important,0.1,0,120000,8,0.9943872156605581,0.9889208081303213,0.00546640753023675,0.00546640753023675,0.6602333333333333,0.0,0.6513666666666666,0.0,0.9238369894099848,0.640855596944148,-0.6408551088338855,0.07805789067376918
123,header,mid_density,important,0.1,0,239999,8,0.9338138881362709,0.7757327754992511,0.15808111263701974,0.15808111263701974,0.30081375339063915,0.0,0.2472176967404031,0.0,0.7057116349882246,0.3224173139252676,-0.3224060444696728,0.1399832374013775
123,header,low_density,important,0.1,0,120001,8,0.887753567358456,0.7117614653560986,0.17599210200235738,0.17599210200235738,0.5660536162198648,0.00010833243056307865,0.48282930975575206,0.00026703366678306595,0.8124176224795984,0.5329784261622149,-0.53232912852697,0.15922978172517024
123,header,high_density,random,0.1,1,120000,8,0.9943872156605581,0.9831180803301593,0.01126913533039875,0.01126913533039875,0.31335,0.2804,0.0,0.9507233273056058,0.0,0.3353009020116561,0.3353009020116561,0.08176055116297858
123,header,mid_density,random,0.1,1,239999,8,0.9338138881362709,0.9269480930450236,0.006865795091247295,0.006865795091247295,0.6579777415739232,0.5659815249230206,0.0,0.8711560044893378,0.0,0.6398122637087117,0.6398122637087117,0.14096471181942222
123,header,low_density,random,0.1,1,120001,8,0.887753567358456,0.8737689469992644,0.013984620359191569,0.013984620359191569,0.4147548770426913,0.3090640911325739,0.0,0.7618265102807962,0.0,0.4460982958902497,0.4460982958902497,0.16062788210066778
123,header,high_density,random,0.1,2,120000,8,0.9943872156605581,0.9889234667186235,0.005463748941934576,0.005463748941934576,0.4206083333333333,0.0,0.41183333333333333,0.0,0.5841055219364599,0.37211239374658855,-0.37211239374658855,-0.12739190154232966
123,header,mid_density,random,0.1,2,239999,8,0.9338138881362709,0.9267383990944189,0.007075489041851957,0.007075489041851957,0.25410522543843933,4.166684027850116e-06,0.20257584406601695,6.41333974667308e-06,0.5782762804196303,0.25030055135506696,-0.2502933271943748,0.09322041250090786
123,header,low_density,random,0.1,2,120001,8,0.887753567358456,0.8837113161158479,0.0040422512426081525,0.0040422512426081525,0.4392463396138366,0.0,0.3600469996083366,0.0,0.6058218121652318,0.3662096916861665,-0.3661985143319127,0.08475049766083274
123,header,high_density,random,0.1,3,120000,8,0.9943872156605581,0.9538066978068563,0.04058051785370176,0.04058051785370176,0.22126666666666667,0.16914166666666666,0.022016666666666667,0.5734911844484629,0.031226361573373676,0.17462513236377483,0.15177003978079376,-0.07921768643002726
123,header,mid_density,random,0.1,3,239999,8,0.9338138881362709,0.7415542360891298,0.19225965204714102,0.19225965204714102,0.5207605031687632,0.4299309580456585,0.01755007312530469,0.6617476350809685,0.05009872255394058,0.3839756977992802,0.3561911273704172,-0.07836057977672833
123,header,low_density,random,0.1,3,120001,8,0.887753567358456,0.7637229303381164,0.12403063702033956,0.12403063702033956,0.3167223606469946,0.22237314689044257,0.010541578820176499,0.5481379537004704,0.01773745758434056,0.26079024255033767,0.24420143710946143,0.02626761605677173
123,header,high_density,random,0.1,4,120000,8,0.9943872156605581,0.9907560849672878,0.003631130693270257,0.003631130693270257,0.6538083333333333,0.0,0.6449416666666666,0.0,0.914724375945537,0.5999926745154109,-0.5999926745154109,0.04890599255771137
123,header,mid_density,random,0.1,4,239999,8,0.9338138881362709,0.8759233715822754,0.057890516553995464,0.057890516553995464,0.2873761974008225,0.0,0.23378014075058645,0.0,0.6673525703546875,0.30534191380951253,-0.305341913809494,0.13672903605110814
123,header,low_density,random,0.1,4,120001,8,0.887753567358456,0.8175187921630043,0.07023477519545174,0.07023477519545174,0.5119874001049991,0.0,0.42947975433538055,0.0,0.7226506632266749,0.4752610985562398,-0.475237646809714,0.13696459989461107
123,header,high_density,random,0.1,5,120000,8,0.9943872156605581,0.9883256735711959,0.00606154208936216,0.00606154208936216,0.06854166666666667,0.0426,0.0,0.14443942133815552,0.0,0.06699642127694527,0.06113021341987545,0.029943948674432303
123,header,mid_density,random,0.1,5,239999,8,0.9338138881362709,0.9190454363121301,0.014768451824140771,0.014768451824140771,0.1991049962708178,0.12467968616535902,0.00020416751736465567,0.19190636523969856,0.0005828198967576183,0.18252508890582644,0.18042201670961563,-0.005612494858554209
123,header,low_density,random,0.1,5,120001,8,0.887753567358456,0.8817382556559406,0.006015311702515458,0.006015311702515458,0.17032358063682804,0.08913259056174531,0.0036499695835868033,0.21970708460859026,0.006141507052917917,0.16919401753220256,0.1631460308645307,0.03464485491667608
123,header,high_density,random,0.1,6,120000,8,0.9943872156605581,0.99064206054952,0.003745155111038123,0.003745155111038123,0.6560166666666667,0.0,0.64715,0.0,0.917856467473525,0.6087107613374386,-0.6087107613374386,0.055973511753245185
123,header,mid_density,random,0.1,6,239999,8,0.9338138881362709,0.926910527171012,0.006903360965258898,0.006903360965258898,0.2932928887203697,0.0,0.23969683207013362,0.0,0.6842424530770511,0.3078032034926865,-0.3078032034926865,0.13689130050883658
123,header,low_density,random,0.1,6,120001,8,0.887753567358456,0.8898179029783422,-0.0020643356198861706,-0.0020643356198861706,0.5105040791326739,0.0,0.4275881034324714,0.0,0.7194677360554138,0.4681894114902073,-0.4681894114902073,0.13015909887041027
123,header,high_density,random,0.1,7,120000,8,0.9943872156605581,0.988541248481402,0.005845967179156086,0.005845967179156086,0.0789,0.05255833333333333,0.0,0.17820411392405064,0.0,0.09331765493032625,0.09331750232838172,-0.0013946407492537252
123,header,mid_density,random,0.1,7,239999,8,0.9338138881362709,0.913494119790002,0.020319768346268918,0.020319768346268918,0.17068821120088,0.10256709402955845,0.0,0.15787077120410453,0.0,0.16845243725739684,0.16845243725436398,-0.02593683061591568
123,header,low_density,random,0.1,7,120001,8,0.887753567358456,0.877390357124296,0.01036321023415998,0.01036321023415998,0.1259322838976342,0.06870776076866027,0.00019999833334722212,0.16936096789433683,0.0003365209344064612,0.1376935327425404,0.13723313682499033,0.022726532519387117
123,header,high_density,random,0.1,8,120000,8,0.9943872156605581,0.9890419744359713,0.005345241224586794,0.005345241224586794,0.655,0.0,0.6461333333333333,0.0,0.9164145234493192,0.5905788301742784,-0.5905788301742784,0.036829609876568546
123,header,mid_density,random,0.1,8,239999,8,0.9338138881362709,0.925010685994502,0.008803202141768884,0.008803202141768884,0.2920303834599311,0.0,0.23843432680969504,0.0,0.6806384851440398,0.30544520129744396,-0.30544520129744396,0.1347820886788023
123,header,low_density,random,0.1,8,120001,8,0.887753567358456,0.8801898279604552,0.007563739398000813,0.007563739398000813,0.5051957900350831,0.0,0.42286314280714327,0.0,0.7115174289800611,0.4641858616633304,-0.4641858616633304,0.13067060946223838
123,header,high_density,random,0.1,9,120000,8,0.9943872156605581,0.9907804916494587,0.0036067240110994048,0.0036067240110994048,0.6537083333333333,0.0,0.6448416666666666,0.0,0.9145825453857791,0.5327746964218761,-0.5327746964218761,-0.0182163740758101
123,header,mid_density,random,0.1,9,239999,8,0.9338138881362709,0.9297852913034778,0.004028596832793108,0.004028596832793108,0.28324701352922305,4.166684027850116e-05,0.22961345672273634,6.41333974667308e-05,0.6554582867473892,0.2888354651393206,-0.2887565112862465,0.1237499309439019
123,header,low_density,random,0.1,9,120001,8,0.887753567358456,0.8760326527645845,0.011720914593871479,0.011720914593871479,0.484379296839193,0.0006499945833784718,0.4012299897500854,0.0016022020006983958,0.6751170812417623,0.4277232556330336,-0.426318272282856,0.1106102841731665
123,header,high_density,random,0.1,10,120000,8,0.9943872156605581,0.9859266238992636,0.008460591761294545,0.008460591761294545,0.07714166666666666,0.014591666666666666,0.0542,0.04947445750452079,0.07687216338880484,0.051535509178926235,-0.025039218826946326,-0.024974964129042068
123,header,mid_density,random,0.1,10,239999,8,0.9338138881362709,0.9274378176025931,0.006376070533677725,0.006376070533677725,0.07575031562631511,0.004379184913270472,0.04077516989654124,0.0067404200737534075,0.11639745938102149,0.06675498901191149,-0.04045406021123406,-0.003824458098843793
123,header,low_density,random,0.1,10,120001,8,0.887753567358456,0.8861905519969426,0.0015630153615133757,0.0015630153615133757,0.11102407479937668,0.00428329763918634,0.07249939583836801,0.010558100363576607,0.12198883872234219,0.07528411935733711,-0.049283684198589695,-0.011695212858336057
123,header,high_density,random,0.1,11,120000,8,0.9943872156605581,0.9946541548240322,-0.0002669391634740892,-0.0002669391634740892,0.069025,0.03650833333333333,0.0,0.12378503616636528,0.0,0.05724571385139995,0.05724571385124035,0.021797421240686975
123,header,mid_density,random,0.1,11,239999,8,0.9338138881362709,0.9264780050209552,0.007335883115315633,0.007335883115315633,0.149088121200505,0.09027120946337276,0.0,0.13894500561167228,0.0,0.12832279618369025,0.12832279618356446,-0.01396912729072981
123,header,low_density,random,0.1,11,120001,8,0.887753567358456,0.8937184486746217,-0.005964881316165682,-0.005964881316165682,0.1193740052166232,0.05705785785118457,8.333263889467588e-06,0.14064457818951173,1.4021705600269217e-05,0.12482384954522172,0.1247920241024453,0.028170555018206204
123,header,high_density,random,0.1,12,120000,8,0.9943872156605581,0.9944997987434295,-0.00011258308287143137,-0.00011258308287143137,0.004083333333333333,7.5e-05,0.0,0.0002542947558770344,0.0,0.016992658420394803,0.015607069554299677,0.0026122596218236885
123,header,mid_density,random,0.1,12,239999,8,0.9338138881362709,0.9307525586659843,0.003061329470286589,0.003061329470286589,0.03160013166721528,0.016958403993349972,2.9166788194950813e-05,0.026102292768959437,8.325998525108833e-05,0.0304930946147756,0.028629890351508862,-0.009195639015883338
123,header,low_density,random,0.1,12,120001,8,0.887753567358456,0.885077901445946,0.0026756659125100057,0.0026756659125100057,0.03304972458562845,0.01340822159815335,0.0017166523612303231,0.03305055152722716,0.0028884713536554587,0.028265935106707617,0.02334934707033998,0.004124328012580036
123,header,high_density,random,0.1,13,120000,8,0.9943872156605581,0.9851199210136721,0.009267294646886026,0.009267294646886026,0.0501,0.03306666666666667,0.003875,0.11211573236889692,0.005495934190620272,0.05747101097833941,-0.006481761662381831,-0.015951735237425296
123,header,mid_density,random,0.1,13,239999,8,0.9338138881362709,0.9170428422560275,0.016771045880243363,0.016771045880243363,0.10875461981091587,0.05351272296967904,0.012408385034937646,0.08236652236652237,0.035421176582534436,0.08678779110461284,0.049577372672352536,-0.004748814539406761
123,header,low_density,random,0.1,13,120001,8,0.887753567358456,0.8828757551819523,0.0048778121765037374,0.0048778121765037374,0.11586570111915734,0.032624728127265606,0.025399788335097206,0.08041821580428486,0.04273815866962057,0.1079845433295842,0.04644467839805535,0.01386497100415388
123,header,high_density,random,0.1,14,120000,8,0.9943872156605581,0.9842237353089102,0.010163480351647936,0.010163480351647936,0.05655,0.03668333333333333,0.0035416666666666665,0.12437839059674503,0.005023165658093797,0.049355407100652365,0.025509219538674636,0.012207941456286269
123,header,mid_density,random,0.1,14,239999,8,0.9338138881362709,0.9196564451079918,0.014157443028279038,0.014157443028279038,0.12148383951599798,0.06655027729282205,0.006075025312605469,0.10243386243386243,0.01734186549944097,0.10303072441913586,0.08652190524326192,0.0007910579792917881
123,header,low_density,random,0.1,14,120001,8,0.887753567358456,0.8751827605029716,0.012570806855484395,0.012570806855484395,0.11362405313289056,0.046857942850476245,0.013424888125932283,0.11550233140932153,0.02258896772203371,0.111465609460901,0.08293354541448292,0.019961820611200998
123,header,high_density,random,0.1,15,120000,8,0.9943872156605581,0.9944027460774638,-1.5530416905717992e-05,-1.5530416905717992e-05,0.069025,0.03650833333333333,0.0,0.12378503616636528,0.0,0.06063704056901439,0.05837599040775471,0.02362214367796607
123,header,mid_density,random,0.1,15,239999,8,0.9338138881362709,0.9339484995407952,-0.00013461140452430964,-0.00013461140452430964,0.14285476189484123,0.08099617081737841,0.0,0.124668911335578,0.0,0.12656815859816356,0.1259079944823801,-0.011176508998578178
123,header,low_density,random,0.1,15,120001,8,0.887753567358456,0.8855574461968481,0.0021961211616079446,0.0021961211616079446,0.11818234848042933,0.05706619111507404,0.0009583253472887726,0.14066511924080274,0.0016124961440309598,0.12544581857094428,0.12228951584922819,0.02705969123980284
123,header,high_density,random,0.1,16,120000,8,0.9943872156605581,0.9928279033616983,0.0015593122988597496,0.0015593122988597496,0.31335,0.2804,0.0,0.9507233273056058,0.0,0.33462629829658197,0.33462629829658197,0.08113089469769615
123,header,mid_density,random,0.1,16,239999,8,0.9338138881362709,0.9263917841848395,0.007422103951431391,0.007422103951431391,0.6552360634835979,0.5632481802007508,0.0,0.8669488536155203,0.0,0.6341951671101053,0.6341951671101053,0.14286281432878994
123,header,low_density,random,0.1,16,120001,8,0.887753567358456,0.8649656569135202,0.022787910444935777,0.022787910444935777,0.40770493579220174,0.30211414904875794,0.0,0.7446952735040979,0.0,0.4375086143135815,0.4375086143135815,0.15891451310451968
123,header,high_density,random,0.1,17,120000,8,0.9943872156605581,0.9917836408673579,0.0026035747932001696,0.0026035747932001696,0.656,0.0,0.6471333333333333,0.0,0.9178328290468987,0.621016189032169,-0.621016189032169,0.06756682281699211
123,header,mid_density,random,0.1,17,239999,8,0.9338138881362709,0.8834678183003071,0.05034606983596379,0.05034606983596379,0.2956220650919379,0.0,0.24202600844170183,0.0,0.6908913576135309,0.31231471854921866,-0.31231471854921866,0.14052228874202702
123,header,low_density,random,0.1,17,120001,8,0.887753567358456,0.8303890868435412,0.05736448051491483,0.05736448051491483,0.5401954983708469,0.0,0.45766285280955993,0.0,0.7700720715667854,0.49772185689892384,-0.49772185689892384,0.145668307286875
123,header,high_density,random,0.1,18,120000,8,0.9943872156605581,0.9926958106622085,0.0016914049983496326,0.0016914049983496326,0.17480833333333334,0.0,0.16594166666666665,0.0,0.23535599470499244,0.26179815787895044,-0.26179815787895044,-0.10583252841908787
123,header,mid_density,random,0.1,18,239999,8,0.9338138881362709,0.9224912761427418,0.01132261199352902,0.01132261199352902,0.23425930941378922,0.0,0.18080492002050008,0.0,0.5161286485714965,0.22271318660707012,-0.22271318660707012,0.0819798473697605
123,header,low_density,random,0.1,18,120001,8,0.887753567358456,0.8906720138773014,-0.00291844651884543,-0.00291844651884543,0.37467187773435223,0.0,0.296305864117799,0.0,0.49856978602877255,0.29206527424367534,-0.29206521814789127,0.047867728646423253
123,header,high_density,random,0.1,19,120000,8,0.9943872156605581,0.9922193093862144,0.0021679062743437116,0.0021679062743437116,0.12195,0.0,0.11319166666666666,0.0,0.16054037443267777,0.12234304726081784,-0.12234304726081784,-0.02769793372036758
123,header,mid_density,random,0.1,19,239999,8,0.9338138881362709,0.931463315170684,0.002350572965586828,0.002350572965586828,0.18095075396147484,0.0,0.13285472022800096,0.0,0.3792492328187073,0.15995026085229772,-0.15995026085229772,0.04890627842171364
123,header,low_density,random,0.1,19,120001,8,0.887753567358456,0.8833356321599435,0.004417935198512524,0.004417935198512524,0.27660602828309766,0.0,0.2101815818201515,0.0,0.3536554586499902,0.20816960557486577,-0.208131679081434,0.02269491236063555
123,header,high_density,random,0.1,20,120000,8,0.9943872156605581,0.9950666806673406,-0.0006794650067825092,-0.0006794650067825092,0.06949166666666666,7.5e-05,0.06059166666666667,0.0002542947558770344,0.0859375,0.11866574900047455,-0.11372109236302565,-0.058463242885425565
123,header,mid_density,random,0.1,20,239999,8,0.9338138881362709,0.8926043270270975,0.0412095611091734,0.0412095611091734,0.16039233496806238,0.0013000054166892362,0.1205963358180659,0.002000962000962001,0.34425625044603564,0.14091045948579692,-0.13601376096788434,0.03095049045445529
123,header,low_density,random,0.1,20,120001,8,0.887753567358456,0.8339190187540894,0.05383454860436665,0.05383454860436665,0.2602894975875201,0.0012833226389780085,0.20474829376421863,0.0031633218988147815,0.3445133065986147,0.20205810949466935,-0.19581873537573388,0.005649847842247473
123,imports,high_density,important,0.01,0,162542,13,0.7902785520771634,0.6707168250798385,0.11956172699732481,0.11956172699732481,0.06786553629215833,0.0,0.0636081751178157,0.0,0.14688374603986418,0.05795589512906918,-0.057341175245096306,0.0018349361613675546
123,imports,mid_density,important,0.01,0,197458,13,0.9490474681988021,0.918696424160315,0.030351044038487096,0.030351044038487096,0.21181213220026537,0.0062190440498738975,0.16987916417668567,0.020367882436847954,0.24454861592073895,0.16729391413641073,-0.1475042985151964,-0.007409504658899622
123,imports,low_density,important,0.01,0,120000,13,0.8705974364123817,0.8226647647832035,0.04793267162917825,0.04793267162917825,0.13534166666666667,0.009683333333333334,0.074075,0.013271506236008954,0.273979780544939,0.1260925009269938,-0.10104570008348167,0.015297263941460077
123,imports,high_density,random,0.01,1,162542,13,0.7902785520771634,0.8187577231190997,-0.028479171041936313,-0.028479171041936313,0.023827687613047703,0.007425773030970457,0.0,0.01309778303473571,0.0,0.009257231777051882,0.009012373777539726,-0.0041451259527863086
123,imports,mid_density,random,0.01,1,197458,13,0.9490474681988021,0.9466137317127162,0.0024337364860859134,0.0024337364860859134,0.02424819455276565,0.009607106321344285,0.0002684115102958604,0.03146406594682457,0.00038639031253873016,0.020471710024110724,0.01930253920205701,-0.0034624008294736985
123,imports,low_density,random,0.01,1,120000,13,0.8705974364123817,0.8723248631874773,-0.0017274267750955197,-0.0017274267750955197,0.025,0.013,0.000925,0.017817168440769336,0.003421279743558131,0.02218745863358659,0.01573309948870339,-0.0023376962842244007
123,imports,high_density,random,0.01,2,162542,13,0.7902785520771634,0.7606177884909673,0.02966076358619607,0.02966076358619607,0.01835217974431224,0.0,0.01583590702710684,0.0,0.03656821378340366,0.022074082332108676,-0.022006551512374614,-0.00095586688082814
123,imports,mid_density,random,0.01,2,197458,13,0.9490474681988021,0.9470507907390661,0.001996677459736085,0.001996677459736085,0.06397816244467178,0.0004912437075226124,0.045179227987723974,0.001608863677829195,0.06503750902184928,0.06364473588498488,-0.06140923000256784,0.008909099848972618
123,imports,low_density,random,0.01,2,120000,13,0.8705974364123817,0.8654751437618768,0.0051222926505049005,0.0051222926505049005,0.07530833333333334,0.0009583333333333333,0.036533333333333334,0.0013134451094156882,0.13512513870053014,0.07040254890484851,-0.06766706988971727,0.014263399083612724
123,imports,high_density,random,0.01,3,162542,13,0.7902785520771634,0.7819064706059555,0.008372081471207826,0.008372081471207826,0.0,0.0,0.0,0.0,0.0,0.0017537739772870732,-0.0006099088719673108,0.0005916566937773988
123,imports,mid_density,random,0.01,3,197458,13,0.9490474681988021,0.9487444248473027,0.0003030433514994435,0.0003030433514994435,0.0068217038560098855,0.0008508138439566895,0.0034488346888958666,0.002786485545106235,0.00496475099695991,0.007300714161960856,-0.004486040982166137,0.0011867674968452427
123,imports,low_density,random,0.01,3,120000,13,0.8705974364123817,0.871754371441142,-0.001156935028760242,-0.001156935028760242,0.010266666666666667,0.0018583333333333334,0.002775,0.0025469413860843347,0.010263839230674393,0.010314388252735434,-0.0040204726350223634,0.001867969974779229
123,imports,high_density,random,0.01,4,162542,13,0.7902785520771634,0.807811437386812,-0.017532885309648694,-0.017532885309648694,0.0,0.0,0.0,0.0,0.0,0.0017365652596939799,0.0008509694006991834,-0.0011510545564699345
123,imports,mid_density,random,0.01,4,197458,13,0.9490474681988021,0.9480613126351531,0.000986155563649005,0.000986155563649005,0.009926161512828045,0.003443770320777077,0.0013066069746477732,0.01127863196828714,0.0018809188799055166,0.009880996737084037,0.004470665564376824,-0.0012140206893520658
123,imports,low_density,random,0.01,4,120000,13,0.8705974364123817,0.8665738653471335,0.004023571065248199,0.004023571065248199,0.022883333333333332,0.013141666666666666,0.00175,0.01801132989172644,0.006472691406731599,0.022414189617356542,0.013871737895323547,-0.003341727996679569
123,imports,high_density,random,0.01,5,162542,13,0.7902785520771634,0.7940970076963555,-0.0038184556191921404,-0.0038184556191921404,0.018782837666572332,0.012525993281736413,0.0,0.022093692012197106,0.0,0.008570610021931945,0.008502980168479756,0.0009671470131179142
123,imports,mid_density,random,0.01,5,197458,13,0.9490474681988021,0.9416607834678885,0.00738668473091364,0.00738668473091364,0.03750164591963861,0.017998764294179015,0.00048111497128503275,0.058947438257783084,0.0006925864092675351,0.03168109290747966,0.03127806528768036,-0.003994678563730107
123,imports,low_density,random,0.01,5,120000,13,0.8705974364123817,0.8606480374321006,0.009949398980281132,0.009949398980281132,0.04095833333333333,0.02875,0.00021666666666666666,0.039403353282470646,0.0008013808408334361,0.03968976307143441,0.03783529230081638,-0.011467476391967716
123,imports,high_density,random,0.01,6,162542,13,0.7902785520771634,0.7609923859555902,0.0292861661215732,0.0292861661215732,0.0012119944383605467,0.0,0.0011566241340699634,0.0,0.0026708718691841053,0.007970510137750002,-0.007970510137750002,-0.002694750100369468
123,imports,mid_density,random,0.01,6,197458,13,0.9490474681988021,0.9446472009206386,0.004400267278163561,0.004400267278163561,0.03359195373193287,0.0010432598324707026,0.02401016925118253,0.0034167620374516926,0.03456370701407773,0.02875380770917323,-0.026222210465949664,0.0013400427590412008
123,imports,low_density,random,0.01,6,120000,13,0.8705974364123817,0.8692776371611874,0.001319799251194298,0.001319799251194298,0.035741666666666665,0.0020416666666666665,0.013975,0.0027982091461464663,0.051689064233756625,0.0328234969529501,-0.027648760596681792,0.0060254361537785735
123,imports,high_density,random,0.01,7,162542,13,0.7902785520771634,0.7894280767694918,0.0008504753076715721,0.0008504753076715721,0.0,0.0,0.0,0.0,0.0,0.0023436364163080584,-0.0017380353680993429,0.00039534656309074084
123,imports,mid_density,random,0.01,7,197458,13,0.9490474681988021,0.9470346120157337,0.0020128561830684566,0.0020128561830684566,0.013511734140931236,0.0034133841120643376,0.005748057814826444,0.011179114627390489,0.008274584994933184,0.011313261248811851,0.0005085560079368854,0.0007065372164240982
123,imports,low_density,random,0.01,7,120000,13,0.8705974364123817,0.8674258547270469,0.0031715816853348233,0.0031715816853348233,0.015391666666666666,0.006891666666666667,0.0026666666666666666,0.00944538352597195,0.009863148810257676,0.013760419294583447,0.004906001276413643,-0.002007841048862977
123,imports,high_density,random,0.01,8,162542,13,0.7902785520771634,0.7359749878095468,0.05430356426761651,0.05430356426761651,0.01835217974431224,0.0,0.01583590702710684,0.0,0.03656821378340366,0.027865688989683588,-0.027801496744397927,-0.002771084886066245
123,imports,mid_density,random,0.01,8,197458,13,0.9490474681988021,0.945626959578365,0.0034205086204371904,0.0034205086204371904,0.06882476273435363,0.00023296093346433165,0.05007140759047494,0.0007629662802076595,0.0720800192466118,0.06920630078293076,-0.06807166146297809,0.007218216932971299
123,imports,low_density,random,0.01,8,120000,13,0.8705974364123817,0.8671056278072597,0.003491808605121993,0.003491808605121993,0.08075,0.00021666666666666666,0.03969166666666667,0.0002969528073461556,0.14680680557267908,0.07435938551884017,-0.07360712242803319,0.015671410060869303
123,imports,high_density,random,0.01,9,162542,13,0.7902785520771634,0.7901608964488891,0.00011765562827426024,0.00011765562827426024,0.0,0.0,0.0,0.0,0.0,0.0016722249397207482,0.0014916093935602082,0.0011145265639702468
123,imports,mid_density,random,0.01,9,197458,13,0.9490474681988021,0.9472133527063549,0.0018341154924472747,0.0018341154924472747,0.016687092951412453,0.007490200447690142,0.0008812000526694284,0.024531024531024532,0.0012685266864479066,0.014540859193530223,0.013785168123563828,-0.0007249996350778187
123,imports,low_density,random,0.01,9,120000,13,0.8705974364123817,0.8682962154973762,0.0023012209150055085,0.0023012209150055085,0.023175,0.014608333333333333,0.000225,0.02002147197222349,0.0008322031808654913,0.02224414437550253,0.02053515642347566,-0.00455285847902748
123,imports,high_density,random,0.01,10,162542,13,0.7902785520771634,0.8152022115955285,-0.02492365951836517,-0.02492365951836517,0.015239138191974998,0.0034698724022098905,0.0,0.00612025652990136,0.0,0.008109681888291191,0.00804433822167073,-0.0020258640273360484
123,imports,mid_density,random,0.01,10,197458,13,0.9490474681988021,0.9478966609297044,0.0011508072690977755,0.0011508072690977755,0.02602072339434209,0.009627363793819446,0.0003848919770280262,0.03153041084075567,0.0005540691274140281,0.022058993883370074,0.019596215836913282,-0.0017958912535652545
123,imports,low_density,random,0.01,10,120000,13,0.8705974364123817,0.8694574885920168,0.0011399478203649727,0.0011399478203649727,0.029958333333333333,0.017708333333333333,0.0009583333333333333,0.024270181369637718,0.003544569103686352,0.02723142926890706,0.022590817264766354,-0.004665286002788288
123,imports,high_density,random,0.01,11,162542,13,0.7902785520771634,0.7824806762597616,0.007797875817401767,0.007797875817401767,0.0,0.0,0.0,0.0,0.0,0.004326747583101215,-0.003048633996206965,-0.0010631623567643128
123,imports,mid_density,random,0.01,11,197458,13,0.9490474681988021,0.9475231339579682,0.00152433424083398,0.00152433424083398,0.017689837838932836,0.004512351993841728,0.004593381883742365,0.014778325123152709,0.006612377612691099,0.01576301106741724,7.188348060707875e-06,-0.00315867314749424
123,imports,low_density,random,0.01,11,120000,13,0.8705974364123817,0.8683501063643202,0.0022473300480615466,0.0022473300480615466,0.020175,0.009675,0.0022416666666666665,0.013260084974187947,0.008291209468622858,0.017434868977104737,0.008182763366682763,-0.0024677475991053697
123,imports,high_density,random,0.01,12,162542,13,0.7902785520771634,0.772755293753761,0.017523258323402402,0.017523258323402402,0.0,0.0,0.0,0.0,0.0,0.004530151526480759,-0.004188347184983997,-0.0006428972544029998
123,imports,mid_density,random,0.01,12,197458,13,0.9490474681988021,0.9475928255526898,0.0014546426461123918,0.0014546426461123918,0.014747439961915952,0.0025017978506821706,0.005697414133638546,0.008193594400490951,0.008201681162378707,0.012464599713046538,-0.002247975451737603,-0.0012544451292481646
123,imports,low_density,random,0.01,12,120000,13,0.8705974364123817,0.8681106485072162,0.002486787905165544,0.002486787905165544,0.015933333333333334,0.005441666666666667,0.0035833333333333333,0.007458083969116908,0.01325360621378375,0.01593633599553133,-0.0003181907342569581,-0.0007699158375818302
123,imports,high_density,random,0.01,13,162542,13,0.7902785520771634,0.7902478353218617,3.071675530164075e-05,3.071675530164075e-05,0.0,0.0,0.0,0.0,0.0,0.001901351109940399,-0.0001386347267190928,0.00035687542308327446
123,imports,mid_density,random,0.01,13,197458,13,0.9490474681988021,0.9482434720948408,0.000803996103961313,0.000803996103961313,0.007236982041750651,0.0013623150239544613,0.002952526613254464,0.004461694116866531,0.004250293437926032,0.0071385834998828985,-0.0016651053421459885,-0.0009246836041335537
123,imports,low_density,random,0.01,13,120000,13,0.8705974364123817,0.8693915406970438,0.0012058957153379124,0.0012058957153379124,0.015191666666666666,0.005525,0.0033833333333333332,0.0075722965873269675,0.012513870053014424,0.013510268956017136,0.0013209853171235986,-0.0007646653353266813
123,imports,high_density,random,0.01,14,162542,13,0.7902785520771634,0.7894027995712906,0.0008757525058727955,0.0008757525058727955,0.0,0.0,0.0,0.0,0.0,0.006728651138466479,-0.0040196160511948445,-0.003613225949989874
123,imports,mid_density,random,0.01,14,197458,13,0.9490474681988021,0.9491005010180855,-5.303281928337178e-05,-5.303281928337178e-05,0.023316350818908326,0.002253643812861469,0.009733715524314032,0.007380869449834967,0.014012116616970554,0.015284713426865194,-0.005456625643153456,-0.0027999369446512065
123,imports,low_density,random,0.01,14,120000,13,0.8705974364123817,0.8708534013089398,-0.00025596489655810295,-0.00025596489655810295,0.0185,0.001975,0.006625,0.0027068390515784186,0.02450376032548391,0.01575289627932772,-0.010024855669866703,0.0015823156336475382
123,imports,high_density,random,0.01,15,162542,13,0.7902785520771634,0.7947690863742326,-0.0044905342970692486,-0.0044905342970692486,0.0,0.0,0.0,0.0,0.0,0.0029533342180451554,0.0007904146711144515,-0.0021721584738687446
123,imports,mid_density,random,0.01,15,197458,13,0.9490474681988021,0.9481982302673064,0.0008492379314957166,0.0008492379314957166,0.010766846620547154,0.0022080644997923607,0.001144547194846499,0.0072315934384899905,0.001647626615731189,0.0077686866865575585,-0.0009623345198992608,-0.0014937199599051538
123,imports,low_density,random,0.01,15,120000,13,0.8705974364123817,0.8706342661446274,-3.682973224561348e-05,-3.682973224561348e-05,0.015716666666666667,0.0020166666666666666,0.005458333333333333,0.0027639453606834482,0.020188632720996177,0.013787065256424423,-0.007511865587534741,0.001125403029829265
123,imports,high_density,random,0.01,16,162542,13,0.7902785520771634,0.8137415178492435,-0.02346296577208018,-0.02346296577208018,0.0009105338927784818,0.0001230451206457408,0.0,0.00021703037340075744,0.0,0.004506123125538824,0.004487707718794296,-0.0006403453970251467
123,imports,mid_density,random,0.01,16,197458,13,0.9490474681988021,0.9481242137295933,0.0009232544692088229,0.0009232544692088229,0.018110180392792392,0.006765995806703198,1.5193104356369456e-05,0.022159194572987675,2.1871149766343215e-05,0.01482142485171007,0.01432467850663271,-0.001460193313823713
123,imports,low_density,random,0.01,16,120000,13,0.8705974364123817,0.870951222705571,-0.00035378629318927324,-0.00035378629318927324,0.013625,0.008233333333333334,0.00014166666666666668,0.011284206679153913,0.000523979780544939,0.01299984714321065,0.010841763002148966,-0.0014964868568995444
123,imports,high_density,random,0.01,17,162542,13,0.7902785520771634,0.7818647190298244,0.008413833047339003,0.008413833047339003,0.0009105338927784818,0.0001230451206457408,0.0,0.00021703037340075744,0.0,0.002280887632396816,-0.0003164652360609038,0.00016975005753947406
123,imports,mid_density,random,0.01,17,197458,13,0.9490474681988021,0.9475278119871433,0.0015196562116588375,0.0015196562116588375,0.005975954380171986,0.0015395679081121048,0.002476476010088221,0.005042211938763663,0.0035649974119139442,0.007461153902756677,-0.0020882644145988937,0.001130114666967774
123,imports,low_density,random,0.01,17,120000,13,0.8705974364123817,0.866800545922797,0.003796890489584759,0.003796890489584759,0.015125,0.007583333333333333,0.0023,0.010393348257115445,0.008506965848847244,0.014115690877028582,0.0064663819502836185,-0.0027363448380855232
123,imports,high_density,random,0.01,18,162542,13,0.7902785520771634,0.8136264207429521,-0.02334786866578875,-0.02334786866578875,0.0,0.0,0.0,0.0,0.0,0.00472029123917563,0.0039446923150298855,0.00020894924228764952
123,imports,mid_density,random,0.01,18,197458,13,0.9490474681988021,0.9482757299034865,0.0007717382953156271,0.0007717382953156271,0.016074304409038884,0.003545057683152873,0.006811575119772306,0.011610356437942644,0.00980556547857721,0.01446229804234806,0.00563183244838743,0.001147341355978647
123,imports,low_density,random,0.01,18,120000,13,0.8705974364123817,0.8718596136304985,-0.0012621772181167223,-0.0012621772181167223,0.020858333333333333,0.0054,0.004633333333333333,0.007400977660011878,0.01713722105782271,0.018700864652828456,-0.0017612602018364058,0.001590448664368274
123,imports,high_density,random,0.01,19,162542,13,0.7902785520771634,0.7903729084439106,-9.435636674726133e-05,-9.435636674726133e-05,0.0018026110174601026,0.0,0.0010212745013596486,0.0,0.0023583230334285185,0.005573991050941992,-0.0032667068929536883,-0.0038355663719125666
123,imports,mid_density,random,0.01,19,197458,13,0.9490474681988021,0.9480387914198651,0.0010086767789370121,0.0010086767789370121,0.02600553028998572,0.0015699541168248438,0.012909074334795248,0.005141729279660314,0.018583186918136287,0.01538207061740962,-0.0102019308458561,-0.003852317664080513
123,imports,low_density,random,0.01,19,120000,13,0.8705974364123817,0.8677554850726066,0.0028419513397751617,0.0028419513397751617,0.017075,0.0029666666666666665,0.005891666666666667,0.004065969208278131,0.02179139440266305,0.015838944322502692,-0.007312068768152754,0.0004766905227529521
123,imports,high_density,random,0.01,20,162542,13,0.7902785520771634,0.8084341029516225,-0.018155550874459192,-0.018155550874459192,0.0009105338927784818,0.0001230451206457408,0.0,0.00021703037340075744,0.0,0.0033177163520062797,0.003081262246277266,0.0013988191715547096
123,imports,mid_density,random,0.01,20,197458,13,0.9490474681988021,0.9486787452548041,0.0003687229439980344,0.0003687229439980344,0.01116693170193155,0.0031044576568181586,0.00036463450455286695,0.010167354994941202,0.0005249075943922372,0.00711732195346058,0.0046227446818612955,0.0011467012274860922
123,imports,low_density,random,0.01,20,120000,13,0.8705974364123817,0.8692852779726725,0.0013121584397092212,0.0013121584397092212,0.013991666666666666,0.006966666666666667,0.001725,0.009548174882361003,0.006380224386635433,0.011839827009858734,0.008103227541493332,-0.0015614374516327999
123,imports,high_density,important,0.05,0,162542,65,0.7902785520771634,0.7184486355491915,0.07182991652797188,0.07182991652797188,0.03530164511326303,0.0,0.031185785827663005,0.0,0.07201409311113953,0.05586220295804401,-0.052864991814791054,-0.006981353388220403
123,imports,mid_density,important,0.05,0,197458,65,0.9490474681988021,0.8840056140403338,0.0650418541584683,0.0650418541584683,0.23760495902926193,0.01783670451437774,0.17954704291545545,0.05841667910633428,0.2584659575553887,0.1879452045317353,-0.1384699610484051,-0.04426654284804745
123,imports,low_density,important,0.05,0,120000,65,0.8705974364123817,0.7769706294923008,0.09362680692008096,0.09362680692008096,0.172025,0.039841666666666664,0.082375,0.054605052766229616,0.304678831216866,0.1576398634689189,-0.06114527131439906,-0.015097829713448793
123,imports,high_density,random,0.05,1,162542,65,0.7902785520771634,0.8114497499953334,-0.021171197918170015,-0.021171197918170015,0.03586150041220115,0.008945380270945356,0.0,0.015778108146235065,0.0,0.01789954474150806,0.017186421062082995,0.003076402503602128
123,imports,mid_density,random,0.05,1,197458,65,0.9490474681988021,0.9433144488247216,0.00573301937408055,0.00573301937408055,0.041127733492692116,0.01732520333437997,0.0007849770584124219,0.056741470534573984,0.0011300094045943996,0.04025569555115974,0.03537909920484797,-0.005164941838518397
123,imports,low_density,random,0.05,1,120000,65,0.8705974364123817,0.8650235473370171,0.005573889075364602,0.005573889075364602,0.0589,0.03589166666666667,0.0027833333333333334,0.04919137466307277,0.010294661570706447,0.054937946490268695,0.044710470922567865,-0.008922365749489996
123,imports,high_density,random,0.05,2,162542,65,0.7902785520771634,0.7916398942030687,-0.0013613421259053293,-0.0013613421259053293,0.0009105338927784818,0.0001230451206457408,0.0,0.00021703037340075744,0.0,0.006320456125262981,0.0011717723310239996,0.0002492191633405697
123,imports,mid_density,random,0.05,2,197458,65,0.9490474681988021,0.9442117061144509,0.004835762084351214,0.004835762084351214,0.032629723789362804,0.010462984533419765,0.005464453200174214,0.03426713771541358,0.00786632353262811,0.032081180391716244,0.012296141475058343,-0.004558012686077091
123,imports,low_density,random,0.05,2,120000,65,0.8705974364123817,0.8652690770078276,0.005328359404554117,0.005328359404554117,0.053733333333333334,0.025975,0.006483333333333333,0.03560007309607566,0.02397978054493897,0.048039319821757145,0.025178731966859026,-0.0054686599919417204
123,imports,high_density,random,0.05,3,162542,65,0.7902785520771634,0.801973461094957,-0.011694909017793687,-0.011694909017793687,0.027156058126514993,0.005900013534963271,0.0003752876179695094,0.010406606404566318,0.0008666126809586725,0.015400538547231637,0.010337037435457304,-0.0033833830034679874
123,imports,mid_density,random,0.05,3,197458,65,0.9490474681988021,0.932043075800509,0.0170043923982931,0.0170043923982931,0.08241246239706672,0.047053044191676205,0.002451154169494272,0.15410260237846446,0.0035285454956367054,0.06814656985288009,0.0540745920109356,-0.0015417227715118485
123,imports,low_density,random,0.05,3,120000,65,0.8705974364123817,0.863926842179689,0.006670594232692784,0.006670594232692784,0.09235833333333333,0.05926666666666667,0.0023083333333333332,0.08122801407099456,0.0085377881888793,0.08316093265381554,0.07476801557939718,-0.00897609931367175
123,imports,high_density,random,0.05,4,162542,65,0.7902785520771634,0.823893029159738,-0.0336144770825747,-0.0336144770825747,0.014636217100810867,0.0033468272815641497,0.00030761280161435196,0.0059032261565006025,0.0007103382630808792,0.00883145396088792,0.006839075255824293,-0.002599732932922311
123,imports,mid_density,random,0.05,4,197458,65,0.9490474681988021,0.943627094185701,0.005420374013101137,0.005420374013101137,0.029717712121058656,0.009536205167681229,0.008189083248083137,0.031231858818065714,0.011788549724058994,0.030668569057884804,0.014178079244764417,-0.00013873486684572083
123,imports,low_density,random,0.05,4,120000,65,0.8705974364123817,0.864020652194294,0.006576784218087717,0.006576784218087717,0.04684166666666666,0.021741666666666666,0.007,0.029798072091004615,0.025890765626926396,0.04379173524486376,0.016105428140826116,-0.004873414183724
123,imports,high_density,random,0.05,5,162542,65,0.7902785520771634,0.8261075948923864,-0.03582904281522303,-0.03582904281522303,0.06853613219967762,0.028294225492488095,0.0,0.04990613436350417,0.0,0.04104764548735479,0.04095728468633204,0.013729780485874999
123,imports,mid_density,random,0.05,5,197458,65,0.9490474681988021,0.928683353385007,0.020364114813795187,0.020364114813795187,0.16263205339869743,0.10422469588469446,0.00029373335088980947,0.34134447927551376,0.00042284222881596887,0.1340356486630756,0.13297033061960437,0.010981720230882534
123,imports,low_density,random,0.05,5,120000,65,0.8705974364123817,0.8490134130349754,0.02158402337740639,0.02158402337740639,0.1938,0.149025,3.3333333333333335e-05,0.20424642514505004,0.00012328936012822092,0.17872412908471402,0.17836853278757656,-0.02167352361881287
123,imports,high_density,random,0.05,6,162542,65,0.7902785520771634,0.8182136505519867,-0.02793509847482334,-0.02793509847482334,0.0317087275904074,0.010981777017632366,0.0,0.0193699608260176,0.0,0.01643298656816943,0.014758987671712399,-0.0026919489160171528
123,imports,mid_density,random,0.05,6,197458,65,0.9490474681988021,0.9419707399324744,0.00707672826632777,0.00707672826632777,0.04320412442139594,0.017355589543092707,0.0034741565294898157,0.056840987875470636,0.005001202913237149,0.0396239501831879,0.031020054769079635,-0.005411478642976845
123,imports,low_density,random,0.05,6,120000,65,0.8705974364123817,0.8652295447411534,0.005367891671228309,0.005367891671228309,0.06748333333333334,0.041183333333333336,0.0022833333333333334,0.05644387591941158,0.008445321168783134,0.06283986504423346,0.05327471526076966,-0.010166450647872511
123,imports,high_density,random,0.05,7,162542,65,0.7902785520771634,0.7867289803760481,0.0035495717011152506,0.0035495717011152506,0.016075845012366034,0.0021348328432036026,0.01136936914766645,0.0037654769785031416,0.02625410220346929,0.01104330881978527,0.0024447985284399443,0.0009828524877388703
123,imports,mid_density,random,0.05,7,197458,65,0.9490474681988021,0.9390643579276715,0.009983110271130635,0.009983110271130635,0.07423350788522116,0.028168015476708972,0.01170375472252327,0.0922525750111957,0.016848075703339724,0.05735689901634027,0.03969697519541453,-0.0042682927821508804
123,imports,low_density,random,0.05,7,120000,65,0.8705974364123817,0.8701828429185352,0.0004145934938465379,0.0004145934938465379,0.0675,0.03695,0.004416666666666667,0.05064187491434054,0.016335840216989275,0.06109910946056613,0.040872836498344084,-0.004999049809526833
123,imports,high_density,random,0.05,8,162542,65,0.7902785520771634,0.7885598001859205,0.0017187518912428201,0.0017187518912428201,0.00775184260068167,0.00297153966359464,0.0,0.005241283517628292,0.0,0.012282089992383035,-0.006228541535538025,-0.008336342338317168
123,imports,mid_density,random,0.05,8,197458,65,0.9490474681988021,0.9470822753857051,0.0019651928130970386,0.0019651928130970386,0.04393339343050168,0.0030892645524617894,0.022754205957722654,0.010117596324492877,0.03275569196672669,0.03559089036197105,-0.018709189306369053,-0.006365235514033878
123,imports,low_density,random,0.05,8,120000,65,0.8705974364123817,0.8687989724443802,0.0017984639680015402,0.0017984639680015402,0.037083333333333336,0.007216666666666666,0.011958333333333333,0.009890812736991182,0.04423005794599926,0.03439126749852811,-0.012278327841248146,-0.0006628378117136546
123,imports,high_density,random,0.05,9,162542,65,0.7902785520771634,0.7956206727489041,-0.00534212067174078,-0.00534212067174078,0.03408965067490249,0.004195838614019761,0.008151739242780327,0.007400735732965829,0.018823963971643296,0.015555516379306668,-0.0039147216654050136,0.00025610429921008027
123,imports,mid_density,random,0.05,9,197458,65,0.9490474681988021,0.9395947963994766,0.009452671799325518,0.009452671799325518,0.0327816548329265,0.011794913348661487,0.006517841768882497,0.03862931449138346,0.00938272324976124,0.037905305589764814,0.009951249100728822,0.003969555369327962
123,imports,low_density,random,0.05,9,120000,65,0.8705974364123817,0.8691731930238759,0.0014242433885058858,0.0014242433885058858,0.05644166666666667,0.029833333333333333,0.0036166666666666665,0.040888117319201424,0.013376895573911972,0.05096814067017315,0.03319030883479706,-0.006522625060834663
123,imports,high_density,random,0.05,10,162542,65,0.7902785520771634,0.7963153819206318,-0.0060368298434684275,-0.0060368298434684275,0.010809513848728329,0.0015872820563300563,0.0008674681005524726,0.002799691816869771,0.002003153901888079,0.016989623863514092,-0.004062183476142291,-0.002424113186780644
123,imports,mid_density,random,0.05,10,197458,65,0.9490474681988021,0.9358222763315673,0.013225191867234809,0.013225191867234809,0.05169200538848768,0.011222639751238238,0.022227511673368512,0.03675507123782986,0.03199749210816013,0.053972823624196906,-0.014378216486682194,-0.00952016775272687
123,imports,low_density,random,0.05,10,120000,65,0.8705974364123817,0.8579490352727261,0.012648401139655596,0.012648401139655596,0.06465833333333333,0.023383333333333332,0.018183333333333333,0.03204806066974279,0.06725434594994452,0.05922880563355135,0.0004397276667874801,-0.00867970716093404
123,imports,high_density,random,0.05,11,162542,65,0.7902785520771634,0.8133763612937375,-0.023097809216574117,-0.023097809216574117,0.0452375386054066,0.014642369356843155,0.0,0.025826614434690136,0.0,0.027342885004319806,0.026063837112095024,0.006980812224213142
123,imports,mid_density,random,0.05,11,197458,65,0.9490474681988021,0.9351506079812097,0.0138968602175924,0.0138968602175924,0.0909256652047524,0.050593037506710285,0.0020206828793971378,0.16569637259292433,0.002908862918923648,0.07458900358197895,0.06360842468276137,-0.0033025070246909456
123,imports,low_density,random,0.05,11,120000,65,0.8705974364123817,0.86474458009519,0.00585285631719179,0.00585285631719179,0.09415,0.060075,0.0024333333333333334,0.08233587646763214,0.009000123289360128,0.08393655446376135,0.07414497958557197,-0.00899903412548126
123,imports,high_density,random,0.05,12,162542,65,0.7902785520771634,0.7556740501650593,0.03460450191210407,0.03460450191210407,0.011843092862152552,0.0,0.009714412274981236,0.0,0.02243248234809416,0.022984301404652067,-0.02162074145388076,-0.001551236947311297
123,imports,mid_density,random,0.05,12,197458,65,0.9490474681988021,0.9423813644119725,0.006666103786829636,0.006666103786829636,0.05412290208550679,0.0031044576568181586,0.03430602963668223,0.010167354994941202,0.049385056172402984,0.04934801987218513,-0.03924813717137005,-0.006738977022188923
123,imports,low_density,random,0.05,12,120000,65,0.8705974364123817,0.8674316417484708,0.0031657946639109813,0.0031657946639109813,0.062775,0.0027916666666666667,0.026941666666666666,0.003826122710037005,0.09964862532363457,0.056627433194858995,-0.04829460503883428,0.005559099077526304
123,imports,high_density,random,0.05,13,162542,65,0.7902785520771634,0.7619213212165834,0.02835723086057995,0.02835723086057995,0.009486778801786616,0.0006090733471964169,0.00791795351355342,0.0010743003483337493,0.01828410689170183,0.01122864625854434,-0.007934460608475207,-0.00246082334866495
123,imports,mid_density,random,0.05,13,197458,65,0.9490474681988021,0.9357272757126649,0.01332019248613725,0.01332019248613725,0.04590343262871092,0.008579039593229953,0.02681582918899209,0.0280970625798212,0.038602579337595776,0.042201646300994156,-0.009973970178754574,-0.005005441709016362
123,imports,low_density,random,0.05,13,120000,65,0.8705974364123817,0.8544621008751978,0.016135335537183937,0.016135335537183937,0.055175,0.028791666666666667,0.008608333333333334,0.03946045959157568,0.031839477253113056,0.05329226101231276,0.02440656343847013,-0.00859282067247787
123,imports,high_density,random,0.05,14,162542,65,0.7902785520771634,0.8148851662298457,-0.024606614152682393,-0.024606614152682393,0.01818606883144049,0.004681866840570437,0.00030761280161435196,0.00825800570789882,0.0007103382630808792,0.009883016527038857,0.005730750901248951,-0.003282273108180943
123,imports,mid_density,random,0.05,14,197458,65,0.9490474681988021,0.9411472733624966,0.007900194836305552,0.007900194836305552,0.04632883955068926,0.015223490565082196,0.008275177506102564,0.04985818778922227,0.011912486239401606,0.04045248917870275,0.019803559918991024,-0.003557992856874467
123,imports,low_density,random,0.05,14,120000,65,0.8705974364123817,0.8632368915118235,0.0073605449005582635,0.0073605449005582635,0.05605,0.03045,0.004725,0.04173329069395587,0.017476266798175318,0.05217667728813427,0.03205248993692205,-0.008400551394542372
123,imports,high_density,random,0.05,15,162542,65,0.7902785520771634,0.7820229837175743,0.008255568359589072,0.008255568359589072,0.0005475507868735465,0.0,0.0004921804825829632,0.0,0.0011365412209294065,0.009761213438336008,-0.009031656833478634,-0.0015543319043185677
123,imports,mid_density,random,0.05,15,197458,65,0.9490474681988021,0.9449556571317033,0.004091811067098883,0.004091811067098883,0.03925898165685868,0.0010230023599955434,0.025757376252165017,0.0033504171435205917,0.0370788892372072,0.040855461569099916,-0.03383659945073405,0.003918631429966551
123,imports,low_density,random,0.05,15,120000,65,0.8705974364123817,0.8595074904566493,0.011089945955732428,0.011089945955732428,0.0459,0.008375,0.017641666666666667,0.011478368130111015,0.06525089384786092,0.04312275231462406,-0.020456385841526287,0.0011609379921232958
123,imports,high_density,random,0.05,16,162542,65,0.7902785520771634,0.6189602922625254,0.171318259814638,0.171318259814638,0.08356609368655486,0.0,0.07926566671998622,0.0,0.18303996363068092,0.08330781600101318,-0.08257212910500289,0.00710192001907208
123,imports,mid_density,random,0.05,16,197458,65,0.9490474681988021,0.9384907553349597,0.01055671286384241,0.01055671286384241,0.2890893253248792,0.00010128736237579637,0.25336020824681704,0.00033172446965550414,0.3647232935035395,0.23848664059847305,-0.23779439048698284,-0.0005591538328178682
123,imports,low_density,random,0.05,16,120000,65,0.8705974364123817,0.8553548187197779,0.015242617692603821,0.015242617692603821,0.18849166666666667,0.0003083333333333333,0.1144,0.0004225866873772214,0.4231290839600542,0.1810030010308427,-0.18041064422834777,0.04666169846375898
123,imports,high_density,random,0.05,17,162542,65,0.7902785520771634,0.759306428655229,0.03097212342193434,0.03097212342193434,0.01634039202175438,0.0,0.013854880584710414,0.0,0.0319936353691628,0.022793254933256353,-0.021453624341088367,-0.005599500791693153
123,imports,mid_density,random,0.05,17,197458,65,0.9490474681988021,0.9449530872205172,0.004094380978284962,0.004094380978284962,0.06360339920388133,0.0007039471685117848,0.04433347851188607,0.0023054850641057536,0.0638200150181895,0.06693979048139248,-0.0627854184617736,0.003853821314135106
123,imports,low_density,random,0.05,17,120000,65,0.8705974364123817,0.8662640060633313,0.004333430349050427,0.004333430349050427,0.07749166666666667,0.00355,0.03525,0.00486545753574855,0.13037849833559365,0.07243832256482038,-0.06284281814909079,0.01314597131169122
123,imports,high_density,random,0.05,18,162542,65,0.7902785520771634,0.7963334286271774,-0.006054876550014021,-0.006054876550014021,0.019127364004380407,0.008742355821879884,0.0,0.015420008030123816,0.0,0.014630805494183923,0.010424242529929757,0.0019194388534034366
123,imports,mid_density,random,0.05,18,197458,65,0.9490474681988021,0.9361440093086616,0.012903458890140551,0.012903458890140551,0.05808830232251922,0.028092049954927124,0.003317161117807331,0.09200378165895408,0.004775201032318269,0.053317170577419706,0.04009876436003696,-0.003267586056620899
123,imports,low_density,random,0.05,18,120000,65,0.8705974364123817,0.8643750140565586,0.006222422355823154,0.006222422355823154,0.063075,0.038075,0.002225,0.05218374526017634,0.008229564788558748,0.05819347234924166,0.047317205976394994,-0.00769269648759261
123,imports,high_density,random,0.05,19,162542,65,0.7902785520771634,0.7715451059184679,0.018733446158695433,0.018733446158695433,0.0007198139557775836,0.0,0.0005783120670349817,0.0,0.0013354359345920527,0.014200567424251185,-0.011417460705220948,-0.004098145050419395
123,imports,mid_density,random,0.05,19,197458,65,0.9490474681988021,0.9435494324563602,0.005498035742441898,0.005498035742441898,0.04868377072592653,0.0027296944160277122,0.028086985586808333,0.008939974457215836,0.040432465534713156,0.045331361433787395,-0.03232380723410524,-0.0007376906672497986
123,imports,low_density,random,0.05,19,120000,65,0.8705974364123817,0.8642693687928343,0.006328067619547406,0.006328067619547406,0.05430833333333333,0.006366666666666666,0.021433333333333332,0.008725844031248573,0.07927505856244606,0.0500494204213688,-0.03132723080503916,0.007002735150112035
123,imports,high_density,random,0.05,20,162542,65,0.7902785520771634,0.7725674014862821,0.01771115059088124,0.01771115059088124,0.013922555401065571,0.004201990870052048,0.0035129381944359,0.0074115872516358665,0.008112062964383639,0.016087745889892625,-0.007704954215230777,-0.0033100671691413553
123,imports,mid_density,random,0.05,20,197458,65,0.9490474681988021,0.9445610519426153,0.004486416256186843,0.004486416256186843,0.044809529115052316,0.003094328920580579,0.023589826697322975,0.010134182547975651,0.033958605203875565,0.04037378082668784,-0.025806680782386637,-0.004070105021439818
123,imports,low_density,random,0.05,20,120000,65,0.8705974364123817,0.8668389203627505,0.0037585160496312886,0.0037585160496312886,0.06015,0.00295,0.025908333333333332,0.004043126684636119,0.09582665515965973,0.05555290445983495,-0.04640811375103393,0.010143402022014357
123,imports,high_density,important,0.1,0,162542,129,0.7902785520771634,0.7055990291467878,0.0846795229303755,0.0846795229303755,0.05180814804788916,0.0,0.04774765906657971,0.0,0.11025870519541406,0.06944352787756519,-0.06481852273765577,-0.01736778158776
123,imports,mid_density,important,0.1,0,197458,129,0.9490474681988021,0.8375977091058354,0.11144975909296673,0.11144975909296673,0.2798924328211569,0.03336405716658732,0.20198725804981313,0.10927004030452306,0.29076964576027764,0.23516473737633953,-0.15870328938152678,-0.10101874919440292
123,imports,low_density,important,0.1,0,120000,129,0.8705974364123817,0.7551727401358528,0.11542469627652896,0.11542469627652896,0.19580833333333333,0.06631666666666666,0.07663333333333333,0.09089040157156562,0.28344223893477993,0.18095407212213283,-0.016197783152121763,-0.0401404988835142
123,imports,high_density,random,0.1,1,162542,129,0.7902785520771634,0.7737227172266204,0.016555834850542905,0.016555834850542905,0.02693457690935266,0.008810030638235041,0.01564518709010594,0.015539374735494233,0.03612780406029351,0.027197719398522172,-0.017626103871107347,9.936173248430704e-06
123,imports,mid_density,random,0.1,1,197458,129,0.9490474681988021,0.9252912611890078,0.023756207009794306,0.023756207009794306,0.07038965248305969,0.011784784612423908,0.03856516322458447,0.03859614204441791,0.055516268490234534,0.07516072846697441,-0.03881718353247137,0.002734567468543014
123,imports,low_density,random,0.1,1,120000,129,0.8705974364123817,0.8390152593056754,0.0315821771067063,0.0315821771067063,0.0914,0.018333333333333333,0.035783333333333334,0.025126776006213165,0.13235112809764518,0.08526220244574254,-0.0356630071112741,-0.004844250883716682
123,imports,high_density,random,0.1,2,162542,129,0.7902785520771634,0.7859194406492765,0.004359111427886808,0.004359111427886808,0.04455463818582274,0.009216079536365985,0.008151739242780327,0.01625557496771673,0.018823963971643296,0.028897339131847596,0.005518638767804428,0.0025578684591243015
123,imports,mid_density,random,0.1,2,197458,129,0.9490474681988021,0.9334812558637631,0.015566212335039076,0.015566212335039076,0.06401361302150331,0.02233892777198189,0.016778251577550668,0.07316183178252143,0.024153039725298357,0.05756057078612912,0.010989161554701008,-0.009567933496437017
123,imports,low_density,random,0.1,2,120000,129,0.8705974364123817,0.8688818065151338,0.001715629897247939,0.001715629897247939,0.07356666666666667,0.031208333333333334,0.010566666666666667,0.042772625519667415,0.039082727160646036,0.06632397924659258,0.018541351520504696,-0.004268845593980085
123,imports,high_density,random,0.1,3,162542,129,0.7902785520771634,0.7832912809582043,0.006987271118959026,0.006987271118959026,0.026110174601026197,0.004872586777571335,0.008151739242780327,0.008594402786669994,0.018823963971643296,0.02046782108240682,-0.00648780863416859,-3.209871125727748e-05
123,imports,mid_density,random,0.1,3,197458,129,0.9490474681988021,0.9232474204841139,0.025800047714688246,0.025800047714688246,0.08295434978577723,0.036220360785584785,0.018110180392792392,0.11862467034880828,0.026070410521481114,0.07671175087490645,0.015161101691395128,-0.01477871794871632
123,imports,low_density,random,0.1,3,120000,129,0.8705974364123817,0.843499602458136,0.027097833954245698,0.027097833954245698,0.095775,0.056925,0.012041666666666668,0.07801863949929189,0.04453828134631981,0.08871411565224824,0.049819294582287815,-0.017605059202246753
123,imports,high_density,random,0.1,4,162542,129,0.7902785520771634,0.8275169994919822,-0.037238447414818854,-0.037238447414818854,0.019508803878382202,0.0025531862533991214,0.011640068413087078,0.004503380248065717,0.026879199874980466,0.02290448604769823,-0.0005387495728770975,-0.01059136069804041
123,imports,mid_density,random,0.1,4,197458,129,0.9490474681988021,0.9366130057058533,0.012434462492948883,0.012434462492948883,0.06338563137477336,0.007626938386897467,0.038089112621418224,0.02497885256505946,0.054830972464222444,0.06165889342089506,-0.028537939510930924,-0.011513065500244833
123,imports,low_density,random,0.1,4,120000,129,0.8705974364123817,0.8554186833011195,0.015178753111262266,0.015178753111262266,0.07976666666666667,0.018408333333333332,0.028383333333333333,0.02522956736260222,0.10498089014918012,0.07305041652916325,-0.023418959799679437,-0.004088054174599408
123,imports,high_density,random,0.1,5,162542,129,0.7902785520771634,0.8068406145761772,-0.01656206249901382,-0.01656206249901382,0.0452375386054066,0.014642369356843155,0.0,0.025826614434690136,0.0,0.040093590697785106,0.040005263014227105,0.0019774095659270937
123,imports,mid_density,random,0.1,5,197458,129,0.9490474681988021,0.9133497150497821,0.03569775314902002,0.03569775314902002,0.1691701526400551,0.10887885018586231,0.0005266942843541411,0.35658721865618415,0.0007581998585665648,0.13260831030616568,0.1275465624334273,0.0007038600798101169
123,imports,low_density,random,0.1,5,120000,129,0.8705974364123817,0.850048123594404,0.020549312817977783,0.020549312817977783,0.16558333333333333,0.11879166666666667,0.00215,0.16281008725844032,0.00795216372827025,0.15478265151641954,0.14751033607491842,-0.020017187389221744
123,imports,high_density,random,0.1,6,162542,129,0.7902785520771634,0.7077054142307393,0.08257313784642406,0.08257313784642406,0.06045206777325245,0.0,0.0564407968402013,0.0,0.1303328645100797,0.040711189022794365,-0.039151655121176604,-0.008091252566250911
123,imports,mid_density,random,0.1,6,197458,129,0.9490474681988021,0.9352583897758255,0.013789078422976608,0.013789078422976608,0.09522531373760496,0.0018788805720710228,0.07203557212166638,0.006153488912109602,0.10369841142548863,0.1016819877936403,-0.09531999461051387,0.003294513448137326
123,imports,low_density,random,0.1,6,120000,129,0.8705974364123817,0.8444236143629688,0.026173822049412987,0.026173822049412987,0.10914166666666666,0.0059,0.055091666666666664,0.008086253369272238,0.20376648995191715,0.10469926325925039,-0.08626890850256684,0.015438427967304448
123,imports,high_density,random,0.1,7,162542,129,0.7902785520771634,0.784639048241095,0.005639503836068371,0.005639503836068371,0.0019195038820735565,0.0007259662118098707,0.0003752876179695094,0.0012804792030644688,0.0008666126809586725,0.012043573397230473,-0.0017320513961807727,-0.007615798124115518
123,imports,mid_density,random,0.1,7,197458,129,0.9490474681988021,0.9306880296373848,0.018359438561417307,0.018359438561417307,0.062372757751015404,0.028547843085618207,0.008178954511845558,0.09349654177240384,0.011773968957548099,0.05837446364922155,0.0273759068599497,-0.01738618341830686
123,imports,low_density,random,0.1,7,120000,129,0.8705974364123817,0.8377935792685052,0.03280385714387657,0.03280385714387657,0.09420833333333334,0.06021666666666667,0.008125,0.08253003791858925,0.030051781531253853,0.089680409802342,0.05609482380598477,-0.020975567291721474
123,imports,high_density,random,0.1,8,162542,129,0.7902785520771634,0.7216987124882688,0.06857983958889458,0.06857983958889458,0.030435210591723987,0.0,0.026220915209607364,0.0,0.06054923354501414,0.04582375141689624,-0.04580619260105085,1.857329610671895e-05
123,imports,mid_density,random,0.1,8,197458,129,0.9490474681988021,0.9381883518917082,0.010859116307093908,0.010859116307093908,0.19177242755421406,0.0016914989516757994,0.15951240263752292,0.005539798643246919,0.22962520139683743,0.1489011795909065,-0.14303084269937338,-0.010639131506228623
123,imports,low_density,random,0.1,8,120000,129,0.8705974364123817,0.8646954571227752,0.005901979289606563,0.005901979289606563,0.11219166666666666,0.005491666666666666,0.055591666666666664,0.007526611540042944,0.20561583035384046,0.10490798107258428,-0.08919837271809757,0.014249028192868626
123,imports,high_density,random,0.1,9,162542,129,0.7902785520771634,0.7392464619226471,0.05103209015451626,0.05103209015451626,0.04121396316029088,0.0,0.03736880314011148,0.0,0.08629189219906519,0.03180662727117822,-0.030316896036237356,-0.008852168342469841
123,imports,mid_density,random,0.1,9,197458,129,0.9490474681988021,0.9345972239860963,0.014450244212705798,0.014450244212705798,0.07682646436204155,0.004071751967507014,0.05563208378490616,0.013335323680151267,0.08008486006109342,0.06993964564936142,-0.056028858873275356,-0.008784454619724654
123,imports,low_density,random,0.1,9,120000,129,0.8705974364123817,0.859389510765244,0.011207925647137795,0.011207925647137795,0.07186666666666666,0.0129,0.025608333333333334,0.017680113298917263,0.09471705091850573,0.06783567370381959,-0.031451520184074364,0.00023024617514352965
123,imports,high_density,random,0.1,10,162542,129,0.7902785520771634,0.7183576700411457,0.07192088203601765,0.07192088203601765,0.03044751510378856,0.0,0.026460853194866556,0.0,0.06110329739021722,0.03665127626493287,-0.03637760205009504,0.0019151122560509275
123,imports,mid_density,random,0.1,10,197458,129,0.9490474681988021,0.9300489225442272,0.018998545654574928,0.018998545654574928,0.17470550699389237,0.0068926050096729434,0.13655562195504867,0.022573850160057057,0.19657789409989282,0.13969553572420498,-0.11929298441536978,-0.016567170440438178
123,imports,low_density,random,0.1,10,120000,129,0.8705974364123817,0.8678456470001615,0.002751789412220207,0.002751789412220207,0.11585,0.0055,0.05873333333333333,0.00753803280186395,0.21723585254592528,0.10809707728876371,-0.09366977692753133,0.015828916206361673
123,imports,high_density,random,0.1,11,162542,129,0.7902785520771634,0.6855579784570651,0.10472057362009823,0.10472057362009823,0.047120128951286436,0.0,0.04318883734665502,0.0,0.09973149213655542,0.04647668523419935,-0.04421217120019798,-0.004184584922553738
123,imports,mid_density,random,0.1,11,197458,129,0.9490474681988021,0.9322200650264629,0.016827403172339217,0.016827403172339217,0.09349836420909763,0.0011293540904901294,0.06837909833990014,0.0036987278366588713,0.09843475471505538,0.09436745174475755,-0.08664030540306321,-0.005908554479363928
123,imports,low_density,random,0.1,11,120000,129,0.8705974364123817,0.8521760249955166,0.018421411416865152,0.018421411416865152,0.10380833333333334,0.005033333333333333,0.05151666666666667,0.006898442139887615,0.19054370607816545,0.09605740535974504,-0.0780783041805578,0.009314945574637903
123,imports,high_density,random,0.1,12,162542,129,0.7902785520771634,0.6532815531804373,0.136996998896726,0.136996998896726,0.0812713021865118,0.0,0.07697087521994316,0.0,0.17774084018809758,0.07178076644098394,-0.07142914700495402,0.00442818218715162
123,imports,mid_density,random,0.1,12,197458,129,0.9490474681988021,0.9255783651781683,0.023469103020633875,0.023469103020633875,0.24494829280150715,0.004324970373446505,0.20645403073058574,0.014164634854290026,0.2971997637915825,0.20413793520990248,-0.18880655651550754,0.004427700744860624
123,imports,low_density,random,0.1,12,120000,129,0.8705974364123817,0.8529549892690269,0.017642447143354834,0.017642447143354834,0.15978333333333333,0.0042833333333333334,0.09095,0.005870528575997076,0.3363950191098508,0.1482405741345681,-0.13660070337690985,0.027939616704623218
123,imports,high_density,random,0.1,13,162542,129,0.7902785520771634,0.6277447383806187,0.16253381369654463,0.16253381369654463,0.08819259022283471,0.0,0.08389216325626607,0.0,0.19372345110741734,0.08957322786398912,-0.08957322786398912,0.0031598371797611855
123,imports,mid_density,random,0.1,13,197458,129,0.9490474681988021,0.9347647659196153,0.01428270227918682,0.01428270227918682,0.28388315489876326,0.00010128736237579637,0.24709052051575525,0.00033172446965550414,0.3556977990332952,0.2533570984913076,-0.2529133839293028,-0.018209814409484597
123,imports,low_density,random,0.1,13,120000,129,0.8705974364123817,0.8648838681634299,0.005713568248951861,0.005713568248951861,0.185,0.0007166666666666667,0.10936666666666667,0.0009822285166065146,0.4045123905806929,0.17766952211743373,-0.1760311340579894,0.041686077443453796
123,imports,high_density,random,0.1,14,162542,129,0.7902785520771634,0.769471353398006,0.020807198679157368,0.020807198679157368,0.0019010471139766952,0.0,0.0011750809021668245,0.0,0.0027134921649689583,0.017526090822241543,-0.014621041964785812,0.006478937313764268
123,imports,mid_density,random,0.1,14,197458,129,0.9490474681988021,0.9388905774933329,0.010156890705469213,0.010156890705469213,0.048926860395628435,0.007485136079571352,0.0254180635882061,0.024514438307541755,0.0365904335590922,0.04808631710627054,-0.017724019153020104,0.0009425609831794765
123,imports,low_density,random,0.1,14,120000,129,0.8705974364123817,0.8540711771755296,0.016526259236852137,0.016526259236852137,0.06446666666666667,0.025283333333333335,0.015475,0.034652108364932155,0.05723708543952657,0.06211308049432635,0.005592430395642598,-0.009283419949451347
123,imports,high_density,random,0.1,15,162542,129,0.7902785520771634,0.8043856378094921,-0.014107085732328772,-0.014107085732328772,0.007567274919713059,0.00340834984188702,0.0,0.006011741343200981,0.0,0.013339913182915442,-0.001153339279435586,-0.0038146326201894095
123,imports,mid_density,random,0.1,15,197458,129,0.9490474681988021,0.9371640953662917,0.011883372832510397,0.011883372832510397,0.0560068470256966,0.0220857093660424,0.012321607633015628,0.07233252060838267,0.01773750246050435,0.050912261433411106,0.011972422950204505,-0.0029414163873431975
123,imports,low_density,random,0.1,15,120000,129,0.8705974364123817,0.8668330143551813,0.0037644220572004006,0.0037644220572004006,0.07026666666666667,0.033675,0.006466666666666667,0.046153319018685184,0.023918135864874863,0.06598027995813496,0.02912437060118025,-0.004771324050968385
123,imports,high_density,random,0.1,16,162542,129,0.7902785520771634,0.788692410433767,0.0015861416433963216,0.0015861416433963216,0.0165188074466907,0.0017595452252340933,0.009093034415720245,0.0031035343396308315,0.02099759905667079,0.021376333250623374,-0.012154352824140836,-0.001960220128080457
123,imports,mid_density,random,0.1,16,197458,129,0.9490474681988021,0.9363453855443609,0.012702082654441282,0.012702082654441282,0.06605455337337561,0.00862968327441785,0.03505049175014433,0.028262924814648954,0.0504567425109538,0.06375243233941874,-0.030835216186313387,0.0035820202754519464
123,imports,low_density,random,0.1,16,120000,129,0.8705974364123817,0.8545075609753019,0.016089875437079848,0.016089875437079848,0.08139166666666667,0.03266666666666666,0.017425,0.04477134633834346,0.06444951300702749,0.07740653801137196,0.011343240558126768,-0.006431274869736254
123,imports,high_density,random,0.1,17,162542,129,0.7902785520771634,0.8093576445966786,-0.01907909251951523,-0.01907909251951523,0.06579837826530989,0.025267315524602874,0.0,0.04456718717784554,0.0,0.0639417997420569,0.0639417997420569,0.016856300250369063
123,imports,mid_density,random,0.1,17,197458,129,0.9490474681988021,0.8878359019099868,0.0612115662888153,0.0612115662888153,0.22367288233447113,0.1534604827355691,1.0128736237579637e-05,0.5025957439750544,1.4580766510895477e-05,0.19857429423318074,0.19846680671314154,0.04287972092333243
123,imports,low_density,random,0.1,17,120000,129,0.8705974364123817,0.854805671961399,0.015791764450982737,0.015791764450982737,0.27626666666666666,0.21185833333333334,0.0,0.29036273927543516,0.0,0.2527234283381807,0.2526325468824052,-0.00768152788536419
123,imports,high_density,random,0.1,18,162542,129,0.7902785520771634,0.8058125361258553,-0.015533984048691996,-0.015533984048691996,0.002325552780204501,0.0004921804825829632,0.0004860282265506761,0.0008681214936030298,0.001122334455667789,0.011498226648005325,-0.003206816252743084,-0.007107096523884653
123,imports,mid_density,random,0.1,18,197458,129,0.9490474681988021,0.9443748050266708,0.0046726631721313305,0.0046726631721313305,0.03586079064915071,0.004795956608493958,0.01817601717833666,0.015707153638188122,0.026165185503801935,0.03756523531751647,-0.010633226409543861,-0.006308624718949363
123,imports,low_density,random,0.1,18,120000,129,0.8705974364123817,0.8677364494015515,0.0028609870108302626,0.0028609870108302626,0.06071666666666667,0.012033333333333333,0.017366666666666666,0.01649230206953264,0.06423375662680311,0.05758693290484181,-0.021078630306329917,0.00201640741158375
123,imports,high_density,random,0.1,19,162542,129,0.7902785520771634,0.6741687123006513,0.11610983977651201,0.11610983977651201,0.06505395528540316,0.0,0.06083965990328653,0.0,0.14049070167213626,0.06917713422824116,-0.06861922699716214,0.0004685848898470987
123,imports,mid_density,random,0.1,19,197458,129,0.9490474681988021,0.9193843995300462,0.0296630686687559,0.0296630686687559,0.15319713559339201,0.0008052345308875811,0.12521143736895948,0.002637209533761258,0.1802474356076899,0.15386564523858948,-0.1486404988279327,-0.015609450661052756
123,imports,low_density,random,0.1,19,120000,129,0.8705974364123817,0.8579051519150611,0.012692284497320627,0.012692284497320627,0.13105,0.0009416666666666667,0.07025833333333334,0.0012906025857736764,0.2598631488102577,0.126936967488503,-0.12317854308545702,0.028635377264793697
123,imports,high_density,random,0.1,20,162542,129,0.7902785520771634,0.7889949553499043,0.0012835967272590842,0.0012835967272590842,0.01307354406860996,0.0,0.01136936914766645,0.0,0.02625410220346929,0.014288417712368804,-0.004965167381156089,-0.0010350183845109816
123,imports,mid_density,random,0.1,20,197458,129,0.9490474681988021,0.9377365425086515,0.011310925690150686,0.011310925690150686,0.05022333863403863,0.018621681572790164,0.008305563714815303,0.060987543746164434,0.011956228538934292,0.049066582573075154,0.01238636856453442,-0.00938360342720032
123,imports,low_density,random,0.1,20,120000,129,0.8705974364123817,0.8690386341268633,0.0015588022855184125,0.0015588022855184125,0.07006666666666667,0.03308333333333333,0.007316666666666667,0.04534240942939376,0.027062014548144494,0.06428567718080519,0.0284721590231654,-0.007144669830018499
2024,header,high_density,important,0.01,0,120001,1,0.9938564151067443,0.9892837890549859,0.004572626051758344,0.004572626051758344,0.025683119307339106,0.011374905209123258,0.0,0.039059146707871924,0.0,0.0668843196597857,0.0668843196597857,-0.051527624384504325
2024,header,mid_density,important,0.01,0,239998,1,0.9364587911194467,0.7789668672852682,0.15749192383417854,0.15749192383417854,0.2663563863032192,0.24600205001708347,0.0,0.3781149331061911,0.0,0.22740521060593463,0.22740521060593463,-0.11082147081070648
2024,header,low_density,important,0.01,0,120001,1,0.884334947826236,0.7693687381901153,0.1149662096361207,0.1149662096361207,0.19684835959700336,0.15851534570545245,0.0,0.38891842159067674,0.0,0.14920921962970712,0.14920921962970712,-0.03552264560261097
2024,header,high_density,random,0.01,1,120001,1,0.9938564151067443,0.9892837890549859,0.004572626051758344,0.004572626051758344,0.025683119307339106,0.011374905209123258,0.0,0.039059146707871924,0.0,0.0668843196597857,0.0668843196597857,-0.051527624384504325
2024,header,mid_density,random,0.01,1,239998,1,0.9364587911194467,0.7789668672852682,0.15749192383417854,0.15749192383417854,0.2663563863032192,0.24600205001708347,0.0,0.3781149331061911,0.0,0.22740521060593463,0.22740521060593463,-0.11082147081070648
2024,header,low_density,random,0.01,1,120001,1,0.884334947826236,0.7693687381901153,0.1149662096361207,0.1149662096361207,0.19684835959700336,0.15851534570545245,0.0,0.38891842159067674,0.0,0.14920921962970712,0.14920921962970712,-0.03552264560261097
2024,header,high_density,random,0.01,2,120001,1,0.9938564151067443,0.9938161548055973,4.02603011470104e-05,4.02603011470104e-05,0.0,0.0,0.0,0.0,0.0,0.00023288286775180483,-0.00023288286775180483,0.00023288286775180486
2024,header,mid_density,random,0.01,2,239998,1,0.9364587911194467,0.9364665085359893,-7.71741654259639e-06,-7.71741654259639e-06,0.0008208401736681139,0.0,0.00045000375003125025,0.0,0.001287937511180013,0.0013207159830455049,-0.0013207159830455049,0.0010326457381710768
2024,header,low_density,random,0.01,2,120001,1,0.884334947826236,0.884219655911051,0.0001152919151850007,0.0001152919151850007,0.0013416554862042817,0.0,0.0009416588195098374,0.0,0.0015895120338720794,0.0009750568777570517,-0.0009750568777570517,0.0003875390797152944
2024,header,high_density,random,0.01,3,120001,1,0.9938564151067443,0.9938564151067443,0.0,0.0,0.0,0.0,0.0,0.0,0.0,0.0,0.0,0.0
2024,header,mid_density,random,0.01,3,239998,1,0.9364587911194467,0.9363323757015608,0.0001264154178859389,0.0001264154178859389,0.00010000083334027784,0.00010000083334027784,0.0,0.0001537052573602403,0.0,0.00017427487954486064,0.00017427487954486064,-0.00012471597042269878
2024,header,low_density,random,0.01,3,120001,1,0.884334947826236,0.8842270613035381,0.00010788652269788646,0.00010788652269788646,5.8332847226273116e-05,5.8332847226273116e-05,0.0,0.0001431200163565733,0.0,0.00013973442979173202,0.00013973442979173202,-0.00011866832844661467
2024,header,high_density,random,0.01,4,120001,1,0.9938564151067443,0.9932297675515098,0.0006266475552344497,0.0006266475552344497,0.014949875417704853,0.008958258681177656,0.0,0.030760866454917445,0.0,0.008990364765850365,0.008990364765850365,0.0005188672641342157
2024,header,mid_density,random,0.01,4,239998,1,0.9364587911194467,0.9371126645815768,-0.0006538734621300835,-0.0006538734621300835,0.02724606038383653,0.014862623855198794,0.0,0.022844443875165713,0.0,0.016600414196047606,0.016600414196047606,-0.0021276683134997666
2024,header,low_density,random,0.01,4,120001,1,0.884334947826236,0.886370620018003,-0.002035672191767035,-0.002035672191767035,0.022199815001541653,0.007566603611636569,0.0,0.018564710693109793,0.0,0.015542203803236438,0.015542203803236438,0.006943045690427186
2024,header,high_density,random,0.01,5,120001,1,0.9938564151067443,0.9932937606692077,0.0005626544375365583,0.0005626544375365583,0.001958317014024883,0.0,0.001958317014024883,0.0,0.0027629505960918947,0.02163126022041243,-0.02163126022041243,-0.006030602532997085
2024,header,mid_density,random,0.01,5,239998,1,0.9364587911194467,0.9368884890090223,-0.0004296978895755865,-0.0004296978895755865,0.03603363361361345,0.0,0.02282102350852924,0.0,0.0653151273030827,0.040348298125357014,-0.040348298125357014,0.010049791155405953
2024,header,low_density,random,0.01,5,120001,1,0.884334947826236,0.8833374139349607,0.0009975338912753262,0.0009975338912753262,0.07188273431054741,0.0,0.053624553128723926,0.0,0.09051778706165338,0.045186973947358204,-0.045186973947358204,-0.004192193157842974
2024,header,high_density,random,0.01,6,120001,1,0.9938564151067443,0.9896814303894864,0.004174984717257857,0.004174984717257857,0.4935292205898284,0.0,0.4848126265614453,0.0,0.6840125096997202,0.4221142921219125,-0.4221142921219125,-0.11915360317176994
2024,header,mid_density,random,0.01,6,239998,1,0.9364587911194467,0.936294456208563,0.00016433491088374552,0.00016433491088374552,0.26323969366411387,0.0,0.2138809490079084,0.0,0.6121400035776042,0.26239044344326434,-0.26239044344326434,0.1041337001632738
2024,header,low_density,random,0.01,6,120001,1,0.884334947826236,0.8814999548426075,0.002834992983628548,0.002834992983628548,0.45716285697619186,0.0,0.3759885334288881,0.0,0.6346654288165872,0.3890503386208958,-0.3890503386208958,0.08515701103856713
2024,header,high_density,random,0.01,7,120001,1,0.9938564151067443,0.9936174875506536,0.0002389275560906734,0.0002389275560906734,0.026166448612928224,0.013324888959258673,0.0,0.04575500042922139,0.0,0.01102447275511295,0.01102447275511295,-0.0011005559906970208
2024,header,mid_density,random,0.01,7,239998,1,0.9364587911194467,0.9363574627470094,0.00010132837243737036,0.00010132837243737036,0.030300252502104184,0.016641805348377902,0.0,0.025579116579033324,0.0,0.025087800227381336,0.025087800227381336,-0.01107500625744837
2024,header,low_density,random,0.01,7,120001,1,0.884334947826236,0.8835491413220352,0.0007858065042007922,0.0007858065042007922,0.02570811909900751,0.008608261597820018,0.0,0.021120425270905744,0.0,0.019444202917346453,0.019444202917346453,-5.500754154267286e-05
2024,header,high_density,random,0.01,8,120001,1,0.9938564151067443,0.9938564151067443,0.0,0.0,0.0,0.0,0.0,0.0,0.0,1.0019358370534987e-05,-1.0019358370534987e-05,-1.0019358370534987e-05
2024,header,mid_density,random,0.01,8,239998,1,0.9364587911194467,0.9364537025904001,5.088529046681778e-06,5.088529046681778e-06,0.0,0.0,0.0,0.0,0.0,5.2349178564669266e-05,-5.2349178564669266e-05,-5.2349178564669266e-05
2024,header,low_density,random,0.01,8,120001,1,0.884334947826236,0.8837951985659981,0.0005397492602379206,0.0005397492602379206,0.0005583286805943284,0.0,0.0005583286805943284,0.0,0.0009424540377825604,0.0007387885214834845,-0.0007387885214834845,-9.504489537505652e-05
2024,header,high_density,random,0.01,9,120001,1,0.9938564151067443,0.9925120149541149,0.001344400152629377,0.001344400152629377,0.02677477687685936,0.01444154632044733,0.0,0.04958937820127622,0.0,0.01541695203428033,0.01541695203428033,0.007844537703594487
2024,header,mid_density,random,0.01,9,239998,1,0.9364587911194467,0.9368862376407991,-0.0004274465213524037,-0.0004274465213524037,0.012829273577279811,0.00500420836840307,0.0,0.007691667253735358,0.0,0.01704382886898254,0.01704382886898254,0.0035861861325973982
2024,header,low_density,random,0.01,9,120001,1,0.884334947826236,0.8820406206815807,0.0022943271446552727,0.0022943271446552727,0.019641502987475103,0.011208239931333906,0.0,0.02749948885708444,0.0,0.020481175619442293,0.020481175619442293,0.0056086121726621
2024,header,high_density,random,0.01,10,120001,1,0.9938564151067443,0.9931816526075491,0.0006747624991951806,0.0006747624991951806,0.044066299447504606,0.01630819743168807,0.0,0.05599908432769623,0.0,0.03812404004370512,0.03812404004370512,0.007693490008852507
2024,header,mid_density,random,0.01,10,239998,1,0.9364587911194467,0.9364671687173761,-8.377597929376535e-06,-8.377597929376535e-06,0.09040075333961116,0.0459253827115226,0.0,0.07058913944269035,0.0,0.08047411934248408,0.08047411934248408,-0.014576571305150166
2024,header,low_density,random,0.01,10,120001,1,0.884334947826236,0.8848168108397276,-0.0004818630134916235,-0.0004818630134916235,0.07842434646377947,0.037316355697035855,0.0,0.09155591903496217,0.0,0.08022996696435418,0.08022996696435418,0.016331024031653776
2024,header,high_density,random,0.01,11,120001,1,0.9938564151067443,0.9931816526075491,0.0006747624991951806,0.0006747624991951806,0.044066299447504606,0.01630819743168807,0.0,0.05599908432769623,0.0,0.03812404004370512,0.03812404004370512,0.007693490008852507
2024,header,mid_density,random,0.01,11,239998,1,0.9364587911194467,0.9364671687173761,-8.377597929376535e-06,-8.377597929376535e-06,0.09040075333961116,0.0459253827115226,0.0,0.07058913944269035,0.0,0.08047411934248408,0.08047411934248408,-0.014576571305150166
2024,header,low_density,random,0.01,11,120001,1,0.884334947826236,0.8848168108397276,-0.0004818630134916235,-0.0004818630134916235,0.07842434646377947,0.037316355697035855,0.0,0.09155591903496217,0.0,0.08022996696435418,0.08022996696435418,0.016331024031653776
2024,header,high_density,random,0.01,12,120001,1,0.9938564151067443,0.9938104597101438,4.595539660046111e-05,4.595539660046111e-05,0.0,0.0,0.0,0.0,0.0,0.0005052886262650579,-0.0005052886262650579,-0.0005052886262650579
2024,header,mid_density,random,0.01,12,239998,1,0.9364587911194467,0.9362871024111298,0.0001716887083169638,0.0001716887083169638,2.9166909724247703e-05,0.0,2.9166909724247703e-05,0.0,8.347743128018603e-05,0.0004999654065253171,-0.0004999654065253171,-0.0004997490053878744
2024,header,low_density,random,0.01,12,120001,1,0.884334947826236,0.8818608521833704,0.0024740956428656036,0.0024740956428656036,0.003924967291939234,0.0,0.003908300764160298,0.0,0.006597178264477923,0.003239256396800376,-0.003239256396800376,-0.0016449874447761244
2024,header,high_density,random,0.01,13,120001,1,0.9938564151067443,0.9939854664810935,-0.00012905137434926495,-0.00012905137434926495,0.03870801076657694,0.01519987333438888,0.0,0.05219332131513434,0.0,0.03558227588428751,0.03558227588428751,0.012921684189242139
2024,header,mid_density,random,0.01,13,239998,1,0.9364587911194467,0.9364587911194467,0.0,0.0,0.07322144351202926,0.035900299169159745,0.0,0.05518018739232627,0.0,0.0671164099095346,0.0671164099095346,-0.010246800466460393
2024,header,low_density,random,0.01,13,120001,1,0.884334947826236,0.8838697713198752,0.0004651765063607982,0.0004651765063607982,0.07014941542153816,0.032766393613386555,0.0,0.08039255775914946,0.0,0.07057697150498352,0.07057697150498352,0.014522259526836915
2024,header,high_density,random,0.01,14,120001,1,0.9938564151067443,0.9919169175144599,0.0019394975922844004,0.0019394975922844004,0.03210806576611862,0.015191540070499412,0.0,0.0521647065556414,0.0,0.015919031335643343,0.015919031335643343,-0.005960459627414939
2024,header,mid_density,random,0.01,14,239998,1,0.9364587911194467,0.9389667221431226,-0.002507931023675858,-0.002507931023675858,0.025716880974008118,0.004937541146176218,0.0,0.007589197082161865,0.0,0.016220681370411074,0.016220681370411074,-0.007859369192294756
2024,header,low_density,random,0.01,14,120001,1,0.884334947826236,0.879174970483188,0.005159977343047961,0.005159977343047961,0.015766535278872677,0.008549928750593745,0.0,0.02097730525454917,0.0,0.015862056852745617,0.015862056852745617,0.0005553855089274032
2024,header,high_density,random,0.01,15,120001,1,0.9938564151067443,0.9941312149010094,-0.0002747997942651459,-0.0002747997942651459,0.08695760868659427,0.046274614378213515,0.0,0.1588977594643317,0.0,0.11572510323297239,0.11572510323297239,0.033110195125440514
2024,header,mid_density,random,0.01,15,239998,1,0.9364587911194467,0.9364587911194467,0.0,0.0,0.2937607813398445,0.20845173709780915,0.0,0.3203986089674209,0.0,0.2805562828053583,0.2805562828053583,-0.025906966182471045
2024,header,low_density,random,0.01,15,120001,1,0.884334947826236,0.884334947826236,0.0,0.0,0.2409563253639553,0.1492487562603645,0.0,0.366182784706604,0.0,0.24651652955105052,0.24651652955105052,0.050933594866520875
2024,header,high_density,random,0.01,16,120001,1,0.9938564151067443,0.9909256916682494,0.0029307234384948755,0.0029307234384948755,0.40936325530620576,0.0,0.40064666127782267,0.0,0.5652644202506643,0.3542054635662099,-0.3542054635662099,-0.13552831774636012
2024,header,mid_density,random,0.01,16,239998,1,0.9364587911194467,0.9364588955234212,-1.04403974465761e-07,-1.04403974465761e-07,0.24972708105900882,0.0,0.2004183368194735,0.0,0.5736092063681355,0.24541311797813772,-0.24541311797813772,0.09358264499360862
2024,header,low_density,random,0.01,16,120001,1,0.884334947826236,0.8846876091879451,-0.00035266136170908347,-0.00035266136170908347,0.42642144648794594,0.0,0.3459971166906942,0.0,0.5840401738616703,0.3545346018264203,-0.3545346018264203,0.06829938562220432
2024,header,high_density,random,0.01,17,120001,1,0.9938564151067443,0.9935600706398808,0.00029634446686344074,0.00029634446686344074,0.00039166340280497665,0.00014999875001041658,0.0,0.0005150656708730364,0.0,0.0027292076484197155,0.0027292076484197155,0.0012472269251784696
2024,header,mid_density,random,0.01,17,239998,1,0.9364587911194467,0.9367273657996286,-0.0002685746801818212,-0.0002685746801818212,0.0008750072917274311,0.0003750031250260419,0.0,0.0005763947151009011,0.0,0.000953132119541678,0.000953132119541678,-0.0001520837382883481
2024,header,low_density,random,0.01,17,120001,1,0.884334947826236,0.8843740081152045,-3.906028896849545e-05,-3.906028896849545e-05,0.00214164881959317,0.0005333288889259256,0.0,0.0013085258638315272,0.0,0.002004718955298718,0.002004718955298718,0.0006618423266819927
2024,header,high_density,random,0.01,18,120001,1,0.9938564151067443,0.9929273239361661,0.0009290911705781557,0.0009290911705781557,0.10566578611844901,0.0,0.09763251972900226,0.0,0.13774778376090482,0.12144140172912206,-0.12144140172912206,-0.05128986723130506
2024,header,mid_density,random,0.01,18,239998,1,0.9364587911194467,0.9287668449077617,0.007691946211685008,0.007691946211685008,0.15225960216335135,0.0,0.11221343511195926,0.0,0.32116152882952714,0.13490943981567396,-0.13490943981567396,0.03436790342415653
2024,header,low_density,random,0.01,18,120001,1,0.884334947826236,0.8712072933231214,0.013127654503114594,0.013127654503114594,0.2409313255722869,0.0,0.18342347147107108,0.0,0.30961725112883487,0.17949571987687057,-0.17949571987687057,0.005741445196759071
2024,header,high_density,random,0.01,19,120001,1,0.9938564151067443,0.9938564151067443,0.0,0.0,0.0,0.0,0.0,0.0,0.0,0.0,0.0,0.0
2024,header,mid_density,random,0.01,19,239998,1,0.9364587911194467,0.9364587911194467,0.0,0.0,0.0,0.0,0.0,0.0,0.0,0.0,0.0,0.0
2024,header,low_density,random,0.01,19,120001,1,0.884334947826236,0.884334947826236,0.0,0.0,0.0,0.0,0.0,0.0,0.0,0.0,0.0,0.0
2024,header,high_density,random,0.01,20,120001,1,0.9938564151067443,0.9939854664810935,-0.00012905137434926495,-0.00012905137434926495,0.03870801076657694,0.01519987333438888,0.0,0.05219332131513434,0.0,0.03558227588428751,0.03558227588428751,0.012921684189242139
2024,header,mid_density,random,0.01,20,239998,1,0.9364587911194467,0.9364587911194467,0.0,0.0,0.07322144351202926,0.035900299169159745,0.0,0.05518018739232627,0.0,0.0671164099095346,0.0671164099095346,-0.010246800466460393
2024,header,low_density,random,0.01,20,120001,1,0.884334947826236,0.8838697713198752,0.0004651765063607982,0.0004651765063607982,0.07014941542153816,0.032766393613386555,0.0,0.08039255775914946,0.0,0.07057697150498352,0.07057697150498352,0.014522259526836915
2024,header,high_density,important,0.05,0,120001,4,0.9938564151067443,0.9942261399432484,-0.0003697248365041039,-0.0003697248365041039,0.054124548962091984,0.02194148382096816,0.0,0.07534266174492803,0.0,0.054794305610428175,0.052431308205495214,-3.4310138926047514e-05
2024,header,mid_density,important,0.05,0,239998,4,0.9364587911194467,0.7836147622214391,0.15284402889800763,0.15284402889800763,0.3983491529096076,0.3279985666547221,0.00038750322919357664,0.5041468397558648,0.0011090573012939,0.3008528457376586,0.29663080060596925,-0.02554288305810857
2024,header,low_density,important,0.05,0,120001,4,0.884334947826236,0.7511148815657325,0.13322006626050353,0.13322006626050353,0.2965391955067041,0.2061649486254281,0.010774910209081591,0.5058270292373748,0.01818795628138583,0.23952222660747818,0.2197586653590691,0.002739494268831305
2024,header,high_density,random,0.05,1,120001,4,0.9938564151067443,0.9938545519546518,1.863152092496101e-06,1.863152092496101e-06,0.05782451812901559,0.017566520278997674,0.0,0.06031991301113114,0.0,0.0774095326508361,0.07731020420141765,0.0012725573448995455
2024,header,mid_density,random,0.05,1,239998,4,0.9364587911194467,0.9306347309170264,0.0058240602024203225,0.0058240602024203225,0.12793856615471796,0.0697880815673464,0.0,0.10726705648027769,0.0,0.13146091550501993,0.13145929566321202,-0.02934473605154608
2024,header,low_density,random,0.05,1,120001,4,0.884334947826236,0.8721846294083077,0.012150318417928352,0.012150318417928352,0.11830734743877135,0.06569945250456247,9.166590278414346e-05,0.16119402985074627,0.0001547312599344502,0.1211367230677942,0.12101464050335099,0.01588401515573113
2024,header,high_density,random,0.05,2,120001,4,0.9938564151067443,0.9935993748055554,0.0002570403011888933,0.0002570403011888933,0.05027458104515796,0.016908192431729734,0.0,0.058059347011188374,0.0,0.05322371028309946,0.05322371028309946,0.020624701842165447
2024,header,mid_density,random,0.05,2,239998,4,0.9364587911194467,0.9347449015072284,0.0017138896122183,0.0017138896122183,0.11814265118875991,0.06449220410170085,0.0,0.0991270822259083,0.0,0.11033135231701428,0.11033135231701428,-0.014058579035722184
2024,header,low_density,random,0.05,2,120001,4,0.884334947826236,0.8838020198444559,0.0005329279817800625,0.0005329279817800625,0.10810743243806302,0.054607878267681105,0.0,0.13398078102637498,0.0,0.11455062410218379,0.1145452344957704,0.023960065819970424
2024,header,high_density,random,0.05,3,120001,4,0.9938564151067443,0.9893997219949651,0.004456693111779209,0.004456693111779209,0.6767693602553312,0.0,0.6680527662269481,0.0,0.9425423848378677,0.6568587128317585,-0.6568587128317585,0.08095740577871595
2024,header,mid_density,random,0.05,3,239998,4,0.9364587911194467,0.9353662934952298,0.001092497624216926,0.001092497624216926,0.3078983991533263,0.0,0.2585396544971208,0.0,0.7399558762148948,0.3281806583994149,-0.3281806583994149,0.141932089232679
2024,header,low_density,random,0.05,3,120001,4,0.884334947826236,0.876047229096347,0.008287718729888982,0.008287718729888982,0.5665036124698961,0.0,0.4837626353113724,0.0,0.816587191064973,0.5348388933223996,-0.5348388933223996,0.16338891649351303
2024,header,high_density,random,0.05,4,120001,4,0.9938564151067443,0.9938448869793336,1.1528127410675992e-05,1.1528127410675992e-05,0.006649944583795135,0.0003166640277997683,0.0,0.0010873608607319656,0.0,0.007008165051710825,0.007008165051710825,0.0029404705772252664
2024,header,mid_density,random,0.05,4,239998,4,0.9364587911194467,0.936709978451833,-0.0002511873323862712,-0.0002511873323862712,0.011591763264693872,0.005200043333694448,0.0,0.007992673382732495,0.0,0.012253251809674277,0.012253251809674277,0.001330252958355005
2024,header,low_density,random,0.05,4,120001,4,0.884334947826236,0.884132256519264,0.00020269130697203597,0.00020269130697203597,0.013516554028716427,0.006741610486579279,0.0,0.0165405847474954,0.0,0.011192185353115527,0.011192185353115527,0.0032986810918495977
2024,header,high_density,random,0.05,5,120001,4,0.9938564151067443,0.985043448340087,0.008812966766657326,0.008812966766657326,0.11912400729993916,0.07844101299155841,0.0,0.26935073110710506,0.0,0.21157241077258374,0.21157241077258374,-0.014299012324094654
2024,header,mid_density,random,0.05,5,239998,4,0.9364587911194467,0.9181752706146914,0.018283520504755346,0.018283520504755346,0.5962591354927957,0.5054083784031533,0.0,0.7768327750843778,0.0,0.5420642290085759,0.5420642290085759,0.04839064217944184
2024,header,low_density,random,0.05,5,120001,4,0.884334947826236,0.8639876125721252,0.02034733525411081,0.02034733525411081,0.3853384555128707,0.27994766710277413,0.0,0.6868534042118176,0.0,0.3987754604252538,0.3987749784613553,0.12903142872830087
2024,header,high_density,random,0.05,6,120001,4,0.9938564151067443,0.9883872562821867,0.005469158824557563,0.005469158824557563,0.6639861334488879,0.0,0.6552695394205048,0.0,0.9245067839255061,0.6014637139178965,-0.6014637139178965,0.03554242120974713
2024,header,mid_density,random,0.05,6,239998,4,0.9364587911194467,0.9271713120937001,0.00928747902574667,0.00928747902574667,0.28943574529787747,0.0,0.240077000641672,0.0,0.687114662214537,0.3047042337260868,-0.3047042337260868,0.12764310698751044
2024,header,low_density,random,0.05,6,120001,4,0.884334947826236,0.8852765146204044,-0.000941566794168347,-0.000941566794168347,0.5177206856609529,0.0,0.4356880359330339,0.0,0.7354376784684419,0.47436645467487903,-0.47436645467487903,0.12782478655919957
2024,header,high_density,random,0.05,7,120001,4,0.9938564151067443,0.9901334462937752,0.003722968812969074,0.003722968812969074,0.31744735460537826,0.2767643602969975,0.0,0.9503533922797379,0.0,0.3215753020008052,0.3215753020008052,0.0648118906067103
2024,header,mid_density,random,0.05,7,239998,4,0.9364587911194467,0.7851300850973005,0.1513287060221462,0.1513287060221462,0.6625971883099026,0.5717547646230385,0.0,0.8788098089571739,0.0,0.6227867568091637,0.6227867568091637,0.11180658637707382
2024,header,low_density,random,0.05,7,120001,4,0.884334947826236,0.7666789224201114,0.11765602540612463,0.11765602540612463,0.4067632769726919,0.3009891584236798,0.0,0.7384788386832959,0.0,0.42417357437732894,0.42417357437732894,0.14143390145263374
2024,header,high_density,random,0.05,8,120001,4,0.9938564151067443,0.9921556960318404,0.001700719074903878,0.001700719074903878,0.051432904725793954,0.0,0.05079957667019441,0.0,0.07167211418628165,0.08554052793521474,-0.08550888191927228,-0.04141677426935832
2024,header,mid_density,random,0.05,8,239998,4,0.9364587911194467,0.9373110344625976,-0.0008522433431508158,-0.0008522433431508158,0.0901257510479254,0.0,0.0613421778514821,0.0,0.17556496332955698,0.09066395802622822,-0.09061580209363784,0.021008889381474497
2024,header,low_density,random,0.05,8,120001,4,0.884334947826236,0.8844312282821422,-9.628045590615031e-05,-9.628045590615031e-05,0.15859034508045766,4.999958333680553e-05,0.1167990266747777,0.0001226742997342057,0.19715575811284128,0.11998737465387802,-0.11934920472987917,0.002726808286817573
2024,header,high_density,random,0.05,9,120001,4,0.9938564151067443,0.9911556166806705,0.002700798426073736,0.002700798426073736,0.6537778851842901,0.0,0.645061291155907,0.0,0.9101041691160909,0.5264546965947056,-0.5264546965947056,-0.02803804727029741
2024,header,mid_density,random,0.05,9,239998,4,0.9364587911194467,0.933865352858762,0.0025934382606846995,0.0025934382606846995,0.28281902349186244,0.0,0.23346027883565695,0.0,0.6681772106612605,0.28984021061912624,-0.28984021061912624,0.12262331940818115
2024,header,low_density,random,0.05,9,120001,4,0.884334947826236,0.8819464106525075,0.0023885371737285555,0.0023885371737285555,0.5022708144098799,0.0,0.4203464971125241,0.0,0.7095412921466853,0.4500046588074289,-0.4500046588074289,0.11608125247680132
2024,header,high_density,random,0.05,10,120001,4,0.9938564151067443,0.9920046394115426,0.001851775695201674,0.001851775695201674,0.4109799085007625,0.0,0.4022633144723794,0.0,0.5675453241470125,0.3694098450839881,-0.3694098450839881,-0.12347027328431716
2024,header,mid_density,random,0.05,10,239998,4,0.9364587911194467,0.9334091502598204,0.0030496408596263347,0.0030496408596263347,0.2575563129692747,0.0,0.20819756831306926,0.0,0.5958738298252937,0.25682710534240655,-0.25682710534240655,0.10018187198273364
2024,header,low_density,random,0.05,10,120001,4,0.884334947826236,0.8846692051382329,-0.00033425731199687725,-0.00033425731199687725,0.44914625711452405,0.0,0.3680885992616728,0.0,0.6213304075058728,0.37783723873446506,-0.37783723873446506,0.07702064636612563
2024,header,high_density,random,0.05,11,120001,4,0.9938564151067443,0.9927733793964819,0.001083035710262359,0.001083035710262359,0.04202464979458505,0.018124848959592002,0.0,0.06223710189715855,0.0,0.03505626175831929,0.03505626175831929,0.015512864541586452
2024,header,mid_density,random,0.05,11,239998,4,0.9364587911194467,0.9321274598792185,0.00433133124022822,0.00433133124022822,0.06767556396303302,0.03849198743322861,0.0,0.059163715312245825,0.0,0.06697851278307024,0.06697851278307024,-0.006567643418330077
2024,header,low_density,random,0.05,11,120001,4,0.884334947826236,0.8837573631621357,0.0005775846641002946,0.0005775846641002946,0.07166606944942125,0.03304972458562845,0.0,0.08108771212430996,0.0,0.0717513703711705,0.0717513703711705,0.014682849180186216
2024,header,high_density,random,0.05,12,120001,4,0.9938564151067443,0.9896736541349785,0.004182760971765731,0.004182760971765731,0.4935292205898284,0.0,0.4848126265614453,0.0,0.6840125096997202,0.4258543721651523,-0.4258543721651523,-0.11609794417073047
2024,header,mid_density,random,0.05,12,239998,4,0.9364587911194467,0.9361301912567435,0.0003285998627032827,0.0003285998627032827,0.2641938682822357,0.0,0.21483512362603022,0.0,0.6148709081151988,0.26481882657044936,-0.26481882657044936,0.1038332889150937
2024,header,low_density,random,0.05,12,120001,4,0.884334947826236,0.8817903920984345,0.002544555727801545,0.002544555727801545,0.463687802601645,0.0,0.38229681419321504,0.0,0.6453137527957126,0.39526373309813073,-0.39526373309813073,0.08584644544277958
2024,header,high_density,random,0.05,13,120001,4,0.9938564151067443,0.9936918491198389,0.00016456598690539614,0.00016456598690539614,0.03669969416921526,0.014483212639894667,0.0,0.04973245199874095,0.0,0.031221627768436122,0.030923788095127684,0.010430660575953602
2024,header,mid_density,random,0.05,13,239998,4,0.9364587911194467,0.9359993633007244,0.0004594278187223244,0.0004594278187223244,0.06728806073383944,0.03293777448145401,0.00024583538196151636,0.05062666914302914,0.0007035954922187109,0.06179695380499494,0.06019449494284045,-0.010763195542626145
2024,header,low_density,random,0.05,13,120001,4,0.884334947826236,0.886093850915423,-0.001758903089187025,-0.001758903089187025,0.06499112507395771,0.02957475354372047,0.0004999958333680553,0.07256184829278266,0.0008439886905515467,0.06544838772246589,0.06424961202720521,0.013511285395235939
2024,header,high_density,random,0.05,14,120001,4,0.9938564151067443,0.9936156704895394,0.00024074461720491325,0.00024074461720491325,0.31744735460537826,0.2767643602969975,0.0,0.9503533922797379,0.0,0.3256509595751348,0.3256509595751348,0.06887160748810515
2024,header,mid_density,random,0.05,14,239998,4,0.9364587911194467,0.9346301618447234,0.0018286292747233812,0.0018286292747233812,0.6704264202201685,0.5795756631305261,0.0,0.8908308409598893,0.0,0.6369504485209314,0.6369504485209314,0.12061341508979696
2024,header,low_density,random,0.05,14,120001,4,0.884334947826236,0.8822850457999324,0.0020499020263036183,0.0020499020263036183,0.4116882359313672,0.3055891200906659,0.0,0.7497648742588428,0.0,0.4363227119130483,0.43631854400115505,0.15002612266454646
2024,header,high_density,random,0.05,15,120001,4,0.9938564151067443,0.988890455376569,0.004965959730175218,0.004965959730175218,0.6590361746985441,0.0,0.650319580670161,0.0,0.9175229853975122,0.6401449478018517,-0.6401449478018517,0.07951706671123708
2024,header,mid_density,random,0.05,15,239998,4,0.9364587911194467,0.9325843257145279,0.00387446540491887,0.00387446540491887,0.29241493679113995,0.0,0.24305619213493446,0.0,0.6956412855524418,0.31444280055577145,-0.3144427537308572,0.1391156368606266
2024,header,low_density,random,0.05,15,120001,4,0.884334947826236,0.8719075635033255,0.012427384322910462,0.012427384322910462,0.562295314205715,0.0,0.479621003158307,0.0,0.809596151411571,0.5274820533648777,-0.5274820244880045,0.15878697418615892
2024,header,high_density,random,0.05,16,120001,4,0.9938564151067443,0.9937223038177199,0.00013411128902440783,0.00013411128902440783,0.07667436104699127,0.03641636319697336,0.0,0.12504649898417602,0.0,0.05820880902713919,0.057550700057966045,0.01811654153872251
2024,header,mid_density,random,0.05,16,239998,4,0.9364587911194467,0.9310315698513878,0.005427221268058946,0.005427221268058946,0.14387203226693557,0.0826173551446262,0.0001833348611238427,0.12698616012245187,0.000524715282332598,0.12638242400039704,0.12377938188793687,-0.020670599743846406
2024,header,low_density,random,0.05,16,120001,4,0.884334947826236,0.8756426986389116,0.008692249187324363,0.008692249187324363,0.12142398813343222,0.06225781451821235,0.002149982083482638,0.15274994888570845,0.0036291513693716506,0.13092819736789874,0.1254759634862248,0.024187098577264938
2024,header,high_density,random,0.05,17,120001,4,0.9938564151067443,0.9891881778627483,0.00466823724399601,0.00466823724399601,0.6679861001158324,0.0,0.6592695060874493,0.0,0.9301502574834811,0.647873987245627,-0.647873987245627,0.07743373989902544
2024,header,mid_density,random,0.05,17,239998,4,0.9364587911194467,0.9359375791365372,0.000521211982909553,0.000521211982909553,0.30446920391003257,0.0,0.25511045925382714,0.0,0.7301413153658101,0.32275273536063404,-0.32275273536063404,0.1377470145227682
2024,header,low_density,random,0.05,17,120001,4,0.884334947826236,0.8736517371981193,0.010683210628116724,0.010683210628116724,0.5637453021224823,0.0,0.48105432454729546,0.0,0.8120155856578188,0.5290619418350627,-0.5290619418350627,0.15973224081749676
2024,header,high_density,random,0.05,18,120001,4,0.9938564151067443,0.9935223625004842,0.00033405260626007127,0.00033405260626007127,0.0388746760443663,0.015258206181615153,0.0,0.05239362463158497,0.0,0.03746527888137168,0.03746527888137168,0.01523091339112963
2024,header,mid_density,random,0.05,18,239998,4,0.9364587911194467,0.935786488331888,0.0006723027875586984,0.0006723027875586984,0.07727981066508888,0.038671155592963274,0.0,0.05943910389834959,0.0,0.0719263250716725,0.0719263250716725,-0.008482241501643123
2024,header,low_density,random,0.05,18,120001,4,0.884334947826236,0.8853704744381506,-0.001035526611914639,-0.001035526611914639,0.07560770326913942,0.03507470771076908,0.0,0.0860560212635453,0.0,0.07705845864280086,0.0770514001199449,0.017571533517373297
2024,header,high_density,random,0.05,19,120001,4,0.9938564151067443,0.9925768365319116,0.0012795785748326294,0.0012795785748326294,0.03874967708602428,0.020541495487537604,0.0,0.07053538215011303,0.0,0.03802309220040067,0.03590574287721302,0.0038170298403987727
2024,header,mid_density,random,0.05,19,239998,4,0.9364587911194467,0.9248061539634345,0.01165263715601228,0.01165263715601228,0.13481779014825124,0.07724231035258627,0.003116692639105326,0.11872450253933894,0.008920159799654164,0.10482885243125309,0.09977327055018348,-0.018820026796162074
2024,header,low_density,random,0.05,19,120001,4,0.884334947826236,0.875010626431926,0.009324321394310053,0.009324321394310053,0.10278247681269323,0.048216264864459464,0.0038249681252656227,0.11829891637701902,0.006456513482719331,0.10223950118231664,0.09184694009752963,0.01602351843353844
2024,header,high_density,random,0.05,20,120001,4,0.9938564151067443,0.9769182560267424,0.016938159080001847,0.016938159080001847,0.10310747410438247,0.0624244797960017,0.0,0.21435316336166194,0.0,0.1974519932740011,0.1974519932740011,-0.004160088717735567
2024,header,mid_density,random,0.05,20,239998,4,0.9364587911194467,0.9349901334979063,0.00146865762154047,0.00146865762154047,0.5486504054200452,0.45781631513595944,0.0,0.7036818813523501,0.0,0.4995805550532707,0.4995805550532707,0.01880762711157889
2024,header,low_density,random,0.05,20,120001,4,0.884334947826236,0.8739463840438269,0.010388563782409155,0.010388563782409155,0.3764301964150299,0.27151440404663296,0.0,0.6661623389899816,0.0,0.37961005824432664,0.37960943669537844,0.11606834317350442
2024,header,high_density,important,0.1,0,120001,8,0.9938564151067443,0.9863049913806206,0.007551423726123718,0.007551423726123718,0.6767193606719945,0.0,0.6680027666436114,0.0,0.942471841418393,0.6561274394808143,-0.656127192105523,0.08024414076158129
2024,header,mid_density,important,0.1,0,239998,8,0.9364587911194467,0.677722370037752,0.2587364210816947,0.2587364210816947,0.3067275560629672,0.0,0.2573688114067617,0.0,0.7366048536163615,0.32628279908769625,-0.3262547071382836,0.14078431887273837
2024,header,low_density,important,0.1,0,120001,8,0.884334947826236,0.6741308336508501,0.21020411417538587,0.21020411417538587,0.5657869517754018,0.000666661111157407,0.4824043132973892,0.001635657329789409,0.8142943551223081,0.5312435412335486,-0.5300584162366094,0.15992377491160467
2024,header,high_density,random,0.1,1,120001,8,0.9938564151067443,0.9901997609501177,0.0036566541566265265,0.0036566541566265265,0.655861201156657,0.0,0.6471446071282739,0.0,0.9130434782608695,0.6262973047552102,-0.6262973047552102,0.0675675426967755
2024,header,mid_density,random,0.1,1,239998,8,0.9364587911194467,0.899910204066149,0.036548587053297776,0.036548587053297776,0.29135659463828867,0.0,0.24199784998208318,0.0,0.6926122473317036,0.3094092854056546,-0.3094092854056546,0.13606318037715853
2024,header,low_density,random,0.1,1,120001,8,0.884334947826236,0.8380656000088764,0.046269347817359585,0.046269347817359585,0.5505537453854551,0.0,0.46785443454637876,0.0,0.789734284227258,0.509405569816609,-0.5094055501889385,0.14905588546170165
2024,header,high_density,random,0.1,2,120001,8,0.9938564151067443,0.9886389258069213,0.005217489299823019,0.005217489299823019,0.6608611594903376,0.0,0.6521445654619544,0.0,0.9200978202083382,0.6047211853660667,-0.6047211853660667,0.037710089265013326
2024,header,mid_density,random,0.1,2,239998,8,0.9364587911194467,0.9333780371116667,0.0030807540077800732,0.0030807540077800732,0.29171909765914716,0.0,0.2423603530029417,0.0,0.693649752549043,0.3050262093775269,-0.3050262093775269,0.12524722565212373
2024,header,low_density,random,0.1,2,120001,8,0.884334947826236,0.876393656457219,0.007941291369017,0.007941291369017,0.5201873317722352,0.0,0.4380296830859743,0.0,0.7393903588358582,0.4714577709907886,-0.4714577709907886,0.12717322844867643
2024,header,high_density,random,0.1,3,120001,8,0.9938564151067443,0.9863079020090653,0.0075485130976790105,0.0075485130976790105,0.6459279506004116,0.0,0.6372113565720285,0.0,0.8990288522585651,0.47212939867773196,-0.47212939867773196,-0.09219078898600479
2024,header,mid_density,random,0.1,3,239998,8,0.9364587911194467,0.9314659665308129,0.004992824588633815,0.004992824588633815,0.27758981324844373,0.0,0.22823106859223827,0.0,0.6532108997674557,0.27870817929311303,-0.27870817929311303,0.1067310507022228
2024,header,low_density,random,0.1,3,120001,8,0.884334947826236,0.8800741857028379,0.004260762123398099,0.004260762123398099,0.47587936767193606,0.0,0.3942883809301589,0.0,0.6655554148907737,0.4143029800716264,-0.4143029800716264,0.09671512903519157
2024,header,high_density,random,0.1,4,120001,8,0.9938564151067443,0.9916500093703633,0.0022064057363809786,0.0022064057363809786,0.3218139848834593,0.28113099057507857,0.0,0.9653475262540419,0.0,0.3389197456458989,0.3389197456458989,0.07945782655539123
2024,header,mid_density,random,0.1,4,239998,8,0.9364587911194467,0.9298450615652041,0.006613729554242664,0.006613729554242664,0.6819306827556896,0.5910799256660472,0.0,0.9085133499420404,0.0,0.6583210427850426,0.6583209735857468,0.13297336478011007
2024,header,low_density,random,0.1,4,120001,8,0.884334947826236,0.8670623327407381,0.017272615085497933,0.017272615085497933,0.42405479954333714,0.3175473537720519,0.0,0.7791044776119403,0.0,0.45262609914120544,0.45260820085310444,0.1586559680123715
2024,header,high_density,random,0.1,5,120001,8,0.9938564151067443,0.9928401177870354,0.0010162973197088698,0.0010162973197088698,0.3150223748135432,0.27433938050516243,0.0,0.9420264972672905,0.0,0.28413178445295306,0.28413178445295306,0.029425871968289573
2024,header,mid_density,random,0.1,5,239998,8,0.9364587911194467,0.9369333271937892,-0.0004745360743424465,-0.0004745360743424465,0.6523846032050267,0.5615421795181627,0.0,0.8631126595492593,0.0,0.5840246550132919,0.5840245622406675,0.08189635183534587
2024,header,low_density,random,0.1,5,120001,8,0.884334947826236,0.8868703926981363,-0.002535444871900272,-0.002535444871900272,0.3955217039858001,0.2897809184923459,0.0,0.7109793498262114,0.0,0.4120226669608167,0.41191461736004675,0.13629557273955478
2024,header,high_density,random,0.1,6,120001,8,0.9938564151067443,0.9882473622575646,0.005609052849179674,0.005609052849179674,0.31744735460537826,0.2767643602969975,0.0,0.9503533922797379,0.0,0.334893677517078,0.334893677517078,0.07915529291886744
2024,header,mid_density,random,0.1,6,239998,8,0.9364587911194467,0.9342876504388192,0.0021711406806275146,0.0021711406806275146,0.6715847632063601,0.5807256727139393,0.0,0.8925984514195321,0.0,0.6472318218776976,0.6472318218776976,0.12956016185954214
2024,header,low_density,random,0.1,6,120001,8,0.884334947826236,0.873464115803025,0.010870832023211041,0.010870832023211041,0.41902984141798816,0.312647394605045,4.999958333680553e-05,0.7670823962379881,8.439886905515466e-05,0.44447374138203516,0.44437993667084,0.15321087172012945
2024,header,high_density,random,0.1,7,120001,8,0.9938564151067443,0.9930412742912265,0.0008151408155178119,0.0008151408155178119,0.0017333188890092583,0.000424996458362847,0.0,0.0014593527341402695,0.0,0.013539263085195144,0.0041326987277948285,-0.0049058049665228354
2024,header,mid_density,random,0.1,7,239998,8,0.9364587911194467,0.936077112413569,0.00038167870587779706,0.00038167870587779706,0.021621013508445905,0.010662588854907125,0.0005916715972633105,0.01638882306603562,0.0016933993202552025,0.022629592396409198,0.018821439739123324,-0.007222697110193139
2024,header,low_density,random,0.1,7,120001,8,0.884334947826236,0.88706155472731,-0.002726606901073958,-0.002726606901073958,0.028624761460321165,0.009533253889550921,0.0028249764585295124,0.02338989981598855,0.004768536101616238,0.025278262048085382,0.020682954116102402,0.004027361304056278
2024,header,high_density,random,0.1,8,120001,8,0.9938564151067443,0.9915821508344698,0.0022742642722745066,0.0022742642722745066,0.6529112257397856,0.0,0.6441946317114025,0.0,0.908881416511863,0.5087582274550156,-0.5087542836812429,-0.045398981676661565
2024,header,mid_density,random,0.1,8,239998,8,0.9364587911194467,0.8811115377014401,0.055347253418006614,0.055347253418006614,0.28136067800565007,0.0,0.23201026675222294,0.0,0.6640271897919027,0.29224988149883385,-0.2920491973519833,0.12527740640197793
2024,header,low_density,random,0.1,8,120001,8,0.884334947826236,0.805103577409105,0.07923137041713102,0.07923137041713102,0.5276706027449771,8.333263889467588e-06,0.4456796193365055,2.0445716622367612e-05,0.752303385801297,0.478462894738853,-0.4783714166823666,0.13187601176458189
2024,header,high_density,random,0.1,9,120001,8,0.9938564151067443,0.9793267939157559,0.014529621190988329,0.014529621190988329,0.07500770826909776,0.043874634378046846,0.0,0.15065670873036313,0.0,0.08362395079702988,0.07351608531870713,0.05007085830974251
2024,header,mid_density,random,0.1,9,239998,8,0.9364587911194467,0.9196602396197309,0.016798551499715875,0.016798551499715875,0.24700205835048625,0.16407636730306085,0.0024791873265610546,0.2521919010138143,0.007095581658815813,0.22548447282421194,0.21834418623218768,0.013625838935910992
2024,header,low_density,random,0.1,9,120001,8,0.884334947826236,0.8619563009598328,0.02237864686640323,0.02237864686640323,0.19386505112457397,0.11232406396613362,0.001074991041741319,0.2755878143528931,0.0018145756846858253,0.2063945936058582,0.19683423271549585,0.05556359869529951
2024,header,high_density,random,0.1,10,120001,8,0.9938564151067443,0.9849973452504982,0.008859069856246071,0.008859069856246071,0.09889917584020133,0.058216181531820566,0.0,0.19990270981772398,0.0,0.14152983773803973,0.14151024302351473,0.03849648134945526
2024,header,mid_density,random,0.1,10,239998,8,0.9364587911194467,0.9172488116642433,0.01920997945520342,0.01920997945520342,0.4783623196859974,0.38797406645055377,0.0,0.5963315678576689,0.0,0.42849271684265133,0.4284237290528787,0.021888742224500213
2024,header,low_density,random,0.1,10,120001,8,0.884334947826236,0.8602820248058878,0.024052923020348227,0.024052923020348227,0.34393880050999576,0.24384796793360056,3.333305555787035e-05,0.5982825598037211,5.626591270343644e-05,0.3401724040836384,0.33989871587282866,0.09467656519738576
2024,header,high_density,random,0.1,11,120001,8,0.9938564151067443,0.9806065893200439,0.01324982578670042,0.01324982578670042,0.10084915959033675,0.06016616528195599,0.0,0.20659856353907347,0.0,0.18322631573198137,0.18322631573198137,0.014496956627042206
2024,header,mid_density,random,0.1,11,239998,8,0.9364587911194467,0.9145899190234258,0.021868872096020953,0.021868872096020953,0.5388378236485304,0.447987066558888,0.0,0.6885739354309831,0.0,0.5493966641269888,0.5493966641269888,0.06555868671155696
2024,header,low_density,random,0.1,11,120001,8,0.884334947826236,0.860741502245973,0.023593445580262995,0.023593445580262995,0.4060966158615345,0.29988083432638063,0.0,0.7357595583725209,0.0,0.4283295291967207,0.42832952919599016,0.14377541730726892
2024,header,high_density,random,0.1,12,120001,8,0.9938564151067443,0.9873241128661364,0.006532302240607857,0.006532302240607857,0.04770793576720194,0.032599728335597204,0.0008333263889467588,0.11194093913640656,0.0011757236579114446,0.04040814225067365,0.011899264332961812,0.0007602224266264852
2024,header,mid_density,random,0.1,12,239998,8,0.9364587911194467,0.9295075149998047,0.00695127611964208,0.00695127611964208,0.10347169559746332,0.05532129434411953,0.00455420461837182,0.0850310292488296,0.013034404627034762,0.0766344884971387,0.0469691859761535,0.010184495951412832
2024,header,low_density,random,0.1,12,120001,8,0.884334947826236,0.8734624209807823,0.0108725268454537,0.0108725268454537,0.10264914459046175,0.03284139298839176,0.020183165140290497,0.08057656920875077,0.03406901014193076,0.09491811847120737,0.04006785212911412,0.02378919219991107
2024,header,high_density,random,0.1,13,120001,8,0.9938564151067443,0.9918516775853403,0.0020047375214039542,0.0020047375214039542,0.3150223748135432,0.27433938050516243,0.0,0.9420264972672905,0.0,0.2913456798662489,0.2913456798662489,0.03615793667506135
2024,header,mid_density,random,0.1,13,239998,8,0.9364587911194467,0.936648564856837,-0.00018977373739026415,-0.00018977373739026415,0.6566179718164318,0.5657672147267894,0.0,0.8696067066727294,0.0,0.5936801249422592,0.5936801249422592,0.08731366963006088
2024,header,low_density,random,0.1,13,120001,8,0.884334947826236,0.886559319334999,-0.002224371508762979,-0.002224371508762979,0.40114665711119074,0.2951808734927209,0.0,0.7242281741975056,0.0,0.4198245303750619,0.4198245303750619,0.13881719168601006
2024,header,high_density,random,0.1,14,120001,8,0.9938564151067443,0.9837054516373225,0.010150963469421792,0.010150963469421792,0.0938658844509629,0.053182890142582144,0.0,0.1826193950839843,0.0,0.10511228448538097,0.1050970475499008,0.04422354785625353
2024,header,mid_density,random,0.1,14,239998,8,0.9364587911194467,0.9312394325511398,0.005219358568306909,0.005219358568306909,0.281944016200135,0.19673080609005075,0.0,0.30238307192765607,0.0,0.2743439182193482,0.2742665903219645,-0.0097070554984081
2024,header,low_density,random,0.1,14,120001,8,0.884334947826236,0.8789827961047365,0.0053521517214994985,0.0053521517214994985,0.22807309939083842,0.13829051424571462,3.333305555787035e-05,0.33929666734819053,5.626591270343644e-05,0.24209184808133233,0.24156564245866838,0.059017350611246654
2024,header,high_density,random,0.1,15,120001,8,0.9938564151067443,0.9803791052790939,0.013477309827650386,0.013477309827650386,0.07072441062991142,0.014466546112115732,0.04479962666977775,0.04967522247975506,0.06320690384931926,0.06757805528644185,0.00801278471257231,-0.04467163538429765
2024,header,mid_density,random,0.1,15,239998,8,0.9364587911194467,0.9063463221822878,0.03011246893715891,0.03011246893715891,0.06501304177534813,0.012954274618955158,0.02843773698114151,0.019911235213874463,0.08139049549818138,0.08252126394764224,-0.0026100320228560287,-0.023806685128417833
2024,header,low_density,random,0.1,15,120001,8,0.884334947826236,0.8626000895279137,0.021734858298322335,0.021734858298322335,0.10136582195148373,0.016074866042782975,0.0603411638236348,0.039439787364547126,0.10185536847139581,0.08020163293512077,-0.025400802764909962,-0.01566188063960891
2024,header,high_density,random,0.1,16,120001,8,0.9938564151067443,0.9931014749961466,0.0007549401105976239,0.0007549401105976239,0.38193848384596796,0.0,0.37322188981758486,0.0,0.5265713546687987,0.34456819699586,-0.3445679297300803,-0.1418057656017294
2024,header,mid_density,random,0.1,16,239998,8,0.9364587911194467,0.8950605336707375,0.041398257448709286,0.041398257448709286,0.2576938141151176,0.0,0.20841007008391738,0.0,0.5964820225389065,0.25212266465644617,-0.2521214188020506,0.0977706707547577
2024,header,low_density,random,0.1,16,120001,8,0.884334947826236,0.8221697506061161,0.06216519722011993,0.06216519722011993,0.46257114524045634,1.6666527778935175e-05,0.3822801476654361,4.0891433244735225e-05,0.6452856198393608,0.3903449475147634,-0.3900686719662002,0.08086344904221902
2024,header,high_density,random,0.1,17,120001,8,0.9938564151067443,0.9895308774056427,0.004325537701101556,0.004325537701101556,0.6559945333788885,0.0,0.6472779393505054,0.0,0.9132315940461354,0.6313689436257507,-0.6313689436257507,0.07349122550324791
2024,header,mid_density,random,0.1,17,239998,8,0.9364587911194467,0.9358271146143965,0.0006316765050502493,0.0006316765050502493,0.2912857607146726,0.0,0.24192701605846714,0.0,0.692409516427166,0.30978031521656924,-0.30978031521656924,0.13960041308104168
2024,header,low_density,random,0.1,17,120001,8,0.884334947826236,0.8845962331616513,-0.0002612853354152511,-0.0002612853354152511,0.5508954092049233,0.0,0.46824609794918376,0.0,0.7903954087015234,0.5119293653133498,-0.5119293653133498,0.1520344419650821
2024,header,high_density,random,0.1,18,120001,8,0.9938564151067443,0.9885942047738143,0.005262210332929951,0.005262210332929951,0.024299797501687485,0.014099882500979159,0.00189998416679861,0.048416173062065415,0.0026806499400380936,0.025653356976718864,-0.002164321333353891,-0.016724750211556803
2024,header,mid_density,random,0.1,18,239998,8,0.9364587911194467,0.9385075834783487,-0.002048792358901985,-0.002048792358901985,0.03685030708589238,0.0032833606946724558,0.011562596354969625,0.005046655949994557,0.033092838828930896,0.03472885375882175,-0.009958073958277148,-0.009491511536302418
2024,header,low_density,random,0.1,18,120001,8,0.884334947826236,0.8798500323035765,0.004484915522659505,0.004484915522659505,0.051291239239673006,0.00479996000033333,0.02969975250206248,0.011776732774483746,0.05013292821876187,0.036832333352036346,-0.016505960163076767,-0.0069808181338904705
2024,header,high_density,random,0.1,19,120001,8,0.9938564151067443,0.9820309509274813,0.011825464179263001,0.011825464179263001,0.6662277814351547,0.0,0.6575111874067716,0.0,0.927669480565288,0.6453634356752138,-0.6453634356752138,0.07731414946035133
2024,header,mid_density,random,0.1,19,239998,8,0.9364587911194467,0.925267288065401,0.011191503054045704,0.011191503054045704,0.29894415786798223,0.0,0.24958541321177677,0.0,0.7143283048118777,0.3198472387447077,-0.3198472387447077,0.1373267239535275
2024,header,low_density,random,0.1,19,120001,8,0.884334947826236,0.8648888257436027,0.0194461220826333,0.0194461220826333,0.5655619536503862,0.0,0.48287930933908885,0.0,0.815096144378332,0.5319474615128035,-0.5318183499490873,0.16136983720813067
2024,header,high_density,random,0.1,20,120001,8,0.9938564151067443,0.9875815849758682,0.006274830130876041,0.006274830130876041,0.07290772576895192,0.013008224931458905,0.05162456979525171,0.044667639568489424,0.07283608060761398,0.06762106873797749,-0.06161483847229394,-0.03290096060825906
2024,header,mid_density,random,0.1,20,239998,8,0.9364587911194467,0.9332615169680671,0.0031972741513796032,0.0031972741513796032,0.11227593563279693,0.0008333402778356486,0.07638813656780473,0.0012808771446686691,0.21862739252280722,0.10293725188454154,-0.09547569861403589,0.019955549289973108
2024,header,low_density,random,0.1,20,120001,8,0.884334947826236,0.8747962403338008,0.009538707492435239,0.009538707492435239,0.170198581678486,0.004474962708644095,0.11979066841109658,0.01097934982621141,0.2022056237779747,0.12942981473158957,-0.11685317480427536,-5.265147300655251e-05
2024,imports,high_density,important,0.01,0,221898,13,0.8785243377072808,0.8443478834767264,0.034176454230554376,0.034176454230554376,0.053826532911517906,0.0014736500554308736,0.048702557030707805,0.0032614875175791184,0.08884632143180118,0.03774410654236368,-0.028561195923133078,-0.0007097555393105952
2024,imports,mid_density,important,0.01,0,138102,13,0.9305747395786919,0.8753641259178071,0.055210613660884755,0.055210613660884755,0.1251104256274348,0.041534517964982406,0.04869589144255695,0.11051171393341554,0.07801805146291098,0.12251769610320307,0.006634321673380065,-0.021466334889337108
2024,imports,low_density,important,0.01,0,120000,13,0.864757853503618,0.8347763093701855,0.02998154413343246,0.02998154413343246,0.09098333333333333,0.04745833333333333,0.014983333333333333,0.06483747936471794,0.055899269392196485,0.08877703083385505,0.04007065977942325,-0.019934435357948952
2024,imports,high_density,random,0.01,1,221898,13,0.8785243377072808,0.8681889792457328,0.010335358461547983,0.010335358461547983,0.0028661817591866534,0.0,0.002027958791877349,0.0,0.003699532214704407,0.015342923582118178,-0.015342923582118178,0.00034341578057615777
2024,imports,mid_density,random,0.01,1,138102,13,0.9305747395786919,0.9270633727281357,0.003511366850556197,0.003511366850556197,0.06784840190583771,0.00018102561874556487,0.050390291234015436,0.0004816584463625154,0.08073273161790297,0.05775133848011618,-0.05661496688534184,-0.00013930693193311855
2024,imports,low_density,random,0.01,1,120000,13,0.864757853503618,0.8621738792753405,0.002583974228277497,0.002583974228277497,0.055391666666666665,0.00055,0.02635,0.0007514088916718848,0.09830561168972486,0.05220274222364493,-0.05085179164916072,0.008137394920696211
2024,imports,high_density,random,0.01,2,221898,13,0.8785243377072808,0.8623500935124416,0.01617424419483915,0.01617424419483915,0.013380021451297443,0.0,0.011406141560536823,0.0,0.020807813412037454,0.011307155736449819,-0.010593529888350477,0.0021641438157127147
2024,imports,mid_density,random,0.01,2,138102,13,0.9305747395786919,0.9289673841342585,0.001607355444433356,0.001607355444433356,0.02209960753645856,0.0011295998609723247,0.011629085748215088,0.003005548705302096,0.01863152277315019,0.020407064718951966,-0.016225440948446124,0.001837969415111389
2024,imports,low_density,random,0.01,2,120000,13,0.864757853503618,0.8653681257688635,-0.0006102722652454595,-0.0006102722652454595,0.02235,0.00335,0.006833333333333334,0.004576763249274207,0.02549354888854345,0.022328833149622983,-0.011911775961097404,0.0021358021711353034
2024,imports,high_density,random,0.01,3,221898,13,0.8785243377072808,0.8910849926608807,-0.012560654953599926,-0.012560654953599926,0.005854041045885948,0.0014421040297794483,0.0002839142308628289,0.003191669741973449,0.000517934510058617,0.008458626985003482,0.00392243647722882,-0.005313325151497777
2024,imports,mid_density,random,0.01,3,138102,13,0.9305747395786919,0.9287638242936523,0.001810915285039516,0.001810915285039516,0.022273392130454303,0.007342399096320111,0.004315650750894267,0.019536066584463625,0.006914313557159098,0.025165266078258818,0.0061828233698868265,-0.006749255403641142
2024,imports,low_density,random,0.01,3,120000,13,0.864757853503618,0.8590844517896532,0.0056734017139647985,0.0056734017139647985,0.023441666666666666,0.009091666666666666,0.005116666666666667,0.0124210166790004,0.01908907197264107,0.02273903120071348,0.006572286516975503,-0.003939928998069111
2024,imports,high_density,random,0.01,4,221898,13,0.8785243377072808,0.8816628080063535,-0.003138470299072771,-0.003138470299072771,0.004957232602366853,0.0006669731137729948,0.0002839142308628289,0.0014761472556627203,0.000517934510058617,0.007349094344357384,0.0005318194766416099,-0.005949945180219048
2024,imports,mid_density,random,0.01,4,138102,13,0.9305747395786919,0.925657610884093,0.004917128694598816,0.004917128694598816,0.015379936568623192,0.001411999826215406,0.007574111888314434,0.00375693588162762,0.01213485231675909,0.023422927293807315,-0.012877701768367248,-0.008875461452280967
2024,imports,low_density,random,0.01,4,120000,13,0.864757853503618,0.8641868395204322,0.0005710139831858196,0.0005710139831858196,0.012625,0.005391666666666667,0.0016833333333333333,0.007366084135025901,0.0062801181408363126,0.012536159540784571,0.0028754995003625904,-0.0009538164434660524
2024,imports,high_density,random,0.01,5,221898,13,0.8785243377072808,0.8785391568439792,-1.4819136698429602e-05,-1.4819136698429602e-05,0.0,0.0,0.0,0.0,0.0,0.0004933947043036861,0.00023918533530330551,0.00011193671620784956
2024,imports,mid_density,random,0.01,5,138102,13,0.9305747395786919,0.9296208938082695,0.0009538457704223458,0.0009538457704223458,0.012251813876699831,0.004344614849893557,0.00036205123749112974,0.01155980271270037,0.0005800598621777767,0.010864168872272395,0.006681354655616264,-0.0008715790111646889
2024,imports,low_density,random,0.01,5,120000,13,0.864757853503618,0.8639482989029029,0.0008095546007150789,0.0008095546007150789,0.012016666666666667,0.0068,0.0005416666666666666,0.009290146297034212,0.002020830094823566,0.011917008228839223,0.008417947641632579,-0.0015957959091044585
2024,imports,high_density,random,0.01,6,221898,13,0.8785243377072808,0.8818471344974308,-0.0033227967901500177,-0.0033227967901500177,0.004231674012384068,0.0006669731137729948,0.0,0.0014761472556627203,0.0,0.004493086276963705,0.0035991954273940415,-0.0033876192593139337
2024,imports,mid_density,random,0.01,6,138102,13,0.9305747395786919,0.9303770476139956,0.00019769196469621164,0.00019769196469621164,0.007842029804057871,0.0008906460442281792,0.0027443483801827635,0.002369759556103576,0.0043968537553075475,0.008567013839163171,-0.0004747471386461694,-0.0007765719569557515
2024,imports,low_density,random,0.01,6,120000,13,0.864757853503618,0.8655087686271701,-0.0007509151235520761,-0.0007509151235520761,0.010025,0.0022166666666666667,0.0017083333333333334,0.003028405533101839,0.006373387222135862,0.009375100930095304,-0.002166149318857946,0.0005390613643524209
2024,imports,high_density,random,0.01,7,221898,13,0.8785243377072808,0.8791905491080426,-0.0006662114007618403,-0.0006662114007618403,0.0,0.0,0.0,0.0,0.0,0.0014304325008965924,0.00045688035427921914,-0.000700677905224963
2024,imports,mid_density,random,0.01,7,138102,13,0.9305747395786919,0.9304300147324833,0.00014472484620853265,0.00014472484620853265,0.010999116594980521,0.0026936612069340055,0.0015495792964620354,0.007167077681874229,0.0024826562101208844,0.011064903277441054,0.004473637129141972,-0.0013681827578179877
2024,imports,low_density,random,0.01,7,120000,13,0.864757853503618,0.8679790930083133,-0.003221239504695328,-0.003221239504695328,0.01295,0.004933333333333333,0.0007583333333333333,0.006739910058632664,0.0028291621327529923,0.012600349389960009,0.005406799164786523,-0.00034523412791242944
2024,imports,high_density,random,0.01,8,221898,13,0.8785243377072808,0.8703683659004323,0.008155971806848461,0.008155971806848461,0.0,0.0,0.0,0.0,0.0,0.005218335943442734,-0.004938984269364193,0.0017169931647683268
2024,imports,mid_density,random,0.01,8,138102,13,0.9305747395786919,0.9290943513525651,0.0014803882261267276,0.0014803882261267276,0.011795629317461007,0.0018392202864549391,0.004221517429146573,0.004893649815043157,0.0067634979929928766,0.015073523269198719,-0.0059705744730865085,-0.0005045553898652966
2024,imports,low_density,random,0.01,8,120000,13,0.864757853503618,0.8653041199702207,-0.0005462664666027184,-0.0005462664666027184,0.016766666666666666,0.0034833333333333335,0.0038083333333333333,0.004758922980588604,0.014207990051297996,0.01561682416523213,-0.00515216080831412,0.0011888626907675453
2024,imports,high_density,random,0.01,9,221898,13,0.8785243377072808,0.8833188704347655,-0.004794532727484757,-0.004794532727484757,0.012686008886966084,0.0025642412279515813,0.0001847695788154918,0.00567518775994654,0.00033706849067306825,0.008376625171689486,0.0047665032632725635,-0.00015163200227486708
2024,imports,mid_density,random,0.01,9,138102,13,0.9305747395786919,0.9300572102680023,0.0005175293106896017,0.0005175293106896017,0.03217187296346179,0.007074481180576675,0.0057783377503584305,0.018823212083847102,0.009257755400357316,0.021312272634907894,0.004378766754806777,-0.005588320548537404
2024,imports,low_density,random,0.01,9,120000,13,0.864757853503618,0.8629580945456399,0.001799758957978126,0.001799758957978126,0.023066666666666666,0.007333333333333333,0.004875,0.010018785222291797,0.018187470853412095,0.02059317884132845,0.0007372855822869954,-0.0017366071071656772
2024,imports,high_density,random,0.01,10,221898,13,0.8785243377072808,0.8922906109289239,-0.013766273221643144,-0.013766273221643144,0.004943712877087671,0.000761611190727271,0.0,0.0016856005824797279,0.0,0.0061255645294180415,0.005622461368576406,-0.0025889456010388594
2024,imports,mid_density,random,0.01,10,138102,13,0.9305747395786919,0.9300334542328406,0.0005412853458512945,0.0005412853458512945,0.01163632677296491,0.0021867894744464237,0.0035408611026632487,0.005818434032059186,0.0056729854520986564,0.012080313489745009,0.000266429043585046,-0.00024662577446498
2024,imports,low_density,random,0.01,10,120000,13,0.864757853503618,0.8655385847885386,-0.0007807312849206216,-0.0007807312849206216,0.014833333333333334,0.0033583333333333334,0.0032833333333333334,0.004588148232481357,0.012249339344007461,0.014301687893900721,-0.0031776379212026242,0.001347104185916439
2024,imports,high_density,random,0.01,11,221898,13,0.8785243377072808,0.8775229519653196,0.0010013857419611805,0.0010013857419611805,0.006088382950725108,0.0025011491766487306,0.0,0.005535552208735201,0.0,0.006569934863045314,0.004484875423599231,-0.0007187864651339095
2024,imports,mid_density,random,0.01,11,138102,13,0.9305747395786919,0.9246712257044323,0.0059035138742595805,0.0059035138742595805,0.04634979942361443,0.020253146225253798,0.0016364715934599065,0.053887946979038225,0.002621870577043551,0.03971814168477448,0.033455295884494654,-0.005522669968666158
2024,imports,low_density,random,0.01,11,120000,13,0.864757853503618,0.8648767472035802,-0.00011889369996220811,-0.00011889369996220811,0.041675,0.021808333333333332,0.0022083333333333334,0.029794501053110947,0.008238768848126845,0.03684592005202465,0.027087803488261165,-0.004978234122601258
2024,imports,high_density,random,0.01,12,221898,13,0.8785243377072808,0.8740639838675497,0.0044603538397310905,0.0044603538397310905,0.0025777609532307635,9.46380769542763e-05,0.0010725648721484646,0.0002094533268170076,0.0019566414824436643,0.0044745016265357734,-0.0028677140254560495,-0.0012830424258424404
2024,imports,mid_density,random,0.01,12,138102,13,0.9305747395786919,0.9302278002141301,0.0003469393645617602,0.0003469393645617602,0.010108470550752343,0.0006951383759829691,0.004981825027877945,0.0018495684340320592,0.007981623703566207,0.01249497446059142,-0.007482558832024202,0.0009793878786461567
2024,imports,low_density,random,0.01,12,120000,13,0.864757853503618,0.8644769150174894,0.0002809384861286457,0.0002809384861286457,0.014133333333333333,0.001575,0.004275,0.0021517618261513065,0.015949012902222913,0.012997615211380788,-0.007750639314679158,0.0014450037135097672
2024,imports,high_density,random,0.01,13,221898,13,0.8785243377072808,0.8759163088806428,0.0026080288266380203,0.0026080288266380203,0.0003740457327240444,0.0,0.00026588793049058576,0.0,0.00048504977926124455,0.001755908893952606,-0.001704673657207873,-0.0003790429956623207
2024,imports,mid_density,random,0.01,13,138102,13,0.9305747395786919,0.9305347542946888,3.998528400306345e-05,3.998528400306345e-05,0.0069803478588289815,0.0001303384454968067,0.0037508508204081043,0.0003467940813810111,0.006009420172161767,0.0068592184647907175,-0.0063415868422080825,0.0008729430746747167
2024,imports,low_density,random,0.01,13,120000,13,0.864757853503618,0.8649519114538197,-0.00019405795020166483,-0.00019405795020166483,0.010066666666666666,0.0003333333333333333,0.003966666666666667,0.0004553993282859908,0.014798694232861806,0.008094085510545908,-0.0069342162924443985,0.0014765356499516944
2024,imports,high_density,random,0.01,14,221898,13,0.8785243377072808,0.8742291688712276,0.004295168836053187,0.004295168836053187,0.0,0.0,0.0,0.0,0.0,0.0021729490842693606,-0.0013968091744998392,0.0005384722516225675
2024,imports,mid_density,random,0.01,14,138102,13,0.9305747395786919,0.9294235529818452,0.001151186596846654,0.001151186596846654,0.012259054901449653,0.004670460963635574,0.000839958870979421,0.012426787916152898,0.001345738880252442,0.01343208116284603,0.008331911326403351,-8.69357843287992e-05
2024,imports,low_density,random,0.01,14,120000,13,0.864757853503618,0.8652187794952895,-0.0004609259916714681,-0.0004609259916714681,0.013241666666666667,0.005916666666666666,0.001375,0.008083338077076336,0.005129799471475206,0.012787491646172787,0.004727425936830245,-0.0011273115788280586
2024,imports,high_density,random,0.01,15,221898,13,0.8785243377072808,0.8780365216498104,0.0004878160574703916,0.0004878160574703916,0.005421409836952113,0.0011176306230790724,0.0,0.002473544050029423,0.0,0.004412386383268302,0.003940614190703352,-0.0016034949789870128
2024,imports,mid_density,random,0.01,15,138102,13,0.9305747395786919,0.9296163196232048,0.0009584199554870665,0.0009584199554870665,0.019746274492766218,0.0074799785665667405,0.0018826664349538746,0.019902127003699137,0.0030163112833244392,0.015805979328371068,0.009878218488822298,-0.002833946162173537
2024,imports,low_density,random,0.01,15,120000,13,0.864757853503618,0.8646267051514377,0.0001311483521803103,0.0001311483521803103,0.018141666666666667,0.009291666666666667,0.00046666666666666666,0.012694256275971993,0.0017410228509249185,0.017194682072560325,0.012780790263047508,-0.0024432414660751018
2024,imports,high_density,random,0.01,16,221898,13,0.8785243377072808,0.8916928872172482,-0.013168549509967375,-0.013168549509967375,0.017237649730957465,0.005971211998305527,0.0,0.013215507525358813,0.0,0.009577558492459472,0.00833448804077315,-0.006217201013942487
2024,imports,mid_density,random,0.01,16,138102,13,0.9305747395786919,0.9286127338090058,0.0019620057696860815,0.0019620057696860815,0.016980203038333985,0.007349640121069934,0.0006516922274840335,0.019555332922318126,0.0010441077519199981,0.017317878152883028,0.013575941332379538,-0.003362367227285031
2024,imports,low_density,random,0.01,16,120000,13,0.864757853503618,0.8600316275293637,0.004726225974254317,0.004726225974254317,0.020525,0.012625,0.001,0.0172482495588319,0.003730763251981968,0.018537012430538683,0.01376770123880351,-0.003034839546421484
2024,imports,high_density,random,0.01,17,221898,13,0.8785243377072808,0.8792240502163979,-0.0006997125091171563,-0.0006997125091171563,0.004943712877087671,0.000761611190727271,0.0,0.0016856005824797279,0.0,0.005935621977788526,0.00432055627754621,-0.0022695237195494394
2024,imports,mid_density,random,0.01,17,138102,13,0.9305747395786919,0.9296477045899387,0.0009270349887531282,0.0009270349887531282,0.015075813529130642,0.004221517429146573,0.0024040202169411016,0.01123227496917386,0.0038515974848604374,0.015054863143089077,0.005365376687538132,-0.0006271917059815074
2024,imports,low_density,random,0.01,17,120000,13,0.864757853503618,0.8655001197210712,-0.0007422662174532135,-0.0007422662174532135,0.014191666666666667,0.006208333333333333,0.0017083333333333334,0.008481812489326578,0.006373387222135862,0.012999565220532652,0.006366104299192777,-0.0007824396335245723
2024,imports,high_density,random,0.01,18,221898,13,0.8785243377072808,0.8696318630227011,0.008892474684579654,0.008892474684579654,0.0007255585899827849,0.0,0.0002839142308628289,0.0,0.000517934510058617,0.006929729732484872,-0.00467429023518353,0.002338584963285528
2024,imports,mid_density,random,0.01,18,138102,13,0.9305747395786919,0.9271550468621494,0.0034196927165424107,0.0034196927165424107,0.028109658078811314,0.006183835136348496,0.008935424541281082,0.016453452527743526,0.01431587739854753,0.019923366025195538,0.0025577393089360866,0.0005745060520711016
2024,imports,low_density,random,0.01,18,120000,13,0.864757853503618,0.8622593500059478,0.0024985034976702236,0.0024985034976702236,0.017641666666666667,0.005033333333333333,0.0048,0.0068765298571184606,0.017907663609513447,0.017674503012792886,-0.002051645714565363,-0.0005344960378086981
2024,imports,high_density,random,0.01,19,221898,13,0.8785243377072808,0.8921402070149594,-0.013615869307678663,-0.013615869307678663,0.006309205130285086,0.0011176306230790724,0.0007796374910995142,0.002473544050029423,0.001422264606986361,0.009297515497241744,0.0026067199346840693,-0.005749947633091393
2024,imports,mid_density,random,0.01,19,138102,13,0.9305747395786919,0.9299494988824585,0.0006252406962333756,0.0006252406962333756,0.02594459167861436,0.0014554459747143417,0.013917249569159027,0.003872533908754624,0.02229750110211374,0.027289471024757737,-0.01566203092543209,0.004690664895641111
2024,imports,low_density,random,0.01,19,120000,13,0.864757853503618,0.8581151545302637,0.006642698973354344,0.006642698973354344,0.0283,0.005891666666666667,0.009883333333333333,0.008049183127454887,0.03687237680708845,0.026310931204451476,-0.010110004260689332,-0.000306807213582531
2024,imports,high_density,random,0.01,20,221898,13,0.8785243377072808,0.8880255479997934,-0.009501210292512607,-0.009501210292512607,0.005024831228762765,0.001748551136107581,0.0,0.003869899562142807,0.0,0.0057988255420208905,0.005661413566412306,-0.0006260404635928175
2024,imports,mid_density,random,0.01,20,138102,13,0.9305747395786919,0.9274226730092197,0.0031520665694722005,0.0031520665694722005,0.047320096740090654,0.021303094813978074,0.0007965127224804855,0.056681565967940814,0.0012761316967911088,0.04243040650178004,0.038742379084740985,-0.00794108882086222
2024,imports,low_density,random,0.01,20,120000,13,0.864757853503618,0.8647339434460826,2.3910057535436735e-05,2.3910057535436735e-05,0.044941666666666664,0.027166666666666665,0.000175,0.037115045255308246,0.0006528835690968443,0.04042878399578495,0.03796974635308023,-0.005407583334965375
2024,imports,high_density,important,0.05,0,221898,65,0.8785243377072808,0.8235739811621081,0.05495035654517266,0.05495035654517266,0.07402950905370936,0.0,0.07028454515137586,0.0,0.12821756537895543,0.07377881453483316,-0.06978271012723028,-0.01626987273463696
2024,imports,mid_density,important,0.05,0,138102,65,0.9305747395786919,0.8293897804983745,0.10118495908031733,0.10118495908031733,0.2483019796961666,0.027226253059332958,0.1837265209772487,0.07244143033292232,0.2943571776607346,0.21436807494524096,-0.13083451006318833,-0.05330623225494935
2024,imports,low_density,important,0.05,0,120000,65,0.864757853503618,0.7483263549946252,0.11643149850899281,0.11643149850899281,0.173025,0.05595833333333333,0.07085,0.0764501622360107,0.26432457640292245,0.16300936718833905,-0.02430504746958779,-0.029039650994361156
2024,imports,high_density,random,0.05,1,221898,65,0.8785243377072808,0.8901399324464316,-0.011615594739150858,-0.011615594739150858,0.01794968859566107,0.0061740078774932625,0.0,0.01366433608282383,0.0,0.019355125478846054,0.01485060241424821,-0.007036330004374682
2024,imports,mid_density,random,0.05,1,138102,65,0.9305747395786919,0.9195245310328666,0.01105020854582528,0.01105020854582528,0.0621714385019768,0.02737831457907923,0.006010050542352754,0.07284602342786684,0.009628993712151094,0.05645257945956317,0.036773424717103965,-0.007552127742473299
2024,imports,low_density,random,0.05,1,120000,65,0.864757853503618,0.8576274103815066,0.007130443122111418,0.007130443122111418,0.070875,0.04473333333333333,0.0012916666666666667,0.061114589855979964,0.004818902533810042,0.06759315527236005,0.0583072737964934,-0.010457368772142667
2024,imports,high_density,random,0.05,2,221898,65,0.8785243377072808,0.8613045164432873,0.017219821263993462,0.017219821263993462,0.019315180848858485,0.0,0.0163723873130898,0.0,0.029867556746713583,0.021629732194232438,-0.018676363679113153,-0.008253073064553753
2024,imports,mid_density,random,0.05,2,138102,65,0.9305747395786919,0.9143306768820811,0.016244062696610717,0.016244062696610717,0.09117898364976612,0.0013178665044677122,0.06783391985633806,0.0035064734895191123,0.10868001577762824,0.08881127395193554,-0.08333769459914106,0.007008747391248949
2024,imports,low_density,random,0.05,2,120000,65,0.864757853503618,0.8502005145435462,0.01455733896007183,0.01455733896007183,0.0755,0.0024333333333333334,0.035,0.0033244150964877326,0.1305767138193689,0.07171301614884106,-0.06466023168698717,0.013520465908845224
2024,imports,high_density,random,0.05,3,221898,65,0.8785243377072808,0.7916350594652076,0.08688927824207315,0.08688927824207315,0.10160524204814825,0.0,0.09534560924388683,0.0,0.17393556237000254,0.09105691342526177,-0.09097592958392062,-0.0009686255420948774
2024,imports,mid_density,random,0.05,3,138102,65,0.9305747395786919,0.9113346170683323,0.01924012251035956,0.01924012251035956,0.21592011701495994,0.0007965127224804855,0.17857815238012484,0.002119297163995068,0.2861087264205666,0.20965344157681068,-0.2060781887573221,0.012668258913985615
2024,imports,low_density,random,0.05,3,120000,65,0.864757853503618,0.8428294537922015,0.02192839971141647,0.02192839971141647,0.15173333333333333,0.0011666666666666668,0.09261666666666667,0.0015938976490009677,0.34553085652106325,0.14233430804318337,-0.13956146499242822,0.028032972199615636
2024,imports,high_density,random,0.05,4,221898,65,0.8785243377072808,0.8496444436305925,0.02887989407668823,0.02887989407668823,0.056661168645053134,0.0,0.05075755527314352,0.0,0.09259518074270165,0.04465206049780402,-0.04374118476202006,-0.004232538970569843
2024,imports,mid_density,random,0.05,4,138102,65,0.9305747395786919,0.9144092850291213,0.016165454549570524,0.016165454549570524,0.12893368669534114,0.005228019869371913,0.0983548391768403,0.013910295930949446,0.15757906215921483,0.10783627129481357,-0.09067014903623581,-0.011526190896800402
2024,imports,low_density,random,0.05,4,120000,65,0.864757853503618,0.8556989000589522,0.009058953444665785,0.009058953444665785,0.077225,0.00915,0.03443333333333334,0.012500711561450446,0.12846261464324576,0.071264241593683,-0.04637636154978594,0.0022276262736795715
2024,imports,high_density,random,0.05,5,221898,65,0.8785243377072808,0.8838413618912673,-0.005317024183986496,-0.005317024183986496,0.006809434965614832,0.000761611190727271,0.0010725648721484646,0.0016856005824797279,0.0019566414824436643,0.010759911656015891,0.003268865989666202,-0.003703788051832301
2024,imports,mid_density,random,0.05,5,138102,65,0.9305747395786919,0.9251304832724396,0.0054442563062522265,0.0054442563062522265,0.04133901029673719,0.010933947372232118,0.009985373130005358,0.02909217016029593,0.015998050998863082,0.03378964707819755,0.006869232286839905,-0.0045449459540632545
2024,imports,low_density,random,0.05,5,120000,65,0.864757853503618,0.8632583197207155,0.0014995337829024624,0.0014995337829024624,0.038,0.016191666666666667,0.004933333333333333,0.022121022371492,0.018405098709777707,0.03722046582141961,0.014768896547365407,-0.0037214393074072372
2024,imports,high_density,random,0.05,6,221898,65,0.8785243377072808,0.8657371054136486,0.012787232293632211,0.012787232293632211,0.0011356569234513155,0.0,0.0009193413189843982,0.0,0.001677121270665998,0.014039662424252338,-0.011580005102963043,0.0001192591785149235
2024,imports,mid_density,random,0.05,6,138102,65,0.9305747395786919,0.9263020137613159,0.004272725817375922,0.004272725817375922,0.053583583148687206,0.0031570867909226515,0.03414867272016336,0.008400123304562268,0.0547112462006079,0.04878232264561604,-0.03634789728515993,0.004412918323955753
2024,imports,low_density,random,0.05,6,120000,65,0.864757853503618,0.8640865235362671,0.0006713299673508644,0.0006713299673508644,0.0492,0.004533333333333334,0.017683333333333332,0.006193430864689474,0.0659723301725478,0.04762191754636071,-0.0323953308930771,0.006897619324621379
2024,imports,high_density,random,0.05,7,221898,65,0.8785243377072808,0.8888792705226818,-0.010354932815401008,-0.010354932815401008,0.004754436723179118,0.0022848335721818132,0.0009914465204733706,0.005056801747439184,0.001808660193855488,0.006925377789432021,0.0006637718583983848,-0.0030874142176990616
2024,imports,mid_density,random,0.05,7,138102,65,0.9305747395786919,0.9183572177794557,0.012217521799236186,0.012217521799236186,0.06986864781103821,0.02838481701930457,0.008602337402789243,0.07552404438964241,0.013782222325343976,0.05333900621894594,0.040444979152466344,-0.01264852823927299
2024,imports,low_density,random,0.05,7,120000,65,0.864757853503618,0.8554378634366752,0.00931999006694284,0.00931999006694284,0.04965833333333333,0.029583333333333333,0.00315,0.04041669038538168,0.0117519042437432,0.04678002810616279,0.03199112820092987,-0.008553126594712456
2024,imports,high_density,random,0.05,8,221898,65,0.8785243377072808,0.8832769281435793,-0.004752590436298498,-0.004752590436298498,0.010658050095088734,0.0,0.008260552145580401,0.0,0.015069427887895953,0.01387674612556834,-0.010359180097074027,-0.003891988481388698
2024,imports,mid_density,random,0.05,8,138102,65,0.9305747395786919,0.9198350350520663,0.010739704526625538,0.010739704526625538,0.05900711068630433,0.005010789126877236,0.03871775933730141,0.013332305795314426,0.062031601661291444,0.05012273040074891,-0.03410397862239191,-0.0026694854727900364
2024,imports,low_density,random,0.05,8,120000,65,0.864757853503618,0.8563196787895029,0.008438174714115121,0.008438174714115121,0.03994166666666667,0.0098,0.012025,0.013388740251608128,0.04486242810508317,0.03885883317574197,-0.012682948973270857,-8.54525672381777e-06
2024,imports,high_density,random,0.05,9,221898,65,0.8785243377072808,0.8825819901211025,-0.004057652413821722,-0.004057652413821722,0.029716356163642755,0.009495353721079054,0.011027589252719718,0.02101515045730643,0.020117234065292634,0.019702061120532566,0.009480989510978359,-0.006508250611890635
2024,imports,mid_density,random,0.05,9,138102,65,0.9305747395786919,0.9091453449309163,0.0214293946477756,0.0214293946477756,0.07201199113698571,0.03987632329727303,0.004648737889386106,0.10609972256473489,0.007447968630362654,0.06836704562088257,0.05444106704151933,-0.007965874936737064
2024,imports,low_density,random,0.05,9,120000,65,0.864757853503618,0.8526150990521413,0.012142754451476723,0.012142754451476723,0.06403333333333333,0.040675,0.001975,0.055570103034098026,0.007368257422664387,0.062375692963951956,0.0483620442748241,-0.015620891253958208
2024,imports,high_density,random,0.05,10,221898,65,0.8785243377072808,0.8844058523814418,-0.005881514674160981,-0.005881514674160981,0.0014736500554308736,9.46380769542763e-05,0.0006534533884938124,0.0002094533268170076,0.0011920714914047535,0.009985124036605019,-0.001456235324555156,0.0015048559580357072
2024,imports,mid_density,random,0.05,10,138102,65,0.9305747395786919,0.921637033414259,0.008937706164432901,0.008937706164432901,0.043619933092931315,0.013164182995177477,0.011310480659222893,0.03502620221948212,0.018121070094433745,0.039793298870918876,0.005282830014773062,-0.0056871044280824064
2024,imports,low_density,random,0.05,10,120000,65,0.864757853503618,0.8382349768328511,0.026522876670766915,0.026522876670766915,0.056475,0.026208333333333333,0.012683333333333333,0.03580577218648603,0.04731851391263796,0.053664226471962846,0.012402432866258643,-0.009024402419039654
2024,imports,high_density,random,0.05,11,221898,65,0.8785243377072808,0.8867372842183251,-0.008212946511044317,-0.008212946511044317,0.06340300498427205,0.03604358759430008,0.0,0.0797717956134489,0.0,0.04013649874084373,0.039936628609924564,0.0040316314737201325
2024,imports,mid_density,random,0.05,11,138102,65,0.9305747395786919,0.8983193901384359,0.03225534944025599,0.03225534944025599,0.14369089513547958,0.08275043084097261,0.0007965127224804855,0.22017570900123304,0.0012761316967911088,0.11989784713255952,0.11611925110089724,0.006894804292991646
2024,imports,low_density,random,0.05,11,120000,65,0.864757853503618,0.859367926367953,0.005389927135664996,0.005389927135664996,0.1158,0.0772,0.00085,0.10547048443103546,0.003171148764184673,0.109022227073931,0.10323702821893248,-0.00965126319364826
2024,imports,high_density,random,0.05,12,221898,65,0.8785243377072808,0.8788747970147529,-0.0003504593074721285,-0.0003504593074721285,0.001987399616039802,0.0012302950004055917,0.0,0.002722893248621099,0.0,0.009635782709603377,0.003399682018644494,0.00015739493706791577
2024,imports,mid_density,random,0.05,12,138102,65,0.9305747395786919,0.9231153271039457,0.00745941247474613,0.00745941247474613,0.05336635240619252,0.0211510332942318,0.004395302023142315,0.0562769728729963,0.00704192672683821,0.0494530001315328,0.028479551439631216,-0.008730941500360566
2024,imports,low_density,random,0.05,12,120000,65,0.864757853503618,0.8573956940287444,0.00736215947487362,0.00736215947487362,0.055266666666666665,0.028266666666666666,0.005825,0.03861786303865202,0.021731695942794962,0.05193654391755337,0.028064976872715586,-0.008148741959288589
2024,imports,high_density,random,0.05,13,221898,65,0.8785243377072808,0.8449778567641425,0.03354648094313828,0.03354648094313828,0.025020504916673427,0.0,0.022469783414001028,0.0,0.04099081693892483,0.037642033494257224,-0.03691244755078728,-0.0021771975499160633
2024,imports,mid_density,random,0.05,13,138102,65,0.9305747395786919,0.9088002134479032,0.021774526130788674,0.021774526130788674,0.09876033656283037,0.0009630562917264051,0.07381500629969154,0.002562422934648582,0.11826260470080513,0.09807635139152873,-0.09393370293735717,0.005125230397636215
2024,imports,low_density,random,0.05,13,120000,65,0.864757853503618,0.842267840516897,0.022490012986721042,0.022490012986721042,0.08276666666666667,0.0024666666666666665,0.041841666666666666,0.003369955029316332,0.15610135240167886,0.08070579881859248,-0.07445267978982066,0.012795636159102633
2024,imports,high_density,random,0.05,14,221898,65,0.8785243377072808,0.8624092204952251,0.01611511721205572,0.01611511721205572,0.012415614381382436,0.0018431892130618573,0.008648117603583628,0.004079352888959815,0.01577644960003946,0.013052115824783227,-0.007539407011179869,-0.0008960694134568952
2024,imports,mid_density,random,0.05,14,138102,65,0.9305747395786919,0.9214071690479899,0.00916757053070194,0.00916757053070194,0.06018015669577559,0.010275014119998262,0.027914150410566104,0.027338933415536375,0.04472261537390659,0.04577793363829882,-0.015083924646699453,-0.0049846512204283966
2024,imports,low_density,random,0.05,14,120000,65,0.864757853503618,0.8660305916250857,-0.0012727381214676647,-0.0012727381214676647,0.045391666666666663,0.011791666666666667,0.009683333333333334,0.016109751238116924,0.036126224156692054,0.04452606611591008,-0.006880625830901906,0.0018406335175860174
2024,imports,high_density,random,0.05,15,221898,65,0.8785243377072808,0.8886341344537046,-0.010109796746423871,-0.010109796746423871,0.006539040460031185,0.0006669731137729948,0.001730524835735338,0.0014761472556627203,0.003156934156547761,0.013851266788441275,-0.0021376333615941642,-0.01131586312141642
2024,imports,mid_density,random,0.05,15,138102,65,0.9305747395786919,0.9262702003209555,0.004304539257736328,0.004304539257736328,0.04372130743942883,0.008204081041549,0.017016408162083097,0.0218287607891492,0.027262813522355506,0.04102528113917108,-0.007942636000015098,-0.004330135153206591
2024,imports,low_density,random,0.05,15,120000,65,0.864757853503618,0.8624934530816003,0.0022644004220176983,0.0022644004220176983,0.04293333333333333,0.013516666666666666,0.008625,0.018466442761996927,0.03217783304834448,0.040146501108276895,-8.115920330525054e-05,-0.0020488274600144415
2024,imports,high_density,random,0.05,16,221898,65,0.8785243377072808,0.8836853152978215,-0.005160977590540683,-0.005160977590540683,0.0007120388647036026,9.46380769542763e-05,0.0,0.0002094533268170076,0.0,0.01061481365272608,-0.0018836863461361149,-0.0028200564903685067
2024,imports,mid_density,random,0.05,16,138102,65,0.9305747395786919,0.9183133681863602,0.012261371392331633,0.012261371392331633,0.052432260213465406,0.015220634024127095,0.01228077797569912,0.040497842170160295,0.019675630525070188,0.05145437631795924,-0.0004880184305230834,-0.014369743878398013
2024,imports,low_density,random,0.05,16,120000,65,0.864757853503618,0.8621935280609087,0.0025643254427093476,0.0025643254427093476,0.04455,0.022133333333333335,0.003675,0.030238515398189787,0.013710554951033732,0.043438732995843,0.021015458238993645,-0.004179219400593385
2024,imports,high_density,random,0.05,17,221898,65,0.8785243377072808,0.8920863283021782,-0.013561990594897377,-0.013561990594897377,0.008206473244463672,0.0018206563375965533,0.0007796374910995142,0.004029483049241479,0.001422264606986361,0.01697598067301407,0.0031219729317241095,-0.008426198107913447
2024,imports,mid_density,random,0.05,17,138102,65,0.9305747395786919,0.9195557847977125,0.011018954780979362,0.011018954780979362,0.05631344947937032,0.017335013251075292,0.016393680033598354,0.04612361282367448,0.02626511055940973,0.0513270603679275,0.002092075915839208,0.0004362571255856698
2024,imports,low_density,random,0.05,17,120000,65,0.864757853503618,0.8481858942464962,0.01657195925712185,0.01657195925712185,0.055125,0.028291666666666666,0.00805,0.03865201798827347,0.030032644178454842,0.05410939774306942,0.021219666427191277,-0.007767385787606179
2024,imports,high_density,random,0.05,18,221898,65,0.8785243377072808,0.8781877916246725,0.0003365460826082467,0.0003365460826082467,0.003059964488188267,0.002190195495227537,0.0002839142308628289,0.004847348420622176,0.000517934510058617,0.011549237871406496,-0.0038573490931133785,0.0020341016966972316
2024,imports,mid_density,random,0.05,18,138102,65,0.9305747395786919,0.916908769948838,0.013665969629853891,0.013665969629853891,0.06815976597008008,0.026980058217838988,0.009000593764029485,0.07178637484586929,0.01442028817373953,0.06078742652410548,0.023056964648780633,-0.012973837537901085
2024,imports,low_density,random,0.05,18,120000,65,0.864757853503618,0.8509259062797492,0.013831947223868823,0.013831947223868823,0.057025,0.0297,0.007325,0.04057608015028178,0.027327840820767915,0.05432414521780941,0.02638642159515535,-0.008662237913774332
2024,imports,high_density,random,0.05,19,221898,65,0.8785243377072808,0.8762703966733248,0.0022539410339559307,0.0022539410339559307,0.023150276253053204,0.007593579031807407,0.00406493073394082,0.016806135985078945,0.007415506794807501,0.015513085082312932,0.008655914307863371,-0.002858489379317932
2024,imports,mid_density,random,0.05,19,138102,65,0.9305747395786919,0.9178514861335725,0.012723253445119376,0.012723253445119376,0.06225833079897467,0.025597022490622873,0.010202603872500037,0.06810650431565968,0.01634608691616975,0.05505638822515923,0.02734525480342422,-0.004792095948706941
2024,imports,low_density,random,0.05,19,120000,65,0.864757853503618,0.8490839398813069,0.015673913622311075,0.015673913622311075,0.059166666666666666,0.03403333333333333,0.005383333333333334,0.04649627141799966,0.020083942173169594,0.05742555242046105,0.031115263375215547,-0.011662649737230803
2024,imports,high_density,random,0.05,20,221898,65,0.8785243377072808,0.872809898824361,0.005714438882919781,0.005714438882919781,0.008413775698744469,0.0060433171997945,0.0003785523078171052,0.013375091012457485,0.0006905793467448227,0.014363454823885116,0.007121880506630724,0.00030505020136736274
2024,imports,mid_density,random,0.05,20,138102,65,0.9305747395786919,0.8916259574179486,0.03894878216074327,0.03894878216074327,0.13053395316505192,0.08062156956452478,0.005894194146355592,0.21451140567200985,0.009443374556254205,0.10831279604909382,0.07844675010789245,-0.007664462459893966
2024,imports,low_density,random,0.05,20,120000,65,0.864757853503618,0.8533087607888223,0.011449092714795661,0.011449092714795661,0.0927,0.054408333333333336,0.004675,0.07433255535948084,0.0174413182030157,0.08417802891112651,0.05930431168804317,-0.00705026721788398
2024,imports,high_density,important,0.1,0,221898,129,0.8785243377072808,0.8001106737515695,0.07841366395571125,0.07841366395571125,0.09235324338209448,0.0,0.08831985867380508,0.0,0.16111873854172662,0.09591780214684884,-0.09261772639728565,-0.02727872019601059
2024,imports,mid_density,important,0.1,0,138102,129,0.9305747395786919,0.7795932524091296,0.15098148716956228,0.15098148716956228,0.3047023214725348,0.03725507233783725,0.22711474127818568,0.09912530826140567,0.3638715515441194,0.2627296041018872,-0.16265472416245136,-0.06111620712735335
2024,imports,low_density,important,0.1,0,120000,129,0.864757853503618,0.6844559335889311,0.18030191991468691,0.18030191991468691,0.22705,0.07694166666666667,0.09581666666666666,0.10511754995161382,0.3574692989274056,0.2127327165859488,-0.02605223588275424,-0.03996094603324918
2024,imports,high_density,random,0.1,1,221898,129,0.8785243377072808,0.8379285005422414,0.04059583716503934,0.04059583716503934,0.03257803134773635,0.0,0.02846352828777186,0.0,0.051924989929051195,0.03766911905181055,-0.03672768380221685,-0.009019733230421535
2024,imports,mid_density,random,0.1,1,138102,129,0.9305747395786919,0.9087258239891602,0.021848915589531615,0.021848915589531615,0.09684146500412738,0.0017595690142068905,0.07251886286947329,0.00468172009864365,0.11618599039420868,0.09278124472113734,-0.08179843382749707,-0.0024802017934483175
2024,imports,low_density,random,0.1,1,120000,129,0.864757853503618,0.8511702850416284,0.013587568461989608,0.013587568461989608,0.07749166666666667,0.005475,0.03481666666666667,0.007479933967097399,0.12989274055650551,0.0739050565516686,-0.05699944573097114,0.008527396905257306
2024,imports,high_density,random,0.1,2,221898,129,0.8785243377072808,0.7938913738438549,0.08463296386342589,0.08463296386342589,0.05717491820566206,0.0,0.05315505322265185,0.0,0.09696884993875218,0.06376375664245888,-0.06366160072609052,-0.0034934042467044163
2024,imports,mid_density,random,0.1,2,138102,129,0.9305747395786919,0.9084066500285208,0.022168089550171022,0.022168089550171022,0.18544988486770647,0.00035481021274130715,0.1521918581917713,0.0009440505548705303,0.24383396366505022,0.18294108273290574,-0.18059285005324752,0.0021477742831107873
2024,imports,low_density,random,0.1,2,120000,129,0.864757853503618,0.8420414653547643,0.022716388148853683,0.022716388148853683,0.14755,0.0009333333333333333,0.08698333333333333,0.0012751181192007742,0.32451422353489817,0.1404038224204067,-0.137412993928743,0.029548480172838162
2024,imports,high_density,random,0.1,3,221898,129,0.8785243377072808,0.89688807798515,-0.018363740277869245,-0.018363740277869245,0.011316010058675607,0.003294306393027427,0.00027039450558364654,0.007290970566820598,0.0004932709619605877,0.013555555397836323,0.008446476708879708,-0.0037934977850847913
2024,imports,mid_density,random,0.1,3,138102,129,0.9305747395786919,0.9208378040395211,0.009736935539170766,0.009736935539170766,0.07122271943925504,0.0282979247223067,0.01118738323847591,0.07529284833538841,0.017923849741293303,0.06689705236204362,0.03435559753840562,-0.00941104600710457
2024,imports,low_density,random,0.1,3,120000,129,0.864757853503618,0.8681325395040379,-0.003374686000419902,-0.003374686000419902,0.07319166666666667,0.03630833333333333,0.003875,0.04960437183355155,0.014456707601430125,0.06996257697813586,0.03695998825673944,-0.0035850524811906763
2024,imports,high_density,random,0.1,4,221898,129,0.8785243377072808,0.8860439479411212,-0.007519610233840401,-0.007519610233840401,0.032997142831391,0.012055088373937576,0.00026588793049058576,0.026680364249309304,0.00048504977926124455,0.0234914559243291,0.020190004804038077,-0.006265370856273785
2024,imports,mid_density,random,0.1,4,138102,129,0.9305747395786919,0.9155503877439116,0.015024351834780236,0.015024351834780236,0.08856497371508015,0.04160692821248063,0.004105661033149411,0.11070437731196055,0.0065778788370959886,0.07496031249369572,0.0583991660591033,-0.006644016591126785
2024,imports,low_density,random,0.1,4,120000,129,0.864757853503618,0.856169539655292,0.008588313848326035,0.008588313848326035,0.083875,0.050075,0.004833333333333334,0.06841236409176296,0.018032022384579512,0.07841865089278177,0.059977947888867775,-0.012249795811885447
2024,imports,high_density,random,0.1,5,221898,129,0.8785243377072808,0.8873355448516783,-0.008811207144397537,-0.008811207144397537,0.015498111745036007,0.007057296595733175,0.0,0.015619233799782568,0.0,0.019053560431463487,0.01415951852879326,-0.008073283606761931
2024,imports,mid_density,random,0.1,5,138102,129,0.9305747395786919,0.9101950938052281,0.02037964577346374,0.02037964577346374,0.11393028341370871,0.0639020434171844,0.0033670765086675066,0.17002543156596794,0.005394556718253324,0.09588624703572574,0.08074152275330441,-0.01641235590793165
2024,imports,low_density,random,0.1,5,120000,129,0.864757853503618,0.8440653536263298,0.020692499877288162,0.020692499877288162,0.12185833333333333,0.08451666666666667,0.0025833333333333333,0.11546649968691296,0.009637805067620084,0.11496031747795032,0.10230340180552511,-0.02100851664703972
2024,imports,high_density,random,0.1,6,221898,129,0.8785243377072808,0.8651889380640532,0.013335399643227608,0.013335399643227608,0.004853581375226455,0.0,0.004028878133196334,0.0,0.007349737333212756,0.02055053910337868,-0.018848958400648992,-0.00010655072548829973
2024,imports,mid_density,random,0.1,6,138102,129,0.9305747395786919,0.9220817264551628,0.008493013123529014,0.008493013123529014,0.055712444425135045,0.0038522251669056203,0.03468450855165023,0.010249691738594328,0.055569734796631014,0.058320014375534655,-0.03723192402883481,-0.007934236756794158
2024,imports,low_density,random,0.1,6,120000,129,0.864757853503618,0.8543281413556543,0.010429712147963732,0.010429712147963732,0.06906666666666667,0.009733333333333333,0.026283333333333332,0.01329766038595093,0.09805689413959273,0.06538997484891167,-0.03746524670900745,0.00037419025129506065
2024,imports,high_density,random,0.1,7,221898,129,0.8785243377072808,0.8406564125489868,0.03786792515829396,0.03786792515829396,0.019094358669298508,0.0,0.018702286636202218,0.0,0.03411790820227398,0.028820757371913277,-0.026273404965719116,-0.005749985044859527
2024,imports,mid_density,random,0.1,7,138102,129,0.9305747395786919,0.9046403590276225,0.025934380551069336,0.025934380551069336,0.10322080780872109,0.001571302370711503,0.07773240068934556,0.004180795314426634,0.12453885240956866,0.09772198065648385,-0.08858152520773252,0.006957342474856344
2024,imports,low_density,random,0.1,7,120000,129,0.864757853503618,0.8523776641920359,0.012380189311582135,0.012380189311582135,0.08639166666666667,0.00385,0.04019166666666667,0.005259862241703194,0.1499455930359086,0.08167182596295577,-0.06742228567496894,0.011587852921723586
2024,imports,high_density,random,0.1,8,221898,129,0.8785243377072808,0.8898807475282084,-0.011356409820927671,-0.011356409820927671,0.04234828614949211,0.017922649145102706,0.0005092429855158676,0.03966647051196377,0.0009289936450257734,0.04137036836454546,0.03996658403770282,-0.004595910753808377
2024,imports,mid_density,random,0.1,8,138102,129,0.9305747395786919,0.9160254287649081,0.014549310813783745,0.014549310813783745,0.1511636326772965,0.07725449305585727,0.0019767997567015686,0.2055525585696671,0.003167126847490661,0.12030327162015313,0.11509014898176943,0.002338370521799438
2024,imports,low_density,random,0.1,8,120000,129,0.864757853503618,0.8500844427549356,0.014673410748682447,0.014673410748682447,0.11984166666666667,0.08174166666666667,0.0011416666666666667,0.11167530027893209,0.0042592880460127465,0.11120838253430985,0.10433419234983544,-0.017992010671145062
2024,imports,high_density,random,0.1,9,221898,129,0.8785243377072808,0.8628408121284864,0.015683525578794377,0.015683525578794377,0.01805784639789453,0.0003560194323518013,0.01580005227627108,0.0007879434675496953,0.028823466543897006,0.02332574385731511,-0.020286032631052057,-0.0072818224435407366
2024,imports,mid_density,random,0.1,9,138102,129,0.9305747395786919,0.9097880441952114,0.020786695383480436,0.020786695383480436,0.09372058333695385,0.006299691532345658,0.06603090469363224,0.016761713933415537,0.10579131766398292,0.08952118447273537,-0.07337295290063982,0.005862853699287051
2024,imports,low_density,random,0.1,9,120000,129,0.864757853503618,0.8395523922972492,0.025205461206368796,0.025205461206368796,0.08056666666666666,0.010816666666666667,0.03684166666666667,0.0147777082028804,0.137447536141769,0.07494191392961029,-0.044591341166311055,0.005337113476252091
2024,imports,high_density,random,0.1,10,221898,129,0.8785243377072808,0.8653355201419655,0.013188817565315314,0.013188817565315314,0.014222750993699807,0.0003560194323518013,0.011293477183210304,0.0007879434675496953,0.020602283844553877,0.023310926021941798,-0.018482484113914927,-0.006397536436316859
2024,imports,mid_density,random,0.1,10,138102,129,0.9305747395786919,0.903522127238155,0.027052612340536908,0.027052612340536908,0.08060708751502513,0.01802291060230844,0.039087051599542365,0.047953914919852035,0.06262326272071278,0.08358707206224268,-0.017749061785154355,-0.017274694743471732
2024,imports,low_density,random,0.1,10,120000,129,0.864757853503618,0.8456209734503979,0.019136880053220118,0.019136880053220118,0.07763333333333333,0.0232,0.023041666666666665,0.03169579324870496,0.08596300326441784,0.07456339061984485,-0.011612679715159419,-0.007436143492132749
2024,imports,high_density,random,0.1,11,221898,129,0.8785243377072808,0.8893748698945318,-0.010850532187251072,-0.010850532187251072,0.04240236505060884,0.0166022226428359,0.005074403554786434,0.036744097904469336,0.009257051719460362,0.030369541379942855,0.016817862667162245,-0.008603113126926493
2024,imports,mid_density,random,0.1,11,138102,129,0.9305747395786919,0.896094471543329,0.03448026803536286,0.03448026803536286,0.08760915844810357,0.03509000593764029,0.025488407119375535,0.09336467324290999,0.04083621429731548,0.08736830988886837,0.01492548201075479,0.0006404961705805491
2024,imports,low_density,random,0.1,11,120000,129,0.864757853503618,0.8347500948844464,0.0300077586191716,0.0300077586191716,0.09425833333333333,0.04103333333333333,0.019741666666666668,0.05605965731200546,0.07365148453287736,0.0901478477699805,0.01573004523298821,-0.010882519364966689
2024,imports,high_density,random,0.1,12,221898,129,0.8785243377072808,0.7810739206003686,0.09745041710691216,0.09745041710691216,0.09859935646107672,0.0,0.09181245437092718,0.0,0.16749015513371754,0.09847204056158507,-0.09798186972535917,-0.01271133479398621
2024,imports,mid_density,random,0.1,12,138102,129,0.9305747395786919,0.903098101847261,0.02747663773143083,0.02747663773143083,0.2411912933918408,0.002302645870443585,0.20576095929095886,0.0061266954377311965,0.3296596208728741,0.21550184792413543,-0.2065596625664234,-0.008734723646867278
2024,imports,low_density,random,0.1,12,120000,129,0.864757853503618,0.8501397371743089,0.014618116329309094,0.014618116329309094,0.14250833333333332,0.0019916666666666668,0.08388333333333334,0.002721010986508795,0.31294885745375406,0.13500053698631365,-0.128998538776278,0.024635309207268568
2024,imports,high_density,random,0.1,13,221898,129,0.8785243377072808,0.8003359760666137,0.07818836164066711,0.07818836164066711,0.0891220290403699,0.0,0.08220894284761467,0.0,0.14997081480141733,0.08795971083849217,-0.0873607001562122,-0.01408580783001186
2024,imports,mid_density,random,0.1,13,138102,129,0.9305747395786919,0.9128943854539697,0.01768035412472213,0.01768035412472213,0.21408089672850503,0.00047066660873846866,0.17873745492462093,0.0012523119605425401,0.2863639527599248,0.2040148972547133,-0.2025754664046389,0.008783811606864695
2024,imports,low_density,random,0.1,13,120000,129,0.864757853503618,0.8455040318157985,0.019253821687819528,0.019253821687819528,0.1384,0.001925,0.08088333333333333,0.002629931120851597,0.3017565676978082,0.13014037798449013,-0.12399054311246238,0.021661535790273457
2024,imports,high_density,random,0.1,14,221898,129,0.8785243377072808,0.8834626875464335,-0.004938349839152756,-0.004938349839152756,0.029333297280732588,0.009675616724801486,0.0034114773454470074,0.02141410917505311,0.006223435303402748,0.019100456641700517,0.016321665409775903,0.002347745090958736
2024,imports,mid_density,random,0.1,14,138102,129,0.9305747395786919,0.9201754561190936,0.010399283459598285,0.010399283459598285,0.10181604900725551,0.04445989196391073,0.005329394215869429,0.11829531442663378,0.008538481171256874,0.08169336615782813,0.06700061062626293,-0.0010068587491208014
2024,imports,low_density,random,0.1,14,120000,129,0.864757853503618,0.8544078486265517,0.010350004877066277,0.010350004877066277,0.09231666666666667,0.05590833333333333,0.004491666666666666,0.07638185233676781,0.01675734494015234,0.08508936602391755,0.06371490636488458,-0.01115964751539276
2024,imports,high_density,random,0.1,15,221898,129,0.8785243377072808,0.8584592850820445,0.02006505262523628,0.02006505262523628,0.025061064092510972,0.0003560194323518013,0.017607188888588452,0.0007879434675496953,0.0321201608063336,0.019922709711377867,-0.015162009474737947,-0.0028668364940956244
2024,imports,mid_density,random,0.1,15,138102,129,0.9305747395786919,0.8961269852486199,0.03444775433007197,0.03444775433007197,0.08538616384990803,0.030933657731242126,0.027523135074075684,0.08230579531442664,0.044096150722754586,0.08064462710846315,0.009697635747011742,-0.005057208027863569
2024,imports,low_density,random,0.1,15,120000,129,0.864757853503618,0.8462082601902435,0.01854959331337447,0.01854959331337447,0.07360833333333333,0.03735,0.010641666666666667,0.05102749473444527,0.03970153893984144,0.07134893048835887,0.031042205932825487,-0.012086545884689591
2024,imports,high_density,random,0.1,16,221898,129,0.8785243377072808,0.8918955521091473,-0.013371214401866505,-0.013371214401866505,0.036512271403978405,0.012519265608522834,0.0007841440661925749,0.027707682947507008,0.0014304857896857042,0.027971626572944837,0.020731205891659308,-0.003327107340417778
2024,imports,mid_density,random,0.1,16,138102,129,0.9305747395786919,0.9189767057087603,0.011598033869931523,0.011598033869931523,0.07865201083257302,0.031020550028239998,0.009478501397517776,0.08253699136868065,0.015185967191814195,0.06378351169312067,0.03528471634328048,-0.0030225089035104697
2024,imports,low_density,random,0.1,16,120000,129,0.864757853503618,0.8593119259840526,0.005445927519565408,0.005445927519565408,0.06285,0.027433333333333334,0.007841666666666667,0.037479364717937044,0.02925540183429193,0.058576360882520925,0.019472671850012266,-0.004172287476369167
2024,imports,high_density,random,0.1,17,221898,129,0.8785243377072808,0.8908670819156657,-0.012342744208384882,-0.012342744208384882,0.048990977836663695,0.025363004623746046,0.0,0.05613349158695804,0.0,0.04080608957771277,0.04043977590461866,0.0033634166922523775
2024,imports,mid_density,random,0.1,17,138102,129,0.9305747395786919,0.9059863264494937,0.024588413129198128,0.024588413129198128,0.21757831168266933,0.1380284137811183,0.000535835831486872,0.3672549321824908,0.0008584885960231096,0.17249276561227678,0.17066613202739925,0.010969434518796149
2024,imports,low_density,random,0.1,17,120000,129,0.864757853503618,0.84224946420186,0.022508389301758025,0.022508389301758025,0.187175,0.13885833333333333,0.0008166666666666667,0.18970797518073662,0.003046789989118607,0.17161758931365548,0.16795903617607327,-0.021741134136435882
2024,imports,high_density,random,0.1,18,221898,129,0.8785243377072808,0.8932661032375946,-0.01474176553031381,-0.01474176553031381,0.029504547134268897,0.01715202480418931,0.0,0.037960921993596713,0.0,0.02772958975419099,0.02340793991773637,-0.008913564807495236
2024,imports,mid_density,random,0.1,18,138102,129,0.9305747395786919,0.9027920869665869,0.027782652612104997,0.027782652612104997,0.10823883796034815,0.06252624871471811,0.005474214710865882,0.16636482737361283,0.008770505116127984,0.09847941321496473,0.08340583707589509,-0.014821324393522246
2024,imports,low_density,random,0.1,18,120000,129,0.864757853503618,0.840804064748716,0.02395378875490195,0.02395378875490195,0.13201666666666667,0.09284166666666667,0.0020833333333333333,0.12684009791085557,0.0077724234416291,0.12304434176346417,0.11270223510063106,-0.028023528282287862
2024,imports,high_density,random,0.1,19,221898,129,0.8785243377072808,0.887621402920393,-0.009097065213112265,-0.009097065213112265,0.021523402644458265,0.0031365762647702997,0.0014556237550586305,0.006941881688792252,0.00265544201188783,0.021191134108285502,-0.003970059136712695,-0.016233864328068885
2024,imports,mid_density,random,0.1,19,138102,129,0.9305747395786919,0.9165889241093663,0.013985815469325535,0.013985815469325535,0.061403889878495606,0.011672531896714022,0.030209555256259867,0.031057336621454993,0.04840019490011369,0.0668073483913938,-0.014308457752611917,-0.006688027489717177
2024,imports,low_density,random,0.1,19,120000,129,0.864757853503618,0.85139524969053,0.013362603813087959,0.013362603813087959,0.072475,0.016616666666666665,0.023975,0.02270165651505664,0.08944504896626768,0.06935226101842985,-0.023128510838868268,-0.003307631301050826
2024,imports,high_density,random,0.1,20,221898,129,0.8785243377072808,0.8895902720806624,-0.011065934373381658,-0.011065934373381658,0.028756455668820808,0.006863513866731561,0.004330818664431405,0.015190353178204885,0.007900556574068745,0.019675284064102922,0.011817342265833662,-0.00630320495202644
2024,imports,mid_density,random,0.1,20,138102,129,0.9305747395786919,0.9111135861429592,0.019461153435732625,0.019461153435732625,0.07333709866620323,0.03030368857800756,0.008435793833543323,0.08062962392108508,0.013515394788742198,0.07027299999617391,0.03383704888174578,-0.016442595996378075
2024,imports,low_density,random,0.1,20,120000,129,0.864757853503618,0.8424526046538211,0.0223052488497969,0.0223052488497969,0.075675,0.047525,0.0062,0.06492855923037513,0.0231307321622882,0.0753026808893869,0.049955873028412444,-0.016744574031969352
