feature_group,feature_index,feature_name,importance,importance_abs,is_candidate
imports,0,import_count,0.027266392315067833,0.027266392315067833,True
imports,1,library_count,0.01190157882375696,0.01190157882375696,True
imports,1000,import_hash_bin_0742,0.009964473485936733,0.009964473485936733,True
imports,575,import_hash_bin_0317,0.009930340006333813,0.009930340006333813,True
imports,32,library_hash_bin_030,0.009505304242626094,0.009505304242626094,True
imports,1218,import_hash_bin_0960,0.00914088158281512,0.00914088158281512,True
imports,908,import_hash_bin_0650,0.008599676608051368,0.008599676608051368,True
imports,10,library_hash_bin_008,0.007409629702617995,0.007409629702617995,True
imports,1247,import_hash_bin_0989,0.006173495033702626,0.006173495033702626,True
imports,1028,import_hash_bin_0770,0.006044530181316822,0.006044530181316822,True
imports,291,import_hash_bin_0033,0.0058503956558675265,0.0058503956558675265,True
imports,119,library_hash_bin_117,0.00554128380209154,0.00554128380209154,True
imports,995,import_hash_bin_0737,0.005420939878580863,0.005420939878580863,True
imports,822,import_hash_bin_0564,0.005416612114473563,0.005416612114473563,True
imports,791,import_hash_bin_0533,0.005235433497712609,0.005235433497712609,True
imports,446,import_hash_bin_0188,0.005233778519139924,0.005233778519139924,True
imports,667,import_hash_bin_0409,0.005203040044935437,0.005203040044935437,True
imports,54,library_hash_bin_052,0.005161702280521297,0.005161702280521297,True
imports,897,import_hash_bin_0639,0.005147998564552233,0.005147998564552233,True
imports,779,import_hash_bin_0521,0.005088974441803385,0.005088974441803385,True
imports,349,import_hash_bin_0091,0.005040446000489356,0.005040446000489356,True
imports,976,import_hash_bin_0718,0.004843893838477726,0.004843893838477726,True
imports,356,import_hash_bin_0098,0.004832671686523151,0.004832671686523151,True
imports,233,library_hash_bin_231,0.004566728402470995,0.004566728402470995,True
imports,672,import_hash_bin_0414,0.004534941380389479,0.004534941380389479,True
imports,916,import_hash_bin_0658,0.004475911116259577,0.004475911116259577,True
imports,538,import_hash_bin_0280,0.004463371627407033,0.004463371627407033,True
imports,661,import_hash_bin_0403,0.004295648900627498,0.004295648900627498,True
imports,1161,import_hash_bin_0903,0.00416555594063516,0.00416555594063516,True
imports,480,import_hash_bin_0222,0.004023849212049959,0.004023849212049959,True
imports,540,import_hash_bin_0282,0.003970612503858568,0.003970612503858568,True
imports,242,library_hash_bin_240,0.0037584208640170707,0.0037584208640170707,True
imports,102,library_hash_bin_100,0.0037039445323315506,0.0037039445323315506,True
imports,1007,import_hash_bin_0749,0.003511752898184008,0.003511752898184008,True
imports,1178,import_hash_bin_0920,0.0033228306871026345,0.0033228306871026345,True
imports,1013,import_hash_bin_0755,0.003305022048864843,0.003305022048864843,True
imports,839,import_hash_bin_0581,0.003288641793640778,0.003288641793640778,True
imports,735,import_hash_bin_0477,0.0032761432347658873,0.0032761432347658873,True
imports,670,import_hash_bin_0412,0.00325616108163434,0.00325616108163434,True
imports,1248,import_hash_bin_0990,0.003167957505697741,0.003167957505697741,True
imports,956,import_hash_bin_0698,0.0031116148317128947,0.0031116148317128947,True
imports,534,import_hash_bin_0276,0.003071362712321224,0.003071362712321224,True
imports,617,import_hash_bin_0359,0.0030641139960203047,0.0030641139960203047,True
imports,45,library_hash_bin_043,0.003049749914878561,0.003049749914878561,True
imports,357,import_hash_bin_0099,0.0030121122555400006,0.0030121122555400006,True
imports,854,import_hash_bin_0596,0.002968415686006976,0.002968415686006976,True
imports,1071,import_hash_bin_0813,0.0029043566101373233,0.0029043566101373233,True
imports,330,import_hash_bin_0072,0.0028704536964667287,0.0028704536964667287,True
imports,311,import_hash_bin_0053,0.0028573933008230325,0.0028573933008230325,True
imports,912,import_hash_bin_0654,0.0028557164656809893,0.0028557164656809893,True
imports,1032,import_hash_bin_0774,0.002844918470903659,0.002844918470903659,True
imports,1052,import_hash_bin_0794,0.0028159306821052645,0.0028159306821052645,True
imports,1113,import_hash_bin_0855,0.0027899017785987744,0.0027899017785987744,True
imports,300,import_hash_bin_0042,0.002765075218142633,0.002765075218142633,True
imports,512,import_hash_bin_0254,0.0027515267119522205,0.0027515267119522205,True
imports,1259,import_hash_bin_1001,0.0027202090337698397,0.0027202090337698397,True
imports,573,import_hash_bin_0315,0.0026601970458147673,0.0026601970458147673,True
imports,858,import_hash_bin_0600,0.002651838899598479,0.002651838899598479,True
imports,519,import_hash_bin_0261,0.002602281829241618,0.002602281829241618,True
imports,896,import_hash_bin_0638,0.0025997870643819495,0.0025997870643819495,True
imports,1221,import_hash_bin_0963,0.002595759762148148,0.002595759762148148,True
imports,932,import_hash_bin_0674,0.002594762042015071,0.002594762042015071,True
imports,748,import_hash_bin_0490,0.0025777990098418487,0.0025777990098418487,True
imports,1243,import_hash_bin_0985,0.002540094866353445,0.002540094866353445,True
imports,904,import_hash_bin_0646,0.0025184427074164337,0.0025184427074164337,True
imports,618,import_hash_bin_0360,0.002516978555845916,0.002516978555845916,True
imports,510,import_hash_bin_0252,0.002492192042452534,0.002492192042452534,True
imports,1068,import_hash_bin_0810,0.0024871805883626193,0.0024871805883626193,True
imports,55,library_hash_bin_053,0.0024848115741781425,0.0024848115741781425,True
imports,1184,import_hash_bin_0926,0.002426122311788424,0.002426122311788424,True
imports,1087,import_hash_bin_0829,0.0023898297538634955,0.0023898297538634955,True
imports,1269,import_hash_bin_1011,0.0023766892889833,0.0023766892889833,True
imports,646,import_hash_bin_0388,0.0023728051469847637,0.0023728051469847637,True
imports,1038,import_hash_bin_0780,0.00236205137227127,0.00236205137227127,True
imports,484,import_hash_bin_0226,0.0023367109266151957,0.0023367109266151957,True
imports,6,library_hash_bin_004,0.002332215715570406,0.002332215715570406,True
imports,504,import_hash_bin_0246,0.0022994758562388706,0.0022994758562388706,True
imports,53,library_hash_bin_051,0.002299281022191625,0.002299281022191625,True
imports,877,import_hash_bin_0619,0.002273816493897921,0.002273816493897921,True
imports,895,import_hash_bin_0637,0.0022287433398678223,0.0022287433398678223,True
imports,1088,import_hash_bin_0830,0.002223250505677308,0.002223250505677308,True
imports,584,import_hash_bin_0326,0.002222368150221337,0.002222368150221337,True
imports,283,import_hash_bin_0025,0.0022050700934884327,0.0022050700934884327,True
imports,879,import_hash_bin_0621,0.002200430719842451,0.002200430719842451,True
imports,326,import_hash_bin_0068,0.0022003150248459816,0.0022003150248459816,True
imports,352,import_hash_bin_0094,0.002199991997201192,0.002199991997201192,True
imports,333,import_hash_bin_0075,0.002102235489170696,0.002102235489170696,True
imports,1195,import_hash_bin_0937,0.0020887851719379,0.0020887851719379,True
imports,625,import_hash_bin_0367,0.002047378417657642,0.002047378417657642,True
imports,486,import_hash_bin_0228,0.0020212129309431365,0.0020212129309431365,True
imports,1085,import_hash_bin_0827,0.0020132063645368695,0.0020132063645368695,True
imports,1121,import_hash_bin_0863,0.001999888115679399,0.001999888115679399,True
imports,977,import_hash_bin_0719,0.0019978293205876662,0.0019978293205876662,True
imports,543,import_hash_bin_0285,0.001984315848390305,0.001984315848390305,True
imports,552,import_hash_bin_0294,0.001978793856640354,0.001978793856640354,True
imports,110,library_hash_bin_108,0.0019759669818310804,0.0019759669818310804,True
imports,361,import_hash_bin_0103,0.0019576623840756907,0.0019576623840756907,True
imports,903,import_hash_bin_0645,0.0019410207098581715,0.0019410207098581715,True
imports,994,import_hash_bin_0736,0.0019363020455711074,0.0019363020455711074,True
imports,704,import_hash_bin_0446,0.0019185148514603745,0.0019185148514603745,True
imports,1054,import_hash_bin_0796,0.0018900311959672762,0.0018900311959672762,True
imports,342,import_hash_bin_0084,0.0018878221706348345,0.0018878221706348345,True
imports,1084,import_hash_bin_0826,0.0018819467623616163,0.0018819467623616163,True
imports,203,library_hash_bin_201,0.0018804283337176871,0.0018804283337176871,True
imports,362,import_hash_bin_0104,0.001875860680602351,0.001875860680602351,True
imports,691,import_hash_bin_0433,0.0018710786164661001,0.0018710786164661001,True
imports,465,import_hash_bin_0207,0.0018586749065051544,0.0018586749065051544,True
imports,310,import_hash_bin_0052,0.0018438461909243834,0.0018438461909243834,True
imports,800,import_hash_bin_0542,0.0018435584829910054,0.0018435584829910054,True
imports,389,import_hash_bin_0131,0.0018303956490718825,0.0018303956490718825,True
imports,599,import_hash_bin_0341,0.0018282617177405468,0.0018282617177405468,True
imports,1053,import_hash_bin_0795,0.001822360939521074,0.001822360939521074,True
imports,1153,import_hash_bin_0895,0.0018120782392974267,0.0018120782392974267,True
imports,452,import_hash_bin_0194,0.0018112671536400947,0.0018112671536400947,True
imports,318,import_hash_bin_0060,0.0018082721737272566,0.0018082721737272566,True
imports,1225,import_hash_bin_0967,0.0018053888468131107,0.0018053888468131107,True
imports,604,import_hash_bin_0346,0.0018033451444148425,0.0018033451444148425,True
imports,989,import_hash_bin_0731,0.0017950295012521167,0.0017950295012521167,True
imports,1160,import_hash_bin_0902,0.0017899043504386012,0.0017899043504386012,True
imports,1119,import_hash_bin_0861,0.0017752906049341704,0.0017752906049341704,True
imports,1043,import_hash_bin_0785,0.0017686563446816892,0.0017686563446816892,True
imports,942,import_hash_bin_0684,0.001754163991981148,0.001754163991981148,True
imports,1026,import_hash_bin_0768,0.0017387581800149888,0.0017387581800149888,True
imports,986,import_hash_bin_0728,0.0017374888591281034,0.0017374888591281034,True
imports,1280,import_hash_bin_1022,0.0017352709741161622,0.0017352709741161622,True
imports,1106,import_hash_bin_0848,0.0017347594527324878,0.0017347594527324878,True
imports,647,import_hash_bin_0389,0.0017343946352903177,0.0017343946352903177,True
imports,845,import_hash_bin_0587,0.0017332873849947483,0.0017332873849947483,True
imports,1151,import_hash_bin_0893,0.0017326193490293392,0.0017326193490293392,True
imports,221,library_hash_bin_219,0.0017311003186634736,0.0017311003186634736,True
imports,678,import_hash_bin_0420,0.0017163537986492308,0.0017163537986492308,True
imports,1114,import_hash_bin_0856,0.0017149737450878185,0.0017149737450878185,True
imports,689,import_hash_bin_0431,0.001703503561893832,0.001703503561893832,True
imports,707,import_hash_bin_0449,0.0016911837643108483,0.0016911837643108483,True
imports,783,import_hash_bin_0525,0.0016831307226776646,0.0016831307226776646,True
imports,581,import_hash_bin_0323,0.0016706061447846181,0.0016706061447846181,True
imports,809,import_hash_bin_0551,0.0016655592480618955,0.0016655592480618955,True
imports,325,import_hash_bin_0067,0.0016644139088157898,0.0016644139088157898,True
imports,401,import_hash_bin_0143,0.0016621929819457936,0.0016621929819457936,True
imports,359,import_hash_bin_0101,0.0016582954284765556,0.0016582954284765556,True
imports,628,import_hash_bin_0370,0.0016545527473816825,0.0016545527473816825,True
imports,782,import_hash_bin_0524,0.0016534977406287023,0.0016534977406287023,True
imports,722,import_hash_bin_0464,0.001651023621871566,0.001651023621871566,True
imports,939,import_hash_bin_0681,0.0016489529160569358,0.0016489529160569358,True
imports,369,import_hash_bin_0111,0.0016450197359472371,0.0016450197359472371,True
imports,375,import_hash_bin_0117,0.0016411265915047676,0.0016411265915047676,True
imports,958,import_hash_bin_0700,0.001633503852489306,0.001633503852489306,True
imports,980,import_hash_bin_0722,0.0016316404114451372,0.0016316404114451372,True
imports,458,import_hash_bin_0200,0.001612665205173486,0.001612665205173486,True
imports,871,import_hash_bin_0613,0.0016086760428383094,0.0016086760428383094,True
imports,526,import_hash_bin_0268,0.0016051114525736552,0.0016051114525736552,True
imports,824,import_hash_bin_0566,0.0015984560812076242,0.0015984560812076242,True
imports,873,import_hash_bin_0615,0.0015968987687602137,0.0015968987687602137,True
imports,754,import_hash_bin_0496,0.001590512616475725,0.001590512616475725,True
imports,1144,import_hash_bin_0886,0.0015898594406883262,0.0015898594406883262,True
imports,1224,import_hash_bin_0966,0.0015897262948032995,0.0015897262948032995,True
imports,720,import_hash_bin_0462,0.0015886667755654537,0.0015886667755654537,True
imports,1134,import_hash_bin_0876,0.0015849828388595077,0.0015849828388595077,True
imports,1093,import_hash_bin_0835,0.001578664585882642,0.001578664585882642,True
imports,944,import_hash_bin_0686,0.0015726555100370096,0.0015726555100370096,True
imports,767,import_hash_bin_0509,0.0015701402154946825,0.0015701402154946825,True
imports,535,import_hash_bin_0277,0.0015699925291051684,0.0015699925291051684,True
imports,894,import_hash_bin_0636,0.0015696369482775363,0.0015696369482775363,True
imports,673,import_hash_bin_0415,0.0015236571785399464,0.0015236571785399464,True
imports,13,library_hash_bin_011,0.0015159198190398218,0.0015159198190398218,True
imports,368,import_hash_bin_0110,0.0015048254668922306,0.0015048254668922306,True
imports,630,import_hash_bin_0372,0.0014974877529645425,0.0014974877529645425,True
imports,780,import_hash_bin_0522,0.001491401606090743,0.001491401606090743,True
imports,948,import_hash_bin_0690,0.0014911270859668218,0.0014911270859668218,True
imports,270,import_hash_bin_0012,0.0014883482283193782,0.0014883482283193782,True
imports,709,import_hash_bin_0451,0.0014879311384442,0.0014879311384442,True
imports,1191,import_hash_bin_0933,0.0014711910799127168,0.0014711910799127168,True
imports,332,import_hash_bin_0074,0.0014624470590670696,0.0014624470590670696,True
imports,738,import_hash_bin_0480,0.0014587584368849328,0.0014587584368849328,True
imports,1090,import_hash_bin_0832,0.0014406608890597137,0.0014406608890597137,True
imports,1242,import_hash_bin_0984,0.0014320199553785088,0.0014320199553785088,True
imports,1170,import_hash_bin_0912,0.001429972345397706,0.001429972345397706,True
imports,928,import_hash_bin_0670,0.0014264462074693965,0.0014264462074693965,True
imports,568,import_hash_bin_0310,0.0014228453388805285,0.0014228453388805285,True
imports,882,import_hash_bin_0624,0.0014184535030593935,0.0014184535030593935,True
imports,937,import_hash_bin_0679,0.0014147068241556456,0.0014147068241556456,True
imports,1208,import_hash_bin_0950,0.0014064353449623845,0.0014064353449623845,True
imports,1044,import_hash_bin_0786,0.001402947414515563,0.001402947414515563,True
imports,910,import_hash_bin_0652,0.0013905527947346568,0.0013905527947346568,True
imports,1217,import_hash_bin_0959,0.0013891547917863865,0.0013891547917863865,True
imports,960,import_hash_bin_0702,0.001387875576264555,0.001387875576264555,True
imports,816,import_hash_bin_0558,0.0013877326607621059,0.0013877326607621059,True
imports,1140,import_hash_bin_0882,0.001387694665492416,0.001387694665492416,True
imports,719,import_hash_bin_0461,0.0013851241062971568,0.0013851241062971568,True
imports,693,import_hash_bin_0435,0.0013843217580358559,0.0013843217580358559,True
imports,1063,import_hash_bin_0805,0.001373537809543345,0.001373537809543345,True
imports,605,import_hash_bin_0347,0.001372770300384984,0.001372770300384984,True
imports,891,import_hash_bin_0633,0.0013634263881948238,0.0013634263881948238,True
imports,1281,import_hash_bin_1023,0.0013549671753994843,0.0013549671753994843,True
imports,870,import_hash_bin_0612,0.0013543216573485954,0.0013543216573485954,True
imports,1278,import_hash_bin_1020,0.0013541736852315015,0.0013541736852315015,True
imports,550,import_hash_bin_0292,0.0013532761392868924,0.0013532761392868924,True
imports,712,import_hash_bin_0454,0.0013394746322116056,0.0013394746322116056,True
imports,1115,import_hash_bin_0857,0.0013368010857432733,0.0013368010857432733,True
imports,439,import_hash_bin_0181,0.001331970311305588,0.001331970311305588,True
imports,973,import_hash_bin_0715,0.00132780739789204,0.00132780739789204,True
imports,836,import_hash_bin_0578,0.001323203585826763,0.001323203585826763,True
imports,765,import_hash_bin_0507,0.0013200145229745797,0.0013200145229745797,True
imports,1029,import_hash_bin_0771,0.0013198066539345285,0.0013198066539345285,True
imports,751,import_hash_bin_0493,0.0013192773137214707,0.0013192773137214707,True
imports,620,import_hash_bin_0362,0.0013185889784024197,0.0013185889784024197,True
imports,656,import_hash_bin_0398,0.001299815460681446,0.001299815460681446,True
imports,857,import_hash_bin_0599,0.0012996429629162354,0.0012996429629162354,True
imports,1222,import_hash_bin_0964,0.0012958890580849758,0.0012958890580849758,True
imports,1127,import_hash_bin_0869,0.0012941304093315863,0.0012941304093315863,True
imports,626,import_hash_bin_0368,0.0012885707192107857,0.0012885707192107857,True
imports,405,import_hash_bin_0147,0.0012883047990172101,0.0012883047990172101,True
imports,436,import_hash_bin_0178,0.0012857353099303827,0.0012857353099303827,True
imports,718,import_hash_bin_0460,0.0012772962417354416,0.0012772962417354416,True
imports,868,import_hash_bin_0610,0.001276192369221194,0.001276192369221194,True
imports,1233,import_hash_bin_0975,0.0012760800008946595,0.0012760800008946595,True
imports,851,import_hash_bin_0593,0.0012759716525893436,0.0012759716525893436,True
imports,725,import_hash_bin_0467,0.0012749614719567062,0.0012749614719567062,True
imports,570,import_hash_bin_0312,0.0012742385325627105,0.0012742385325627105,True
imports,444,import_hash_bin_0186,0.0012730699878088878,0.0012730699878088878,True
imports,348,import_hash_bin_0090,0.0012721100935417287,0.0012721100935417287,True
imports,865,import_hash_bin_0607,0.0012656886635858523,0.0012656886635858523,True
imports,734,import_hash_bin_0476,0.0012651323930063694,0.0012651323930063694,True
imports,309,import_hash_bin_0051,0.0012559392955525494,0.0012559392955525494,True
imports,1154,import_hash_bin_0896,0.0012555825479861325,0.0012555825479861325,True
imports,874,import_hash_bin_0616,0.0012555660901320644,0.0012555660901320644,True
imports,1265,import_hash_bin_1007,0.001242839707004063,0.001242839707004063,True
imports,792,import_hash_bin_0534,0.0012425211268890753,0.0012425211268890753,True
imports,1137,import_hash_bin_0879,0.0012406642112021723,0.0012406642112021723,True
imports,640,import_hash_bin_0382,0.001238842458432429,0.001238842458432429,True
imports,496,import_hash_bin_0238,0.001237196677727137,0.001237196677727137,True
imports,463,import_hash_bin_0205,0.001236475961746083,0.001236475961746083,True
imports,271,import_hash_bin_0013,0.0012325426393511385,0.0012325426393511385,True
imports,1065,import_hash_bin_0807,0.0012266378613797365,0.0012266378613797365,True
imports,259,import_hash_bin_0001,0.0012236056589184398,0.0012236056589184398,True
imports,632,import_hash_bin_0374,0.0012235161426483326,0.0012235161426483326,True
imports,1079,import_hash_bin_0821,0.001221548999878809,0.001221548999878809,True
imports,946,import_hash_bin_0688,0.0012215058070637194,0.0012215058070637194,True
imports,70,library_hash_bin_068,0.00121903165831257,0.00121903165831257,True
imports,477,import_hash_bin_0219,0.001203026700498694,0.001203026700498694,True
imports,1173,import_hash_bin_0915,0.0012017543366917706,0.0012017543366917706,True
imports,686,import_hash_bin_0428,0.0011905932341373425,0.0011905932341373425,True
imports,264,import_hash_bin_0006,0.0011756696797938038,0.0011756696797938038,True
imports,524,import_hash_bin_0266,0.0011726157764836162,0.0011726157764836162,True
imports,1200,import_hash_bin_0942,0.0011696335325983153,0.0011696335325983153,True
imports,637,import_hash_bin_0379,0.0011695709931019498,0.0011695709931019498,True
imports,1231,import_hash_bin_0973,0.0011695154056586728,0.0011695154056586728,True
imports,927,import_hash_bin_0669,0.0011669127395570562,0.0011669127395570562,True
imports,27,library_hash_bin_025,0.0011574331445903558,0.0011574331445903558,True
imports,386,import_hash_bin_0128,0.0011473348630476974,0.0011473348630476974,True
imports,701,import_hash_bin_0443,0.001145685250532619,0.001145685250532619,True
imports,371,import_hash_bin_0113,0.0011426074794439163,0.0011426074794439163,True
imports,502,import_hash_bin_0244,0.0011291062507311263,0.0011291062507311263,True
imports,793,import_hash_bin_0535,0.001122726003359717,0.001122726003359717,True
imports,274,import_hash_bin_0016,0.0011215517392825212,0.0011215517392825212,True
imports,1138,import_hash_bin_0880,0.0011060617833024335,0.0011060617833024335,True
imports,471,import_hash_bin_0213,0.0011042930195345705,0.0011042930195345705,True
imports,991,import_hash_bin_0733,0.0011016956909994536,0.0011016956909994536,True
imports,354,import_hash_bin_0096,0.0010995052546426485,0.0010995052546426485,True
imports,760,import_hash_bin_0502,0.0010986398625061921,0.0010986398625061921,True
imports,506,import_hash_bin_0248,0.0010982415350741248,0.0010982415350741248,True
imports,516,import_hash_bin_0258,0.0010822212029448087,0.0010822212029448087,True
imports,443,import_hash_bin_0185,0.0010779736678480853,0.0010779736678480853,True
imports,495,import_hash_bin_0237,0.0010755931020127053,0.0010755931020127053,True
imports,961,import_hash_bin_0703,0.0010733903919908497,0.0010733903919908497,True
imports,1253,import_hash_bin_0995,0.001073372614455017,0.001073372614455017,True
imports,864,import_hash_bin_0606,0.00106999059305866,0.00106999059305866,True
imports,832,import_hash_bin_0574,0.0010695081386216318,0.0010695081386216318,True
imports,475,import_hash_bin_0217,0.0010679229230423303,0.0010679229230423303,True
imports,721,import_hash_bin_0463,0.0010597936210731992,0.0010597936210731992,True
imports,345,import_hash_bin_0087,0.001056147775986728,0.001056147775986728,True
imports,962,import_hash_bin_0704,0.0010557666172891353,0.0010557666172891353,True
imports,1097,import_hash_bin_0839,0.0010478372561895945,0.0010478372561895945,True
imports,545,import_hash_bin_0287,0.0010477742817435354,0.0010477742817435354,True
imports,327,import_hash_bin_0069,0.0010445593062260834,0.0010445593062260834,True
imports,844,import_hash_bin_0586,0.0010428702001090359,0.0010428702001090359,True
imports,861,import_hash_bin_0603,0.001042480168837557,0.001042480168837557,True
imports,450,import_hash_bin_0192,0.0010418394974612269,0.0010418394974612269,True
imports,1169,import_hash_bin_0911,0.0010403342696813657,0.0010403342696813657,True
imports,1237,import_hash_bin_0979,0.0010362170746154142,0.0010362170746154142,True
imports,732,import_hash_bin_0474,0.0010356674736398737,0.0010356674736398737,True
imports,563,import_hash_bin_0305,0.0010331409113399196,0.0010331409113399196,True
imports,5,library_hash_bin_003,0.0010331171188584793,0.0010331171188584793,True
imports,696,import_hash_bin_0438,0.0010312859991777443,0.0010312859991777443,True
imports,522,import_hash_bin_0264,0.0010293023010364652,0.0010293023010364652,True
imports,590,import_hash_bin_0332,0.0010238964264954996,0.0010238964264954996,True
imports,669,import_hash_bin_0411,0.001018766010202688,0.001018766010202688,True
imports,1126,import_hash_bin_0868,0.0010119208581739277,0.0010119208581739277,True
imports,728,import_hash_bin_0470,0.001003375811857798,0.001003375811857798,True
imports,660,import_hash_bin_0402,0.0009928836894497384,0.0009928836894497384,True
imports,657,import_hash_bin_0399,0.0009901206517087047,0.0009901206517087047,True
imports,1016,import_hash_bin_0758,0.000989905880208398,0.000989905880208398,True
imports,34,library_hash_bin_032,0.0009884561268714996,0.0009884561268714996,True
imports,564,import_hash_bin_0306,0.0009824530861857446,0.0009824530861857446,True
imports,1076,import_hash_bin_0818,0.0009779609910412635,0.0009779609910412635,True
imports,979,import_hash_bin_0721,0.000977713185121483,0.000977713185121483,True
imports,470,import_hash_bin_0212,0.000976934560031357,0.000976934560031357,True
imports,490,import_hash_bin_0232,0.0009768185554594408,0.0009768185554594408,True
imports,364,import_hash_bin_0106,0.0009729343388507259,0.0009729343388507259,True
imports,1110,import_hash_bin_0852,0.0009691384879267932,0.0009691384879267932,True
imports,426,import_hash_bin_0168,0.0009623002367556952,0.0009623002367556952,True
imports,1257,import_hash_bin_0999,0.000961679911336456,0.000961679911336456,True
imports,716,import_hash_bin_0458,0.0009616108270352265,0.0009616108270352265,True
imports,453,import_hash_bin_0195,0.000956266124155583,0.000956266124155583,True
imports,459,import_hash_bin_0201,0.0009541901536313004,0.0009541901536313004,True
imports,887,import_hash_bin_0629,0.0009537034063860479,0.0009537034063860479,True
imports,650,import_hash_bin_0392,0.0009535002644062438,0.0009535002644062438,True
imports,305,import_hash_bin_0047,0.0009527302271737424,0.0009527302271737424,True
imports,753,import_hash_bin_0495,0.0009523357759996489,0.0009523357759996489,True
imports,815,import_hash_bin_0557,0.0009507905627102989,0.0009507905627102989,True
imports,1117,import_hash_bin_0859,0.0009459565405221363,0.0009459565405221363,True
imports,829,import_hash_bin_0571,0.0009404114172751731,0.0009404114172751731,True
imports,1155,import_hash_bin_0897,0.0009349100108847789,0.0009349100108847789,True
imports,1008,import_hash_bin_0750,0.0009304455865362428,0.0009304455865362428,True
imports,412,import_hash_bin_0154,0.0009218142392700417,0.0009218142392700417,True
imports,1241,import_hash_bin_0983,0.0009214818928985703,0.0009214818928985703,True
imports,1152,import_hash_bin_0894,0.0009188365291044481,0.0009188365291044481,True
imports,317,import_hash_bin_0059,0.0009176808066786639,0.0009176808066786639,True
imports,1167,import_hash_bin_0909,0.0009149125885309929,0.0009149125885309929,True
imports,1275,import_hash_bin_1017,0.0009144475535218623,0.0009144475535218623,True
imports,1128,import_hash_bin_0870,0.0009116195344475002,0.0009116195344475002,True
imports,1226,import_hash_bin_0968,0.0009109067514604856,0.0009109067514604856,True
imports,659,import_hash_bin_0401,0.0009103120026654663,0.0009103120026654663,True
imports,982,import_hash_bin_0724,0.0009054217166839748,0.0009054217166839748,True
imports,553,import_hash_bin_0295,0.0008986733988623326,0.0008986733988623326,True
imports,532,import_hash_bin_0274,0.0008945774398927889,0.0008945774398927889,True
imports,804,import_hash_bin_0546,0.0008918168221298869,0.0008918168221298869,True
imports,580,import_hash_bin_0322,0.0008913150139829698,0.0008913150139829698,True
imports,1201,import_hash_bin_0943,0.0008903378918918289,0.0008903378918918289,True
imports,850,import_hash_bin_0592,0.000886508762647801,0.000886508762647801,True
imports,794,import_hash_bin_0536,0.0008861285316773879,0.0008861285316773879,True
imports,321,import_hash_bin_0063,0.0008857587351293947,0.0008857587351293947,True
imports,1192,import_hash_bin_0934,0.0008806185921949957,0.0008806185921949957,True
imports,756,import_hash_bin_0498,0.0008792670937162616,0.0008792670937162616,True
imports,423,import_hash_bin_0165,0.000869902220542857,0.000869902220542857,True
imports,377,import_hash_bin_0119,0.0008667844456005181,0.0008667844456005181,True
imports,1002,import_hash_bin_0744,0.0008662769537711582,0.0008662769537711582,True
imports,182,library_hash_bin_180,0.0008586101851860601,0.0008586101851860601,True
imports,1210,import_hash_bin_0952,0.0008581074873697449,0.0008581074873697449,True
imports,1069,import_hash_bin_0811,0.0008543495607339753,0.0008543495607339753,True
imports,949,import_hash_bin_0691,0.0008494413911078378,0.0008494413911078378,True
imports,936,import_hash_bin_0678,0.0008487246976556243,0.0008487246976556243,True
imports,427,import_hash_bin_0169,0.0008447466327116624,0.0008447466327116624,True
imports,698,import_hash_bin_0440,0.0008402133017137864,0.0008402133017137864,True
imports,1111,import_hash_bin_0853,0.0008400018242124447,0.0008400018242124447,True
imports,1077,import_hash_bin_0819,0.0008399177605901093,0.0008399177605901093,True
imports,525,import_hash_bin_0267,0.0008371597374123234,0.0008371597374123234,True
imports,796,import_hash_bin_0538,0.0008320642584471843,0.0008320642584471843,True
imports,880,import_hash_bin_0622,0.0008309189173888483,0.0008309189173888483,True
imports,1125,import_hash_bin_0867,0.0008301809757460922,0.0008301809757460922,True
imports,1204,import_hash_bin_0946,0.0008295461923496818,0.0008295461923496818,True
imports,763,import_hash_bin_0505,0.0008278451383384735,0.0008278451383384735,True
imports,924,import_hash_bin_0666,0.0008235391910302036,0.0008235391910302036,True
imports,633,import_hash_bin_0375,0.0008228181544175294,0.0008228181544175294,True
imports,1136,import_hash_bin_0878,0.0008210617071630489,0.0008210617071630489,True
imports,479,import_hash_bin_0221,0.0008207787425879981,0.0008207787425879981,True
imports,744,import_hash_bin_0486,0.0008205746578359073,0.0008205746578359073,True
imports,1142,import_hash_bin_0884,0.0008198184041944812,0.0008198184041944812,True
imports,643,import_hash_bin_0385,0.0008186903962111389,0.0008186903962111389,True
imports,923,import_hash_bin_0665,0.0008142286799267585,0.0008142286799267585,True
imports,279,import_hash_bin_0021,0.0008133528193873291,0.0008133528193873291,True
imports,781,import_hash_bin_0523,0.0008123078785539878,0.0008123078785539878,True
imports,764,import_hash_bin_0506,0.0008049207487420739,0.0008049207487420739,True
imports,404,import_hash_bin_0146,0.000802433002946027,0.000802433002946027,True
imports,947,import_hash_bin_0689,0.000801953060915964,0.000801953060915964,True
imports,818,import_hash_bin_0560,0.0008018587711405734,0.0008018587711405734,True
imports,523,import_hash_bin_0265,0.0008010449212457478,0.0008010449212457478,True
imports,811,import_hash_bin_0553,0.0008007127186389661,0.0008007127186389661,True
imports,680,import_hash_bin_0422,0.0008006759276086146,0.0008006759276086146,True
imports,220,library_hash_bin_218,0.0007993499273302651,0.0007993499273302651,True
imports,307,import_hash_bin_0049,0.0007986451309946434,0.0007986451309946434,True
imports,957,import_hash_bin_0699,0.0007970060908802526,0.0007970060908802526,True
imports,834,import_hash_bin_0576,0.0007923257362207871,0.0007923257362207871,True
imports,1060,import_hash_bin_0802,0.0007919558530622675,0.0007919558530622675,True
imports,867,import_hash_bin_0609,0.0007897674903639577,0.0007897674903639577,True
imports,983,import_hash_bin_0725,0.0007893143028095097,0.0007893143028095097,True
imports,455,import_hash_bin_0197,0.0007854348755318421,0.0007854348755318421,True
imports,521,import_hash_bin_0263,0.0007849333895865089,0.0007849333895865089,True
imports,741,import_hash_bin_0483,0.0007843191823043603,0.0007843191823043603,True
imports,1273,import_hash_bin_1015,0.0007811384430783793,0.0007811384430783793,True
imports,527,import_hash_bin_0269,0.0007792745755843305,0.0007792745755843305,True
imports,609,import_hash_bin_0351,0.0007781860762381557,0.0007781860762381557,True
imports,262,import_hash_bin_0004,0.0007761095161203433,0.0007761095161203433,True
imports,591,import_hash_bin_0333,0.0007716236860414983,0.0007716236860414983,True
imports,1168,import_hash_bin_0910,0.00076959654864273,0.00076959654864273,True
imports,596,import_hash_bin_0338,0.0007613222290328307,0.0007613222290328307,True
imports,505,import_hash_bin_0247,0.0007598902739431515,0.0007598902739431515,True
imports,1074,import_hash_bin_0816,0.0007598321758688001,0.0007598321758688001,True
imports,889,import_hash_bin_0631,0.0007588352506578119,0.0007588352506578119,True
imports,1004,import_hash_bin_0746,0.0007580352287680699,0.0007580352287680699,True
imports,292,import_hash_bin_0034,0.0007578552790610712,0.0007578552790610712,True
imports,1132,import_hash_bin_0874,0.0007572977522794149,0.0007572977522794149,True
imports,1240,import_hash_bin_0982,0.000755936232532426,0.000755936232532426,True
imports,1272,import_hash_bin_1014,0.0007542436390150077,0.0007542436390150077,True
imports,308,import_hash_bin_0050,0.000752613424824358,0.000752613424824358,True
imports,396,import_hash_bin_0138,0.0007511971926970305,0.0007511971926970305,True
imports,528,import_hash_bin_0270,0.0007483830566184137,0.0007483830566184137,True
imports,266,import_hash_bin_0008,0.0007457958728918798,0.0007457958728918798,True
imports,616,import_hash_bin_0358,0.0007446745741286744,0.0007446745741286744,True
imports,600,import_hash_bin_0342,0.0007445212582670432,0.0007445212582670432,True
imports,715,import_hash_bin_0457,0.0007407389823484324,0.0007407389823484324,True
imports,1005,import_hash_bin_0747,0.0007311246955779916,0.0007311246955779916,True
imports,776,import_hash_bin_0518,0.0007301087185012872,0.0007301087185012872,True
imports,1255,import_hash_bin_0997,0.0007299954498281326,0.0007299954498281326,True
imports,402,import_hash_bin_0144,0.0007279198717516519,0.0007279198717516519,True
imports,786,import_hash_bin_0528,0.0007267692712544952,0.0007267692712544952,True
imports,955,import_hash_bin_0697,0.0007265696485602662,0.0007265696485602662,True
imports,852,import_hash_bin_0594,0.0007230587316436876,0.0007230587316436876,True
imports,585,import_hash_bin_0327,0.0007209149978793198,0.0007209149978793198,True
imports,727,import_hash_bin_0469,0.0007196077169029226,0.0007196077169029226,True
imports,820,import_hash_bin_0562,0.0007144405123023178,0.0007144405123023178,True
imports,385,import_hash_bin_0127,0.0007096340730787584,0.0007096340730787584,True
imports,1276,import_hash_bin_1018,0.0007096277969618215,0.0007096277969618215,True
imports,1050,import_hash_bin_0792,0.0007068473835912889,0.0007068473835912889,True
imports,1027,import_hash_bin_0769,0.0007056294109756822,0.0007056294109756822,True
imports,1078,import_hash_bin_0820,0.0007051583118861685,0.0007051583118861685,True
imports,790,import_hash_bin_0532,0.0007019226771204399,0.0007019226771204399,True
imports,668,import_hash_bin_0410,0.0006976905989129941,0.0006976905989129941,True
imports,328,import_hash_bin_0070,0.0006886116442647664,0.0006886116442647664,True
imports,1157,import_hash_bin_0899,0.0006868667597312318,0.0006868667597312318,True
imports,421,import_hash_bin_0163,0.0006868041776707178,0.0006868041776707178,True
imports,959,import_hash_bin_0701,0.0006853652885518335,0.0006853652885518335,True
imports,755,import_hash_bin_0497,0.0006824135088858172,0.0006824135088858172,True
imports,514,import_hash_bin_0256,0.0006820046755206343,0.0006820046755206343,True
imports,1190,import_hash_bin_0932,0.0006811706571861985,0.0006811706571861985,True
imports,1236,import_hash_bin_0978,0.0006804502111615062,0.0006804502111615062,True
imports,381,import_hash_bin_0123,0.0006777596335341685,0.0006777596335341685,True
imports,772,import_hash_bin_0514,0.0006775448440895864,0.0006775448440895864,True
imports,541,import_hash_bin_0283,0.0006767738138272299,0.0006767738138272299,True
imports,745,import_hash_bin_0487,0.0006732046161635017,0.0006732046161635017,True
imports,1260,import_hash_bin_1002,0.000672724861267084,0.000672724861267084,True
imports,430,import_hash_bin_0172,0.000672486067349567,0.000672486067349567,True
imports,784,import_hash_bin_0526,0.0006691212636435494,0.0006691212636435494,True
imports,619,import_hash_bin_0361,0.0006689686224062594,0.0006689686224062594,True
imports,970,import_hash_bin_0712,0.0006687787600521544,0.0006687787600521544,True
imports,752,import_hash_bin_0494,0.0006676049805894969,0.0006676049805894969,True
imports,663,import_hash_bin_0405,0.000661003808100183,0.000661003808100183,True
imports,992,import_hash_bin_0734,0.0006592099815351593,0.0006592099815351593,True
imports,392,import_hash_bin_0134,0.0006584011165259067,0.0006584011165259067,True
imports,149,library_hash_bin_147,0.0006554530891142161,0.0006554530891142161,True
imports,98,library_hash_bin_096,0.000654616742200661,0.000654616742200661,True
imports,500,import_hash_bin_0242,0.0006536785878564045,0.0006536785878564045,True
imports,761,import_hash_bin_0503,0.0006525940568219486,0.0006525940568219486,True
imports,346,import_hash_bin_0088,0.0006509061046452478,0.0006509061046452478,True
imports,1246,import_hash_bin_0988,0.0006506403150076802,0.0006506403150076802,True
imports,645,import_hash_bin_0387,0.0006497109615443803,0.0006497109615443803,True
imports,823,import_hash_bin_0565,0.0006470784777647897,0.0006470784777647897,True
imports,256,library_hash_bin_254,0.0006452876124006276,0.0006452876124006276,True
imports,1156,import_hash_bin_0898,0.0006419652311034806,0.0006419652311034806,True
imports,120,library_hash_bin_118,0.0006418038276293368,0.0006418038276293368,True
imports,1189,import_hash_bin_0931,0.0006407583454992678,0.0006407583454992678,True
imports,849,import_hash_bin_0591,0.0006376777879064262,0.0006376777879064262,True
imports,915,import_hash_bin_0657,0.000637401100818157,0.000637401100818157,True
imports,774,import_hash_bin_0516,0.0006355227102481028,0.0006355227102481028,True
imports,410,import_hash_bin_0152,0.0006353375007251664,0.0006353375007251664,True
imports,651,import_hash_bin_0393,0.000629241902716594,0.000629241902716594,True
imports,539,import_hash_bin_0281,0.0006292188584174663,0.0006292188584174663,True
imports,694,import_hash_bin_0436,0.0006285949086153249,0.0006285949086153249,True
imports,1001,import_hash_bin_0743,0.0006279064397154911,0.0006279064397154911,True
imports,1176,import_hash_bin_0918,0.0006267432614859851,0.0006267432614859851,True
imports,313,import_hash_bin_0055,0.0006248606754203914,0.0006248606754203914,True
imports,1215,import_hash_bin_0957,0.0006217583313179265,0.0006217583313179265,True
imports,424,import_hash_bin_0166,0.000618806818541078,0.000618806818541078,True
imports,831,import_hash_bin_0573,0.0006187009504595894,0.0006187009504595894,True
imports,489,import_hash_bin_0231,0.0006185650585498005,0.0006185650585498005,True
imports,652,import_hash_bin_0394,0.0006180730412464604,0.0006180730412464604,True
imports,1051,import_hash_bin_0793,0.0006179629005388288,0.0006179629005388288,True
imports,644,import_hash_bin_0386,0.0006127121347984113,0.0006127121347984113,True
imports,1159,import_hash_bin_0901,0.0006122830676725204,0.0006122830676725204,True
imports,1048,import_hash_bin_0790,0.000608544116029233,0.000608544116029233,True
imports,587,import_hash_bin_0329,0.0006081218445348108,0.0006081218445348108,True
imports,862,import_hash_bin_0604,0.0006075236136560758,0.0006075236136560758,True
imports,384,import_hash_bin_0126,0.0006070573489397108,0.0006070573489397108,True
imports,249,library_hash_bin_247,0.0006069763670807024,0.0006069763670807024,True
imports,929,import_hash_bin_0671,0.0006063758674924211,0.0006063758674924211,True
imports,383,import_hash_bin_0125,0.0006060188747412695,0.0006060188747412695,True
imports,476,import_hash_bin_0218,0.0006050908528870565,0.0006050908528870565,True
imports,1199,import_hash_bin_0941,0.0006005280577046436,0.0006005280577046436,True
imports,606,import_hash_bin_0348,0.0006000412875775324,0.0006000412875775324,True
imports,425,import_hash_bin_0167,0.0005980626049090131,0.0005980626049090131,True
imports,739,import_hash_bin_0481,0.0005953804683173973,0.0005953804683173973,True
imports,593,import_hash_bin_0335,0.0005941199844054858,0.0005941199844054858,True
imports,219,library_hash_bin_217,0.0005935788882218021,0.0005935788882218021,True
imports,634,import_hash_bin_0376,0.0005934160183871111,0.0005934160183871111,True
imports,1196,import_hash_bin_0938,0.0005906665501579412,0.0005906665501579412,True
imports,710,import_hash_bin_0452,0.0005873921433003979,0.0005873921433003979,True
imports,531,import_hash_bin_0273,0.0005855494572875546,0.0005855494572875546,True
imports,997,import_hash_bin_0739,0.0005829938305139163,0.0005829938305139163,True
imports,473,import_hash_bin_0215,0.0005807232852750335,0.0005807232852750335,True
imports,273,import_hash_bin_0015,0.0005798339297369849,0.0005798339297369849,True
imports,987,import_hash_bin_0729,0.0005796387878694655,0.0005796387878694655,True
imports,635,import_hash_bin_0377,0.0005756967072620617,0.0005756967072620617,True
imports,1188,import_hash_bin_0930,0.0005755236712506899,0.0005755236712506899,True
imports,406,import_hash_bin_0148,0.0005740689956028978,0.0005740689956028978,True
imports,1112,import_hash_bin_0854,0.0005729449711687996,0.0005729449711687996,True
imports,835,import_hash_bin_0577,0.0005719648245871848,0.0005719648245871848,True
imports,1135,import_hash_bin_0877,0.0005687823194942452,0.0005687823194942452,True
imports,338,import_hash_bin_0080,0.0005683731389333932,0.0005683731389333932,True
imports,422,import_hash_bin_0164,0.0005673085957308485,0.0005673085957308485,True
imports,1274,import_hash_bin_1016,0.0005672109891913575,0.0005672109891913575,True
imports,810,import_hash_bin_0552,0.0005666048703290716,0.0005666048703290716,True
imports,276,import_hash_bin_0018,0.0005664232363772582,0.0005664232363772582,True
imports,1021,import_hash_bin_0763,0.000566309228749088,0.000566309228749088,True
imports,269,import_hash_bin_0011,0.0005662909688948878,0.0005662909688948878,True
imports,329,import_hash_bin_0071,0.0005659516646643693,0.0005659516646643693,True
imports,1209,import_hash_bin_0951,0.0005652616480098288,0.0005652616480098288,True
imports,743,import_hash_bin_0485,0.0005648518673003036,0.0005648518673003036,True
imports,554,import_hash_bin_0296,0.0005612148161073062,0.0005612148161073062,True
imports,598,import_hash_bin_0340,0.0005610616106169995,0.0005610616106169995,True
imports,366,import_hash_bin_0108,0.0005610183422400587,0.0005610183422400587,True
imports,914,import_hash_bin_0656,0.0005604099780615339,0.0005604099780615339,True
imports,460,import_hash_bin_0202,0.000558787733729725,0.000558787733729725,True
imports,1228,import_hash_bin_0970,0.0005578784999927005,0.0005578784999927005,True
imports,926,import_hash_bin_0668,0.0005550475363764808,0.0005550475363764808,True
imports,1150,import_hash_bin_0892,0.000552865655111771,0.000552865655111771,True
imports,544,import_hash_bin_0286,0.0005486208688954001,0.0005486208688954001,True
imports,258,import_hash_bin_0000,0.0005473858130725407,0.0005473858130725407,True
imports,1216,import_hash_bin_0958,0.0005470412297388234,0.0005470412297388234,True
imports,1012,import_hash_bin_0754,0.0005464663740554217,0.0005464663740554217,True
imports,708,import_hash_bin_0450,0.0005437446731325575,0.0005437446731325575,True
imports,350,import_hash_bin_0092,0.0005423896008526373,0.0005423896008526373,True
imports,1172,import_hash_bin_0914,0.0005407440580985306,0.0005407440580985306,True
imports,260,import_hash_bin_0002,0.0005405167629569822,0.0005405167629569822,True
imports,726,import_hash_bin_0468,0.000539354835504537,0.000539354835504537,True
imports,577,import_hash_bin_0319,0.0005380867048600513,0.0005380867048600513,True
imports,263,import_hash_bin_0005,0.0005358704125545098,0.0005358704125545098,True
imports,688,import_hash_bin_0430,0.0005357459497622413,0.0005357459497622413,True
imports,614,import_hash_bin_0356,0.0005355634621180474,0.0005355634621180474,True
imports,569,import_hash_bin_0311,0.0005332371343378445,0.0005332371343378445,True
imports,1212,import_hash_bin_0954,0.0005328214058495343,0.0005328214058495343,True
imports,414,import_hash_bin_0156,0.0005326777373392726,0.0005326777373392726,True
imports,731,import_hash_bin_0473,0.0005319077384416086,0.0005319077384416086,True
imports,1030,import_hash_bin_0772,0.000530771072154764,0.000530771072154764,True
imports,382,import_hash_bin_0124,0.0005307474233027134,0.0005307474233027134,True
imports,131,library_hash_bin_129,0.0005304913844135009,0.0005304913844135009,True
imports,1197,import_hash_bin_0939,0.0005299820491141557,0.0005299820491141557,True
imports,499,import_hash_bin_0241,0.0005278651100521382,0.0005278651100521382,True
imports,360,import_hash_bin_0102,0.0005262962264525123,0.0005262962264525123,True
imports,1131,import_hash_bin_0873,0.0005253283806927681,0.0005253283806927681,True
imports,420,import_hash_bin_0162,0.0005252358275338303,0.0005252358275338303,True
imports,1047,import_hash_bin_0789,0.000521089299652568,0.000521089299652568,True
imports,1271,import_hash_bin_1013,0.0005205993983367608,0.0005205993983367608,True
imports,1011,import_hash_bin_0753,0.0005192586959208037,0.0005192586959208037,True
imports,567,import_hash_bin_0309,0.0005154140456462726,0.0005154140456462726,True
imports,1174,import_hash_bin_0916,0.0005146709626225846,0.0005146709626225846,True
imports,419,import_hash_bin_0161,0.000514048801936835,0.000514048801936835,True
imports,365,import_hash_bin_0107,0.0005137209443921224,0.0005137209443921224,True
imports,1205,import_hash_bin_0947,0.0005125844549369327,0.0005125844549369327,True
imports,1129,import_hash_bin_0871,0.0005121401227684637,0.0005121401227684637,True
imports,1203,import_hash_bin_0945,0.0005108945040240425,0.0005108945040240425,True
imports,559,import_hash_bin_0301,0.000507314061865397,0.000507314061865397,True
imports,954,import_hash_bin_0696,0.0005061762696779135,0.0005061762696779135,True
imports,1046,import_hash_bin_0788,0.0005052235650378027,0.0005052235650378027,True
imports,1239,import_hash_bin_0981,0.0005035443517678137,0.0005035443517678137,True
imports,1020,import_hash_bin_0762,0.0005018421723100893,0.0005018421723100893,True
imports,261,import_hash_bin_0003,0.0004984957388272893,0.0004984957388272893,True
imports,758,import_hash_bin_0500,0.0004954742194434265,0.0004954742194434265,True
imports,508,import_hash_bin_0250,0.0004950827809200081,0.0004950827809200081,True
imports,1089,import_hash_bin_0831,0.000492084290122331,0.000492084290122331,True
imports,558,import_hash_bin_0300,0.0004907316830729564,0.0004907316830729564,True
imports,1094,import_hash_bin_0836,0.0004897782084119504,0.0004897782084119504,True
imports,665,import_hash_bin_0407,0.0004897371581345763,0.0004897371581345763,True
imports,280,import_hash_bin_0022,0.0004883059431659601,0.0004883059431659601,True
imports,542,import_hash_bin_0284,0.000486711455646994,0.000486711455646994,True
imports,838,import_hash_bin_0580,0.0004858459374650337,0.0004858459374650337,True
imports,888,import_hash_bin_0630,0.0004850360850632725,0.0004850360850632725,True
imports,953,import_hash_bin_0695,0.0004849561789786325,0.0004849561789786325,True
imports,999,import_hash_bin_0741,0.0004835024063087397,0.0004835024063087397,True
imports,1067,import_hash_bin_0809,0.00048154017212521347,0.00048154017212521347,True
imports,847,import_hash_bin_0589,0.0004791174253425152,0.0004791174253425152,True
imports,636,import_hash_bin_0378,0.0004787948346572146,0.0004787948346572146,True
imports,938,import_hash_bin_0680,0.0004777773513958942,0.0004777773513958942,True
imports,795,import_hash_bin_0537,0.00047665533276020024,0.00047665533276020024,True
imports,638,import_hash_bin_0380,0.0004758239531339952,0.0004758239531339952,True
imports,711,import_hash_bin_0453,0.0004746219348823474,0.0004746219348823474,True
imports,435,import_hash_bin_0177,0.0004744345602040412,0.0004744345602040412,True
imports,466,import_hash_bin_0208,0.0004744026192986445,0.0004744026192986445,True
imports,23,library_hash_bin_021,0.00047410634557453146,0.00047410634557453146,True
imports,785,import_hash_bin_0527,0.00047165602698660174,0.00047165602698660174,True
imports,787,import_hash_bin_0529,0.0004714378536967508,0.0004714378536967508,True
imports,1245,import_hash_bin_0987,0.00047139239841246584,0.00047139239841246584,True
imports,536,import_hash_bin_0278,0.0004710026213567785,0.0004710026213567785,True
imports,1213,import_hash_bin_0955,0.0004700978130055722,0.0004700978130055722,True
imports,339,import_hash_bin_0081,0.00046950049464651307,0.00046950049464651307,True
imports,108,library_hash_bin_106,0.000466315937077953,0.000466315937077953,True
imports,906,import_hash_bin_0648,0.00046561077223373386,0.00046561077223373386,True
imports,1162,import_hash_bin_0904,0.0004641079969524144,0.0004641079969524144,True
imports,664,import_hash_bin_0406,0.00046371957180682235,0.00046371957180682235,True
imports,105,library_hash_bin_103,0.0004634686091008504,0.0004634686091008504,True
imports,437,import_hash_bin_0179,0.00046262155062642003,0.00046262155062642003,True
imports,713,import_hash_bin_0455,0.0004624816746706443,0.0004624816746706443,True
imports,285,import_hash_bin_0027,0.00046200346836053173,0.00046200346836053173,True
imports,1220,import_hash_bin_0962,0.0004613015999477798,0.0004613015999477798,True
imports,1122,import_hash_bin_0864,0.00046071666828322174,0.00046071666828322174,True
imports,1042,import_hash_bin_0784,0.00046043226612441936,0.00046043226612441936,True
imports,1035,import_hash_bin_0777,0.0004592799861323816,0.0004592799861323816,True
imports,31,library_hash_bin_029,0.00045876635801457447,0.00045876635801457447,True
imports,413,import_hash_bin_0155,0.00045790733605498193,0.00045790733605498193,True
imports,302,import_hash_bin_0044,0.0004554205445596898,0.0004554205445596898,True
imports,1211,import_hash_bin_0953,0.000454304940761501,0.000454304940761501,True
imports,775,import_hash_bin_0517,0.0004537485567537082,0.0004537485567537082,True
imports,324,import_hash_bin_0066,0.0004535331555256136,0.0004535331555256136,True
imports,555,import_hash_bin_0297,0.0004500507605894893,0.0004500507605894893,True
imports,407,import_hash_bin_0149,0.0004494121062734975,0.0004494121062734975,True
imports,1075,import_hash_bin_0817,0.00044434444376337186,0.00044434444376337186,True
imports,481,import_hash_bin_0223,0.00044402413256607455,0.00044402413256607455,True
imports,819,import_hash_bin_0561,0.0004428519380707878,0.0004428519380707878,True
imports,501,import_hash_bin_0243,0.00044213599973549883,0.00044213599973549883,True
imports,766,import_hash_bin_0508,0.00044201252379759735,0.00044201252379759735,True
imports,1006,import_hash_bin_0748,0.00044065423612859943,0.00044065423612859943,True
imports,935,import_hash_bin_0677,0.0004396112415196216,0.0004396112415196216,True
imports,771,import_hash_bin_0513,0.0004395769897343695,0.0004395769897343695,True
imports,884,import_hash_bin_0626,0.00043929671901052743,0.00043929671901052743,True
imports,376,import_hash_bin_0118,0.00043835558133962686,0.00043835558133962686,True
imports,808,import_hash_bin_0550,0.00043818480537926555,0.00043818480537926555,True
imports,911,import_hash_bin_0653,0.0004376605736294299,0.0004376605736294299,True
imports,902,import_hash_bin_0644,0.00043626316724846784,0.00043626316724846784,True
imports,655,import_hash_bin_0397,0.0004360555051247784,0.0004360555051247784,True
imports,627,import_hash_bin_0369,0.0004360402266795267,0.0004360402266795267,True
imports,941,import_hash_bin_0683,0.0004358368824453172,0.0004358368824453172,True
imports,996,import_hash_bin_0738,0.0004356594602861495,0.0004356594602861495,True
imports,509,import_hash_bin_0251,0.0004323013720277901,0.0004323013720277901,True
imports,411,import_hash_bin_0153,0.0004322349042950504,0.0004322349042950504,True
imports,281,import_hash_bin_0023,0.0004297258132024558,0.0004297258132024558,True
imports,907,import_hash_bin_0649,0.0004290651690433817,0.0004290651690433817,True
imports,73,library_hash_bin_071,0.00042837342125727175,0.00042837342125727175,True
imports,1099,import_hash_bin_0841,0.0004283189528558796,0.0004283189528558796,True
imports,363,import_hash_bin_0105,0.0004256386179277479,0.0004256386179277479,True
imports,899,import_hash_bin_0641,0.0004252721514333151,0.0004252721514333151,True
imports,1193,import_hash_bin_0935,0.00042413927255401205,0.00042413927255401205,True
imports,1229,import_hash_bin_0971,0.0004234242063379448,0.0004234242063379448,True
imports,1139,import_hash_bin_0881,0.00042321224144176205,0.00042321224144176205,True
imports,268,import_hash_bin_0010,0.00042282398831128943,0.00042282398831128943,True
imports,700,import_hash_bin_0442,0.0004217020568490829,0.0004217020568490829,True
imports,547,import_hash_bin_0289,0.00041982431789634305,0.00041982431789634305,True
imports,551,import_hash_bin_0293,0.00041942483324936247,0.00041942483324936247,True
imports,141,library_hash_bin_139,0.00041831411266416444,0.00041831411266416444,True
imports,777,import_hash_bin_0519,0.0004179838100212293,0.0004179838100212293,True
imports,1185,import_hash_bin_0927,0.00041764633365649504,0.00041764633365649504,True
imports,492,import_hash_bin_0234,0.0004168261778031078,0.0004168261778031078,True
imports,1227,import_hash_bin_0969,0.00041576405512251544,0.00041576405512251544,True
imports,295,import_hash_bin_0037,0.00041457025598050004,0.00041457025598050004,True
imports,631,import_hash_bin_0373,0.00041256095466176036,0.00041256095466176036,True
imports,314,import_hash_bin_0056,0.0004121563874715625,0.0004121563874715625,True
imports,472,import_hash_bin_0214,0.00041171506715013837,0.00041171506715013837,True
imports,931,import_hash_bin_0673,0.00041163818794774047,0.00041163818794774047,True
imports,394,import_hash_bin_0136,0.0004104216154962244,0.0004104216154962244,True
imports,431,import_hash_bin_0173,0.0004071771486952477,0.0004071771486952477,True
imports,478,import_hash_bin_0220,0.0004046690005018199,0.0004046690005018199,True
imports,920,import_hash_bin_0662,0.00040350098922622323,0.00040350098922622323,True
imports,482,import_hash_bin_0224,0.000402663863645686,0.000402663863645686,True
imports,1251,import_hash_bin_0993,0.00040151318068461987,0.00040151318068461987,True
imports,1017,import_hash_bin_0759,0.00040122390157402906,0.00040122390157402906,True
imports,654,import_hash_bin_0396,0.0004005759995187265,0.0004005759995187265,True
imports,934,import_hash_bin_0676,0.00040017093816299514,0.00040017093816299514,True
imports,1130,import_hash_bin_0872,0.00039965665515736957,0.00039965665515736957,True
imports,833,import_hash_bin_0575,0.00039884939672823604,0.00039884939672823604,True
imports,498,import_hash_bin_0240,0.0003983389272753285,0.0003983389272753285,True
imports,322,import_hash_bin_0064,0.0003980231139547375,0.0003980231139547375,True
imports,674,import_hash_bin_0416,0.00039769694579579374,0.00039769694579579374,True
imports,876,import_hash_bin_0618,0.00039684605068937654,0.00039684605068937654,True
imports,1100,import_hash_bin_0842,0.0003958422688103629,0.0003958422688103629,True
imports,97,library_hash_bin_095,0.00039554552943908385,0.00039554552943908385,True
imports,441,import_hash_bin_0183,0.0003951191014290699,0.0003951191014290699,True
imports,488,import_hash_bin_0230,0.0003944287961265407,0.0003944287961265407,True
imports,799,import_hash_bin_0541,0.00039409918772344564,0.00039409918772344564,True
imports,1082,import_hash_bin_0824,0.00039339267330682696,0.00039339267330682696,True
imports,964,import_hash_bin_0706,0.0003933092755301144,0.0003933092755301144,True
imports,275,import_hash_bin_0017,0.00039281857579137375,0.00039281857579137375,True
imports,1234,import_hash_bin_0976,0.0003922639803613116,0.0003922639803613116,True
imports,695,import_hash_bin_0437,0.00039221596905622997,0.00039221596905622997,True
imports,828,import_hash_bin_0570,0.0003918488184563915,0.0003918488184563915,True
imports,1045,import_hash_bin_0787,0.0003912668256039253,0.0003912668256039253,True
imports,1049,import_hash_bin_0791,0.00039081802116598983,0.00039081802116598983,True
imports,1262,import_hash_bin_1004,0.0003905949907797337,0.0003905949907797337,True
imports,491,import_hash_bin_0233,0.00039001052805568456,0.00039001052805568456,True
imports,798,import_hash_bin_0540,0.000388877736323485,0.000388877736323485,True
imports,1102,import_hash_bin_0844,0.000388748978023847,0.000388748978023847,True
imports,611,import_hash_bin_0353,0.0003875196444602497,0.0003875196444602497,True
imports,267,import_hash_bin_0009,0.00038729459026139645,0.00038729459026139645,True
imports,893,import_hash_bin_0635,0.0003865367966881591,0.0003865367966881591,True
imports,582,import_hash_bin_0324,0.0003863830806952746,0.0003863830806952746,True
imports,457,import_hash_bin_0199,0.00038528775763928974,0.00038528775763928974,True
imports,622,import_hash_bin_0364,0.00038501151228116355,0.00038501151228116355,True
imports,293,import_hash_bin_0035,0.0003837427556348701,0.0003837427556348701,True
imports,583,import_hash_bin_0325,0.0003827776961821002,0.0003827776961821002,True
imports,1023,import_hash_bin_0765,0.00038139537660860577,0.00038139537660860577,True
imports,494,import_hash_bin_0236,0.0003807596231955075,0.0003807596231955075,True
imports,83,library_hash_bin_081,0.0003798561447381469,0.0003798561447381469,True
imports,428,import_hash_bin_0170,0.0003786176663241432,0.0003786176663241432,True
imports,340,import_hash_bin_0082,0.0003776742992309564,0.0003776742992309564,True
imports,586,import_hash_bin_0328,0.00037721814498811875,0.00037721814498811875,True
imports,898,import_hash_bin_0640,0.00037705245563724187,0.00037705245563724187,True
imports,658,import_hash_bin_0400,0.00037553109127225215,0.00037553109127225215,True
imports,515,import_hash_bin_0257,0.0003753162682266408,0.0003753162682266408,True
imports,1164,import_hash_bin_0906,0.0003753098015550863,0.0003753098015550863,True
imports,1010,import_hash_bin_0752,0.0003748128864555993,0.0003748128864555993,True
imports,277,import_hash_bin_0019,0.00037432995514170077,0.00037432995514170077,True
imports,429,import_hash_bin_0171,0.0003742942539533215,0.0003742942539533215,True
imports,933,import_hash_bin_0675,0.00037382015676769667,0.00037382015676769667,True
imports,468,import_hash_bin_0210,0.00037318631259287564,0.00037318631259287564,True
imports,1186,import_hash_bin_0928,0.0003724636175294678,0.0003724636175294678,True
imports,1267,import_hash_bin_1009,0.0003713030217267312,0.0003713030217267312,True
imports,639,import_hash_bin_0381,0.0003684869125264764,0.0003684869125264764,True
imports,409,import_hash_bin_0151,0.0003668887399540384,0.0003668887399540384,True
imports,706,import_hash_bin_0448,0.00036482478589161706,0.00036482478589161706,True
imports,200,library_hash_bin_198,0.00036455110276021105,0.00036455110276021105,True
imports,265,import_hash_bin_0007,0.00036410559053375236,0.00036410559053375236,True
imports,398,import_hash_bin_0140,0.0003631295728820306,0.0003631295728820306,True
imports,789,import_hash_bin_0531,0.00036214781459330075,0.00036214781459330075,True
imports,294,import_hash_bin_0036,0.0003617041197730121,0.0003617041197730121,True
imports,1158,import_hash_bin_0900,0.00036130975263476856,0.00036130975263476856,True
imports,497,import_hash_bin_0239,0.0003612224474976562,0.0003612224474976562,True
imports,846,import_hash_bin_0588,0.00036090165506289906,0.00036090165506289906,True
imports,1056,import_hash_bin_0798,0.0003592326586326901,0.0003592326586326901,True
imports,393,import_hash_bin_0135,0.0003591698489247823,0.0003591698489247823,True
imports,1036,import_hash_bin_0778,0.0003587984331465718,0.0003587984331465718,True
imports,742,import_hash_bin_0484,0.00035791637259157967,0.00035791637259157967,True
imports,886,import_hash_bin_0628,0.00035725672685925114,0.00035725672685925114,True
imports,925,import_hash_bin_0667,0.0003562846965475507,0.0003562846965475507,True
imports,697,import_hash_bin_0439,0.0003552849681749833,0.0003552849681749833,True
imports,610,import_hash_bin_0352,0.0003545606729280179,0.0003545606729280179,True
imports,315,import_hash_bin_0057,0.00035325458529429025,0.00035325458529429025,True
imports,517,import_hash_bin_0259,0.0003531451073684118,0.0003531451073684118,True
imports,969,import_hash_bin_0711,0.0003525927163144299,0.0003525927163144299,True
imports,434,import_hash_bin_0176,0.00035246205611781596,0.00035246205611781596,True
imports,493,import_hash_bin_0235,0.00035209189091453953,0.00035209189091453953,True
imports,1033,import_hash_bin_0775,0.0003512861723444535,0.0003512861723444535,True
imports,353,import_hash_bin_0095,0.0003483030956266536,0.0003483030956266536,True
imports,284,import_hash_bin_0026,0.00034754421384305045,0.00034754421384305045,True
imports,869,import_hash_bin_0611,0.00034747780593838884,0.00034747780593838884,True
imports,797,import_hash_bin_0539,0.0003474313543291866,0.0003474313543291866,True
imports,595,import_hash_bin_0337,0.000346006138703641,0.000346006138703641,True
imports,312,import_hash_bin_0054,0.00034545781266846873,0.00034545781266846873,True
imports,449,import_hash_bin_0191,0.0003444237509639512,0.0003444237509639512,True
imports,913,import_hash_bin_0655,0.00034353900405214996,0.00034353900405214996,True
imports,1141,import_hash_bin_0883,0.0003428554922458338,0.0003428554922458338,True
imports,978,import_hash_bin_0720,0.0003392188549035451,0.0003392188549035451,True
imports,448,import_hash_bin_0190,0.00033904603212728826,0.00033904603212728826,True
imports,1206,import_hash_bin_0948,0.0003386584567740047,0.0003386584567740047,True
imports,1120,import_hash_bin_0862,0.0003373194910234842,0.0003373194910234842,True
imports,821,import_hash_bin_0563,0.00033722295797860267,0.00033722295797860267,True
imports,226,library_hash_bin_224,0.00033654477565162874,0.00033654477565162874,True
imports,202,library_hash_bin_200,0.0003364397223900403,0.0003364397223900403,True
imports,826,import_hash_bin_0568,0.0003350938974545136,0.0003350938974545136,True
imports,724,import_hash_bin_0466,0.0003346040811112134,0.0003346040811112134,True
imports,918,import_hash_bin_0660,0.00033262988667458334,0.00033262988667458334,True
imports,415,import_hash_bin_0157,0.0003291687698839958,0.0003291687698839958,True
imports,608,import_hash_bin_0350,0.0003290605255963337,0.0003290605255963337,True
imports,736,import_hash_bin_0478,0.00032864311243427916,0.00032864311243427916,True
imports,878,import_hash_bin_0620,0.00032837545866023533,0.00032837545866023533,True
imports,812,import_hash_bin_0554,0.00032662145062360877,0.00032662145062360877,True
imports,1194,import_hash_bin_0936,0.00032568521058819167,0.00032568521058819167,True
imports,749,import_hash_bin_0491,0.000324963576020264,0.000324963576020264,True
imports,520,import_hash_bin_0262,0.0003245807425041858,0.0003245807425041858,True
imports,666,import_hash_bin_0408,0.0003233902156065336,0.0003233902156065336,True
imports,972,import_hash_bin_0714,0.00032302729902247164,0.00032302729902247164,True
imports,900,import_hash_bin_0642,0.0003228422705750407,0.0003228422705750407,True
imports,1249,import_hash_bin_0991,0.00032027234729626653,0.00032027234729626653,True
imports,805,import_hash_bin_0547,0.0003191124565790566,0.0003191124565790566,True
imports,1019,import_hash_bin_0761,0.0003189452189401554,0.0003189452189401554,True
imports,1123,import_hash_bin_0865,0.00031869275439700453,0.00031869275439700453,True
imports,662,import_hash_bin_0404,0.00031815346902782016,0.00031815346902782016,True
imports,1108,import_hash_bin_0850,0.0003171847841041709,0.0003171847841041709,True
imports,1182,import_hash_bin_0924,0.0003170898001386313,0.0003170898001386313,True
imports,723,import_hash_bin_0465,0.00031698955525116145,0.00031698955525116145,True
imports,335,import_hash_bin_0077,0.00031694814829900237,0.00031694814829900237,True
imports,1059,import_hash_bin_0801,0.00031618444390097637,0.00031618444390097637,True
imports,374,import_hash_bin_0116,0.00031548770714891086,0.00031548770714891086,True
imports,456,import_hash_bin_0198,0.0003154514596589015,0.0003154514596589015,True
imports,1057,import_hash_bin_0799,0.00031522961125618465,0.00031522961125618465,True
imports,856,import_hash_bin_0598,0.0003151035979357144,0.0003151035979357144,True
imports,1254,import_hash_bin_0996,0.00031498771865710266,0.00031498771865710266,True
imports,684,import_hash_bin_0426,0.000314836807069752,0.000314836807069752,True
imports,578,import_hash_bin_0320,0.0003133998769115684,0.0003133998769115684,True
imports,860,import_hash_bin_0602,0.0003128255313245052,0.0003128255313245052,True
imports,621,import_hash_bin_0363,0.00031123588205342513,0.00031123588205342513,True
imports,289,import_hash_bin_0031,0.000311110579144938,0.000311110579144938,True
imports,919,import_hash_bin_0661,0.00031007234676269543,0.00031007234676269543,True
imports,556,import_hash_bin_0298,0.0003095752586382353,0.0003095752586382353,True
imports,881,import_hash_bin_0623,0.0003091491028835525,0.0003091491028835525,True
imports,855,import_hash_bin_0597,0.0003086061544077314,0.0003086061544077314,True
imports,952,import_hash_bin_0694,0.0003077046223491437,0.0003077046223491437,True
imports,1072,import_hash_bin_0814,0.00030675685694529325,0.00030675685694529325,True
imports,566,import_hash_bin_0308,0.000306677666645695,0.000306677666645695,True
imports,1207,import_hash_bin_0949,0.0003057360350194649,0.0003057360350194649,True
imports,892,import_hash_bin_0634,0.00030545793762160777,0.00030545793762160777,True
imports,1025,import_hash_bin_0767,0.0003053974723568105,0.0003053974723568105,True
imports,1116,import_hash_bin_0858,0.0003053519329265704,0.0003053519329265704,True
imports,132,library_hash_bin_130,0.00030287376032626825,0.00030287376032626825,True
imports,671,import_hash_bin_0413,0.0003025526318709025,0.0003025526318709025,True
imports,513,import_hash_bin_0255,0.00030068563844104143,0.00030068563844104143,True
imports,172,library_hash_bin_170,0.00030057271502291553,0.00030057271502291553,True
imports,316,import_hash_bin_0058,0.0003002915837218415,0.0003002915837218415,True
imports,351,import_hash_bin_0093,0.0003000540387396561,0.0003000540387396561,True
imports,503,import_hash_bin_0245,0.00029844518855326045,0.00029844518855326045,True
imports,373,import_hash_bin_0115,0.0002977251291354073,0.0002977251291354073,True
imports,530,import_hash_bin_0272,0.0002974310524404711,0.0002974310524404711,True
imports,930,import_hash_bin_0672,0.0002973070625936176,0.0002973070625936176,True
imports,287,import_hash_bin_0029,0.00029712880087534257,0.00029712880087534257,True
imports,1014,import_hash_bin_0756,0.00029707920544816245,0.00029707920544816245,True
imports,699,import_hash_bin_0441,0.0002967655192315616,0.0002967655192315616,True
imports,408,import_hash_bin_0150,0.0002963339027036236,0.0002963339027036236,True
imports,272,import_hash_bin_0014,0.0002958486694042219,0.0002958486694042219,True
imports,827,import_hash_bin_0569,0.0002933795159100393,0.0002933795159100393,True
imports,379,import_hash_bin_0121,0.0002933559511221024,0.0002933559511221024,True
imports,677,import_hash_bin_0419,0.0002932324749890378,0.0002932324749890378,True
imports,589,import_hash_bin_0331,0.00029312599868442133,0.00029312599868442133,True
imports,603,import_hash_bin_0345,0.00029300473830534197,0.00029300473830534197,True
imports,750,import_hash_bin_0492,0.00029272320814349826,0.00029272320814349826,True
imports,687,import_hash_bin_0429,0.000292527551993668,0.000292527551993668,True
imports,336,import_hash_bin_0078,0.0002925184809559489,0.0002925184809559489,True
imports,533,import_hash_bin_0275,0.0002907387485209678,0.0002907387485209678,True
imports,757,import_hash_bin_0499,0.00029049484600720903,0.00029049484600720903,True
imports,1263,import_hash_bin_1005,0.0002900188186382542,0.0002900188186382542,True
imports,355,import_hash_bin_0097,0.00028945646488834185,0.00028945646488834185,True
imports,681,import_hash_bin_0423,0.00028920471978430783,0.00028920471978430783,True
imports,1104,import_hash_bin_0846,0.00028731584894048866,0.00028731584894048866,True
imports,397,import_hash_bin_0139,0.00028720707446697034,0.00028720707446697034,True
imports,1149,import_hash_bin_0891,0.000287153535801893,0.000287153535801893,True
imports,848,import_hash_bin_0590,0.00028667814749165204,0.00028667814749165204,True
imports,971,import_hash_bin_0713,0.0002863145411260749,0.0002863145411260749,True
imports,257,library_hash_bin_255,0.00028576577237216574,0.00028576577237216574,True
imports,642,import_hash_bin_0384,0.000283284251537499,0.000283284251537499,True
imports,438,import_hash_bin_0180,0.0002830584060202249,0.0002830584060202249,True
imports,1105,import_hash_bin_0847,0.00028105225349776266,0.00028105225349776266,True
imports,1270,import_hash_bin_1012,0.00028029185880579764,0.00028029185880579764,True
imports,323,import_hash_bin_0065,0.00027960638106361714,0.00027960638106361714,True
imports,442,import_hash_bin_0184,0.00027951709024119523,0.00027951709024119523,True
imports,546,import_hash_bin_0288,0.0002793456659810346,0.0002793456659810346,True
imports,454,import_hash_bin_0196,0.0002787696902253681,0.0002787696902253681,True
imports,380,import_hash_bin_0122,0.00027834531170110903,0.00027834531170110903,True
imports,963,import_hash_bin_0705,0.0002774202892860411,0.0002774202892860411,True
imports,1091,import_hash_bin_0833,0.0002761943462532837,0.0002761943462532837,True
imports,1096,import_hash_bin_0838,0.0002758936500227657,0.0002758936500227657,True
imports,1143,import_hash_bin_0885,0.0002757403702501885,0.0002757403702501885,True
imports,1214,import_hash_bin_0956,0.00027572899255326857,0.00027572899255326857,True
imports,1015,import_hash_bin_0757,0.0002750703072102351,0.0002750703072102351,True
imports,445,import_hash_bin_0187,0.00027461324711396394,0.00027461324711396394,True
imports,594,import_hash_bin_0336,0.00027427914178472095,0.00027427914178472095,True
imports,866,import_hash_bin_0608,0.00027369538555590596,0.00027369538555590596,True
imports,390,import_hash_bin_0132,0.0002734805792336945,0.0002734805792336945,True
imports,298,import_hash_bin_0040,0.0002719309313701927,0.0002719309313701927,True
imports,574,import_hash_bin_0316,0.00027154793156754237,0.00027154793156754237,True
imports,683,import_hash_bin_0425,0.0002708904634880219,0.0002708904634880219,True
imports,296,import_hash_bin_0038,0.00026987256343915893,0.00026987256343915893,True
imports,778,import_hash_bin_0520,0.0002669333733402439,0.0002669333733402439,True
imports,690,import_hash_bin_0432,0.00026671149970201576,0.00026671149970201576,True
imports,171,library_hash_bin_169,0.0002667094698893192,0.0002667094698893192,True
imports,1264,import_hash_bin_1006,0.00026295886349004486,0.00026295886349004486,True
imports,840,import_hash_bin_0582,0.0002624579422122092,0.0002624579422122092,True
imports,549,import_hash_bin_0291,0.00026219600458409956,0.00026219600458409956,True
imports,214,library_hash_bin_212,0.0002613758555602627,0.0002613758555602627,True
imports,232,library_hash_bin_230,0.00026044727940471017,0.00026044727940471017,True
imports,950,import_hash_bin_0692,0.00025912073688237126,0.00025912073688237126,True
imports,1003,import_hash_bin_0745,0.00025858287635217376,0.00025858287635217376,True
imports,462,import_hash_bin_0204,0.00025832482123471797,0.00025832482123471797,True
imports,615,import_hash_bin_0357,0.00025772344206517853,0.00025772344206517853,True
imports,1277,import_hash_bin_1019,0.00025772181553185915,0.00025772181553185915,True
imports,1109,import_hash_bin_0851,0.0002576351026738459,0.0002576351026738459,True
imports,1198,import_hash_bin_0940,0.0002567709310735764,0.0002567709310735764,True
imports,825,import_hash_bin_0567,0.0002558842306739526,0.0002558842306739526,True
imports,303,import_hash_bin_0045,0.00025567720795122617,0.00025567720795122617,True
imports,648,import_hash_bin_0390,0.0002530350130825634,0.0002530350130825634,True
imports,331,import_hash_bin_0073,0.00025208380716619744,0.00025208380716619744,True
imports,469,import_hash_bin_0211,0.0002520309094944297,0.0002520309094944297,True
imports,623,import_hash_bin_0365,0.0002506886512492731,0.0002506886512492731,True
imports,1098,import_hash_bin_0840,0.00025026465013188327,0.00025026465013188327,True
imports,367,import_hash_bin_0109,0.00024982410499471344,0.00024982410499471344,True
imports,1232,import_hash_bin_0974,0.0002487884258886636,0.0002487884258886636,True
imports,762,import_hash_bin_0504,0.00024810778667839887,0.00024810778667839887,True
imports,144,library_hash_bin_142,0.00024805289788374074,0.00024805289788374074,True
imports,1202,import_hash_bin_0944,0.00024787660145997445,0.00024787660145997445,True
imports,290,import_hash_bin_0032,0.0002471837778819858,0.0002471837778819858,True
imports,1146,import_hash_bin_0888,0.0002466274118204766,0.0002466274118204766,True
imports,487,import_hash_bin_0229,0.0002453412152572839,0.0002453412152572839,True
imports,343,import_hash_bin_0085,0.00024533845590785,0.00024533845590785,True
imports,1101,import_hash_bin_0843,0.0002447032920187217,0.0002447032920187217,True
imports,875,import_hash_bin_0617,0.00024461244477830973,0.00024461244477830973,True
imports,464,import_hash_bin_0206,0.00024453796329363325,0.00024453796329363325,True
imports,1181,import_hash_bin_0923,0.000244165299006471,0.000244165299006471,True
imports,612,import_hash_bin_0354,0.00024407497441467833,0.00024407497441467833,True
imports,378,import_hash_bin_0120,0.000243937385394939,0.000243937385394939,True
imports,370,import_hash_bin_0112,0.00024300618780470986,0.00024300618780470986,True
imports,1230,import_hash_bin_0972,0.0002427730070575925,0.0002427730070575925,True
imports,1163,import_hash_bin_0905,0.0002408799867343007,0.0002408799867343007,True
imports,562,import_hash_bin_0304,0.00024019580476820134,0.00024019580476820134,True
imports,988,import_hash_bin_0730,0.00024010307968018468,0.00024010307968018468,True
imports,22,library_hash_bin_020,0.00023920239372270992,0.00023920239372270992,True
imports,572,import_hash_bin_0314,0.00023727188042684563,0.00023727188042684563,True
imports,95,library_hash_bin_093,0.00023717813529455307,0.00023717813529455307,True
imports,943,import_hash_bin_0685,0.0002369901486107258,0.0002369901486107258,True
imports,1147,import_hash_bin_0889,0.0002369255562337803,0.0002369255562337803,True
imports,400,import_hash_bin_0142,0.00023638297736158504,0.00023638297736158504,True
imports,730,import_hash_bin_0472,0.00023553612672364967,0.00023553612672364967,True
imports,461,import_hash_bin_0203,0.00023406273596906046,0.00023406273596906046,True
imports,653,import_hash_bin_0395,0.00023384377799727816,0.00023384377799727816,True
imports,1018,import_hash_bin_0760,0.00023308177452542145,0.00023308177452542145,True
imports,537,import_hash_bin_0279,0.00023251847340829656,0.00023251847340829656,True
imports,319,import_hash_bin_0061,0.00023250704749655258,0.00023250704749655258,True
imports,1219,import_hash_bin_0961,0.00023108319330920524,0.00023108319330920524,True
imports,597,import_hash_bin_0339,0.00023009314332791785,0.00023009314332791785,True
imports,565,import_hash_bin_0307,0.0002300851224939235,0.0002300851224939235,True
imports,451,import_hash_bin_0193,0.00022882846887471714,0.00022882846887471714,True
imports,1080,import_hash_bin_0822,0.0002279913224083144,0.0002279913224083144,True
imports,282,import_hash_bin_0024,0.0002278155956685492,0.0002278155956685492,True
imports,773,import_hash_bin_0515,0.00022773002999997417,0.00022773002999997417,True
imports,417,import_hash_bin_0159,0.0002266229733530787,0.0002266229733530787,True
imports,985,import_hash_bin_0727,0.00022635515287767837,0.00022635515287767837,True
imports,649,import_hash_bin_0391,0.0002260796158605531,0.0002260796158605531,True
imports,602,import_hash_bin_0344,0.0002255811464298384,0.0002255811464298384,True
imports,1165,import_hash_bin_0907,0.0002254620580247726,0.0002254620580247726,True
imports,1166,import_hash_bin_0908,0.0002245360199299271,0.0002245360199299271,True
imports,278,import_hash_bin_0020,0.00022419049034335173,0.00022419049034335173,True
imports,467,import_hash_bin_0209,0.00022372369521077493,0.00022372369521077493,True
imports,47,library_hash_bin_045,0.00022352695776070165,0.00022352695776070165,True
imports,1066,import_hash_bin_0808,0.00022291555329608816,0.00022291555329608816,True
imports,624,import_hash_bin_0366,0.00022271616591594654,0.00022271616591594654,True
imports,560,import_hash_bin_0302,0.00022256170321799116,0.00022256170321799116,True
imports,416,import_hash_bin_0158,0.0002219560145365822,0.0002219560145365822,True
imports,1238,import_hash_bin_0980,0.00022172609530913715,0.00022172609530913715,True
imports,607,import_hash_bin_0349,0.0002209567899218308,0.0002209567899218308,True
imports,1040,import_hash_bin_0782,0.0002199341520630759,0.0002199341520630759,True
imports,387,import_hash_bin_0129,0.00021946436739653908,0.00021946436739653908,True
imports,679,import_hash_bin_0421,0.00021884401343504422,0.00021884401343504422,True
imports,975,import_hash_bin_0717,0.0002186064550266696,0.0002186064550266696,True
imports,813,import_hash_bin_0555,0.00021837376244239704,0.00021837376244239704,True
imports,1064,import_hash_bin_0806,0.00021702908848647733,0.00021702908848647733,True
imports,1062,import_hash_bin_0804,0.0002156726443513931,0.0002156726443513931,True
imports,403,import_hash_bin_0145,0.0002156605470415831,0.0002156605470415831,True
imports,890,import_hash_bin_0632,0.00021550044741534613,0.00021550044741534613,True
imports,1009,import_hash_bin_0751,0.00021422709261011453,0.00021422709261011453,True
imports,843,import_hash_bin_0585,0.00021416984023694187,0.00021416984023694187,True
imports,1058,import_hash_bin_0800,0.00021384949006790908,0.00021384949006790908,True
imports,65,library_hash_bin_063,0.0002134420183405872,0.0002134420183405872,True
imports,859,import_hash_bin_0601,0.00021279981784093837,0.00021279981784093837,True
imports,299,import_hash_bin_0041,0.00021255255653602491,0.00021255255653602491,True
imports,1250,import_hash_bin_0992,0.00021178191400872783,0.00021178191400872783,True
imports,341,import_hash_bin_0083,0.0002117339329953097,0.0002117339329953097,True
imports,968,import_hash_bin_0710,0.00021096632333080328,0.00021096632333080328,True
imports,803,import_hash_bin_0545,0.0002108688984489274,0.0002108688984489274,True
imports,705,import_hash_bin_0447,0.00021084753873221353,0.00021084753873221353,True
imports,1061,import_hash_bin_0803,0.00021073508128078203,0.00021073508128078203,True
imports,286,import_hash_bin_0028,0.00020959277239932477,0.00020959277239932477,True
imports,511,import_hash_bin_0253,0.0002094293346653163,0.0002094293346653163,True
imports,557,import_hash_bin_0299,0.00020921094408863928,0.00020921094408863928,True
imports,737,import_hash_bin_0479,0.0002090232573674778,0.0002090232573674778,True
imports,842,import_hash_bin_0584,0.00020701180643222848,0.00020701180643222848,True
imports,885,import_hash_bin_0627,0.00020670471439452272,0.00020670471439452272,True
imports,1175,import_hash_bin_0917,0.0002066447593615312,0.0002066447593615312,True
imports,576,import_hash_bin_0318,0.00020617312466096558,0.00020617312466096558,True
imports,306,import_hash_bin_0048,0.0002060044738158356,0.0002060044738158356,True
imports,571,import_hash_bin_0313,0.00020554424758389433,0.00020554424758389433,True
imports,297,import_hash_bin_0039,0.00020542137283748144,0.00020542137283748144,True
imports,733,import_hash_bin_0475,0.0002048192140469085,0.0002048192140469085,True
imports,1258,import_hash_bin_1000,0.00020390916443338247,0.00020390916443338247,True
imports,998,import_hash_bin_0740,0.00020387528576518493,0.00020387528576518493,True
imports,518,import_hash_bin_0260,0.0002027977219355577,0.0002027977219355577,True
imports,1037,import_hash_bin_0779,0.0002017139608610208,0.0002017139608610208,True
imports,967,import_hash_bin_0709,0.000201422519919183,0.000201422519919183,True
imports,483,import_hash_bin_0225,0.0002005064649597065,0.0002005064649597065,True
imports,1244,import_hash_bin_0986,0.00020041949250446597,0.00020041949250446597,True
imports,746,import_hash_bin_0488,0.0001991067244863468,0.0001991067244863468,True
imports,945,import_hash_bin_0687,0.00019903292748212672,0.00019903292748212672,True
imports,1107,import_hash_bin_0849,0.00019888382074156245,0.00019888382074156245,True
imports,304,import_hash_bin_0046,0.00019852271429706623,0.00019852271429706623,True
imports,853,import_hash_bin_0595,0.00019736799889700994,0.00019736799889700994,True
imports,830,import_hash_bin_0572,0.0001973270213693458,0.0001973270213693458,True
imports,561,import_hash_bin_0303,0.0001945614692353354,0.0001945614692353354,True
imports,388,import_hash_bin_0130,0.00019430893396825397,0.00019430893396825397,True
imports,579,import_hash_bin_0321,0.0001941198951478596,0.0001941198951478596,True
imports,1180,import_hash_bin_0922,0.00019267167020087803,0.00019267167020087803,True
imports,1223,import_hash_bin_0965,0.00019229926693319112,0.00019229926693319112,True
imports,814,import_hash_bin_0556,0.00019170353612022617,0.00019170353612022617,True
imports,118,library_hash_bin_116,0.00019119293185453957,0.00019119293185453957,True
imports,372,import_hash_bin_0114,0.0001910251044912812,0.0001910251044912812,True
imports,921,import_hash_bin_0663,0.0001909877466590004,0.0001909877466590004,True
imports,1083,import_hash_bin_0825,0.00018792431173800386,0.00018792431173800386,True
imports,288,import_hash_bin_0030,0.0001874399730050912,0.0001874399730050912,True
imports,837,import_hash_bin_0579,0.00018723320164025804,0.00018723320164025804,True
imports,1261,import_hash_bin_1003,0.00018702923484897332,0.00018702923484897332,True
imports,1031,import_hash_bin_0773,0.00018650481882067832,0.00018650481882067832,True
imports,1086,import_hash_bin_0828,0.00018591155120913867,0.00018591155120913867,True
imports,629,import_hash_bin_0371,0.0001853444373192344,0.0001853444373192344,True
imports,191,library_hash_bin_189,0.00018482697151654632,0.00018482697151654632,True
imports,685,import_hash_bin_0427,0.0001841035945860068,0.0001841035945860068,True
imports,320,import_hash_bin_0062,0.00018367660951849505,0.00018367660951849505,True
imports,905,import_hash_bin_0647,0.00018355727920537778,0.00018355727920537778,True
imports,863,import_hash_bin_0605,0.0001822575934751602,0.0001822575934751602,True
imports,675,import_hash_bin_0417,0.00018224056870042021,0.00018224056870042021,True
imports,917,import_hash_bin_0659,0.00018162929730780738,0.00018162929730780738,True
imports,965,import_hash_bin_0707,0.00018152747423964187,0.00018152747423964187,True
imports,981,import_hash_bin_0723,0.00018100285024699825,0.00018100285024699825,True
imports,966,import_hash_bin_0708,0.00018035403688014504,0.00018035403688014504,True
imports,841,import_hash_bin_0583,0.00017943165109010468,0.00017943165109010468,True
imports,1256,import_hash_bin_0998,0.0001780159636729164,0.0001780159636729164,True
imports,181,library_hash_bin_179,0.00017537206583526319,0.00017537206583526319,True
imports,768,import_hash_bin_0510,0.00017427866773720636,0.00017427866773720636,True
imports,440,import_hash_bin_0182,0.00017410413869280256,0.00017410413869280256,True
imports,114,library_hash_bin_112,0.00017397774337200332,0.00017397774337200332,True
imports,613,import_hash_bin_0355,0.00017226512097373318,0.00017226512097373318,True
imports,88,library_hash_bin_086,0.00017144932528551413,0.00017144932528551413,True
imports,418,import_hash_bin_0160,0.0001708754797269337,0.0001708754797269337,True
imports,1133,import_hash_bin_0875,0.00016926695658795203,0.00016926695658795203,True
imports,806,import_hash_bin_0548,0.00016848361731084142,0.00016848361731084142,True
imports,1279,import_hash_bin_1021,0.00016799371062355676,0.00016799371062355676,True
imports,909,import_hash_bin_0651,0.00016379633059914332,0.00016379633059914332,True
imports,802,import_hash_bin_0544,0.00016160096896138297,0.00016160096896138297,True
imports,1041,import_hash_bin_0783,0.00016029242842067725,0.00016029242842067725,True
imports,78,library_hash_bin_076,0.0001589271328941509,0.0001589271328941509,True
imports,337,import_hash_bin_0079,0.00015868573071085973,0.00015868573071085973,True
imports,432,import_hash_bin_0174,0.0001575545602021863,0.0001575545602021863,True
imports,474,import_hash_bin_0216,0.0001571645958332435,0.0001571645958332435,True
imports,395,import_hash_bin_0137,0.00015660856567885318,0.00015660856567885318,True
imports,759,import_hash_bin_0501,0.00015625078787811545,0.00015625078787811545,True
imports,244,library_hash_bin_242,0.00015552408624450176,0.00015552408624450176,True
imports,1145,import_hash_bin_0887,0.0001540286908900035,0.0001540286908900035,True
imports,130,library_hash_bin_128,0.00015138522454374298,0.00015138522454374298,True
imports,901,import_hash_bin_0643,0.0001510716652206945,0.0001510716652206945,True
imports,1092,import_hash_bin_0834,0.00015102803304357573,0.00015102803304357573,True
imports,974,import_hash_bin_0716,0.0001488968374754302,0.0001488968374754302,True
imports,922,import_hash_bin_0664,0.00014881751698034906,0.00014881751698034906,True
imports,133,library_hash_bin_131,0.00014724138899594968,0.00014724138899594968,True
imports,197,library_hash_bin_195,0.00014605841073056468,0.00014605841073056468,True
imports,529,import_hash_bin_0271,0.00014497675723544904,0.00014497675723544904,True
imports,15,library_hash_bin_013,0.00014172924520995832,0.00014172924520995832,True
imports,682,import_hash_bin_0424,0.0001417098804750028,0.0001417098804750028,True
imports,601,import_hash_bin_0343,0.00014001155248183567,0.00014001155248183567,True
imports,788,import_hash_bin_0530,0.00013982088056991532,0.00013982088056991532,True
imports,248,library_hash_bin_246,0.00013906504246351774,0.00013906504246351774,True
imports,236,library_hash_bin_234,0.00013856428712541704,0.00013856428712541704,True
imports,1022,import_hash_bin_0764,0.00013850567718854534,0.00013850567718854534,True
imports,1183,import_hash_bin_0925,0.00013807315489066538,0.00013807315489066538,True
imports,344,import_hash_bin_0086,0.000137796909670477,0.000137796909670477,True
imports,485,import_hash_bin_0227,0.00013679667704992725,0.00013679667704992725,True
imports,301,import_hash_bin_0043,0.00013578143425469405,0.00013578143425469405,True
imports,1148,import_hash_bin_0890,0.00013562310471709093,0.00013562310471709093,True
imports,1118,import_hash_bin_0860,0.00013497312755002426,0.00013497312755002426,True
imports,204,library_hash_bin_202,0.00013416813861951227,0.00013416813861951227,True
imports,729,import_hash_bin_0471,0.00013411331646183202,0.00013411331646183202,True
imports,56,library_hash_bin_054,0.00013320734341008063,0.00013320734341008063,True
imports,198,library_hash_bin_196,0.0001323546995497335,0.0001323546995497335,True
imports,134,library_hash_bin_132,0.000131626887481791,0.000131626887481791,True
imports,127,library_hash_bin_125,0.0001303932319184181,0.0001303932319184181,True
imports,1081,import_hash_bin_0823,0.00012975586006692274,0.00012975586006692274,True
imports,1179,import_hash_bin_0921,0.00012904856231806653,0.00012904856231806653,True
imports,676,import_hash_bin_0418,0.00012871210348813398,0.00012871210348813398,True
imports,984,import_hash_bin_0726,0.00012841749677079505,0.00012841749677079505,True
imports,190,library_hash_bin_188,0.00012633708851480415,0.00012633708851480415,True
imports,817,import_hash_bin_0559,0.00012622365305311233,0.00012622365305311233,True
imports,801,import_hash_bin_0543,0.00012486418420189216,0.00012486418420189216,True
imports,507,import_hash_bin_0249,0.0001244825955720156,0.0001244825955720156,True
imports,769,import_hash_bin_0511,0.00012398801127396557,0.00012398801127396557,True
imports,740,import_hash_bin_0482,0.00012283045661641573,0.00012283045661641573,True
imports,714,import_hash_bin_0456,0.00012151876272055789,0.00012151876272055789,True
imports,641,import_hash_bin_0383,0.0001203413624090643,0.0001203413624090643,True
imports,1024,import_hash_bin_0766,0.00012005984845494614,0.00012005984845494614,True
imports,747,import_hash_bin_0489,0.00011957017119521628,0.00011957017119521628,True
imports,358,import_hash_bin_0100,0.0001185215221409391,0.0001185215221409391,True
imports,1252,import_hash_bin_0994,0.0001175611385647257,0.0001175611385647257,True
imports,990,import_hash_bin_0732,0.00011733800792197163,0.00011733800792197163,True
imports,391,import_hash_bin_0133,0.00011669630115166866,0.00011669630115166866,True
imports,224,library_hash_bin_222,0.00011598035156701691,0.00011598035156701691,True
imports,1070,import_hash_bin_0812,0.00011582681020938439,0.00011582681020938439,True
imports,1235,import_hash_bin_0977,0.00011534517392213391,0.00011534517392213391,True
imports,75,library_hash_bin_073,0.00011450233191982237,0.00011450233191982237,True
imports,883,import_hash_bin_0625,0.0001135802198539424,0.0001135802198539424,True
imports,588,import_hash_bin_0330,0.00011104273022449365,0.00011104273022449365,True
imports,703,import_hash_bin_0445,0.00011045088511935627,0.00011045088511935627,True
imports,1095,import_hash_bin_0837,0.0001100695208808423,0.0001100695208808423,True
imports,548,import_hash_bin_0290,0.00010986679392231046,0.00010986679392231046,True
imports,940,import_hash_bin_0682,0.00010978122580172309,0.00010978122580172309,True
imports,1187,import_hash_bin_0929,0.0001097181329085206,0.0001097181329085206,True
imports,1039,import_hash_bin_0781,0.00010969723106126085,0.00010969723106126085,True
imports,447,import_hash_bin_0189,0.00010873005592930897,0.00010873005592930897,True
imports,206,library_hash_bin_204,0.00010822086005396299,0.00010822086005396299,True
imports,1034,import_hash_bin_0776,0.00010786696304440066,0.00010786696304440066,True
imports,1073,import_hash_bin_0815,0.00010651155542324331,0.00010651155542324331,True
imports,692,import_hash_bin_0434,0.00010294808174339286,0.00010294808174339286,True
imports,872,import_hash_bin_0614,0.00010248575831092522,0.00010248575831092522,True
imports,163,library_hash_bin_161,0.00010098427329427727,0.00010098427329427727,True
imports,1268,import_hash_bin_1010,0.00010095694487474751,0.00010095694487474751,True
imports,29,library_hash_bin_027,0.00010005380188494355,0.00010005380188494355,True
imports,143,library_hash_bin_141,9.937126695541245e-05,9.937126695541245e-05,True
imports,1171,import_hash_bin_0913,9.922167254535409e-05,9.922167254535409e-05,True
imports,1124,import_hash_bin_0866,9.914118719216763e-05,9.914118719216763e-05,True
imports,230,library_hash_bin_228,9.885897919344074e-05,9.885897919344074e-05,True
imports,79,library_hash_bin_077,9.835780640260679e-05,9.835780640260679e-05,True
imports,702,import_hash_bin_0444,9.659457602889813e-05,9.659457602889813e-05,True
imports,18,library_hash_bin_016,9.645578180108903e-05,9.645578180108903e-05,True
imports,28,library_hash_bin_026,9.640910021731752e-05,9.640910021731752e-05,True
imports,1266,import_hash_bin_1008,9.548760789963691e-05,9.548760789963691e-05,True
imports,225,library_hash_bin_223,9.411365569186918e-05,9.411365569186918e-05,True
imports,80,library_hash_bin_078,9.310271067893919e-05,9.310271067893919e-05,True
imports,1055,import_hash_bin_0797,9.283245001072365e-05,9.283245001072365e-05,True
imports,951,import_hash_bin_0693,9.242577424998254e-05,9.242577424998254e-05,True
imports,770,import_hash_bin_0512,9.176535553871071e-05,9.176535553871071e-05,True
imports,717,import_hash_bin_0459,9.062641140471681e-05,9.062641140471681e-05,True
imports,592,import_hash_bin_0334,9.041051286048445e-05,9.041051286048445e-05,True
imports,217,library_hash_bin_215,8.948219052286411e-05,8.948219052286411e-05,True
imports,399,import_hash_bin_0141,8.922491918979876e-05,8.922491918979876e-05,True
imports,433,import_hash_bin_0175,8.780031534530059e-05,8.780031534530059e-05,True
imports,254,library_hash_bin_252,8.728986368647031e-05,8.728986368647031e-05,True
imports,1103,import_hash_bin_0845,8.560189945115381e-05,8.560189945115381e-05,True
imports,334,import_hash_bin_0076,8.387089200292207e-05,8.387089200292207e-05,True
imports,82,library_hash_bin_080,8.385956635105107e-05,8.385956635105107e-05,True
imports,152,library_hash_bin_150,8.151814810179106e-05,8.151814810179106e-05,True
imports,1177,import_hash_bin_0919,8.125970504491658e-05,8.125970504491658e-05,True
imports,993,import_hash_bin_0735,8.011113426052511e-05,8.011113426052511e-05,True
imports,234,library_hash_bin_232,7.898963294136361e-05,7.898963294136361e-05,True
imports,121,library_hash_bin_119,7.838404917670682e-05,7.838404917670682e-05,True
imports,347,import_hash_bin_0089,7.76092266668081e-05,7.76092266668081e-05,True
imports,807,import_hash_bin_0549,7.652452649237438e-05,7.652452649237438e-05,True
imports,62,library_hash_bin_060,7.603438685751074e-05,7.603438685751074e-05,True
imports,239,library_hash_bin_237,7.457863408864458e-05,7.457863408864458e-05,True
imports,7,library_hash_bin_005,7.411953588400319e-05,7.411953588400319e-05,True
imports,142,library_hash_bin_140,7.281779526198931e-05,7.281779526198931e-05,True
imports,250,library_hash_bin_248,7.138435779949861e-05,7.138435779949861e-05,True
imports,199,library_hash_bin_197,7.045812976689052e-05,7.045812976689052e-05,True
imports,162,library_hash_bin_160,7.045199221236584e-05,7.045199221236584e-05,True
imports,20,library_hash_bin_018,7.031883001402103e-05,7.031883001402103e-05,True
imports,229,library_hash_bin_227,6.724673954450501e-05,6.724673954450501e-05,True
imports,175,library_hash_bin_173,6.678369820322557e-05,6.678369820322557e-05,True
imports,146,library_hash_bin_144,6.64783659890736e-05,6.64783659890736e-05,True
imports,215,library_hash_bin_213,6.636574499139681e-05,6.636574499139681e-05,True
imports,124,library_hash_bin_122,6.561679984196756e-05,6.561679984196756e-05,True
imports,196,library_hash_bin_194,6.46291179763713e-05,6.46291179763713e-05,True
imports,178,library_hash_bin_176,6.389903872631026e-05,6.389903872631026e-05,True
imports,161,library_hash_bin_159,6.043979566154356e-05,6.043979566154356e-05,True
imports,30,library_hash_bin_028,6.004173139067641e-05,6.004173139067641e-05,True
imports,64,library_hash_bin_062,5.99204850710264e-05,5.99204850710264e-05,True
imports,49,library_hash_bin_047,5.8850456667824006e-05,5.8850456667824006e-05,True
imports,207,library_hash_bin_205,5.846335689025985e-05,5.846335689025985e-05,True
imports,140,library_hash_bin_138,5.718289257972932e-05,5.718289257972932e-05,True
imports,40,library_hash_bin_038,5.707746201877834e-05,5.707746201877834e-05,True
imports,14,library_hash_bin_012,5.62066147403376e-05,5.62066147403376e-05,True
imports,213,library_hash_bin_211,5.586167542685805e-05,5.586167542685805e-05,True
imports,59,library_hash_bin_057,5.5178874844957815e-05,5.5178874844957815e-05,True
imports,58,library_hash_bin_056,5.2596668780674e-05,5.2596668780674e-05,True
imports,227,library_hash_bin_225,5.2182900166033594e-05,5.2182900166033594e-05,True
imports,253,library_hash_bin_251,5.074473509887995e-05,5.074473509887995e-05,True
imports,72,library_hash_bin_070,5.040661256034508e-05,5.040661256034508e-05,True
imports,52,library_hash_bin_050,5.036882065118381e-05,5.036882065118381e-05,True
imports,126,library_hash_bin_124,4.930445198523471e-05,4.930445198523471e-05,True
imports,38,library_hash_bin_036,4.893933251096808e-05,4.893933251096808e-05,True
imports,139,library_hash_bin_137,4.8231101592442486e-05,4.8231101592442486e-05,True
imports,37,library_hash_bin_035,4.759105150100255e-05,4.759105150100255e-05,True
imports,135,library_hash_bin_133,4.569887045151948e-05,4.569887045151948e-05,True
imports,17,library_hash_bin_015,4.531388660655258e-05,4.531388660655258e-05,True
imports,9,library_hash_bin_007,4.332901862201371e-05,4.332901862201371e-05,True
imports,51,library_hash_bin_049,4.1490947320428744e-05,4.1490947320428744e-05,True
imports,218,library_hash_bin_216,4.121007141770128e-05,4.121007141770128e-05,True
imports,96,library_hash_bin_094,4.0975216015056645e-05,4.0975216015056645e-05,True
imports,113,library_hash_bin_111,4.013321736933569e-05,4.013321736933569e-05,True
imports,136,library_hash_bin_134,3.968448947994535e-05,3.968448947994535e-05,True
imports,50,library_hash_bin_048,3.792333666830766e-05,3.792333666830766e-05,True
imports,170,library_hash_bin_168,3.77294690382744e-05,3.77294690382744e-05,True
imports,173,library_hash_bin_171,3.761949624709599e-05,3.761949624709599e-05,True
imports,223,library_hash_bin_221,3.6742036797644204e-05,3.6742036797644204e-05,True
imports,125,library_hash_bin_123,3.667692657594349e-05,3.667692657594349e-05,True
imports,84,library_hash_bin_082,3.6314261724090254e-05,3.6314261724090254e-05,True
imports,150,library_hash_bin_148,3.624087781741343e-05,3.624087781741343e-05,True
imports,183,library_hash_bin_181,3.606541715023375e-05,3.606541715023375e-05,True
imports,166,library_hash_bin_164,3.539962207391453e-05,3.539962207391453e-05,True
imports,159,library_hash_bin_157,3.527565408874232e-05,3.527565408874232e-05,True
imports,99,library_hash_bin_097,3.482075400775358e-05,3.482075400775358e-05,True
imports,116,library_hash_bin_114,3.474666512376786e-05,3.474666512376786e-05,True
imports,111,library_hash_bin_109,3.431789771562063e-05,3.431789771562063e-05,True
imports,241,library_hash_bin_239,3.42733610222025e-05,3.42733610222025e-05,True
imports,76,library_hash_bin_074,3.4022330287628194e-05,3.4022330287628194e-05,True
imports,251,library_hash_bin_249,3.3939211497252574e-05,3.3939211497252574e-05,True
imports,12,library_hash_bin_010,3.32042607736484e-05,3.32042607736484e-05,True
imports,112,library_hash_bin_110,3.2738165628315497e-05,3.2738165628315497e-05,True
imports,66,library_hash_bin_064,3.272565598791785e-05,3.272565598791785e-05,True
imports,164,library_hash_bin_162,3.146622519113647e-05,3.146622519113647e-05,True
imports,189,library_hash_bin_187,3.101859287826029e-05,3.101859287826029e-05,True
imports,193,library_hash_bin_191,3.09956466539176e-05,3.09956466539176e-05,True
imports,60,library_hash_bin_058,3.051615401815695e-05,3.051615401815695e-05,True
imports,129,library_hash_bin_127,3.0060195457013252e-05,3.0060195457013252e-05,True
imports,154,library_hash_bin_152,3.0059013154473528e-05,3.0059013154473528e-05,True
imports,177,library_hash_bin_175,2.9718964807103265e-05,2.9718964807103265e-05,True
imports,86,library_hash_bin_084,2.941905509526852e-05,2.941905509526852e-05,True
imports,186,library_hash_bin_184,2.8710122799527113e-05,2.8710122799527113e-05,True
imports,100,library_hash_bin_098,2.811524667783026e-05,2.811524667783026e-05,True
imports,44,library_hash_bin_042,2.7614140624276597e-05,2.7614140624276597e-05,True
imports,77,library_hash_bin_075,2.685214217534589e-05,2.685214217534589e-05,True
imports,246,library_hash_bin_244,2.676743603128853e-05,2.676743603128853e-05,True
imports,67,library_hash_bin_065,2.6394142099860506e-05,2.6394142099860506e-05,True
imports,145,library_hash_bin_143,2.6267906991769935e-05,2.6267906991769935e-05,True
imports,24,library_hash_bin_022,2.6084350013262503e-05,2.6084350013262503e-05,True
imports,216,library_hash_bin_214,2.589022097262519e-05,2.589022097262519e-05,True
imports,180,library_hash_bin_178,2.4897373310255456e-05,2.4897373310255456e-05,True
imports,85,library_hash_bin_083,2.470382900179728e-05,2.470382900179728e-05,True
imports,123,library_hash_bin_121,2.442942488440935e-05,2.442942488440935e-05,True
imports,160,library_hash_bin_158,2.4400657947401697e-05,2.4400657947401697e-05,True
imports,169,library_hash_bin_167,2.4334036411223135e-05,2.4334036411223135e-05,True
imports,252,library_hash_bin_250,2.4060894874002404e-05,2.4060894874002404e-05,True
imports,192,library_hash_bin_190,2.39758748253178e-05,2.39758748253178e-05,True
imports,41,library_hash_bin_039,2.3633200106804186e-05,2.3633200106804186e-05,True
imports,43,library_hash_bin_041,2.3191069278705313e-05,2.3191069278705313e-05,True
imports,185,library_hash_bin_183,2.3072379684563197e-05,2.3072379684563197e-05,True
imports,184,library_hash_bin_182,2.298954542236949e-05,2.298954542236949e-05,True
imports,71,library_hash_bin_069,2.282726825672034e-05,2.282726825672034e-05,True
imports,3,library_hash_bin_001,2.263955366558047e-05,2.263955366558047e-05,True
imports,211,library_hash_bin_209,2.262140357099081e-05,2.262140357099081e-05,True
imports,26,library_hash_bin_024,2.2343182981380647e-05,2.2343182981380647e-05,True
imports,4,library_hash_bin_002,2.2257286136490824e-05,2.2257286136490824e-05,True
imports,89,library_hash_bin_087,2.2035273452919232e-05,2.2035273452919232e-05,True
imports,46,library_hash_bin_044,2.198808269191864e-05,2.198808269191864e-05,True
imports,104,library_hash_bin_102,2.1086369374114135e-05,2.1086369374114135e-05,True
imports,212,library_hash_bin_210,2.100572884929324e-05,2.100572884929324e-05,True
imports,147,library_hash_bin_145,2.090723120737308e-05,2.090723120737308e-05,True
imports,103,library_hash_bin_101,2.087491071689554e-05,2.087491071689554e-05,True
imports,222,library_hash_bin_220,2.0639587432633566e-05,2.0639587432633566e-05,True
imports,231,library_hash_bin_229,2.0552788914344377e-05,2.0552788914344377e-05,True
imports,63,library_hash_bin_061,2.051742850687654e-05,2.051742850687654e-05,True
imports,36,library_hash_bin_034,2.0416701665404397e-05,2.0416701665404397e-05,True
imports,194,library_hash_bin_192,2.005951489548302e-05,2.005951489548302e-05,True
imports,74,library_hash_bin_072,2.0023544148442052e-05,2.0023544148442052e-05,True
imports,94,library_hash_bin_092,1.9716127858905774e-05,1.9716127858905774e-05,True
imports,42,library_hash_bin_040,1.9604379180513083e-05,1.9604379180513083e-05,True
imports,187,library_hash_bin_185,1.902053575878926e-05,1.902053575878926e-05,True
imports,33,library_hash_bin_031,1.8656828080613143e-05,1.8656828080613143e-05,True
imports,61,library_hash_bin_059,1.8384114263633927e-05,1.8384114263633927e-05,True
imports,155,library_hash_bin_153,1.8145290322203256e-05,1.8145290322203256e-05,True
imports,39,library_hash_bin_037,1.8082873770847093e-05,1.8082873770847093e-05,True
imports,157,library_hash_bin_155,1.7993936254597537e-05,1.7993936254597537e-05,True
imports,240,library_hash_bin_238,1.7969883290241124e-05,1.7969883290241124e-05,True
imports,208,library_hash_bin_206,1.7940910368064364e-05,1.7940910368064364e-05,True
imports,91,library_hash_bin_089,1.7830086510473922e-05,1.7830086510473922e-05,True
imports,255,library_hash_bin_253,1.7550086902664257e-05,1.7550086902664257e-05,True
imports,109,library_hash_bin_107,1.726361509254584e-05,1.726361509254584e-05,True
imports,174,library_hash_bin_172,1.7126479122231217e-05,1.7126479122231217e-05,True
imports,165,library_hash_bin_163,1.598541814321685e-05,1.598541814321685e-05,True
imports,93,library_hash_bin_091,1.5749973759948568e-05,1.5749973759948568e-05,True
imports,87,library_hash_bin_085,1.5483992354881696e-05,1.5483992354881696e-05,True
imports,168,library_hash_bin_166,1.5327977514473463e-05,1.5327977514473463e-05,True
imports,101,library_hash_bin_099,1.5197852806341296e-05,1.5197852806341296e-05,True
imports,117,library_hash_bin_115,1.4990728931167128e-05,1.4990728931167128e-05,True
imports,115,library_hash_bin_113,1.4952059981093204e-05,1.4952059981093204e-05,True
imports,8,library_hash_bin_006,1.4068570379535966e-05,1.4068570379535966e-05,True
imports,237,library_hash_bin_235,1.4040787260444251e-05,1.4040787260444251e-05,True
imports,92,library_hash_bin_090,1.3953192096987294e-05,1.3953192096987294e-05,True
imports,137,library_hash_bin_135,1.3599752123709545e-05,1.3599752123709545e-05,True
imports,210,library_hash_bin_208,1.3132640577603435e-05,1.3132640577603435e-05,True
imports,245,library_hash_bin_243,1.2949100441122895e-05,1.2949100441122895e-05,True
imports,205,library_hash_bin_203,1.2819569144103839e-05,1.2819569144103839e-05,True
imports,68,library_hash_bin_066,1.18612250057642e-05,1.18612250057642e-05,True
imports,2,library_hash_bin_000,1.1516495174528074e-05,1.1516495174528074e-05,True
imports,176,library_hash_bin_174,1.1414470173425805e-05,1.1414470173425805e-05,True
imports,153,library_hash_bin_151,1.1339298981356082e-05,1.1339298981356082e-05,True
imports,69,library_hash_bin_067,1.0543041008638627e-05,1.0543041008638627e-05,True
imports,235,library_hash_bin_233,1.0361294559847011e-05,1.0361294559847011e-05,True
imports,201,library_hash_bin_199,1.0285848089678001e-05,1.0285848089678001e-05,True
imports,106,library_hash_bin_104,9.89536664091402e-06,9.89536664091402e-06,True
imports,243,library_hash_bin_241,9.70454362489503e-06,9.70454362489503e-06,True
imports,35,library_hash_bin_033,9.584678654790046e-06,9.584678654790046e-06,True
imports,16,library_hash_bin_014,9.192813132400697e-06,9.192813132400697e-06,True
imports,57,library_hash_bin_055,8.96151218280633e-06,8.96151218280633e-06,True
imports,19,library_hash_bin_017,8.915706366646893e-06,8.915706366646893e-06,True
imports,167,library_hash_bin_165,8.38045380896546e-06,8.38045380896546e-06,True
imports,107,library_hash_bin_105,8.372721264266371e-06,8.372721264266371e-06,True
imports,188,library_hash_bin_186,8.246867308440152e-06,8.246867308440152e-06,True
imports,11,library_hash_bin_009,8.174450757669019e-06,8.174450757669019e-06,True
imports,48,library_hash_bin_046,8.084818178428475e-06,8.084818178428475e-06,True
imports,128,library_hash_bin_126,7.872588913563703e-06,7.872588913563703e-06,True
imports,81,library_hash_bin_079,7.867846378366599e-06,7.867846378366599e-06,True
imports,151,library_hash_bin_149,7.854158198335508e-06,7.854158198335508e-06,True
imports,122,library_hash_bin_120,7.069980109804528e-06,7.069980109804528e-06,True
imports,148,library_hash_bin_146,6.7887064366115815e-06,6.7887064366115815e-06,True
imports,25,library_hash_bin_023,6.617065367988627e-06,6.617065367988627e-06,True
imports,238,library_hash_bin_236,6.548802890348423e-06,6.548802890348423e-06,True
imports,158,library_hash_bin_156,6.184507446071359e-06,6.184507446071359e-06,True
imports,247,library_hash_bin_245,6.142043881380779e-06,6.142043881380779e-06,True
imports,179,library_hash_bin_177,5.158515733984634e-06,5.158515733984634e-06,True
imports,156,library_hash_bin_154,4.62157564383811e-06,4.62157564383811e-06,True
imports,195,library_hash_bin_193,3.4655585596134226e-06,3.4655585596134226e-06,True
imports,209,library_hash_bin_207,3.4355197992012926e-06,3.4355197992012926e-06,True
imports,90,library_hash_bin_088,3.2631320698003533e-06,3.2631320698003533e-06,True
imports,228,library_hash_bin_226,3.108883212090369e-06,3.108883212090369e-06,True
imports,21,library_hash_bin_019,2.7706234049400914e-06,2.7706234049400914e-06,True
imports,138,library_hash_bin_136,1.610824818072477e-06,1.610824818072477e-06,True
