feature_group,feature_index,feature_name,importance,importance_abs,is_candidate
imports,0,import_count,0.027562128380024507,0.027562128380024507,True
imports,1,library_count,0.01195271319151184,0.01195271319151184,True
imports,32,library_hash_bin_030,0.009465572433689805,0.009465572433689805,True
imports,575,import_hash_bin_0317,0.009022721858119672,0.009022721858119672,True
imports,1000,import_hash_bin_0742,0.008887189232842523,0.008887189232842523,True
imports,1218,import_hash_bin_0960,0.008481997688753918,0.008481997688753918,True
imports,10,library_hash_bin_008,0.008107884956275974,0.008107884956275974,True
imports,908,import_hash_bin_0650,0.0078106761440445436,0.0078106761440445436,True
imports,291,import_hash_bin_0033,0.00680138090741466,0.00680138090741466,True
imports,1247,import_hash_bin_0989,0.0063743292055093515,0.0063743292055093515,True
imports,119,library_hash_bin_117,0.006107994586265333,0.006107994586265333,True
imports,356,import_hash_bin_0098,0.006005185292726794,0.006005185292726794,True
imports,667,import_hash_bin_0409,0.005487736658131299,0.005487736658131299,True
imports,349,import_hash_bin_0091,0.0051672742718465925,0.0051672742718465925,True
imports,779,import_hash_bin_0521,0.005118246885100104,0.005118246885100104,True
imports,995,import_hash_bin_0737,0.004991515937571913,0.004991515937571913,True
imports,897,import_hash_bin_0639,0.004952992692318626,0.004952992692318626,True
imports,1007,import_hash_bin_0749,0.0049233898716008855,0.0049233898716008855,True
imports,1161,import_hash_bin_0903,0.004584618425311907,0.004584618425311907,True
imports,54,library_hash_bin_052,0.0045608205206165205,0.0045608205206165205,True
imports,1248,import_hash_bin_0990,0.004539588228640102,0.004539588228640102,True
imports,538,import_hash_bin_0280,0.004501306594581895,0.004501306594581895,True
imports,1028,import_hash_bin_0770,0.00448049646634504,0.00448049646634504,True
imports,540,import_hash_bin_0282,0.004449475464289793,0.004449475464289793,True
imports,102,library_hash_bin_100,0.004413460854839496,0.004413460854839496,True
imports,916,import_hash_bin_0658,0.004384438340361531,0.004384438340361531,True
imports,233,library_hash_bin_231,0.0043538883548692444,0.0043538883548692444,True
imports,822,import_hash_bin_0564,0.004294246318412684,0.004294246318412684,True
imports,446,import_hash_bin_0188,0.004158087434577893,0.004158087434577893,True
imports,791,import_hash_bin_0533,0.0040613715432401285,0.0040613715432401285,True
imports,956,import_hash_bin_0698,0.004012869665087936,0.004012869665087936,True
imports,1225,import_hash_bin_0967,0.003822319418636927,0.003822319418636927,True
imports,976,import_hash_bin_0718,0.0037942357859045727,0.0037942357859045727,True
imports,839,import_hash_bin_0581,0.0034619771986891747,0.0034619771986891747,True
imports,242,library_hash_bin_240,0.0034128891545567273,0.0034128891545567273,True
imports,300,import_hash_bin_0042,0.00332376186230089,0.00332376186230089,True
imports,735,import_hash_bin_0477,0.0032940063577142197,0.0032940063577142197,True
imports,672,import_hash_bin_0414,0.0032265053990912997,0.0032265053990912997,True
imports,661,import_hash_bin_0403,0.0031871941661305906,0.0031871941661305906,True
imports,1013,import_hash_bin_0755,0.003156116916926733,0.003156116916926733,True
imports,1184,import_hash_bin_0926,0.0031405970938876955,0.0031405970938876955,True
imports,534,import_hash_bin_0276,0.003110911495656154,0.003110911495656154,True
imports,357,import_hash_bin_0099,0.00304344737965988,0.00304344737965988,True
imports,311,import_hash_bin_0053,0.003016742983691805,0.003016742983691805,True
imports,1221,import_hash_bin_0963,0.0030158204067248524,0.0030158204067248524,True
imports,670,import_hash_bin_0412,0.0029921299861342876,0.0029921299861342876,True
imports,1068,import_hash_bin_0810,0.002982484605079058,0.002982484605079058,True
imports,1032,import_hash_bin_0774,0.0029763876031019283,0.0029763876031019283,True
imports,1071,import_hash_bin_0813,0.0029690784924344942,0.0029690784924344942,True
imports,110,library_hash_bin_108,0.0029668563129933417,0.0029668563129933417,True
imports,6,library_hash_bin_004,0.0029467703924666837,0.0029467703924666837,True
imports,480,import_hash_bin_0222,0.0029121207874276468,0.0029121207874276468,True
imports,45,library_hash_bin_043,0.0028016640510999573,0.0028016640510999573,True
imports,1121,import_hash_bin_0863,0.002742787480494827,0.002742787480494827,True
imports,1113,import_hash_bin_0855,0.002731660576059255,0.002731660576059255,True
imports,510,import_hash_bin_0252,0.002695239845604672,0.002695239845604672,True
imports,1178,import_hash_bin_0920,0.002690398908119806,0.002690398908119806,True
imports,854,import_hash_bin_0596,0.002672713739325674,0.002672713739325674,True
imports,333,import_hash_bin_0075,0.002657386669091089,0.002657386669091089,True
imports,877,import_hash_bin_0619,0.002652066910737876,0.002652066910737876,True
imports,904,import_hash_bin_0646,0.0026301391422472106,0.0026301391422472106,True
imports,617,import_hash_bin_0359,0.0026229325351963457,0.0026229325351963457,True
imports,1195,import_hash_bin_0937,0.002609074816907847,0.002609074816907847,True
imports,1259,import_hash_bin_1001,0.002538844737225389,0.002538844737225389,True
imports,573,import_hash_bin_0315,0.002532031464786203,0.002532031464786203,True
imports,646,import_hash_bin_0388,0.0024903430756451107,0.0024903430756451107,True
imports,1087,import_hash_bin_0829,0.0024728976881921486,0.0024728976881921486,True
imports,326,import_hash_bin_0068,0.002428602655630293,0.002428602655630293,True
imports,504,import_hash_bin_0246,0.0023706512016492746,0.0023706512016492746,True
imports,55,library_hash_bin_053,0.002352936106545907,0.002352936106545907,True
imports,368,import_hash_bin_0110,0.002328073571380517,0.002328073571380517,True
imports,879,import_hash_bin_0621,0.0023081798595096558,0.0023081798595096558,True
imports,748,import_hash_bin_0490,0.0023038694741514933,0.0023038694741514933,True
imports,896,import_hash_bin_0638,0.0023034267513019906,0.0023034267513019906,True
imports,519,import_hash_bin_0261,0.002299821628680963,0.002299821628680963,True
imports,1243,import_hash_bin_0985,0.0022645847370610407,0.0022645847370610407,True
imports,1052,import_hash_bin_0794,0.0022472411973017345,0.0022472411973017345,True
imports,342,import_hash_bin_0084,0.002241158358393304,0.002241158358393304,True
imports,1151,import_hash_bin_0893,0.002228807563670822,0.002228807563670822,True
imports,484,import_hash_bin_0226,0.0022248700993663805,0.0022248700993663805,True
imports,858,import_hash_bin_0600,0.0022153503531277133,0.0022153503531277133,True
imports,1038,import_hash_bin_0780,0.002213285834840504,0.002213285834840504,True
imports,1085,import_hash_bin_0827,0.0022083630805488246,0.0022083630805488246,True
imports,1269,import_hash_bin_1011,0.002204041371976864,0.002204041371976864,True
imports,977,import_hash_bin_0719,0.0021713911996740563,0.0021713911996740563,True
imports,352,import_hash_bin_0094,0.002161840116899845,0.002161840116899845,True
imports,722,import_hash_bin_0464,0.0021600646107061278,0.0021600646107061278,True
imports,264,import_hash_bin_0006,0.002146707421737369,0.002146707421737369,True
imports,362,import_hash_bin_0104,0.0021426644775482595,0.0021426644775482595,True
imports,1280,import_hash_bin_1022,0.0021407143045629653,0.0021407143045629653,True
imports,1134,import_hash_bin_0876,0.0021300670969732175,0.0021300670969732175,True
imports,283,import_hash_bin_0025,0.0021156722485692952,0.0021156722485692952,True
imports,1084,import_hash_bin_0826,0.0020898854165316573,0.0020898854165316573,True
imports,895,import_hash_bin_0637,0.0020840552063471187,0.0020840552063471187,True
imports,1242,import_hash_bin_0984,0.002074398666287006,0.002074398666287006,True
imports,1088,import_hash_bin_0830,0.002056913095789662,0.002056913095789662,True
imports,330,import_hash_bin_0072,0.0020497767262638547,0.0020497767262638547,True
imports,584,import_hash_bin_0326,0.0020100969911452573,0.0020100969911452573,True
imports,912,import_hash_bin_0654,0.001995541964652267,0.001995541964652267,True
imports,942,import_hash_bin_0684,0.001965458553305941,0.001965458553305941,True
imports,512,import_hash_bin_0254,0.0019626917686661107,0.0019626917686661107,True
imports,486,import_hash_bin_0228,0.001947784918308072,0.001947784918308072,True
imports,625,import_hash_bin_0367,0.0019300065869271583,0.0019300065869271583,True
imports,626,import_hash_bin_0368,0.0019256407528962971,0.0019256407528962971,True
imports,1054,import_hash_bin_0796,0.0019244347353667684,0.0019244347353667684,True
imports,689,import_hash_bin_0431,0.0019207775987231212,0.0019207775987231212,True
imports,1053,import_hash_bin_0795,0.0018996440386897196,0.0018996440386897196,True
imports,361,import_hash_bin_0103,0.0018859168975780083,0.0018859168975780083,True
imports,535,import_hash_bin_0277,0.0018842175550348838,0.0018842175550348838,True
imports,552,import_hash_bin_0294,0.0018792141978168332,0.0018792141978168332,True
imports,203,library_hash_bin_201,0.0018770621550088637,0.0018770621550088637,True
imports,599,import_hash_bin_0341,0.0018617613471260375,0.0018617613471260375,True
imports,389,import_hash_bin_0131,0.0018543910161607417,0.0018543910161607417,True
imports,767,import_hash_bin_0509,0.001848341889768215,0.001848341889768215,True
imports,707,import_hash_bin_0449,0.0018457503051306089,0.0018457503051306089,True
imports,618,import_hash_bin_0360,0.0018365158450501838,0.0018365158450501838,True
imports,647,import_hash_bin_0389,0.0018228894270317095,0.0018228894270317095,True
imports,691,import_hash_bin_0433,0.0018185454524229214,0.0018185454524229214,True
imports,989,import_hash_bin_0731,0.0018162847759246132,0.0018162847759246132,True
imports,1208,import_hash_bin_0950,0.001807580973498181,0.001807580973498181,True
imports,809,import_hash_bin_0551,0.0018022320953484776,0.0018022320953484776,True
imports,716,import_hash_bin_0458,0.0018000787839834254,0.0018000787839834254,True
imports,1106,import_hash_bin_0848,0.0017972678389296735,0.0017972678389296735,True
imports,932,import_hash_bin_0674,0.0017617373918098588,0.0017617373918098588,True
imports,465,import_hash_bin_0207,0.0017598035717771873,0.0017598035717771873,True
imports,873,import_hash_bin_0615,0.0017520420735794816,0.0017520420735794816,True
imports,800,import_hash_bin_0542,0.0017374107275697835,0.0017374107275697835,True
imports,375,import_hash_bin_0117,0.0017302202361267175,0.0017302202361267175,True
imports,1077,import_hash_bin_0819,0.0017298432282184639,0.0017298432282184639,True
imports,1169,import_hash_bin_0911,0.0017200653087396788,0.0017200653087396788,True
imports,994,import_hash_bin_0736,0.0017179357359356697,0.0017179357359356697,True
imports,458,import_hash_bin_0200,0.001717402708446521,0.001717402708446521,True
imports,310,import_hash_bin_0052,0.001717373202077306,0.001717373202077306,True
imports,870,import_hash_bin_0612,0.0017048563645213532,0.0017048563645213532,True
imports,359,import_hash_bin_0101,0.0016959855803110424,0.0016959855803110424,True
imports,1160,import_hash_bin_0902,0.0016957856978964997,0.0016957856978964997,True
imports,937,import_hash_bin_0679,0.0016933467508868573,0.0016933467508868573,True
imports,709,import_hash_bin_0451,0.0016902478860670927,0.0016902478860670927,True
imports,1144,import_hash_bin_0886,0.0016898981069491462,0.0016898981069491462,True
imports,318,import_hash_bin_0060,0.001688780741404486,0.001688780741404486,True
imports,604,import_hash_bin_0346,0.0016836634717198836,0.0016836634717198836,True
imports,903,import_hash_bin_0645,0.001683370784537188,0.001683370784537188,True
imports,1119,import_hash_bin_0861,0.0016789505792759371,0.0016789505792759371,True
imports,325,import_hash_bin_0067,0.0016772614164473304,0.0016772614164473304,True
imports,782,import_hash_bin_0524,0.001675654630730332,0.001675654630730332,True
imports,53,library_hash_bin_051,0.001668029924297811,0.001668029924297811,True
imports,628,import_hash_bin_0370,0.0016632913842564772,0.0016632913842564772,True
imports,986,import_hash_bin_0728,0.0016505534461947959,0.0016505534461947959,True
imports,910,import_hash_bin_0652,0.0016295070235252864,0.0016295070235252864,True
imports,581,import_hash_bin_0323,0.0016283788758101362,0.0016283788758101362,True
imports,894,import_hash_bin_0636,0.0016209115742636514,0.0016209115742636514,True
imports,270,import_hash_bin_0012,0.0016108171529650417,0.0016108171529650417,True
imports,401,import_hash_bin_0143,0.0016003112980313488,0.0016003112980313488,True
imports,640,import_hash_bin_0382,0.001597035551963444,0.001597035551963444,True
imports,958,import_hash_bin_0700,0.0015737395245835732,0.0015737395245835732,True
imports,783,import_hash_bin_0525,0.0015713362610000605,0.0015713362610000605,True
imports,1029,import_hash_bin_0771,0.0015699010516403962,0.0015699010516403962,True
imports,452,import_hash_bin_0194,0.0015647494308734884,0.0015647494308734884,True
imports,1026,import_hash_bin_0768,0.0015539891540236556,0.0015539891540236556,True
imports,332,import_hash_bin_0074,0.001553688278121931,0.001553688278121931,True
imports,678,import_hash_bin_0420,0.0015515102079606189,0.0015515102079606189,True
imports,369,import_hash_bin_0111,0.0015469047202752784,0.0015469047202752784,True
imports,568,import_hash_bin_0310,0.00154433387950759,0.00154433387950759,True
imports,780,import_hash_bin_0522,0.0015403215389832722,0.0015403215389832722,True
imports,1044,import_hash_bin_0786,0.0015362920994206552,0.0015362920994206552,True
imports,1154,import_hash_bin_0896,0.0015331812974486742,0.0015331812974486742,True
imports,939,import_hash_bin_0681,0.001531491185126809,0.001531491185126809,True
imports,868,import_hash_bin_0610,0.001500207568425959,0.001500207568425959,True
imports,1231,import_hash_bin_0973,0.0014971459711704716,0.0014971459711704716,True
imports,1265,import_hash_bin_1007,0.0014969797061877795,0.0014969797061877795,True
imports,824,import_hash_bin_0566,0.0014942370845954685,0.0014942370845954685,True
imports,871,import_hash_bin_0613,0.0014903478499775215,0.0014903478499775215,True
imports,1043,import_hash_bin_0785,0.0014891844064694958,0.0014891844064694958,True
imports,405,import_hash_bin_0147,0.0014822067608709101,0.0014822067608709101,True
imports,712,import_hash_bin_0454,0.0014812635781100139,0.0014812635781100139,True
imports,718,import_hash_bin_0460,0.0014728536802742877,0.0014728536802742877,True
imports,550,import_hash_bin_0292,0.001468289373694775,0.001468289373694775,True
imports,496,import_hash_bin_0238,0.0014675262414983712,0.0014675262414983712,True
imports,526,import_hash_bin_0268,0.0014578206189986328,0.0014578206189986328,True
imports,354,import_hash_bin_0096,0.0014572550579232432,0.0014572550579232432,True
imports,532,import_hash_bin_0274,0.0014541072753109525,0.0014541072753109525,True
imports,704,import_hash_bin_0446,0.0014497678238518748,0.0014497678238518748,True
imports,309,import_hash_bin_0051,0.0014447833137851724,0.0014447833137851724,True
imports,960,import_hash_bin_0702,0.0014375131053231164,0.0014375131053231164,True
imports,1153,import_hash_bin_0895,0.001432632523457025,0.001432632523457025,True
imports,1093,import_hash_bin_0835,0.0014263400742447726,0.0014263400742447726,True
imports,673,import_hash_bin_0415,0.0014258120106638574,0.0014258120106638574,True
imports,13,library_hash_bin_011,0.0014232762313144886,0.0014232762313144886,True
imports,693,import_hash_bin_0435,0.0014207782504766127,0.0014207782504766127,True
imports,1222,import_hash_bin_0964,0.0014149579383565564,0.0014149579383565564,True
imports,630,import_hash_bin_0372,0.0014122931897598376,0.0014122931897598376,True
imports,605,import_hash_bin_0347,0.0013978001677612767,0.0013978001677612767,True
imports,948,import_hash_bin_0690,0.0013954384623979894,0.0013954384623979894,True
imports,1090,import_hash_bin_0832,0.0013952377523695958,0.0013952377523695958,True
imports,1065,import_hash_bin_0807,0.001392616971378353,0.001392616971378353,True
imports,543,import_hash_bin_0285,0.0013819878653800865,0.0013819878653800865,True
imports,1137,import_hash_bin_0879,0.0013809821772179265,0.0013809821772179265,True
imports,1114,import_hash_bin_0856,0.0013794251344030248,0.0013794251344030248,True
imports,861,import_hash_bin_0603,0.0013783536563259648,0.0013783536563259648,True
imports,1128,import_hash_bin_0870,0.0013760996581220597,0.0013760996581220597,True
imports,1217,import_hash_bin_0959,0.0013686184804781016,0.0013686184804781016,True
imports,444,import_hash_bin_0186,0.001358750130344036,0.001358750130344036,True
imports,1063,import_hash_bin_0805,0.0013548735693072543,0.0013548735693072543,True
imports,928,import_hash_bin_0670,0.001338456523959555,0.001338456523959555,True
imports,865,import_hash_bin_0607,0.001334011384405353,0.001334011384405353,True
imports,463,import_hash_bin_0205,0.001318965806826217,0.001318965806826217,True
imports,734,import_hash_bin_0476,0.0013166611105077523,0.0013166611105077523,True
imports,973,import_hash_bin_0715,0.0013164716565039532,0.0013164716565039532,True
imports,620,import_hash_bin_0362,0.001311916830367289,0.001311916830367289,True
imports,348,import_hash_bin_0090,0.0013096893197811486,0.0013096893197811486,True
imports,845,import_hash_bin_0587,0.0013063854821141285,0.0013063854821141285,True
imports,660,import_hash_bin_0402,0.00130287191242797,0.00130287191242797,True
imports,1275,import_hash_bin_1017,0.0013021205738656914,0.0013021205738656914,True
imports,686,import_hash_bin_0428,0.0012977816306573972,0.0012977816306573972,True
imports,891,import_hash_bin_0633,0.0012967821775634525,0.0012967821775634525,True
imports,946,import_hash_bin_0688,0.0012898648087969276,0.0012898648087969276,True
imports,836,import_hash_bin_0578,0.0012891417155293126,0.0012891417155293126,True
imports,371,import_hash_bin_0113,0.0012855192618829157,0.0012855192618829157,True
imports,1281,import_hash_bin_1023,0.0012836578667251507,0.0012836578667251507,True
imports,1224,import_hash_bin_0966,0.0012829372908386026,0.0012829372908386026,True
imports,436,import_hash_bin_0178,0.001282776241989126,0.001282776241989126,True
imports,1115,import_hash_bin_0857,0.0012823481499578597,0.0012823481499578597,True
imports,738,import_hash_bin_0480,0.0012806756291341035,0.0012806756291341035,True
imports,632,import_hash_bin_0374,0.0012764991880320142,0.0012764991880320142,True
imports,1170,import_hash_bin_0912,0.0012722187874739238,0.0012722187874739238,True
imports,5,library_hash_bin_003,0.0012685632087730786,0.0012685632087730786,True
imports,439,import_hash_bin_0181,0.0012656591348179978,0.0012656591348179978,True
imports,70,library_hash_bin_068,0.0012651129648725402,0.0012651129648725402,True
imports,1079,import_hash_bin_0821,0.0012644140777845784,0.0012644140777845784,True
imports,1200,import_hash_bin_0942,0.0012642226290106174,0.0012642226290106174,True
imports,271,import_hash_bin_0013,0.0012603734882665149,0.0012603734882665149,True
imports,792,import_hash_bin_0534,0.0012548091513863316,0.0012548091513863316,True
imports,570,import_hash_bin_0312,0.0012539242951316286,0.0012539242951316286,True
imports,882,import_hash_bin_0624,0.00124586175328939,0.00124586175328939,True
imports,477,import_hash_bin_0219,0.0012444044034496358,0.0012444044034496358,True
imports,506,import_hash_bin_0248,0.0012375625139966753,0.0012375625139966753,True
imports,765,import_hash_bin_0507,0.0012170484650440162,0.0012170484650440162,True
imports,475,import_hash_bin_0217,0.001209452839696816,0.001209452839696816,True
imports,27,library_hash_bin_025,0.0012080988234265512,0.0012080988234265512,True
imports,1210,import_hash_bin_0952,0.0011978437972897198,0.0011978437972897198,True
imports,1278,import_hash_bin_1020,0.0011960927832659217,0.0011960927832659217,True
imports,725,import_hash_bin_0467,0.0011946866723112441,0.0011946866723112441,True
imports,719,import_hash_bin_0461,0.0011779232713833056,0.0011779232713833056,True
imports,221,library_hash_bin_219,0.001176961036232874,0.001176961036232874,True
imports,832,import_hash_bin_0574,0.0011680404063801485,0.0011680404063801485,True
imports,720,import_hash_bin_0462,0.0011672913292055669,0.0011672913292055669,True
imports,1126,import_hash_bin_0868,0.0011664729398161528,0.0011664729398161528,True
imports,754,import_hash_bin_0496,0.0011649032066423381,0.0011649032066423381,True
imports,650,import_hash_bin_0392,0.0011643393116271342,0.0011643393116271342,True
imports,793,import_hash_bin_0535,0.0011635367658091472,0.0011635367658091472,True
imports,1076,import_hash_bin_0818,0.0011631988409666482,0.0011631988409666482,True
imports,857,import_hash_bin_0599,0.0011584620330313414,0.0011584620330313414,True
imports,874,import_hash_bin_0616,0.0011577344094899713,0.0011577344094899713,True
imports,1237,import_hash_bin_0979,0.0011575945349686508,0.0011575945349686508,True
imports,1111,import_hash_bin_0853,0.0011355321505339426,0.0011355321505339426,True
imports,980,import_hash_bin_0722,0.001131255075351644,0.001131255075351644,True
imports,386,import_hash_bin_0128,0.0011270147699982689,0.0011270147699982689,True
imports,266,import_hash_bin_0008,0.001124615652832832,0.001124615652832832,True
imports,751,import_hash_bin_0493,0.0011201531234065975,0.0011201531234065975,True
imports,524,import_hash_bin_0266,0.0010945452550972345,0.0010945452550972345,True
imports,321,import_hash_bin_0063,0.0010886189631855716,0.0010886189631855716,True
imports,1253,import_hash_bin_0995,0.0010879107150332068,0.0010879107150332068,True
imports,522,import_hash_bin_0264,0.0010868205723697378,0.0010868205723697378,True
imports,669,import_hash_bin_0411,0.0010857747683175045,0.0010857747683175045,True
imports,259,import_hash_bin_0001,0.0010845368595443303,0.0010845368595443303,True
imports,721,import_hash_bin_0463,0.0010696601902163458,0.0010696601902163458,True
imports,1005,import_hash_bin_0747,0.0010690066268688276,0.0010690066268688276,True
imports,327,import_hash_bin_0069,0.001067638588391846,0.001067638588391846,True
imports,1097,import_hash_bin_0839,0.0010620542634735683,0.0010620542634735683,True
imports,637,import_hash_bin_0379,0.0010542839133696497,0.0010542839133696497,True
imports,701,import_hash_bin_0443,0.0010534901688278502,0.0010534901688278502,True
imports,516,import_hash_bin_0258,0.0010508706122089844,0.0010508706122089844,True
imports,656,import_hash_bin_0398,0.0010499965088939201,0.0010499965088939201,True
imports,545,import_hash_bin_0287,0.0010463319015872419,0.0010463319015872419,True
imports,829,import_hash_bin_0571,0.0010443034881987398,0.0010443034881987398,True
imports,471,import_hash_bin_0213,0.0010313323979093555,0.0010313323979093555,True
imports,443,import_hash_bin_0185,0.0010302447877646023,0.0010302447877646023,True
imports,1008,import_hash_bin_0750,0.0010277444422619147,0.0010277444422619147,True
imports,927,import_hash_bin_0669,0.0010267517757882852,0.0010267517757882852,True
imports,851,import_hash_bin_0593,0.0010235164615077308,0.0010235164615077308,True
imports,753,import_hash_bin_0495,0.0010216346832835265,0.0010216346832835265,True
imports,772,import_hash_bin_0514,0.0010213526643093472,0.0010213526643093472,True
imports,450,import_hash_bin_0192,0.0010126021332766523,0.0010126021332766523,True
imports,580,import_hash_bin_0322,0.0010117441245189858,0.0010117441245189858,True
imports,1191,import_hash_bin_0933,0.001011117048112121,0.001011117048112121,True
imports,563,import_hash_bin_0305,0.001010780455027118,0.001010780455027118,True
imports,364,import_hash_bin_0106,0.0010063595762806383,0.0010063595762806383,True
imports,1226,import_hash_bin_0968,0.0010015991177231643,0.0010015991177231643,True
imports,979,import_hash_bin_0721,0.0010015988467948203,0.0010015988467948203,True
imports,1173,import_hash_bin_0915,0.0009918814493964153,0.0009918814493964153,True
imports,1192,import_hash_bin_0934,0.0009918573937978958,0.0009918573937978958,True
imports,1110,import_hash_bin_0852,0.0009901396294000695,0.0009901396294000695,True
imports,728,import_hash_bin_0470,0.0009832634915448947,0.0009832634915448947,True
imports,274,import_hash_bin_0016,0.000981417908656442,0.000981417908656442,True
imports,1016,import_hash_bin_0758,0.0009725810073706087,0.0009725810073706087,True
imports,479,import_hash_bin_0221,0.0009679717591929045,0.0009679717591929045,True
imports,377,import_hash_bin_0119,0.0009616288285847784,0.0009616288285847784,True
imports,1127,import_hash_bin_0869,0.0009603790474989794,0.0009603790474989794,True
imports,756,import_hash_bin_0498,0.0009574472765151638,0.0009574472765151638,True
imports,889,import_hash_bin_0631,0.0009554521636723809,0.0009554521636723809,True
imports,459,import_hash_bin_0201,0.0009537270590218792,0.0009537270590218792,True
imports,944,import_hash_bin_0686,0.0009529478559064756,0.0009529478559064756,True
imports,816,import_hash_bin_0558,0.0009517441444855529,0.0009517441444855529,True
imports,345,import_hash_bin_0087,0.0009486628375887463,0.0009486628375887463,True
imports,1233,import_hash_bin_0975,0.0009365648983193545,0.0009365648983193545,True
imports,732,import_hash_bin_0474,0.0009285610223392549,0.0009285610223392549,True
imports,1155,import_hash_bin_0897,0.0009278227336838031,0.0009278227336838031,True
imports,404,import_hash_bin_0146,0.000927016058213706,0.000927016058213706,True
imports,220,library_hash_bin_218,0.0009254092245370033,0.0009254092245370033,True
imports,696,import_hash_bin_0438,0.0009253699587265534,0.0009253699587265534,True
imports,844,import_hash_bin_0586,0.0009242683574496242,0.0009242683574496242,True
imports,305,import_hash_bin_0047,0.0009230000237878105,0.0009230000237878105,True
imports,1140,import_hash_bin_0882,0.0009207305349713902,0.0009207305349713902,True
imports,887,import_hash_bin_0629,0.0009178157830416248,0.0009178157830416248,True
imports,657,import_hash_bin_0399,0.000909033948565783,0.000909033948565783,True
imports,796,import_hash_bin_0538,0.000908020332634384,0.000908020332634384,True
imports,815,import_hash_bin_0557,0.0009067316514976436,0.0009067316514976436,True
imports,659,import_hash_bin_0401,0.0009044925640609747,0.0009044925640609747,True
imports,619,import_hash_bin_0361,0.0009027836167089167,0.0009027836167089167,True
imports,680,import_hash_bin_0422,0.0009014886156183593,0.0009014886156183593,True
imports,564,import_hash_bin_0306,0.0009013344598813348,0.0009013344598813348,True
imports,34,library_hash_bin_032,0.0009011158911799361,0.0009011158911799361,True
imports,502,import_hash_bin_0244,0.0008999576706774516,0.0008999576706774516,True
imports,760,import_hash_bin_0502,0.0008980159693851237,0.0008980159693851237,True
imports,781,import_hash_bin_0523,0.0008966301974466905,0.0008966301974466905,True
imports,495,import_hash_bin_0237,0.0008921623535579397,0.0008921623535579397,True
imports,426,import_hash_bin_0168,0.0008897217779310449,0.0008897217779310449,True
imports,1078,import_hash_bin_0820,0.0008886150518468067,0.0008886150518468067,True
imports,633,import_hash_bin_0375,0.0008862955522702771,0.0008862955522702771,True
imports,1138,import_hash_bin_0880,0.0008856602315010971,0.0008856602315010971,True
imports,811,import_hash_bin_0553,0.0008818720186129706,0.0008818720186129706,True
imports,850,import_hash_bin_0592,0.0008795841040323628,0.0008795841040323628,True
imports,453,import_hash_bin_0195,0.0008792601225366331,0.0008792601225366331,True
imports,962,import_hash_bin_0704,0.0008763129661346849,0.0008763129661346849,True
imports,421,import_hash_bin_0163,0.0008761849949544849,0.0008761849949544849,True
imports,739,import_hash_bin_0481,0.0008735796626647977,0.0008735796626647977,True
imports,1002,import_hash_bin_0744,0.0008694312973752548,0.0008694312973752548,True
imports,1152,import_hash_bin_0894,0.0008680556798020126,0.0008680556798020126,True
imports,412,import_hash_bin_0154,0.0008651701949282043,0.0008651701949282043,True
imports,1167,import_hash_bin_0909,0.0008641033674052906,0.0008641033674052906,True
imports,1125,import_hash_bin_0867,0.0008622444315385452,0.0008622444315385452,True
imports,470,import_hash_bin_0212,0.0008602855034498114,0.0008602855034498114,True
imports,867,import_hash_bin_0609,0.0008590978346363339,0.0008590978346363339,True
imports,490,import_hash_bin_0232,0.0008538045677284181,0.0008538045677284181,True
imports,643,import_hash_bin_0385,0.0008528392533982542,0.0008528392533982542,True
imports,1260,import_hash_bin_1002,0.0008510561014395009,0.0008510561014395009,True
imports,1050,import_hash_bin_0792,0.0008503072740295262,0.0008503072740295262,True
imports,957,import_hash_bin_0699,0.0008487959332836708,0.0008487959332836708,True
imports,1117,import_hash_bin_0859,0.0008469583460277015,0.0008469583460277015,True
imports,279,import_hash_bin_0021,0.0008440255619199837,0.0008440255619199837,True
imports,308,import_hash_bin_0050,0.0008431608995077992,0.0008431608995077992,True
imports,776,import_hash_bin_0518,0.0008314029912376554,0.0008314029912376554,True
imports,961,import_hash_bin_0703,0.0008292599349974522,0.0008292599349974522,True
imports,790,import_hash_bin_0532,0.0008276958937482456,0.0008276958937482456,True
imports,1257,import_hash_bin_0999,0.0008274710528025617,0.0008274710528025617,True
imports,525,import_hash_bin_0267,0.0008249675070538822,0.0008249675070538822,True
imports,992,import_hash_bin_0734,0.0008233973453476913,0.0008233973453476913,True
imports,804,import_hash_bin_0546,0.0008230329038290839,0.0008230329038290839,True
imports,590,import_hash_bin_0332,0.0008227042972470382,0.0008227042972470382,True
imports,758,import_hash_bin_0500,0.0008226643209085035,0.0008226643209085035,True
imports,991,import_hash_bin_0733,0.0008182404030871806,0.0008182404030871806,True
imports,427,import_hash_bin_0169,0.0008146551486049944,0.0008146551486049944,True
imports,521,import_hash_bin_0263,0.0008092960681955733,0.0008092960681955733,True
imports,1168,import_hash_bin_0910,0.0008092034206678893,0.0008092034206678893,True
imports,663,import_hash_bin_0405,0.0008083408996461831,0.0008083408996461831,True
imports,924,import_hash_bin_0666,0.000807978274482205,0.000807978274482205,True
imports,947,import_hash_bin_0689,0.0008045659062167458,0.0008045659062167458,True
imports,834,import_hash_bin_0576,0.0007990717753220797,0.0007990717753220797,True
imports,1074,import_hash_bin_0816,0.0007965560633342173,0.0007965560633342173,True
imports,131,library_hash_bin_129,0.0007946174993684952,0.0007946174993684952,True
imports,764,import_hash_bin_0506,0.0007921612219302679,0.0007921612219302679,True
imports,936,import_hash_bin_0678,0.0007914909006727104,0.0007914909006727104,True
imports,1241,import_hash_bin_0983,0.0007880661972034118,0.0007880661972034118,True
imports,794,import_hash_bin_0536,0.0007869136367420954,0.0007869136367420954,True
imports,744,import_hash_bin_0486,0.0007864512991283771,0.0007864512991283771,True
imports,292,import_hash_bin_0034,0.000781145604638746,0.000781145604638746,True
imports,256,library_hash_bin_254,0.000781048897908932,0.000781048897908932,True
imports,923,import_hash_bin_0665,0.000779850748127164,0.000779850748127164,True
imports,741,import_hash_bin_0483,0.0007757203505006588,0.0007757203505006588,True
imports,1240,import_hash_bin_0982,0.0007742619758730668,0.0007742619758730668,True
imports,591,import_hash_bin_0333,0.0007728846784822098,0.0007728846784822098,True
imports,596,import_hash_bin_0338,0.000769453343499751,0.000769453343499751,True
imports,553,import_hash_bin_0295,0.0007673368424296365,0.0007673368424296365,True
imports,1201,import_hash_bin_0943,0.0007628819444503583,0.0007628819444503583,True
imports,698,import_hash_bin_0440,0.0007612702700719822,0.0007612702700719822,True
imports,317,import_hash_bin_0059,0.0007604438139675077,0.0007604438139675077,True
imports,755,import_hash_bin_0497,0.0007598208294274921,0.0007598208294274921,True
imports,406,import_hash_bin_0148,0.0007579662331641248,0.0007579662331641248,True
imports,423,import_hash_bin_0165,0.000756223829800816,0.000756223829800816,True
imports,505,import_hash_bin_0247,0.0007542980623102645,0.0007542980623102645,True
imports,1142,import_hash_bin_0884,0.0007521549474785355,0.0007521549474785355,True
imports,818,import_hash_bin_0560,0.0007487234852577823,0.0007487234852577823,True
imports,261,import_hash_bin_0003,0.0007432990453402721,0.0007432990453402721,True
imports,774,import_hash_bin_0516,0.0007425622104970404,0.0007425622104970404,True
imports,1196,import_hash_bin_0938,0.0007420392093208313,0.0007420392093208313,True
imports,384,import_hash_bin_0126,0.0007384121430580999,0.0007384121430580999,True
imports,1132,import_hash_bin_0874,0.0007383230936680456,0.0007383230936680456,True
imports,402,import_hash_bin_0144,0.0007382086721007606,0.0007382086721007606,True
imports,1272,import_hash_bin_1014,0.0007369735388687598,0.0007369735388687598,True
imports,955,import_hash_bin_0697,0.0007367869793097192,0.0007367869793097192,True
imports,745,import_hash_bin_0487,0.0007325602784381617,0.0007325602784381617,True
imports,514,import_hash_bin_0256,0.0007317702299704179,0.0007317702299704179,True
imports,982,import_hash_bin_0724,0.0007275064352748662,0.0007275064352748662,True
imports,262,import_hash_bin_0004,0.0007258780230291478,0.0007258780230291478,True
imports,715,import_hash_bin_0457,0.000725106655243685,0.000725106655243685,True
imports,710,import_hash_bin_0452,0.0007244690566206092,0.0007244690566206092,True
imports,430,import_hash_bin_0172,0.000722551129441898,0.000722551129441898,True
imports,263,import_hash_bin_0005,0.0007203092135715884,0.0007203092135715884,True
imports,396,import_hash_bin_0138,0.0007189822988831362,0.0007189822988831362,True
imports,983,import_hash_bin_0725,0.000718926461460219,0.000718926461460219,True
imports,1255,import_hash_bin_0997,0.0007170061429285042,0.0007170061429285042,True
imports,668,import_hash_bin_0410,0.0007159986437002764,0.0007159986437002764,True
imports,1135,import_hash_bin_0877,0.0007100601188965942,0.0007100601188965942,True
imports,425,import_hash_bin_0167,0.0007098400286877833,0.0007098400286877833,True
imports,1174,import_hash_bin_0916,0.0007090207682056747,0.0007090207682056747,True
imports,1273,import_hash_bin_1015,0.0007061147386626835,0.0007061147386626835,True
imports,1030,import_hash_bin_0772,0.0007017814439709245,0.0007017814439709245,True
imports,864,import_hash_bin_0606,0.0007005138188232574,0.0007005138188232574,True
imports,763,import_hash_bin_0505,0.0006988806208771613,0.0006988806208771613,True
imports,1236,import_hash_bin_0978,0.0006982808921402092,0.0006982808921402092,True
imports,269,import_hash_bin_0011,0.0006982162538815838,0.0006982162538815838,True
imports,182,library_hash_bin_180,0.0006958570510629561,0.0006958570510629561,True
imports,593,import_hash_bin_0335,0.0006955852531069499,0.0006955852531069499,True
imports,1203,import_hash_bin_0945,0.0006937552176146712,0.0006937552176146712,True
imports,823,import_hash_bin_0565,0.0006935045170221141,0.0006935045170221141,True
imports,1197,import_hash_bin_0939,0.0006910637507598316,0.0006910637507598316,True
imports,523,import_hash_bin_0265,0.0006861730330303207,0.0006861730330303207,True
imports,569,import_hash_bin_0311,0.000685202957129243,0.000685202957129243,True
imports,1176,import_hash_bin_0918,0.0006833684035424173,0.0006833684035424173,True
imports,585,import_hash_bin_0327,0.0006814112122000295,0.0006814112122000295,True
imports,385,import_hash_bin_0127,0.0006811257456112589,0.0006811257456112589,True
imports,249,library_hash_bin_247,0.0006807065194676909,0.0006807065194676909,True
imports,1204,import_hash_bin_0946,0.0006796875706888528,0.0006796875706888528,True
imports,481,import_hash_bin_0223,0.0006796028806656884,0.0006796028806656884,True
imports,1069,import_hash_bin_0811,0.0006795058424376941,0.0006795058424376941,True
imports,1199,import_hash_bin_0941,0.0006773162649315741,0.0006773162649315741,True
imports,98,library_hash_bin_096,0.0006761052015112351,0.0006761052015112351,True
imports,810,import_hash_bin_0552,0.0006753759114311711,0.0006753759114311711,True
imports,1136,import_hash_bin_0878,0.0006738941385088808,0.0006738941385088808,True
imports,784,import_hash_bin_0526,0.0006634556175140131,0.0006634556175140131,True
imports,313,import_hash_bin_0055,0.000660901508001139,0.000660901508001139,True
imports,1190,import_hash_bin_0932,0.0006588973911294165,0.0006588973911294165,True
imports,536,import_hash_bin_0278,0.0006557548417731764,0.0006557548417731764,True
imports,1157,import_hash_bin_0899,0.0006548508150078869,0.0006548508150078869,True
imports,541,import_hash_bin_0283,0.0006528532610699069,0.0006528532610699069,True
imports,307,import_hash_bin_0049,0.0006523821455177972,0.0006523821455177972,True
imports,392,import_hash_bin_0134,0.000646966799630851,0.000646966799630851,True
imports,558,import_hash_bin_0300,0.0006434538851277668,0.0006434538851277668,True
imports,914,import_hash_bin_0656,0.0006423067712140935,0.0006423067712140935,True
imports,1004,import_hash_bin_0746,0.0006413879172804239,0.0006413879172804239,True
imports,1212,import_hash_bin_0954,0.0006393322019196539,0.0006393322019196539,True
imports,645,import_hash_bin_0387,0.0006380738243302842,0.0006380738243302842,True
imports,959,import_hash_bin_0701,0.0006369402575873762,0.0006369402575873762,True
imports,847,import_hash_bin_0589,0.0006319142805245255,0.0006319142805245255,True
imports,1129,import_hash_bin_0871,0.0006318035979600874,0.0006318035979600874,True
imports,987,import_hash_bin_0729,0.0006306132621851329,0.0006306132621851329,True
imports,616,import_hash_bin_0358,0.0006301926929511878,0.0006301926929511878,True
imports,915,import_hash_bin_0657,0.0006296085695924557,0.0006296085695924557,True
imports,527,import_hash_bin_0269,0.0006271043060643756,0.0006271043060643756,True
imports,820,import_hash_bin_0562,0.0006270425640446372,0.0006270425640446372,True
imports,329,import_hash_bin_0071,0.0006259687463783311,0.0006259687463783311,True
imports,880,import_hash_bin_0622,0.0006258026002343948,0.0006258026002343948,True
imports,1215,import_hash_bin_0957,0.0006234830033680422,0.0006234830033680422,True
imports,852,import_hash_bin_0594,0.0006223619606008256,0.0006223619606008256,True
imports,346,import_hash_bin_0088,0.0006218410361430885,0.0006218410361430885,True
imports,587,import_hash_bin_0329,0.0006184012350347827,0.0006184012350347827,True
imports,970,import_hash_bin_0712,0.0006145606999237423,0.0006145606999237423,True
imports,460,import_hash_bin_0202,0.0006140580180081357,0.0006140580180081357,True
imports,381,import_hash_bin_0123,0.0006125399715990256,0.0006125399715990256,True
imports,1027,import_hash_bin_0769,0.0006081564202666882,0.0006081564202666882,True
imports,1046,import_hash_bin_0788,0.0006068833142546002,0.0006068833142546002,True
imports,1276,import_hash_bin_1018,0.000603805592293863,0.000603805592293863,True
imports,1189,import_hash_bin_0931,0.0006029152063056249,0.0006029152063056249,True
imports,473,import_hash_bin_0215,0.000602582192685595,0.000602582192685595,True
imports,120,library_hash_bin_118,0.0006017951118167331,0.0006017951118167331,True
imports,786,import_hash_bin_0528,0.0006009511961057824,0.0006009511961057824,True
imports,1274,import_hash_bin_1016,0.0005938194557269297,0.0005938194557269297,True
imports,539,import_hash_bin_0281,0.0005933213316401043,0.0005933213316401043,True
imports,635,import_hash_bin_0377,0.000592509476513579,0.000592509476513579,True
imports,761,import_hash_bin_0503,0.0005916144758860948,0.0005916144758860948,True
imports,634,import_hash_bin_0376,0.0005900687058082049,0.0005900687058082049,True
imports,500,import_hash_bin_0242,0.0005890506772982084,0.0005890506772982084,True
imports,419,import_hash_bin_0161,0.0005885181966518324,0.0005885181966518324,True
imports,328,import_hash_bin_0070,0.0005860184368081405,0.0005860184368081405,True
imports,627,import_hash_bin_0369,0.0005841216961501947,0.0005841216961501947,True
imports,528,import_hash_bin_0270,0.0005808618707122815,0.0005808618707122815,True
imports,999,import_hash_bin_0741,0.0005751527933370256,0.0005751527933370256,True
imports,273,import_hash_bin_0015,0.0005743412327001555,0.0005743412327001555,True
imports,258,import_hash_bin_0000,0.0005709185099243593,0.0005709185099243593,True
imports,1112,import_hash_bin_0854,0.0005689880251821769,0.0005689880251821769,True
imports,862,import_hash_bin_0604,0.0005682063051409658,0.0005682063051409658,True
imports,424,import_hash_bin_0166,0.0005676849699091873,0.0005676849699091873,True
imports,1139,import_hash_bin_0881,0.0005671522465719623,0.0005671522465719623,True
imports,559,import_hash_bin_0301,0.000566048077825511,0.000566048077825511,True
imports,606,import_hash_bin_0348,0.0005658700320386025,0.0005658700320386025,True
imports,1216,import_hash_bin_0958,0.0005655848785332274,0.0005655848785332274,True
imports,1122,import_hash_bin_0864,0.0005616184814009919,0.0005616184814009919,True
imports,219,library_hash_bin_217,0.0005614333841681235,0.0005614333841681235,True
imports,1150,import_hash_bin_0892,0.0005601318514621763,0.0005601318514621763,True
imports,567,import_hash_bin_0309,0.000559524302934007,0.000559524302934007,True
imports,752,import_hash_bin_0494,0.0005574153141116537,0.0005574153141116537,True
imports,1246,import_hash_bin_0988,0.0005572736067954148,0.0005572736067954148,True
imports,23,library_hash_bin_021,0.0005513898106428464,0.0005513898106428464,True
imports,652,import_hash_bin_0394,0.0005482752490527958,0.0005482752490527958,True
imports,1020,import_hash_bin_0762,0.0005476176691551534,0.0005476176691551534,True
imports,455,import_hash_bin_0197,0.0005472248319126542,0.0005472248319126542,True
imports,508,import_hash_bin_0250,0.0005458484809895686,0.0005458484809895686,True
imports,1011,import_hash_bin_0753,0.000545644843649748,0.000545644843649748,True
imports,929,import_hash_bin_0671,0.0005446835513822389,0.0005446835513822389,True
imports,276,import_hash_bin_0018,0.0005441054550005785,0.0005441054550005785,True
imports,489,import_hash_bin_0231,0.00054268025425377,0.00054268025425377,True
imports,1035,import_hash_bin_0777,0.0005416219003882799,0.0005416219003882799,True
imports,531,import_hash_bin_0273,0.0005380044023769165,0.0005380044023769165,True
imports,726,import_hash_bin_0468,0.0005372407175572628,0.0005372407175572628,True
imports,787,import_hash_bin_0529,0.0005369741873429222,0.0005369741873429222,True
imports,697,import_hash_bin_0439,0.0005362598446816731,0.0005362598446816731,True
imports,1185,import_hash_bin_0927,0.0005351786294853395,0.0005351786294853395,True
imports,1228,import_hash_bin_0970,0.0005345367030647849,0.0005345367030647849,True
imports,275,import_hash_bin_0017,0.0005337163594882181,0.0005337163594882181,True
imports,688,import_hash_bin_0430,0.0005332496547797977,0.0005332496547797977,True
imports,1094,import_hash_bin_0836,0.0005324043498642924,0.0005324043498642924,True
imports,907,import_hash_bin_0649,0.0005310617462339108,0.0005310617462339108,True
imports,1021,import_hash_bin_0763,0.0005286108376834412,0.0005286108376834412,True
imports,805,import_hash_bin_0547,0.0005272811629988622,0.0005272811629988622,True
imports,1156,import_hash_bin_0898,0.0005262941345925529,0.0005262941345925529,True
imports,1234,import_hash_bin_0976,0.0005249057048093549,0.0005249057048093549,True
imports,1089,import_hash_bin_0831,0.0005240382356968656,0.0005240382356968656,True
imports,544,import_hash_bin_0286,0.0005198414385679244,0.0005198414385679244,True
imports,422,import_hash_bin_0164,0.0005197326408765153,0.0005197326408765153,True
imports,414,import_hash_bin_0156,0.000519034833847824,0.000519034833847824,True
imports,600,import_hash_bin_0342,0.0005169287335111134,0.0005169287335111134,True
imports,267,import_hash_bin_0009,0.0005165200973464518,0.0005165200973464518,True
imports,338,import_hash_bin_0080,0.0005133749834878991,0.0005133749834878991,True
imports,382,import_hash_bin_0124,0.0005129555844903433,0.0005129555844903433,True
imports,366,import_hash_bin_0108,0.000511948993395865,0.000511948993395865,True
imports,835,import_hash_bin_0577,0.0005089614902723085,0.0005089614902723085,True
imports,1001,import_hash_bin_0743,0.0005084815836614622,0.0005084815836614622,True
imports,441,import_hash_bin_0183,0.0005082046431979511,0.0005082046431979511,True
imports,711,import_hash_bin_0453,0.000507766962619321,0.000507766962619321,True
imports,200,library_hash_bin_198,0.0005057382170663208,0.0005057382170663208,True
imports,954,import_hash_bin_0696,0.0005051878024849179,0.0005051878024849179,True
imports,476,import_hash_bin_0218,0.0005049139879039807,0.0005049139879039807,True
imports,302,import_hash_bin_0044,0.0005048384389865009,0.0005048384389865009,True
imports,1082,import_hash_bin_0824,0.0005048137515974872,0.0005048137515974872,True
imports,727,import_hash_bin_0469,0.0005037389481774825,0.0005037389481774825,True
imports,614,import_hash_bin_0356,0.000503167506602147,0.000503167506602147,True
imports,420,import_hash_bin_0162,0.0005023317101367419,0.0005023317101367419,True
imports,598,import_hash_bin_0340,0.0005001963098138845,0.0005001963098138845,True
imports,708,import_hash_bin_0450,0.0004987753405200917,0.0004987753405200917,True
imports,1205,import_hash_bin_0947,0.0004979365310831278,0.0004979365310831278,True
imports,322,import_hash_bin_0064,0.0004971990118772317,0.0004971990118772317,True
imports,260,import_hash_bin_0002,0.000496512412268055,0.000496512412268055,True
imports,926,import_hash_bin_0668,0.0004965118403805741,0.0004965118403805741,True
imports,1229,import_hash_bin_0971,0.0004953245129384989,0.0004953245129384989,True
imports,105,library_hash_bin_103,0.0004920806667535087,0.0004920806667535087,True
imports,1213,import_hash_bin_0955,0.0004918782086390527,0.0004918782086390527,True
imports,651,import_hash_bin_0393,0.0004918504306561086,0.0004918504306561086,True
imports,1193,import_hash_bin_0935,0.00048732668666890306,0.00048732668666890306,True
imports,1131,import_hash_bin_0873,0.0004872371084618222,0.0004872371084618222,True
imports,795,import_hash_bin_0537,0.00048690180472499707,0.00048690180472499707,True
imports,383,import_hash_bin_0125,0.0004860155180085953,0.0004860155180085953,True
imports,577,import_hash_bin_0319,0.0004859443952974985,0.0004859443952974985,True
imports,934,import_hash_bin_0676,0.00048568180978900274,0.00048568180978900274,True
imports,97,library_hash_bin_095,0.00048537667795105335,0.00048537667795105335,True
imports,849,import_hash_bin_0591,0.000484051524536917,0.000484051524536917,True
imports,655,import_hash_bin_0397,0.00048355578059730423,0.00048355578059730423,True
imports,1220,import_hash_bin_0962,0.0004831290364643603,0.0004831290364643603,True
imports,413,import_hash_bin_0155,0.0004825696007272848,0.0004825696007272848,True
imports,775,import_hash_bin_0517,0.0004815232019792917,0.0004815232019792917,True
imports,1245,import_hash_bin_0987,0.00048140145213448665,0.00048140145213448665,True
imports,941,import_hash_bin_0683,0.00048105984797650405,0.00048105984797650405,True
imports,280,import_hash_bin_0022,0.0004801198584081736,0.0004801198584081736,True
imports,1049,import_hash_bin_0791,0.0004787308687197979,0.0004787308687197979,True
imports,1159,import_hash_bin_0901,0.00047776808035478717,0.00047776808035478717,True
imports,339,import_hash_bin_0081,0.00047522125873235955,0.00047522125873235955,True
imports,1099,import_hash_bin_0841,0.0004751991431728935,0.0004751991431728935,True
imports,978,import_hash_bin_0720,0.0004750561777941312,0.0004750561777941312,True
imports,554,import_hash_bin_0296,0.0004749644103145268,0.0004749644103145268,True
imports,808,import_hash_bin_0550,0.00047334922093520966,0.00047334922093520966,True
imports,884,import_hash_bin_0626,0.0004730447094873308,0.0004730447094873308,True
imports,967,import_hash_bin_0709,0.00047118691344717685,0.00047118691344717685,True
imports,838,import_hash_bin_0580,0.0004675200175420628,0.0004675200175420628,True
imports,407,import_hash_bin_0149,0.00046686278858688645,0.00046686278858688645,True
imports,1227,import_hash_bin_0969,0.00046586029833835073,0.00046586029833835073,True
imports,855,import_hash_bin_0597,0.00046498114715745533,0.00046498114715745533,True
imports,431,import_hash_bin_0173,0.0004635271919791413,0.0004635271919791413,True
imports,1271,import_hash_bin_1013,0.0004630328463742422,0.0004630328463742422,True
imports,1209,import_hash_bin_0951,0.00046165831597260484,0.00046165831597260484,True
imports,499,import_hash_bin_0241,0.0004614844995022688,0.0004614844995022688,True
imports,766,import_hash_bin_0508,0.0004608945131489759,0.0004608945131489759,True
imports,1211,import_hash_bin_0953,0.0004605172090147746,0.0004605172090147746,True
imports,831,import_hash_bin_0573,0.00046014342018203607,0.00046014342018203607,True
imports,771,import_hash_bin_0513,0.0004598808963653363,0.0004598808963653363,True
imports,1263,import_hash_bin_1005,0.00045897277943784205,0.00045897277943784205,True
imports,472,import_hash_bin_0214,0.00045854973284731803,0.00045854973284731803,True
imports,149,library_hash_bin_147,0.0004581018730008272,0.0004581018730008272,True
imports,664,import_hash_bin_0406,0.00045744216689496065,0.00045744216689496065,True
imports,677,import_hash_bin_0419,0.00045664236253083125,0.00045664236253083125,True
imports,893,import_hash_bin_0635,0.0004554357887775496,0.0004554357887775496,True
imports,610,import_hash_bin_0352,0.0004530950981805978,0.0004530950981805978,True
imports,1010,import_hash_bin_0752,0.0004528057963166248,0.0004528057963166248,True
imports,434,import_hash_bin_0176,0.0004491820149261016,0.0004491820149261016,True
imports,658,import_hash_bin_0400,0.00044913159615264967,0.00044913159615264967,True
imports,285,import_hash_bin_0027,0.0004475755064490711,0.0004475755064490711,True
imports,410,import_hash_bin_0152,0.0004475648739980836,0.0004475648739980836,True
imports,1239,import_hash_bin_0981,0.0004469267560450109,0.0004469267560450109,True
imports,108,library_hash_bin_106,0.0004462689663822905,0.0004462689663822905,True
imports,501,import_hash_bin_0243,0.00044610107852131983,0.00044610107852131983,True
imports,315,import_hash_bin_0057,0.00044605380964673,0.00044605380964673,True
imports,713,import_hash_bin_0455,0.00044467107889706455,0.00044467107889706455,True
imports,1060,import_hash_bin_0802,0.00044049249171626266,0.00044049249171626266,True
imports,482,import_hash_bin_0224,0.00043918661346976755,0.00043918661346976755,True
imports,888,import_hash_bin_0630,0.00043769549854311406,0.00043769549854311406,True
imports,742,import_hash_bin_0484,0.00043694829556607275,0.00043694829556607275,True
imports,622,import_hash_bin_0364,0.00043590259996572326,0.00043590259996572326,True
imports,1172,import_hash_bin_0914,0.0004353866039383414,0.0004353866039383414,True
imports,1047,import_hash_bin_0789,0.000434503166161883,0.000434503166161883,True
imports,694,import_hash_bin_0436,0.0004329655183621091,0.0004329655183621091,True
imports,935,import_hash_bin_0677,0.0004323915661834554,0.0004323915661834554,True
imports,1146,import_hash_bin_0888,0.0004315755497086313,0.0004315755497086313,True
imports,551,import_hash_bin_0293,0.0004313924468010913,0.0004313924468010913,True
imports,520,import_hash_bin_0262,0.00043088846091790154,0.00043088846091790154,True
imports,542,import_hash_bin_0284,0.00042984553530755527,0.00042984553530755527,True
imports,687,import_hash_bin_0429,0.00042933323655930036,0.00042933323655930036,True
imports,1158,import_hash_bin_0900,0.0004286897374314241,0.0004286897374314241,True
imports,920,import_hash_bin_0662,0.0004268436444781225,0.0004268436444781225,True
imports,294,import_hash_bin_0036,0.0004257656869958096,0.0004257656869958096,True
imports,1048,import_hash_bin_0790,0.0004255709623027293,0.0004255709623027293,True
imports,636,import_hash_bin_0378,0.000425505066659726,0.000425505066659726,True
imports,953,import_hash_bin_0695,0.0004245153790471282,0.0004245153790471282,True
imports,860,import_hash_bin_0602,0.00042274041727831917,0.00042274041727831917,True
imports,1006,import_hash_bin_0748,0.0004205622208770846,0.0004205622208770846,True
imports,31,library_hash_bin_029,0.000420364860444519,0.000420364860444519,True
imports,1075,import_hash_bin_0817,0.0004186704937557391,0.0004186704937557391,True
imports,819,import_hash_bin_0561,0.0004156626858867891,0.0004156626858867891,True
imports,594,import_hash_bin_0336,0.0004149622760250276,0.0004149622760250276,True
imports,492,import_hash_bin_0234,0.00041452566409390374,0.00041452566409390374,True
imports,363,import_hash_bin_0105,0.0004119490040843627,0.0004119490040843627,True
imports,638,import_hash_bin_0380,0.0004119206965756612,0.0004119206965756612,True
imports,833,import_hash_bin_0575,0.00041166812086623907,0.00041166812086623907,True
imports,360,import_hash_bin_0102,0.0004112713950363401,0.0004112713950363401,True
imports,435,import_hash_bin_0177,0.00041093912155415376,0.00041093912155415376,True
imports,644,import_hash_bin_0386,0.00041039740998914404,0.00041039740998914404,True
imports,1267,import_hash_bin_1009,0.00040986556014032267,0.00040986556014032267,True
imports,290,import_hash_bin_0032,0.00040828459499756844,0.00040828459499756844,True
imports,938,import_hash_bin_0680,0.00040406870452470815,0.00040406870452470815,True
imports,466,import_hash_bin_0208,0.000403291223936316,0.000403291223936316,True
imports,141,library_hash_bin_139,0.0004025458577779477,0.0004025458577779477,True
imports,289,import_hash_bin_0031,0.00040155820713532305,0.00040155820713532305,True
imports,743,import_hash_bin_0485,0.0004009647037705682,0.0004009647037705682,True
imports,1194,import_hash_bin_0936,0.00039964355416398346,0.00039964355416398346,True
imports,1042,import_hash_bin_0784,0.00039922683790545604,0.00039922683790545604,True
imports,964,import_hash_bin_0706,0.0003987012746607588,0.0003987012746607588,True
imports,731,import_hash_bin_0473,0.0003980216399130744,0.0003980216399130744,True
imports,488,import_hash_bin_0230,0.0003978002420006085,0.0003978002420006085,True
imports,1023,import_hash_bin_0765,0.0003972580288789536,0.0003972580288789536,True
imports,497,import_hash_bin_0239,0.0003956807283159426,0.0003956807283159426,True
imports,1051,import_hash_bin_0793,0.00039458156036764223,0.00039458156036764223,True
imports,296,import_hash_bin_0038,0.0003941327121524196,0.0003941327121524196,True
imports,312,import_hash_bin_0054,0.0003931545866086157,0.0003931545866086157,True
imports,498,import_hash_bin_0240,0.0003924196700138816,0.0003924196700138816,True
imports,665,import_hash_bin_0407,0.00039203856943132446,0.00039203856943132446,True
imports,83,library_hash_bin_081,0.0003907917485414377,0.0003907917485414377,True
imports,320,import_hash_bin_0062,0.00039037394007642275,0.00039037394007642275,True
imports,1012,import_hash_bin_0754,0.00039036676133819595,0.00039036676133819595,True
imports,350,import_hash_bin_0092,0.00038911528849613875,0.00038911528849613875,True
imports,493,import_hash_bin_0235,0.0003885081276399631,0.0003885081276399631,True
imports,700,import_hash_bin_0442,0.00038844453757970194,0.00038844453757970194,True
imports,556,import_hash_bin_0298,0.00038707041043040916,0.00038707041043040916,True
imports,411,import_hash_bin_0153,0.00038592920670711315,0.00038592920670711315,True
imports,878,import_hash_bin_0620,0.0003853944296748452,0.0003853944296748452,True
imports,517,import_hash_bin_0259,0.00038418289820270666,0.00038418289820270666,True
imports,284,import_hash_bin_0026,0.00038218249836373755,0.00038218249836373755,True
imports,428,import_hash_bin_0170,0.00038157674091298137,0.00038157674091298137,True
imports,828,import_hash_bin_0570,0.0003811931410083861,0.0003811931410083861,True
imports,1045,import_hash_bin_0787,0.00038107091996872225,0.00038107091996872225,True
imports,1036,import_hash_bin_0778,0.0003794529544950666,0.0003794529544950666,True
imports,631,import_hash_bin_0373,0.00037864850833880197,0.00037864850833880197,True
imports,1262,import_hash_bin_1004,0.00037840362181636243,0.00037840362181636243,True
imports,95,library_hash_bin_093,0.00037824237589632637,0.00037824237589632637,True
imports,272,import_hash_bin_0014,0.0003773486763519656,0.0003773486763519656,True
imports,583,import_hash_bin_0325,0.0003768617097533543,0.0003768617097533543,True
imports,268,import_hash_bin_0010,0.0003754707415696719,0.0003754707415696719,True
imports,429,import_hash_bin_0171,0.00037367528602173756,0.00037367528602173756,True
imports,449,import_hash_bin_0191,0.00037340519107185804,0.00037340519107185804,True
imports,582,import_hash_bin_0324,0.0003727565001985076,0.0003727565001985076,True
imports,295,import_hash_bin_0037,0.00037232428904229086,0.00037232428904229086,True
imports,876,import_hash_bin_0618,0.0003718379250716798,0.0003718379250716798,True
imports,1206,import_hash_bin_0948,0.000371019959976315,0.000371019959976315,True
imports,1102,import_hash_bin_0844,0.0003699047316084435,0.0003699047316084435,True
imports,478,import_hash_bin_0220,0.00036972664324108135,0.00036972664324108135,True
imports,856,import_hash_bin_0598,0.0003686364419753677,0.0003686364419753677,True
imports,996,import_hash_bin_0738,0.0003666211588740975,0.0003666211588740975,True
imports,1270,import_hash_bin_1012,0.00036563117467676534,0.00036563117467676534,True
imports,549,import_hash_bin_0291,0.00036473189392379363,0.00036473189392379363,True
imports,933,import_hash_bin_0675,0.00036372842566556926,0.00036372842566556926,True
imports,374,import_hash_bin_0116,0.000362907008166961,0.000362907008166961,True
imports,303,import_hash_bin_0045,0.0003612936838047994,0.0003612936838047994,True
imports,654,import_hash_bin_0396,0.00036043785189756504,0.00036043785189756504,True
imports,324,import_hash_bin_0066,0.00035899534651202434,0.00035899534651202434,True
imports,695,import_hash_bin_0437,0.0003580051272995511,0.0003580051272995511,True
imports,846,import_hash_bin_0588,0.00035767911434154525,0.00035767911434154525,True
imports,875,import_hash_bin_0617,0.00035718035966793527,0.00035718035966793527,True
imports,1057,import_hash_bin_0799,0.0003562332100464847,0.0003562332100464847,True
imports,1033,import_hash_bin_0775,0.00035610558938542627,0.00035610558938542627,True
imports,415,import_hash_bin_0157,0.000355929450793234,0.000355929450793234,True
imports,789,import_hash_bin_0531,0.0003550358645509105,0.0003550358645509105,True
imports,1188,import_hash_bin_0930,0.00035457201560730337,0.00035457201560730337,True
imports,869,import_hash_bin_0611,0.00035413811933124686,0.00035413811933124686,True
imports,468,import_hash_bin_0210,0.00035402240077979754,0.00035402240077979754,True
imports,825,import_hash_bin_0567,0.0003538496103468494,0.0003538496103468494,True
imports,881,import_hash_bin_0623,0.00035364689879327185,0.00035364689879327185,True
imports,773,import_hash_bin_0515,0.00035311367671706417,0.00035311367671706417,True
imports,918,import_hash_bin_0660,0.00035229205592015206,0.00035229205592015206,True
imports,394,import_hash_bin_0136,0.00035162287003625935,0.00035162287003625935,True
imports,1100,import_hash_bin_0842,0.0003512340481293751,0.0003512340481293751,True
imports,768,import_hash_bin_0510,0.0003508569859197911,0.0003508569859197911,True
imports,798,import_hash_bin_0540,0.0003508406466430331,0.0003508406466430331,True
imports,353,import_hash_bin_0095,0.0003496192634989494,0.0003496192634989494,True
imports,1067,import_hash_bin_0809,0.00034805738395889986,0.00034805738395889986,True
imports,906,import_hash_bin_0648,0.00034781038529257496,0.00034781038529257496,True
imports,777,import_hash_bin_0519,0.00034768069866941573,0.00034768069866941573,True
imports,555,import_hash_bin_0297,0.0003473510358342975,0.0003473510358342975,True
imports,674,import_hash_bin_0416,0.0003466837299663899,0.0003466837299663899,True
imports,457,import_hash_bin_0199,0.0003460860380535005,0.0003460860380535005,True
imports,494,import_hash_bin_0236,0.0003444396973182487,0.0003444396973182487,True
imports,595,import_hash_bin_0337,0.0003438105776021905,0.0003438105776021905,True
imports,609,import_hash_bin_0351,0.0003425182631011191,0.0003425182631011191,True
imports,351,import_hash_bin_0093,0.0003419645786733816,0.0003419645786733816,True
imports,866,import_hash_bin_0608,0.0003414453100799092,0.0003414453100799092,True
imports,491,import_hash_bin_0233,0.000341290959051236,0.000341290959051236,True
imports,456,import_hash_bin_0198,0.0003410526110085299,0.0003410526110085299,True
imports,547,import_hash_bin_0289,0.0003410173916561922,0.0003410173916561922,True
imports,969,import_hash_bin_0711,0.00034094125242258906,0.00034094125242258906,True
imports,723,import_hash_bin_0465,0.00034093299998071613,0.00034093299998071613,True
imports,1162,import_hash_bin_0904,0.00034085328336249483,0.00034085328336249483,True
imports,265,import_hash_bin_0007,0.00034000688223692957,0.00034000688223692957,True
imports,785,import_hash_bin_0527,0.00033860665228449067,0.00033860665228449067,True
imports,997,import_hash_bin_0739,0.0003385970835373533,0.0003385970835373533,True
imports,397,import_hash_bin_0139,0.0003373948086206372,0.0003373948086206372,True
imports,949,import_hash_bin_0691,0.00033734354541528307,0.00033734354541528307,True
imports,503,import_hash_bin_0245,0.0003372434753958819,0.0003372434753958819,True
imports,931,import_hash_bin_0673,0.0003368768122193571,0.0003368768122193571,True
imports,1130,import_hash_bin_0872,0.0003363700710623178,0.0003363700710623178,True
imports,797,import_hash_bin_0539,0.0003336501372584054,0.0003336501372584054,True
imports,445,import_hash_bin_0187,0.0003330734144725811,0.0003330734144725811,True
imports,408,import_hash_bin_0150,0.0003315754389789747,0.0003315754389789747,True
imports,314,import_hash_bin_0056,0.00033155339979845167,0.00033155339979845167,True
imports,799,import_hash_bin_0541,0.00033141595736624547,0.00033141595736624547,True
imports,376,import_hash_bin_0118,0.00033118263125741826,0.00033118263125741826,True
imports,736,import_hash_bin_0478,0.0003309900829649666,0.0003309900829649666,True
imports,1251,import_hash_bin_0993,0.00033017490949938534,0.00033017490949938534,True
imports,971,import_hash_bin_0713,0.0003275226547694774,0.0003275226547694774,True
imports,336,import_hash_bin_0078,0.0003270681167460992,0.0003270681167460992,True
imports,911,import_hash_bin_0653,0.00032616979454552964,0.00032616979454552964,True
imports,662,import_hash_bin_0404,0.0003261214526932452,0.0003261214526932452,True
imports,1059,import_hash_bin_0801,0.0003253711073790671,0.0003253711073790671,True
imports,281,import_hash_bin_0023,0.00032528208173626926,0.00032528208173626926,True
imports,1072,import_hash_bin_0814,0.0003252540213817663,0.0003252540213817663,True
imports,733,import_hash_bin_0475,0.00032523452671271694,0.00032523452671271694,True
imports,886,import_hash_bin_0628,0.0003251085837147207,0.0003251085837147207,True
imports,409,import_hash_bin_0151,0.0003238678474852079,0.0003238678474852079,True
imports,925,import_hash_bin_0667,0.0003231896448642486,0.0003231896448642486,True
imports,1123,import_hash_bin_0865,0.0003230640287478499,0.0003230640287478499,True
imports,1017,import_hash_bin_0759,0.00032291863318674306,0.00032291863318674306,True
imports,578,import_hash_bin_0320,0.00032248401284603353,0.00032248401284603353,True
imports,749,import_hash_bin_0491,0.00032194062082147127,0.00032194062082147127,True
imports,913,import_hash_bin_0655,0.0003216171858371179,0.0003216171858371179,True
imports,952,import_hash_bin_0694,0.0003213806184499175,0.0003213806184499175,True
imports,438,import_hash_bin_0180,0.0003212328063565038,0.0003212328063565038,True
imports,1171,import_hash_bin_0913,0.0003208459065880371,0.0003208459065880371,True
imports,821,import_hash_bin_0563,0.00032050400219889985,0.00032050400219889985,True
imports,73,library_hash_bin_071,0.00032027970596892874,0.00032027970596892874,True
imports,437,import_hash_bin_0179,0.00032019199500798366,0.00032019199500798366,True
imports,586,import_hash_bin_0328,0.00031886870554194413,0.00031886870554194413,True
imports,316,import_hash_bin_0058,0.0003185296155462498,0.0003185296155462498,True
imports,515,import_hash_bin_0257,0.00031850601999008996,0.00031850601999008996,True
imports,509,import_hash_bin_0251,0.00031742558932133216,0.00031742558932133216,True
imports,340,import_hash_bin_0082,0.00031700905975004545,0.00031700905975004545,True
imports,1186,import_hash_bin_0928,0.0003151765234066056,0.0003151765234066056,True
imports,1066,import_hash_bin_0808,0.0003148987040448373,0.0003148987040448373,True
imports,757,import_hash_bin_0499,0.00031454029498413427,0.00031454029498413427,True
imports,683,import_hash_bin_0425,0.0003144441094371767,0.0003144441094371767,True
imports,826,import_hash_bin_0568,0.00031395971373629434,0.00031395971373629434,True
imports,750,import_hash_bin_0492,0.0003122766261860135,0.0003122766261860135,True
imports,566,import_hash_bin_0308,0.00031159702661130397,0.00031159702661130397,True
imports,1116,import_hash_bin_0858,0.0003111081475698183,0.0003111081475698183,True
imports,513,import_hash_bin_0255,0.0003084032766311417,0.0003084032766311417,True
imports,546,import_hash_bin_0288,0.0003067425797057647,0.0003067425797057647,True
imports,706,import_hash_bin_0448,0.00030667558011280324,0.00030667558011280324,True
imports,684,import_hash_bin_0426,0.0003059690895890833,0.0003059690895890833,True
imports,611,import_hash_bin_0353,0.0003059655249462576,0.0003059655249462576,True
imports,393,import_hash_bin_0135,0.00030467654762752875,0.00030467654762752875,True
imports,608,import_hash_bin_0350,0.000304615267125572,0.000304615267125572,True
imports,298,import_hash_bin_0040,0.0003031295060410168,0.0003031295060410168,True
imports,1019,import_hash_bin_0761,0.00030281983925796707,0.00030281983925796707,True
imports,1141,import_hash_bin_0883,0.00030103625613480973,0.00030103625613480973,True
imports,1105,import_hash_bin_0847,0.0002997340074290844,0.0002997340074290844,True
imports,1003,import_hash_bin_0745,0.00029953125096590194,0.00029953125096590194,True
imports,900,import_hash_bin_0642,0.00029860047156814423,0.00029860047156814423,True
imports,461,import_hash_bin_0203,0.0002979477561044774,0.0002979477561044774,True
imports,666,import_hash_bin_0408,0.0002974465229344755,0.0002974465229344755,True
imports,898,import_hash_bin_0640,0.00029713316809403055,0.00029713316809403055,True
imports,331,import_hash_bin_0073,0.0002965807315422951,0.0002965807315422951,True
imports,88,library_hash_bin_086,0.0002962457250501333,0.0002962457250501333,True
imports,671,import_hash_bin_0413,0.0002955177978350691,0.0002955177978350691,True
imports,1104,import_hash_bin_0846,0.0002953475782933966,0.0002953475782933966,True
imports,379,import_hash_bin_0121,0.0002944964523224555,0.0002944964523224555,True
imports,1164,import_hash_bin_0906,0.000294445521379985,0.000294445521379985,True
imports,1254,import_hash_bin_0996,0.00029418209183084825,0.00029418209183084825,True
imports,639,import_hash_bin_0381,0.000293178405647168,0.000293178405647168,True
imports,998,import_hash_bin_0740,0.0002926995172689794,0.0002926995172689794,True
imports,1238,import_hash_bin_0980,0.0002905449970322756,0.0002905449970322756,True
imports,248,library_hash_bin_246,0.00029027295843890805,0.00029027295843890805,True
imports,335,import_hash_bin_0077,0.0002897986693698092,0.0002897986693698092,True
imports,565,import_hash_bin_0307,0.0002893413156855258,0.0002893413156855258,True
imports,132,library_hash_bin_130,0.00028868667691033146,0.00028868667691033146,True
imports,214,library_hash_bin_212,0.0002883919414354031,0.0002883919414354031,True
imports,442,import_hash_bin_0184,0.00028742789162662137,0.00028742789162662137,True
imports,370,import_hash_bin_0112,0.0002853100388101553,0.0002853100388101553,True
imports,1108,import_hash_bin_0850,0.00028523995246488226,0.00028523995246488226,True
imports,518,import_hash_bin_0260,0.00028506283943782913,0.00028506283943782913,True
imports,172,library_hash_bin_170,0.0002821927470523782,0.0002821927470523782,True
imports,277,import_hash_bin_0019,0.0002818382952818431,0.0002818382952818431,True
imports,293,import_hash_bin_0035,0.0002815779435162486,0.0002815779435162486,True
imports,902,import_hash_bin_0644,0.00028143844138327776,0.00028143844138327776,True
imports,859,import_hash_bin_0601,0.00028084958185922937,0.00028084958185922937,True
imports,1207,import_hash_bin_0949,0.0002808119766092399,0.0002808119766092399,True
imports,1040,import_hash_bin_0782,0.000280384546190901,0.000280384546190901,True
imports,1143,import_hash_bin_0885,0.0002803785202721389,0.0002803785202721389,True
imports,642,import_hash_bin_0384,0.0002803497530378133,0.0002803497530378133,True
imports,812,import_hash_bin_0554,0.00027902277139143854,0.00027902277139143854,True
imports,615,import_hash_bin_0357,0.00027891342008741753,0.00027891342008741753,True
imports,1249,import_hash_bin_0991,0.0002777993294887477,0.0002777993294887477,True
imports,1277,import_hash_bin_1019,0.00027710632001161877,0.00027710632001161877,True
imports,730,import_hash_bin_0472,0.0002769399944134168,0.0002769399944134168,True
imports,1109,import_hash_bin_0851,0.0002768540204622109,0.0002768540204622109,True
imports,899,import_hash_bin_0641,0.00027506465154775135,0.00027506465154775135,True
imports,1056,import_hash_bin_0798,0.0002748586992459732,0.0002748586992459732,True
imports,762,import_hash_bin_0504,0.0002736209112982147,0.0002736209112982147,True
imports,1230,import_hash_bin_0972,0.00027316762338502724,0.00027316762338502724,True
imports,621,import_hash_bin_0363,0.000272093066105123,0.000272093066105123,True
imports,699,import_hash_bin_0441,0.0002706067862142241,0.0002706067862142241,True
imports,1264,import_hash_bin_1006,0.0002697097478296012,0.0002697097478296012,True
imports,950,import_hash_bin_0692,0.00026907970360139766,0.00026907970360139766,True
imports,1064,import_hash_bin_0806,0.00026748084741613776,0.00026748084741613776,True
imports,1120,import_hash_bin_0862,0.0002674122746787234,0.0002674122746787234,True
imports,1181,import_hash_bin_0923,0.0002661850927378457,0.0002661850927378457,True
imports,417,import_hash_bin_0159,0.00026418417824725435,0.00026418417824725435,True
imports,963,import_hash_bin_0705,0.00026348336239817073,0.00026348336239817073,True
imports,1232,import_hash_bin_0974,0.00026292057300256676,0.00026292057300256676,True
imports,724,import_hash_bin_0466,0.00026253295766298586,0.00026253295766298586,True
imports,232,library_hash_bin_230,0.00026247552828238173,0.00026247552828238173,True
imports,624,import_hash_bin_0366,0.0002624342634364902,0.0002624342634364902,True
imports,1166,import_hash_bin_0908,0.00026201586465223544,0.00026201586465223544,True
imports,919,import_hash_bin_0661,0.0002620102182273703,0.0002620102182273703,True
imports,416,import_hash_bin_0158,0.00026158756008125327,0.00026158756008125327,True
imports,287,import_hash_bin_0029,0.00025932728898935686,0.00025932728898935686,True
imports,602,import_hash_bin_0344,0.00025913522960251096,0.00025913522960251096,True
imports,257,library_hash_bin_255,0.0002580857907881348,0.0002580857907881348,True
imports,557,import_hash_bin_0299,0.00025801094901675426,0.00025801094901675426,True
imports,373,import_hash_bin_0115,0.0002562812309752645,0.0002562812309752645,True
imports,22,library_hash_bin_020,0.0002561762114089916,0.0002561762114089916,True
imports,1058,import_hash_bin_0800,0.0002558590195869357,0.0002558590195869357,True
imports,1149,import_hash_bin_0891,0.00025513392461824915,0.00025513392461824915,True
imports,778,import_hash_bin_0520,0.0002551138480733178,0.0002551138480733178,True
imports,623,import_hash_bin_0365,0.00025466117064032424,0.00025466117064032424,True
imports,603,import_hash_bin_0345,0.00025404997663987797,0.00025404997663987797,True
imports,562,import_hash_bin_0304,0.0002535856013072874,0.0002535856013072874,True
imports,966,import_hash_bin_0708,0.0002527956636140181,0.0002527956636140181,True
imports,930,import_hash_bin_0672,0.000252565826814194,0.000252565826814194,True
imports,576,import_hash_bin_0318,0.0002524665938555646,0.0002524665938555646,True
imports,1080,import_hash_bin_0822,0.00025112943391685454,0.00025112943391685454,True
imports,827,import_hash_bin_0569,0.0002510790423661835,0.0002510790423661835,True
imports,892,import_hash_bin_0634,0.00024917085894688037,0.00024917085894688037,True
imports,1096,import_hash_bin_0838,0.0002489845660073366,0.0002489845660073366,True
imports,343,import_hash_bin_0085,0.0002489434972154413,0.0002489434972154413,True
imports,533,import_hash_bin_0275,0.0002485252556908687,0.0002485252556908687,True
imports,398,import_hash_bin_0140,0.00024795186010839916,0.00024795186010839916,True
imports,440,import_hash_bin_0182,0.0002479115206924442,0.0002479115206924442,True
imports,917,import_hash_bin_0659,0.0002474026136693746,0.0002474026136693746,True
imports,448,import_hash_bin_0190,0.0002471446686942404,0.0002471446686942404,True
imports,286,import_hash_bin_0028,0.0002467373828409327,0.0002467373828409327,True
imports,462,import_hash_bin_0204,0.00024472875604504893,0.00024472875604504893,True
imports,1202,import_hash_bin_0944,0.0002437585543109375,0.0002437585543109375,True
imports,801,import_hash_bin_0543,0.000243258235878117,0.000243258235878117,True
imports,1175,import_hash_bin_0917,0.0002425397149415894,0.0002425397149415894,True
imports,171,library_hash_bin_169,0.00024241535517053507,0.00024241535517053507,True
imports,885,import_hash_bin_0627,0.00024214596192682807,0.00024214596192682807,True
imports,282,import_hash_bin_0024,0.00024071051409103094,0.00024071051409103094,True
imports,560,import_hash_bin_0302,0.00024013641723447582,0.00024013641723447582,True
imports,1025,import_hash_bin_0767,0.000239708680687846,0.000239708680687846,True
imports,681,import_hash_bin_0423,0.0002392997520547329,0.0002392997520547329,True
imports,607,import_hash_bin_0349,0.00023927255144002692,0.00023927255144002692,True
imports,299,import_hash_bin_0041,0.00023791327364677592,0.00023791327364677592,True
imports,1018,import_hash_bin_0760,0.00023782647174010437,0.00023782647174010437,True
imports,226,library_hash_bin_224,0.00023775567480216258,0.00023775567480216258,True
imports,323,import_hash_bin_0065,0.00023752530326532053,0.00023752530326532053,True
imports,1037,import_hash_bin_0779,0.00023664926720315496,0.00023664926720315496,True
imports,972,import_hash_bin_0714,0.00023522405024093812,0.00023522405024093812,True
imports,589,import_hash_bin_0331,0.0002350454423154103,0.0002350454423154103,True
imports,487,import_hash_bin_0229,0.0002342184916917779,0.0002342184916917779,True
imports,378,import_hash_bin_0120,0.00023393651299093388,0.00023393651299093388,True
imports,1165,import_hash_bin_0907,0.00023385636117891716,0.00023385636117891716,True
imports,690,import_hash_bin_0432,0.00023356079907725438,0.00023356079907725438,True
imports,848,import_hash_bin_0590,0.00023294211992426977,0.00023294211992426977,True
imports,297,import_hash_bin_0039,0.00023240248402008057,0.00023240248402008057,True
imports,1219,import_hash_bin_0961,0.00023213753205146163,0.00023213753205146163,True
imports,365,import_hash_bin_0107,0.00023212729055048642,0.00023212729055048642,True
imports,1014,import_hash_bin_0756,0.00023156164960140232,0.00023156164960140232,True
imports,679,import_hash_bin_0421,0.00022912707112731858,0.00022912707112731858,True
imports,975,import_hash_bin_0717,0.0002285983058386856,0.0002285983058386856,True
imports,837,import_hash_bin_0579,0.00022439111433294106,0.00022439111433294106,True
imports,306,import_hash_bin_0048,0.00022437266645511654,0.00022437266645511654,True
imports,921,import_hash_bin_0663,0.00022418580801576506,0.00022418580801576506,True
imports,1015,import_hash_bin_0757,0.00022378243274185993,0.00022378243274185993,True
imports,675,import_hash_bin_0417,0.00022294707417065964,0.00022294707417065964,True
imports,840,import_hash_bin_0582,0.0002228342319214805,0.0002228342319214805,True
imports,278,import_hash_bin_0020,0.00022274031653808134,0.00022274031653808134,True
imports,945,import_hash_bin_0687,0.0002225915026566778,0.0002225915026566778,True
imports,403,import_hash_bin_0145,0.00022218573938110172,0.00022218573938110172,True
imports,685,import_hash_bin_0427,0.00022116870658790016,0.00022116870658790016,True
imports,988,import_hash_bin_0730,0.00022060124448592422,0.00022060124448592422,True
imports,1098,import_hash_bin_0840,0.00022026113428174113,0.00022026113428174113,True
imports,1031,import_hash_bin_0773,0.00022021371558288185,0.00022021371558288185,True
imports,1198,import_hash_bin_0940,0.00021951186929962795,0.00021951186929962795,True
imports,537,import_hash_bin_0279,0.00021942517860795604,0.00021942517860795604,True
imports,454,import_hash_bin_0196,0.00021904618947475447,0.00021904618947475447,True
imports,1250,import_hash_bin_0992,0.00021747532020575288,0.00021747532020575288,True
imports,56,library_hash_bin_054,0.00021707124704088156,0.00021707124704088156,True
imports,985,import_hash_bin_0727,0.00021626888225728983,0.00021626888225728983,True
imports,813,import_hash_bin_0555,0.0002145610973054342,0.0002145610973054342,True
imports,355,import_hash_bin_0097,0.00021373389961396743,0.00021373389961396743,True
imports,1258,import_hash_bin_1000,0.00021368597853300584,0.00021368597853300584,True
imports,380,import_hash_bin_0122,0.00021352036075172683,0.00021352036075172683,True
imports,830,import_hash_bin_0572,0.00021302870590089544,0.00021302870590089544,True
imports,1182,import_hash_bin_0924,0.00021227474160621782,0.00021227474160621782,True
imports,1107,import_hash_bin_0849,0.00021222863903573293,0.00021222863903573293,True
imports,572,import_hash_bin_0314,0.0002122073771911266,0.0002122073771911266,True
imports,469,import_hash_bin_0211,0.0002118554541601404,0.0002118554541601404,True
imports,574,import_hash_bin_0316,0.00021084618443930684,0.00021084618443930684,True
imports,648,import_hash_bin_0390,0.00021062051180394735,0.00021062051180394735,True
imports,1279,import_hash_bin_1021,0.00021060278770349325,0.00021060278770349325,True
imports,1147,import_hash_bin_0889,0.00021020406906549803,0.00021020406906549803,True
imports,390,import_hash_bin_0132,0.0002100037205772395,0.0002100037205772395,True
imports,467,import_hash_bin_0209,0.00020962528865966937,0.00020962528865966937,True
imports,144,library_hash_bin_142,0.00020957728566948857,0.00020957728566948857,True
imports,597,import_hash_bin_0339,0.0002095171197905285,0.0002095171197905285,True
imports,464,import_hash_bin_0206,0.00020944911644488429,0.00020944911644488429,True
imports,737,import_hash_bin_0479,0.00020940690545865955,0.00020940690545865955,True
imports,511,import_hash_bin_0253,0.00020839822473743604,0.00020839822473743604,True
imports,1252,import_hash_bin_0994,0.00020831532689171838,0.00020831532689171838,True
imports,682,import_hash_bin_0424,0.00020760705661303767,0.00020760705661303767,True
imports,1101,import_hash_bin_0843,0.0002071238703447901,0.0002071238703447901,True
imports,890,import_hash_bin_0632,0.0002069043192786464,0.0002069043192786464,True
imports,288,import_hash_bin_0030,0.0002061586774520677,0.0002061586774520677,True
imports,1086,import_hash_bin_0828,0.00020587872281383138,0.00020587872281383138,True
imports,981,import_hash_bin_0723,0.00020524102936526645,0.00020524102936526645,True
imports,341,import_hash_bin_0083,0.00020463899128885887,0.00020463899128885887,True
imports,133,library_hash_bin_131,0.0002039985473098946,0.0002039985473098946,True
imports,653,import_hash_bin_0395,0.00020308696995487572,0.00020308696995487572,True
imports,629,import_hash_bin_0371,0.00020165021129517734,0.00020165021129517734,True
imports,843,import_hash_bin_0585,0.00020155320898085813,0.00020155320898085813,True
imports,853,import_hash_bin_0595,0.00020066384673017985,0.00020066384673017985,True
imports,649,import_hash_bin_0391,0.00020046364349207926,0.00020046364349207926,True
imports,372,import_hash_bin_0114,0.00019990443529496594,0.00019990443529496594,True
imports,788,import_hash_bin_0530,0.00019940163668946627,0.00019940163668946627,True
imports,803,import_hash_bin_0545,0.0001989758344124609,0.0001989758344124609,True
imports,114,library_hash_bin_112,0.00019857065285332822,0.00019857065285332822,True
imports,909,import_hash_bin_0651,0.00019855329545054494,0.00019855329545054494,True
imports,400,import_hash_bin_0142,0.00019716522590086706,0.00019716522590086706,True
imports,1041,import_hash_bin_0783,0.000196864206055318,0.000196864206055318,True
imports,1223,import_hash_bin_0965,0.00019603518589033126,0.00019603518589033126,True
imports,65,library_hash_bin_063,0.00019572337820063763,0.00019572337820063763,True
imports,943,import_hash_bin_0685,0.00019565642457250142,0.00019565642457250142,True
imports,483,import_hash_bin_0225,0.00019326204916787312,0.00019326204916787312,True
imports,922,import_hash_bin_0664,0.00019307563493707798,0.00019307563493707798,True
imports,814,import_hash_bin_0556,0.00019208987592032585,0.00019208987592032585,True
imports,367,import_hash_bin_0109,0.00019144882701126417,0.00019144882701126417,True
imports,485,import_hash_bin_0227,0.00019105857437124493,0.00019105857437124493,True
imports,705,import_hash_bin_0447,0.00019060691819527202,0.00019060691819527202,True
imports,451,import_hash_bin_0193,0.00019042283883004835,0.00019042283883004835,True
imports,47,library_hash_bin_045,0.00018998850840509196,0.00018998850840509196,True
imports,530,import_hash_bin_0272,0.0001891321714092013,0.0001891321714092013,True
imports,901,import_hash_bin_0643,0.00018866187798215943,0.00018866187798215943,True
imports,1061,import_hash_bin_0803,0.00018796254637547987,0.00018796254637547987,True
imports,571,import_hash_bin_0313,0.00018526513972200553,0.00018526513972200553,True
imports,395,import_hash_bin_0137,0.00018477086800810897,0.00018477086800810897,True
imports,1062,import_hash_bin_0804,0.00018454706463396582,0.00018454706463396582,True
imports,1163,import_hash_bin_0905,0.00018371261489816485,0.00018371261489816485,True
imports,1081,import_hash_bin_0823,0.00018271084758940862,0.00018271084758940862,True
imports,842,import_hash_bin_0584,0.00018129215529842578,0.00018129215529842578,True
imports,612,import_hash_bin_0354,0.00018104375513113303,0.00018104375513113303,True
imports,579,import_hash_bin_0321,0.00018087088247418712,0.00018087088247418712,True
imports,1145,import_hash_bin_0887,0.00018004424394891684,0.00018004424394891684,True
imports,387,import_hash_bin_0129,0.00017906512370602322,0.00017906512370602322,True
imports,191,library_hash_bin_189,0.00017877813501198875,0.00017877813501198875,True
imports,529,import_hash_bin_0271,0.00017791647112801298,0.00017791647112801298,True
imports,319,import_hash_bin_0061,0.0001771832007551886,0.0001771832007551886,True
imports,802,import_hash_bin_0544,0.00017470711554507217,0.00017470711554507217,True
imports,388,import_hash_bin_0130,0.0001746336394526301,0.0001746336394526301,True
imports,1133,import_hash_bin_0875,0.00017454875614087654,0.00017454875614087654,True
imports,190,library_hash_bin_188,0.00017391081008024076,0.00017391081008024076,True
imports,905,import_hash_bin_0647,0.00017301800137998726,0.00017301800137998726,True
imports,1091,import_hash_bin_0833,0.00017273867148534988,0.00017273867148534988,True
imports,29,library_hash_bin_027,0.00017199813121864291,0.00017199813121864291,True
imports,1083,import_hash_bin_0825,0.00017072177722656746,0.00017072177722656746,True
imports,965,import_hash_bin_0707,0.0001702151683923478,0.0001702151683923478,True
imports,841,import_hash_bin_0583,0.00016619920790731329,0.00016619920790731329,True
imports,344,import_hash_bin_0086,0.0001653901296601661,0.0001653901296601661,True
imports,152,library_hash_bin_150,0.00016427053465097505,0.00016427053465097505,True
imports,418,import_hash_bin_0160,0.00016419048022939747,0.00016419048022939747,True
imports,181,library_hash_bin_179,0.0001639892756598044,0.0001639892756598044,True
imports,1261,import_hash_bin_1003,0.00016237851262745144,0.00016237851262745144,True
imports,1214,import_hash_bin_0956,0.0001620486673354991,0.0001620486673354991,True
imports,1244,import_hash_bin_0986,0.00016138776573561674,0.00016138776573561674,True
imports,236,library_hash_bin_234,0.00016122292170044276,0.00016122292170044276,True
imports,304,import_hash_bin_0046,0.00016059155428856288,0.00016059155428856288,True
imports,746,import_hash_bin_0488,0.00015976596551671457,0.00015976596551671457,True
imports,613,import_hash_bin_0355,0.0001583051954762584,0.0001583051954762584,True
imports,202,library_hash_bin_200,0.00015778749129542063,0.00015778749129542063,True
imports,1039,import_hash_bin_0781,0.00015777535260246678,0.00015777535260246678,True
imports,1256,import_hash_bin_0998,0.00015744349886878865,0.00015744349886878865,True
imports,806,import_hash_bin_0548,0.00015730092533775136,0.00015730092533775136,True
imports,1009,import_hash_bin_0751,0.0001562628236190645,0.0001562628236190645,True
imports,974,import_hash_bin_0716,0.00015604309399201585,0.00015604309399201585,True
imports,134,library_hash_bin_132,0.0001554705004036756,0.0001554705004036756,True
imports,391,import_hash_bin_0133,0.0001519504365212072,0.0001519504365212072,True
imports,968,import_hash_bin_0710,0.0001501121442859534,0.0001501121442859534,True
imports,984,import_hash_bin_0726,0.00014846323519129726,0.00014846323519129726,True
imports,863,import_hash_bin_0605,0.0001478355979278982,0.0001478355979278982,True
imports,729,import_hash_bin_0471,0.00014732275216261276,0.00014732275216261276,True
imports,1024,import_hash_bin_0766,0.00014732149122447262,0.00014732149122447262,True
imports,118,library_hash_bin_116,0.00014716310681922934,0.00014716310681922934,True
imports,561,import_hash_bin_0303,0.00014694701954363434,0.00014694701954363434,True
imports,769,import_hash_bin_0511,0.00014575688313898773,0.00014575688313898773,True
imports,130,library_hash_bin_128,0.00014567799553723824,0.00014567799553723824,True
imports,474,import_hash_bin_0216,0.00014475346499333479,0.00014475346499333479,True
imports,592,import_hash_bin_0334,0.00014241137330480344,0.00014241137330480344,True
imports,244,library_hash_bin_242,0.00014120608520587117,0.00014120608520587117,True
imports,1268,import_hash_bin_1010,0.00014101625262995566,0.00014101625262995566,True
imports,817,import_hash_bin_0559,0.00014030992127809483,0.00014030992127809483,True
imports,124,library_hash_bin_122,0.00013882733203631292,0.00013882733203631292,True
imports,714,import_hash_bin_0456,0.0001387071272950247,0.0001387071272950247,True
imports,1070,import_hash_bin_0812,0.00013748311306836878,0.00013748311306836878,True
imports,1034,import_hash_bin_0776,0.000137204559563953,0.000137204559563953,True
imports,747,import_hash_bin_0489,0.00013447696634633774,0.00013447696634633774,True
imports,52,library_hash_bin_050,0.00013402782392266688,0.00013402782392266688,True
imports,337,import_hash_bin_0079,0.00013274011938886748,0.00013274011938886748,True
imports,1180,import_hash_bin_0922,0.00013074744759169002,0.00013074744759169002,True
imports,432,import_hash_bin_0174,0.00013025908114617114,0.00013025908114617114,True
imports,206,library_hash_bin_204,0.0001288442235008631,0.0001288442235008631,True
imports,1118,import_hash_bin_0860,0.00012839736734212323,0.00012839736734212323,True
imports,1235,import_hash_bin_0977,0.00012702452078810852,0.00012702452078810852,True
imports,702,import_hash_bin_0444,0.00012676683246110114,0.00012676683246110114,True
imports,1022,import_hash_bin_0764,0.00012646603963282533,0.00012646603963282533,True
imports,127,library_hash_bin_125,0.0001253322783641545,0.0001253322783641545,True
imports,301,import_hash_bin_0043,0.00012474201924802614,0.00012474201924802614,True
imports,1179,import_hash_bin_0921,0.00012431393517119322,0.00012431393517119322,True
imports,198,library_hash_bin_196,0.00012375756679762508,0.00012375756679762508,True
imports,447,import_hash_bin_0189,0.0001235186950415864,0.0001235186950415864,True
imports,18,library_hash_bin_016,0.00012209998958073007,0.00012209998958073007,True
imports,254,library_hash_bin_252,0.00012127002878061649,0.00012127002878061649,True
imports,1266,import_hash_bin_1008,0.00012075596255538677,0.00012075596255538677,True
imports,196,library_hash_bin_194,0.00012075286931220094,0.00012075286931220094,True
imports,641,import_hash_bin_0383,0.00011926720575366649,0.00011926720575366649,True
imports,588,import_hash_bin_0330,0.00011900340765374508,0.00011900340765374508,True
imports,1092,import_hash_bin_0834,0.0001189151117047376,0.0001189151117047376,True
imports,143,library_hash_bin_141,0.00011861838432330926,0.00011861838432330926,True
imports,872,import_hash_bin_0614,0.00011855760322073573,0.00011855760322073573,True
imports,601,import_hash_bin_0343,0.00011841426185759189,0.00011841426185759189,True
imports,227,library_hash_bin_225,0.00011747217562614675,0.00011747217562614675,True
imports,507,import_hash_bin_0249,0.00011747070881415562,0.00011747070881415562,True
imports,1055,import_hash_bin_0797,0.0001153697457419283,0.0001153697457419283,True
imports,197,library_hash_bin_195,0.00011481765203663067,0.00011481765203663067,True
imports,883,import_hash_bin_0625,0.00011454686550248718,0.00011454686550248718,True
imports,215,library_hash_bin_213,0.00011377079408127012,0.00011377079408127012,True
imports,1183,import_hash_bin_0925,0.00011375517740302596,0.00011375517740302596,True
imports,78,library_hash_bin_076,0.00011367712188321588,0.00011367712188321588,True
imports,204,library_hash_bin_202,0.00011296848930098034,0.00011296848930098034,True
imports,1103,import_hash_bin_0845,0.00011241954745512984,0.00011241954745512984,True
imports,759,import_hash_bin_0501,0.00011231099624990869,0.00011231099624990869,True
imports,940,import_hash_bin_0682,0.00011181925640472987,0.00011181925640472987,True
imports,121,library_hash_bin_119,0.00011108682090271162,0.00011108682090271162,True
imports,548,import_hash_bin_0290,0.00011043179998198292,0.00011043179998198292,True
imports,1177,import_hash_bin_0919,0.0001078488468832684,0.0001078488468832684,True
imports,433,import_hash_bin_0175,0.00010621019398285959,0.00010621019398285959,True
imports,334,import_hash_bin_0076,0.00010616310649408295,0.00010616310649408295,True
imports,1095,import_hash_bin_0837,0.00010602992876586002,0.00010602992876586002,True
imports,229,library_hash_bin_227,0.00010548515911022559,0.00010548515911022559,True
imports,1073,import_hash_bin_0815,0.00010450612623640663,0.00010450612623640663,True
imports,717,import_hash_bin_0459,0.00010422119112685155,0.00010422119112685155,True
imports,676,import_hash_bin_0418,0.00010378909350944076,0.00010378909350944076,True
imports,740,import_hash_bin_0482,0.00010327733107550339,0.00010327733107550339,True
imports,990,import_hash_bin_0732,0.00010288843485419787,0.00010288843485419787,True
imports,230,library_hash_bin_228,0.000101681640695799,0.000101681640695799,True
imports,347,import_hash_bin_0089,0.00010097173977389043,0.00010097173977389043,True
imports,207,library_hash_bin_205,0.00010022378355344255,0.00010022378355344255,True
imports,703,import_hash_bin_0445,9.900549495439128e-05,9.900549495439128e-05,True
imports,75,library_hash_bin_073,9.679568587237589e-05,9.679568587237589e-05,True
imports,951,import_hash_bin_0693,9.582030920190387e-05,9.582030920190387e-05,True
imports,1187,import_hash_bin_0929,9.503749964872175e-05,9.503749964872175e-05,True
imports,1148,import_hash_bin_0890,9.355759125821939e-05,9.355759125821939e-05,True
imports,28,library_hash_bin_026,9.182904370613103e-05,9.182904370613103e-05,True
imports,1124,import_hash_bin_0866,9.098579486413045e-05,9.098579486413045e-05,True
imports,224,library_hash_bin_222,9.039554455125454e-05,9.039554455125454e-05,True
imports,67,library_hash_bin_065,8.915983652370903e-05,8.915983652370903e-05,True
imports,82,library_hash_bin_080,8.895379787229117e-05,8.895379787229117e-05,True
imports,225,library_hash_bin_223,8.883328678193549e-05,8.883328678193549e-05,True
imports,770,import_hash_bin_0512,8.620458316326558e-05,8.620458316326558e-05,True
imports,166,library_hash_bin_164,8.579580673281792e-05,8.579580673281792e-05,True
imports,218,library_hash_bin_216,8.423406762481518e-05,8.423406762481518e-05,True
imports,358,import_hash_bin_0100,8.3190591338535e-05,8.3190591338535e-05,True
imports,62,library_hash_bin_060,8.221383855684982e-05,8.221383855684982e-05,True
imports,15,library_hash_bin_013,8.171901926423689e-05,8.171901926423689e-05,True
imports,213,library_hash_bin_211,8.156029299150646e-05,8.156029299150646e-05,True
imports,80,library_hash_bin_078,8.062253231099453e-05,8.062253231099453e-05,True
imports,30,library_hash_bin_028,7.931991261368764e-05,7.931991261368764e-05,True
imports,250,library_hash_bin_248,7.75003348472978e-05,7.75003348472978e-05,True
imports,163,library_hash_bin_161,7.692923003184596e-05,7.692923003184596e-05,True
imports,692,import_hash_bin_0434,7.667666407865469e-05,7.667666407865469e-05,True
imports,993,import_hash_bin_0735,7.624472995231292e-05,7.624472995231292e-05,True
imports,217,library_hash_bin_215,7.406042816444391e-05,7.406042816444391e-05,True
imports,7,library_hash_bin_005,7.363070483599838e-05,7.363070483599838e-05,True
imports,38,library_hash_bin_036,7.341828068432418e-05,7.341828068432418e-05,True
imports,135,library_hash_bin_133,7.326750678640417e-05,7.326750678640417e-05,True
imports,175,library_hash_bin_173,7.319606434097095e-05,7.319606434097095e-05,True
imports,79,library_hash_bin_077,7.137582954660251e-05,7.137582954660251e-05,True
imports,20,library_hash_bin_018,7.081846893642314e-05,7.081846893642314e-05,True
imports,142,library_hash_bin_140,6.980904230787789e-05,6.980904230787789e-05,True
imports,64,library_hash_bin_062,6.818954755778222e-05,6.818954755778222e-05,True
imports,140,library_hash_bin_138,6.729372465945062e-05,6.729372465945062e-05,True
imports,199,library_hash_bin_197,6.683061975374478e-05,6.683061975374478e-05,True
imports,50,library_hash_bin_048,6.439825438034879e-05,6.439825438034879e-05,True
imports,807,import_hash_bin_0549,6.244539459252606e-05,6.244539459252606e-05,True
imports,84,library_hash_bin_082,6.096100481664759e-05,6.096100481664759e-05,True
imports,399,import_hash_bin_0141,6.0677298047305086e-05,6.0677298047305086e-05,True
imports,246,library_hash_bin_244,5.737152969315379e-05,5.737152969315379e-05,True
imports,100,library_hash_bin_098,5.6704968856784444e-05,5.6704968856784444e-05,True
imports,253,library_hash_bin_251,5.579623505376658e-05,5.579623505376658e-05,True
imports,74,library_hash_bin_072,5.4579191688044175e-05,5.4579191688044175e-05,True
imports,155,library_hash_bin_153,5.413965638100848e-05,5.413965638100848e-05,True
imports,51,library_hash_bin_049,5.316497528052562e-05,5.316497528052562e-05,True
imports,193,library_hash_bin_191,5.3063891496122526e-05,5.3063891496122526e-05,True
imports,37,library_hash_bin_035,5.2538952441700694e-05,5.2538952441700694e-05,True
imports,159,library_hash_bin_157,5.117321089557639e-05,5.117321089557639e-05,True
imports,96,library_hash_bin_094,5.032411280135756e-05,5.032411280135756e-05,True
imports,85,library_hash_bin_083,4.9778696762951206e-05,4.9778696762951206e-05,True
imports,183,library_hash_bin_181,4.9359112728635664e-05,4.9359112728635664e-05,True
imports,180,library_hash_bin_178,4.862048735171459e-05,4.862048735171459e-05,True
imports,24,library_hash_bin_022,4.8283262028342686e-05,4.8283262028342686e-05,True
imports,59,library_hash_bin_057,4.786511963737449e-05,4.786511963737449e-05,True
imports,176,library_hash_bin_174,4.7830180115619665e-05,4.7830180115619665e-05,True
imports,157,library_hash_bin_155,4.770663279729109e-05,4.770663279729109e-05,True
imports,126,library_hash_bin_124,4.767332852751031e-05,4.767332852751031e-05,True
imports,223,library_hash_bin_221,4.662391955247675e-05,4.662391955247675e-05,True
imports,58,library_hash_bin_056,4.656778890504914e-05,4.656778890504914e-05,True
imports,161,library_hash_bin_159,4.5815372248735e-05,4.5815372248735e-05,True
imports,40,library_hash_bin_038,4.569256805596235e-05,4.569256805596235e-05,True
imports,189,library_hash_bin_187,4.567098763389787e-05,4.567098763389787e-05,True
imports,251,library_hash_bin_249,4.566723098967696e-05,4.566723098967696e-05,True
imports,66,library_hash_bin_064,4.552445262881974e-05,4.552445262881974e-05,True
imports,136,library_hash_bin_134,4.545256060234419e-05,4.545256060234419e-05,True
imports,14,library_hash_bin_012,4.4849110116385306e-05,4.4849110116385306e-05,True
imports,72,library_hash_bin_070,4.396661646570096e-05,4.396661646570096e-05,True
imports,125,library_hash_bin_123,4.34753008705734e-05,4.34753008705734e-05,True
imports,154,library_hash_bin_152,4.3330470215472875e-05,4.3330470215472875e-05,True
imports,178,library_hash_bin_176,4.2737089737525964e-05,4.2737089737525964e-05,True
imports,116,library_hash_bin_114,4.2132704094040676e-05,4.2132704094040676e-05,True
imports,113,library_hash_bin_111,4.154693268721412e-05,4.154693268721412e-05,True
imports,255,library_hash_bin_253,4.069377980634289e-05,4.069377980634289e-05,True
imports,239,library_hash_bin_237,4.007285431530525e-05,4.007285431530525e-05,True
imports,164,library_hash_bin_162,3.9038275597535795e-05,3.9038275597535795e-05,True
imports,9,library_hash_bin_007,3.8846779923075626e-05,3.8846779923075626e-05,True
imports,49,library_hash_bin_047,3.866551962003823e-05,3.866551962003823e-05,True
imports,94,library_hash_bin_092,3.858548074599408e-05,3.858548074599408e-05,True
imports,61,library_hash_bin_059,3.7736676285706824e-05,3.7736676285706824e-05,True
imports,211,library_hash_bin_209,3.7667018042613936e-05,3.7667018042613936e-05,True
imports,245,library_hash_bin_243,3.74639123585505e-05,3.74639123585505e-05,True
imports,48,library_hash_bin_046,3.6689146870337656e-05,3.6689146870337656e-05,True
imports,170,library_hash_bin_168,3.5878494770380615e-05,3.5878494770380615e-05,True
imports,101,library_hash_bin_099,3.5738331113740005e-05,3.5738331113740005e-05,True
imports,169,library_hash_bin_167,3.489691761958664e-05,3.489691761958664e-05,True
imports,177,library_hash_bin_175,3.480660951129352e-05,3.480660951129352e-05,True
imports,76,library_hash_bin_074,3.431411967985048e-05,3.431411967985048e-05,True
imports,42,library_hash_bin_040,3.4175708518819065e-05,3.4175708518819065e-05,True
imports,46,library_hash_bin_044,3.346198314407299e-05,3.346198314407299e-05,True
imports,129,library_hash_bin_127,3.32332559510878e-05,3.32332559510878e-05,True
imports,205,library_hash_bin_203,3.24134743878377e-05,3.24134743878377e-05,True
imports,173,library_hash_bin_171,3.2400201025461456e-05,3.2400201025461456e-05,True
imports,63,library_hash_bin_061,3.129208669839524e-05,3.129208669839524e-05,True
imports,26,library_hash_bin_024,3.0567763163647756e-05,3.0567763163647756e-05,True
imports,222,library_hash_bin_220,3.0521256877644875e-05,3.0521256877644875e-05,True
imports,241,library_hash_bin_239,2.957843973216351e-05,2.957843973216351e-05,True
imports,17,library_hash_bin_015,2.945129376349581e-05,2.945129376349581e-05,True
imports,69,library_hash_bin_067,2.8076324770435846e-05,2.8076324770435846e-05,True
imports,12,library_hash_bin_010,2.8039059681277576e-05,2.8039059681277576e-05,True
imports,4,library_hash_bin_002,2.782893864634608e-05,2.782893864634608e-05,True
imports,165,library_hash_bin_163,2.687183083866682e-05,2.687183083866682e-05,True
imports,8,library_hash_bin_006,2.6312443249691977e-05,2.6312443249691977e-05,True
imports,109,library_hash_bin_107,2.5985395594504497e-05,2.5985395594504497e-05,True
imports,86,library_hash_bin_084,2.4964809114433043e-05,2.4964809114433043e-05,True
imports,123,library_hash_bin_121,2.4306142250255836e-05,2.4306142250255836e-05,True
imports,71,library_hash_bin_069,2.4076337233112564e-05,2.4076337233112564e-05,True
imports,216,library_hash_bin_214,2.325951165045881e-05,2.325951165045881e-05,True
imports,33,library_hash_bin_031,2.3108752537722055e-05,2.3108752537722055e-05,True
imports,184,library_hash_bin_182,2.2713746708784094e-05,2.2713746708784094e-05,True
imports,103,library_hash_bin_101,2.2380566389775584e-05,2.2380566389775584e-05,True
imports,2,library_hash_bin_000,2.1794602166332817e-05,2.1794602166332817e-05,True
imports,234,library_hash_bin_232,2.131399290256821e-05,2.131399290256821e-05,True
imports,168,library_hash_bin_166,2.1313201532797287e-05,2.1313201532797287e-05,True
imports,162,library_hash_bin_160,2.1209121975942618e-05,2.1209121975942618e-05,True
imports,231,library_hash_bin_229,2.0911163346080392e-05,2.0911163346080392e-05,True
imports,237,library_hash_bin_235,2.03137882186579e-05,2.03137882186579e-05,True
imports,104,library_hash_bin_102,2.0217266530198695e-05,2.0217266530198695e-05,True
imports,139,library_hash_bin_137,1.9405147297056633e-05,1.9405147297056633e-05,True
imports,167,library_hash_bin_165,1.910981875567573e-05,1.910981875567573e-05,True
imports,117,library_hash_bin_115,1.904656792807092e-05,1.904656792807092e-05,True
imports,3,library_hash_bin_001,1.8710626907391012e-05,1.8710626907391012e-05,True
imports,212,library_hash_bin_210,1.8598993746840134e-05,1.8598993746840134e-05,True
imports,41,library_hash_bin_039,1.853186797495363e-05,1.853186797495363e-05,True
imports,252,library_hash_bin_250,1.818100664019424e-05,1.818100664019424e-05,True
imports,186,library_hash_bin_184,1.7754801686250425e-05,1.7754801686250425e-05,True
imports,16,library_hash_bin_014,1.7557664054176184e-05,1.7557664054176184e-05,True
imports,25,library_hash_bin_023,1.7226908540222385e-05,1.7226908540222385e-05,True
imports,77,library_hash_bin_075,1.7093432167798395e-05,1.7093432167798395e-05,True
imports,115,library_hash_bin_113,1.697037073276397e-05,1.697037073276397e-05,True
imports,60,library_hash_bin_058,1.65728028890345e-05,1.65728028890345e-05,True
imports,106,library_hash_bin_104,1.6553204596144004e-05,1.6553204596144004e-05,True
imports,39,library_hash_bin_037,1.653751776118003e-05,1.653751776118003e-05,True
imports,146,library_hash_bin_144,1.6337115431426532e-05,1.6337115431426532e-05,True
imports,89,library_hash_bin_087,1.6335719571276213e-05,1.6335719571276213e-05,True
imports,112,library_hash_bin_110,1.6164961680822015e-05,1.6164961680822015e-05,True
imports,243,library_hash_bin_241,1.5880043757665762e-05,1.5880043757665762e-05,True
imports,128,library_hash_bin_126,1.5480947628771793e-05,1.5480947628771793e-05,True
imports,188,library_hash_bin_186,1.52284941640122e-05,1.52284941640122e-05,True
imports,93,library_hash_bin_091,1.5178791656602871e-05,1.5178791656602871e-05,True
imports,187,library_hash_bin_185,1.5089318299089896e-05,1.5089318299089896e-05,True
imports,195,library_hash_bin_193,1.5045241970497437e-05,1.5045241970497437e-05,True
imports,138,library_hash_bin_136,1.4809154460246583e-05,1.4809154460246583e-05,True
imports,19,library_hash_bin_017,1.471012348990937e-05,1.471012348990937e-05,True
imports,147,library_hash_bin_145,1.4554746002672808e-05,1.4554746002672808e-05,True
imports,99,library_hash_bin_097,1.4096077929324296e-05,1.4096077929324296e-05,True
imports,210,library_hash_bin_208,1.4024893962445355e-05,1.4024893962445355e-05,True
imports,43,library_hash_bin_041,1.3756320055154525e-05,1.3756320055154525e-05,True
imports,111,library_hash_bin_109,1.3424875357122691e-05,1.3424875357122691e-05,True
imports,153,library_hash_bin_151,1.3254298133280513e-05,1.3254298133280513e-05,True
imports,122,library_hash_bin_120,1.3164274412799658e-05,1.3164274412799658e-05,True
imports,194,library_hash_bin_192,1.3081257921912009e-05,1.3081257921912009e-05,True
imports,179,library_hash_bin_177,1.2555704517913866e-05,1.2555704517913866e-05,True
imports,137,library_hash_bin_135,1.249536427505929e-05,1.249536427505929e-05,True
imports,192,library_hash_bin_190,1.098046030700303e-05,1.098046030700303e-05,True
imports,150,library_hash_bin_148,1.0357672164526652e-05,1.0357672164526652e-05,True
imports,44,library_hash_bin_042,1.0177066458872498e-05,1.0177066458872498e-05,True
imports,90,library_hash_bin_088,9.99774923383393e-06,9.99774923383393e-06,True
imports,81,library_hash_bin_079,9.441329975849533e-06,9.441329975849533e-06,True
imports,208,library_hash_bin_206,8.874964163383344e-06,8.874964163383344e-06,True
imports,145,library_hash_bin_143,8.419849077524822e-06,8.419849077524822e-06,True
imports,107,library_hash_bin_105,8.239424053667125e-06,8.239424053667125e-06,True
imports,201,library_hash_bin_199,8.187047572766096e-06,8.187047572766096e-06,True
imports,235,library_hash_bin_233,7.814488864201656e-06,7.814488864201656e-06,True
imports,151,library_hash_bin_149,7.481196448539839e-06,7.481196448539839e-06,True
imports,160,library_hash_bin_158,7.219016078623824e-06,7.219016078623824e-06,True
imports,92,library_hash_bin_090,7.205909273747475e-06,7.205909273747475e-06,True
imports,238,library_hash_bin_236,7.1693624529827235e-06,7.1693624529827235e-06,True
imports,87,library_hash_bin_085,7.050558949657795e-06,7.050558949657795e-06,True
imports,91,library_hash_bin_089,6.700867551800868e-06,6.700867551800868e-06,True
imports,35,library_hash_bin_033,6.693488979933182e-06,6.693488979933182e-06,True
imports,68,library_hash_bin_066,6.2271625339629255e-06,6.2271625339629255e-06,True
imports,174,library_hash_bin_172,6.176440318702438e-06,6.176440318702438e-06,True
imports,11,library_hash_bin_009,6.116685911036743e-06,6.116685911036743e-06,True
imports,21,library_hash_bin_019,6.106243945532895e-06,6.106243945532895e-06,True
imports,57,library_hash_bin_055,6.001792314248295e-06,6.001792314248295e-06,True
imports,158,library_hash_bin_156,5.955168952736553e-06,5.955168952736553e-06,True
imports,156,library_hash_bin_154,4.605365492405052e-06,4.605365492405052e-06,True
imports,36,library_hash_bin_034,4.569181676509963e-06,4.569181676509963e-06,True
imports,185,library_hash_bin_183,4.374750828082332e-06,4.374750828082332e-06,True
imports,209,library_hash_bin_207,3.87779881027486e-06,3.87779881027486e-06,True
imports,247,library_hash_bin_245,3.4187129677788672e-06,3.4187129677788672e-06,True
imports,240,library_hash_bin_238,3.297631938760408e-06,3.297631938760408e-06,True
imports,228,library_hash_bin_226,2.328364599252216e-06,2.328364599252216e-06,True
imports,148,library_hash_bin_146,2.291804652175369e-06,2.291804652175369e-06,True
