seed,feature_group,density_bin,perturbation_type,strength,trial_id,n_samples,n_masked_features,baseline_auc,perturbed_auc,delta_auc,auc_drop,flip_rate,benign_to_malware_rate_overall,malware_to_benign_rate_overall,benign_to_malware_rate_cond,malware_to_benign_rate_cond,mean_abs_probability_shift,mean_signed_probability_shift,mean_margin_shift
13,header,high_density,important,0.01,0,120000,1,0.9926080655066031,0.9916929950091207,0.0009150704974824064,0.0009150704974824064,0.0257,0.0114,0.0,0.045388188453881886,0.0,0.05183452430844128,0.05183452430844128,-0.03476628401426537
13,header,mid_density,important,0.01,0,239999,1,0.9373269509952618,0.8040394361131994,0.13328751488206236,0.13328751488206236,0.2560760669836124,0.23508431285130355,0.0,0.3510169038094231,0.0,0.22268938458480042,0.22268938458480042,-0.11701983236838401
13,header,low_density,important,0.01,0,120001,1,0.8839427357441613,0.772528317330257,0.11141441841390431,0.11141441841390431,0.18711510737410522,0.15223206473279388,0.0,0.3718525454434425,0.0,0.13989710422253063,0.13989710422253063,-0.03816766523142109
13,header,high_density,random,0.01,1,120000,1,0.9926080655066031,0.992827912762919,-0.0002198472563159637,-0.0002198472563159637,0.0,0.0,0.0,0.0,0.0,0.004058326996366592,0.004058326996366592,0.0034184451580375613
13,header,mid_density,random,0.01,1,239999,1,0.9373269509952618,0.937501185976445,-0.0001742349811832966,-0.0001742349811832966,0.00830836795153313,0.004825020104250434,0.0,0.00720449440998426,0.0,0.007950483412975651,0.007950483412975651,0.0007872763712837123
13,header,low_density,random,0.01,1,120001,1,0.8839427357441613,0.8819101741022228,0.002032561641938435,0.002032561641938435,0.00939992166731944,0.004099965833618054,0.0,0.010014859445925865,0.0,0.008977638823660875,0.008977638823660875,0.0015569721682369695
13,header,high_density,random,0.01,2,120000,1,0.9926080655066031,0.9925313757624298,7.668974417329721e-05,7.668974417329721e-05,0.00755,0.0,0.006375,0.0,0.008513242822167817,0.02116740000998546,-0.02116740000998546,-0.008297720812471713
13,header,mid_density,random,0.01,2,239999,1,0.9373269509952618,0.9374473467802413,-0.0001203957849795767,-0.0001203957849795767,0.03210430043458514,0.0,0.020266751111462963,0.0,0.06136300557616128,0.03137791113268304,-0.03137791113268304,0.0043822260043388074
13,header,low_density,random,0.01,2,120001,1,0.8839427357441613,0.8840323972925894,-8.966154842815488e-05,-8.966154842815488e-05,0.04594961708652428,0.0,0.02822476479362672,0.0,0.047789034060445296,0.037415499221256025,-0.037415499221256025,-0.00359785447549693
13,header,high_density,random,0.01,3,120000,1,0.9926080655066031,0.9904545914229774,0.0021534740836256505,0.0021534740836256505,0.022791666666666665,0.013916666666666667,0.0,0.05540809555408095,0.0,0.013553335694124348,0.013553335694124348,-0.004577331134221242
13,header,mid_density,random,0.01,3,239999,1,0.9373269509952618,0.9384802004908823,-0.0011532494956205674,-0.0011532494956205674,0.01147088112867137,0.0039083496181234086,0.0,0.005835764902042517,0.0,0.013030758249784405,0.013030758249784405,-0.006168997791740472
13,header,low_density,random,0.01,3,120001,1,0.8839427357441613,0.8813132854569243,0.002629450287236934,0.002629450287236934,0.030558078682677646,0.00956658694510879,0.0,0.02336800537382702,0.0,0.016704063982323117,0.016704063982323117,-0.0005132053858012083
13,header,high_density,random,0.01,4,120000,1,0.9926080655066031,0.9924110300384688,0.00019703546813432116,0.00019703546813432116,0.2743833333333333,0.23481666666666667,0.0,0.9349037823490378,0.0,0.2950742990387739,0.2950742990387739,0.07997656795486154
13,header,mid_density,random,0.01,4,239999,1,0.9373269509952618,0.934393154457488,0.002933796537773703,0.002933796537773703,0.6766611527548031,0.5993941641423506,0.0,0.8949873392520515,0.0,0.6602979631941166,0.6602979631941166,0.12481037632591506
13,header,low_density,random,0.01,4,120001,1,0.8839427357441613,0.8745281620106503,0.009414573733510956,0.009414573733510956,0.4283547637103024,0.31007241606319946,0.0,0.7574042787062104,0.0,0.4466794081866331,0.4466794081866331,0.1557924939057437
13,header,high_density,random,0.01,5,120000,1,0.9926080655066031,0.9925196680274307,8.839747917233076e-05,8.839747917233076e-05,0.03351666666666667,0.014341666666666667,0.0,0.05710019907100199,0.0,0.02816926708751566,0.02816926708751566,0.012310899154791466
13,header,mid_density,random,0.01,5,239999,1,0.9373269509952618,0.9372343908125933,9.256018266845523e-05,9.256018266845523e-05,0.043258513577139904,0.024279267830282628,0.0,0.036252667467166044,0.0,0.049709149922023695,0.049709149922023695,-0.005886153889877735
13,header,low_density,random,0.01,5,120001,1,0.8839427357441613,0.8841315555793734,-0.00018881983521212842,-0.00018881983521212842,0.06274947708769094,0.025583120140665494,0.0,0.06249109451014717,0.0,0.05535635345230422,0.05535635345230422,0.008890799749110098
13,header,high_density,random,0.01,6,120000,1,0.9926080655066031,0.9916929950091207,0.0009150704974824064,0.0009150704974824064,0.0257,0.0114,0.0,0.045388188453881886,0.0,0.05183452430844128,0.05183452430844128,-0.03476628401426537
13,header,mid_density,random,0.01,6,239999,1,0.9373269509952618,0.8040394361131994,0.13328751488206236,0.13328751488206236,0.2560760669836124,0.23508431285130355,0.0,0.3510169038094231,0.0,0.22268938458480042,0.22268938458480042,-0.11701983236838401
13,header,low_density,random,0.01,6,120001,1,0.8839427357441613,0.772528317330257,0.11141441841390431,0.11141441841390431,0.18711510737410522,0.15223206473279388,0.0,0.3718525454434425,0.0,0.13989710422253063,0.13989710422253063,-0.03816766523142109
13,header,high_density,random,0.01,7,120000,1,0.9926080655066031,0.9926080655066031,0.0,0.0,0.0,0.0,0.0,0.0,0.0,0.0,0.0,0.0
13,header,mid_density,random,0.01,7,239999,1,0.9373269509952618,0.9373235576080049,3.3933872568558954e-06,3.3933872568558954e-06,0.0,0.0,0.0,0.0,0.0,1.3905720884525764e-05,1.3905720884525764e-05,-1.3905720884525762e-05
13,header,low_density,random,0.01,7,120001,1,0.8839427357441613,0.8839458659973318,-3.1302531705579284e-06,-3.1302531705579284e-06,4.999958333680553e-05,2.4999791668402765e-05,0.0,6.10662161336943e-05,0.0,4.357695514266847e-05,4.357695514266847e-05,-1.8280007036248037e-05
13,header,high_density,random,0.01,8,120000,1,0.9926080655066031,0.9849215817320196,0.007686483774583475,0.007686483774583475,0.027316666666666666,0.01879166666666667,0.0,0.07481751824817519,0.0,0.019329554185352264,0.019329554185352264,-0.004722284526069466
13,header,mid_density,random,0.01,8,239999,1,0.9373269509952618,0.9335748826896629,0.0037520683055988213,0.0037520683055988213,0.017033404305851273,0.009237538489743707,0.0,0.013793060541394736,0.0,0.023863895500112833,0.023863895500112833,-0.01691398421047929
13,header,low_density,random,0.01,8,120001,1,0.8839427357441613,0.883674625639743,0.0002681101044182954,0.0002681101044182954,0.01454154548712094,0.006374946875442705,0.0,0.015571885114092047,0.0,0.01650535886256173,0.01650535886256173,-0.00295830691497056
13,header,high_density,random,0.01,9,120000,1,0.9926080655066031,0.9923938825210815,0.00021418298552156045,0.00021418298552156045,0.0,0.0,0.0,0.0,0.0,0.0013132914453645604,-0.0013132914453645604,-0.001174651714946941
13,header,mid_density,random,0.01,9,239999,1,0.9373269509952618,0.9374280524923599,-0.00010110149709818828,-0.00010110149709818828,0.00015000062500260418,0.0,7.91669965291522e-05,0.0,0.00023969924053188,0.0006908540285800399,-0.0006908540285800399,-4.5786517332072e-05
13,header,low_density,random,0.01,9,120001,1,0.8839427357441613,0.8842170084178318,-0.0002742726736705281,-0.0002742726736705281,0.0026833109724085633,0.0,0.001558320347330439,0.0,0.0026384851990857014,0.0030746217073688866,-0.0030746217073688866,5.97133946539407e-05
13,header,high_density,random,0.01,10,120000,1,0.9926080655066031,0.9926080655066031,0.0,0.0,0.0,0.0,0.0,0.0,0.0,9.585860336471242e-08,9.585860336471242e-08,9.585860336471242e-08
13,header,mid_density,random,0.01,10,239999,1,0.9373269509952618,0.9373269509952616,1.1102230246251565e-16,1.1102230246251565e-16,0.0,0.0,0.0,0.0,0.0,4.2243271551372286e-08,4.2243271551372286e-08,4.2243271551372286e-08
13,header,low_density,random,0.01,10,120001,1,0.8839427357441613,0.8840013032721047,-5.856752794342057e-05,-5.856752794342057e-05,0.0007249939583836801,0.00023333138890509246,0.0,0.0005699513505811469,0.0,0.00042458254266086455,0.00042458254266086455,5.466910625622362e-05
13,header,high_density,random,0.01,11,120000,1,0.9926080655066031,0.9926080655066031,0.0,0.0,0.0,0.0,0.0,0.0,0.0,9.585860336471242e-08,9.585860336471242e-08,9.585860336471242e-08
13,header,mid_density,random,0.01,11,239999,1,0.9373269509952618,0.9373269509952616,1.1102230246251565e-16,1.1102230246251565e-16,0.0,0.0,0.0,0.0,0.0,4.2243271551372286e-08,4.2243271551372286e-08,4.2243271551372286e-08
13,header,low_density,random,0.01,11,120001,1,0.8839427357441613,0.8840013032721047,-5.856752794342057e-05,-5.856752794342057e-05,0.0007249939583836801,0.00023333138890509246,0.0,0.0005699513505811469,0.0,0.00042458254266086455,0.00042458254266086455,5.466910625622362e-05
13,header,high_density,random,0.01,12,120000,1,0.9926080655066031,0.9904545914229774,0.0021534740836256505,0.0021534740836256505,0.022791666666666665,0.013916666666666667,0.0,0.05540809555408095,0.0,0.013553335694124348,0.013553335694124348,-0.004577331134221242
13,header,mid_density,random,0.01,12,239999,1,0.9373269509952618,0.9384802004908823,-0.0011532494956205674,-0.0011532494956205674,0.01147088112867137,0.0039083496181234086,0.0,0.005835764902042517,0.0,0.013030758249784405,0.013030758249784405,-0.006168997791740472
13,header,low_density,random,0.01,12,120001,1,0.8839427357441613,0.8813132854569243,0.002629450287236934,0.002629450287236934,0.030558078682677646,0.00956658694510879,0.0,0.02336800537382702,0.0,0.016704063982323117,0.016704063982323117,-0.0005132053858012083
13,header,high_density,random,0.01,13,120000,1,0.9926080655066031,0.9920505574106208,0.0005575080959823175,0.0005575080959823175,0.005783333333333333,0.000825,0.0,0.0032846715328467154,0.0,0.013520865217752476,0.013520865217752476,0.003620758437892596
13,header,mid_density,random,0.01,13,239999,1,0.9373269509952618,0.9353308044022578,0.0019961465930039557,0.0019961465930039557,0.02047508531285547,0.011716715486314526,0.0,0.01749485171060081,0.0,0.024035995607134084,0.024035995607134084,-0.009649747034196857
13,header,low_density,random,0.01,13,120001,1,0.8839427357441613,0.8792265697745618,0.004716165969599451,0.004716165969599451,0.02871642736310531,0.015774868542762145,0.0,0.038532782380361105,0.0,0.024048246919048097,0.024048246919048097,0.0022714115031160563
13,header,high_density,random,0.01,14,120000,1,0.9926080655066031,0.9920405519844996,0.000567513522103491,0.000567513522103491,0.11745833333333333,0.0,0.10695833333333334,0.0,0.14283329623859337,0.13915586982911776,-0.13915586982911776,-0.059467700338031226
13,header,mid_density,random,0.01,14,239999,1,0.9373269509952618,0.9275021769202455,0.009824774075016252,0.009824774075016252,0.17307155446481026,0.0,0.12912970470710294,0.0,0.39097469280649966,0.1423904478954408,-0.1423904478954408,0.03308641834123707
13,header,low_density,random,0.01,14,120001,1,0.8839427357441613,0.8704625022268266,0.013480233517334628,0.013480233517334628,0.24051466237781352,0.0,0.17852351230406413,0.0,0.3022688150802833,0.19063981859822088,-0.19063981859822088,0.011034964105509729
13,header,high_density,random,0.01,15,120000,1,0.9926080655066031,0.9926080655066032,-1.1102230246251565e-16,-1.1102230246251565e-16,0.0,0.0,0.0,0.0,0.0,8.229685798761913e-08,-8.229685798761913e-08,-8.229685798761913e-08
13,header,mid_density,random,0.01,15,239999,1,0.9373269509952618,0.9373277871370586,-8.361417968005824e-07,-8.361417968005824e-07,0.0,0.0,0.0,0.0,0.0,2.979420892406543e-06,-2.979420892406543e-06,-2.979420892406543e-06
13,header,low_density,random,0.01,15,120001,1,0.8839427357441613,0.8837124049435612,0.00023033080060008704,0.00023033080060008704,0.00010833243056307865,0.0,0.00010833243056307865,0.0,0.00018342410474927337,0.0003698502034754932,-0.0003698502034754932,-0.00019593629949053636
13,header,high_density,random,0.01,16,120000,1,0.9926080655066031,0.9928108771205107,-0.00020281161390767188,-0.00020281161390767188,0.054941666666666666,0.0,0.050025,0.0,0.0668039172045404,0.04804661534490885,-0.04804661534490885,-0.020245130101778582
13,header,mid_density,random,0.01,16,239999,1,0.9373269509952618,0.9372978451292838,2.9105865977929746e-05,2.9105865977929746e-05,0.07200446668527785,0.0,0.046829361789007456,0.0,0.14178840864935785,0.06450015687545786,-0.06450015687545786,0.008925483360864525
13,header,low_density,random,0.01,16,120001,1,0.8839427357441613,0.8829563880588877,0.0009863476852736142,0.0009863476852736142,0.11848234598045017,0.0,0.08472429396421696,0.0,0.14345175946045094,0.08127783700557778,-0.08127783700557778,-0.005615572578468994
13,header,high_density,random,0.01,17,120000,1,0.9926080655066031,0.9926080655066031,0.0,0.0,0.0,0.0,0.0,0.0,0.0,0.0,0.0,0.0
13,header,mid_density,random,0.01,17,239999,1,0.9373269509952618,0.937133241437292,0.00019370955796971234,0.00019370955796971234,0.0002375009895874566,0.00022083425347605614,0.0,0.0003297393814586924,0.0,0.00037767439178526936,0.00037767439178526936,-0.000310485426726119
13,header,low_density,random,0.01,17,120001,1,0.8839427357441613,0.8833789225503615,0.0005638131937997226,0.0005638131937997226,0.0006499945833784718,0.0005749952083732635,0.0,0.001404522971074969,0.0,0.0005669452780860303,0.0005669452780860303,-0.00018710682132419744
13,header,high_density,random,0.01,18,120000,1,0.9926080655066031,0.9926080655066032,-1.1102230246251565e-16,-1.1102230246251565e-16,0.0,0.0,0.0,0.0,0.0,1.3607078979285676e-06,-1.3607078979285676e-06,-1.3607078979285676e-06
13,header,mid_density,random,0.01,18,239999,1,0.9373269509952618,0.9373269509952616,1.1102230246251565e-16,1.1102230246251565e-16,0.0,0.0,0.0,0.0,0.0,2.965342080441953e-07,-2.965342080441953e-07,-2.965342080441953e-07
13,header,low_density,random,0.01,18,120001,1,0.8839427357441613,0.8834695063157758,0.0004732294283854577,0.0004732294283854577,0.000566661944483796,0.0,0.0005416621528153932,0.0,0.0009171205237463668,0.00047837881118831835,-0.00047837881118831835,8.03497161023097e-05
13,header,high_density,random,0.01,19,120000,1,0.9926080655066031,0.9925706405569912,3.742494961189724e-05,3.742494961189724e-05,0.000325,0.0,0.000325,0.0,0.0004340084576007122,0.00012965876318833393,-0.00012965876318833393,-3.3676025222339944e-05
13,header,mid_density,random,0.01,19,239999,1,0.9373269509952618,0.937287003463424,3.994753183778066e-05,3.994753183778066e-05,0.0001291672048633536,0.0,0.0001291672048633536,0.0,0.00039108823455201474,5.316100429679325e-05,-5.316100429679325e-05,-1.5685403373436178e-05
13,header,low_density,random,0.01,19,120001,1,0.8839427357441613,0.8843886777742769,-0.0004459420301156092,-0.0004459420301156092,0.00019166506945775453,0.0,1.6666527778935175e-05,0.0,2.821909303834975e-05,0.00025672655350268974,-0.00025672655350268974,-0.00013559537207984788
13,header,high_density,random,0.01,20,120000,1,0.9926080655066031,0.9926082183654851,-1.5285888199656483e-07,-1.5285888199656483e-07,0.0,0.0,0.0,0.0,0.0,5.260418060645736e-05,5.260418060645736e-05,5.260418060645736e-05
13,header,mid_density,random,0.01,20,239999,1,0.9373269509952618,0.9372361975475998,9.075344766196203e-05,9.075344766196203e-05,0.0007500031250130209,0.0002916678819495081,0.0,0.0004355048434360088,0.0,0.00045518676590135845,0.00045518676590135845,-9.559490604727585e-05
13,header,low_density,random,0.01,20,120001,1,0.8839427357441613,0.882891713966772,0.0010510217773892494,0.0010510217773892494,0.0020749827084774295,0.0013666552778726843,0.0,0.0033382864819752884,0.0,0.0016261119799805914,0.0016261119799805914,0.00014643844484683348
13,header,high_density,important,0.05,0,120000,4,0.9926080655066031,0.9922250292093385,0.0003830362972645496,0.0003830362972645496,0.14418333333333333,0.0,0.1193,0.0,0.15931448920543068,0.20270129372328272,-0.1901111801554213,-0.09173393776461816
13,header,mid_density,important,0.05,0,239999,4,0.9373269509952618,0.7597112829155698,0.17761566807969198,0.17761566807969198,0.22590094125392188,0.013400055833565972,0.1602715011312547,0.020008336807002917,0.48526480458204024,0.21423959844116602,-0.11980247590035606,-0.004089870008008861
13,header,low_density,important,0.05,0,120001,4,0.8839427357441613,0.7088256306007309,0.17511710514343037,0.17511710514343037,0.36168865259456173,0.01986650111249073,0.26310614078216016,0.048527286420909074,0.44548071224990826,0.2955476000745059,-0.2272466305787845,-0.013713817609394326
13,header,high_density,random,0.05,1,120000,4,0.9926080655066031,0.991650841587836,0.0009572239187670695,0.0009572239187670695,0.11695833333333333,0.0,0.10665833333333333,0.0,0.14243267304696194,0.1320825098639024,-0.1320825098639024,-0.05322234455625623
13,header,mid_density,random,0.05,1,239999,4,0.9373269509952618,0.9276916823010624,0.009635268694199395,0.009635268694199395,0.1723507181279922,0.0,0.12846303526264694,0.0,0.3889561728862312,0.14156119815607474,-0.14156119815607474,0.03330196258473232
13,header,low_density,random,0.05,1,120001,4,0.8839427357441613,0.8690602323832058,0.014882503360955424,0.014882503360955424,0.24518962341980483,0.0,0.1834151382071816,0.0,0.31055111888703896,0.19215615653099608,-0.19215407280143718,0.010591091030350322
13,header,high_density,random,0.05,2,120000,4,0.9926080655066031,0.9902662522960218,0.002341813210581245,0.002341813210581245,0.026466666666666666,0.0055583333333333335,0.0013,0.022130059721300596,0.0017360338304028488,0.07003272601598898,0.05718456082897994,-0.039848466727918794
13,header,mid_density,random,0.05,2,239999,4,0.9373269509952618,0.801617762965189,0.1357091880300727,0.1357091880300727,0.29815540898087073,0.249888541202255,0.010937545573106555,0.3731218853626822,0.03311634244190447,0.2535524467773976,0.23403075141821292,-0.11641699872048866
13,header,low_density,random,0.05,2,120001,4,0.8839427357441613,0.7768625295150291,0.10708020622913217,0.10708020622913217,0.21223989800085,0.1526653944550462,0.012708227431438072,0.3729110265230932,0.021517058441741684,0.1626173020312708,0.13831735180502747,-0.0360709347098043
13,header,high_density,random,0.05,3,120000,4,0.9926080655066031,0.9873982919829135,0.005209773523689565,0.005209773523689565,0.10848333333333333,0.0,0.09880833333333333,0.0,0.13194969953260627,0.13221980535979333,-0.12860384298271646,-0.06533524198750958
13,header,mid_density,random,0.05,3,239999,4,0.9373269509952618,0.924500185809733,0.012826765185528721,0.012826765185528721,0.16947153946474777,5.416689236205151e-05,0.126125525523023,8.08794709238302e-05,0.38187873741578987,0.1378160358177472,-0.13386491892667812,0.027885522385019755
13,header,low_density,random,0.05,3,120001,4,0.8839427357441613,0.8669877058032968,0.016955029940864508,0.016955029940864508,0.23043141307155773,0.00029999750002083315,0.17030691410904908,0.0007327945936043316,0.2883568022123769,0.1787416132982103,-0.17645890670924558,0.006733529450498211
13,header,high_density,random,0.05,4,120000,4,0.9926080655066031,0.9915563794140587,0.0010516860925443572,0.0010516860925443572,0.03453333333333333,0.015466666666666667,0.0,0.061579296615792964,0.0,0.02191351965154227,0.02191351740359017,0.004472174363820875
13,header,mid_density,random,0.05,4,239999,4,0.9373269509952618,0.9376852425038098,-0.0003582915085480476,-0.0003582915085480476,0.05416272567802366,0.02845011854216059,0.0,0.04248038672830097,0.0,0.04672818121924202,0.0466851380205958,-0.007563692881642236
13,header,low_density,random,0.05,4,120001,4,0.8839427357441613,0.8804755913378094,0.003467144406351874,0.003467144406351874,0.041366321947317104,0.017249856251197907,0.00039999666669444424,0.04213568913224907,0.0006772582329203939,0.03812552697245791,0.037079172585405655,0.0034822753866689798
13,header,high_density,random,0.05,5,120000,4,0.9926080655066031,0.9920510159872667,0.0005570495193363278,0.0005570495193363278,0.005783333333333333,0.000825,0.0,0.0032846715328467154,0.0,0.013609642281591332,0.013609639420750745,0.0036636703531447074
13,header,mid_density,random,0.05,5,239999,4,0.9373269509952618,0.9352487590578474,0.00207819193741432,0.00207819193741432,0.020637585989941625,0.011845882691177879,0.0,0.017687718141265327,0.0,0.024762438298661982,0.024754977165234122,-0.009693496943078453
13,header,low_density,random,0.05,5,120001,4,0.8839427357441613,0.8789677430147838,0.004974992729377514,0.004974992729377514,0.031283072641061324,0.01679152673727719,2.4999791668402765e-05,0.041016141836464674,4.232863955752462e-05,0.026246877118119412,0.026120850721382934,0.0024570518025702555
13,header,high_density,random,0.05,6,120000,4,0.9926080655066031,0.9858935552406154,0.006714510265987683,0.006714510265987683,0.0855,0.04593333333333333,0.0,0.18287989382879893,0.0,0.09595050890640701,0.09565788993760287,0.063881111659907
13,header,mid_density,random,0.05,6,239999,4,0.9373269509952618,0.9320561418241247,0.005270809171137092,0.005270809171137092,0.3245180188250784,0.2509510456293568,0.0,0.37470836729234197,0.0,0.2842241675832544,0.2819795598627352,0.00968963582348117
13,header,low_density,random,0.05,6,120001,4,0.8839427357441613,0.8785714196188215,0.005371316125339809,0.005371316125339809,0.26696444196298363,0.15928200598328346,0.0,0.3890732183931443,0.0,0.2614555734634499,0.25933058575831713,0.06877362963409822
13,header,high_density,random,0.05,7,120000,4,0.9926080655066031,0.986985774782597,0.005622290724006107,0.005622290724006107,0.6716166666666666,0.0,0.6608833333333334,0.0,0.8825506343200534,0.4832820426212581,-0.4832817791239611,-0.09367744802372212
13,header,mid_density,random,0.05,7,239999,4,0.9373269509952618,0.9357799105797766,0.0015470404154851458,0.0015470404154851458,0.2733344722269676,0.0,0.22075091979549916,0.0,0.6683824085988949,0.2663013890531664,-0.2663012731043619,0.10899542640934269
13,header,low_density,random,0.05,7,120001,4,0.8839427357441613,0.8809762724460327,0.002966463298128552,0.002966463298128552,0.4599878334347214,0.0,0.37735518870676077,0.0,0.6389225950277958,0.41020792378455767,-0.4099279710616561,0.09899327452575783
13,header,high_density,random,0.05,8,120000,4,0.9926080655066031,0.9926201291738783,-1.2063667275241663e-05,-1.2063667275241663e-05,0.2743833333333333,0.23481666666666667,0.0,0.9349037823490378,0.0,0.29234018056560745,0.29234018056560745,0.07769148356292155
13,header,mid_density,random,0.05,8,239999,4,0.9373269509952618,0.9335710572997356,0.0037558936955262023,0.0037558936955262023,0.6730944712269634,0.5958274826145109,0.0,0.8896617371666055,0.0,0.6537461407264923,0.6537461407264923,0.12172153199612097
13,header,low_density,random,0.05,8,120001,4,0.8839427357441613,0.8744282038564398,0.009514531887721445,0.009514531887721445,0.42448812926558943,0.3062224481462654,0.0,0.7480000814216216,0.0,0.4426911301486664,0.4426911301486664,0.15453362209366311
13,header,high_density,random,0.05,9,120000,4,0.9926080655066031,0.9866093501858159,0.005998715320787218,0.005998715320787218,0.020458333333333332,0.009383333333333334,0.0015416666666666667,0.03735899137358992,0.0020587580681059427,0.027483769953320112,0.00561984973355605,-0.0014552474807309913
13,header,mid_density,random,0.05,9,239999,4,0.9373269509952618,0.9286601150654906,0.008666835929771133,0.008666835929771133,0.06226692611219213,0.03293347055612732,0.0053875224480102,0.049174718321688765,0.01631216410566952,0.061096692648566375,0.037705199481387,-0.0014530470436299983
13,header,low_density,random,0.05,9,120001,4,0.8839427357441613,0.8813159992620634,0.00262673648209788,0.00262673648209788,0.08504095799201673,0.030066416113199056,0.012733227223106474,0.07344230260345634,0.021559387081299206,0.07726650033142858,0.04248024894783913,0.009591125566232405
13,header,high_density,random,0.05,10,120000,4,0.9926080655066031,0.9923283352294235,0.00027973027717953514,0.00027973027717953514,0.05126666666666667,0.0,0.04853333333333333,0.0,0.06481192966837303,0.039845865895164444,-0.039830300339972875,-0.009120913835967226
13,header,mid_density,random,0.05,10,239999,4,0.9373269509952618,0.9362366596097759,0.0010902913854858864,0.0010902913854858864,0.07071279463664432,2.5000104167100697e-05,0.048208534202225845,3.732898658022932e-05,0.14596422173441323,0.05845179209532146,-0.0584023777416661,0.006759473849548539
13,header,low_density,random,0.05,10,120001,4,0.8839427357441613,0.8782271079971676,0.0057156277469936345,0.0057156277469936345,0.09021591486737611,2.4999791668402765e-05,0.06129115590703411,6.10662161336943e-05,0.10377571464853119,0.07128800337932974,-0.07086245304544236,-0.002596000829930231
13,header,high_density,random,0.05,11,120000,4,0.9926080655066031,0.9909030304605659,0.00170503504603714,0.00170503504603714,0.039716666666666664,0.022366666666666667,0.0,0.08905109489051095,0.0,0.03860628501009463,0.03860628501009463,0.0071046270528006316
13,header,mid_density,random,0.05,11,239999,4,0.9373269509952618,0.924011508258225,0.013315442737036776,0.013315442737036776,0.12481302005425023,0.0822753428139284,0.0,0.1228496948355347,0.0,0.10974738030589194,0.10974738030589194,-0.02070989320670746
13,header,low_density,random,0.05,11,120001,4,0.8839427357441613,0.8784449233855932,0.005497812358568055,0.005497812358568055,0.12039066341113824,0.05476621028158098,0.0,0.13377572414354633,0.0,0.10943674244833408,0.10943674244833408,0.020996692865576212
13,header,high_density,random,0.05,12,120000,4,0.9926080655066031,0.9870746116387491,0.005533453867853977,0.005533453867853977,0.11998333333333333,0.08318333333333333,0.0,0.3311877903118779,0.0,0.12970736471308805,0.12970736471308805,-0.06451427405509935
13,header,mid_density,random,0.05,12,239999,4,0.9373269509952618,0.799465462790571,0.1378614882046908,0.1378614882046908,0.46031441797674155,0.4066725278021992,0.0,0.607224403202827,0.0,0.33170943104444467,0.33170943104444467,-0.12951799311705675
13,header,low_density,random,0.05,12,120001,4,0.8839427357441613,0.7681652754534705,0.1157774602906908,0.1157774602906908,0.28517262356147033,0.21043991300072498,0.0,0.5140350520080608,0.0,0.20706048017343473,0.20706048017343473,-0.013883418010697611
13,header,high_density,random,0.05,13,120000,4,0.9926080655066031,0.9898903719359363,0.002717693570666757,0.002717693570666757,0.049716666666666666,0.0,0.047775,0.0,0.0637992432673047,0.03729244685671754,-0.035339939836686284,-0.02458312738893903
13,header,mid_density,random,0.05,13,239999,4,0.9373269509952618,0.9359930844324924,0.001333866562769348,0.001333866562769348,0.07089196204984187,0.0016416735069729458,0.046162692344551434,0.0024512701187683924,0.1397698887290894,0.05696474077792418,-0.05201298025638857,0.0031058803934359406
13,header,low_density,random,0.05,13,120001,4,0.8839427357441613,0.8801311184502454,0.003811617293915881,0.003811617293915881,0.0992408396596695,0.0013083224306464113,0.0687244272964392,0.003195798644330002,0.11636143014363519,0.06692168025092797,-0.06176250474391896,-0.007669446818457285
13,header,high_density,random,0.05,14,120000,4,0.9926080655066031,0.9904226830544187,0.002185382452184359,0.002185382452184359,0.2743833333333333,0.23481666666666667,0.0,0.9349037823490378,0.0,0.27235841071991945,0.27235841071991945,0.05821177589529628
13,header,mid_density,random,0.05,14,239999,4,0.9373269509952618,0.9376946051256428,-0.00036765413038108985,-0.00036765413038108985,0.6608402535010562,0.5835774315726315,0.0,0.8713705337422931,0.0,0.6093586062987685,0.6093586062987685,0.09234152865304236
13,header,low_density,random,0.05,14,120001,4,0.8839427357441613,0.8792953793392351,0.004647356404926195,0.004647356404926195,0.4073049391255073,0.28981425154790375,0.0,0.7079202882325402,0.0,0.41623873464924743,0.41623873464924743,0.1401664857304264
13,header,high_density,random,0.05,15,120000,4,0.9926080655066031,0.9911826531088469,0.0014254123977561761,0.0014254123977561761,0.027108333333333335,0.014275,0.0,0.05683477106834771,0.0,0.016453072556305102,0.013523698846650683,-0.0003312810976117369
13,header,mid_density,random,0.05,15,239999,4,0.9373269509952618,0.9370214540747154,0.00030549692054637756,0.00030549692054637756,0.03141679756998988,0.017454239392664137,7.91669965291522e-05,0.02606185413076344,0.00023969924053188,0.030711543239123097,0.028940090362267214,-0.0121947127042082
13,header,low_density,random,0.05,15,120001,4,0.8839427357441613,0.8814691338090429,0.0024736019351183636,0.0024736019351183636,0.03504970791910068,0.011783235139707169,0.00400829993083391,0.028782543204347914,0.006786691875723114,0.029747423327874712,0.020139140820411933,-0.0027882214269264187
13,header,high_density,random,0.05,16,120000,4,0.9926080655066031,0.9920124837338211,0.0005955817727819612,0.0005955817727819612,0.0008416666666666667,0.0005166666666666667,0.0,0.0020570670205706703,0.0,0.002264709541130357,0.002262780309234233,0.001062282167212479
13,header,mid_density,random,0.05,16,239999,4,0.9373269509952618,0.9374886301139413,-0.00016167911867959184,-0.00016167911867959184,0.001400005833357639,0.0005666690277876157,3.333347222280093e-05,0.0008461236958185313,0.00010092599601342316,0.0015201766698121756,0.001221439108840585,-0.00023393186792468565
13,header,low_density,random,0.05,16,120001,4,0.8839427357441613,0.8830889782192446,0.0008537575249166762,0.0008537575249166762,0.004449962916975692,0.0015916534028883093,0.0006249947917100691,0.0038878824271785374,0.0010582159889381156,0.004020254578881992,0.0021198975384374894,-4.143822965790162e-05
13,header,high_density,random,0.05,17,120000,4,0.9926080655066031,0.987072554320656,0.005535511185947084,0.005535511185947084,0.6863666666666667,0.0,0.6756333333333333,0.0,0.9022479412419319,0.6208330426008004,-0.6208330426008004,0.038865259876880116
13,header,mid_density,random,0.05,17,239999,4,0.9373269509952618,0.9327153532539941,0.004611597741267626,0.004611597741267626,0.2847386864111934,0.0,0.2321384672436135,0.0,0.7028612519869806,0.2921689949396677,-0.2921689949396677,0.12639205321304994
13,header,low_density,random,0.05,17,120001,4,0.8839427357441613,0.8877099632679682,-0.003767227523806982,-0.003767227523806982,0.5062041149657086,0.0,0.42309647419604834,0.0,0.7163698958715466,0.4664670535030712,-0.4664670535030712,0.1282060642036813
13,header,high_density,random,0.05,18,120000,4,0.9926080655066031,0.9922046720246535,0.000403393481949621,0.000403393481949621,0.027333333333333334,0.014275,0.0,0.05683477106834771,0.0,0.01751436516074771,0.015025938038902543,0.0010103905523936839
13,header,mid_density,random,0.05,18,239999,4,0.9373269509952618,0.9365252447717046,0.0008017062235571304,0.0008017062235571304,0.038304326268026115,0.02226675944483102,7.91669965291522e-05,0.033247684047457586,0.00023969924053188,0.037383250146924674,0.0365141286910742,-0.010453101273801495
13,header,low_density,random,0.05,18,120001,4,0.8839427357441613,0.8806592164864362,0.003283519257725076,0.003283519257725076,0.04012466562778644,0.015933200556662027,0.0013583220139832168,0.038919535082541167,0.0022998560826255044,0.03484453824622809,0.029143470450311987,-0.0006349123983159801
13,header,high_density,random,0.05,19,120000,4,0.9926080655066031,0.98473922680876,0.00786883869784305,0.00786883869784305,0.2743833333333333,0.23481666666666667,0.0,0.9349037823490378,0.0,0.29886860879513916,0.29886860879513916,0.08127281333328652
13,header,mid_density,random,0.05,19,239999,4,0.9373269509952618,0.7626357111803127,0.17469123981494905,0.17469123981494905,0.6838778494910396,0.606610860878587,0.0,0.9057629733782111,0.0,0.6672218542869756,0.6672218542869756,0.12714230885472882
13,header,low_density,random,0.05,19,120001,4,0.8839427357441613,0.7603346536231321,0.12360808212102914,0.12360808212102914,0.4308464096132532,0.31287239273006057,0.0,0.7642436949131842,0.0,0.4492177807877466,0.4492177807877466,0.15644525975404436
13,header,high_density,random,0.05,20,120000,4,0.9926080655066031,0.991304327302029,0.0013037382045740786,0.0013037382045740786,0.27241666666666664,0.23285,0.0,0.9270736562707366,0.0,0.2376894763689045,0.2376894763689045,0.02443913542425668
13,header,mid_density,random,0.05,20,239999,4,0.9373269509952618,0.9364714996836407,0.0008554513116210138,0.0008554513116210138,0.6501652090217043,0.5729107204613353,0.0,0.855443499468062,0.0,0.5587498242960948,0.5587498242960948,0.047812643916879206
13,header,low_density,random,0.05,20,120001,4,0.8839427357441613,0.8823804404310612,0.0015622953131000372,0.0015622953131000372,0.39451337905517453,0.27765601953317054,0.0,0.6782217517861868,0.0,0.39180434950622756,0.39180434950622756,0.1249471293008023
13,header,high_density,important,0.1,0,120000,8,0.9926080655066031,0.9888239829604438,0.003784082546159251,0.003784082546159251,0.07629166666666666,0.042833333333333334,0.0014666666666666667,0.1705374917053749,0.001958602270198086,0.07379066490440134,0.044726076723105815,-0.0009008961226082418
13,header,mid_density,important,0.1,0,239999,8,0.9373269509952618,0.7410462601788681,0.19628069081639365,0.19628069081639365,0.4118933828890954,0.35567648198534163,0.0005208355034812645,0.5310794920769226,0.0015769686877097368,0.34977588463947445,0.3425351563143678,0.005373372618363862
13,header,low_density,important,0.1,0,120001,8,0.8839427357441613,0.6815510560585296,0.20239167968563165,0.20239167968563165,0.365596953358722,0.24724793960050334,0.0205164956958692,0.6039448775622367,0.03473770353020854,0.2955260263614188,0.2644176895470822,0.01574199609754327
13,header,high_density,random,0.1,1,120000,8,0.9926080655066031,0.9906418524148232,0.0019662130917799114,0.0019662130917799114,0.2743833333333333,0.23481666666666667,0.0,0.9349037823490378,0.0,0.2955980359784768,0.2955980359784768,0.08092625323146707
13,header,mid_density,random,0.1,1,239999,8,0.9373269509952618,0.9335822706888237,0.003744680306438042,0.003744680306438042,0.6793778307409615,0.6021108421285088,0.0,0.8990437557937698,0.0,0.6622178931904641,0.6622178931904641,0.1259728669329178
13,header,low_density,random,0.1,1,120001,8,0.8839427357441613,0.8675090614022518,0.016433674341909454,0.016433674341909454,0.4291547570436913,0.3108640761326989,0.0,0.7593380422171108,0.0,0.44784109943819134,0.44784109943819134,0.1564801773427916
13,header,high_density,random,0.1,2,120000,8,0.9926080655066031,0.9853750379747246,0.007233027531878489,0.007233027531878489,0.7143416666666667,0.0,0.7036083333333333,0.0,0.9396060538615625,0.6806744005706381,-0.6806744005706381,0.06856035384360905
13,header,mid_density,random,0.1,2,239999,8,0.9373269509952618,0.856366892225857,0.08096005876940471,0.08096005876940471,0.30456376901570426,0.0,0.25196354984812436,0.0,0.762886988115964,0.3123636001787537,-0.3123636001787537,0.1327110273947054
13,header,low_density,random,0.1,2,120001,8,0.8839427357441613,0.8123905642425029,0.07155217150165838,0.07155217150165838,0.5434288047599604,0.0,0.46020449829584753,0.0,0.7791997065214324,0.5181266768248707,-0.5181266768248707,0.15437022966834035
13,header,high_density,random,0.1,3,120000,8,0.9926080655066031,0.986978544815935,0.005629520690668022,0.005629520690668022,0.692725,0.0,0.6819916666666667,0.0,0.9107389272201202,0.6711897583099299,-0.6711897583099299,0.07879036643129583
13,header,mid_density,random,0.1,3,239999,8,0.9373269509952618,0.9259086962961571,0.011418254699104624,0.011418254699104624,0.2957262321926341,0.0,0.24312601302505427,0.0,0.7361289834229051,0.30848991978780343,-0.3084880503865663,0.13565145129359438
13,header,low_density,random,0.1,3,120001,8,0.8839427357441613,0.8608061795493034,0.023136556194857882,0.023136556194857882,0.5499704169131924,0.0,0.46618778176848524,0.0,0.7893303609222,0.5271705152083412,-0.5271701916894425,0.16063533512820613
13,header,high_density,random,0.1,4,120000,8,0.9926080655066031,0.9915439354457003,0.0010641300609027793,0.0010641300609027793,0.06820833333333333,0.0,0.062233333333333335,0.0,0.08310705541954151,0.10248043485965751,-0.10234185961245687,-0.04014157890135543
13,header,mid_density,random,0.1,4,239999,8,0.9373269509952618,0.9326358661753988,0.004691084819862912,0.004691084819862912,0.11972549885624524,0.0002375009895874566,0.08542952262301093,0.00035462537251217856,0.25866071203290186,0.11212096374905023,-0.10810546126406263,0.021535163102094853
13,header,low_density,random,0.1,4,120001,8,0.8839427357441613,0.8622534949968815,0.021689240747279737,0.021689240747279737,0.19669836084699294,0.004233298055849535,0.1429988083432638,0.010340545931972235,0.24211981826904083,0.1591041616173669,-0.14781336194957997,-0.004832104769107056
13,header,high_density,random,0.1,5,120000,8,0.9926080655066031,0.9775677964218026,0.015040269084800495,0.015040269084800495,0.08714166666666667,0.005275,0.074325,0.021001990710019906,0.09925439572668596,0.12817943095134016,-0.08563859257446625,-0.09159254867352881
13,header,mid_density,random,0.1,5,239999,8,0.9373269509952618,0.886065963251631,0.05126098774363075,0.05126098774363075,0.13020470918628826,0.007366697361239005,0.09089621206755027,0.010999608045640907,0.27521257537910326,0.13020746770407512,-0.06163905570388817,-0.02590561395418191
13,header,low_density,random,0.1,5,120001,8,0.8839427357441613,0.8613016056577778,0.022641130086383465,0.022641130086383465,0.1592486729277256,0.0066666111115740705,0.1051824568128599,0.016284324302318482,0.17809069616502526,0.1267667038388111,-0.0998344103275364,-0.026121091781481563
13,header,high_density,random,0.1,6,120000,8,0.9926080655066031,0.9891809760179922,0.0034270894886109238,0.0034270894886109238,0.71995,0.0,0.7092166666666667,0.0,0.9470954818606722,0.6964991817461123,-0.6964991817461123,0.08375608383638734
13,header,mid_density,random,0.1,6,239999,8,0.9373269509952618,0.8755701340528885,0.06175681694237323,0.06175681694237323,0.30559293997058323,0.0,0.25299272080300333,0.0,0.7660030782428784,0.3178154543260799,-0.3178154543260799,0.13754836076476595
13,header,low_density,random,0.1,6,120001,8,0.8839427357441613,0.8125624151128488,0.0713803206313125,0.0713803206313125,0.5559953667052775,0.0,0.4722127315605703,0.0,0.7995315630555634,0.5351041190097023,-0.5351041190097023,0.16399941210964786
13,header,high_density,random,0.1,7,120000,8,0.9926080655066031,0.970292068462761,0.02231599704384213,0.02231599704384213,0.6842333333333334,0.0,0.6735,0.0,0.8993990652125529,0.5726077486377981,-0.5726077486377981,-0.01389669453469255
13,header,mid_density,random,0.1,7,239999,8,0.9373269509952618,0.7855181780414079,0.15180877295385387,0.15180877295385387,0.2811303380430752,0.0,0.22853845224355102,0.0,0.6919612444175308,0.2821892805849659,-0.2821892805849659,0.12002433904833168
13,header,low_density,random,0.1,7,120001,8,0.8839427357441613,0.7772635948180445,0.10667914092611674,0.10667914092611674,0.5165873617719853,0.0,0.4338297180856826,0.0,0.7345429917882439,0.46458992702327506,-0.46457106382011576,0.11917874007188967
13,header,high_density,random,0.1,8,120000,8,0.9926080655066031,0.9868677944944514,0.0057402710121516876,0.0057402710121516876,0.716975,0.0,0.7062416666666667,0.0,0.9431226352103271,0.6939791541622319,-0.6939791541622319,0.08302520761186831
13,header,mid_density,random,0.1,8,239999,8,0.9373269509952618,0.9356090207936918,0.0017179302015699616,0.0017179302015699616,0.30540543918932994,0.0,0.2528052200217501,0.0,0.7654353695153029,0.3173367676839682,-0.3173367676839682,0.1371348719945335
13,header,low_density,random,0.1,8,120001,8,0.8839427357441613,0.8697645034459004,0.014178232298260873,0.014178232298260873,0.5528370596911693,0.0,0.4690544245464621,0.0,0.7941840449247961,0.5307358567810614,-0.5307331534429461,0.16172741127229504
13,header,high_density,random,0.1,9,120000,8,0.9926080655066031,0.99031306219023,0.002295003316373112,0.002295003316373112,0.4487583333333333,0.0,0.438025,0.0,0.5849432450478522,0.3911465848817046,-0.3911463476160414,-0.14636913681958366
13,header,mid_density,random,0.1,9,239999,8,0.9373269509952618,0.9377415685409687,-0.0004146175457069301,-0.0004146175457069301,0.2565469022787595,0.0,0.20414668394451643,0.0,0.6181086468347085,0.236393022707432,-0.23639288941801945,0.08577981683287435
13,header,low_density,random,0.1,9,120001,8,0.8839427357441613,0.8770815453364463,0.006861190407714934,0.006861190407714934,0.4106215781535154,0.00010833243056307865,0.32999725002291647,0.0002646202699126753,0.558738042159325,0.3462691183363389,-0.3454751829638567,0.06528043465347622
13,header,high_density,random,0.1,10,120000,8,0.9926080655066031,0.9863311067751044,0.006276958731498694,0.006276958731498694,0.7009666666666666,0.0,0.6902333333333334,0.0,0.9217449365679946,0.6804358359315852,-0.6804358359315852,0.0779274450872022
13,header,mid_density,random,0.1,10,239999,8,0.9373269509952618,0.9331162906628054,0.0042106603324563174,0.0042106603324563174,0.29960958170659047,0.0,0.24700936253901057,0.0,0.747886861958469,0.31209823168819734,-0.31209823168819734,0.1341827902880604
13,header,low_density,random,0.1,10,120001,8,0.8839427357441613,0.873993217856024,0.00994951788813725,0.00994951788813725,0.5517204023299805,0.0,0.46793776718527347,0.0,0.7922933656912267,0.5295977462572216,-0.5295977462572216,0.16173970773491353
13,header,high_density,random,0.1,11,120000,8,0.9926080655066031,0.9879955192040232,0.004612546302579901,0.004612546302579901,0.08141666666666666,0.04210833333333333,0.0,0.16765096217650963,0.0,0.07905240593226259,0.07764376123281055,0.04940833933170467
13,header,mid_density,random,0.1,11,239999,8,0.9373269509952618,0.9277816889664915,0.009545262028770263,0.009545262028770263,0.23757182321593007,0.17173404889187038,0.0,0.256425251815122,0.0,0.22757067202163786,0.2235575249724792,-0.013427325199113148
13,header,low_density,random,0.1,11,120001,8,0.8839427357441613,0.8723817477849312,0.011560987959230107,0.011560987959230107,0.22557312022399814,0.12709894084215964,0.00039999666669444424,0.31046064282370184,0.0006772582329203939,0.21726683699391922,0.21084179401848832,0.043379789162303166
13,header,high_density,random,0.1,12,120000,8,0.9926080655066031,0.9797549483816971,0.012853117124906,0.012853117124906,0.10223333333333333,0.06266666666666666,0.0,0.24950232249502322,0.0,0.17600054297556858,0.17600054297556858,0.018683536736425022
13,header,mid_density,random,0.1,12,239999,8,0.9373269509952618,0.9299665525589851,0.007360398436276672,0.007360398436276672,0.5263938599744166,0.44917687157029823,0.0,0.6706899018869803,0.0,0.48968674138031876,0.48968656811260136,0.008779847219351182
13,header,low_density,random,0.1,12,120001,8,0.8839427357441613,0.8737860715789648,0.01015666416519645,0.01015666416519645,0.3748218764843626,0.25959783668469427,0.0,0.6341115883322817,0.0,0.36523679337887044,0.3652275061945512,0.10986919431155229
13,header,high_density,random,0.1,13,120000,8,0.9926080655066031,0.99059797711577,0.0020100883908330536,0.0020100883908330536,0.6902,0.0,0.6794666666666667,0.0,0.9073670153572223,0.6671378679205789,-0.6671378679205789,0.07892821709219615
13,header,mid_density,random,0.1,13,239999,8,0.9373269509952618,0.9176315342709737,0.019695416724288095,0.019695416724288095,0.29467622781761593,0.0,0.24207600865003603,0.0,0.7329498145484823,0.3065868023774376,-0.3065868023774376,0.13546059717354406
13,header,low_density,random,0.1,13,120001,8,0.8839427357441613,0.8488618671168108,0.03508086862735049,0.03508086862735049,0.5435538037183023,0.0,0.4598045016291531,0.0,0.778522448288512,0.5229147225079065,-0.5229147225079065,0.1586844020853863
13,header,high_density,random,0.1,14,120000,8,0.9926080655066031,0.9886905131568667,0.003917552349736342,0.003917552349736342,0.205075,0.0,0.19434166666666666,0.0,0.25952592922323614,0.3142503065281035,-0.3142503065281035,-0.12035362285462896
13,header,mid_density,random,0.1,14,239999,8,0.9373269509952618,0.9294479972820766,0.007878953713185144,0.007878953713185144,0.25186354943145595,0.0,0.19942583094096225,0.0,0.6038150026493074,0.23736284231755012,-0.23736284231755012,0.08600277263587228
13,header,low_density,random,0.1,14,120001,8,0.8839427357441613,0.8781719968442843,0.005770738899877004,0.005770738899877004,0.39555503704135797,0.0,0.3150640411329906,0.0,0.5334537347969637,0.3347569065387524,-0.3347569065387524,0.06116651078705217
13,header,high_density,random,0.1,15,120000,8,0.9926080655066031,0.9888172320623795,0.003790833444223596,0.003790833444223596,0.26174166666666665,0.0,0.25100833333333333,0.0,0.33519919875361676,0.31673292805690145,-0.31673292805690145,-0.13159851060151076
13,header,mid_density,random,0.1,15,239999,8,0.9373269509952618,0.9310804504494169,0.0062465005458448575,0.0062465005458448575,0.24880103667098613,0.0,0.1962466510277126,0.0,0.5941891857795272,0.23753412115464734,-0.23753110358023852,0.09114158408796959
13,header,low_density,random,0.1,15,120001,8,0.8839427357441613,0.8837454913088706,0.0001972444352906777,0.0001972444352906777,0.40188831759735333,0.0,0.32069732752227065,0.0,0.5429917882439258,0.3462813008519758,-0.34624579958196444,0.0629877846781367
13,header,high_density,random,0.1,16,120000,8,0.9926080655066031,0.9784803399478154,0.014127725558787718,0.014127725558787718,0.7023666666666667,0.0,0.6916333333333333,0.0,0.9236145114622747,0.6728095587581902,-0.6728095587581902,0.06985083595221453
13,header,mid_density,random,0.1,16,239999,8,0.9373269509952618,0.9273889592944666,0.009937991700795124,0.009937991700795124,0.3007804199184163,0.0,0.24818020075083647,0.0,0.7514318875684405,0.30930481389307984,-0.30930481389307984,0.1307729068500862
13,header,low_density,random,0.1,16,120001,8,0.8839427357441613,0.8844890520893135,-0.0005463163451522313,-0.0005463163451522313,0.5392955058707845,0.0,0.4556712027399772,0.0,0.7715241132150013,0.5102577357136244,-0.5102577357136244,0.15060736857472232
13,header,high_density,random,0.1,17,120000,8,0.9926080655066031,0.9913689459944401,0.001239119512162934,0.001239119512162934,0.074325,0.0,0.06729166666666667,0.0,0.08986200756732696,0.15243194015222994,-0.1524203374520388,-0.08017673190623821
13,header,mid_density,random,0.1,17,239999,8,0.9373269509952618,0.9310789877310722,0.006247963264189527,0.006247963264189527,0.1347797282488677,2.083342013925058e-05,0.09841707673781974,3.110748881685777e-05,0.29798400322963187,0.12071862234811,-0.12018873224752927,0.02140699738022552
13,header,low_density,random,0.1,17,120001,8,0.8839427357441613,0.8715148373951461,0.012427898349015143,0.012427898349015143,0.23241472987725104,0.0008999925000624995,0.17288189265089457,0.002198383780812995,0.2927166520868019,0.18016120318531376,-0.1766740402573092,0.0029270634924940747
13,header,high_density,random,0.1,18,120000,8,0.9926080655066031,0.9828727890291925,0.00973527647741057,0.00973527647741057,0.2787833333333333,0.23921666666666666,0.0,0.9524220305242203,0.0,0.3014025077269282,0.3014025077269282,0.08300010711178896
13,header,mid_density,random,0.1,18,239999,8,0.9373269509952618,0.9321684315153879,0.005158519479873891,0.005158519479873891,0.6915278813661724,0.6142442260176084,0.0,0.9171607572807078,0.0,0.6780066621700905,0.6780066621700905,0.13514608640483802
13,header,low_density,random,0.1,18,120001,8,0.8839427357441613,0.8701713490475955,0.013771386696565746,0.013771386696565746,0.44177131857234525,0.32344730460579496,0.0,0.7900747043377369,0.0,0.4611232055904968,0.4611232055904968,0.16164975270215365
13,header,high_density,random,0.1,19,120000,8,0.9926080655066031,0.9937632160164798,-0.00115515050987669,-0.00115515050987669,0.0161,0.0003083333333333333,0.011766666666666667,0.0012276045122760451,0.015713331849543734,0.03290262125353534,-0.024757207453745732,-0.012816843813521009
13,header,mid_density,random,0.1,19,239999,8,0.9373269509952618,0.9352803245291467,0.002046626466115087,0.002046626466115087,0.05443772682386177,0.004283351180629919,0.027695948733119723,0.006395699700745957,0.08385688693765296,0.046704074767985874,-0.026838248935997816,-0.006307166405823837
13,header,low_density,random,0.1,19,120001,8,0.8839427357441613,0.881704627129208,0.002238108614953216,0.002238108614953216,0.07688269264422797,0.004674961041991317,0.04349130423913134,0.011419382417000835,0.07363772328357367,0.06152760821762318,-0.04445406909229228,-0.011872599494184552
13,header,high_density,random,0.1,20,120000,8,0.9926080655066031,0.990993845805412,0.001614219701191022,0.001614219701191022,0.0535,0.000375,0.04715833333333333,0.0014930325149303252,0.06297574004006232,0.04000457474461885,-0.03347941160155569,-0.00957184542985766
13,header,mid_density,random,0.1,20,239999,8,0.9373269509952618,0.9375812841692832,-0.0002543331740214594,-0.0002543331740214594,0.07838365993191639,0.002083342013925058,0.05113771307380447,0.003110748881685777,0.1548330936340928,0.06738554693588707,-0.058137804305102236,0.013866233993458174
13,header,low_density,random,0.1,20,120001,8,0.8839427357441613,0.8806702402966431,0.0032724954475181756,0.0032724954475181756,0.1197573353555387,0.0012999891667569436,0.08309097424188132,0.0031754432389521038,0.14068628834269267,0.08731157310290752,-0.08185482014371305,-0.0004541082465857757
13,imports,high_density,important,0.01,0,192062,13,0.8639346968301155,0.825099421988338,0.03883527484177751,0.03883527484177751,0.05299851089752267,0.0,0.04851037685747311,0.0,0.09852169867185517,0.045792947956937086,-0.04323714056752921,-0.001262087767408822
13,imports,mid_density,important,0.01,0,167938,13,0.9441851157971929,0.9172641943448752,0.026920921452317725,0.026920921452317725,0.12005025664233229,0.007818361538186712,0.08331050744917767,0.023852344360273947,0.12393370596416012,0.1119675646703747,-0.08060823732120091,-0.014846779661432186
13,imports,low_density,important,0.01,0,120000,13,0.8694860301039586,0.8469059659589245,0.022580064145034107,0.022580064145034107,0.09140833333333333,0.01505,0.03866666666666667,0.020649675848111688,0.14258934882148674,0.08486411113479607,-0.04597827012116228,-0.0015916700728203848
13,imports,high_density,random,0.01,1,192062,13,0.8639346968301155,0.8635123099365487,0.00042238689356677295,0.00042238689356677295,0.00864304235090752,0.002134727327633785,0.00216076058772688,0.004205386998174247,0.004388376617883428,0.004127759708807515,0.0019071235277237594,-0.00036564563332479224
13,imports,mid_density,random,0.01,1,167938,13,0.9441851157971929,0.9427108493529588,0.0014742664442340958,0.0014742664442340958,0.029373935619097524,0.00677035572651812,0.004328978551608332,0.020655076570930297,0.006439840199838782,0.022371592290058875,0.00940988293888025,-0.0006094747484598548
13,imports,low_density,random,0.01,1,120000,13,0.8694860301039586,0.8659733606234772,0.0035126694804814562,0.0035126694804814562,0.030358333333333334,0.012891666666666666,0.004591666666666667,0.017688288226483266,0.01693248517255155,0.02785429010056093,0.008811352739867818,-0.004686123812168973
13,imports,high_density,random,0.01,2,192062,13,0.8639346968301155,0.8549760823056001,0.008958614524515407,0.008958614524515407,0.0,0.0,0.0,0.0,0.0,0.002148561320072408,0.0011168154499585233,-0.0007875888142902092
13,imports,mid_density,random,0.01,2,167938,13,0.9441851157971929,0.9421454712974444,0.002039644499748472,0.002039644499748472,0.02133525467732139,0.004680298681656325,0.007937453107694507,0.014278707286500627,0.011807850050048276,0.014100621808392463,0.008982788555663212,-0.0008189712359466517
13,imports,low_density,random,0.01,2,120000,13,0.8694860301039586,0.8655447715238592,0.003941258580099416,0.003941258580099416,0.022325,0.013508333333333334,0.0007166666666666667,0.018534398975519957,0.002642819827294797,0.020203392856986992,0.01723893080037458,-0.00476144753024525
13,imports,high_density,random,0.01,3,192062,13,0.8639346968301155,0.8693915215212868,-0.005456824691171369,-0.005456824691171369,0.0007601711947183722,8.33064322979038e-05,0.0,0.00016411266334338524,0.0,0.0016623511187621191,0.0014076978160456335,-0.001246833420095443
13,imports,mid_density,random,0.01,3,167938,13,0.9441851157971929,0.9437169840835434,0.0004681317136494556,0.0004681317136494556,0.007026402600959878,0.002709333206302326,0.0002917743452940966,0.008265663887223645,0.00043404700108954654,0.008790367555579472,0.007265712539250731,0.0013934426961831861
13,imports,low_density,random,0.01,3,120000,13,0.8694860301039586,0.8686320644800343,0.0008539656239243687,0.0008539656239243687,0.013691666666666666,0.0073,0.0007833333333333334,0.01001612183994786,0.0028886635321594295,0.011818266801990619,0.00804258724542973,-0.00141146039535912
13,imports,high_density,random,0.01,4,192062,13,0.8639346968301155,0.8631439089559317,0.0007907878741837404,0.0007907878741837404,0.006383355374826879,0.000827857670960419,0.0002915725130426633,0.0016308695919748908,0.0005921664833770408,0.0033804813656813904,-0.0016296648727622506,0.0008777449938306661
13,imports,mid_density,random,0.01,4,167938,13,0.9441851157971929,0.9421799156637204,0.0020052001334724956,0.0020052001334724956,0.017810144219890675,0.0017149186009122414,0.009354642784837261,0.005231892746198703,0.013916078341054646,0.010529316630713886,-0.0005037999648534565,-0.0004897444016430695
13,imports,low_density,random,0.01,4,120000,13,0.8694860301039586,0.8677917035486072,0.0016943265553513998,0.0016943265553513998,0.01635,0.006958333333333334,0.0019333333333333333,0.00954733074926537,0.007129467441074337,0.013568649879838976,0.006117629485624454,-0.002128786357357956
13,imports,high_density,random,0.01,5,192062,13,0.8639346968301155,0.8683980523039246,-0.004463355473809161,-0.004463355473809161,0.005461777967531318,0.0011402567920775584,0.0,0.0022462920795125853,0.0,0.0033568694548696916,0.0012410198994681316,-0.001297311192032212
13,imports,mid_density,random,0.01,5,167938,13,0.9441851157971929,0.9433915003670004,0.000793615430192518,0.000793615430192518,0.00936059736331265,0.00217342114351725,0.002209148614369589,0.00663069740403655,0.003286355865392281,0.011565854919302808,0.0009003434935919532,-0.001637274383324552
13,imports,low_density,random,0.01,5,120000,13,0.8694860301039586,0.8675768601589603,0.0019091699449983457,0.0019091699449983457,0.013391666666666666,0.0047,0.0024666666666666665,0.0064487359791445134,0.009096217079991396,0.01339560518628594,0.0016097754793422607,-0.0008193598498944345
13,imports,high_density,random,0.01,6,192062,13,0.8639346968301155,0.8617225900441599,0.0022121067859556254,0.0022121067859556254,0.0,0.0,0.0,0.0,0.0,0.001810346836196506,-0.0007950549231186122,-0.0007665078934732211
13,imports,mid_density,random,0.01,6,167938,13,0.9441851157971929,0.9423152051618869,0.0018699106353059491,0.0018699106353059491,0.0166370922602389,0.0009229596636854077,0.011033833914897165,0.0028157756099333295,0.0164140631228353,0.009791864414106658,-0.0049595307281700435,-0.00019760238224424262
13,imports,low_density,random,0.01,6,120000,13,0.8694860301039586,0.8650470700663297,0.004438960037628892,0.004438960037628892,0.014975,0.005458333333333333,0.002958333333333333,0.007489223521878823,0.01090931440336806,0.015402215388786817,0.00012965245720203246,-0.001492191111637356
13,imports,high_density,random,0.01,7,192062,13,0.8639346968301155,0.8625281654206536,0.0014065314094618975,0.0014065314094618975,0.0,0.0,0.0,0.0,0.0,0.0011702541649742768,-0.00034793751255956916,-0.0004019575313684173
13,imports,mid_density,random,0.01,7,167938,13,0.9441851157971929,0.9441615080307157,2.360776647714058e-05,2.360776647714058e-05,0.007300313210827806,0.0009944146053900845,0.002221057771320368,0.0030337711410249424,0.003304072069518385,0.008264811317562314,-0.001963687579423722,-0.0009600970830285965
13,imports,low_density,random,0.01,7,120000,13,0.8694860301039586,0.8698330925945065,-0.00034706249054783367,-0.00034706249054783367,0.011066666666666667,0.003575,0.0019666666666666665,0.004905155558604603,0.007252389293506653,0.010785465062577939,0.0006661503945807664,-0.00018194019955880506
13,imports,high_density,random,0.01,8,192062,13,0.8639346968301155,0.860628452186222,0.003306244643893508,0.003306244643893508,0.005529464443773365,0.001634888733846362,0.0002915725130426633,0.003220711018113935,0.0005921664833770408,0.003974835931687125,-0.0010032605322510089,0.000816452204659538
13,imports,mid_density,random,0.01,8,167938,13,0.9441851157971929,0.9430822540099968,0.0011028617871960966,0.0011028617871960966,0.01574390548893044,0.0029832438161702533,0.001679191130059903,0.009101313423074827,0.002497984781780656,0.010847294549367644,0.0023809477288419456,-0.0006007994646508443
13,imports,low_density,random,0.01,8,120000,13,0.8694860301039586,0.8671963946855819,0.0022896354183767897,0.0022896354183767897,0.015616666666666666,0.008066666666666666,0.0022333333333333333,0.011068043311723208,0.008235764112965182,0.015040440278475344,0.007001459673348935,-0.0022706909759677733
13,imports,high_density,random,0.01,9,192062,13,0.8639346968301155,0.8548561772653438,0.009078519564771681,0.009078519564771681,0.0019524945069821203,0.0,0.0011402567920775584,0.0,0.0023157939260637847,0.00675868078221087,-0.00675868078221087,-0.0026607487379198412
13,imports,mid_density,random,0.01,9,167938,13,0.9441851157971929,0.9429320668020387,0.0012530489951542156,0.0012530489951542156,0.022555943264776286,0.0,0.014106396408198264,0.0,0.020984843787370117,0.024285523966147474,-0.024226015143094266,-0.0013919672070471611
13,imports,low_density,random,0.01,9,120000,13,0.8694860301039586,0.8666131595962485,0.0028728705077101235,0.0028728705077101235,0.028558333333333335,7.5e-05,0.0133,0.00010290536136932734,0.04904581912049415,0.02617276693464233,-0.025984587914613753,0.004098596050749042
13,imports,high_density,random,0.01,10,192062,13,0.8639346968301155,0.8575714982927714,0.006363198537344128,0.006363198537344128,0.0020305942872614054,0.0,0.0008018244108673241,0.0,0.0016284578292868623,0.006585830957181025,-0.0064583602328439245,0.00241918803070608
13,imports,mid_density,random,0.01,10,167938,13,0.9441851157971929,0.9389986858554131,0.005186429941779758,0.005186429941779758,0.03405423430075385,0.001065869547094761,0.022972763758053568,0.003251766672116555,0.0341745577592545,0.026854445808173096,-0.022186287915191772,0.008253294897795778
13,imports,low_density,random,0.01,10,120000,13,0.8694860301039586,0.8662001449689806,0.0032858851349780727,0.0032858851349780727,0.02615,0.001825,0.010041666666666667,0.002504030459986965,0.03703020804523524,0.024501618515048777,-0.019614312929144746,0.004982005592403354
13,imports,high_density,random,0.01,11,192062,13,0.8639346968301155,0.8649799024570022,-0.0010452056268867027,-0.0010452056268867027,0.00044256542158261394,0.0002967791650612823,0.0,0.0005846513631608099,0.0,0.002689528868603354,0.00036807105048091945,-0.0006959023391904082
13,imports,mid_density,random,0.01,11,167938,13,0.9441851157971929,0.9434137517481651,0.0007713640490277784,0.0007713640490277784,0.013802712905953387,0.0030904262287272683,0.0033107456323166885,0.009428306719712246,0.004925104747056896,0.013409594679017601,0.0008391139981838744,-0.0006911785451007034
13,imports,low_density,random,0.01,11,120000,13,0.8694860301039586,0.8684198212279035,0.0010662088760551303,0.0010662088760551303,0.018183333333333333,0.004908333333333333,0.003925,0.006734584205170422,0.014474048123905228,0.0166590395917693,-0.0010847322365711142,-0.0006386122648516357
13,imports,high_density,random,0.01,12,192062,13,0.8639346968301155,0.8693722050765954,-0.005437508246479927,-0.005437508246479927,0.007174766481656965,0.0022701002801178787,0.0,0.004472070076107248,0.0,0.0017911310120666303,0.0011949600418527278,-0.0005497319622377558
13,imports,mid_density,random,0.01,12,167938,13,0.9441851157971929,0.9426260399492402,0.0015590758479526734,0.0015590758479526734,0.00786004358751444,0.002667651156974598,0.0019531017399278304,0.008138499827420204,0.0029054574766810464,0.010311231825180765,0.004213518101362867,-0.0008408773165200395
13,imports,low_density,random,0.01,12,120000,13,0.8694860301039586,0.8674961947575999,0.0019898353463587704,0.0019898353463587704,0.014358333333333334,0.008616666666666667,0.0012083333333333334,0.011822682628431608,0.004455917150671461,0.014160423622258732,0.008368013067825154,-0.0014849592069523
13,imports,high_density,random,0.01,13,192062,13,0.8639346968301155,0.8671001524951606,-0.0031654556650451138,-0.0031654556650451138,0.006914433880726016,0.0007445512386625152,0.0011871166602451292,0.0014667569286315055,0.0024109635394636664,0.004735047445975116,-0.002236861345019538,-0.0014510105560740037
13,imports,mid_density,random,0.01,13,167938,13,0.9441851157971929,0.9431988698366498,0.0009862459605430862,0.0009862459605430862,0.03344091271778871,0.001613690766830616,0.0201145660898665,0.004923065743818919,0.029922668768989556,0.017612340558707886,-0.008270394632769391,-0.004913490369946047
13,imports,low_density,random,0.01,13,120000,13,0.8694860301039586,0.8681984820622761,0.001287548041682518,0.001287548041682518,0.019008333333333332,0.0035916666666666666,0.005216666666666666,0.004928023416686676,0.019237269905657477,0.0179965141586284,-0.007244507508240982,0.0006127936001872205
13,imports,high_density,random,0.01,14,192062,13,0.8639346968301155,0.8636787475929207,0.0002559492371947414,0.0002559492371947414,0.011850339994376817,0.003274984119711343,0.0,0.006451679077686832,0.0,0.006866529806017836,0.00587054057394675,-0.0008775975888993443
13,imports,mid_density,random,0.01,14,167938,13,0.9441851157971929,0.9441055230620063,7.959273518653998e-05,7.959273518653998e-05,0.02756969834105444,0.008181590825185485,0.0012206885874548941,0.024960488309989644,0.0018159109229256539,0.014839870366225956,0.010813956164981254,-0.0001744977651079365
13,imports,low_density,random,0.01,14,120000,13,0.8694860301039586,0.8708975137003344,-0.0014114835963757733,-0.0014114835963757733,0.0152,0.006608333333333333,0.001225,0.009067105729541843,0.0045173780768876185,0.014650216878492344,0.00546086385712448,-0.0003291134973262207
13,imports,high_density,random,0.01,15,192062,13,0.8639346968301155,0.8626755021464756,0.001259194683639886,0.001259194683639886,0.07167477168830898,0.04391290312503254,0.0,0.08650788766488195,0.0,0.042931412800023445,0.042931412800023445,0.0039274945194663026
13,imports,mid_density,random,0.01,15,167938,13,0.9441851157971929,0.9364876270576059,0.007697488739586977,0.007697488739586977,0.16429872929295336,0.0899022258214341,0.0,0.27427471070176396,0.0,0.1373512299011975,0.1373512299011975,0.02312797533166894
13,imports,low_density,random,0.01,15,120000,13,0.8694860301039586,0.8654376655349221,0.004048364569036567,0.004048364569036567,0.1615,0.11434166666666666,0.0,0.15688494037206005,0.0,0.14747424390591785,0.14747424390591785,-0.011102473119370721
13,imports,high_density,random,0.01,16,192062,13,0.8639346968301155,0.8488052089356396,0.01512948789447588,0.01512948789447588,0.01013735148025117,0.0,0.007143526569545251,0.0,0.0145080788427375,0.016958086714217422,-0.016813093917515037,0.0010531902366970058
13,imports,mid_density,random,0.01,16,167938,13,0.9441851157971929,0.9378219700224373,0.0063631457747556075,0.0063631457747556075,0.05871214376734271,0.0005716395336374139,0.042658600197692007,0.001743964248732901,0.06345944317970431,0.043823741294099425,-0.04216362527436672,0.002732568870451131
13,imports,low_density,random,0.01,16,120000,13,0.8694860301039586,0.8686896062260003,0.0007964238779583077,0.0007964238779583077,0.03605,0.0012166666666666667,0.01395,0.0016693536399913103,0.05144279524292431,0.035163602100983155,-0.030714662952735696,0.0072452077559480585
13,imports,high_density,random,0.01,17,192062,13,0.8639346968301155,0.8640300641698772,-9.53673397616761e-05,-9.53673397616761e-05,0.005409711447345128,0.0014838958253064114,0.0007862044548114671,0.0029232568158040497,0.001596734624820235,0.003213225785493932,-0.0014491437121756457,0.00031164325794151365
13,imports,mid_density,random,0.01,17,167938,13,0.9441851157971929,0.9424087140016443,0.00177640179554861,0.00177640179554861,0.01615477140373233,0.002721242363253105,0.0066036275292072075,0.008301996475738914,0.009823635187924635,0.017524567519583773,-0.004715659618303596,0.0007274354192769242
13,imports,low_density,random,0.01,17,120000,13,0.8694860301039586,0.8677413188568386,0.0017447112471200565,0.0017447112471200565,0.017958333333333333,0.004225,0.0049,0.00579700202380544,0.018069512307550474,0.016026357545219885,-0.004359292016261926,0.0003652490813798089
13,imports,high_density,random,0.01,18,192062,13,0.8639346968301155,0.8699165004133957,-0.005981803583280265,-0.005981803583280265,0.010960002499192968,0.0030042382147431558,0.0,0.00591831292182083,0.0,0.0067999159261165915,0.006512370402514498,-0.0015683264655794386
13,imports,mid_density,random,0.01,18,167938,13,0.9441851157971929,0.9441882781751924,-3.1623779994660595e-06,-3.1623779994660595e-06,0.014052805201919757,0.0034536555157260417,0.0024413771749097883,0.010536450669427943,0.0036318218458513078,0.01615469388395649,0.008615083229281836,-0.0018661408193317477
13,imports,low_density,random,0.01,18,120000,13,0.8694860301039586,0.8692559179338047,0.0002301121701538955,0.0002301121701538955,0.024816666666666667,0.012891666666666666,0.0016416666666666667,0.017688288226483266,0.006053901232291571,0.02137127014868488,0.015481884861054895,-0.002595807229552223
13,imports,high_density,random,0.01,19,192062,13,0.8639346968301155,0.86431374585797,-0.0003790490278545722,-0.0003790490278545722,0.001666128645958076,0.0,0.0007966177588487051,0.0,0.0016178834277979866,0.005230211451749008,-0.0011661309498882898,-0.001799218508706631
13,imports,mid_density,random,0.01,19,167938,13,0.9441851157971929,0.9420190897861964,0.002166026010996469,0.002166026010996469,0.023449130036084745,0.0033286093677428576,0.0102597387130965,0.01015495849001762,0.015262509854638544,0.019767413509771598,-0.001979186147856863,-0.0047519332074461695
13,imports,low_density,random,0.01,19,120000,13,0.8694860301039586,0.8681316202287956,0.0013544098751629985,0.0013544098751629985,0.023108333333333335,0.008608333333333334,0.00375,0.011811248699390571,0.013828708398635568,0.021810602772170586,0.001545472332373212,-0.001031195690983756
13,imports,high_density,random,0.01,20,192062,13,0.8639346968301155,0.8700538196904817,-0.0061191228603662,-0.0061191228603662,0.01152752756922244,0.0027699388739053014,0.0,0.005456746056167559,0.0,0.0026794535016101554,0.0020633471927052447,-0.0009266432049069823
13,imports,mid_density,random,0.01,20,167938,13,0.9441851157971929,0.9443339442060552,-0.00014882840886232263,-0.00014882840886232263,0.011111243435077231,0.001679191130059903,0.002113875358763353,0.005122894980652897,0.0031446262323834495,0.00902523370554671,0.0019436211108569872,-0.0009075844244976149
13,imports,low_density,random,0.01,20,120000,13,0.8694860301039586,0.8676812760596784,0.0018047540442802656,0.0018047540442802656,0.013483333333333333,0.006925,0.0019333333333333333,0.009501595033101225,0.007129467441074337,0.012395914126185497,0.006441310049405688,-0.0022766368014106014
13,imports,high_density,important,0.05,0,192062,65,0.8639346968301155,0.7982581665364938,0.06567653029362164,0.06567653029362164,0.08246816132290614,0.0,0.07377305245181244,0.0,0.14982869469588023,0.09700890131316842,-0.09061698778652602,-0.04280645077718613
13,imports,mid_density,important,0.05,0,167938,65,0.9441851157971929,0.853025500320492,0.09115961547670093,0.09115961547670093,0.24537626981385988,0.02224035060558063,0.18615203229763366,0.06785110905226442,0.2769219866951307,0.21647193336230716,-0.1501729452435485,-0.06744400825410406
13,imports,low_density,important,0.05,0,120000,65,0.8694860301039586,0.7654647708792781,0.10402125922468053,0.10402125922468053,0.17891666666666667,0.0488,0.0804,0.06695708846430899,0.29648750806674656,0.1635011861365325,-0.04609272245000463,-0.021357414990994947
13,imports,high_density,random,0.05,1,192062,65,0.8639346968301155,0.8486558690237637,0.015278827806351813,0.015278827806351813,0.025731274276015036,0.0,0.02094636107090419,0.0,0.04254081718974706,0.017743001500191764,-0.017130872968147477,-0.0009934243910088738
13,imports,mid_density,random,0.05,1,167938,65,0.9441851157971929,0.9342283388955085,0.009956776901684394,0.009956776901684394,0.06679250675844657,0.0016970548654860723,0.045540616179780634,0.005177393863425799,0.06774676457822147,0.05863677037656319,-0.0503652441511477,-0.0009051080025390288
13,imports,low_density,random,0.05,1,120000,65,0.8694860301039586,0.8607076215078722,0.008778408596086473,0.008778408596086473,0.055016666666666665,0.004666666666666667,0.023241666666666667,0.006403000262980368,0.08570726160843244,0.050658804196967964,-0.03755416993060756,0.005944743338145419
13,imports,high_density,random,0.05,2,192062,65,0.8639346968301155,0.8597999716803788,0.004134725149736673,0.004134725149736673,0.009512553238016891,0.002499192968937114,0.0006456248503087544,0.004923379900301557,0.0013112257846205906,0.008679301566387942,0.00039792571856883744,0.0007941187890903689
13,imports,mid_density,random,0.05,2,167938,65,0.9441851157971929,0.9416677406111686,0.00251737518602424,0.00251737518602424,0.04819635817980445,0.013481165668282342,0.0028046064619085616,0.041128490199284246,0.004172166071697478,0.03518529022393448,0.019902049257882564,-0.0018288198096710828
13,imports,low_density,random,0.05,2,120000,65,0.8694860301039586,0.8637544359448444,0.005731594159114284,0.005731594159114284,0.048633333333333334,0.025125,0.005058333333333333,0.03447329605872466,0.018653391106603977,0.0445583559939283,0.024933348407570277,-0.006324201207393956
13,imports,high_density,random,0.05,3,192062,65,0.8639346968301155,0.8651665808718642,-0.0012318840417486765,-0.0012318840417486765,0.015047224333808874,0.005232685278712083,0.0,0.010308326666256385,0.0,0.015953479584656222,0.01433500352307122,-0.004582798047658972
13,imports,mid_density,random,0.05,3,167938,65,0.9441851157971929,0.9312542438806606,0.012930871916532305,0.012930871916532305,0.06522049804094368,0.03374459622003358,0.0016077361883552264,0.10294838955801407,0.002391687557024032,0.053000925858916616,0.0438585996639307,-0.0011550138139164964
13,imports,low_density,random,0.05,3,120000,65,0.8694860301039586,0.8671011934613979,0.002384836642560728,0.002384836642560728,0.060158333333333334,0.0349,0.0024666666666666665,0.04788529482386032,0.009096217079991396,0.053659615187255726,0.042365952696251014,-0.006784022041382612
13,imports,high_density,random,0.05,4,192062,65,0.8639346968301155,0.8628834206893822,0.0010512761407333038,0.0010512761407333038,0.02988097593485437,0.014729618560673115,0.0002447126448750924,0.0290171702874023,0.0004969968699771593,0.025928514886318716,0.023998887147441018,0.0023495924144405944
13,imports,mid_density,random,0.05,4,167938,65,0.9441851157971929,0.9347984692076422,0.009386646589550685,0.009386646589550685,0.09579130393359454,0.04669580440400624,0.00065500363229287,0.14246007956836884,0.0009743912269357168,0.08667399148372112,0.08319200966674879,0.0029107685080695467
13,imports,low_density,random,0.05,4,120000,65,0.8694860301039586,0.8495050732581384,0.01998095684582024,0.01998095684582024,0.108625,0.07473333333333333,0.003841666666666667,0.10253947564001417,0.014166743492824437,0.09922551219896257,0.0908602991307593,-0.01954559609085634
13,imports,high_density,random,0.05,5,192062,65,0.8639346968301155,0.8634164603744041,0.0005182364557113628,0.0005182364557113628,0.028178400724765962,0.01378721454530308,0.0,0.027160645783330255,0.0,0.02434958213615134,0.024039867806816745,-0.004726545287733958
13,imports,mid_density,random,0.05,5,167938,65,0.9441851157971929,0.9243124473799961,0.019872668417196815,0.019872668417196815,0.12065166906834665,0.06829901511272017,0.00033345639462182473,0.20836739513506639,0.0004960537155309103,0.09609138186427775,0.09330011155601498,0.0008237345287351081
13,imports,low_density,random,0.05,5,120000,65,0.8694860301039586,0.8631061313600668,0.0063798987438918875,0.0063798987438918875,0.11116666666666666,0.0759,0.0011,0.10414022570575927,0.004056421130266433,0.10169558089258647,0.09509351153277563,-0.012364051067406855
13,imports,high_density,random,0.05,6,192062,65,0.8639346968301155,0.8641110034506436,-0.00017630662052814383,-0.00017630662052814383,0.022550009892638834,0.008533702658516521,0.0,0.016811290951238025,0.0,0.01694648754884294,0.016132239967777597,-0.0035649681318346265
13,imports,mid_density,random,0.05,6,167938,65,0.9441851157971929,0.9289938120680215,0.015191303729171435,0.015191303729171435,0.1071109576153104,0.0555859900677631,9.527325560623563e-05,0.169582356895017,0.00014172963300883152,0.08577900587343382,0.08343551612543536,-0.004208481531445251
13,imports,low_density,random,0.05,6,120000,65,0.8694860301039586,0.8610051201068188,0.008480909997139796,0.008480909997139796,0.10175833333333334,0.06819166666666666,0.0006166666666666666,0.09356384134280063,0.002274054269997849,0.09116570277194147,0.08648558408759013,-0.01298062506346552
13,imports,high_density,random,0.05,7,192062,65,0.8639346968301155,0.8523708008250586,0.011563896005056917,0.011563896005056917,0.04929658131228457,0.026496652122752026,0.002884485218314919,0.05219808398465547,0.005858218424837154,0.02434310072172144,0.01989365211557559,-0.003709570131428236
13,imports,mid_density,random,0.05,7,167938,65,0.9441851157971929,0.9380160633054855,0.006169052491707405,0.006169052491707405,0.07055580035489288,0.021448391668353797,0.013689575914920983,0.06543499191599905,0.02036477664295648,0.043360923833175545,0.014557889082074272,-0.004719514163028356
13,imports,low_density,random,0.05,7,120000,65,0.8694860301039586,0.8692615391500182,0.00022449095394039276,0.00022449095394039276,0.042125,0.016266666666666665,0.005991666666666667,0.022319029488102996,0.02209520297470883,0.03938963768378726,0.009843702881201573,-0.0009449211432241988
13,imports,high_density,random,0.05,8,192062,65,0.8639346968301155,0.863002117462129,0.0009325793679865191,0.0009325793679865191,0.0188116337432704,0.00637814872280826,0.0,0.012564875787227932,0.0,0.012847651679892571,0.009281610249495875,-0.005169439550709093
13,imports,mid_density,random,0.05,8,167938,65,0.9441851157971929,0.9410066311042069,0.0031784846929859834,0.0031784846929859834,0.03955031023353857,0.011813883695173218,0.0042575236099036545,0.03604192780714662,0.006333542975082159,0.02860871497356194,0.004617673628596451,-0.005880180745918567
13,imports,low_density,random,0.05,8,120000,65,0.8694860301039586,0.8601692791982299,0.009316750905728699,0.009316750905728699,0.04095833333333333,0.02015,0.006725,0.027647240421225946,0.024799483728219784,0.03707202365106547,0.011895713988136051,-0.005118653561032453
13,imports,high_density,random,0.05,9,192062,65,0.8639346968301155,0.86751439106692,-0.003579694236804487,-0.003579694236804487,0.02256562984869469,0.008137997105101477,0.0,0.016031755800356946,0.0,0.012680256378491591,0.011402900951252116,-0.0006610066084950915
13,imports,mid_density,random,0.05,9,167938,65,0.9441851157971929,0.942151764996098,0.002033350801094902,0.002033350801094902,0.04520120520668342,0.01526158463242387,0.0016017816098798366,0.04656021218231693,0.00238282945496098,0.040397087283438264,0.03295732613665584,0.002113330247223279
13,imports,low_density,random,0.05,9,120000,65,0.8694860301039586,0.8662398086613055,0.0032462214426531855,0.0032462214426531855,0.044625,0.025791666666666668,0.0019833333333333335,0.03538801038200757,0.007313850219722811,0.041283297142308696,0.02852394059856825,-0.006509806756745208
13,imports,high_density,random,0.05,10,192062,65,0.8639346968301155,0.859935047636378,0.00399964919373752,0.00399964919373752,0.014901438077287542,0.0035873832408284826,0.0005102518978246608,0.007067101565224527,0.0010362913459098216,0.010739236285143646,0.0012301116301713386,-0.0055184589610443755
13,imports,mid_density,random,0.05,10,167938,65,0.9441851157971929,0.9385650897490496,0.005620026048143267,0.005620026048143267,0.046219438125975065,0.007550405506794174,0.013379937834200717,0.0230348611186804,0.019904155335677777,0.038200171219769284,-0.0019785942554371026,-0.0033989072506705
13,imports,low_density,random,0.05,10,120000,65,0.8694860301039586,0.8635923356419669,0.0058936944619917275,0.0058936944619917275,0.042958333333333334,0.016166666666666666,0.008741666666666667,0.02218182233961056,0.03223625580037491,0.04113295364780315,0.003672332761022837,-0.003557009134841809
13,imports,high_density,random,0.05,11,192062,65,0.8639346968301155,0.8488630335383285,0.015071663291786996,0.015071663291786996,0.00761212525122096,0.0,0.005493017879643032,0.0,0.011155993570763894,0.014598463928890743,-0.009142943465785727,0.0027863446332171467
13,imports,mid_density,random,0.05,11,167938,65,0.9441851157971929,0.9385383723859684,0.0056467434112245085,0.0056467434112245085,0.046290893067679736,0.0034179280448737035,0.025420095511438746,0.010427452903882138,0.03781523770716886,0.037360003699077986,-0.018220271759133787,-0.0011105336402852072
13,imports,low_density,random,0.05,11,120000,65,0.8694860301039586,0.8581065352931867,0.01137949481077194,0.01137949481077194,0.046575,0.01605,0.010891666666666666,0.02202174733303605,0.0401647152822593,0.04411628317561091,0.0005069328941690038,-0.005618106865210274
13,imports,high_density,random,0.05,12,192062,65,0.8639346968301155,0.8680080744205219,-0.00407337759040638,-0.00407337759040638,0.026246732825858318,0.007648571815351292,0.0,0.015067593903214558,0.0,0.015738561343994102,0.011715097637878216,-0.005712492899356882
13,imports,mid_density,random,0.05,12,167938,65,0.9441851157971929,0.9340604494833675,0.010124666313825359,0.010124666313825359,0.0559373101978111,0.025485595874668032,0.003626338291512344,0.07775173942267517,0.00539458415639865,0.05071790773862624,0.033596965070115066,-0.001358798738587869
13,imports,low_density,random,0.05,12,120000,65,0.8694860301039586,0.8651015689486622,0.0043844611552964485,0.0043844611552964485,0.05925,0.033375,0.002925,0.04579288580935067,0.010786392550935742,0.05583774164675511,0.03795893792615957,-0.005456073422099965
13,imports,high_density,random,0.05,13,192062,65,0.8639346968301155,0.8409828491772017,0.022951847652913804,0.022951847652913804,0.032775874457206526,0.0007028980225135634,0.025741687580052276,0.001384700596959813,0.052279840961001606,0.028810039889923318,-0.028551985506320137,0.001306170351552707
13,imports,mid_density,random,0.05,13,167938,65,0.9441851157971929,0.9332909438061253,0.01089417199106757,0.01089417199106757,0.11779347140015958,0.0008217318296037824,0.09035477378556372,0.002506948607553545,0.1344128407047506,0.10086716794001341,-0.09625236928852568,-0.0011908572347078617
13,imports,low_density,random,0.05,13,120000,65,0.8694860301039586,0.8547208702324075,0.014765159871551137,0.014765159871551137,0.09806666666666666,0.0049,0.04755,0.0067231502761293865,0.175348022494699,0.0941596946258913,-0.08251737184705721,0.016890794255855438
13,imports,high_density,random,0.05,14,192062,65,0.8639346968301155,0.8585837452237014,0.005350951606414078,0.005350951606414078,0.019972717143422438,0.0,0.015510616363465964,0.0,0.0315011420353608,0.015078872935098563,-0.014747281175076472,-0.0024055414996890503
13,imports,mid_density,random,0.05,14,167938,65,0.9441851157971929,0.9369621409752977,0.007222974821895156,0.007222974821895156,0.05894437232788291,0.0006014124260143624,0.04168800390620348,0.0018347957200210729,0.06201557254342684,0.0456057886889288,-0.041640569303874275,-0.0006045415027216362
13,imports,low_density,random,0.05,14,120000,65,0.8694860301039586,0.8595670332385863,0.009918996865372343,0.009918996865372343,0.04705,0.004966666666666667,0.018825,0.006814621708457677,0.06942011616115056,0.045208628477076886,-0.030998626784741964,0.004273385516726689
13,imports,high_density,random,0.05,15,192062,65,0.8639346968301155,0.8133021874009042,0.05063250942921127,0.05063250942921127,0.06783226249856818,0.0,0.06022534389936583,0.0,0.12231410202182556,0.05371791213145486,-0.0531633852708903,-0.0016508815069869501
13,imports,mid_density,random,0.05,15,167938,65,0.9441851157971929,0.9203053347664054,0.023879781030787472,0.023879781030787472,0.15154402219866855,0.005829532327406543,0.11451249866021984,0.01778480207822406,0.17035016077455245,0.1337428110836455,-0.11556956672258686,0.0018943729929980595
13,imports,low_density,random,0.05,15,120000,65,0.8694860301039586,0.8583520529267521,0.011133977177206544,0.011133977177206544,0.10144166666666667,0.003958333333333334,0.05193333333333333,0.005431116294492277,0.19151224608954856,0.09294116549068364,-0.08298289639576516,0.010516952299093853
13,imports,high_density,random,0.05,16,192062,65,0.8639346968301155,0.8517199346669756,0.01221476216313988,0.01221476216313988,0.029282210952713186,0.007685018379481626,0.005805417000760171,0.015139393193427287,0.011790457660096438,0.020584270007208985,0.0033447285836488683,-0.004420888266963308
13,imports,mid_density,random,0.05,16,167938,65,0.9441851157971929,0.9345425981977311,0.009642517599461775,0.009642517599461775,0.07215758196477272,0.00936655194178804,0.03126749157427146,0.02857558086725889,0.046513893933085894,0.06622258985471165,-0.029860697271134173,0.006823068535386713
13,imports,low_density,random,0.05,16,120000,65,0.8694860301039586,0.8588424416732032,0.010643588430755413,0.010643588430755413,0.068425,0.00495,0.03128333333333334,0.006791753850375604,0.11536215850772871,0.06314235051895606,-0.04842171771316336,0.01050806798000127
13,imports,high_density,random,0.05,17,192062,65,0.8639346968301155,0.8681711830504418,-0.004236486220326352,-0.004236486220326352,0.024393164707229957,0.009632306234445127,0.0011246368360217013,0.01897552669907892,0.0022840707215971575,0.020998450778000593,0.01306735048793734,-0.00513629633910564
13,imports,mid_density,random,0.05,17,167938,65,0.9441851157971929,0.9371968009446593,0.006988314852533595,0.006988314852533595,0.046630304040776956,0.017566006502399697,0.007842179852088271,0.05359056806002144,0.011666120417039445,0.03685406552644059,0.006817640966905835,0.00017175592157541898
13,imports,low_density,random,0.05,17,120000,65,0.8694860301039586,0.8621949901176486,0.007291039986310088,0.007291039986310088,0.040875,0.017383333333333334,0.0067083333333333335,0.02385117597960187,0.024738022802003625,0.039850282518185155,0.006935631506965652,-0.0030065260065904728
13,imports,high_density,random,0.05,18,192062,65,0.8639346968301155,0.8677681795226669,-0.00383348269255146,-0.00383348269255146,0.014958711249492352,0.005191032062563131,0.0,0.010226270334584692,0.0,0.015137023286615432,0.012418745693630977,-0.006716583886216026
13,imports,mid_density,random,0.05,18,167938,65,0.9441851157971929,0.9360127827734357,0.008172333023757195,0.008172333023757195,0.05713418047136443,0.024336362228917816,0.003185699484333504,0.07424564463095173,0.004739084603732804,0.05028260284182465,0.037175208024144056,-0.004594381409903088
13,imports,low_density,random,0.05,18,120000,65,0.8694860301039586,0.860462490029865,0.009023540074093672,0.009023540074093672,0.05968333333333333,0.030525,0.006416666666666667,0.04188248207731623,0.02366245659322086,0.05549201359322779,0.028245797620621432,-0.010829912842459329
13,imports,high_density,random,0.05,19,192062,65,0.8639346968301155,0.8631609060476229,0.0007737907824926227,0.0007737907824926227,0.001723401818162885,0.0,0.000869510887109371,0.0,0.001765925048642247,0.004376532829620126,-0.0010114672024505251,-0.001649844693582182
13,imports,mid_density,random,0.05,19,167938,65,0.9441851157971929,0.9400732742743343,0.004111841522858595,0.004111841522858595,0.03188676773571199,0.0053055294215722465,0.013433529040479224,0.016186168183552237,0.019983878254245246,0.027222992155047355,-0.0016667633144603808,-0.0031362599470392623
13,imports,low_density,random,0.05,19,120000,65,0.8694860301039586,0.8656143708805,0.0038716592234586678,0.0038716592234586678,0.030325,0.008966666666666666,0.007233333333333333,0.012302907648155136,0.026674041977812604,0.0286904012490239,-0.0029435723993379947,-0.0015924327165773133
13,imports,high_density,random,0.05,20,192062,65,0.8639346968301155,0.8676538765485571,-0.003719179718441601,-0.003719179718441601,0.020790161510345618,0.009861398923264363,0.0,0.019426836523273226,0.0,0.01021637007997669,0.005924121025409563,-0.002032835969927376
13,imports,mid_density,random,0.05,20,167938,65,0.9441851157971929,0.9384991852572875,0.005685930539905404,0.005685930539905404,0.046356393430909026,0.014642308470983339,0.004180114089723588,0.044670917579522955,0.006218387648262483,0.04069186763624937,0.024572250966153383,0.0004706254032547752
13,imports,low_density,random,0.05,20,120000,65,0.8694860301039586,0.8658103847067229,0.0036756453972357495,0.0036756453972357495,0.04974166666666666,0.02615,0.004008333333333333,0.035879669330772135,0.014781352754986017,0.04517501753466533,0.02897001680300898,-0.00591349202581514
13,imports,high_density,important,0.1,0,192062,129,0.8639346968301155,0.8081004651835119,0.055834231646603616,0.055834231646603616,0.11477543709843696,0.0027126657017004924,0.10419552019660318,0.005343918600118982,0.2116149225953811,0.09254329896129504,-0.08104525282906752,-0.045672394140587526
13,imports,mid_density,important,0.1,0,167938,129,0.9441851157971929,0.8038301550841451,0.14035496071304776,0.14035496071304776,0.29116697828960686,0.05459157546237302,0.18706903738284367,0.16654858575399203,0.2782861344128407,0.22993512032004346,-0.10919902997251449,-0.10529075705064528
13,imports,low_density,important,0.1,0,120000,129,0.8694860301039586,0.7353847272516129,0.13410130285234578,0.13410130285234578,0.21529166666666666,0.09186666666666667,0.070775,0.12604763374838496,0.2609938231769153,0.1934150764748743,0.01526920840125231,-0.05466086726522462
13,imports,high_density,random,0.1,1,192062,129,0.8639346968301155,0.8374129993921249,0.0265216974379906,0.0265216974379906,0.02551259489123304,0.0007028980225135634,0.019009486519977924,0.001384700596959813,0.03860713983588529,0.02764588102789622,-0.025186378873004654,0.00041489949701463814
13,imports,mid_density,random,0.1,1,167938,129,0.9441851157971929,0.9230280327187435,0.021157083078449435,0.021157083078449435,0.09641653467351047,0.0034953375650537697,0.06884683633245603,0.010663614729231384,0.10241737605300688,0.09187933513716472,-0.07392741600973957,0.007336139965321168
13,imports,low_density,random,0.1,1,120000,129,0.8694860301039586,0.8528511830242176,0.016634847079741055,0.016634847079741055,0.08273333333333334,0.009408333333333333,0.035175,0.012908905887330064,0.12971328477920163,0.0788736622950421,-0.05129180754725475,0.010449665115242113
13,imports,high_density,random,0.1,2,192062,129,0.8639346968301155,0.8627237799173695,0.0012109169127459962,0.0012109169127459962,0.06850392060897002,0.041335610375816144,0.0,0.08143065214269596,0.0,0.04335726338668585,0.04318123776114109,0.005103108920518819
13,imports,mid_density,random,0.1,2,167938,129,0.9441851157971929,0.928868336449657,0.015316779347535836,0.015316779347535836,0.15071633579058938,0.08345341733258703,0.001113506174897879,0.2546006140207459,0.0016564650857907185,0.12414517585386496,0.11826122521220549,0.011664400824283319
13,imports,low_density,random,0.1,2,120000,129,0.8694860301039586,0.8551748071591057,0.014311222944852986,0.014311222944852986,0.1697,0.12250833333333333,0.000325,0.1680901908322757,0.0011984880612150824,0.15461149140921035,0.1516548560431874,-0.018367292620050046
13,imports,high_density,random,0.1,3,192062,129,0.8639346968301155,0.8329445110591026,0.030990185771012868,0.030990185771012868,0.03729524840936781,0.003780029365517385,0.020706855078047714,0.007446612099206105,0.04205439472125878,0.029111263309418982,-0.015195865386329558,-0.008763910032926632
13,imports,mid_density,random,0.1,3,167938,129,0.9441851157971929,0.9189392498266545,0.02524586597053835,0.02524586597053835,0.11811501863783062,0.006442853910371684,0.08495992568686063,0.019655930386760403,0.1263874002356255,0.10450634678001519,-0.07923981158889394,0.0010637782300954078
13,imports,low_density,random,0.1,3,120000,129,0.8694860301039586,0.8557296016631947,0.013756428440763968,0.013756428440763968,0.084725,0.007566666666666667,0.036316666666666664,0.010382007569261026,0.13392335822500845,0.07983559546134915,-0.05665239629147221,0.00708740173749473
13,imports,high_density,random,0.1,4,192062,129,0.8639346968301155,0.7738299368135354,0.09010476001658008,0.09010476001658008,0.05250908560777249,0.0,0.04768772583853131,0.0,0.09685094323661281,0.04823528808994054,-0.04773964584709887,-0.0011797708038464884
13,imports,mid_density,random,0.1,4,167938,129,0.9441851157971929,0.9163116361099937,0.02787347968719922,0.02787347968719922,0.1612083030642261,0.0004406388071788398,0.13036954114018268,0.0013443057750649446,0.19393928656845985,0.15055024080112248,-0.14910496642090534,0.009285093265822778
13,imports,low_density,random,0.1,4,120000,129,0.8694860301039586,0.835923328204664,0.03356270189929467,0.03356270189929467,0.13473333333333334,0.0029083333333333335,0.07358333333333333,0.0039904412353216935,0.2713499892443379,0.12936819930253432,-0.12100408767274028,0.026887979400380443
13,imports,high_density,random,0.1,5,192062,129,0.8639346968301155,0.8576464293169224,0.006288267513193113,0.006288267513193113,0.07113848653039123,0.04009642719538482,0.0036915162812008622,0.0789894762754631,0.0074972506556128925,0.048031626939820216,0.04600911959997672,0.012026514346835465
13,imports,mid_density,random,0.1,5,167938,129,0.9441851157971929,0.92269205725158,0.021493058545612898,0.021493058545612898,0.1284045302433041,0.05638985816194072,0.013475211089806953,0.17203480661979761,0.02004588496868661,0.10388321594973234,0.077111591921374,0.010138187755768639
13,imports,low_density,random,0.1,5,120000,129,0.8694860301039586,0.8506690654003415,0.018816964703617156,0.018816964703617156,0.1203,0.08265833333333333,0.0026333333333333334,0.11341314215803977,0.009710826342152977,0.11349088823821085,0.10197748844768291,-0.02070688389611716
13,imports,high_density,random,0.1,6,192062,129,0.8639346968301155,0.7552947412990105,0.10863995553110495,0.10863995553110495,0.10299799023232081,0.0,0.09493288625548,0.0,0.1928030623466712,0.07694638263602781,-0.07693469640880742,0.004621260378401909
13,imports,mid_density,random,0.1,6,167938,129,0.9441851157971929,0.9242318108444385,0.01995330495275438,0.01995330495275438,0.21292381712298586,0.0002798651883433172,0.1789827198132644,0.0008538158301088161,0.2662568318112161,0.18764442525539712,-0.18668811897426657,0.010044355465570386
13,imports,low_density,random,0.1,6,120000,129,0.8694860301039586,0.861001402261541,0.008484627842417658,0.008484627842417658,0.13694166666666666,0.001925,0.07453333333333333,0.0026412376084794017,0.2748532620386589,0.13000874414033103,-0.12381395136126917,0.026356072589690454
13,imports,high_density,random,0.1,7,192062,129,0.8639346968301155,0.8506626636104622,0.013272033219653312,0.013272033219653312,0.02053503556143329,0.0013016630046547469,0.011355708052608013,0.002564260364740394,0.023062769647237965,0.018223100097099373,-0.010584958334257525,-0.008380906433839364
13,imports,mid_density,random,0.1,7,167938,129,0.9441851157971929,0.930548082636581,0.013637033160611933,0.013637033160611933,0.0818456811442318,0.0042515690314282656,0.05287665686146078,0.012970734099950951,0.0786599463199015,0.06888259919613068,-0.050971805813989614,-0.012963102121514311
13,imports,low_density,random,0.1,7,120000,129,0.8694860301039586,0.8578993819859281,0.011586648118030562,0.011586648118030562,0.06475,0.008758333333333333,0.025275,0.012017059422129226,0.09320549460680372,0.06177190806694444,-0.03622154651023346,0.0029174048880106266
13,imports,high_density,random,0.1,8,192062,129,0.8639346968301155,0.8566086037749695,0.007326093055145977,0.007326093055145977,0.05274338494861035,0.026184253001634888,0.0036030031968843396,0.05158266149711777,0.0073174858303020045,0.03611633971334896,0.012136740078421589,-0.002038181624743026
13,imports,mid_density,random,0.1,8,167938,129,0.9441851157971929,0.925946366442137,0.018238749355055872,0.018238749355055872,0.09325465350307852,0.013975395681739689,0.045558479915206805,0.0426362926226679,0.06777333888441063,0.0809701734859121,-0.0344459398624753,-0.005119492485488755
13,imports,low_density,random,0.1,8,120000,129,0.8694860301039586,0.8587067693085849,0.010779260795373724,0.010779260795373724,0.07330833333333334,0.017325,0.022641666666666668,0.023771138476314617,0.08349466826465075,0.06795968487865651,-0.020012059550251215,6.826850636685682e-07
13,imports,high_density,random,0.1,9,192062,129,0.8639346968301155,0.8499825395908653,0.01395215723925014,0.01395215723925014,0.06321916881007175,0.017098645229144754,0.03229165581947496,0.033684124151229816,0.06558243803400728,0.04182458965908456,0.011905105718850872,-0.009928141810990216
13,imports,mid_density,random,0.1,9,167938,129,0.9441851157971929,0.880298572565281,0.0638865432319119,0.0638865432319119,0.1941192582977051,0.10005478212197358,0.029945575152734938,0.3052482424110306,0.04454739527508836,0.16379375447556666,0.10714677166878511,-0.003174917467684877
13,imports,low_density,random,0.1,9,120000,129,0.8694860301039586,0.8393566095134971,0.03012942059046153,0.03012942059046153,0.19818333333333332,0.1426,0.005025,0.19565739375021438,0.01853046925417166,0.1824592623607497,0.16913301567014077,-0.018685186126203
13,imports,high_density,random,0.1,10,192062,129,0.8639346968301155,0.8528748288574758,0.011059867972639692,0.011059867972639692,0.016328060730389147,0.0021867938478199746,0.00473284668492466,0.004307957412763862,0.009612130953388039,0.020020813379054474,-0.009465159380260586,0.003353720043592412
13,imports,mid_density,random,0.1,10,167938,129,0.9441851157971929,0.9344895944928119,0.009695521304381005,0.009695521304381005,0.053984208457883265,0.010652740892472222,0.014290988340935345,0.03249950042690791,0.02125944495132473,0.05121537171162392,-0.003959322332275108,-0.009376457577149543
13,imports,low_density,random,0.1,10,120000,129,0.8694860301039586,0.8523410483415533,0.01714498176240531,0.01714498176240531,0.06975,0.025966666666666666,0.017075,0.035628122891869334,0.06296671890845396,0.06510513272827664,0.005807947338409621,-0.009201231325228027
13,imports,high_density,random,0.1,11,192062,129,0.8639346968301155,0.8608993525949971,0.00303534423511842,0.00303534423511842,0.03935708260874093,0.022539596588601597,0.0036915162812008622,0.04440273247584467,0.0074972506556128925,0.032967872097111627,0.030854435387162864,-0.006302980273098563
13,imports,mid_density,random,0.1,11,167938,129,0.9441851157971929,0.9263301289456878,0.017854986851505106,0.017854986851505106,0.12596910764686967,0.06733437339970703,0.005341256892424586,0.20542445546532961,0.007945717550557618,0.10325519593665669,0.08957924906294376,-0.001886458711208615
13,imports,low_density,random,0.1,11,120000,129,0.8694860301039586,0.8544313189186412,0.015054711185317426,0.015054711185317426,0.12443333333333334,0.08395833333333333,0.0026333333333333334,0.11519683508844145,0.009710826342152977,0.11395959769549484,0.10196570560999402,-0.01863964393243583
13,imports,high_density,random,0.1,12,192062,129,0.8639346968301155,0.8388740720403571,0.025060624789758346,0.025060624789758346,0.028558486322125147,0.007310139434141058,0.016911205756474472,0.014400886208382055,0.03434565603586837,0.01805761874752643,-0.010292124404423772,-0.0014809727674198912
13,imports,mid_density,random,0.1,12,167938,129,0.9441851157971929,0.9175034199854049,0.02668169581178803,0.02668169581178803,0.09607712370041324,0.01415998761447677,0.054960759327847185,0.04319944774465457,0.08176028204196968,0.079693096499314,-0.03495053565602995,-0.018411936658566313
13,imports,low_density,random,0.1,12,120000,129,0.8694860301039586,0.8528468706610106,0.016639159442948026,0.016639159442948026,0.0706,0.026208333333333333,0.018533333333333332,0.035959706834059385,0.06834454995236779,0.06430821023095966,-0.00036737582846865026,-0.007981952590486095
13,imports,high_density,random,0.1,13,192062,129,0.8639346968301155,0.8472484791369823,0.016686217693133165,0.016686217693133165,0.021612812529287418,0.0029886182586872988,0.011126615363788776,0.0058875417974439456,0.022597495981727434,0.01912569669044722,-0.005144452295525815,9.081484637414633e-05
13,imports,mid_density,random,0.1,13,167938,129,0.9441851157971929,0.9325227327213421,0.011662383075850768,0.011662383075850768,0.08450737772273101,0.009652371708606748,0.043188557682001694,0.029447562991625337,0.06424781426331594,0.06798127205885166,-0.03040349993359927,0.0009991430991393034
13,imports,low_density,random,0.1,13,120000,129,0.8694860301039586,0.8550545834764012,0.014431446627557465,0.014431446627557465,0.072125,0.014275,0.0232,0.019586320447295306,0.08555360929289205,0.0689385101015817,-0.025991681785109817,-0.00016045959714730405
13,imports,high_density,random,0.1,14,192062,129,0.8639346968301155,0.8518074594395182,0.01212723739059729,0.01212723739059729,0.051259489123303935,0.027741041955201967,0.005024419197967323,0.05464951689334728,0.010204297436765078,0.029217292644769344,0.01971392502923407,-0.004437070714965962
13,imports,mid_density,random,0.1,14,167938,129,0.9441851157971929,0.9240764085771371,0.020108707220055755,0.020108707220055755,0.09723231192463885,0.04258119067751194,0.01439221617501697,0.1299071702363435,0.021410032686396612,0.07986292239821095,0.049049153701707066,-0.008072865029836862
13,imports,low_density,random,0.1,14,120000,129,0.8694860301039586,0.8519821467924296,0.017503883311529078,0.017503883311529078,0.08994166666666667,0.050883333333333336,0.008366666666666666,0.06981557072456808,0.030853384960511356,0.08095685191302157,0.04748063684694575,-0.01596315997616968
13,imports,high_density,random,0.1,15,192062,129,0.8639346968301155,0.8361436587321904,0.027791038097925047,0.027791038097925047,0.022279263987670647,0.0,0.01804625589653341,0.0,0.03665087556044328,0.0206084907905329,-0.019013666156407757,0.0029505631228134654
13,imports,mid_density,random,0.1,15,167938,129,0.9441851157971929,0.9249337857031705,0.019251330094022356,0.019251330094022356,0.07262203908585312,0.005120937488835165,0.046773213924186305,0.015623013061565572,0.06958039170527323,0.07730227621190307,-0.054625521989008344,-0.0038831698670213663
13,imports,low_density,random,0.1,15,120000,129,0.8694860301039586,0.851931547765001,0.017554482338957622,0.017554482338957622,0.072925,0.011925,0.028325,0.016361952457723046,0.10445284410436065,0.06882373566922693,-0.0351675009340486,0.00043572184688875576
13,imports,high_density,random,0.1,16,192062,129,0.8639346968301155,0.7973874020909165,0.06654729473919896,0.06654729473919896,0.06299007612125251,0.0007028980225135634,0.05584654955170726,0.001384700596959813,0.11342103036968107,0.05570599623194153,-0.055331751590778716,-0.0033203545184503683
13,imports,mid_density,random,0.1,16,167938,129,0.9441851157971929,0.9204919132982732,0.023693202498919708,0.023693202498919708,0.17034262644547393,0.00043468422870345007,0.13809262942276315,0.00132613948080731,0.20542824494423825,0.15883272551181857,-0.1568842222987812,0.014923648664105362
13,imports,low_density,random,0.1,16,120000,129,0.8694860301039586,0.8499875995752485,0.019498430528710142,0.019498430528710142,0.138825,0.0009,0.077225,0.0012348643364319281,0.2847792016225685,0.13598989143660134,-0.13289418405561695,0.032840959143765114
13,imports,high_density,random,0.1,17,192062,129,0.8639346968301155,0.8535807374575752,0.010353959372540245,0.010353959372540245,0.05445637346273599,0.02551259489123304,0.010241484520623548,0.05025950314891173,0.02079984772861856,0.028410062519409928,0.006244632011435261,-0.005946296944736256
13,imports,mid_density,random,0.1,17,167938,129,0.9441851157971929,0.9300241992061512,0.014160916591041683,0.014160916591041683,0.0877585775702938,0.011379199466469769,0.04936941013945623,0.03471578832633931,0.07344252420476388,0.07352281212276582,-0.049235283222081094,0.0053591700018415026
13,imports,low_density,random,0.1,17,120000,129,0.8694860301039586,0.8602993271843054,0.009186702919653289,0.009186702919653289,0.07355833333333334,0.007366666666666666,0.029391666666666667,0.010107593272276153,0.10838634338219477,0.06915625117146729,-0.04561700687616234,0.007435445458712636
13,imports,high_density,random,0.1,18,192062,129,0.8639346968301155,0.8675912581391003,-0.0036565613089848403,-0.0036565613089848403,0.027866001603648823,0.010267517780716644,0.0011767033562078912,0.02022688575707223,0.002389814736485915,0.020610818240112117,0.015801043073656026,-0.00633974539467588
13,imports,mid_density,random,0.1,18,167938,129,0.9441851157971929,0.9321252921927162,0.01205982360447666,0.01205982360447666,0.06112374804987555,0.0266646024127952,0.00610939751574986,0.08134866568568677,0.009088412716691321,0.0569677000698293,0.037585879676499886,0.00439364393701901
13,imports,low_density,random,0.1,18,120000,129,0.8694860301039586,0.8679906109062411,0.0014954191977175624,0.0014954191977175624,0.07695833333333334,0.04131666666666667,0.004316666666666667,0.05668942018545833,0.015918379889984943,0.0709158390141024,0.04630400215739393,-0.00827293835241606
13,imports,high_density,random,0.1,19,192062,129,0.8639346968301155,0.849157919304484,0.014776777525631446,0.014776777525631446,0.026153013089523176,0.0013120763086919849,0.0167550061959159,0.0025847744476583173,0.034028423991202095,0.018008159505306074,-0.005072800004957323,-0.0012075678214019392
13,imports,mid_density,random,0.1,19,167938,129,0.9441851157971929,0.9180092896726834,0.026175826124509527,0.026175826124509527,0.08894949326537174,0.025050911645964583,0.028439066798461338,0.07642559994186786,0.04230629545313621,0.07979681333432713,0.013075888156298832,-0.010423369840883974
13,imports,low_density,random,0.1,19,120000,129,0.8694860301039586,0.8560893609063286,0.013396669197630051,0.013396669197630051,0.09140833333333333,0.04495,0.01305,0.061674613247350185,0.048123905227251774,0.08295166133449698,0.035121160054772456,-0.013374490430540753
13,imports,high_density,random,0.1,20,192062,129,0.8639346968301155,0.8603320657930354,0.0036026310370800285,0.0036026310370800285,0.03656111047474253,0.010496610469535879,0.015130530766106778,0.02067819558126654,0.03072921072667287,0.016154987031663265,0.004494803236048086,-0.007592168739837977
13,imports,mid_density,random,0.1,20,167938,129,0.9441851157971929,0.9328355889717745,0.011349526825418343,0.011349526825418343,0.07215162738629732,0.021555574080910814,0.01331443747097143,0.06576198521263647,0.019806716212984205,0.057686651498252695,0.020411959741265272,-0.006164072173109395
13,imports,low_density,random,0.1,20,120000,129,0.8694860301039586,0.8655595165874788,0.003926513516479879,0.003926513516479879,0.07059166666666666,0.034716666666666667,0.006675,0.04763374838495752,0.02461510094957131,0.06404917734680995,0.03144291659144034,-0.006125489457437007
42,header,high_density,important,0.01,0,120000,1,0.9945930480066983,0.9934454233638672,0.0011476246428311354,0.0011476246428311354,0.018666666666666668,0.007416666666666667,0.0,0.0277301760398816,0.0,0.0512410047940644,0.0512410047940644,-0.03746370065747088
42,header,mid_density,important,0.01,0,239999,1,0.9361436543670473,0.8078956172480123,0.12824803711903499,0.12824803711903499,0.2348801453339389,0.2135800565835691,0.0,0.322982892788507,0.0,0.20833705982041892,0.20833705982041892,-0.1121392067679482
42,header,low_density,important,0.01,0,120001,1,0.8839466605014421,0.7772345153994542,0.1067121451019879,0.1067121451019879,0.18323180640161332,0.1471154407046608,0.0,0.3588211382113821,0.0,0.13876352742455636,0.13876352742455636,-0.03997707694460207
42,header,high_density,random,0.01,1,120000,1,0.9945930480066983,0.9945930480066983,0.0,0.0,0.0,0.0,0.0,0.0,0.0,2.7898856444543336e-08,-2.7898856444543336e-08,-2.7898856444543336e-08
42,header,mid_density,random,0.01,1,239999,1,0.9361436543670473,0.9361422606041772,1.3937628701166105e-06,1.3937628701166105e-06,0.0,0.0,0.0,0.0,0.0,1.0682583441485592e-05,-1.0682583441485592e-05,-1.0682583441485592e-05
42,header,low_density,random,0.01,1,120001,1,0.8839466605014421,0.88398064387612,-3.39833746778595e-05,-3.39833746778595e-05,0.00029166423613136556,0.0,9.166590278414346e-05,0.0,0.00015536503721698847,0.0003140557010786409,-0.0003140557010786409,-0.0001367934412267593
42,header,high_density,random,0.01,2,120000,1,0.9945930480066983,0.9900752376295563,0.004517810377142051,0.004517810377142051,0.6906166666666667,0.0,0.6813166666666667,0.0,0.9300722370741141,0.6623295855571565,-0.6623295855571565,0.08068824325078401
42,header,mid_density,random,0.01,2,239999,1,0.9361436543670473,0.9350998482860979,0.0010438060809493388,0.0010438060809493388,0.2902178759078163,0.0,0.2383134929728874,0.0,0.70355745811499,0.30361193033465367,-0.30361193033465367,0.13649759995980462
42,header,low_density,random,0.01,2,120001,1,0.8839466605014421,0.875336870988341,0.008609789513101096,0.008609789513101096,0.5460287830934742,0.0,0.46408779926833943,0.0,0.7865849352410277,0.5240954277193711,-0.5240954277193711,0.1575297706555217
42,header,high_density,random,0.01,3,120000,1,0.9945930480066983,0.994552493632858,4.0554373840318014e-05,4.0554373840318014e-05,0.010191666666666667,0.0,0.009475,0.0,0.012934417837438143,0.023498301118499824,-0.023498301118499824,-0.010554259246171692
42,header,mid_density,random,0.01,3,239999,1,0.9361436543670473,0.9361279787202312,1.5675646816037947e-05,1.5675646816037947e-05,0.033500139583914935,0.0,0.020512585469106122,0.0,0.06055797475828474,0.03565573105652074,-0.03565573105652074,0.004949403391578185
42,header,low_density,random,0.01,3,120001,1,0.8839466605014421,0.88399967896393,-5.301846248784159e-05,-5.301846248784159e-05,0.05987450104582462,0.0,0.04094132548895426,0.0,0.06939167525882403,0.04120329832603639,-0.04120329832603639,-0.001911308027498398
42,header,high_density,random,0.01,4,120000,1,0.9945930480066983,0.9945332180193287,5.9829987369641735e-05,5.9829987369641735e-05,0.0,0.0,0.0,0.0,0.0,0.00025238111656775115,-0.00025238111656775115,0.0002523811165677512
42,header,mid_density,random,0.01,4,239999,1,0.9361436543670473,0.936146525059708,-2.870692660694729e-06,-2.870692660694729e-06,0.0006250026041775174,0.0,0.0003625015104229601,0.0,0.0010701896818953427,0.0013268495552911023,-0.0013268495552911023,0.001026274415935552
42,header,low_density,random,0.01,4,120001,1,0.8839466605014421,0.8838537647256601,9.289577578197594e-05,9.289577578197594e-05,0.001233323055641203,0.0,0.0007749935417204857,0.0,0.0013135407691981752,0.0010019087468608454,-0.0010019087468608454,0.0002739769357734304
42,header,high_density,random,0.01,5,120000,1,0.9945930480066983,0.9932304105540865,0.0013626374526118923,0.0013626374526118923,0.09999166666666667,0.0,0.09080833333333334,0.0,0.1239633695466697,0.174903684422757,-0.174903684422757,-0.08331850732900627
42,header,mid_density,random,0.01,5,239999,1,0.9361436543670473,0.9324650604936219,0.0036785938734253953,0.0036785938734253953,0.17884657852741054,0.0,0.1355463981099921,0.0,0.40016483381307355,0.15423582110681736,-0.15423582110681736,0.04306280107631218
42,header,low_density,random,0.01,5,120001,1,0.8839466605014421,0.8787439547728128,0.005202705728629353,0.005202705728629353,0.24988958425346455,0.0,0.18719010674911044,0.0,0.31726953009138287,0.2004650272853735,-0.2004650272853735,0.019962065790949807
42,header,high_density,random,0.01,6,120000,1,0.9945930480066983,0.9947518801964041,-0.00015883218970580426,-0.00015883218970580426,4.1666666666666665e-05,0.0,0.0,0.0,0.0,0.004687790356307425,0.004687790356307425,0.0037390321469526404
42,header,mid_density,random,0.01,6,239999,1,0.9361436543670473,0.9362126491945275,-6.899482748023988e-05,-6.899482748023988e-05,0.012300051250213542,0.0068500285417855905,0.0,0.010358841876437415,0.0,0.008172223405437214,0.008172223405437214,0.0008144971645517779
42,header,low_density,random,0.01,6,120001,1,0.8839466605014421,0.8821156424861024,0.0018310180153396916,0.0018310180153396916,0.011374905209123258,0.0051999566670277745,0.0,0.012682926829268294,0.0,0.009666035124977356,0.009666035124977356,0.001227796316707107
42,header,high_density,random,0.01,7,120000,1,0.9945930480066983,0.9945860147515287,7.033255169597297e-06,7.033255169597297e-06,0.0,0.0,0.0,0.0,0.0,0.00023374986021508203,0.00023374986021508203,-2.4541141658633636e-05
42,header,mid_density,random,0.01,7,239999,1,0.9361436543670473,0.936092321775152,5.133259189527006e-05,5.133259189527006e-05,0.0015625065104437935,0.001108337951408131,0.0,0.0016760656564065405,0.0,0.0013981439722453267,0.0013981439722453267,-0.00038744986855528504
42,header,low_density,random,0.01,7,120001,1,0.8839466605014421,0.8833202058202062,0.0006264546812358995,0.0006264546812358995,0.004083299305839118,0.0018666511112407397,0.0,0.0045528455284552845,0.0,0.0029152644281592714,0.0029152644281592714,-0.0005019907066886476
42,header,high_density,random,0.01,8,120000,1,0.9945930480066983,0.9911636486651387,0.0034293993415596136,0.0034293993415596136,0.6843583333333333,0.0,0.6750583333333333,0.0,0.9215289232694386,0.6407093696594235,-0.6407093696594235,0.06302467414842988
42,header,mid_density,random,0.01,8,239999,1,0.9361436543670473,0.8934620040147425,0.042681650352304756,0.042681650352304756,0.2852720219667582,0.0,0.2333676390318293,0.0,0.6889561345240731,0.29588451430792756,-0.29588451430792756,0.13153958197598806
42,header,low_density,random,0.01,8,120001,1,0.8839466605014421,0.8222033000027674,0.06174336049867468,0.06174336049867468,0.5199373338555512,0.0,0.43849634586378444,0.0,0.743209841668903,0.4953566941452737,-0.4953566941452737,0.14378349024271184
42,header,high_density,random,0.01,9,120000,1,0.9945930480066983,0.9941372095644295,0.00045583844226881887,0.00045583844226881887,0.059866666666666665,0.0,0.05425833333333333,0.0,0.07406859678061543,0.059130019197251485,-0.059130019197251485,-0.022654187805040978
42,header,mid_density,random,0.01,9,239999,1,0.9361436543670473,0.9365612065627982,-0.0004175521957509032,-0.0004175521957509032,0.09113787974116559,0.0,0.06357943158096492,0.0,0.18770142937978201,0.07696606931286233,-0.07696606931286233,0.012950216257902334
42,header,low_density,random,0.01,9,120001,1,0.8839466605014421,0.885323534628088,-0.0013768741266458884,-0.0013768741266458884,0.12638228014766545,0.0,0.08887425938117183,0.0,0.15063346562901653,0.09433801794771224,-0.09433801794771224,-0.0010644206943937738
42,header,high_density,random,0.01,10,120000,1,0.9945930480066983,0.9937852441097883,0.0008078038969100421,0.0008078038969100421,0.11506666666666666,0.0,0.10618333333333334,0.0,0.14495193674990045,0.1314189937892565,-0.1314189937892565,-0.05919263867110431
42,header,mid_density,random,0.01,10,239999,1,0.9361436543670473,0.9279575579704807,0.008186096396566533,0.008186096396566533,0.16360901503756264,0.0,0.12159217330072208,0.0,0.35896868157551604,0.13763012536460137,-0.13763012536460137,0.03197215941399332
42,header,low_density,random,0.01,10,120001,1,0.8839466605014421,0.8695979899519126,0.014348670549529485,0.014348670549529485,0.22628978091849233,0.0,0.16856526195615038,0.0,0.28570217934774933,0.18190592088854252,-0.18190592088854252,0.008802183350743096
42,header,high_density,random,0.01,11,120000,1,0.9945930480066983,0.9946092745057996,-1.6226499101268388e-05,-1.6226499101268388e-05,0.016625,0.00405,0.0,0.015142545567845458,0.0,0.01828160050577437,0.01828160050577437,0.006331392704417649
42,header,mid_density,random,0.01,11,239999,1,0.9361436543670473,0.9361682909201069,-2.4636553059620425e-05,-2.4636553059620425e-05,0.0323418014241726,0.016070900295417898,0.0,0.024302952017894838,0.0,0.030675427977619144,0.030675427977619144,-0.003357930977262123
42,header,low_density,random,0.01,11,120001,1,0.8839466605014421,0.8824144836328732,0.0015321768685688797,0.0015321768685688797,0.037466354447046275,0.015716535695535872,0.0,0.03833333333333333,0.0,0.03325781552581544,0.03325781552581544,0.0035792894682252106
42,header,high_density,random,0.01,12,120000,1,0.9945930480066983,0.9932304105540865,0.0013626374526118923,0.0013626374526118923,0.09999166666666667,0.0,0.09080833333333334,0.0,0.1239633695466697,0.174903684422757,-0.174903684422757,-0.08331850732900627
42,header,mid_density,random,0.01,12,239999,1,0.9361436543670473,0.9324650604936219,0.0036785938734253953,0.0036785938734253953,0.17884657852741054,0.0,0.1355463981099921,0.0,0.40016483381307355,0.15423582110681736,-0.15423582110681736,0.04306280107631218
42,header,low_density,random,0.01,12,120001,1,0.8839466605014421,0.8787439547728128,0.005202705728629353,0.005202705728629353,0.24988958425346455,0.0,0.18719010674911044,0.0,0.31726953009138287,0.2004650272853735,-0.2004650272853735,0.019962065790949807
42,header,high_density,random,0.01,13,120000,1,0.9945930480066983,0.9938596534896335,0.0007333945170648892,0.0007333945170648892,0.004266666666666667,0.0006833333333333333,0.0,0.0025549150958093163,0.0,0.006815841850278228,0.006815841850278228,0.00023379368789344882
42,header,mid_density,random,0.01,13,239999,1,0.9361436543670473,0.936580837056326,-0.0004371826892787256,-0.0004371826892787256,0.018587577448239367,0.010975045729357206,0.0,0.016596830597649728,0.0,0.012027559889295525,0.012027559889295525,-0.0008686961963724531
42,header,low_density,random,0.01,13,120001,1,0.8839466605014421,0.8860295648010574,-0.002082904299615329,-0.002082904299615329,0.014666544445462955,0.005624953125390622,0.0,0.013719512195121951,0.0,0.012010730605265961,0.012010730605265961,0.0031529463595881616
42,header,high_density,random,0.01,14,120000,1,0.9945930480066983,0.9938186161842724,0.0007744318224259805,0.0007744318224259805,0.00018333333333333334,9.166666666666667e-05,0.0,0.00034273251285246926,0.0,0.005056386009609051,0.005056386009609051,0.0023446324109477365
42,header,mid_density,random,0.01,14,239999,1,0.9361436543670473,0.9366578433462575,-0.0005141889792101839,-0.0005141889792101839,0.001762507343780599,0.0006958362326509694,0.0,0.0010522667842853093,0.0,0.0017711982703826781,0.0017711982703826781,-0.0002468679211873255
42,header,low_density,random,0.01,14,120001,1,0.8839466605014421,0.8841011459405917,-0.00015448543914964308,-0.00015448543914964308,0.004033299722502312,0.001699985833451388,0.0,0.004146341463414634,0.0,0.003624706047094178,0.003624706047094178,0.0009836715722526257
42,header,high_density,random,0.01,15,120000,1,0.9945930480066983,0.9943205250530739,0.00027252295362445444,0.00027252295362445444,0.030091666666666666,0.015208333333333334,0.0,0.056862439632341485,0.0,0.03105461033416221,0.03105461033416221,0.010251809403771812
42,header,mid_density,random,0.01,15,239999,1,0.9361436543670473,0.9358851112771106,0.0002585430899366692,0.0002585430899366692,0.055579398247492695,0.029991791632465136,0.0,0.045354588702309316,0.0,0.05806134353532963,0.05806134353532963,-0.00865529224672166
42,header,low_density,random,0.01,15,120001,1,0.8839466605014421,0.8845281038185235,-0.0005814433170814315,-0.0005814433170814315,0.06317447354605378,0.03022474812709894,0.0,0.07371951219512195,0.0,0.06231057660294399,0.06231057660294399,0.007830055663282527
42,header,high_density,random,0.01,16,120000,1,0.9945930480066983,0.9945568917655382,3.615624116015681e-05,3.615624116015681e-05,0.00034166666666666666,0.0,0.00034166666666666666,0.0,0.00046641260451623913,0.00010556217464553927,-0.00010556217464553927,-1.8752337447936428e-05
42,header,mid_density,random,0.01,16,239999,1,0.9361436543670473,0.9361180636034051,2.559076364216928e-05,2.559076364216928e-05,0.0001041671006962529,0.0,0.0001041671006962529,0.0,0.0003075257706595813,3.3518438121458546e-05,-3.3518438121458546e-05,-6.596727257194538e-06
42,header,low_density,random,0.01,16,120001,1,0.8839466605014421,0.8842138234864856,-0.0002671629850434787,-0.0002671629850434787,0.00011666569445254623,0.0,4.166631944733794e-05,0.0,7.062047146226749e-05,0.00019864428417071557,-0.00019864428417071557,-7.276486941247025e-05
42,header,high_density,random,0.01,17,120000,1,0.9945930480066983,0.9936449781116383,0.0009480698950600219,0.0009480698950600219,0.174575,0.0,0.165275,0.0,0.22561856549684317,0.2745557694961918,-0.2745557694961918,-0.12503943075395096
42,header,mid_density,random,0.01,17,239999,1,0.9361436543670473,0.9313585197367741,0.004785134630273191,0.004785134630273191,0.23781765757357323,0.0,0.18623827599281664,0.0,0.5498191748468522,0.2128067308519658,-0.2128067308519658,0.07306802291413668
42,header,low_density,random,0.01,17,120001,1,0.8839466605014421,0.8887233083325382,-0.004776647831096104,-0.004776647831096104,0.3403804968291931,0.0,0.26323947300439166,0.0,0.4461660146043135,0.2861939945085029,-0.2861939945085029,0.043150486568691054
42,header,high_density,random,0.01,18,120000,1,0.9945930480066983,0.9945930480066983,0.0,0.0,0.0,0.0,0.0,0.0,0.0,1.1699200135666592e-06,-1.1699200135666592e-06,-1.1699200135666592e-06
42,header,mid_density,random,0.01,18,239999,1,0.9361436543670473,0.9361436543670473,0.0,0.0,0.0,0.0,0.0,0.0,0.0,3.371085163393198e-08,-3.371085163393198e-08,-3.371085163393198e-08
42,header,low_density,random,0.01,18,120001,1,0.8839466605014421,0.8838446632970941,0.0001019972043480033,0.0001019972043480033,0.0009416588195098374,0.0,0.0005583286805943284,0.0,0.0009463143175943842,0.0007833862584247129,-0.0007833862584247129,-0.0001730410724921785
42,header,high_density,random,0.01,19,120000,1,0.9945930480066983,0.994608383430685,-1.5335423986684305e-05,-1.5335423986684305e-05,0.079025,0.04633333333333333,0.0,0.173235706496339,0.0,0.09611961205814262,0.09611961205814262,0.03493414121893563
42,header,mid_density,random,0.01,19,239999,1,0.9361436543670473,0.9334314825843583,0.00271217178268901,0.00271217178268901,0.22913012137550573,0.1581256588569119,0.0,0.2391229009798053,0.0,0.22812588378585816,0.22812588378585816,-0.03204358364051292
42,header,low_density,random,0.01,19,120001,1,0.8839466605014421,0.8756638434841362,0.008282817017305932,0.008282817017305932,0.22193981716819028,0.12904892459229506,0.0,0.3147560975609756,0.0,0.21840950028181033,0.21840950028181033,0.03527270595589607
42,header,high_density,random,0.01,20,120000,1,0.9945930480066983,0.9945930480066983,0.0,0.0,0.0,0.0,0.0,0.0,0.0,6.758198303002117e-08,-6.758198303002117e-08,-6.758198303002117e-08
42,header,mid_density,random,0.01,20,239999,1,0.9361436543670473,0.9361436480113274,6.355719839312712e-09,6.355719839312712e-09,0.0,0.0,0.0,0.0,0.0,3.868675157270993e-06,-3.868675157270993e-06,-3.868675157270993e-06
42,header,low_density,random,0.01,20,120001,1,0.8839466605014421,0.883758117335167,0.00018854316627514578,0.00018854316627514578,0.0002666644444629628,0.0,0.0002666644444629628,0.0,0.0004519710173585119,0.0003768985025008439,-0.0003768985025008439,-0.0002098251071930732
42,header,high_density,important,0.05,0,120000,4,0.9945930480066983,0.9894948854406239,0.005098162566074427,0.005098162566074427,0.029791666666666668,0.013216666666666666,0.0024083333333333335,0.04941579685309238,0.00328764006598032,0.08797913553227948,0.044281909226418587,-0.06572452570226897
42,header,mid_density,important,0.05,0,239999,4,0.9361436543670473,0.7471377018501362,0.1890059525169111,0.1890059525169111,0.2920470501960425,0.23654681894507895,0.023508431285130353,0.3577139976686305,0.0694024159224543,0.2642951808447464,0.21686657423686878,-0.13538531019173122
42,header,low_density,important,0.05,0,120001,4,0.8839466605014421,0.7040739185910172,0.1798727419104249,0.1798727419104249,0.2597478354347047,0.1592236731360572,0.04725793951717069,0.3883536585365854,0.08009773873250378,0.2035002592730866,0.10082805231858699,-0.06372526946024494
42,header,high_density,random,0.05,1,120000,4,0.9945930480066983,0.9923443698013474,0.002248678205350907,0.002248678205350907,0.013925,1.6666666666666667e-05,0.0071916666666666665,6.231500233681259e-05,0.009817416529207668,0.04659836190891022,-0.022416991022919996,-0.019568600710452116
42,header,mid_density,random,0.05,1,239999,4,0.9361436543670473,0.9261342092014522,0.010009445165595099,0.010009445165595099,0.06723778015741733,0.0215834232642636,0.02012508385451606,0.03263917330896947,0.0594139788914311,0.05975219010911398,0.004645633058545293,-0.016820080434774697
42,header,low_density,random,0.05,1,120001,4,0.8839466605014421,0.8787590135835893,0.005187646917852784,0.005187646917852784,0.07600769993583387,0.01734985541787152,0.023533137223856467,0.04231707317073171,0.03988644228188867,0.06964242784887512,0.003427605834382571,-0.00549693504154252
42,header,high_density,random,0.05,2,120000,4,0.9945930480066983,0.9924481688871607,0.002144879119537646,0.002144879119537646,0.10684166666666667,0.0,0.09765833333333333,0.0,0.13331437347136113,0.11118269223586902,-0.1111826763025635,-0.046378004004615045
42,header,mid_density,random,0.05,2,239999,4,0.9361436543670473,0.9367598598590734,-0.0006162054920261228,-0.0006162054920261228,0.15293397055821065,0.0,0.11246296859570248,0.0,0.3320171230349103,0.12915938515979772,-0.1291398246270834,0.02830363427718078
42,header,low_density,random,0.05,2,120001,4,0.8839466605014421,0.8855585812312834,-0.0016119207298412874,-0.0016119207298412874,0.21224823126473946,3.333305555787035e-05,0.15189040091332573,8.130081300813008e-05,0.2574398666685499,0.1705875944516479,-0.17023191346405092,0.011123094422436381
42,header,high_density,random,0.05,3,120000,4,0.9945930480066983,0.991115907384155,0.00347714062254334,0.00347714062254334,0.6875416666666667,0.0,0.6782416666666666,0.0,0.9258745236334679,0.6584663347364917,-0.6584663347364917,0.07865857211369773
42,header,mid_density,random,0.05,3,239999,4,0.9361436543670473,0.8935602673974448,0.04258338696960251,0.04258338696960251,0.2900387084946187,0.0,0.23813432555968983,0.0,0.7030285137894555,0.301895627252976,-0.301895627252976,0.13564904101175487
42,header,low_density,random,0.05,3,120001,4,0.8839466605014421,0.8240404815202301,0.05990617898121198,0.05990617898121198,0.5397621686485946,0.0,0.4577961850317914,0.0,0.7759212440502253,0.5168538996387506,-0.5168538996387506,0.15439302857803824
42,header,high_density,random,0.05,4,120000,4,0.9945930480066983,0.9943369833593052,0.0002560646473931394,0.0002560646473931394,0.092075,0.059241666666666665,0.0,0.22149867580620033,0.0,0.15077945276581267,0.15075179283953163,0.023516757356433285
42,header,mid_density,random,0.05,4,239999,4,0.9361436543670473,0.9350621725085975,0.0010814818584498065,0.0010814818584498065,0.4122017175071563,0.3298222075925316,0.0,0.4987681547525283,0.0,0.37538996796801005,0.3753485185433217,-0.022795068691958655
42,header,low_density,random,0.05,4,120001,4,0.8839466605014421,0.8792695045704076,0.00467715593103446,0.00467715593103446,0.3334555545370455,0.22224814793210057,0.0003166640277997683,0.5420731707317074,0.0005367155831132328,0.3135111673137388,0.31223231666092816,0.07242561061789772
42,header,high_density,random,0.05,5,120000,4,0.9945930480066983,0.9933671519496358,0.001225896057062581,0.001225896057062581,0.141625,0.0,0.13233333333333333,0.0,0.18064956487116773,0.19467584319685513,-0.19467584319685513,-0.08730689483712864
42,header,mid_density,random,0.05,5,239999,4,0.9361436543670473,0.9359671266494161,0.0001765277176312141,0.0001765277176312141,0.20919670498627077,0.0,0.15909649623540098,0.0,0.46969026004379166,0.17566059368400772,-0.17566059368400772,0.04723408206650165
42,header,low_density,random,0.05,5,120001,4,0.8839466605014421,0.8847669202917647,-0.0008202597903226305,-0.0008202597903226305,0.29403088307597436,0.0,0.22163148640427996,0.0,0.3756444118020932,0.23649225987038103,-0.23649220413169822,0.02390856018400392
42,header,high_density,random,0.05,6,120000,4,0.9945930480066983,0.9910579463860769,0.003535101620621428,0.003535101620621428,0.6843333333333333,0.0,0.6750333333333334,0.0,0.9214947955178886,0.6327080946029399,-0.632708094595185,0.05583612261469827
42,header,mid_density,random,0.05,6,239999,4,0.9361436543670473,0.8829415712925593,0.05320208307448793,0.05320208307448793,0.2827095112896304,0.0,0.2308051283547015,0.0,0.6813910005658474,0.29279388346470714,-0.29279388346470714,0.1296846312228647
42,header,low_density,random,0.05,6,120001,4,0.8839466605014421,0.8225864783557442,0.06136018214569794,0.06136018214569794,0.5141457154523712,0.0,0.43271306072449395,0.0,0.7334077202299403,0.4856216208934449,-0.4856198516843389,0.1395249425901368
42,header,high_density,random,0.05,7,120000,4,0.9945930480066983,0.9932616102342281,0.0013314377724702453,0.0013314377724702453,0.0036666666666666666,0.002533333333333333,0.00034166666666666666,0.009471880355195514,0.00046641260451623913,0.003925760543111718,0.0007875142852581182,-0.0015916228427332267
42,header,mid_density,random,0.05,7,239999,4,0.9361436543670473,0.9323058534303851,0.0038378009366621946,0.0038378009366621946,0.01043754348976454,0.007816699236246817,0.00034166809028370954,0.011820673576761916,0.0010086845277634266,0.007751756361810569,0.003938660080843581,-0.001540056727790845
42,header,low_density,random,0.05,7,120001,4,0.8839466605014421,0.8837486257715573,0.00019803472988477733,0.00019803472988477733,0.013524887292605895,0.002766643611303239,0.004899959167006942,0.006747967479674797,0.008304967443962656,0.011279178041293718,-0.0014582771519863526,-0.0014348246213694421
42,header,high_density,random,0.05,8,120000,4,0.9945930480066983,0.9935613928556741,0.0010316551510242133,0.0010316551510242133,0.172375,0.0,0.163075,0.0,0.22261532336044593,0.2708280772951284,-0.2708280769041881,-0.12729764923868395
42,header,mid_density,random,0.05,8,239999,4,0.9361436543670473,0.932136236550538,0.004007417816509262,0.004007417816509262,0.23613015054229392,0.0,0.18444660186084108,0.0,0.5445297315915074,0.2080892538009167,-0.20764677599616413,0.06828993321275718
42,header,low_density,random,0.05,8,120001,4,0.8839466605014421,0.8871703383283249,-0.0032236778268828203,-0.0032236778268828203,0.33481387655102873,5.8332847226273116e-05,0.25780618494845875,0.00014227642276422764,0.4369571051256338,0.27862490187192407,-0.2781922537774297,0.038877988396516315
42,header,high_density,random,0.05,9,120000,4,0.9945930480066983,0.9925695312619695,0.0020235167447288926,0.0020235167447288926,0.049325,0.021991666666666666,0.0,0.08222464558342421,0.0,0.049262284029140416,0.049262284029140416,0.011131397026777652
42,header,mid_density,random,0.05,9,239999,4,0.9361436543670473,0.9318766957675936,0.004266958599453696,0.004266958599453696,0.10334626394276643,0.06031275130313043,0.0,0.09120695630257396,0.0,0.10008614712168494,0.10008614712168494,-0.013483810059038035
42,header,low_density,random,0.05,9,120001,4,0.8839466605014421,0.8838992098602713,4.745064117084308e-05,4.745064117084308e-05,0.11501570820243165,0.052599561670319414,0.0,0.12829268292682927,0.0,0.10316701468081826,0.10316701468081826,0.015277603101509381
42,header,high_density,random,0.05,10,120000,4,0.9945930480066983,0.995310983043973,-0.0007179350372746862,-0.0007179350372746862,0.005758333333333333,0.0010333333333333334,0.003033333333333333,0.0038635301448823804,0.004140833854729537,0.020105524250753296,0.0019812147363690853,-0.010242246056800677
42,header,mid_density,random,0.05,10,239999,4,0.9361436543670473,0.9370883468714933,-0.0009446925044460652,-0.0009446925044460652,0.029329288872036965,0.008287534531393881,0.006316692986220776,0.012532686430799281,0.01864836273279701,0.026986090278538325,0.0009286878303707993,-0.014185465557321315
42,header,low_density,random,0.05,10,120001,4,0.8839466605014421,0.8790649871109026,0.004881673390539465,0.004881673390539465,0.060641161323655636,0.011833234723043975,0.01664986125115624,0.02886178861788618,0.028219940396322085,0.03996899333249582,0.0017377207873679468,-0.016520551433551002
42,header,high_density,random,0.05,11,120000,4,0.9945930480066983,0.9924356447449045,0.002157403261793811,0.002157403261793811,0.09368333333333333,0.06085,0.0,0.22751207353170275,0.0,0.1388659641608986,0.1388659641608986,0.026171434175110853
42,header,mid_density,random,0.05,11,239999,4,0.9361436543670473,0.9249696674623865,0.01117398690466076,0.01117398690466076,0.42019758415660063,0.33959308163784013,0.0,0.5135439967234807,0.0,0.3596403251166902,0.3596403251166902,-0.02890850591207724
42,header,low_density,random,0.05,11,120001,4,0.8839466605014421,0.8739045682603123,0.01004209224112984,0.01004209224112984,0.32988058432846395,0.22453146223781467,0.0,0.5476422764227642,0.0,0.30320094118907265,0.30320094118907265,0.06287661384216485
42,header,high_density,random,0.05,12,120000,4,0.9945930480066983,0.9893305501354738,0.00526249787122457,0.00526249787122457,0.6847416666666667,0.0,0.6754416666666667,0.0,0.9220522154598715,0.633477372553195,-0.633477372553195,0.054284924099488874
42,header,mid_density,random,0.05,12,239999,4,0.9361436543670473,0.9321937859666072,0.003949868400440093,0.003949868400440093,0.28472618635910985,0.0,0.23282180342418093,0.0,0.6873446994858169,0.29410849588213445,-0.29410849588213445,0.1294824072673623
42,header,low_density,random,0.05,12,120001,4,0.8839466605014421,0.890557668332506,-0.006611007831063942,-0.006611007831063942,0.5067541103824135,0.0,0.4251714569045258,0.0,0.7206254148952699,0.4763572402957721,-0.4763572402957721,0.13120880957571712
42,header,high_density,random,0.05,13,120000,4,0.9945930480066983,0.9894712879001224,0.0051217601065759455,0.0051217601065759455,0.6835666666666667,0.0,0.6742666666666667,0.0,0.9204482111370229,0.5917099133887558,-0.5917099133887558,0.016287084022895682
42,header,mid_density,random,0.05,13,239999,4,0.9361436543670473,0.9282802412030119,0.007863413164035382,0.007863413164035382,0.279271996966654,0.0,0.22736761403172515,0.0,0.6712426501340812,0.2801703469582392,-0.2801703469582392,0.12192521738847256
42,header,low_density,random,0.05,13,120001,4,0.8839466605014421,0.8834743705964834,0.0004722899049587337,0.0004722899049587337,0.47112940725493957,0.0,0.3901300822493146,0.0,0.6612335983955029,0.4301629507155036,-0.4301629507155036,0.11258361768600425
42,header,high_density,random,0.05,14,120000,4,0.9945930480066983,0.9959414470430719,-0.0013483990363735154,-0.0013483990363735154,0.010766666666666667,0.0,0.005241666666666667,0.0,0.007155451908310108,0.01722896663502222,-0.017136380907058598,-0.006708880101227726
42,header,mid_density,random,0.05,14,239999,4,0.9361436543670473,0.9340780958556454,0.002065558511401888,0.002065558511401888,0.023258430243459347,0.0001041671006962529,0.011845882691177879,0.00015752496770738163,0.034971830639407585,0.02066886966236151,-0.019074731234857548,-0.008012328258301003
42,header,low_density,random,0.05,14,120001,4,0.8839466605014421,0.8832955213817543,0.000651139119687838,0.000651139119687838,0.037108024099799165,0.0004833293055891201,0.023533137223856467,0.0011788617886178863,0.03988644228188867,0.02748621367404501,-0.023802322373871882,-0.014355092054008228
42,header,high_density,random,0.05,15,120000,4,0.9945930480066983,0.9914573872878369,0.0031356607188613994,0.0031356607188613994,0.068975,0.0,0.06063333333333333,0.0,0.08277117342585746,0.08231400908528232,-0.08231400908528232,-0.034691258019009755
42,header,mid_density,random,0.05,15,239999,4,0.9361436543670473,0.9375333667059785,-0.0013897123389312593,-0.0013897123389312593,0.13597556656486068,0.00010833378472410302,0.09932958053991892,0.00016382596641567688,0.29324427387015034,0.11209020145435912,-0.11181219620381827,0.02182506211452359
42,header,low_density,random,0.05,15,120001,4,0.8839466605014421,0.8827340013628027,0.001212659138639438,0.001212659138639438,0.173798551678736,0.00029166423613136556,0.12331563903634137,0.0007113821138211383,0.20900834733972684,0.13677315696330455,-0.13425392095982805,0.004668087661690747
42,header,high_density,random,0.05,16,120000,4,0.9945930480066983,0.9939115237022037,0.0006815243044946406,0.0006815243044946406,0.029158333333333335,0.014925,0.0,0.055803084592615675,0.0,0.021697629682101018,0.021697629682101018,0.0021097057598793998
42,header,mid_density,random,0.05,16,239999,4,0.9361436543670473,0.9373287905763296,-0.0011851362092822892,-0.0011851362092822892,0.0592377468239451,0.03093346222275926,8.750036458485243e-05,0.04677861441038405,0.0002583216473540483,0.043926893468696625,0.043515133382631285,-0.007328930844545585
42,header,low_density,random,0.05,16,120001,4,0.8839466605014421,0.8853701880617414,-0.001423527560299287,-0.001423527560299287,0.041116324030633075,0.017816518195681703,8.333263889467588e-06,0.04345528455284553,1.4124094292453496e-05,0.03510462509297358,0.034898145217502445,0.002234096409522861
42,header,high_density,random,0.05,17,120000,4,0.9945930480066983,0.9943510275395997,0.000242020467098647,0.000242020467098647,0.07409166666666667,0.0,0.06570833333333333,0.0,0.08969910699050111,0.0991324323093038,-0.0991324323093038,-0.039561581063457606
42,header,mid_density,random,0.05,17,239999,4,0.9361436543670473,0.9359139140820777,0.00022974028496958177,0.00022974028496958177,0.1327255530231376,0.0,0.0954962312342968,0.0,0.2819273255098777,0.1166454761605053,-0.1166454761605053,0.02416868852061314
42,header,low_density,random,0.05,17,120001,4,0.8839466605014421,0.8853998345930763,-0.0014531740916341462,-0.0014531740916341462,0.1928567261939484,0.0,0.13728218931508904,0.0,0.2326803293738789,0.15005478911602457,-0.15005478911602457,0.006350474298470798
42,header,high_density,random,0.05,18,120000,4,0.9945930480066983,0.9886253535025503,0.0059676945041480245,0.0059676945041480245,0.022691666666666666,0.016233333333333332,0.0,0.06069481227605546,0.0,0.017779813540267062,0.01777766639876281,-0.006342526884058057
42,header,mid_density,random,0.05,18,239999,4,0.9361436543670473,0.9340107821160802,0.002132872250967033,0.002132872250967033,0.016012566719027996,0.0067958616494235395,0.0,0.010276928893229577,0.0,0.021353392186120743,0.021351674544674275,-0.01398915220177179
42,header,low_density,random,0.05,18,120001,4,0.8839466605014421,0.8834301578752217,0.0005165026262203831,0.0005165026262203831,0.0159915334038883,0.006616611528237264,0.0004916625694785877,0.016138211382113823,0.0008333215632547562,0.018734188110155932,0.01722213936126114,-0.0037244306895679365
42,header,high_density,random,0.05,19,120000,4,0.9945930480066983,0.9934975324724704,0.001095515534227931,0.001095515534227931,0.098475,0.06564166666666667,0.0,0.24542763670353637,0.0,0.16603344383107094,0.16603344383107094,0.01620409660855141
42,header,mid_density,random,0.05,19,239999,4,0.9361436543670473,0.9361244083945738,1.924597247349169e-05,1.924597247349169e-05,0.451572714886312,0.36815153396472483,0.0,0.5567310418701364,0.0,0.41051346521438914,0.41051346521438914,-0.014763654226586117
42,header,low_density,random,0.05,19,120001,4,0.8839466605014421,0.8810929659082258,0.0028536945932162716,0.0028536945932162716,0.35653869551087075,0.24284797626686444,0.0,0.5923170731707317,0.0,0.33371014181800157,0.33371014181800157,0.08330267587496966
42,header,high_density,random,0.05,20,120000,4,0.9945930480066983,0.9928290092161854,0.0017640387905129007,0.0017640387905129007,0.06395833333333334,0.03715,0.0022166666666666667,0.13890014020875527,0.0030259939707638927,0.04103660835054043,0.039318528974471446,0.0034307687322041327
42,header,mid_density,random,0.05,20,239999,4,0.9361436543670473,0.9294737289832686,0.006669925383778641,0.006669925383778641,0.09914624644269351,0.058941912257967743,0.0006208359201496673,0.08913392772754482,0.0018328535931311043,0.08814582631019738,0.08711286067251948,-0.023323547584870596
42,header,low_density,random,0.05,20,120001,4,0.8839466605014421,0.8846065534017651,-0.0006598929003229781,-0.0006598929003229781,0.09759085340955492,0.04187465104457463,0.0007333272222731477,0.10213414634146341,0.0012429202977359078,0.08577458594129861,0.0827583800228721,0.008518116790241182
42,header,high_density,important,0.1,0,120000,8,0.9945930480066983,0.9855576943268368,0.009035353679861524,0.009035353679861524,0.6906666666666667,0.0,0.6813666666666667,0.0,0.930140492577214,0.6590869302671386,-0.6590860656875204,0.0774165163339641
42,header,mid_density,important,0.1,0,239999,8,0.9361436543670473,0.7411971570226186,0.1949464973444287,0.1949464973444287,0.29063037762657346,0.0,0.23872599469164454,0.0,0.704775260166802,0.3016404966680736,-0.3015831136398448,0.13445362048781137
42,header,low_density,important,0.1,0,120001,8,0.8839466605014421,0.6809991991466291,0.202947461354813,0.202947461354813,0.5464204464962792,0.0005583286805943284,0.4638711344072133,0.001361788617886179,0.7862177087894239,0.5215407544164237,-0.5203410543786126,0.15478747224945824
42,header,high_density,random,0.1,1,120000,8,0.9945930480066983,0.9893559220284109,0.005237125978287405,0.005237125978287405,0.2852,0.2523666666666667,0.0,0.9435737653840162,0.0,0.2906123828500112,0.2906123825565966,0.060508422392218306
42,header,mid_density,random,0.1,1,239999,8,0.9361436543670473,0.9333836209906197,0.0027600333764276064,0.0027600333764276064,0.6583277430322626,0.5743315597148322,0.0,0.868523360952711,0.0,0.6133652281444094,0.6133646726173334,0.10387277231772869
42,header,low_density,random,0.1,1,120001,8,0.8839466605014421,0.8814902726616213,0.0024563878398208283,0.0024563878398208283,0.4171631903067474,0.2992141732152232,0.0,0.7297967479674796,0.0,0.4247081081638795,0.42470091340943367,0.1432569651882066
42,header,high_density,random,0.1,2,120000,8,0.9945930480066983,0.9931170774253271,0.0014759705813712776,0.0014759705813712776,0.14975833333333333,0.0,0.132,0.0,0.18019452818383483,0.21954948246961423,-0.2151443374956075,-0.10487137824006951
42,header,mid_density,random,0.1,2,239999,8,0.9361436543670473,0.8335401049379118,0.10260354942913552,0.10260354942913552,0.22283009512539637,0.002116675486147859,0.1666381943258097,0.0032009073438139944,0.49195512583954537,0.17971485728374853,-0.14770708490130027,0.019305778767822922
42,header,low_density,random,0.1,2,120001,8,0.8839466605014421,0.8129552406590647,0.07099141984237745,0.07099141984237745,0.30898909175756867,0.004958292014233215,0.22478979341838817,0.012093495934959349,0.38099744353893306,0.24006081129924575,-0.2101113860831765,-0.009055894000500202
42,header,high_density,random,0.1,3,120000,8,0.9945930480066983,0.987013628123713,0.007579419882985383,0.007579419882985383,0.6765916666666667,0.0,0.6672916666666666,0.0,0.9109265684545816,0.6076702059282405,-0.6076702059282405,0.032830224790539715
42,header,mid_density,random,0.1,3,239999,8,0.9361436543670473,0.9240680380606583,0.012075616306388981,0.012075616306388981,0.27713448806036695,0.0,0.22523010512543803,0.0,0.6649322213201466,0.28112732400545504,-0.28112732400545504,0.12310453054146568
42,header,low_density,random,0.1,3,120001,8,0.8839466605014421,0.8739727761527414,0.009973884348700723,0.009973884348700723,0.4748710427413105,0.0,0.39394671711069074,0.0,0.6677024335814465,0.4347561658624351,-0.4347561658624351,0.11181180623295571
42,header,high_density,random,0.1,4,120000,8,0.9945930480066983,0.9925909794470636,0.0020020685596346954,0.0020020685596346954,0.0072833333333333335,0.003025,0.0,0.011310172924131485,0.0,0.015543234370231217,0.013475682420491316,0.006766433050937657
42,header,mid_density,random,0.1,4,239999,8,0.9361436543670473,0.9357992559648589,0.0003443984021883617,0.0003443984021883617,0.023191763299013745,0.01218338409743374,2.9166788194950813e-05,0.018424120223055354,8.610721578468276e-05,0.020893435824274508,0.01994768538234324,0.0016232045807098498
42,header,low_density,random,0.1,4,120001,8,0.8839466605014421,0.8804953051453157,0.0034513553561263954,0.0034513553561263954,0.02674144382130149,0.012191565070291082,0.001049991250072916,0.029735772357723577,0.0017796358808491405,0.02467338213339536,0.019795887104861284,0.0039046217275987205
42,header,high_density,random,0.1,5,120000,8,0.9945930480066983,0.9885187364005487,0.006074311606149685,0.006074311606149685,0.42165,0.0,0.41235,0.0,0.562903134065184,0.3537062894921025,-0.3537062894921025,-0.19191893133902804
42,header,mid_density,random,0.1,5,239999,8,0.9361436543670473,0.9208947060152726,0.015248948351774705,0.015248948351774705,0.24163017345905607,0.0,0.19018829245121854,0.0,0.5614805520702635,0.21899358818984369,-0.21899195531303212,0.07420788313198642
42,header,low_density,random,0.1,5,120001,8,0.8839466605014421,0.8579929654833547,0.02595369501808742,0.02595369501808742,0.37615519870667746,0.0,0.2996475029374755,0.0,0.5078741825680428,0.31673857705395414,-0.3166980629125826,0.05569810804625774
42,header,high_density,random,0.1,6,120000,8,0.9945930480066983,0.9938387748979001,0.0007542731087982757,0.0007542731087982757,0.09859166666666666,0.06575833333333334,0.0,0.24586384171989406,0.0,0.16911607934141,0.16911607934141,0.015165992230234323
42,header,mid_density,random,0.1,6,239999,8,0.9361436543670473,0.9347644167970834,0.0013792375699638315,0.0013792375699638315,0.46109358788994953,0.3775265730273876,0.0,0.5709082889638007,0.0,0.42044643714075725,0.4204464371407426,-0.011933857479837625
42,header,low_density,random,0.1,6,120001,8,0.8839466605014421,0.8811353757979397,0.002811284703502448,0.002811284703502448,0.36176365196956695,0.24788960091999232,1.6666527778935175e-05,0.6046138211382114,2.8248188584906993e-05,0.3378653339010128,0.3378254428569036,0.08489412046386834
42,header,high_density,random,0.1,7,120000,8,0.9945930480066983,0.9944391663524434,0.00015388165425489486,0.00015388165425489486,0.2852,0.2523666666666667,0.0,0.9435737653840162,0.0,0.30926063483532396,0.30926063483532396,0.07883268649790587
42,header,mid_density,random,0.1,7,239999,8,0.9361436543670473,0.9342361161819615,0.001907538185085822,0.001907538185085822,0.6637235988483285,0.579727415530898,0.0,0.8766831542799534,0.0,0.647473465522301,0.647473465522301,0.12852099315945592
42,header,low_density,random,0.1,7,120001,8,0.8839466605014421,0.8797138197258019,0.004232840775640234,0.004232840775640234,0.43299639169673587,0.314430713077391,0.0,0.7669105691056911,0.0,0.4479956923486344,0.447995692301379,0.15522492524330941
42,header,high_density,random,0.1,8,120000,8,0.9945930480066983,0.9894560267323953,0.005137021274303044,0.005137021274303044,0.690625,0.0,0.681325,0.0,0.9300836129912974,0.6622969217037211,-0.6622969216349505,0.08065654140263967
42,header,mid_density,random,0.1,8,239999,8,0.9361436543670473,0.9348223848768243,0.0013212694902229316,0.0013212694902229316,0.29018870911962136,0.0,0.23828432618469245,0.0,0.7034713508992053,0.3034014873785725,-0.3034014246984061,0.13661346427940374
42,header,low_density,random,0.1,8,120001,8,0.8839466605014421,0.8747741093696371,0.00917255113180504,0.00917255113180504,0.5450871242739643,0.0,0.46307947433771385,0.0,0.7848759198316408,0.5227615455224224,-0.5227534400260102,0.15694764069579809
42,header,high_density,random,0.1,9,120000,8,0.9945930480066983,0.9945150877953112,7.796021138717357e-05,7.796021138717357e-05,0.10080833333333333,0.067975,0.0,0.25415173703069016,0.0,0.18556858594182335,0.185287335254549,-0.004390938591743964
42,header,mid_density,random,0.1,9,239999,8,0.9361436543670473,0.9288018916423746,0.007341762724672685,0.007341762724672685,0.497610406710028,0.41389339122246344,0.0,0.6259034056898019,0.0,0.44531693194994076,0.4452590377615799,-0.018860086562203036
42,header,low_density,random,0.1,9,120001,8,0.8839466605014421,0.8768081471737517,0.007138513327690443,0.007138513327690443,0.3683469304422463,0.2544228798093349,1.6666527778935175e-05,0.6205487804878049,2.8248188584906993e-05,0.34030147188436194,0.3401939252898726,0.08427529225297606
42,header,high_density,random,0.1,10,120000,8,0.9945930480066983,0.9824956314856429,0.012097416521055449,0.012097416521055449,0.09986666666666667,0.06703333333333333,0.0,0.2506309393986602,0.0,0.15368816438523594,0.15368047814114263,0.04277881936990134
42,header,mid_density,random,0.1,10,239999,8,0.9361436543670473,0.9245870482022068,0.011556606164840444,0.011556606164840444,0.47430614294226225,0.39037245988524955,0.0,0.590334267981475,0.0,0.4498615091168925,0.44985076332632523,0.02818493885453858
42,header,low_density,random,0.1,10,120001,8,0.8839466605014421,0.8796072362098601,0.004339424291581961,0.004339424291581961,0.3754135382205148,0.2590311747402105,1.6666527778935175e-05,0.6317886178861789,2.8248188584906993e-05,0.36550473488529206,0.3653105719077088,0.10751483875131079
42,header,high_density,random,0.1,11,120000,8,0.9945930480066983,0.9924541774413932,0.002138870565305151,0.002138870565305151,0.0035083333333333334,0.002625,0.0,0.009814612868047983,0.0,0.007688117871764804,0.007684154003016491,0.0019045926022076235
42,header,mid_density,random,0.1,11,239999,8,0.9361436543670473,0.9328842695170402,0.0032593848500070965,0.0032593848500070965,0.011429214288392869,0.008579202413343388,9.166704861270256e-05,0.01297375634037995,0.0002706226781804315,0.008040441869858035,0.007553532898302856,-0.0012791716717941081
42,header,low_density,random,0.1,11,120001,8,0.8839466605014421,0.8817273145802108,0.002219345921231297,0.002219345921231297,0.012116565695285873,0.004641627986433447,0.0016333197223356473,0.011321138211382115,0.002768322481320885,0.010544779128119587,0.006736646614213573,-0.00038697076887407025
42,header,high_density,random,0.1,12,120000,8,0.9945930480066983,0.9899226950690893,0.00467035293760909,0.00467035293760909,0.6875416666666667,0.0,0.6782416666666666,0.0,0.9258745236334679,0.6567933160565498,-0.6567933160565498,0.07710939173392498
42,header,mid_density,random,0.1,12,239999,8,0.9361436543670473,0.8814713505845198,0.05467230378252752,0.05467230378252752,0.2900387084946187,0.0,0.23813432555968983,0.0,0.7030285137894555,0.30146206930649366,-0.30146206930649366,0.1352799840218497
42,header,low_density,random,0.1,12,120001,8,0.8839466605014421,0.813953853167753,0.06999280733368907,0.06999280733368907,0.5391371738568845,0.0,0.45717119024008135,0.0,0.7748619369782913,0.5140547322100942,-0.5140547313520063,0.15311624474912133
42,header,high_density,random,0.1,13,120000,8,0.9945930480066983,0.988760925229095,0.005832122777603366,0.005832122777603366,0.6875416666666667,0.0,0.6782416666666666,0.0,0.9258745236334679,0.6597931425981662,-0.6597931425981662,0.07892703110564049
42,header,mid_density,random,0.1,13,239999,8,0.9361436543670473,0.8899686747648194,0.04617497960222783,0.04617497960222783,0.29022204259184414,0.0,0.23831765965691523,0.0,0.7035697591458164,0.30269040084003757,-0.30269040084003757,0.13605435194934992
42,header,low_density,random,0.1,13,120001,8,0.8839466605014421,0.82456519191027,0.059381468591172104,0.059381468591172104,0.5404704960791994,0.0,0.45850451246239615,0.0,0.7771217920650838,0.5192453822312959,-0.5192444773728633,0.1560809155431779
42,header,high_density,random,0.1,14,120000,8,0.9945930480066983,0.9923947236975534,0.0021983243091449056,0.0021983243091449056,0.021583333333333333,0.0038166666666666666,0.004291666666666667,0.014270135535130082,0.005858597349411296,0.03904184969544632,0.012422990090137084,-0.006788601231657532
42,header,mid_density,random,0.1,14,239999,8,0.9361436543670473,0.9262148686351714,0.009928785731875833,0.009928785731875833,0.09008370868211951,0.0467751948966454,0.005175021562589844,0.07073501149932264,0.015277880286367998,0.07710343849222685,0.05269149104967706,-0.016196690929606936
42,header,low_density,random,0.1,14,120001,8,0.8839466605014421,0.8785546158343958,0.005392044667046347,0.005392044667046347,0.0998825009791585,0.03568303597470021,0.0077916017366521945,0.08703252032520326,0.013206028163444019,0.08327039633026559,0.053936165961743165,0.006578658659447031
42,header,high_density,random,0.1,15,120000,8,0.9945930480066983,0.9933524853636526,0.0012405626430457284,0.0012405626430457284,0.0699,0.0,0.06155833333333333,0.0,0.0840339002332063,0.09346508920298646,-0.09342087758398498,-0.041643720711060844
42,header,mid_density,random,0.1,15,239999,8,0.9361436543670473,0.934692765743735,0.0014508886233122187,0.0014508886233122187,0.12187134113058805,0.00024583435764315685,0.08738369743207264,0.00037175892378942064,0.25797721849090954,0.10843721419052701,-0.10489921418932673,0.016991671321436277
42,header,low_density,random,0.1,15,120001,8,0.8839466605014421,0.8738397985226657,0.010106861978776416,0.010106861978776416,0.17977350188748428,0.003308305764118632,0.12642394646711277,0.008069105691056911,0.214276634510812,0.1436333188057864,-0.13537452103324998,-0.0011062205389717461
42,header,high_density,random,0.1,16,120000,8,0.9945930480066983,0.9920885924317506,0.002504455574947717,0.002504455574947717,0.019125,0.011941666666666666,0.00034166666666666666,0.04464869917432622,0.00046641260451623913,0.014594880730600229,0.012607780498147942,0.0018598007987972163
42,header,mid_density,random,0.1,16,239999,8,0.9361436543670473,0.9326447428185726,0.0034989115484747035,0.0034989115484747035,0.028266784444935186,0.018175075729482206,0.00032500135417230905,0.027484956365583946,0.0009594804044578936,0.019964441938609776,0.01685403868594849,-0.002054271990826453
42,header,low_density,random,0.1,16,120001,8,0.8839466605014421,0.8866100360818936,-0.002663375580451488,-0.002663375580451488,0.02277481020991492,0.007333272222731477,0.0019166506945775452,0.01788617886178862,0.0032485416872643042,0.021048641451827218,0.011538556531991677,0.0028997866256782966
42,header,high_density,random,0.1,17,120000,8,0.9945930480066983,0.9919650216864165,0.0026280263202818066,0.0026280263202818066,0.2843333333333333,0.2515,0.0,0.940333385262502,0.0,0.2382384302665028,0.23823474460284977,0.008614877231509322
42,header,mid_density,random,0.1,17,239999,8,0.9361436543670473,0.9241039746186589,0.012039679748388377,0.012039679748388377,0.6492235384314101,0.5652273551139796,0.0,0.8547556787750858,0.0,0.5444318290406669,0.5444261200978079,0.03919368293867931
42,header,low_density,random,0.1,17,120001,8,0.8839466605014421,0.8721969521984383,0.011749708303003814,0.011749708303003814,0.4032216398196682,0.2859226173115224,0.0003166640277997683,0.6973780487804878,0.0005367155831132328,0.3946827469485117,0.3941582501561477,0.1221109511475915
42,header,high_density,random,0.1,18,120000,8,0.9945930480066983,0.9918690242928645,0.0027240237138338452,0.0027240237138338452,0.058416666666666665,0.025891666666666667,0.0,0.09680635613023836,0.0,0.07641630639725207,0.0749323325462351,0.029375938048201215
42,header,mid_density,random,0.1,18,239999,8,0.9361436543670473,0.9334429472179466,0.002700707149100645,0.002700707149100645,0.15294230392626637,0.0935003895849566,0.0,0.14139441101414574,0.0,0.15446457308066622,0.15415174283310953,-0.010825706096356044
42,header,low_density,random,0.1,18,120001,8,0.8839466605014421,0.8807316804755525,0.003214980025889602,0.003214980025889602,0.16204031633069724,0.08190765076957691,0.0005499954167048608,0.19977642276422763,0.0009321902233019307,0.16010873660363606,0.15898303521825097,0.028076805904346202
42,header,high_density,random,0.1,19,120000,8,0.9945930480066983,0.9893743358085509,0.005218712198147402,0.005218712198147402,0.6876666666666666,0.0,0.6783666666666667,0.0,0.9260451623912178,0.6616501135055034,-0.6616501135055034,0.08003871491451806
42,header,mid_density,random,0.1,19,239999,8,0.9361436543670473,0.8901840868931021,0.04595956747394514,0.04595956747394514,0.29038454326893026,0.0,0.23848016033400138,0.0,0.7040494993480454,0.3037728082156166,-0.3037728082156166,0.1363951246941555
42,header,low_density,random,0.1,19,120001,8,0.8839466605014421,0.8155722579190523,0.0683744025823898,0.0683744025823898,0.5477204356630362,0.0,0.4657294522545645,0.0,0.789367381816641,0.5250572910693414,-0.5250572910693414,0.15758673422071331
42,header,high_density,random,0.1,20,120000,8,0.9945930480066983,0.9895864028246656,0.005006645182032754,0.005006645182032754,0.6677916666666667,0.0,0.6584916666666667,0.0,0.8989135999089927,0.4885759170319758,-0.4885759170319758,-0.08597624626855473
42,header,mid_density,random,0.1,20,239999,8,0.9361436543670473,0.9285455963070389,0.00759805806000835,0.00759805806000835,0.2729261371922383,0.0,0.2210217542573094,0.0,0.6525081801854995,0.26676375570844363,-0.26676375570844363,0.11030682550640777
42,header,low_density,random,0.1,20,120001,8,0.8839466605014421,0.8883308575977809,-0.004384197096338749,-0.004384197096338749,0.45029624753127057,0.0,0.36958025349788753,0.0,0.6264035818703125,0.3986412682530195,-0.3986372556928087,0.09503214560500564
42,imports,high_density,important,0.01,0,194527,13,0.8538261064865589,0.8296320881885021,0.024194018298056785,0.024194018298056785,0.046641340276671106,0.0,0.043289620463997286,0.0,0.08721544420738654,0.03044404591150076,-0.0270345688052113,-0.003800404756894115
42,imports,mid_density,important,0.01,0,165431,13,0.9380536740653111,0.9042249866956651,0.03382868736964606,0.03382868736964606,0.10582659840054162,0.015849508254196613,0.06052070047330911,0.04786855317206755,0.0904786003470214,0.1038364334202581,-0.05441994012596536,-0.022181419415832477
42,imports,low_density,important,0.01,0,120042,13,0.8634886974280971,0.8198590529271744,0.04362964450092266,0.04362964450092266,0.09539161293547259,0.042243548091501305,0.024324819646457073,0.058119011598588,0.08905154010369015,0.0918980472158304,0.01197705885670469,-0.017997400399801147
42,imports,high_density,random,0.01,1,194527,13,0.8538261064865589,0.8488298497623491,0.00499625672420978,0.00499625672420978,0.007813825330159823,0.0,0.006405280500907329,0.0,0.012904695817884292,0.0051312239159143815,-0.004914979080663956,0.002421373442150433
42,imports,mid_density,random,0.01,1,165431,13,0.9380536740653111,0.9357684785232663,0.002285195542044871,0.002285195542044871,0.01667160326661871,0.0012150080698297176,0.009623347498352787,0.003669557279780922,0.01438692886061307,0.01754409816991079,-0.012377774598307459,-0.0016849134211244187
42,imports,low_density,random,0.01,1,120042,13,0.8634886974280971,0.8585598057440951,0.0049288916840020125,0.0049288916840020125,0.01878509188450709,0.003198880391862848,0.006705986238149981,0.004401045248246458,0.024550167734065265,0.017952872684674142,-0.008265258856594003,0.0008484401902131568
42,imports,high_density,random,0.01,2,194527,13,0.8538261064865589,0.8642711737970781,-0.010445067310519196,-0.010445067310519196,0.0009356027697954525,0.0,0.00012851686398289184,0.0,0.0002589224682561054,0.005376451374483377,0.001389433713722588,-0.0028481087022807316
42,imports,mid_density,random,0.01,2,165431,13,0.9380536740653111,0.9361235910834823,0.00193008298182884,0.00193008298182884,0.03704867890540467,0.0124825455930267,0.0021096408774655294,0.03769968051118211,0.0031539184499710816,0.02484440096742619,0.018595003548709334,-0.0022197546018263123
42,imports,low_density,random,0.01,2,120042,13,0.8634886974280971,0.8639508883397928,-0.0004621909116957479,-0.0004621909116957479,0.02854834141383849,0.01284550407357425,0.002032621915662851,0.017672947324989686,0.00744129307715767,0.02513671494096554,0.014387113341817614,-0.0026945533253027783
42,imports,high_density,random,0.01,3,194527,13,0.8538261064865589,0.8677225860645097,-0.013896479577950815,-0.013896479577950815,0.060202439764145854,0.0356197340214983,0.0,0.07072356669694711,0.0,0.03741967934096392,0.03741967934096392,-0.0011415387884450348
42,imports,mid_density,random,0.01,3,165431,13,0.9380536740653111,0.9325955679043747,0.005458106160936449,0.005458106160936449,0.15443901082626593,0.0837086156766265,2.417926507123816e-05,0.252816065723414,3.6148062463851935e-05,0.12821660264396728,0.12800935451077866,0.024067106858803207
42,imports,low_density,random,0.01,3,120042,13,0.8634886974280971,0.8638410687802153,-0.00035237135211818593,-0.00035237135211818593,0.14505756318621815,0.09796571200079972,8.330417687142833e-06,0.13478201072754778,3.0497102775236353e-05,0.12844248836991926,0.12819700178710644,-0.01076211217855635
42,imports,high_density,random,0.01,4,194527,13,0.8538261064865589,0.8449935134743147,0.00883259301224415,0.00883259301224415,0.010317333840546556,0.0,0.008569504490379227,0.0,0.01726495018331711,0.008379590542306223,-0.008379585824246208,0.0002456577877497694
42,imports,mid_density,random,0.01,4,165431,13,0.9380536740653111,0.9292517539977017,0.008801920067609492,0.008801920067609492,0.07342638320508248,7.253779521371448e-05,0.05806046025231063,0.0002190780465540849,0.08680053499132447,0.07039954717210026,-0.07003168241699523,-0.0003579257534060135
42,imports,low_density,random,0.01,4,120042,13,0.8634886974280971,0.8549738792098022,0.008514818218294917,0.008514818218294917,0.07317438896386265,0.0008413721864014261,0.0356875093717199,0.0011575665887314905,0.13064958828911252,0.07037802082161344,-0.06803928181519069,0.017499749766840954
42,imports,high_density,random,0.01,5,194527,13,0.8538261064865589,0.8660297172291416,-0.012203610742582693,-0.012203610742582693,0.0005089267813722517,0.0,0.0,0.0,0.0,0.0022002455415279926,0.002078591749530649,-0.0009701583130177625
42,imports,mid_density,random,0.01,5,165431,13,0.9380536740653111,0.9367762358545753,0.0012774382107358928,0.0012774382107358928,0.014640545000634705,0.00433413326401944,0.002139864958804577,0.013089913281606573,0.0031991035280508964,0.013889794689872281,0.009248030830894613,-0.0013323762324475932
42,imports,low_density,random,0.01,5,120042,13,0.8634886974280971,0.8622334560138118,0.0012552414142852353,0.0012552414142852353,0.01622765365455424,0.009096816114359974,0.0005581379850385698,0.012515472424700866,0.0020433058859408355,0.01560740352642293,0.012136374497039708,-0.00323989935970715
42,imports,high_density,random,0.01,6,194527,13,0.8538261064865589,0.8661230644173493,-0.012296957930790442,-0.012296957930790442,0.0,0.0,0.0,0.0,0.0,0.0013756703270096909,0.0012313139075466784,0.00016816719837914044
42,imports,mid_density,random,0.01,6,165431,13,0.9380536740653111,0.9347081557057251,0.003345518359586075,0.003345518359586075,0.015698387847501376,0.00656467046684116,0.0017650863502003857,0.019826563213144684,0.0026388085598611916,0.015141197392321882,0.009460620103771564,-0.0005479463124911834
42,imports,low_density,random,0.01,6,120042,13,0.8634886974280971,0.8605584823714428,0.0029302150566542506,0.0029302150566542506,0.020417853751187084,0.012012462304859965,0.0008080505156528549,0.01652684179159217,0.002958218969197926,0.01969873517697232,0.014482740636086502,-0.003908839390186866
42,imports,high_density,random,0.01,7,194527,13,0.8538261064865589,0.8471152537765433,0.006710852710015591,0.006710852710015591,0.0004266759884232009,0.0,0.00012851686398289184,0.0,0.0002589224682561054,0.0033247019395958874,-0.0032288254783299462,0.0004100621855233632
42,imports,mid_density,random,0.01,7,165431,13,0.9380536740653111,0.9373363610539092,0.0007173130114019877,0.0007173130114019877,0.01550495372693147,0.00040500268994323916,0.008390204979719642,0.001223185759926974,0.012543377674956621,0.0174729078622734,-0.015530359009947458,-0.0030274195651853225
42,imports,low_density,random,0.01,7,120042,13,0.8634886974280971,0.8621132016159927,0.001375495812104388,0.001375495812104388,0.021025974242348512,0.0008580330217757118,0.008255443927958548,0.0011804886993994406,0.030222628850259226,0.019125592465532755,-0.016562458456084242,0.0021119978080614433
42,imports,high_density,random,0.01,8,194527,13,0.8538261064865589,0.8695747365242988,-0.015748630037739964,-0.015748630037739964,0.007531088229397461,0.00026217440252509935,0.006873081885805056,0.000520551580537495,0.013847173602336517,0.009325306833240348,0.0003551971821890995,-0.0057434873700888105
42,imports,mid_density,random,0.01,8,165431,13,0.9380536740653111,0.9284104003370696,0.009643273728241586,0.009643273728241586,0.048304126796066035,0.005657948026669729,0.026228457786025595,0.01708808763121862,0.03921161075766339,0.040017127476874075,-0.012869630683961433,-0.004913557535899366
42,imports,low_density,random,0.01,8,120042,13,0.8634886974280971,0.8644233029742245,-0.0009346055461274538,-0.0009346055461274538,0.02413322003965279,0.006755968744272838,0.004631712234051415,0.009294915875853849,0.016956389143031412,0.022217768680825086,-0.0029768823842039826,0.0011288662116677927
42,imports,high_density,random,0.01,9,194527,13,0.8538261064865589,0.8497393030857738,0.004086803400785044,0.004086803400785044,0.018537272460892318,0.0,0.01537575760691318,0.0,0.03097748410216045,0.017518264182124224,-0.017518264182124224,0.002090665126286631
42,imports,mid_density,random,0.01,9,165431,13,0.9380536740653111,0.9357118366046864,0.002341837460624774,0.002341837460624774,0.07468974980505468,0.00019947893683771483,0.054838573181568144,0.0006024646280237334,0.08198380566801619,0.06481978112743395,-0.06378532522159487,-0.007582368542841376
42,imports,low_density,random,0.01,9,120042,13,0.8634886974280971,0.86170622649671,0.001782470931387059,0.001782470931387059,0.05360623781676413,0.0011912497292614252,0.023116909081821364,0.0016389309127584468,0.08462946020128088,0.05412301651981613,-0.0509252807563105,0.008292705847458509
42,imports,high_density,random,0.01,10,194527,13,0.8538261064865589,0.8529404135736554,0.000885692912903524,0.000885692912903524,0.0009356027697954525,0.0,0.00012851686398289184,0.0,0.0002589224682561054,0.0020494434079986116,-0.0016953865925652223,6.653765706756182e-05
42,imports,mid_density,random,0.01,10,165431,13,0.9380536740653111,0.9376033488944336,0.000450325170877508,0.000450325170877508,0.011237313441857934,0.0021640442238758154,0.0027080776879786737,0.006535828388863533,0.004048582995951417,0.008628614810749103,0.0023697335037154584,-0.001131277600420845
42,imports,low_density,random,0.01,10,120042,13,0.8634886974280971,0.8621294963076247,0.0013592011204723864,0.0013592011204723864,0.012895486579697106,0.006106196164675697,0.0012245714000099965,0.008400953559803788,0.004483074107959744,0.012863164032185742,0.0064024459991496524,-0.0018496782454746003
42,imports,high_density,random,0.01,11,194527,13,0.8538261064865589,0.8536279835055421,0.0001981229810167351,0.0001981229810167351,0.001480514273082914,0.00026217440252509935,0.0006271622962365121,0.000520551580537495,0.0012635416450897943,0.003203868183063068,0.0016241878069996989,-0.0017586601861925611
42,imports,mid_density,random,0.01,11,165431,13,0.9380536740653111,0.9369200355198022,0.0011336385455089637,0.0011336385455089637,0.01810422472208957,0.0020975512449299106,0.005857426963507445,0.006335006846188955,0.008756868131868132,0.01534912701726976,-0.005668533877421557,-0.0034506884495784274
42,imports,low_density,random,0.01,11,120042,13,0.8634886974280971,0.8607220137002218,0.002766683727875252,0.002766683727875252,0.02064277502873994,0.004181869678945702,0.006647673314339981,0.005753449777655527,0.02433668801463861,0.0196839260203886,-0.007942343850071249,-0.0002925338711433434
42,imports,high_density,random,0.01,12,194527,13,0.8538261064865589,0.8533672141470436,0.0004588923395152378,0.0004588923395152378,0.0004266759884232009,0.0,0.00012851686398289184,0.0,0.0002589224682561054,0.005560983396386804,-0.005377397853387072,-0.0012981662497201418
42,imports,mid_density,random,0.01,12,165431,13,0.9380536740653111,0.9363558386726656,0.0016978353926455636,0.0016978353926455636,0.012264932207385556,0.00031433044592609605,0.00761646849744002,0.0009493382017343679,0.01138663967611336,0.015363944915436755,-0.013167638394762982,-0.0006202361315444249
42,imports,low_density,random,0.01,12,120042,13,0.8634886974280971,0.8607156669529588,0.0027730304751383272,0.0027730304751383272,0.01655253994435281,0.002299195281651422,0.004923276853101415,0.003163251272177142,0.018023787740164686,0.01602891812953983,-0.00874246236938401,0.0015362175139311633
42,imports,high_density,random,0.01,13,194527,13,0.8538261064865589,0.8680708602391122,-0.014244753752553296,-0.014244753752553296,0.007325461247024835,0.0024880864867087857,0.0,0.004940136568238188,0.0,0.006933872180221072,0.0068217820638444004,-0.00137467254449703
42,imports,mid_density,random,0.01,13,165431,13,0.9380536740653111,0.9371385597140254,0.0009151143512857729,0.0009151143512857729,0.02142282885311701,0.008390204979719642,0.0013117251301146703,0.02534002738475582,0.0019610323886639675,0.016770684228110882,0.012423657494288823,0.0006754435664992687
42,imports,low_density,random,0.01,13,120042,13,0.8634886974280971,0.8657868204281012,-0.002298123000004093,-0.002298123000004093,0.017402242548441377,0.0071058462871328365,0.0012162409823228536,0.009776280199880805,0.0044525770051845074,0.015178074445637915,0.004839207770169344,0.00010899535044748606
42,imports,high_density,random,0.01,14,194527,13,0.8538261064865589,0.8537864540035919,3.965248296700086e-05,3.965248296700086e-05,0.0005089267813722517,0.0,0.0,0.0,0.0,0.001675862180900054,0.0012173609370728594,0.0002915873832789864
42,imports,mid_density,random,0.01,14,165431,13,0.9380536740653111,0.9370267359880144,0.0010269380772967018,0.0010269380772967018,0.006818552750089161,0.002798749931995817,0.000380823424872001,0.008452761296211775,0.000569331983805668,0.009563436174656544,0.006676554679734959,0.0006526250705315876
42,imports,low_density,random,0.01,14,120042,13,0.8634886974280971,0.8620703525085073,0.001418344919589809,0.001418344919589809,0.012528948201462822,0.004948268106162843,0.00144116225987571,0.00680786686838124,0.005275998780115889,0.01255078067014273,0.005163789436389774,-0.0008822978372940956
42,imports,high_density,random,0.01,15,194527,13,0.8538261064865589,0.867633697481405,-0.013807590994846075,-0.013807590994846075,0.013052172706102495,0.0022721781552175278,0.0,0.0045114470313249565,0.0,0.007435000534223138,0.007056858574917495,-0.0035788964225305416
42,imports,mid_density,random,0.01,15,165431,13,0.9380536740653111,0.9372171395963929,0.000836534468918293,0.000836534468918293,0.017548101625451094,0.005706306556812206,0.0005742575454419063,0.017234139662254677,0.0008585164835164835,0.013209469758914976,0.010901539529529916,1.2414254588494348e-06
42,imports,low_density,random,0.01,15,120042,13,0.8634886974280971,0.864214079469217,-0.0007253820411199374,-0.0007253820411199374,0.015427933556588527,0.007330767564685693,0.0007747288449042835,0.010085728693898134,0.002836230558096981,0.013174788625210387,0.008244791009021821,-0.0013172388557914074
42,imports,high_density,random,0.01,16,194527,13,0.8538261064865589,0.8668570833586958,-0.013030976872136946,-0.013030976872136946,0.013052172706102495,0.0022721781552175278,0.0,0.0045114470313249565,0.0,0.005170951141051566,0.005166542974660478,-0.0007900520613041112
42,imports,mid_density,random,0.01,16,165431,13,0.9380536740653111,0.9353148262787802,0.0027388477865309957,0.0027388477865309957,0.02375008311622368,0.011388433848553174,4.231371387466678e-05,0.034395253308991326,6.325910931174089e-05,0.024918591511240887,0.02462308959796077,-0.0001321027290518151
42,imports,low_density,random,0.01,16,120042,13,0.8634886974280971,0.8619254325494559,0.001563264878641224,0.001563264878641224,0.03359657453224705,0.020384532080438514,0.0001749387714299995,0.028045202402237197,0.0006404391582799634,0.02930440281144076,0.028223224121572885,-0.006204745358795173
42,imports,high_density,random,0.01,17,194527,13,0.8538261064865589,0.8530796281451926,0.000746478341366319,0.000746478341366319,0.0004266759884232009,0.0,0.00012851686398289184,0.0,0.0002589224682561054,0.0006878653130594296,-0.0005102993428103804,-0.00021424292038161534
42,imports,mid_density,random,0.01,17,165431,13,0.9380536740653111,0.9367378948206542,0.0013157792446569783,0.0013157792446569783,0.009169986278267072,0.0010034395004563836,0.004315998815216012,0.0030305796439981745,0.006452429149797571,0.009537739637661859,-0.00475704673035429,-0.000628334168599326
42,imports,low_density,random,0.01,17,120042,13,0.8634886974280971,0.8625216014154078,0.0009670960126892947,0.0009670960126892947,0.014536578864064243,0.004556738474867129,0.0025824294830142785,0.006269197267684408,0.009454101860323269,0.013325764639164536,-0.0001494772483016023,-0.0009077521370435311
42,imports,high_density,random,0.01,18,194527,13,0.8538261064865589,0.8673735352255718,-0.013547428739012934,-0.013547428739012934,0.06198111316166907,0.03712081099281848,0.0,0.07370397966786768,0.0,0.03996746842037436,0.03996746842037436,0.00029351576513277083
42,imports,mid_density,random,0.01,18,165431,13,0.9380536740653111,0.9333579392859057,0.004695734779405436,0.004695734779405436,0.16077397827493034,0.08809110747078842,0.0,0.26605203103605657,0.0,0.1348215124759897,0.13482006305792166,0.025715116879961693
42,imports,low_density,random,0.01,18,120042,13,0.8634886974280971,0.8611963815026074,0.0022923159254897296,0.0022923159254897296,0.15898602155912098,0.1094366971559954,0.0,0.15056388392243159,0.0,0.14013572312568948,0.140133212848809,-0.013526152717643134
42,imports,high_density,random,0.01,19,194527,13,0.8538261064865589,0.8541354431068593,-0.00030933662030041553,-0.00030933662030041553,0.0,0.0,0.0,0.0,0.0,0.003160138108053985,0.0026562069352450437,0.0007249722312425586
42,imports,mid_density,random,0.01,19,165431,13,0.9380536740653111,0.9325679949014567,0.005485679163854451,0.005485679163854451,0.025049718613802733,0.012029184372940984,0.0001329859578918099,0.036330442720219076,0.00019881434355118567,0.026201686484725564,0.025888198298395473,-0.0016202188290093658
42,imports,low_density,random,0.01,19,120042,13,0.8634886974280971,0.8606712925009941,0.002817404927103029,0.002817404927103029,0.03146398760433848,0.019959680778394228,0.00019159960680428516,0.027460688580204465,0.0007014333638304362,0.028191751078512753,0.02766351405518135,-0.0061789258965177
42,imports,high_density,random,0.01,20,194527,13,0.8538261064865589,0.8687857348855694,-0.01495962839901055,-0.01495962839901055,0.00923265150853095,0.008908789011294061,0.0,0.017688546844538803,0.0,0.008434063631320453,0.008228005105215458,-0.0010741411561744272
42,imports,mid_density,random,0.01,20,165431,13,0.9380536740653111,0.930116409712402,0.007937264352909201,0.007937264352909201,0.030036692034745602,0.013286506156645369,0.0013359043951859083,0.04012779552715655,0.0019971804511278194,0.024947691643375656,0.022032166778529073,-0.0021896207661850253
42,imports,low_density,random,0.01,20,120042,13,0.8634886974280971,0.8540976649268932,0.009391032501203878,0.009391032501203878,0.035420936005731325,0.02328351743556422,0.0016660835374285668,0.032033649658460554,0.006099420555047271,0.03496444947176356,0.02655190185196756,-0.008971786915111782
42,imports,high_density,important,0.05,0,194527,65,0.8538261064865589,0.7109538234243467,0.14287228306221222,0.14287228306221222,0.17371881538295456,0.0,0.17024371938085717,0.0,0.34298941524949766,0.15093187940575678,-0.1493495136087978,-0.06666295738591235
42,imports,mid_density,important,0.05,0,165431,65,0.9380536740653111,0.8310246746575388,0.10702899940777233,0.10702899940777233,0.34193712182118224,0.016762275510635853,0.286373170687477,0.05062528525787312,0.42812861480624637,0.28382803841131227,-0.23778186035506357,-0.06037646887899887
42,imports,low_density,important,0.05,0,120042,65,0.8634886974280971,0.7396667402984423,0.12382195712965482,0.12382195712965482,0.19247430066143517,0.039886039886039885,0.099323570083804,0.05487553293907303,0.36361695638914304,0.1742717442151548,-0.07684708227293183,-0.0150259448129335
42,imports,high_density,random,0.05,1,194527,65,0.8538261064865589,0.8639954875571639,-0.010169381070605055,-0.010169381070605055,0.0029301844988099336,0.0,0.0020408478000483224,0.0,0.004111688795906954,0.008916618430012867,-0.006606401342903655,-0.004752870743354987
42,imports,mid_density,random,0.05,1,165431,65,0.9380536740653111,0.9305479971201658,0.0075056769451453675,0.0075056769451453675,0.059692560644619204,0.0015837418621660994,0.040790420175178775,0.004783204016430853,0.06098178137651822,0.06907504935463538,-0.0581126713491847,0.0002662466741650109
42,imports,low_density,random,0.05,1,120042,65,0.8634886974280971,0.8617466012885288,0.0017420961395683277,0.0017420961395683277,0.07203312174072408,0.0029906199496842773,0.0310391363022942,0.0041145188648970795,0.11363220494053065,0.07008969479851318,-0.061269312644807755,0.016134259856339574
42,imports,high_density,random,0.05,2,194527,65,0.8538261064865589,0.8546844883421858,-0.0008583818556269218,-0.0008583818556269218,0.0,0.0,0.0,0.0,0.0,0.00469648330231745,0.0001954119954962099,-0.0009485844061203272
42,imports,mid_density,random,0.05,2,165431,65,0.9380536740653111,0.9357203994553934,0.0023332746099177237,0.0023332746099177237,0.030072960932352462,0.005011152686014109,0.011787391722228603,0.015134641716111365,0.01762218045112782,0.028638971091170806,-0.0017666554707212565,0.0030654645097020054
42,imports,low_density,random,0.05,2,120042,65,0.8634886974280971,0.8672713336307685,-0.0037826362026713856,-0.0037826362026713856,0.037653487945885605,0.009896536212325686,0.006214491594608553,0.01361573373676248,0.022750838670326318,0.037260660439685775,-0.004960216768722135,0.0027454155392421624
42,imports,high_density,random,0.05,3,194527,65,0.8538261064865589,0.8505499160148469,0.003276190471712015,0.003276190471712015,0.0018814868887095364,0.0006014589234399338,0.0003752692428300442,0.0011942065671154297,0.0007560536073078277,0.008630413252587772,0.0010420278914563628,-0.004376962854499264
42,imports,mid_density,random,0.05,3,165431,65,0.9380536740653111,0.9349920958491531,0.003061578216158045,0.003061578216158045,0.04994227200464242,0.007011986870659066,0.02222074460046787,0.021177544500228206,0.033220069404279934,0.04524611410169994,-0.013943084535610195,-0.010072366851300927
42,imports,low_density,random,0.05,3,120042,65,0.8634886974280971,0.8570949462065809,0.006393751221516197,0.006393751221516197,0.048649639292914146,0.014011762549774246,0.012753869479015677,0.019277495071746205,0.046691064348886854,0.04622979853093667,-0.009388899802379443,-0.00041486489406511424
42,imports,high_density,random,0.05,4,194527,65,0.8538261064865589,0.8394949279750027,0.014331178511556186,0.014331178511556186,0.011227233237545431,0.0,0.009330324325157947,0.0,0.01879777119539325,0.012134763262410963,-0.011647516000145745,0.0016671802586692727
42,imports,mid_density,random,0.05,4,165431,65,0.9380536740653111,0.9285065568229725,0.009547117242338699,0.009547117242338699,0.040482134545520486,0.0027685258506567694,0.02381053127890178,0.00836147877681424,0.035596804511278196,0.04714364493067341,-0.03689974784941097,-0.009145639988452059
42,imports,low_density,random,0.05,4,120042,65,0.8634886974280971,0.8585353991838387,0.004953298244258386,0.004953298244258386,0.043209876543209874,0.006514386631345696,0.014453274687192815,0.008962545271168569,0.05291247331503507,0.04350808244029019,-0.02256382468310323,0.0028494589975685937
42,imports,high_density,random,0.05,5,194527,65,0.8538261064865589,0.8389481475085246,0.014877958978034234,0.014877958978034234,0.01909246531329841,0.00012337618942357616,0.01514956792630329,0.00024496544966470357,0.030521780558029704,0.015586275858770045,-0.008591902388232682,0.001433586250713404
42,imports,mid_density,random,0.05,5,165431,65,0.9380536740653111,0.921971743912541,0.016081930152770152,0.016081930152770152,0.07367422067206267,0.02376821756502711,0.01720959191445376,0.07178457325422181,0.025728383458646618,0.06247110605095106,0.010383565876150054,-0.010158057363214781
42,imports,low_density,random,0.05,5,120042,65,0.8634886974280971,0.8616723896445075,0.0018163077835895436,0.0018163077835895436,0.06257809766581697,0.026565702004298496,0.007738958031355692,0.03654930546004676,0.02833180847819457,0.05759352633120577,0.017455762673436574,-0.004737125635354353
42,imports,high_density,random,0.05,6,194527,65,0.8538261064865589,0.8483176240404052,0.005508482446153651,0.005508482446153651,0.0023852729955224725,0.0,0.001840361492235011,0.0,0.003707769745427429,0.007077035592863518,-0.0036511593472519995,-0.0017364687090083237
42,imports,mid_density,random,0.05,6,165431,65,0.9380536740653111,0.9287977572659751,0.009255916799336017,0.009255916799336017,0.0612098095278394,0.0036571138420247716,0.03975071177711553,0.01104518484710178,0.05942741469057258,0.05187472375812397,-0.029658036593324878,-0.005646687000186017
42,imports,low_density,random,0.05,6,120042,65,0.8634886974280971,0.8534652803144844,0.010023417113612654,0.010023417113612654,0.05483080921677413,0.014978091001482815,0.015186351443661384,0.020606977490487323,0.05559621835925587,0.04877179768269875,-0.008512181401320632,0.0003544598109021646
42,imports,high_density,random,0.05,7,194527,65,0.8538261064865589,0.8679571607876797,-0.014131054301120827,-0.014131054301120827,0.03666329095703938,0.01870177404679042,0.0,0.03713267941167465,0.0,0.024536593985857533,0.023176531360081007,-0.006919753573608797
42,imports,mid_density,random,0.05,7,165431,65,0.9380536740653111,0.9275441216717055,0.010509552393605626,0.010509552393605626,0.10548808868954428,0.05209422659598262,0.002393747242052578,0.15733455043359196,0.003578658183921342,0.0844485521825161,0.07760357410788915,0.00556434311453053
42,imports,low_density,random,0.05,7,120042,65,0.8634886974280971,0.8584395677741381,0.005049129653958984,0.005049129653958984,0.10463004615051398,0.06641842021958981,0.0004748338081671415,0.09137899417778389,0.0017383348581884721,0.09217474842223604,0.0840632415739443,-0.01071118593717434
42,imports,high_density,random,0.05,8,194527,65,0.8538261064865589,0.86022516699769,-0.006399060511131149,-0.006399060511131149,0.020619245657415165,0.008369018182565916,0.006580063435924062,0.016616823002255723,0.013256830374712597,0.01981279934111374,0.00994629601401254,-0.010271557815183421
42,imports,mid_density,random,0.05,8,165431,65,0.9380536740653111,0.9151887705111794,0.022864903554131732,0.022864903554131732,0.09846401218634959,0.0292750451850016,0.02655487786448731,0.08841624828845276,0.03969960960092539,0.0764964845508653,0.025131203349382892,-0.004972329539828794
42,imports,low_density,random,0.05,8,120042,65,0.8634886974280971,0.8614980592682874,0.00199063815980971,0.00199063815980971,0.06501057963046267,0.037003715366288464,0.002249212775528565,0.05091000779351763,0.008234217749313814,0.0592001137616626,0.04314293727536589,-0.008123825515773737
42,imports,high_density,random,0.05,9,194527,65,0.8538261064865589,0.8359821921014018,0.01784391438515709,0.01784391438515709,0.006580063435924062,0.0,0.006580063435924062,0.0,0.013256830374712597,0.009545024098637682,-0.005850277912618165,-0.003128423890296097
42,imports,mid_density,random,0.05,9,165431,65,0.9380536740653111,0.9277793855040561,0.010274288561255007,0.010274288561255007,0.051435341622791377,0.0028954669922807695,0.03535008553415019,0.008744865358283888,0.05284846732215153,0.04636998686942907,-0.02869586899153543,-0.004401740033497166
42,imports,low_density,random,0.05,9,120042,65,0.8634886974280971,0.8633297711436617,0.00015892628443536783,0.00015892628443536783,0.038436547208477036,0.007155828793255694,0.0100548141483814,0.009845046531884656,0.03681000304971028,0.0389901511641931,-0.016025176135038968,0.0032834121913060694
42,imports,high_density,random,0.05,10,194527,65,0.8538261064865589,0.8498705655955179,0.003955540891040998,0.003955540891040998,0.008333033460650707,0.0,0.006240778915009228,0.0,0.012573275058516478,0.009887158122639158,-0.006803521887254916,-0.002643511862988024
42,imports,mid_density,random,0.05,10,165431,65,0.9380536740653111,0.9319358806129971,0.006117793452314002,0.006117793452314002,0.04227140016079211,0.00840229461225526,0.016961754447473568,0.025376540392514833,0.025357865818392136,0.04576040383313853,-0.011070511840805437,-0.012230309436329932
42,imports,low_density,random,0.05,10,120042,65,0.8634886974280971,0.8634194826504089,6.921477768817574e-05,6.921477768817574e-05,0.04901617767114843,0.011137768447709967,0.01361190250079139,0.015323430981524779,0.0498322659347362,0.04778121518749059,-0.014693492467028918,0.0005342861718745442
42,imports,high_density,random,0.05,11,194527,65,0.8538261064865589,0.86768868810717,-0.013862581620611159,-0.013862581620611159,0.06552817860759688,0.04009212088810294,0.0,0.07960356424729262,0.0,0.042344302036982376,0.04166024512729693,0.002556308306351577
42,imports,mid_density,random,0.05,11,165431,65,0.9380536740653111,0.9231008260863425,0.014952847978968675,0.014952847978968675,0.16960545484220008,0.0936523384371732,6.649297894590494e-05,0.2828480146052031,9.940717177559283e-05,0.14011044211193244,0.13986049244988044,0.02580995839229107
42,imports,low_density,random,0.05,11,120042,65,0.8634886974280971,0.8590285400131061,0.004460157414990951,0.004460157414990951,0.16723313506939239,0.11440995651521968,2.49912530614285e-05,0.15740613395681474,9.149130832570906e-05,0.1504856064230132,0.1478073717162802,-0.012075814976268763
42,imports,high_density,random,0.05,12,194527,65,0.8538261064865589,0.8663022981859653,-0.012476191699406391,-0.012476191699406391,0.0044415428192487415,0.0014239668529304416,0.00020562698237262694,0.00282730956488012,0.00041427594920976865,0.010782746441806379,0.006825376646935539,-0.004801318615356095
42,imports,mid_density,random,0.05,12,165431,65,0.9380536740653111,0.9368826106437582,0.0011710634215529314,0.0011710634215529314,0.034594483500674,0.0070361661357303045,0.009496406356728788,0.021250570515746234,0.014197151532677848,0.02961364509499025,0.003217444736600438,0.0015568884855532248
42,imports,low_density,random,0.05,12,120042,65,0.8634886974280971,0.8652280225018929,-0.0017393250737958166,-0.0017393250737958166,0.03760350543976275,0.014294996751137101,0.005081554789157128,0.019667170953101363,0.018603232692894173,0.034597277749064216,0.006236979862535497,-0.0007188229204942633
42,imports,high_density,random,0.05,13,194527,65,0.8538261064865589,0.8489705011681931,0.004855605318365819,0.004855605318365819,0.0,0.0,0.0,0.0,0.0,0.0073553355684828495,-0.0028540313656391153,-0.0006095475823516153
42,imports,mid_density,random,0.05,13,165431,65,0.9380536740653111,0.9300003119028393,0.008053362162471878,0.008053362162471878,0.040748106461304105,0.0072598243376392575,0.019881400704825577,0.021926061159287996,0.029722744360902255,0.03983994802601738,-0.012900953523784784,-0.0009912746106035643
42,imports,low_density,random,0.05,13,120042,65,0.8634886974280971,0.8619662529907273,0.0015224444373698187,0.0015224444373698187,0.042018626813948454,0.01182086269805568,0.008322087269455691,0.01626323751891074,0.030466605672461115,0.03773990785005966,-0.00555809403998534,0.0011923505696393466
42,imports,high_density,random,0.05,14,194527,65,0.8538261064865589,0.8530921910370303,0.0007339154495286104,0.0007339154495286104,0.0019791597053365343,0.0003649878937114128,0.0004112539647452539,0.0007246894552580813,0.0008285518984195373,0.005561630768183185,0.0012117574044736674,0.000915836970801843
42,imports,mid_density,random,0.05,14,165431,65,0.9380536740653111,0.9322326130624282,0.005821061002882932,0.005821061002882932,0.03023012615531551,0.010868579649521553,0.005156228276441538,0.03282519397535372,0.007708574320416425,0.034265035409266904,0.014027608196003821,-0.004499445396076822
42,imports,low_density,random,0.05,14,120042,65,0.8634886974280971,0.8477859558471914,0.015702741580905677,0.015702741580905677,0.052789856883424136,0.028415054730844203,0.005281484813648556,0.03909365974418925,0.019335163159499846,0.05121157573889414,0.025188574048170445,-0.009524890903432984
42,imports,high_density,random,0.05,15,194527,65,0.8538261064865589,0.8535660355656903,0.0002600709208685492,0.0002600709208685492,0.0019431749834213246,0.0006014589234399338,0.0008739146750836645,0.0011942065671154297,0.0017606727841415167,0.011752546152068936,-0.003336124828906589,-0.004740545365698537
42,imports,mid_density,random,0.05,15,165431,65,0.9380536740653111,0.9346421237051041,0.0034115503602070163,0.0034115503602070163,0.061233988792910636,0.0031735285406000084,0.03737509898386639,0.009584664536741214,0.05587586755349913,0.05325733468258495,-0.04000719995991392,-0.009198115950639891
42,imports,low_density,random,0.05,15,120042,65,0.8634886974280971,0.8587339526175994,0.004754744810497646,0.004754744810497646,0.050299061994968426,0.007980540144282835,0.01784375468585995,0.010979691009948197,0.06532479414455626,0.04872506383781229,-0.02497226471988957,0.002719286840672198
42,imports,high_density,random,0.05,16,194527,65,0.8538261064865589,0.8607253831231729,-0.006899276636614049,-0.006899276636614049,0.07396916623399323,0.04807558847872018,0.0,0.09545487021934615,0.0,0.05847677269605347,0.05847677269605347,0.010742873922833343
42,imports,mid_density,random,0.05,16,165431,65,0.9380536740653111,0.893921823652758,0.044131850412553186,0.044131850412553186,0.2396467409373092,0.1489805417364339,0.0005621679129062873,0.4499497946143314,0.0008404424522845575,0.2078486916657564,0.20727509631761307,0.042676711099877314
42,imports,low_density,random,0.05,16,120042,65,0.8634886974280971,0.8361448140937133,0.027343883334383756,0.027343883334383756,0.2841255560553806,0.21619099981673082,6.664334149714266e-05,0.29743730802732316,0.00024397682220189082,0.25482528694650547,0.2544369284144778,-0.016004946141445254
42,imports,high_density,random,0.05,17,194527,65,0.8538261064865589,0.8696659181012931,-0.015839811614734245,-0.015839811614734245,0.0025703372796578366,0.0012337618942357617,0.0,0.0024496544966470355,0.0,0.009907011102087892,0.009450350023988485,-0.002841845207218251
42,imports,mid_density,random,0.05,17,165431,65,0.9380536740653111,0.9320778227198706,0.0059758513454405415,0.0059758513454405415,0.059082034201570446,0.026863163494145595,0.0005863471779775254,0.08113190324052943,0.0008765905147484095,0.05165969953468339,0.047619926155605896,0.0012056633235879959
42,imports,low_density,random,0.05,17,120042,65,0.8634886974280971,0.8616105237136749,0.0018781737144222266,0.0018781737144222266,0.06856766798287266,0.04013595241665417,0.0011662584761999966,0.05521936459909228,0.004269594388533089,0.0602684076886112,0.05292726464942613,-0.009304010991144253
42,imports,high_density,random,0.05,18,194527,65,0.8538261064865589,0.8666335399753153,-0.012807433488756459,-0.012807433488756459,0.06970240634976121,0.044965480370334196,0.0,0.0892796995090484,0.0,0.04503691371799197,0.04500047928338781,0.007142298838247028
42,imports,mid_density,random,0.05,18,165431,65,0.9380536740653111,0.9107580798921346,0.027295594173176507,0.027295594173176507,0.18044985522665039,0.10617115292780675,0.0,0.32065723413966224,0.0,0.1477147022041311,0.14768104995676556,0.01740624869302861
42,imports,low_density,random,0.05,18,120042,65,0.8634886974280971,0.8283546232834649,0.03513407414463221,0.03513407414463221,0.20038819746422085,0.15257159994002098,1.6660835374285666e-05,0.2099092284417549,6.0994205550472706e-05,0.17981791117264478,0.17973675674841852,-0.02879378586049991
42,imports,high_density,random,0.05,19,194527,65,0.8538261064865589,0.8474704477375556,0.006355658749003235,0.006355658749003235,0.0004472386866604636,0.0,0.00035984721915209713,0.0,0.0007249829111170951,0.006684830034610702,-0.0033939043559681995,-0.0029098731084028035
42,imports,mid_density,random,0.05,19,165431,65,0.9380536740653111,0.9347480733297185,0.0033056007355926065,0.0033056007355926065,0.03671016919440734,0.004364357345358488,0.018067955824482715,0.013181195801004108,0.02701163967611336,0.03975362726664241,-0.01729584644454363,-0.0007225877177577846
42,imports,low_density,random,0.05,19,120042,65,0.8634886974280971,0.8615896655716482,0.0018990318564489073,0.0018990318564489073,0.04061911664250845,0.01061295213341997,0.009113476949734259,0.014601384495484345,0.03336383043610857,0.03841158909980378,-0.006876411135420692,0.001557617894890292
42,imports,high_density,random,0.05,20,194527,65,0.8538261064865589,0.866904600162691,-0.013078493676132119,-0.013078493676132119,0.04143897762264364,0.021159016486143312,0.0,0.042011574617496654,0.0,0.0406844749419214,0.0406844749419214,0.0020312117381318623
42,imports,mid_density,random,0.05,20,165431,65,0.9380536740653111,0.9191034750909328,0.01895019897437833,0.01895019897437833,0.18868289498340698,0.11202253507504639,0.00016321003923085758,0.3383295298950251,0.00024399942163100057,0.1575267039512386,0.157195291814246,0.03080114899213668
42,imports,low_density,random,0.05,20,120042,65,0.8634886974280971,0.8548699698357886,0.008618727592308528,0.008618727592308528,0.18630146115526233,0.13192049449359391,7.49737591842855e-05,0.1814972722688305,0.0002744739249771272,0.16519151450621886,0.1645136837075701,-0.011898865492614161
42,imports,high_density,important,0.1,0,194527,129,0.8538261064865589,0.661591012513966,0.19223509397259286,0.19223509397259286,0.20932826805533422,0.0,0.2057400772129319,0.0,0.414503800981834,0.1867620159659066,-0.18043414316537015,-0.07218670479197775
42,imports,mid_density,important,0.1,0,165431,129,0.9380536740653111,0.7778059122589678,0.16024776180634337,0.16024776180634337,0.40707001710683005,0.013848674069551656,0.3512824077712158,0.041825650387950705,0.5251680884904569,0.3300276255922918,-0.28107843577169905,-0.08658712945489508
42,imports,low_density,important,0.1,0,120042,129,0.8634886974280971,0.7318941231063727,0.1315945743217244,0.1315945743217244,0.2098682127921894,0.0290564968927542,0.11715899435197681,0.03997616100490533,0.42891125343092407,0.18725303940807533,-0.106750050505847,-0.014537249808492489
42,imports,high_density,random,0.1,1,194527,129,0.8538261064865589,0.8627260763720468,-0.008899969885487913,-0.008899969885487913,0.0009356027697954525,0.0,0.00012851686398289184,0.0,0.0002589224682561054,0.007329295734163365,0.002332818987621698,-0.005498867668649612
42,imports,mid_density,random,0.1,1,165431,129,0.9380536740653111,0.9286228743916367,0.00943079967367444,0.00943079967367444,0.041745501145492685,0.009000731422768405,0.017560191257986715,0.027183934276586035,0.02625253036437247,0.04386733654769294,-0.004459816203458612,-0.003791465556413222
42,imports,low_density,random,0.1,1,120042,129,0.8634886974280971,0.8619216628793803,0.0015670345487167614,0.0015670345487167614,0.06489395378284267,0.023033604904949934,0.011362689725262824,0.0316898179984413,0.041598048185422384,0.06064993875770141,0.003154328187160671,-0.0027224606527683714
42,imports,high_density,random,0.1,2,194527,129,0.8538261064865589,0.86177760462482,-0.007951498138261126,-0.007951498138261126,0.013941509404864107,0.0023955543446411037,0.0003752692428300442,0.00475641248098966,0.0007560536073078277,0.014509402131853123,0.0029418364351182454,0.002436568532917429
42,imports,mid_density,random,0.1,2,165431,129,0.9380536740653111,0.9223272194382404,0.015726454627070785,0.015726454627070785,0.05069787403811861,0.018702661532602718,0.015305474790093756,0.05648562300319489,0.022881723539618277,0.051374994668924076,0.007432944035520777,-0.0011850217950049205
42,imports,low_density,random,0.1,2,120042,129,0.8634886974280971,0.856783656393884,0.0067050410342130995,0.0067050410342130995,0.06812615584545409,0.02749037836757135,0.010413022108928542,0.037821482602118005,0.03812137846904544,0.06170457107868462,0.015307798049959475,-0.005758040555790762
42,imports,high_density,random,0.1,3,194527,129,0.8538261064865589,0.8528318072093377,0.0009942992772211667,0.0009942992772211667,0.014147136387236733,0.0006014589234399338,0.011191248515630222,0.0011942065671154297,0.022546968535741656,0.018354624236915924,-0.0034168901070399283,-0.007783576785598874
42,imports,mid_density,random,0.1,3,165431,129,0.9380536740653111,0.9250813518662628,0.012972322199048314,0.012972322199048314,0.08398063240867794,0.003826368697523439,0.056265149820771194,0.011556366955727978,0.08411654135338346,0.07456443460761705,-0.05957337154802153,-0.0053404272553013174
42,imports,low_density,random,0.1,3,120042,129,0.8634886974280971,0.8546140817649235,0.008874615663173602,0.008874615663173602,0.07065027240465838,0.006714316655837124,0.028773262691391348,0.009237610599183974,0.10533699298566636,0.06661931218515134,-0.04537397651442799,0.008259007489683287
42,imports,high_density,random,0.1,4,194527,129,0.8538261064865589,0.8656163139305498,-0.011790207443990952,-0.011790207443990952,0.010882808042071281,0.0006580063435924062,0.007412852714533201,0.0013064823982117523,0.01493464796901216,0.013712310961289177,-0.004579742170537551,-0.005346710472125114
42,imports,mid_density,random,0.1,4,165431,129,0.9380536740653111,0.9126699750860492,0.02538369897926196,0.02538369897926196,0.10383180903216446,0.010022305372028218,0.0630474336732535,0.03026928343222273,0.09425607287449393,0.09304795636468621,-0.05471940279030302,-0.015512298199037901
42,imports,low_density,random,0.1,4,120042,129,0.8634886974280971,0.8152016096452774,0.04828708778281965,0.04828708778281965,0.10009829892870828,0.03243864647373419,0.034263007947218475,0.04462934947049924,0.1254345837145471,0.09605462115685265,-0.016290956241928996,-0.010398406016539423
42,imports,high_density,random,0.1,5,194527,129,0.8538261064865589,0.8702400008509712,-0.016413894364412318,-0.016413894364412318,0.001228621219676446,0.0009870095153886092,0.0,0.0019597235973176285,0.0,0.008408072617420884,0.0033293880143644007,-0.0036494384582298604
42,imports,mid_density,random,0.1,5,165431,129,0.9380536740653111,0.91694733563867,0.021106338426641114,0.021106338426641114,0.062189069763224546,0.020086924457931102,0.020576554575623674,0.06066636239160201,0.030762001156737998,0.06457370600111127,0.011797212064141731,-0.0049638675847666226
42,imports,low_density,random,0.1,5,120042,129,0.8634886974280971,0.8468397151802967,0.016648982247800426,0.016648982247800426,0.07642325186184835,0.035029406374435614,0.011662584761999967,0.048193737679365516,0.04269594388533089,0.07395105744735908,0.023738124045607028,-0.011740454738378156
42,imports,high_density,random,0.1,6,194527,129,0.8538261064865589,0.8310847358124972,0.02274137067406168,0.02274137067406168,0.027368951353796644,0.0,0.023960684120970355,0.0,0.04827350498166829,0.020006151264779202,-0.018816512919840888,0.0012167098839774124
42,imports,mid_density,random,0.1,6,165431,129,0.9380536740653111,0.9132152348690249,0.024838439196286255,0.024838439196286255,0.1155103940615725,0.003977489104218677,0.08440376954742461,0.012012779552715656,0.12618384904569116,0.1028976900121294,-0.08100532266010001,-0.021559011149352197
42,imports,low_density,random,0.1,6,120042,129,0.8634886974280971,0.839370092080055,0.02411860534804211,0.02411860534804211,0.07838923043601406,0.018743439796071376,0.025216174338981358,0.025787374501444093,0.09231473010064044,0.07402003138728491,-0.02103361353482114,-0.0031748484866059162
42,imports,high_density,random,0.1,7,194527,129,0.8538261064865589,0.8664475069317007,-0.012621400445141817,-0.012621400445141817,0.015843558991810905,0.0029301844988099336,0.0002930184498809934,0.0058179294295367095,0.0005903432276239203,0.015381798786723001,0.0020669161402260268,-0.004634520955715431
42,imports,mid_density,random,0.1,7,165431,129,0.9380536740653111,0.9088365576987091,0.02921711636660207,0.02921711636660207,0.10934468146840677,0.02271641953442825,0.04977301714914375,0.06860794157918759,0.07441078658183921,0.08960178161281854,-0.03456964909051739,-0.02370253527698988
42,imports,low_density,random,0.1,7,120042,129,0.8634886974280971,0.8514252778269564,0.012063419601140657,0.012063419601140657,0.0718831742223555,0.02025957581513137,0.01864347478382566,0.02787328657222757,0.06825251601097895,0.06870287999391254,-0.013192721066085204,-0.004622042362224141
42,imports,high_density,random,0.1,8,194527,129,0.8538261064865589,0.8431541144961516,0.010671991990407248,0.010671991990407248,0.019010214520349362,0.0,0.01609031137065806,0.0,0.032417093025664395,0.015426698213195703,-0.0127141008864206,-0.0019387916743482617
42,imports,mid_density,random,0.1,8,165431,129,0.9380536740653111,0.9259823325891001,0.012071341476211028,0.012071341476211028,0.056186567209289676,0.007537885885958496,0.028271605684545217,0.02276586033774532,0.042266122035858875,0.060941382235956854,-0.03342207632443584,-0.014257061576457812
42,imports,low_density,random,0.1,8,120042,129,0.8634886974280971,0.8415545894993915,0.021934107928705537,0.021934107928705537,0.07290781559787407,0.021575781809699938,0.021275886772962795,0.029684133314995646,0.07788960048795364,0.07103598019486831,-0.014197010230605132,-0.007110680997249619
42,imports,high_density,random,0.1,9,194527,129,0.8538261064865589,0.8460661668401454,0.007759939646413527,0.007759939646413527,0.02431024999100382,0.0,0.020608964308296535,0.0,0.04152080700954906,0.01730802774690184,-0.015938138198553428,-0.00371657632415593
42,imports,mid_density,random,0.1,9,165431,129,0.9380536740653111,0.9188542652172949,0.019199408848016297,0.019199408848016297,0.1218393166939691,0.0032521111520815325,0.09073269217982119,0.009821999087174805,0.13564560439560439,0.10751347271290199,-0.09546260658864317,-0.010770213046816135
42,imports,low_density,random,0.1,9,120042,129,0.8634886974280971,0.848061077099844,0.015427620328253067,0.015427620328253067,0.10049815897769114,0.005689675280318555,0.04745838956365272,0.007827900793105028,0.1737419945105215,0.0967127864035238,-0.07935227290336809,0.01940174733538544
42,imports,high_density,random,0.1,10,194527,129,0.8538261064865589,0.8719233294638475,-0.018097222977288663,-0.018097222977288663,0.018902260354603732,0.004456964842926688,0.0004112539647452539,0.008849376869137416,0.0008285518984195373,0.01721012829335605,0.015654685840150024,-0.006594791850272706
42,imports,mid_density,random,0.1,10,165431,129,0.9380536740653111,0.9178536781866191,0.020199995878692034,0.020199995878692034,0.09716437668877055,0.05187056839407366,0.0013419492114537179,0.1566590597900502,0.0020062174667437823,0.09197577397047019,0.08287606340875812,0.0029223815950454885
42,imports,low_density,random,0.1,10,120042,129,0.8634886974280971,0.8580829181872751,0.005405779240821973,0.005405779240821973,0.09987337765115543,0.05972909481681411,0.0026907249129471352,0.08217576674460185,0.009850564196401342,0.09034637504123043,0.07432374762493263,-0.01216405061122145
42,imports,high_density,random,0.1,11,194527,129,0.8538261064865589,0.8680043262057687,-0.01417821971920985,-0.01417821971920985,0.0448369635063513,0.023945262097292405,0.0,0.047543711022424544,0.0,0.03559050545342462,0.03269961249317695,-0.0015090290062498267
42,imports,mid_density,random,0.1,11,165431,129,0.9380536740653111,0.9094102419686297,0.02864343209668141,0.02864343209668141,0.1513682441622187,0.07702304888442915,0.012053363638012222,0.23262437243267914,0.018019809138230192,0.11857111221458559,0.09413827140972066,0.006726211756860763
42,imports,low_density,random,0.1,11,120042,129,0.8634886974280971,0.8558738072865244,0.007614890141572683,0.007614890141572683,0.13610236417253962,0.0807300778061012,0.005689675280318555,0.1110690872415532,0.02082952119548643,0.12079115743173988,0.0874607712226525,-0.00382505307582546
42,imports,high_density,random,0.1,12,194527,129,0.8538261064865589,0.8408518801296473,0.012974226356911589,0.012974226356911589,0.020449603396957748,0.006204794193094018,0.007032442797143841,0.012319720739387382,0.014168237462974086,0.020000385408920004,0.0036265789549831374,-0.006013952883809352
42,imports,mid_density,random,0.1,12,165431,129,0.9380536740653111,0.9299600851807397,0.008093588884571457,0.008093588884571457,0.060925703163252354,0.015009278792971087,0.01719145746565033,0.045330899132816065,0.025701272411798728,0.055961051122068194,0.0017557904154200717,0.0069159572178955535
42,imports,low_density,random,0.1,12,120042,129,0.8634886974280971,0.8593685696716191,0.004120127756477965,0.004120127756477965,0.07251628596657836,0.02439979340564136,0.01496143016610853,0.033569431073213224,0.05477279658432449,0.06691279263718802,-0.001262342071211727,0.003695926775147412
42,imports,high_density,random,0.1,13,194527,129,0.8538261064865589,0.862913732408386,-0.009087625921827103,-0.009087625921827103,0.06588288515218967,0.04073984588257671,0.0,0.08088963285803231,0.0,0.048622272624670684,0.048486510804432705,0.007705526046251158
42,imports,mid_density,random,0.1,13,165431,129,0.9380536740653111,0.9158101311222708,0.022243542943040318,0.022243542943040318,0.19276314596417843,0.11081357182148449,0.00022970301817676252,0.3346782291191237,0.00034340659340659343,0.15997850253229234,0.15909904505871839,0.028351777977256694
42,imports,low_density,random,0.1,13,120042,129,0.8634886974280971,0.8476193979469535,0.015869299481143573,0.015869299481143573,0.20299561820029657,0.14592392662568102,6.664334149714266e-05,0.20076330628524275,0.00024397682220189082,0.18155596487893905,0.1807432177375701,-0.01857820743720501
42,imports,high_density,random,0.1,14,194527,129,0.8538261064865589,0.8291479130833412,0.02467819340321764,0.02467819340321764,0.01831108278028243,0.00026217440252509935,0.015324350861320023,0.000520551580537495,0.030873915114858007,0.016531528276828723,-0.013035949114650515,-0.003367136785711066
42,imports,mid_density,random,0.1,14,165431,129,0.9380536740653111,0.9234086007707011,0.014645073294610067,0.014645073294610067,0.10992498383011648,0.0022244923865539106,0.07976739547001468,0.006718393427658603,0.11925245806824754,0.10540222015620215,-0.09685806279859273,-0.007510060208080887
42,imports,low_density,random,0.1,14,120042,129,0.8634886974280971,0.8497517613709153,0.013736936057181737,0.013736936057181737,0.0946168840905683,0.005239832725212842,0.04448443044934273,0.007209003805070371,0.16285452881976212,0.09187694243322404,-0.0781232057241999,0.016900731467196364
42,imports,high_density,random,0.1,15,194527,129,0.8538261064865589,0.836060411090376,0.01776569539618289,0.01776569539618289,0.0083638775080066,0.0005140674559315673,0.006405280500907329,0.0010206893736029313,0.012904695817884292,0.014802273108369846,-0.0072371197439691105,0.006175653512379861
42,imports,mid_density,random,0.1,15,165431,129,0.9380536740653111,0.9181902595440784,0.019863414521232747,0.019863414521232747,0.06039980414795292,0.01944012911727548,0.021277753262689582,0.05871291647649475,0.031810294968189705,0.058909266019485054,0.005086133684715724,-0.004048044991358562
42,imports,low_density,random,0.1,15,120042,129,0.8634886974280971,0.8371441158816084,0.026344581546488666,0.026344581546488666,0.07697305942919978,0.042593425634361304,0.009238433215041402,0.05860037592261495,0.03382128697773711,0.07360794075050832,0.03641234861894234,-0.012316434917559113
42,imports,high_density,random,0.1,16,194527,129,0.8538261064865589,0.8694569269994518,-0.015630820512892885,-0.015630820512892885,0.015751026849743225,0.008369018182565916,0.0018506428413536424,0.016616823002255723,0.0037284835428879177,0.020439921358543504,0.010032245385913803,-0.008915165787497643
42,imports,mid_density,random,0.1,16,165431,129,0.9380536740653111,0.925127278548819,0.012926395516492106,0.012926395516492106,0.07686588366146611,0.011998960291601937,0.03642001801355248,0.03623916020082154,0.05444801908617698,0.0753678046661837,-0.032499534747591485,0.005553354176254545
42,imports,low_density,random,0.1,16,120042,129,0.8634886974280971,0.8552288529128494,0.008259844515247639,0.008259844515247639,0.07758951033804835,0.011354359307575682,0.030472667899568484,0.015621418420208132,0.11155840195181457,0.07164790220486221,-0.03947147128204178,0.00755086827277245
42,imports,high_density,random,0.1,17,194527,129,0.8538261064865589,0.8603583882407234,-0.006532281754164537,-0.006532281754164537,0.026263706323543776,0.0029301844988099336,0.009037305875276954,0.0058179294295367095,0.01820742796776933,0.02511300661572442,0.0016909186924553134,0.0029399545311553136
42,imports,mid_density,random,0.1,17,165431,129,0.9380536740653111,0.9135150468331064,0.02453862723220479,0.02453862723220479,0.08601773549092975,0.03959354655415249,0.012301201104992414,0.11958010041077134,0.018390326778484675,0.08105283275618319,0.03981211086322157,0.0009625103717192527
42,imports,low_density,random,0.1,17,120042,129,0.8634886974280971,0.8427496172063443,0.020739080221752748,0.020739080221752748,0.11059462521450826,0.06645174189033838,0.006980890021825694,0.09142483839911979,0.025556572125648064,0.0997277008248967,0.06636470651414755,-0.01764619670904881
42,imports,high_density,random,0.1,18,194527,129,0.8538261064865589,0.8554089583398204,-0.0015828518532615687,-0.0015828518532615687,0.07142967300169129,0.039639741526883154,0.006580063435924062,0.07870535759852204,0.013256830374712597,0.03796651672927633,0.028159836010281852,-0.010232437136082198
42,imports,mid_density,random,0.1,18,165431,129,0.9380536740653111,0.9002144669000557,0.03783920716525546,0.03783920716525546,0.15386475328082402,0.06753268734396818,0.026621370843433214,0.20396166134185303,0.039799016772700986,0.11942940274468111,0.06643939841817484,-0.0017018587240157056
42,imports,low_density,random,0.1,18,120042,129,0.8634886974280971,0.8617642290836998,0.001724468344397323,0.001724468344397323,0.12307359090984822,0.07214141717065693,0.003948617983705703,0.09925273919222483,0.01445562671546203,0.10887903595142805,0.08489710136148611,-0.007096252744318948
42,imports,high_density,random,0.1,19,194527,129,0.8538261064865589,0.8674994105580708,-0.013673304071511905,-0.013673304071511905,0.02137492481763457,0.007896076123108874,0.00012851686398289184,0.01567778877854103,0.0002589224682561054,0.017930224496437688,0.012453675274459173,-0.008285207541447785
42,imports,mid_density,random,0.1,19,165431,129,0.9380536740653111,0.9200140584780949,0.01803961558721623,0.01803961558721623,0.09090194703531985,0.04360730455597802,0.003862637595130296,0.13170241898676405,0.005774652978600347,0.0729240259713378,0.05163372825773174,-0.00739557513880348
42,imports,low_density,random,0.1,19,120042,129,0.8634886974280971,0.8650888729168125,-0.001600175488715383,-0.001600175488715383,0.07733959780743406,0.04107728961530131,0.0031239066326785624,0.056514463851831474,0.011436413540713633,0.07129219397160057,0.04758289823452211,-0.007900048841810964
42,imports,high_density,random,0.1,20,194527,129,0.8538261064865589,0.8293591868193195,0.02446691966723935,0.02446691966723935,0.029641129509014173,0.008250782667701656,0.013838695913677793,0.01638206444632705,0.027880771381817427,0.02740096865667644,-0.009541424675484632,-0.0026073458050943944
42,imports,mid_density,random,0.1,20,165431,129,0.9380536740653111,0.9152135209625105,0.02284015310280063,0.02284015310280063,0.16707872164225568,0.0070845246658727806,0.12223222975137671,0.02139662254678229,0.1827374927703875,0.12656872446325318,-0.10434664131672076,0.0036017427689043952
42,imports,low_density,random,0.1,20,120042,129,0.8634886974280971,0.8455386746339142,0.017950022794182896,0.017950022794182896,0.10666266806617684,0.004723346828609987,0.05227337098682128,0.006498418374363911,0.19136931991460812,0.10351207315384127,-0.08910769393525844,0.021772846799503396
77,header,high_density,important,0.01,0,120000,1,0.9932410025164338,0.9914791504399441,0.0017618520764897116,0.0017618520764897116,0.025741666666666666,0.010808333333333333,0.0,0.04114064581615175,0.0,0.06720767220927341,0.06720767220927341,-0.04668273929886175
77,header,mid_density,important,0.01,0,239999,1,0.9356436456238498,0.777677342607025,0.1579663030168248,0.1579663030168248,0.2659761082337843,0.24340101417089238,0.0,0.36646278347605155,0.0,0.23577497573531933,0.23577497573531933,-0.1197675904389867
77,header,low_density,important,0.01,0,120001,1,0.8901155180813962,0.7736260683542402,0.11648944972715602,0.11648944972715602,0.1990233414721544,0.1645736285530954,0.0,0.40247406712995987,0.0,0.15007242280767136,0.15007242280767136,-0.03775207022217614
77,header,high_density,random,0.01,1,120000,1,0.9932410025164338,0.9932666038351146,-2.5601318680790186e-05,-2.5601318680790186e-05,0.09091666666666667,0.05025,0.0,0.19127069720230921,0.0,0.12012142539622353,0.12012142539622353,0.03799601654389948
77,header,mid_density,random,0.01,1,239999,1,0.9356436456238498,0.9354184854691144,0.0002251601547353932,0.0002251601547353932,0.2867011945883108,0.2032800136667236,0.0,0.306056899093504,0.0,0.28369535721307676,0.28369535721307676,-0.029476425684212215
77,header,low_density,random,0.01,1,120001,1,0.8901155180813962,0.889284522183592,0.0008309958978042209,0.0008309958978042209,0.2392313397388355,0.15283205973283556,0.0,0.37375940002853125,0.0,0.24791314991754543,0.24791314991754543,0.048724898064066054
77,header,high_density,random,0.01,2,120000,1,0.9932410025164338,0.9932410025164338,0.0,0.0,0.0,0.0,0.0,0.0,0.0,0.0,0.0,0.0
77,header,mid_density,random,0.01,2,239999,1,0.9356436456238498,0.9356436456238498,0.0,0.0,0.0,0.0,0.0,0.0,0.0,0.0,0.0,0.0
77,header,low_density,random,0.01,2,120001,1,0.8901155180813962,0.8901155180813962,0.0,0.0,0.0,0.0,0.0,0.0,0.0,0.0,0.0,0.0
77,header,high_density,random,0.01,3,120000,1,0.9932410025164338,0.9932410025164338,0.0,0.0,0.0,0.0,0.0,0.0,0.0,0.0,0.0,0.0
77,header,mid_density,random,0.01,3,239999,1,0.9356436456238498,0.9356436456238498,0.0,0.0,0.0,0.0,0.0,0.0,0.0,0.0,0.0,0.0
77,header,low_density,random,0.01,3,120001,1,0.8901155180813962,0.8897386600096457,0.00037685807175047437,0.00037685807175047437,0.0004083299305839118,0.0,0.00038333013891550906,0.0,0.0006485084306095979,0.000394904964341476,-0.000394904964341476,-4.2010720397329334e-05
77,header,high_density,random,0.01,4,120000,1,0.9932410025164338,0.9932229251344805,1.8077381953252036e-05,1.8077381953252036e-05,0.008125,0.0,0.008125,0.0,0.011020186721522707,0.01764700247705808,-0.01764700247705808,-0.006368711694035098
77,header,mid_density,random,0.01,4,239999,1,0.9356436456238498,0.9355146062505284,0.0001290393733214268,0.0001290393733214268,0.025233438472660304,0.0,0.015008395868316118,0.0,0.04469315333647666,0.02549102678712658,-0.02549102678712658,0.00358285179165352
77,header,low_density,random,0.01,4,120001,1,0.8901155180813962,0.8911068530137056,-0.0009913349323094067,-0.0009913349323094067,0.040991325072291064,0.0,0.026441446321280655,0.0,0.04473298370270118,0.028761266958966327,-0.028761266958966327,-0.003935908679574408
77,header,high_density,random,0.01,5,120000,1,0.9932410025164338,0.9931246034221004,0.0001163990943333637,0.0001163990943333637,0.0181,0.0067,0.0,0.025502759626974562,0.0,0.007504332121462521,0.007504332121462521,-0.0013909752039001483
77,header,mid_density,random,0.01,5,239999,1,0.9356436456238498,0.9353919279303183,0.00025171769353149465,0.00025171769353149465,0.01727507197946658,0.009841707673781975,0.0,0.014817602961011261,0.0,0.015889866199737333,0.015889866199737333,-0.00682738021957605
77,header,low_density,random,0.01,5,120001,1,0.8901155180813962,0.8899704340532093,0.0001450840281869148,0.0001450840281869148,0.015358205348288764,0.006099949167090274,0.0,0.014917768856100593,0.0,0.012825494789820367,0.012825494789820367,-1.1817924265282125e-05
77,header,high_density,random,0.01,6,120000,1,0.9932410025164338,0.9930957700301518,0.0001452324862819543,0.0001452324862819543,0.0,0.0,0.0,0.0,0.0,0.00022650484601089926,0.00022650484601089926,-5.015476047766173e-05
77,header,mid_density,random,0.01,6,239999,1,0.9356436456238498,0.9354719372767486,0.00017170834710122929,0.00017170834710122929,0.00107917116321318,0.0006916695486231193,0.0,0.0010413726043725102,0.0,0.0016151707587966422,0.0016151707587966422,-0.0004279511619905681
77,header,low_density,random,0.01,6,120001,1,0.8901155180813962,0.8898049691228226,0.00031054895857363096,0.00031054895857363096,0.0033666386113449056,0.0016249864584461796,0.0,0.003973995801830076,0.0,0.002882613003160314,0.002882613003160314,-0.0003458078005795969
77,header,high_density,random,0.01,7,120000,1,0.9932410025164338,0.9932815384157072,-4.05358992734417e-05,-4.05358992734417e-05,0.019933333333333334,0.006808333333333333,0.0,0.02591511768064455,0.0,0.01473718917649856,0.01473718917649856,0.0044541583035094525
77,header,mid_density,random,0.01,7,239999,1,0.9356436456238498,0.9356444533556219,-8.077317720234234e-07,-8.077317720234234e-07,0.02225842607677532,0.01148338118075492,0.0,0.017289294564160472,0.0,0.023967018693185647,0.023967018693185647,-0.003337311765917883
77,header,low_density,random,0.01,7,120001,1,0.8901155180813962,0.8900288473157827,8.667076561352793e-05,8.667076561352793e-05,0.029374755210373246,0.013466554445379622,0.0,0.03293321649106361,0.0,0.02664015130136656,0.02664015130136656,0.005122606538806389
77,header,high_density,random,0.01,8,120000,1,0.9932410025164338,0.9929906948442114,0.0002503076722223385,0.0002503076722223385,0.006158333333333333,0.0,0.006158333333333333,0.0,0.00835273639713362,0.0019863500494531404,-0.0019863500494531404,-0.0016271537351996857
77,header,mid_density,random,0.01,8,239999,1,0.9356436456238498,0.9357898169748226,-0.0001461713509727236,-0.0001461713509727236,0.00032500135417230905,0.0,0.00022083425347605614,0.0,0.0006576171923468249,0.0011093701185823518,-0.0011093701185823518,-8.752774079589655e-05
77,header,low_density,random,0.01,8,120001,1,0.8901155180813962,0.8910475950600336,-0.0009320769786373972,-0.0009320769786373972,0.0067249439588003435,0.0,0.004324963958633678,0.0,0.007316866858399594,0.0047800793174383,-0.0047800793174383,-1.6460860898921133e-05
77,header,high_density,random,0.01,9,120000,1,0.9932410025164338,0.9935255368227752,-0.00028453430634145516,-0.00028453430634145516,0.08576666666666667,0.04579166666666667,0.0,0.17430057730127513,0.0,0.08084942649327483,0.08084942649327483,0.03133995338461201
77,header,mid_density,random,0.01,9,239999,1,0.9356436456238498,0.9310990778977836,0.004544567726066262,0.004544567726066262,0.17165488189534123,0.10827545114771311,0.0,0.16301872588689187,0.0,0.17762807955911888,0.17762807955911888,-0.02599627344488068
77,header,low_density,random,0.01,9,120001,1,0.8901155180813962,0.8817277906349148,0.008387727446481419,0.008387727446481419,0.1598153348722094,0.09487420938158848,0.0,0.2320202164299252,0.0,0.17223593905948062,0.17223593905948062,0.027634850139211076
77,header,high_density,random,0.01,10,120000,1,0.9932410025164338,0.9932410025164338,0.0,0.0,0.0,0.0,0.0,0.0,0.0,0.0,0.0,0.0
77,header,mid_density,random,0.01,10,239999,1,0.9356436456238498,0.9356436456238498,0.0,0.0,0.0,0.0,0.0,0.0,0.0,0.0,0.0,0.0
77,header,low_density,random,0.01,10,120001,1,0.8901155180813962,0.8901155180813962,0.0,0.0,0.0,0.0,0.0,0.0,0.0,0.0,0.0,0.0
77,header,high_density,random,0.01,11,120000,1,0.9932410025164338,0.9917091500080973,0.0015318525083364287,0.0015318525083364287,0.024016666666666665,0.014,0.0,0.0532893484742752,0.0,0.017325860991285788,0.017325860991285788,0.009350841548428164
77,header,mid_density,random,0.01,11,239999,1,0.9356436456238498,0.9364558831644894,-0.0008122375406395266,-0.0008122375406395266,0.013241721840507668,0.005095854566060692,0.0,0.007672281296069759,0.0,0.018146765501960684,0.018146765501960684,0.003701900212097713
77,header,low_density,random,0.01,11,120001,1,0.8901155180813962,0.887756671069484,0.002358847011912246,0.002358847011912246,0.019599836668027767,0.011866567778601844,0.0,0.02902035908618476,0.0,0.020701879744992147,0.020701879744992147,0.006196217137526417
77,header,high_density,random,0.01,12,120000,1,0.9932410025164338,0.9932014292479673,3.957326846648623e-05,3.957326846648623e-05,0.007025,0.000575,0.0,0.00218866966947916,0.0,0.0059740376853267664,0.0059740376853267664,0.002584570510282538
77,header,mid_density,random,0.01,12,239999,1,0.9356436456238498,0.9364814484160514,-0.0008378027922015807,-0.0008378027922015807,0.013100054583560766,0.005941691423714266,0.0,0.008945767071296384,0.0,0.011443305689788207,0.011443305689788207,0.000720670342505969
77,header,low_density,random,0.01,12,120001,1,0.8901155180813962,0.8891970917706095,0.0009184263107867574,0.0009184263107867574,0.006258281180990159,0.0030666411113240725,0.0,0.007499643359351118,0.0,0.005600516660291824,0.005600516660291824,0.001615356110823741
77,header,high_density,random,0.01,13,120000,1,0.9932410025164338,0.9944865370728928,-0.001245534556459038,-0.001245534556459038,0.004958333333333334,0.0,0.0026,0.0,0.0035264597508872664,0.0160036037578023,-0.0160036037578023,-0.006357916081260567
77,header,mid_density,random,0.01,13,239999,1,0.9356436456238498,0.9336721450145877,0.0019715006092621,0.0019715006092621,0.023829265955274813,0.0,0.012341718090492044,0.0,0.03675211554209991,0.01873381941653996,-0.01873381941653996,-0.0070258587503868025
77,header,low_density,random,0.01,13,120001,1,0.8901155180813962,0.890414704220833,-0.0002991861394368023,-0.0002991861394368023,0.03741635486370947,0.0,0.024599795001708318,0.0,0.04161732363390289,0.024334838525891623,-0.024334838525891623,-0.011755288280548733
77,header,high_density,random,0.01,14,120000,1,0.9932410025164338,0.9932378396378572,3.162878576601358e-06,3.162878576601358e-06,0.03693333333333333,0.015216666666666667,0.0,0.05792044661549198,0.0,0.033052604741239444,0.033052604741239444,0.012826175991942622
77,header,mid_density,random,0.01,14,239999,1,0.9356436456238498,0.9354040337100336,0.00023961191381627334,0.00023961191381627334,0.05879607831699299,0.027804282517843823,0.0,0.041861924029986515,0.0,0.05735472101970725,0.05735472101970725,-0.006765774376041181
77,header,low_density,random,0.01,14,120001,1,0.8901155180813962,0.890264897105241,-0.00014937902384482005,-0.00014937902384482005,0.06254947875434372,0.030449746252114565,0.0,0.07446656748660051,0.0,0.06226360812246726,0.06226360812246726,0.013265699260015335
77,header,high_density,random,0.01,15,120000,1,0.9932410025164338,0.9932409996482601,2.8681736985447515e-09,2.8681736985447515e-09,0.0,0.0,0.0,0.0,0.0,3.8670055765864546e-07,-3.8670055765864546e-07,-1.89418552807441e-07
77,header,mid_density,random,0.01,15,239999,1,0.9356436456238498,0.935643902724943,-2.5710109319287966e-07,-2.5710109319287966e-07,8.333368055700232e-06,0.0,0.0,0.0,0.0,1.0636986459005706e-05,-1.0636986459005706e-05,1.8748778277783212e-06
77,header,low_density,random,0.01,15,120001,1,0.8901155180813962,0.8900577302924697,5.778778892651104e-05,5.778778892651104e-05,2.4999791668402765e-05,0.0,1.6666527778935175e-05,0.0,2.819601872215643e-05,0.00013332507345843503,-0.00013332507345843503,-6.551567562178452e-05
77,header,high_density,random,0.01,16,120000,1,0.9932410025164338,0.9944865370728928,-0.001245534556459038,-0.001245534556459038,0.004958333333333334,0.0,0.0026,0.0,0.0035264597508872664,0.0160036037578023,-0.0160036037578023,-0.006357916081260567
77,header,mid_density,random,0.01,16,239999,1,0.9356436456238498,0.9336721450145877,0.0019715006092621,0.0019715006092621,0.023829265955274813,0.0,0.012341718090492044,0.0,0.03675211554209991,0.01873381941653996,-0.01873381941653996,-0.0070258587503868025
77,header,low_density,random,0.01,16,120001,1,0.8901155180813962,0.890414704220833,-0.0002991861394368023,-0.0002991861394368023,0.03741635486370947,0.0,0.024599795001708318,0.0,0.04161732363390289,0.024334838525891623,-0.024334838525891623,-0.011755288280548733
77,header,high_density,random,0.01,17,120000,1,0.9932410025164338,0.9931982832199112,4.271929652255313e-05,4.271929652255313e-05,0.0,0.0,0.0,0.0,0.0,0.0002031532722850999,-0.0002031532722850999,0.0002031532722850999
77,header,mid_density,random,0.01,17,239999,1,0.9356436456238498,0.9355185522035445,0.00012509342030531112,0.00012509342030531112,0.0006666694444560186,0.0,0.00045833524306351277,0.0,0.0013648658709085044,0.0013278909807916655,-0.0013278909807916655,0.0010159025373924805
77,header,low_density,random,0.01,17,120001,1,0.8901155180813962,0.8900195781238691,9.593995752710249e-05,9.593995752710249e-05,0.0009166590278414347,0.0,0.0005583286805943284,0.0,0.0009445666271922405,0.0008826412544930148,-0.0008826412544930148,0.0004257350805646816
77,header,high_density,random,0.01,18,120000,1,0.9932410025164338,0.9932410025164338,0.0,0.0,0.0,0.0,0.0,0.0,0.0,0.0,0.0,0.0
77,header,mid_density,random,0.01,18,239999,1,0.9356436456238498,0.9356721772288951,-2.8531605045234443e-05,-2.8531605045234443e-05,6.250026041775174e-05,2.083342013925058e-05,0.0,3.136664471001537e-05,0.0,8.606832138875921e-05,8.606832138875921e-05,7.333257804360434e-05
77,header,low_density,random,0.01,18,120001,1,0.8901155180813962,0.8901572211130203,-4.1703031624096276e-05,-4.1703031624096276e-05,8.333263889467587e-05,1.6666527778935175e-05,0.0,4.075893130082129e-05,0.0,9.97492820896707e-05,9.97492820896707e-05,7.590938849916643e-05
77,header,high_density,random,0.01,19,120000,1,0.9932410025164338,0.9923122405389996,0.0009287619774341893,0.0009287619774341893,0.005733333333333333,0.0042,0.0,0.01598680454228256,0.0,0.006623217758349745,0.006623217758349745,0.0029749426680514236
77,header,mid_density,random,0.01,19,239999,1,0.9356436456238498,0.9361203524605813,-0.0004767068367315108,-0.0004767068367315108,0.005370855711898799,0.0018208409201705008,0.0,0.0027414447476553435,0.0,0.006762868132801117,0.006762868132801117,0.0013817192748792038
77,header,low_density,random,0.01,19,120001,1,0.8901155180813962,0.8893235075508954,0.0007920105305008196,0.0007920105305008196,0.009108257431188073,0.005583286805943284,0.0,0.013654241985775133,0.0,0.008077796979637574,0.008077796979637574,0.00211850699707557
77,header,high_density,random,0.01,20,120000,1,0.9932410025164338,0.9932014292479673,3.957326846648623e-05,3.957326846648623e-05,0.007025,0.000575,0.0,0.00218866966947916,0.0,0.0059740376853267664,0.0059740376853267664,0.002584570510282538
77,header,mid_density,random,0.01,20,239999,1,0.9356436456238498,0.9364814484160514,-0.0008378027922015807,-0.0008378027922015807,0.013100054583560766,0.005941691423714266,0.0,0.008945767071296384,0.0,0.011443305689788207,0.011443305689788207,0.000720670342505969
77,header,low_density,random,0.01,20,120001,1,0.8901155180813962,0.8891970917706095,0.0009184263107867574,0.0009184263107867574,0.006258281180990159,0.0030666411113240725,0.0,0.007499643359351118,0.0,0.005600516660291824,0.005600516660291824,0.001615356110823741
77,header,high_density,important,0.05,0,120000,4,0.9932410025164338,0.9944843083226467,-0.001243305806212902,-0.001243305806212902,0.05273333333333333,0.021666666666666667,0.0,0.08247161073399734,0.0,0.05411644018915295,0.05018546785754054,0.002544973926091103
77,header,mid_density,important,0.05,0,239999,4,0.9356436456238498,0.7834382993108454,0.15220534631300442,0.15220534631300442,0.38197659156913155,0.31888049533539725,0.0006708361284838687,0.48010413726043727,0.001997667320147902,0.2949582816205983,0.2894531832200043,-0.028472584425453296
77,header,low_density,important,0.05,0,120001,4,0.8901155180813962,0.7554926201022344,0.13462289797916183,0.13462289797916183,0.298764176965192,0.21000658327847269,0.01171656902859143,0.5135829138559987,0.01982180116167597,0.23845644416839662,0.21611613959525414,-0.0010277208900645333
77,header,high_density,random,0.05,1,120000,4,0.9932410025164338,0.9918495223740001,0.001391480142433621,0.001391480142433621,0.13288333333333333,0.0,0.1255,0.0,0.17021949951398152,0.18193782912771553,-0.18193782912771553,-0.06635435315985634
77,header,mid_density,random,0.05,1,239999,4,0.9356436456238498,0.9358454183748838,-0.0002017727510339462,-0.0002017727510339462,0.2031383464097767,0.0,0.15181729923874682,0.0,0.4520932079311115,0.17414628134759355,-0.17414628134759355,0.05543193278875025
77,header,low_density,random,0.05,1,120001,4,0.8901155180813962,0.8901778893251177,-6.237124372143743e-05,-6.237124372143743e-05,0.306855776201865,0.0,0.2345813784885126,0.0,0.3968589635143518,0.2364541823203484,-0.23638605011097158,0.01983296722803045
77,header,high_density,random,0.05,2,120000,4,0.9932410025164338,0.9928420237761534,0.0003989787402803868,0.0003989787402803868,0.06559166666666667,0.025616666666666666,0.0,0.0975068197678107,0.0,0.08039598298419563,0.08039598298419563,0.03083764890283389
77,header,mid_density,random,0.05,2,239999,4,0.9356436456238498,0.9319339573034418,0.0037096883204080777,0.0037096883204080777,0.17151738132242217,0.10569210705044604,0.0,0.15912926194285,0.0,0.17508780572321256,0.17508780572321256,-0.02488826890028915
77,header,low_density,random,0.05,2,120001,4,0.8901155180813962,0.8815841658536976,0.00853135222769863,0.00853135222769863,0.16054032883059308,0.09490754243714636,0.00036666361113657384,0.23210173429252684,0.0006203124118874415,0.1745787062219455,0.1739343438459798,0.02966538512707853
77,header,high_density,random,0.05,3,120000,4,0.9932410025164338,0.9924318559316452,0.0008091465847885893,0.0008091465847885893,0.006783333333333333,0.0018666666666666666,0.0,0.007105246463236694,0.0,0.02141099178055636,0.01809853529254574,0.0017077869802607781
77,header,mid_density,random,0.05,3,239999,4,0.9356436456238498,0.9333992815150775,0.0022443641087723787,0.0022443641087723787,0.03363347347280614,0.01821674256976071,0.0001041671006962529,0.02742699413443744,0.0003101967888428419,0.03536299655325741,0.03412161721263304,-0.010209494126736418
77,header,low_density,random,0.05,3,120001,4,0.8901155180813962,0.8865935765342432,0.003521941547153018,0.003521941547153018,0.04206631611403238,0.02083315972366897,0.002183315139040508,0.05094866412602662,0.0036936784526024925,0.03657917855785543,0.030885221850539966,0.004594487953832136
77,header,high_density,random,0.05,4,120000,4,0.9932410025164338,0.9911119015885539,0.002129100927879879,0.002129100927879879,0.09995,0.059283333333333334,0.0,0.22565501490832962,0.0,0.1526415483016299,0.15264098788029365,0.03306188854930384
77,header,mid_density,random,0.05,4,239999,4,0.9356436456238498,0.932001706438256,0.0036419391855938565,0.0036419391855938565,0.3834974312392968,0.29756373984891604,0.0,0.44800978639314953,0.0,0.3680909014309707,0.36804026987784827,-0.02060569481393609
77,header,low_density,random,0.05,4,120001,4,0.8901155180813962,0.8895754006136873,0.0005401174677088783,0.0005401174677088783,0.3057474521045658,0.21235656369530254,0.00015833201389988416,0.5193299231694145,0.0002678621778604861,0.30411277043597457,0.3037237090267099,0.07171031323079279
77,header,high_density,random,0.05,5,120000,4,0.9932410025164338,0.9913410575551102,0.0018999449613236186,0.0018999449613236186,0.0774,0.04049166666666667,0.0,0.1541267525217281,0.0,0.057237464005053154,0.055180632031284184,0.021169469358309996
77,header,mid_density,random,0.05,5,239999,4,0.9356436456238498,0.9355169593910505,0.00012668623279932234,0.00012668623279932234,0.12322968012366718,0.06819611748382284,0.0,0.10267557479376431,0.0,0.09965369299128099,0.09924769674697402,0.006521679699278384
77,header,low_density,random,0.05,5,120001,4,0.8901155180813962,0.8907715320521136,-0.0006560139707173507,-0.0006560139707173507,0.09768251931233907,0.04985791785068458,0.0006249947917100691,0.1219303429864069,0.0010573507020808662,0.10181115510227527,0.10054417195404225,0.03608610563026433
77,header,high_density,random,0.05,6,120000,4,0.9932410025164338,0.9932129083962631,2.8094120170685244e-05,2.8094120170685244e-05,0.2907166666666667,0.25005,0.0,0.9517858275708939,0.0,0.30135540285745266,0.30135540285745266,0.07303593353938531
77,header,mid_density,random,0.05,6,239999,4,0.9356436456238498,0.9336648730156413,0.0019787726082085566,0.0019787726082085566,0.6749736457235238,0.5864316101317089,0.0,0.8829271352843386,0.0,0.6472877073992576,0.6472877073992576,0.11474569700697525
77,header,low_density,random,0.05,6,120001,4,0.8901155180813962,0.8844801832520447,0.005635334829351524,0.005635334829351524,0.4106465779451838,0.3098390846742944,0.0,0.7577289123479183,0.0,0.4339213398555712,0.4339190769320291,0.1467819009229455
77,header,high_density,random,0.05,7,120000,4,0.9932410025164338,0.988758531345104,0.004482471171329716,0.004482471171329716,0.09614166666666667,0.055475,0.0,0.21115904332931548,0.0,0.14896324079472167,0.14896324079472167,0.050285419856016166
77,header,mid_density,random,0.05,7,239999,4,0.9356436456238498,0.9288617783479294,0.00678186727592045,0.00678186727592045,0.46964779019912584,0.3814599227496781,0.0,0.5743232646403814,0.0,0.476805189121733,0.476805189121733,0.07651652501210425
77,header,low_density,random,0.05,7,120001,4,0.8901155180813962,0.8882937621583875,0.0018217559230087055,0.0018217559230087055,0.3746968775260206,0.27418104849126257,0.0,0.6705251788298111,0.0,0.39342246626679056,0.39342246625744903,0.12578252534269022
77,header,high_density,random,0.05,8,120000,4,0.9932410025164338,0.9897960596688036,0.0034449428476301946,0.0034449428476301946,0.67835,0.0,0.6708,0.0,0.9098266157289147,0.6242359029267796,-0.6242359029267796,0.050161743721105205
77,header,mid_density,random,0.05,8,239999,4,0.9356436456238498,0.896853590401236,0.038790055222613806,0.038790055222613806,0.27896782903262096,0.0,0.22595927483031178,0.0,0.6728788743578926,0.2891793385289802,-0.2891793385289802,0.1294687667338726
77,header,low_density,random,0.05,8,120001,4,0.8901155180813962,0.8325081317578872,0.057607386323509036,0.057607386323509036,0.5350538745510454,0.0,0.45226289780918494,0.0,0.7651271640444369,0.4937026471224233,-0.4936814596662476,0.1329373063137195
77,header,high_density,random,0.05,9,120000,4,0.9932410025164338,0.991899971398715,0.0013410311177187717,0.0013410311177187717,0.11364166666666667,0.0,0.10638333333333333,0.0,0.14429097814047065,0.14084525590772323,-0.14084491811307626,-0.061649332079735095
77,header,mid_density,random,0.05,9,239999,4,0.9356436456238498,0.9331329221361354,0.002510723487714417,0.002510723487714417,0.16421735090562878,0.00014583394097475406,0.11743382264092767,0.00021956651297010759,0.34970345186986623,0.13773529360304756,-0.13647784703860494,0.03130865626878563
77,header,low_density,random,0.05,9,120001,4,0.8901155180813962,0.8966125438487625,-0.006497025767366327,-0.006497025767366327,0.2201564986958442,0.00015833201389988416,0.15469037758018683,0.00038720984735780226,0.2617013477696949,0.176295557017566,-0.17184214008100407,0.0016926697954469713
77,header,high_density,random,0.05,10,120000,4,0.9932410025164338,0.991274801666468,0.0019662008499657935,0.0019662008499657935,0.13315,0.0,0.125675,0.0,0.1704568573818297,0.1749017894509868,-0.1749017894509868,-0.059192389908128536
77,header,mid_density,random,0.05,10,239999,4,0.9356436456238498,0.9323392020234516,0.003304443600398277,0.003304443600398277,0.20413835057646074,0.0,0.1522881345338939,0.0,0.45349529741668115,0.17093088976842358,-0.17093088976842358,0.05041628096563299
77,header,low_density,random,0.05,10,120001,4,0.8901155180813962,0.8865260199214913,0.003589498159904947,0.003589498159904947,0.31038908009099925,0.0,0.23854801209989918,0.0,0.403569615970225,0.2350016019940288,-0.23500032397574788,0.014124672016199453
77,header,high_density,random,0.05,11,120000,4,0.9932410025164338,0.9897694509041015,0.0034715516123322576,0.0034715516123322576,0.6889916666666667,0.0,0.6814416666666666,0.0,0.9242602346452065,0.6364424187146538,-0.6364393674611001,0.04618494049686237
77,header,mid_density,random,0.05,11,239999,4,0.9356436456238498,0.8894396475994166,0.0462039980244332,0.0462039980244332,0.29215955066479443,0.0,0.23915099646248525,0.0,0.7121621956969502,0.299276515088705,-0.29925237684365597,0.12613120194000813
77,header,low_density,random,0.05,11,120001,4,0.8901155180813962,0.819930179942637,0.07018533813875927,0.07018533813875927,0.5332872226064783,0.0,0.45048791260072835,0.0,0.7621242880505272,0.4943116496544829,-0.4942643021437443,0.13541376839076077
77,header,high_density,random,0.05,12,120000,4,0.9932410025164338,0.9885220385901561,0.004718963926277686,0.004718963926277686,0.6774166666666667,0.0,0.6698666666666667,0.0,0.908560707100391,0.6378540950457117,-0.6378540950457117,0.063960593695222
77,header,mid_density,random,0.05,12,239999,4,0.9356436456238498,0.9308014287008888,0.004842216922961051,0.004842216922961051,0.2769844874353643,0.0,0.22397593323305515,0.0,0.6669727274983249,0.28866361702876275,-0.28866361702876275,0.12878863657120693
77,header,low_density,random,0.05,12,120001,4,0.8901155180813962,0.8813846679167107,0.008730850164685555,0.008730850164685555,0.5183206806609945,0.0,0.4354963708635761,0.0,0.7367619692099475,0.4802085515905057,-0.4802085515905057,0.12594124748996147
77,header,high_density,random,0.05,13,120000,4,0.9932410025164338,0.9886473105591725,0.004593691957261226,0.004593691957261226,0.6771166666666667,0.0,0.6695666666666666,0.0,0.9081538078983656,0.5309340264837837,-0.5309340264837837,-0.041698778527265966
77,header,mid_density,random,0.05,13,239999,4,0.9356436456238498,0.9349825231231397,0.000661122500710154,0.000661122500710154,0.27137613073387806,0.0,0.21836757653156888,0.0,0.6502717323870263,0.2696106275495582,-0.2696106275495582,0.11417219464960345
77,header,low_density,random,0.05,13,120001,4,0.8901155180813962,0.8877666253518482,0.002348892729547969,0.002348892729547969,0.47988766760276996,0.0,0.3974216881525987,0.0,0.6723481644391812,0.4227540942410651,-0.42275336598806124,0.09975698688051472
77,header,high_density,random,0.05,14,120000,4,0.9932410025164338,0.9932035355630475,3.746695338624484e-05,3.746695338624484e-05,0.07780833333333333,0.0409,0.0,0.15568102518556112,0.0,0.06621703929074284,0.06621701850570741,0.02382647826287996
77,header,mid_density,random,0.05,14,239999,4,0.9356436456238498,0.9311564407867146,0.004487204837135272,0.004487204837135272,0.14466310276292818,0.08631285963691515,0.0,0.12995200903359366,0.0,0.13921470494261404,0.1392146915119082,-0.022696495116768255
77,header,low_density,random,0.05,14,120001,4,0.8901155180813962,0.882016791351175,0.008098726730221273,0.008098726730221273,0.12962391980066834,0.07463271139407171,0.0,0.18251849436507775,0.0,0.13689032362137815,0.1367650304101516,0.020248287186359522
77,header,high_density,random,0.05,15,120000,4,0.9932410025164338,0.9938235664242813,-0.0005825639078474998,-0.0005825639078474998,0.09925,0.0,0.09225833333333333,0.0,0.12513280737843888,0.0985493741839331,-0.09495356791102942,-0.04070725837240383
77,header,mid_density,random,0.05,15,239999,4,0.9356436456238498,0.9241348646878464,0.011508780936003382,0.011508780936003382,0.13992141633923474,0.0007875032812636719,0.09717540489752041,0.001185659170038581,0.28937638037571034,0.1156705577195125,-0.1103232442267851,0.015823235596551605
77,header,low_density,random,0.05,15,120001,4,0.8901155180813962,0.8755298266017998,0.01458569147959643,0.01458569147959643,0.20304830793076725,0.0011833234723043974,0.14861542820476495,0.0028938841223583116,0.2514238989454689,0.1528752019585339,-0.1493635989661244,-0.012918270784410294
77,header,high_density,random,0.05,16,120000,4,0.9932410025164338,0.9906920059743313,0.0025489965421024996,0.0025489965421024996,0.11399166666666667,0.0,0.10714166666666666,0.0,0.1453195289011461,0.13839744975294932,-0.1383969894655188,-0.06030099155010069
77,header,mid_density,random,0.05,16,239999,4,0.9356436456238498,0.9345782863359345,0.0010653592879152907,0.0010653592879152907,0.1740882253676057,0.00018750078125325523,0.12676719486331192,0.00028229980239013834,0.3774970841501849,0.14098394516306953,-0.13982533034998695,0.03375843866239334
77,header,low_density,random,0.05,16,120001,4,0.8901155180813962,0.8893318389633036,0.0007836791180926284,0.0007836791180926284,0.22372313564053634,0.0004916625694785877,0.1612819893167557,0.001202388473374228,0.2728528731743078,0.1770419601268598,-0.1743108554651526,0.0006590234481916949
77,header,high_density,random,0.05,17,120000,4,0.9932410025164338,0.9934847076527382,-0.00024370513630445068,-0.00024370513630445068,0.019933333333333334,0.006808333333333333,0.0,0.02591511768064455,0.0,0.01448140656464297,0.01199010989819294,0.007208733219954238
77,header,mid_density,random,0.05,17,239999,4,0.9356436456238498,0.9352330622615241,0.00041058336232568937,0.00041058336232568937,0.02223759265663607,0.009975041562673178,0.00032083467014445895,0.01501834948715536,0.0009554061096359531,0.02384018449990158,0.019062225570176713,0.0004629249622161085
77,header,low_density,random,0.05,17,120001,4,0.8901155180813962,0.8905445171533473,-0.0004289990719510417,-0.0004289990719510417,0.031108074099382505,0.013149890417579854,0.00029999750002083315,0.032158796796348,0.0005075283369988157,0.02767896961211817,0.024783222966320954,0.006158901688523506
77,header,high_density,random,0.05,18,120000,4,0.9932410025164338,0.9882765974917038,0.004964405024729945,0.004964405024729945,0.05395833333333333,0.016191666666666667,0.0034666666666666665,0.06163166909852186,0.004701946334516355,0.031196045597178135,0.025609392307682215,-0.002366474591937741
77,header,mid_density,random,0.05,18,239999,4,0.9356436456238498,0.9356748886607682,-3.124303691837138e-05,-3.124303691837138e-05,0.04639185996608319,0.012662552760636502,0.004458351909799624,0.01906464665474734,0.013276422562473633,0.03844209324355267,0.02960619975540949,-0.008690286112491825
77,header,low_density,random,0.05,18,120001,4,0.8901155180813962,0.8850900666019623,0.005025451479433896,0.005025451479433896,0.04864126132282231,0.020191498404179966,0.00611661569486921,0.049379445270945,0.010347938871031411,0.040279379724458636,0.030123839170832008,0.003602567038759888
77,header,high_density,random,0.05,19,120000,4,0.9932410025164338,0.9890781534547258,0.0041628490617079406,0.0041628490617079406,0.09249166666666667,0.051825,0.0,0.19726574890566517,0.0,0.10199318208713504,0.10167225588581766,0.06587601516193485
77,header,mid_density,random,0.05,19,239999,4,0.9356436456238498,0.9294191380232912,0.006224507600558593,0.006224507600558593,0.37160154833978476,0.2852470218625911,0.0,0.4294658260405884,0.0,0.3047856611238124,0.30440325256238365,0.012803291914849534
77,header,low_density,random,0.05,19,120001,4,0.8901155180813962,0.8898491697393857,0.00026634834201055835,0.00026634834201055835,0.2701310822409813,0.17766518612344898,3.333305555787035e-05,0.434490207666755,5.639203744431286e-05,0.27119523164650466,0.2707463973209495,0.06949617678431197
77,header,high_density,random,0.05,20,120000,4,0.9932410025164338,0.9934591550930109,-0.00021815257657709086,-0.00021815257657709086,0.031183333333333334,0.013716666666666667,0.0,0.052210873564676775,0.0,0.027843765238509493,0.027841553725136737,0.008667965477180533
77,header,mid_density,random,0.05,20,239999,4,0.9356436456238498,0.935383789197896,0.0002598564259538305,0.0002598564259538305,0.05170854878561994,0.023845932691386212,0.0,0.03590226153508359,0.0,0.04979264128390344,0.04979135796011031,-0.008234974389385072
77,header,low_density,random,0.05,20,120001,4,0.8901155180813962,0.8902293402069444,-0.00011382212554822413,-0.00011382212554822413,0.05516620694827543,0.02569145257122857,0.00014999875001041658,0.06282989260021603,0.00025376416849940786,0.05277151398094244,0.05201233025372179,0.01037689136154192
77,header,high_density,important,0.1,0,120000,8,0.9932410025164338,0.9871691570749046,0.006071845441529167,0.006071845441529167,0.7041,0.0,0.69655,0.0,0.9447521305694329,0.6811127655744952,-0.6811119646047443,0.0828783804062031
77,header,mid_density,important,0.1,0,239999,8,0.9356436456238498,0.7593437240689505,0.17629992155489937,0.17629992155489937,0.3002470843628515,0.0,0.24723853016054234,0.0,0.7362458743827084,0.31419505426625155,-0.3141870606500052,0.1360671485769122
77,header,low_density,important,0.1,0,120001,8,0.8901155180813962,0.7087382716379171,0.18137724644347908,0.18137724644347908,0.5716119032341397,0.0,0.4881125990616745,0.0,0.8257768003157954,0.5394184134148369,-0.5391181320665549,0.15641128840309196
77,header,high_density,random,0.1,1,120000,8,0.9932410025164338,0.990949898173451,0.0022911043429827416,0.0022911043429827416,0.09701666666666667,0.0011833333333333333,0.08838333333333333,0.004504218740087547,0.11987702601894341,0.16440396122195416,-0.16361130273546562,-0.07586811440003809
77,header,mid_density,random,0.1,1,239999,8,0.9356436456238498,0.9298293637948141,0.005814281829035761,0.005814281829035761,0.16964654019391748,0.0,0.12531302213759224,0.0,0.3731667369779388,0.14337182216454278,-0.1433586218114027,0.039156638573853306
77,header,low_density,random,0.1,1,120001,8,0.8901155180813962,0.8854935554281134,0.004621962653282852,0.004621962653282852,0.25693119224006467,3.333305555787035e-05,0.1922900642494646,8.151786260164258e-05,0.3253115660068798,0.19345190847906896,-0.19326502016344332,0.009011036377786212
77,header,high_density,random,0.1,2,120000,8,0.9932410025164338,0.9593073234825036,0.033933679033930186,0.033933679033930186,0.29455,0.25388333333333335,0.0,0.9663769587007549,0.0,0.2534686461926878,0.25346862829270744,0.022539177013753364
77,header,mid_density,random,0.1,2,239999,8,0.9356436456238498,0.9089846375184814,0.026659008105368476,0.026659008105368476,0.6992820803420015,0.6107400447501865,0.0,0.9195257363319845,0.0,0.6340383030567888,0.6340381570435267,0.08611078788146422
77,header,low_density,random,0.1,2,120001,8,0.8901155180813962,0.8616382989630421,0.028477219118354102,0.028477219118354102,0.4236548028766427,0.32268064432796395,0.0,0.7891336689152011,0.0,0.44665031010754447,0.4466360421124266,0.1512660025444178
77,header,high_density,random,0.1,3,120000,8,0.9932410025164338,0.9885522528284929,0.004688749687940863,0.004688749687940863,0.054375,0.00040833333333333336,0.05118333333333333,0.0015542726638330267,0.06942152496778714,0.04631047432152443,-0.04204338989658885,-0.016669656020900047
77,header,mid_density,random,0.1,3,239999,8,0.9356436456238498,0.928712956357077,0.0069306892667728714,0.0069306892667728714,0.07563781515756315,0.0020666752778136575,0.04890437043487681,0.003111571155233525,0.14563118842593742,0.07188180893672207,-0.06485861201966481,0.016835871583748073
77,header,low_density,random,0.1,3,120001,8,0.8901155180813962,0.8692265643531757,0.020888953728220527,0.020888953728220527,0.1374738543845468,0.0019166506945775452,0.1027908100765827,0.004687277099594448,0.17389894546889978,0.09836176977693287,-0.09227223453357275,-0.007538224064481011
77,header,high_density,random,0.1,4,120000,8,0.9932410025164338,0.9923244046430334,0.000916597873400371,0.000916597873400371,0.11170833333333334,0.0,0.10471666666666667,0.0,0.142030427018107,0.13521340793456965,-0.1351991314890168,-0.06333145575888947
77,header,mid_density,random,0.1,4,239999,8,0.9356436456238498,0.9274729526478158,0.00817069297603401,0.00817069297603401,0.15662565260688585,0.0,0.11262963595681649,0.0,0.3353971759684344,0.13522415579435887,-0.1350866144210581,0.03159125247312507
77,header,low_density,random,0.1,4,120001,8,0.8901155180813962,0.8759650648954853,0.014150453185910905,0.014150453185910905,0.25012291564236966,4.999958333680553e-05,0.18759010341580487,0.0001222767939024639,0.3173602887272317,0.18702504386205432,-0.18634757535102492,0.0003488573442809721
77,header,high_density,random,0.1,5,120000,8,0.9932410025164338,0.975492594890993,0.01774840762544072,0.01774840762544072,0.6804166666666667,0.0,0.6728666666666666,0.0,0.9126296991206456,0.5917462055983888,-0.5917462055983888,0.012933330147359322
77,header,mid_density,random,0.1,5,239999,8,0.9356436456238498,0.9307071785381454,0.004936467085704388,0.004936467085704388,0.2801011670881962,0.0,0.22710094625394273,0.0,0.6762786311636102,0.28183519742678736,-0.2818351571137443,0.1193736458097488
77,header,low_density,random,0.1,5,120001,8,0.8901155180813962,0.8763921273550722,0.013723390726324003,0.013723390726324003,0.5193873384388463,9.999916667361106e-05,0.43610469912750727,0.0002445535878049278,0.7377911238933063,0.46307231612963795,-0.46236941345639676,0.10343740155268265
77,header,high_density,random,0.1,6,120000,8,0.9932410025164338,0.9899303540160587,0.003310648500375102,0.003310648500375102,0.678325,0.0,0.670775,0.0,0.9097927074620793,0.6326322722414688,-0.6326322722414688,0.058653751616688045
77,header,mid_density,random,0.1,6,239999,8,0.9356436456238498,0.897412430256551,0.03823121536729879,0.03823121536729879,0.27888449535206394,0.0,0.2258759411497548,0.0,0.6726307169268184,0.28912293295138053,-0.28912293295138053,0.1295661676262886
77,header,low_density,random,0.1,6,120001,8,0.8901155180813962,0.8336544025747692,0.056461115506627024,0.056461115506627024,0.5329538920508996,0.0,0.4501295822534812,0.0,0.761518073648001,0.49175840767801154,-0.49168520930245574,0.13213677540271487
77,header,high_density,random,0.1,7,120000,8,0.9932410025164338,0.989482993128755,0.0037580093876787846,0.0037580093876787846,0.08629166666666667,0.049175,0.0,0.18717883651589165,0.0,0.10528577624682672,0.10528577624682672,0.03173096954632222
77,header,mid_density,random,0.1,7,239999,8,0.9356436456238498,0.919812022096462,0.015831623527387872,0.015831623527387872,0.2365426522610511,0.16284234517643822,0.0,0.24517424171136415,0.0,0.25602672577378216,0.25602672577378216,-0.035906473390740754
77,header,low_density,random,0.1,7,120001,8,0.8901155180813962,0.8824127720514292,0.007702746029967011,0.007702746029967011,0.21111490737577188,0.13570720243997966,0.0,0.33187959811693735,0.0,0.22554679442109313,0.225546789362385,0.03989865482749832
77,header,high_density,random,0.1,8,120000,8,0.9932410025164338,0.9605126582537978,0.03272834426263593,0.03272834426263593,0.6774166666666667,0.0,0.6698666666666667,0.0,0.908560707100391,0.6358037651077256,-0.6358037651077256,0.06211596736707813
77,header,mid_density,random,0.1,8,239999,8,0.9356436456238498,0.7375775794278001,0.19806606619604972,0.19806606619604972,0.27697615406730863,0.0,0.22396759986499945,0.0,0.6669479117552175,0.2858218940219735,-0.28582186636027535,0.1262199821045888
77,header,low_density,random,0.1,8,120001,8,0.8901155180813962,0.755199448651847,0.13491606942954926,0.13491606942954926,0.5143457137857185,0.0,0.4316797360022,0.0,0.7303050809225737,0.47180319902610707,-0.47164084024497727,0.1201636752980248
77,header,high_density,random,0.1,9,120000,8,0.9932410025164338,0.9887026749166107,0.004538327599823089,0.004538327599823089,0.10126666666666667,0.0606,0.0,0.2306667512529341,0.0,0.17450077688098825,0.17450077688098825,0.011978865629293836
77,header,mid_density,random,0.1,9,239999,8,0.9356436456238498,0.9256485034334131,0.009995142190436734,0.009995142190436734,0.46513527139696415,0.3769765707357114,0.0,0.5675731626987861,0.0,0.42851447532059683,0.42851447532059683,-0.020115335979241894
77,header,low_density,random,0.1,9,120001,8,0.8901155180813962,0.8765383962492764,0.013577121832119787,0.013577121832119787,0.3459054507879101,0.24923958967008608,4.999958333680553e-05,0.609529438138132,8.45880561664693e-05,0.33004327481440965,0.32996822221248634,0.08121584014756206
77,header,high_density,random,0.1,10,120000,8,0.9932410025164338,0.9891196489373715,0.004121353579062292,0.004121353579062292,0.24843333333333334,0.0,0.24088333333333334,0.0,0.32671745371521577,0.3012175318176939,-0.3012175304261556,-0.1335035830011346
77,header,mid_density,random,0.1,10,239999,8,0.9356436456238498,0.9322773367907646,0.0033663088330851965,0.0033663088330851965,0.23458014408393368,0.0,0.1817382572427385,0.0,0.5411941335583293,0.2202113097402096,-0.22021130789190724,0.0817074747571248
77,header,low_density,random,0.1,10,120001,8,0.8901155180813962,0.8878366266845179,0.002278891396878313,0.002278891396878313,0.3948133765551954,0.0,0.31508904092465895,0.0,0.5330598319517285,0.32280316604497855,-0.3227344383293386,0.04973726459413035
77,header,high_density,random,0.1,11,120000,8,0.9932410025164338,0.9909497755590242,0.0022912269574095756,0.0022912269574095756,0.15725833333333333,0.0,0.14974166666666666,0.0,0.20309921558876054,0.22307090156933088,-0.2230708801257777,-0.08835817251232125
77,header,mid_density,random,0.1,11,239999,8,0.9356436456238498,0.9338802564790376,0.0017633891448122219,0.0017633891448122219,0.21711757132321385,0.0,0.16476318651327715,0.0,0.4906444648484999,0.1928570106674145,-0.19285694317824828,0.06540776758227945
77,header,low_density,random,0.1,11,120001,8,0.8901155180813962,0.8918182518570216,-0.0017027337756253536,-0.0017027337756253536,0.34633044724627293,0.0,0.2691727568936926,0.0,0.45537980037218745,0.27185923508249005,-0.27164270310266214,0.030682427227151997
77,header,high_density,random,0.1,12,120000,8,0.9932410025164338,0.9835162173160796,0.009724785200354136,0.009724785200354136,0.42714166666666664,0.0,0.41959166666666664,0.0,0.5691050478106562,0.3806019147195768,-0.38060191468378385,-0.14202202141359035
77,header,mid_density,random,0.1,12,239999,8,0.9356436456238498,0.9232202732015995,0.012423372422250334,0.012423372422250334,0.24851353547306448,0.0,0.19552581469089456,0.0,0.5822517805295679,0.2409550550602406,-0.24095505382366916,0.0940971761895348
77,header,low_density,random,0.1,12,120001,8,0.8901155180813962,0.8670066710381672,0.02310884704322902,0.02310884704322902,0.43287139273839387,0.0,0.35185540120499,0.0,0.5952602492528055,0.36482975717555477,-0.3647773621864822,0.07351551447001252
77,header,high_density,random,0.1,13,120000,8,0.9932410025164338,0.991705728276842,0.0015352742395917662,0.0015352742395917662,0.02225,0.013258333333333334,0.0,0.05046628179914991,0.0,0.01659219840884936,0.01520493151780759,-0.0050942686377104755
77,header,mid_density,random,0.1,13,239999,8,0.9356436456238498,0.9372833845549466,-0.0016397389310968125,-0.0016397389310968125,0.02583760765669857,0.007037529323038846,0.00048333534723061345,0.010595652583043192,0.0014393131002307864,0.01947790747714886,0.017102600251197822,-0.006867123491096454
77,header,low_density,random,0.1,13,120001,8,0.8901155180813962,0.8848330750813842,0.005282443000012016,0.005282443000012016,0.024558128682260982,0.011766568611928234,0.0009083257639519671,0.028775805498379832,0.0015366830203575256,0.022747678840812347,0.020077428923153593,0.0018163213123998214
77,header,high_density,random,0.1,14,120000,8,0.9932410025164338,0.9842464461007896,0.008994556415644173,0.008994556415644173,0.07004166666666667,0.032925,0.0,0.12532512846539365,0.0,0.10556457081963457,0.10543833983266408,-0.003902084904372432
77,header,mid_density,random,0.1,14,239999,8,0.9356436456238498,0.9260299178477475,0.009613727776102365,0.009613727776102365,0.1668381951591465,0.10137125571356548,0.0,0.1526238198299928,0.0,0.18469806108896986,0.1845292321534097,-0.0536475587107684
77,header,low_density,random,0.1,14,120001,8,0.8901155180813962,0.8833195281214888,0.006795989959907378,0.006795989959907378,0.1497654186215115,0.08506595778368514,0.0006416613194890042,0.20803358535939187,0.0010855467208030227,0.15599814787774977,0.15288303702100017,0.01697110746230166
77,header,high_density,random,0.1,15,120000,8,0.9932410025164338,0.9909990722949445,0.002241930221489219,0.002241930221489219,0.05753333333333333,0.0,0.05753333333333333,0.0,0.07803422474399259,0.04406909290203316,-0.04406727265661541,-0.0081384129524485
77,header,mid_density,random,0.1,15,239999,8,0.9356436456238498,0.935671679528505,-2.8033904655222486e-05,-2.8033904655222486e-05,0.07153779807415864,1.2500052083550349e-05,0.050133542223092596,1.881998682600922e-05,0.14929151053428294,0.06845578522716704,-0.06842988284067672,0.01766038530553401
77,header,low_density,random,0.1,15,120001,8,0.8901155180813962,0.8864511897713742,0.003664328310022058,0.003664328310022058,0.12047399605003292,8.333263889467588e-06,0.08402429979750169,2.0379465650410645e-05,0.14215022838775165,0.09112970766584604,-0.09067769926608993,-0.0053552569570940135
77,header,high_density,random,0.1,16,120000,8,0.9932410025164338,0.9882312760445681,0.005009726471865705,0.005009726471865705,0.6786166666666666,0.0,0.6710666666666667,0.0,0.9101883039084929,0.6400103575865798,-0.6400103575865798,0.0639302478688383
77,header,mid_density,random,0.1,16,239999,8,0.9356436456238498,0.9290154675123358,0.00662817811151406,0.00662817811151406,0.2801095004562519,0.0,0.22710094625394273,0.0,0.6762786311636102,0.2917517560705331,-0.2917517560705331,0.12871748385720533
77,header,low_density,random,0.1,16,120001,8,0.8901155180813962,0.881558187867384,0.008557330214012171,0.008557330214012171,0.5330538912175732,0.0,0.4501379155173707,0.0,0.761532171657362,0.4878832450515137,-0.4878832450515137,0.12761067858469222
77,header,high_density,random,0.1,17,120000,8,0.9932410025164338,0.9834225531593092,0.009818449357124615,0.009818449357124615,0.02351666666666667,0.0009333333333333333,0.018616666666666667,0.003552623231618347,0.02525035603680177,0.12100543166001809,-0.10898992919044215,-0.09233695118744296
77,header,mid_density,random,0.1,17,239999,8,0.9356436456238498,0.9163435297065956,0.019300115917254224,0.019300115917254224,0.07680865336938904,0.017525073021137587,0.036070983629098455,0.026385621530064927,0.1074149440404993,0.06823840617489263,-0.026759580571255267,-0.023062693003917424
77,header,low_density,random,0.1,17,120001,8,0.8901155180813962,0.8603426853233623,0.029772832758033885,0.029772832758033885,0.12221564820293164,0.016016533195556702,0.06979941833818051,0.03916933298008926,0.11808492640839113,0.10200075156645566,-0.059754969083214655,-0.029394154791054127
77,header,high_density,random,0.1,18,120000,8,0.9932410025164338,0.991472440706033,0.0017685618104007483,0.0017685618104007483,0.11091666666666666,0.0,0.10383333333333333,0.0,0.14083233492325428,0.1322578039474722,-0.13225741378591435,-0.05370075696648896
77,header,mid_density,random,0.1,18,239999,8,0.9356436456238498,0.9332686778960502,0.0023749677277996595,0.0023749677277996595,0.16107983783265764,6.666694444560186e-05,0.11753798974162392,0.00010037326307204918,0.3500136486587091,0.1346534141927936,-0.1343767692663041,0.03214979943906783
77,header,low_density,random,0.1,18,120001,8,0.8901155180813962,0.89747834848989,-0.007362830408493837,-0.007362830408493837,0.21291489237589686,9.999916667361106e-05,0.14964041966316946,0.0002445535878049278,0.2531579540968815,0.17206278849666937,-0.16682075891711656,0.0016379842189704309
77,header,high_density,random,0.1,19,120000,8,0.9932410025164338,0.985228791479039,0.0080122110373948,0.0080122110373948,0.03141666666666667,0.020325,0.0,0.07736471483854596,0.0,0.04375452784067787,0.040650484884248876,-0.011843948433718327
77,header,mid_density,random,0.1,19,239999,8,0.9356436456238498,0.9282909072823349,0.007352738341514953,0.007352738341514953,0.051462714427976786,0.027108446285192853,0.0009541706423776766,0.040814278096672,0.002841402585800432,0.0639882491604508,0.05831411018005673,-0.035911355397857087
77,header,low_density,random,0.1,19,120001,8,0.8901155180813962,0.8799139722224447,0.0102015458589515,0.0102015458589515,0.05629119757335355,0.027683102640811325,0.005691619236506362,0.06770058489066416,0.009628940393616421,0.05566257650102098,0.040760630494281774,-0.006245919958402578
77,header,high_density,random,0.1,20,120000,8,0.9932410025164338,0.989264060767446,0.003976941748987772,0.003976941748987772,0.7041,0.0,0.69655,0.0,0.9447521305694329,0.6737553801123453,-0.6737553801123453,0.07551136027140812
77,header,mid_density,random,0.1,20,239999,8,0.9356436456238498,0.8912755561045463,0.04436808951930349,0.04436808951930349,0.29955541481422837,0.0,0.24654686061191922,0.0,0.734186167704792,0.3117986556061081,-0.3117986556061081,0.1339312075244982
77,header,low_density,random,0.1,20,120001,8,0.8901155180813962,0.8280245183014837,0.062090999779912504,0.062090999779912504,0.5609869917750685,0.0,0.4779376838526346,0.0,0.8085631308859189,0.522925546518532,-0.5229255459137666,0.14654365975370404
77,imports,high_density,important,0.01,0,168174,13,0.8241766878275888,0.7816765287902978,0.042500159037290985,0.042500159037290985,0.0549609333190624,0.0,0.05224945592065361,0.0,0.11681112410932681,0.03324081898363089,-0.031822857783262964,-0.0056357710728480925
77,imports,mid_density,important,0.01,0,191819,13,0.9498983588586885,0.9272376657072545,0.02266069315143393,0.02266069315143393,0.11487913084730918,0.011667248812682789,0.07650962626225764,0.0379109989328003,0.11052369978762822,0.09941334966604815,-0.060596748689575326,-0.016610561441697296
77,imports,low_density,important,0.01,0,120007,13,0.8685459773086619,0.8385476161406669,0.029998361167995036,0.029998361167995036,0.09460281483580124,0.018548917979784512,0.04193922021215429,0.025290568867377895,0.1573304157549234,0.08589233249001782,-0.038239213749449566,-0.002773175256961157
77,imports,high_density,random,0.01,1,168174,13,0.8241766878275888,0.8161492256342713,0.008027462193317514,0.008027462193317514,0.0012903302531901482,0.0001010857802038365,0.0,0.0001828940290478752,0.0,0.0035459283015681353,-0.0012085433050728696,0.0031330041320454406
77,imports,mid_density,random,0.01,1,191819,13,0.9498983588586885,0.9495639643424245,0.0003343945162639361,0.0003343945162639361,0.008768682977181613,0.002168711128720304,0.0023563880533210998,0.0070469059678484915,0.0034039733104393537,0.010884962301952,0.0024576378572233504,-0.0014274577443833649
77,imports,low_density,random,0.01,1,120007,13,0.8685459773086619,0.8670894472512366,0.0014565300574252982,0.0014565300574252982,0.013824193588707326,0.006041314256668361,0.001974884798386761,0.008237045116284354,0.007408565176617693,0.013066801297846603,0.004745194958853601,-0.0020124402390969773
77,imports,high_density,random,0.01,2,168174,13,0.8241766878275888,0.8062868223531146,0.017889865474474242,0.017889865474474242,0.0032287987441578367,0.0001010857802038365,0.0010227502467682283,0.0001828940290478752,0.0022865043071360206,0.006728759582661316,-0.0059164517947362695,-0.0004257706941801475
77,imports,mid_density,random,0.01,2,191819,13,0.9498983588586885,0.9476167589286157,0.0022815999300727086,0.0022815999300727086,0.01704732065123893,0.0023616013012266773,0.007637408181671263,0.007673674046719632,0.011032789601313391,0.015393136527273144,-0.0038989359172706636,0.0012665523919052383
77,imports,low_density,random,0.01,2,120007,13,0.8685459773086619,0.8688781891977495,-0.000332211889087608,-0.000332211889087608,0.01414917463147983,0.0024748556334213837,0.004141425083536794,0.0033743481372916595,0.015536105032822756,0.014024583476562416,-0.005144658974088467,0.0012136701413950487
77,imports,high_density,random,0.01,3,168174,13,0.8241766878275888,0.8231158041191459,0.001060883708442928,0.001060883708442928,0.0019384684909676882,0.0,0.0010227502467682283,0.0,0.0022865043071360206,0.0018319824838550667,-0.0015719058166800935,-0.0007821968069820013
77,imports,mid_density,random,0.01,3,191819,13,0.9498983588586885,0.9475982396634225,0.0023001191952659594,0.0023001191952659594,0.009780053070863678,0.00295591156246253,0.002257336343115124,0.009604797316755035,0.0032608859367704427,0.010125850971613832,0.002086980725504257,0.00016227479516856002
77,imports,low_density,random,0.01,3,120007,13,0.8685459773086619,0.8661543640314477,0.002391613277214155,0.002391613277214155,0.014865799495029457,0.006941261759730683,0.002008216187389069,0.00946408080257223,0.00753360425132854,0.014691514489897006,0.005214753393475169,-0.0023707957953589386
77,imports,high_density,random,0.01,4,168174,13,0.8241766878275888,0.8242896274734516,-0.00011293964586278626,-0.00011293964586278626,0.07105735726093212,0.04581564332179766,0.0,0.0828940290478752,0.0,0.045350127375391125,0.045350127375391125,0.008611234327023827
77,imports,mid_density,random,0.01,4,191819,13,0.9498983588586885,0.9443242931082567,0.005574065750431734,0.005574065750431734,0.161157132505122,0.08395935751932812,0.0005526042779912313,0.2728135110870191,0.0007982769267844502,0.13250566300240346,0.1322338572643895,0.017721311479117107
77,imports,low_density,random,0.01,4,120007,13,0.8685459773086619,0.863793141633673,0.004752835674988853,0.004752835674988853,0.1592823751947803,0.11368503503962268,4.99970835034623e-05,0.155004146926162,0.0001875586120662707,0.14720486606250585,0.14640477566150886,-0.012862984704843903
77,imports,high_density,random,0.01,5,168174,13,0.8241766878275888,0.8026358876400393,0.021540800187549447,0.021540800187549447,0.018159763102500982,0.0,0.015525586594836301,0.0,0.03470966712751249,0.020895374043192153,-0.020684481179321375,0.00020392464074442913
77,imports,mid_density,random,0.01,5,191819,13,0.9498983588586885,0.9466767961260641,0.0032215627326243057,0.0032215627326243057,0.07012339757792502,0.00010426495811155308,0.05541682523629046,0.0003387935561465621,0.08005362011055382,0.06911146503649836,-0.06867088169618286,0.01054716180530479
77,imports,low_density,random,0.01,5,120007,13,0.8685459773086619,0.8653645108620798,0.0031814664465821263,0.0031814664465821263,0.0797703467297741,0.0005083036822852,0.041097602639846006,0.000693047933921856,0.15417317911847453,0.0744060698891169,-0.07241268460179875,0.015558671803092903
77,imports,high_density,random,0.01,6,168174,13,0.8241766878275888,0.8254159770521774,-0.0012392892245886022,-0.0012392892245886022,0.015198544364765065,0.004299118769845517,0.0011832982506213801,0.007778375470683163,0.002645432308837605,0.006577572829625251,0.005136768687150809,-0.004148921202940257
77,imports,mid_density,random,0.01,6,191819,13,0.9498983588586885,0.9487218762544409,0.0011764826042475196,0.0011764826042475196,0.019169112548809035,0.006167272272298365,0.003268706436797189,0.020039638846069147,0.004721883331074059,0.019598459352393068,0.008641216186408576,-0.004363328914470208
77,imports,low_density,random,0.01,6,120007,13,0.8685459773086619,0.8676423403144685,0.0009036369941933797,0.0009036369941933797,0.026765105368853483,0.011057688301515744,0.004249752097794295,0.015076632923185293,0.01594248202563301,0.023813211656943837,0.0075539636439037145,-0.0024326166615071918
77,imports,high_density,random,0.01,7,168174,13,0.8241766878275888,0.8243316293364764,-0.00015494150888761826,-0.00015494150888761826,0.00027947245115178326,1.7838667094794678e-05,0.0,3.227541689080151e-05,0.0,0.002751327222832998,0.002619591745919681,-0.00045387976947914313
77,imports,mid_density,random,0.01,7,191819,13,0.9498983588586885,0.9480193864660671,0.0018789723926213586,0.0018789723926213586,0.014946381745291134,0.006334096205276849,4.6919231150198885e-05,0.02058170853590365,6.777822963264199e-05,0.016633589083113333,0.016331980924576894,-0.0029770845974498076
77,imports,low_density,random,0.01,7,120007,13,0.8685459773086619,0.8657245193933537,0.00282145791530819,0.00282145791530819,0.024873549042972492,0.015332438941061772,0.0002666511120184656,0.020905052433052705,0.0010003125976867772,0.02388431909420845,0.021263624665649725,-0.004722973998993565
77,imports,high_density,random,0.01,8,168174,13,0.8241766878275888,0.8241681950646151,8.49276297365531e-06,8.49276297365531e-06,0.0,0.0,0.0,0.0,0.0,0.00017408267952360591,6.8802166796136e-05,-6.199527745239585e-07
77,imports,mid_density,random,0.01,8,191819,13,0.9498983588586885,0.9489942255936583,0.0009041332650301381,0.0009041332650301381,0.00693361971441828,0.0025857709611665164,0.0009227448792872448,0.00840208019243474,0.0013329718494419593,0.007088301167448339,0.0056110298575059855,-0.0008555302963641255
77,imports,low_density,random,0.01,8,120007,13,0.8685459773086619,0.8647865381003242,0.003759439208337656,0.003759439208337656,0.012099294207837875,0.007507895372769921,0.0007166248635496262,0.010236658827272004,0.0026883401062832136,0.013148643995873958,0.0089622965878283,-0.002943874539517924
77,imports,high_density,random,0.01,9,168174,13,0.8241766878275888,0.8241361008529833,4.0586974605516524e-05,4.0586974605516524e-05,0.019396577354406745,0.007611164627112395,0.0,0.01377084454007531,0.0,0.015820642974542994,0.015752942850944827,-0.00532558557485486
77,imports,mid_density,random,0.01,9,191819,13,0.9498983588586885,0.947549470955349,0.002348887903339425,0.002348887903339425,0.05862297269822072,0.019925033495117792,0.003826523962693998,0.06474344857960801,0.005527691172262136,0.03619112188261613,0.03211184181096197,-0.002105639943308962
77,imports,low_density,random,0.01,9,120007,13,0.8685459773086619,0.8652201186247435,0.0033258586839184368,0.0033258586839184368,0.03664786220803786,0.022265367853541877,0.0007832876415542427,0.030357771794085234,0.0029384182557049077,0.03425893924015424,0.029878843498726805,-0.0059104694411149595
77,imports,high_density,random,0.01,10,168174,13,0.8241766878275888,0.8229087703173716,0.0012679175102171536,0.0012679175102171536,0.0,0.0,0.0,0.0,0.0,0.0024674357409846495,-0.0006443230797693793,0.00042620347171616445
77,imports,mid_density,random,0.01,10,191819,13,0.9498983588586885,0.9492534960717895,0.0006448627868989032,0.0006448627868989032,0.007454944504976045,0.0012094735140940158,0.0027317419025226905,0.00393000525130012,0.003946199147500489,0.008492265536493886,-0.0028567167527006714,0.0010094694453124584
77,imports,low_density,random,0.01,10,120007,13,0.8685459773086619,0.8680406648545114,0.0005053124541505305,0.0005053124541505305,0.015574091511328506,0.003383135983734282,0.004674727307573725,0.004612745265119239,0.017536730228196313,0.013743863670078224,-0.0033695202174544225,0.00031822544739936083
77,imports,high_density,random,0.01,11,168174,13,0.8241766878275888,0.824189286241209,-1.2598413620223958e-05,-1.2598413620223958e-05,0.00021406400513753612,0.0,0.00021406400513753612,0.0,0.00047857066893544615,0.0049586992622678286,-0.004794528296161443,-0.003852114396880589
77,imports,mid_density,random,0.01,11,191819,13,0.9498983588586885,0.9481058935604789,0.0017924652982095335,0.0017924652982095335,0.0363467643976874,0.00034407436176812515,0.027192301075493044,0.0011180187352836548,0.03928124952931785,0.029973284673479022,-0.028365684538557565,0.002950121903488669
77,imports,low_density,random,0.01,11,120007,13,0.8685459773086619,0.8674300816656795,0.001115895642982423,0.001115895642982423,0.040447640554301,0.001674902297365987,0.016932345613172566,0.002283649749480214,0.06351984995311034,0.037300558236388164,-0.031670253365093756,0.008202050264004971
77,imports,high_density,random,0.01,12,168174,13,0.8241766878275888,0.822405937737358,0.001770750090230755,0.001770750090230755,0.0,0.0,0.0,0.0,0.0,0.0028055436406211414,-0.002023808575993219,0.0012668793103034917
77,imports,mid_density,random,0.01,12,191819,13,0.9498983588586885,0.949349895807408,0.0005484630512804234,0.0005484630512804234,0.009681001360657703,0.0009279581271928223,0.005129835939088411,0.0030152626497044026,0.0074104197731688585,0.009500303292700293,-0.0051997552566506585,-0.0011463943154352667
77,imports,low_density,random,0.01,12,120007,13,0.8685459773086619,0.8676050137704117,0.000940963538250239,0.000940963538250239,0.011490996358545752,0.0027915038289433114,0.0032831418167273575,0.0038060829158003567,0.012316348859018443,0.010749978710693749,-0.0021468938254054575,1.7676462451830686e-05
77,imports,high_density,random,0.01,13,168174,13,0.8241766878275888,0.8165045096511321,0.007672178176456712,0.007672178176456712,0.0006659769048723346,0.0003032573406115095,0.00021406400513753612,0.0005486820871436256,0.00047857066893544615,0.004307904539929119,-0.002861023356090321,0.0006871812262829383
77,imports,mid_density,random,0.01,13,191819,13,0.9498983588586885,0.948962426542639,0.0009359323160494926,0.0009359323160494926,0.018725986476834933,0.0020279534352697073,0.010671518462717458,0.006589534667050633,0.015415781784224241,0.017459135843993882,-0.007492042006821445,0.0033472215929758855
77,imports,low_density,random,0.01,13,120007,13,0.8685459773086619,0.8674561799517096,0.001089797356952249,0.001089797356952249,0.021848725491013025,0.0032248118859733183,0.00768288516503204,0.00439687787586489,0.028821506720850265,0.01921672543616713,-0.008239170531586612,0.0015973076008860732
77,imports,high_density,random,0.01,14,168174,13,0.8241766878275888,0.8241766792464401,8.581148680519846e-09,8.581148680519846e-09,0.0019384684909676882,0.0,0.0010227502467682283,0.0,0.0022865043071360206,0.001062278326345019,-0.0010620345053948379,-9.313399060887931e-05
77,imports,mid_density,random,0.01,14,191819,13,0.9498983588586885,0.9499034036643074,-5.044805618914516e-06,-5.044805618914516e-06,0.0024762927551493855,0.0001459709413561743,0.0009227448792872448,0.00047431097860518693,0.0013329718494419593,0.0037497502192327336,-0.002998117014641923,-0.0001865422806700406
77,imports,low_density,random,0.01,14,120007,13,0.8685459773086619,0.8684895153126286,5.646199603326352e-05,5.646199603326352e-05,0.006632946411459332,0.0012665927820877116,0.002141541743398302,0.0017269391140347888,0.008033760550171928,0.006611500416906243,-0.0013274542399580645,-6.61240064011799e-05
77,imports,high_density,random,0.01,15,168174,13,0.8241766878275888,0.823102478024107,0.0010742098034818293,0.0010742098034818293,0.0,0.0,0.0,0.0,0.0,0.0018104707457632437,0.0011207777650126178,-0.0005623668033497406
77,imports,mid_density,random,0.01,15,191819,13,0.9498983588586885,0.9493447007228406,0.0005536581358478454,0.0005536581358478454,0.006792862020967683,0.0023563880533210998,0.000828906416986847,0.007656734368912304,0.0011974153901766753,0.01022704111680064,0.006099368804003562,-0.0029285832662512656
77,imports,low_density,random,0.01,15,120007,13,0.8685459773086619,0.8684620983322431,8.387897641881636e-05,8.387897641881636e-05,0.01440749289624772,0.007207912871749148,0.0006499620855450099,0.009827646931842713,0.0024382619568615194,0.014515176147163404,0.009765584448077392,-0.0018408654043734385
77,imports,high_density,random,0.01,16,168174,13,0.8241766878275888,0.8224923949568703,0.0016842928707184734,0.0016842928707184734,0.0,0.0,0.0,0.0,0.0,0.0011330956094777068,-0.001100157907182127,0.0007168933088356041
77,imports,mid_density,random,0.01,16,191819,13,0.9498983588586885,0.9472895955342855,0.002608763324402963,0.002608763324402963,0.010233605638648934,0.0014388564219394325,0.005088129955843791,0.0046753510748225565,0.0073501724579398435,0.011931799718851718,-0.004695070550017187,0.0034895847187213103
77,imports,low_density,random,0.01,16,120007,13,0.8685459773086619,0.8658057354098269,0.0027402418988350385,0.0027402418988350385,0.012499270875865574,0.004191422167040256,0.0028831651486996594,0.005714805094470386,0.010815879962488277,0.012034434862035709,0.000620851088354976,-0.0012963822614094121
77,imports,high_density,random,0.01,17,168174,13,0.8241766878275888,0.8244040350678372,-0.00022734724024842112,-0.00022734724024842112,0.005048342787826894,0.0005827297917632928,0.002206048497389608,0.0010543302850995159,0.004931936615973625,0.005057487552213754,-0.0013452032016087053,-0.004355620560626434
77,imports,mid_density,random,0.01,17,191819,13,0.9498983588586885,0.949902203729002,-3.844870313574056e-06,-3.844870313574056e-06,0.018512243312706247,0.0004900453031242995,0.012073882149317847,0.0015923297138888419,0.017441597758799873,0.016280388990340452,-0.011602544583722202,-0.0024324561876779903
77,imports,low_density,random,0.01,17,120007,13,0.8685459773086619,0.8675732521662574,0.0009727251424045402,0.0009727251424045402,0.023506962093877856,0.0031498162607181248,0.009732765588673994,0.004294624902007567,0.036511409815567365,0.020455514914494193,-0.011811116205409294,0.0003196270890015351
77,imports,high_density,random,0.01,18,168174,13,0.8241766878275888,0.8224794286980045,0.0016972591295842943,0.0016972591295842943,0.008836086434288296,0.0,0.007450616623259243,0.0,0.016656918004892055,0.005543415749386026,-0.005543415749386026,-0.0010843678219868214
77,imports,mid_density,random,0.01,18,191819,13,0.9498983588586885,0.9489454340503285,0.0009529248083599562,0.0009529248083599562,0.02684822671372492,0.00010426495811155308,0.020534983500070377,0.0003387935561465621,0.029664271835886314,0.02589582410698722,-0.025258230568425074,0.0025925275325141828
77,imports,low_density,random,0.01,18,120007,13,0.8685459773086619,0.866696674155167,0.0018493031534948523,0.0018493031534948523,0.03393135400434975,0.000674960627296741,0.015582424358579082,0.0009202767647159072,0.05845576742732104,0.030410968530979274,-0.027698676867073297,0.005158794444548369
77,imports,high_density,random,0.01,19,168174,13,0.8241766878275888,0.8241567276464077,1.9960181181111203e-05,1.9960181181111203e-05,0.001956307158062483,0.000404343120815346,0.00021406400513753612,0.0007315761161915008,0.00047857066893544615,0.0024222571918111496,0.001335881794105429,0.0011344211360653567
77,imports,mid_density,random,0.01,19,191819,13,0.9498983588586885,0.9474003847981523,0.002497974060536201,0.002497974060536201,0.015561544998149298,0.002757808142050579,0.006276750478315495,0.008961089560076567,0.009067220941966773,0.016506597763426153,-0.002312059247134278,-0.0001101547691769271
77,imports,low_density,random,0.01,19,120007,13,0.8685459773086619,0.8630861465447031,0.0054598307639588395,0.0054598307639588395,0.02066546118143108,0.00768288516503204,0.004291416334047181,0.010475249099605758,0.01609878086902157,0.02082765867394632,0.002599296301093437,-0.002289748331695478
77,imports,high_density,random,0.01,20,168174,13,0.8241766878275888,0.8241204614232451,5.622640434366222e-05,5.622640434366222e-05,0.0004519128997347985,0.0003032573406115095,0.0,0.0005486820871436256,0.0,0.0018041138948621577,0.00135072227909371,0.0008330630311177114
77,imports,mid_density,random,0.01,20,191819,13,0.9498983588586885,0.9463759344818626,0.0035224243768258168,0.0035224243768258168,0.01379946720606405,0.006401868428049359,0.0003753538492015911,0.02080192434739891,0.0005422258370611359,0.016235845813038,0.013024398636213403,-0.000186976869276394
77,imports,low_density,random,0.01,20,120007,13,0.8685459773086619,0.8667530381281349,0.0017929391805270312,0.0017929391805270312,0.023115318273100736,0.013657536643695784,0.0003999766680276984,0.018621402683572492,0.0015004688965301657,0.02306093465136576,0.020621858889716158,-0.003983137384043708
77,imports,high_density,important,0.05,0,168174,65,0.8241766878275888,0.8002746785687582,0.02390200925883057,0.02390200925883057,0.08642239585191527,0.0,0.08359199400620786,0.0,0.18688184621929171,0.06098968608801372,-0.05857180629418207,-0.028997616014123654
77,imports,mid_density,important,0.05,0,191819,65,0.9498983588586885,0.8818027731915334,0.06809558566715501,0.06809558566715501,0.21821613083166944,0.017938786043092708,0.16641208639394428,0.05828943133501601,0.2403943186781739,0.17803178983351226,-0.1224683533370056,-0.05395223813258536
77,imports,low_density,important,0.05,0,120007,65,0.8685459773086619,0.781520854710841,0.08702512259782091,0.08702512259782091,0.16006566283633455,0.04049763763780446,0.07314573316556534,0.05521660588295443,0.27439824945295405,0.14590597452899653,-0.041483521840596047,-0.02135943669034628
77,imports,high_density,random,0.05,1,168174,65,0.8241766878275888,0.8276005480379287,-0.003423860210339913,-0.003423860210339913,0.01704781952025878,0.004400204550049354,0.0017422431529249469,0.007961269499731038,0.0038950334999468257,0.010730974944381447,0.0027336358079683523,-0.006552998869309446
77,imports,mid_density,random,0.05,1,191819,65,0.9498983588586885,0.9409331567837875,0.008965202074900924,0.008965202074900924,0.049166140997502855,0.006042154322564501,0.031362899399955166,0.019633086578693275,0.04530598105221936,0.047500904386504714,-0.018412159548826402,-0.01021911057988174
77,imports,low_density,random,0.05,1,120007,65,0.8685459773086619,0.856999486689432,0.011546490619229854,0.011546490619229854,0.05000541635071287,0.01581574408159524,0.014357495812744257,0.021564016042355454,0.053860581431697405,0.047288219142811234,-0.003469700696245045,-0.0017196478422449777
77,imports,high_density,random,0.05,2,168174,65,0.8241766878275888,0.82161991923766,0.002556768589928815,0.002556768589928815,0.0032287987441578367,0.0001010857802038365,0.0010227502467682283,0.0001828940290478752,0.0022865043071360206,0.005976574400593962,-0.0021814071154657158,-0.0011350830382664853
77,imports,mid_density,random,0.05,2,191819,65,0.9498983588586885,0.9427430341561938,0.007155324702494692,0.007155324702494692,0.035450085757928046,0.009263941528211491,0.015457280040037744,0.03010180746362204,0.022329161206753725,0.028212979173142888,0.01069427245062084,-0.004896499665081759
77,imports,low_density,random,0.05,2,120007,65,0.8685459773086619,0.8540112585102179,0.014534718798444035,0.014534718798444035,0.053488546501454085,0.03338971893306224,0.00463306307132084,0.04552529624958815,0.017380431384807753,0.052328797893021584,0.03616727539756449,-0.010845649070786516
77,imports,high_density,random,0.05,3,168174,65,0.8241766878275888,0.7830770442141404,0.04109964361344842,0.04109964361344842,0.019313330241297704,0.0,0.016584014175794116,0.0,0.037075933212804425,0.025232410894569297,-0.024421241234842007,0.004443350688402282
77,imports,mid_density,random,0.05,3,191819,65,0.9498983588586885,0.943261240301675,0.006637118557013433,0.006637118557013433,0.08408447546906198,0.00041184658454063465,0.06623952788826967,0.0013382345467789203,0.09568779841248325,0.0874138691253797,-0.0843329864988827,0.007155074665994831
77,imports,low_density,random,0.05,3,120007,65,0.8685459773086619,0.8612153866393915,0.0073305906692704426,0.0073305906692704426,0.08491171348338014,0.0022498687576558035,0.042680843617455645,0.0030675892157196907,0.16011253516723975,0.07898793862309274,-0.07125257343915402,0.009893710763084481
77,imports,high_density,random,0.05,4,168174,65,0.8241766878275888,0.8257381713011259,-0.0015614834735371286,-0.0015614834735371286,0.002616337840569886,0.0007492240179813764,0.0,0.0013555675094136632,0.0,0.008719870228083073,0.003334120883365554,-0.003424272206696409
77,imports,mid_density,random,0.05,4,191819,65,0.9498983588586885,0.9399390194408678,0.009959339417820678,0.009959339417820678,0.06762103858324775,0.02002408520532377,0.01344496634848477,0.06506530245794725,0.019422228246953745,0.044473195092016984,0.027005983701965976,-0.008564076323682553
77,imports,low_density,random,0.05,4,120007,65,0.8685459773086619,0.8550952757027105,0.01345070160595141,0.01345070160595141,0.058146608114526654,0.03255643420800453,0.006141308423675286,0.04438915209561789,0.023038449515473586,0.054617879344511865,0.03348226298259865,-0.010579169703288977
77,imports,high_density,random,0.05,5,168174,65,0.8241766878275888,0.8256937813043884,-0.0015170934767996247,-0.0015170934767996247,0.060550382342098065,0.03724119067156635,0.0044656129960636,0.0673803119956966,0.009983515899181112,0.03298994254913966,0.031134614524288798,0.0003695794523757861
77,imports,mid_density,random,0.05,5,191819,65,0.9498983588586885,0.925093166741735,0.024805192116953423,0.024805192116953423,0.15006334096205276,0.08246315537042732,0.0007715606900254928,0.26795182355631597,0.0011145753317367796,0.1164649046464977,0.11273431830492997,0.004082597833317929
77,imports,low_density,random,0.05,5,120007,65,0.8685459773086619,0.8596231878647246,0.008922789443937318,0.008922789443937318,0.1381502745673169,0.09450282066879433,0.0022332030631546495,0.1288501085017667,0.008377618005626758,0.12139969158799885,0.11484149854041822,-0.008486337286365164
77,imports,high_density,random,0.05,6,168174,65,0.8241766878275888,0.8111062506689719,0.013070437158616888,0.013070437158616888,0.008182001974145826,0.0007076004614268556,0.005024557898367167,0.0012802582033351263,0.011233117090290333,0.01676701522520855,-0.004701067515993421,0.007838176986953166
77,imports,mid_density,random,0.05,6,191819,65,0.9498983588586885,0.9351939764398877,0.014704382418800788,0.014704382418800788,0.09195126655857866,0.0363936836288376,0.014190460798982374,0.11825589077295749,0.02049914900667239,0.06828196852518664,0.04151929537641324,-0.0010067553612576293
77,imports,low_density,random,0.05,6,120007,65,0.8685459773086619,0.8508394523077707,0.017706525000891205,0.017706525000891205,0.09346954760972277,0.06344629896589365,0.0027831709816927347,0.08650601588329528,0.010440762738355737,0.087584672708427,0.07603270812172543,-0.018264247505321712
77,imports,high_density,random,0.05,7,168174,65,0.8241766878275888,0.8258114194152613,-0.0016347315876724666,-0.0016347315876724666,0.0027947245115178326,0.002443897391986871,0.0,0.0044217321140398065,0.0,0.011140608661662782,0.0054534798515501505,0.00044623122263395495
77,imports,mid_density,random,0.05,7,191819,65,0.9498983588586885,0.9327345732957557,0.017163785562932743,0.017163785562932743,0.07288641896788119,0.0354605122537392,0.007684327412821462,0.11522368844544577,0.011100567830946033,0.06449984147011656,0.04399273280590833,-0.013618532775884188
77,imports,low_density,random,0.05,7,120007,65,0.8685459773086619,0.8543915017013946,0.014154475607267347,0.014154475607267347,0.09764430408226187,0.06358795736915347,0.003883106818768905,0.08669916038947022,0.014567052203813692,0.0890045175754297,0.07337159454436999,-0.0164363812678457
77,imports,high_density,random,0.05,8,168174,65,0.8241766878275888,0.8220768768531348,0.0020998109744539972,0.0020998109744539972,0.048348734049258504,0.028541867351671482,0.0,0.05164066702528241,0.0,0.03450073824225951,0.0322508384752704,0.006739281148410909
77,imports,mid_density,random,0.05,8,191819,65,0.9498983588586885,0.942181780682454,0.007716578176234501,0.007716578176234501,0.06282485051011631,0.025378090804352018,0.0015587611237677186,0.08246235156607322,0.0022517434066844397,0.05332271813883578,0.044675361495563,0.002961158030492199
77,imports,low_density,random,0.05,8,120007,65,0.8685459773086619,0.8674061636825444,0.0011398136261174807,0.0011398136261174807,0.05056371711650154,0.02914829968251852,0.0022498687576558035,0.03974232250587954,0.008440137542982182,0.04898901304535545,0.035661411543634655,-0.006360796532498549
77,imports,high_density,random,0.05,9,168174,65,0.8241766878275888,0.8090082850705689,0.015168402757019916,0.015168402757019916,0.003401239192740852,0.0,0.0024201125025271443,0.0,0.005410507284909071,0.015177987679193997,-0.014868241503391232,-0.0016168594181301176
77,imports,mid_density,random,0.05,9,191819,65,0.9498983588586885,0.9417838356482326,0.008114523210455804,0.008114523210455804,0.06769923730183142,0.001219900009905171,0.05408223377246258,0.003963884606914776,0.07812570602322534,0.051541344201750806,-0.04563003393476885,0.004974570876685778
77,imports,low_density,random,0.05,9,120007,65,0.8685459773086619,0.8640007038766414,0.004545273432020491,0.004545273432020491,0.0592548767988534,0.0032081461914721643,0.026306798770071745,0.004374154992785485,0.09868708971553611,0.05403535645620596,-0.0419043761767416,0.00881765193287576
77,imports,high_density,random,0.05,10,168174,65,0.8241766878275888,0.8285571037123937,-0.004380415884804867,-0.004380415884804867,0.018433289331287833,0.0048996872287036045,0.0010227502467682283,0.00886498117267348,0.0022865043071360206,0.0168692526336474,0.013725705349794885,-0.00620928266162224
77,imports,mid_density,random,0.05,10,191819,65,0.9498983588586885,0.9414005147458133,0.00849784411287513,0.00849784411287513,0.05049030596551958,0.01806911724073215,0.006745942789817484,0.05871292328019921,0.009745003238293193,0.04524170303453339,0.020769535083582927,-0.0031695531202349633
77,imports,low_density,random,0.05,10,120007,65,0.8685459773086619,0.8641979412009566,0.004348036107705289,0.004348036107705289,0.04853050238736074,0.01923221145433183,0.008657828293349554,0.026222207073633503,0.03247889965614254,0.04657804180201964,0.010059919561513411,-0.0027264427327182428
77,imports,high_density,random,0.05,11,168174,65,0.8241766878275888,0.8228870339814065,0.0012896538461822926,0.0012896538461822926,0.06989784389977048,0.0462556637768026,0.0,0.0836901559978483,0.0,0.042697009421213815,0.04197072717033029,0.006068298879042478
77,imports,mid_density,random,0.05,11,191819,65,0.9498983588586885,0.9300200963853508,0.019878262473337682,0.019878262473337682,0.1429368310751281,0.07424707667123695,0.0005265380384633431,0.24125489133196687,0.0007606223547663157,0.11455648268373796,0.11280755697063188,0.00741648601683
77,imports,low_density,random,0.05,11,120007,65,0.8685459773086619,0.8500114708295984,0.018534506479063517,0.018534506479063517,0.1536577033006408,0.11273509045305691,0.0009166131975634755,0.1537089425906359,0.0034385745545482964,0.14447905557500093,0.1417837738798799,-0.023586718507209534
77,imports,high_density,random,0.05,12,168174,65,0.8241766878275888,0.8145953439144238,0.009581343913165008,0.009581343913165008,0.004751031669580316,0.0003032573406115095,0.0032942071901720838,0.0005486820871436256,0.00736467084972881,0.008783063564834352,-0.00746626905906082,-0.0029690350585268557
77,imports,mid_density,random,0.05,12,191819,65,0.9498983588586885,0.9430540927628509,0.006844266095837548,0.006844266095837548,0.03519463661055474,0.0037326855003936,0.021316970685907027,0.012128809310046923,0.030793908996430346,0.036684977722234904,-0.02304935586012332,0.003201536343600766
77,imports,low_density,random,0.05,12,120007,65,0.8685459773086619,0.8600334294879228,0.00851254782073907,0.00851254782073907,0.045530677377153,0.007899539193547044,0.016790687209912756,0.010770646579638025,0.06298843388558925,0.04260230687360703,-0.020701118731414458,0.003249821305534373
77,imports,high_density,random,0.05,13,168174,65,0.8241766878275888,0.8138269199162,0.010349767911388752,0.010349767911388752,0.003573679641323867,0.0027590471773282434,0.0,0.0049919311457773,0.0,0.010074182415687858,0.003448542173069929,0.0032222673466934387
77,imports,mid_density,random,0.05,13,191819,65,0.9498983588586885,0.9295695990069489,0.020328759851739542,0.020328759851739542,0.08144135878093411,0.04621022943504032,0.004259223538856943,0.1501533040841563,0.0061527570677631675,0.07019880396783493,0.058917019637286364,-0.004305951745486531
77,imports,low_density,random,0.05,13,120007,65,0.8685459773086619,0.8639403032001871,0.004605674108474789,0.004605674108474789,0.09786929095802745,0.06299632521436249,0.0020498804236419544,0.08589249804015134,0.007689903094717099,0.08779067842202502,0.07732726654876924,-0.0077113288604767375
77,imports,high_density,random,0.05,14,168174,65,0.8241766878275888,0.8133938204687516,0.010782867358837156,0.010782867358837156,0.0019384684909676882,0.0,0.0010227502467682283,0.0,0.0022865043071360206,0.007345742944808687,-0.003546347376653134,-0.0014096961612114615
77,imports,mid_density,random,0.05,14,191819,65,0.9498983588586885,0.942590569911937,0.007307788946751437,0.007307788946751437,0.04125764392474155,0.011641182573154902,0.014279086013377193,0.03782630054376366,0.020627174551534046,0.043680755715874826,-0.007776374776807512,-0.01576944760727439
77,imports,low_density,random,0.05,14,120007,65,0.8685459773086619,0.8644137572701639,0.004132220038498002,0.004132220038498002,0.04872215787412401,0.016640695959402367,0.01030773204896381,0.022688798754786008,0.03866833385432948,0.04617343071599709,0.0029437009966324654,-0.004100146594447013
77,imports,high_density,random,0.05,15,168174,65,0.8241766878275888,0.8095272343352128,0.014649453492376008,0.014649453492376008,0.0018433289331287832,0.0001010857802038365,0.0005292137904789087,0.0001828940290478752,0.001183133042645964,0.012082834487461796,-0.002433509662103482,0.006567859498040992
77,imports,mid_density,random,0.05,15,191819,65,0.9498983588586885,0.9412655756038925,0.008632783254795995,0.008632783254795995,0.03213967333788623,0.008200438955473649,0.012371037279935772,0.02664611319092711,0.017870859879806605,0.03706405331283679,-0.003581262472767836,0.002698185324835699
77,imports,low_density,random,0.05,15,120007,65,0.8685459773086619,0.864369426516375,0.004176550792286848,0.004176550792286848,0.04701392418775571,0.01070770871699151,0.01293257893289558,0.014599452378517787,0.04851516098780869,0.04498761065978024,-0.012030749070263594,0.0015217438831861677
77,imports,high_density,random,0.05,16,168174,65,0.8241766878275888,0.8139389661214528,0.010237721706136016,0.010237721706136016,0.001861167600223578,0.0001010857802038365,0.0005708373470334297,0.0001828940290478752,0.0012761884504945231,0.007689654329319506,-0.005209266105772592,-0.0014401312206390614
77,imports,mid_density,random,0.05,16,191819,65,0.9498983588586885,0.9417228972794689,0.008175461579219556,0.008175461579219556,0.04244626444721326,0.002908992331312331,0.03022119810863366,0.009452340216489082,0.04365671079782507,0.04223327709280308,-0.026033928457295203,0.0026354057210628877
77,imports,low_density,random,0.05,16,120007,65,0.8685459773086619,0.8646801116879069,0.0038658656207549713,0.0038658656207549713,0.05027206746273134,0.010541051771979967,0.01567408567833543,0.014372223547723734,0.05879962488277587,0.047981024207037336,-0.015825511932446825,0.00432681470959196
77,imports,high_density,random,0.05,17,168174,65,0.8241766878275888,0.8190073625970722,0.005169325230516608,0.005169325230516608,0.009894514015246113,0.005952168587296491,0.0,0.010769230769230769,0.0,0.015185696141480368,0.004589132780472292,-0.0013635855819767433
77,imports,mid_density,random,0.05,17,191819,65,0.9498983588586885,0.9398328759397075,0.010065482918980906,0.010065482918980906,0.08248400836204964,0.026514578847767947,0.015326948842398302,0.08615520132807074,0.022140888346663053,0.06395326822742561,0.028757233453460585,-0.017432852335914812
77,imports,low_density,random,0.05,17,120007,65,0.8685459773086619,0.8547355466792355,0.01381043062942644,0.01381043062942644,0.0718541418417259,0.04383910938528586,0.006249635437932787,0.05977254394037516,0.023444826508283837,0.06645615407460514,0.04736265950635525,-0.01347061682325775
77,imports,high_density,random,0.05,18,168174,65,0.8241766878275888,0.8291750014888292,-0.004998313661240372,-0.004998313661240372,0.007426831733799517,0.0017957591542093307,0.0,0.003249058633674018,0.0,0.011398136224131786,0.008711527653234265,-0.000875723682488869
77,imports,mid_density,random,0.05,18,191819,65,0.9498983588586885,0.9455147668356964,0.0043835920229921,0.0043835920229921,0.05728838123439284,0.01901792835954728,0.0038160974668828428,0.06179594464113292,0.005512629343454882,0.04326640416073312,0.031409787448623605,0.0004890475484725139
77,imports,low_density,random,0.05,18,120007,65,0.8685459773086619,0.8665237667949871,0.0020222105136747937,0.0020222105136747937,0.0485804994708642,0.02548184689226462,0.0035997900122492856,0.03474328822841042,0.013504220068771491,0.04666808161969013,0.02925853557624097,-0.004123863367844697
77,imports,high_density,random,0.05,19,168174,65,0.8241766878275888,0.8057763657084249,0.01840032211916387,0.01840032211916387,0.0045785912209973,0.00026758000642192013,0.0015816951490717948,0.0004841312533620226,0.003536105498245241,0.009241886882394565,-0.0077083348518314975,0.001919230165565739
77,imports,mid_density,random,0.05,19,191819,65,0.9498983588586885,0.9468739271519848,0.003024431706703634,0.003024431706703634,0.04717468029757219,0.0063549491968991605,0.019335936481787518,0.02064946724713296,0.02793216152305213,0.0323914191236158,-0.009593310592647097,5.007772035849957e-05
77,imports,low_density,random,0.05,19,120007,65,0.8685459773086619,0.8650874238065558,0.00345855350210611,0.00345855350210611,0.03930604048097194,0.013307557059171549,0.008916146558117443,0.018144222138904983,0.03344795248515161,0.037605947390538436,0.003688996671870504,-0.0017201636494531569
77,imports,high_density,random,0.05,20,168174,65,0.8241766878275888,0.8306947595553522,-0.006518071727763419,-0.006518071727763419,0.013949837668129437,0.004299118769845517,0.0,0.007778375470683163,0.0,0.009310837919416934,0.007951937224464823,-0.003915302673972157
77,imports,mid_density,random,0.05,20,191819,65,0.9498983588586885,0.9478182405173385,0.0020801183413499125,0.0020801183413499125,0.02228663479634447,0.006490493642444179,0.00397770815195575,0.02108989887012349,0.0057460876899673155,0.027386395480628888,0.016181437928583512,-0.0035029776182098835
77,imports,low_density,random,0.05,20,120007,65,0.8685459773086619,0.8659595062525629,0.0025864710560989934,0.0025864710560989934,0.04122259534860467,0.01974051513661703,0.004683060154824302,0.026915255007555358,0.017567989996874023,0.037379945593947625,0.019855960811733582,-0.005935562000133537
77,imports,high_density,important,0.1,0,168174,129,0.8241766878275888,0.7036697347229377,0.1205069531046511,0.1205069531046511,0.11835955617396268,0.000606514681223019,0.11359663205965251,0.0010973641742872513,0.2539615016484101,0.08535681792859824,-0.0794008981669513,-0.04106469103492726
77,imports,mid_density,important,0.1,0,191819,129,0.9498983588586885,0.7776151785069136,0.1722831803517748,0.1722831803517748,0.313451743570762,0.05153295554663511,0.2062569401362743,0.16744871512543832,0.2979530974650942,0.27433939765888854,-0.14246944271885884,-0.11757225966440076
77,imports,low_density,important,0.1,0,120007,129,0.8685459773086619,0.7061549723427032,0.1623910049659587,0.1623910049659587,0.23170315064954544,0.10424391910471889,0.07568725157699134,0.142131633661679,0.2839324788996561,0.21100154474381122,0.029522145671897496,-0.047164741092077925
77,imports,high_density,random,0.1,1,168174,129,0.8241766878275888,0.7628855717536499,0.06129111607393889,0.06129111607393889,0.038418542699822804,0.009525848228620357,0.02807211578484189,0.017235072619688003,0.0627592257790067,0.04026911291645156,-0.034125047576613186,-0.00790042450475351
77,imports,mid_density,random,0.1,1,191819,129,0.9498983588586885,0.9215273451724605,0.028371013686227964,0.028371013686227964,0.1354975263138688,0.006219404751354141,0.10768484873761201,0.02020903562414243,0.155558567921317,0.1279455641866983,-0.11459909060202116,0.0002478390391986212
77,imports,low_density,random,0.1,1,120007,129,0.8685459773086619,0.8414473511562637,0.02709862615239822,0.02709862615239822,0.11820143824943545,0.006182972659928171,0.06287966535285441,0.008430189622459297,0.23588621444201313,0.11072520695900638,-0.09284833598941084,0.014063835363456985
77,imports,high_density,random,0.1,2,168174,129,0.8241766878275888,0.8009364406035477,0.023240247224041055,0.023240247224041055,0.03257935233746001,0.0,0.029427854484046286,0.0,0.0657901733489312,0.028769425709217148,-0.028486748209744176,-0.0039018394626151314
77,imports,mid_density,random,0.1,2,191819,129,0.9498983588586885,0.9262904314702496,0.023607927388438865,0.023607927388438865,0.10816446754492516,0.0057606389356633075,0.08321386306883051,0.018718343977097554,0.12020845571069239,0.10797526765826623,-0.09109959916737839,-0.006600071328141215
77,imports,low_density,random,0.1,2,120007,129,0.8685459773086619,0.8326207354803432,0.03592524182831869,0.03592524182831869,0.10717708133692201,0.01963218812235953,0.04958044114093345,0.026767556267539225,0.18599562363238512,0.09828752973136705,-0.04792446852700743,0.002484982767351837
77,imports,high_density,random,0.1,3,168174,129,0.8241766878275888,0.8243591815460447,-0.00018249371845591167,-0.00018249371845591167,0.06059795212101752,0.03577841996979319,0.0,0.06473372781065088,0.0,0.04087596025286655,0.040734342324432654,0.0055615468736454655
77,imports,mid_density,random,0.1,3,191819,129,0.9498983588586885,0.9397474909621303,0.010150867896558169,0.010150867896558169,0.13838045240565325,0.07030586125462024,0.00010426495811155308,0.22844849490962682,0.00015061828807253776,0.11959993902199248,0.11917978176174546,0.01608752784513845
77,imports,low_density,random,0.1,3,120007,129,0.8685459773086619,0.8550804601911586,0.013465517117503323,0.013465517117503323,0.14979126217637304,0.10889364787054089,0.000166656945011541,0.14847131804083302,0.0006251953735542357,0.14128821469413816,0.13926718991016582,-0.01932525353079326
77,imports,high_density,random,0.1,4,168174,129,0.8241766878275888,0.819561347834178,0.004615339993410794,0.004615339993410794,0.006493274822505262,0.003639088087338114,0.0010227502467682283,0.006584185045723508,0.0022865043071360206,0.008969117375434035,0.0028626139480925714,0.0013408082607523093
77,imports,mid_density,random,0.1,4,191819,129,0.9498983588586885,0.9263992463136693,0.02349911254501913,0.02349911254501913,0.11153743893983391,0.0531907683806088,0.01335634113408995,0.17283553266816865,0.01929420270209209,0.08250725627901866,0.061932015371653604,-0.006362785487444045
77,imports,low_density,random,0.1,4,120007,129,0.8685459773086619,0.8518979355571719,0.01664804175149004,0.01664804175149004,0.12216787354071013,0.08217853958519086,0.0034747973034906297,0.11204653646454663,0.013035323538605814,0.10995622249606711,0.09837764703270169,-0.016067752927145035
77,imports,high_density,random,0.1,5,168174,129,0.8241766878275888,0.7783990704155913,0.045777617411997484,0.045777617411997484,0.07091464792417378,0.0,0.06748367761960826,0.0,0.1508694033818994,0.05690021405717736,-0.056852644850493135,-0.008187031825118577
77,imports,mid_density,random,0.1,5,191819,129,0.9498983588586885,0.9298007370873191,0.02009762177136931,0.02009762177136931,0.12829803095626607,0.002142644889192416,0.10248724057575109,0.006962207578811851,0.148050246260901,0.12082503977069754,-0.10829960399500196,-0.01924153831900165
77,imports,low_density,random,0.1,5,120007,129,0.8685459773086619,0.8583904020246621,0.010155575283999796,0.010155575283999796,0.09061138100277484,0.007157915788245686,0.04484738390260568,0.009759478282604497,0.16824007502344482,0.08318892366596249,-0.059758983975809706,0.002828416543327575
77,imports,high_density,random,0.1,6,168174,129,0.8241766878275888,0.8219521896145561,0.0022244982130327218,0.0022244982130327218,0.04635674955700644,0.027435869991794214,0.0,0.049639591178052715,0.0,0.03121574800115365,0.023156070397416566,-0.0036611242494582717
77,imports,mid_density,random,0.1,6,191819,129,0.9498983588586885,0.9404692559392196,0.009429102919468857,0.009429102919468857,0.08215557374399825,0.024580463874798637,0.016338318936080367,0.079870580861552,0.02360188574096667,0.059704593850383014,0.020763828869525096,-0.005621713605301497
77,imports,low_density,random,0.1,6,120007,129,0.8685459773086619,0.8578425738416365,0.010703403467025363,0.010703403467025363,0.07034589648937145,0.03506462123042822,0.008974476488871482,0.04780894599906836,0.03366677086589559,0.06586060477999599,0.029734451744902076,-0.01100895861214575
77,imports,high_density,random,0.1,7,168174,129,0.8241766878275888,0.8096904392043628,0.014486248623226006,0.014486248623226006,0.01956901780298976,0.0005767835693983612,0.015150974585845613,0.001043571812802582,0.03387216845687546,0.021610278113789128,-0.0174489696932018,-0.0019552685466557645
77,imports,mid_density,random,0.1,7,191819,129,0.9498983588586885,0.9322672941089853,0.017631064749703107,0.017631064749703107,0.0664428445565872,0.00897721289340472,0.040892716571351115,0.029170125184218996,0.059072492582049316,0.06952813858794034,-0.037215430084213956,-0.006404903369570591
77,imports,low_density,random,0.1,7,120007,129,0.8685459773086619,0.8468720220055531,0.021673955303108783,0.021673955303108783,0.07778712908413676,0.023623621955385934,0.025665169531777315,0.03220968676505675,0.0962800875273523,0.07149427806768635,-0.008451259676135863,-0.007937116456346961
77,imports,high_density,random,0.1,8,168174,129,0.8241766878275888,0.8124292201102998,0.011747467717288962,0.011747467717288962,0.003555840974229072,0.0010346426914980913,0.0003448808971660304,0.0018719741796664874,0.0007710305221737743,0.01427321558788417,-0.0060151017165417115,0.005505570239851672
77,imports,mid_density,random,0.1,8,191819,129,0.9498983588586885,0.9258321315782239,0.02406622728046459,0.02406622728046459,0.09509485504564198,0.0248932587491333,0.032004128892341215,0.0808869615299917,0.04623228352386547,0.07524757315524606,0.0020660906320691306,-0.0088198892338585
77,imports,low_density,random,0.1,8,120007,129,0.8685459773086619,0.8588948184201378,0.00965115888852408,0.00965115888852408,0.06868765988650662,0.03406467956035898,0.009307790378894565,0.046445573014304055,0.034917161613004066,0.0652195129646036,0.031668006279858364,-0.010370572740672946
77,imports,high_density,random,0.1,9,168174,129,0.8241766878275888,0.8105233824291368,0.013653305398451998,0.013653305398451998,0.005506201909926623,0.0011416746940668594,0.002152532496105224,0.0020656266810112965,0.004812293948739764,0.011673123614135373,0.0037563179221401137,0.0023688013161315188
77,imports,mid_density,random,0.1,9,191819,129,0.9498983588586885,0.9250472200375834,0.024851138821105012,0.024851138821105012,0.10594883718505466,0.03401644258389419,0.02478378054311617,0.11053139769281588,0.03580196707484223,0.0876409762243308,0.0379080560485522,-0.01455407224731949
77,imports,low_density,random,0.1,9,120007,129,0.8685459773086619,0.8667713506835792,0.0017746266250826537,0.0017746266250826537,0.08380344479905338,0.04518903063987934,0.005208029531610656,0.06161309746980697,0.019537355423569866,0.0790563499111333,0.05194777472054667,-0.00567442368911108
77,imports,high_density,random,0.1,10,168174,129,0.8241766878275888,0.8207951868851213,0.0033815009424674747,0.0033815009424674747,0.025051434823456658,0.007718196629681163,0.004685623223566068,0.013964497041420118,0.01047538019780921,0.024435656533845093,0.013067233114898553,-0.008954267647663886
77,imports,mid_density,random,0.1,10,191819,129,0.9498983588586885,0.9237774825207219,0.02612087633796656,0.02612087633796656,0.08604465668155918,0.047492688419812426,0.004691923115019888,0.15432046482475903,0.0067778229632641995,0.07537071879341214,0.05765714748861766,-0.009925976845543947
77,imports,low_density,random,0.1,10,120007,129,0.8685459773086619,0.8485071422748645,0.020038835033797442,0.020038835033797442,0.09612772588265685,0.06508786987425734,0.004749722932828918,0.08874421986661668,0.017818068146295718,0.09089427207790311,0.07669456713125351,-0.020120232089028998
77,imports,high_density,random,0.1,11,168174,129,0.8241766878275888,0.8266848224706191,-0.0025081346430303464,-0.0025081346430303464,0.016839701737486175,0.005553771688846076,0.0,0.010048413125336202,0.0,0.019576022383346773,0.010577738051821705,-0.007666377669827794
77,imports,mid_density,random,0.1,11,191819,129,0.9498983588586885,0.9392911644699813,0.010607194388707164,0.010607194388707164,0.060948081264108354,0.022766253603657614,0.008539300069336198,0.07397557298460183,0.012335637793140843,0.05243552041065956,0.02800893999147877,-0.0046955940495067095
77,imports,low_density,random,0.1,11,120007,129,0.8685459773086619,0.8559778206903343,0.012568156618327553,0.012568156618327553,0.0706208804486405,0.039472697425983486,0.007491229678268768,0.053819148573571014,0.028102532041262895,0.06610325210376185,0.039140166744845724,-0.009636202051921377
77,imports,high_density,random,0.1,12,168174,129,0.8241766878275888,0.8316269060090179,-0.007450218181429102,-0.007450218181429102,0.015507747927741506,0.004661838334106342,0.0,0.008434642280796127,0.0,0.020922470224866957,0.007563037576341827,-0.010221118624533548
77,imports,mid_density,random,0.1,12,191819,129,0.9498983588586885,0.9432591472399533,0.006639211618735152,0.006639211618735152,0.06626038087989199,0.01682836423920467,0.01924209801948712,0.05468127996205512,0.027796605063786846,0.04437507860036658,0.0030499113163746936,-0.011521017262452905
77,imports,low_density,random,0.1,12,120007,129,0.8685459773086619,0.8535949811877932,0.014950996120868698,0.014950996120868698,0.05817993950352896,0.02559017390652212,0.009307790378894565,0.03489098696842655,0.034917161613004066,0.05627584845299699,0.012645119598450077,-0.008866499925995554
77,imports,high_density,random,0.1,13,168174,129,0.8241766878275888,0.8089896260775848,0.01518706175000395,0.01518706175000395,0.009983707350720088,0.00046975156682959316,0.00819984064124062,0.000849919311457773,0.018331915346166117,0.016912040423956658,-0.010883857669536354,-0.0011253446815462284
77,imports,mid_density,random,0.1,13,191819,129,0.9498983588586885,0.9420534557278368,0.007844903130851621,0.007844903130851621,0.08298969340889067,0.010713224445962078,0.04224816102680131,0.03481103789405925,0.0610305303269923,0.05870913557899296,-0.02345779597431956,-0.0013720287474733833
77,imports,low_density,random,0.1,13,120007,129,0.8685459773086619,0.8634434264121651,0.005102550896496805,0.005102550896496805,0.06239636021232095,0.011790978859566524,0.021190430558217437,0.01607643977867912,0.07949359174742107,0.056721542409083295,-0.01984628106988532,0.000229653095686128
77,imports,high_density,random,0.1,14,168174,129,0.8241766878275888,0.8160141120138544,0.008162575813734363,0.008162575813734363,0.009656665120648852,0.006909510388050472,0.0005589449023035665,0.012501344809037116,0.0012496011911092204,0.014433352438351775,0.00981121850465258,0.00258952361717771
77,imports,mid_density,random,0.1,14,191819,129,0.9498983588586885,0.9378207315223085,0.012077627336379959,0.012077627336379959,0.09249865758866431,0.025716951918214565,0.020508917260542492,0.08356343062354954,0.029626617263868178,0.0711731044857072,0.022018123052484587,-0.010869107618164607
77,imports,low_density,random,0.1,14,120007,129,0.8685459773086619,0.8652320888037264,0.003313888504935525,0.003313888504935525,0.08007032923079486,0.03534793803694784,0.010407726215970735,0.04819523501141825,0.03904345107846202,0.0735311415927231,0.02523601887536937,-0.00083739796563172
77,imports,high_density,random,0.1,15,168174,129,0.8241766878275888,0.8068797016471859,0.017296986180402874,0.017296986180402874,0.010269126024236802,0.009829105569231868,0.00021406400513753612,0.01778375470683163,0.00047857066893544615,0.011135507542488855,0.0015923578810291235,2.9968582428221444e-05
77,imports,mid_density,random,0.1,15,191819,129,0.9498983588586885,0.9312958613254889,0.018602497533199536,0.018602497533199536,0.05526042779912313,0.018329779636011033,0.020029298453229347,0.05955990717056561,0.028933773138734506,0.055443150221094493,-0.00019814048513407204,-0.007577705945920188
77,imports,low_density,random,0.1,15,120007,129,0.8685459773086619,0.8443782211031918,0.02416775620547007,0.02416775620547007,0.08282850167073587,0.045572341613405884,0.010291066354462657,0.062135723780633284,0.03860581431697405,0.07950662246038892,0.04196647395027858,-0.01594784250178207
77,imports,high_density,random,0.1,16,168174,129,0.8241766878275888,0.8207079070194769,0.00346878080811186,0.00346878080811186,0.028577544685861073,0.014205525229821495,0.002206048497389608,0.025701990317374933,0.004931936615973625,0.015964395523980268,0.011140936223592269,-0.0060492225530798015
77,imports,mid_density,random,0.1,16,191819,129,0.9498983588586885,0.9347989105615141,0.015099448297174356,0.015099448297174356,0.07569114634108196,0.029413144683269124,0.010186686407498736,0.09557366218894517,0.01471540674468694,0.05353841312346861,0.03054974933018847,-0.011706577279232121
77,imports,low_density,random,0.1,16,120007,129,0.8685459773086619,0.8516005637647448,0.0169454135439171,0.0169454135439171,0.06998758405759664,0.037522811169348455,0.009816094061179765,0.051160571253280614,0.036824007502344484,0.06758384200626111,0.032780598760505236,-0.01462899307901967
77,imports,high_density,random,0.1,17,168174,129,0.8241766878275888,0.8297249517267474,-0.005548263899158634,-0.005548263899158634,0.04839630382817796,0.029451639373506013,0.0,0.053286713286713284,0.0,0.031232421991851243,0.030688176382499217,0.002065529553648041
77,imports,mid_density,random,0.1,17,191819,129,0.9498983588586885,0.9389437134813879,0.01095464537730051,0.01095464537730051,0.0960019601812125,0.04197707213571127,0.0052966598720668966,0.1363982857046059,0.0076514090340849186,0.07564461669146262,0.06399312876275547,0.0035228689740188115
77,imports,low_density,random,0.1,17,120007,129,0.8685459773086619,0.8690474416471798,-0.0005014643385179429,-0.0005014643385179429,0.08369511778479588,0.04613064237919455,0.00398310098577583,0.06289694036379335,0.014942169427946234,0.07718614041305394,0.05458362747440606,-0.003701212682715122
77,imports,high_density,random,0.1,18,168174,129,0.8241766878275888,0.8281297084405953,-0.003953020613006508,-0.003953020613006508,0.0322939336639433,0.01353954832494916,0.0010227502467682283,0.024497041420118344,0.0022865043071360206,0.02134926257184992,0.01850149314346803,-0.009163257466926677
77,imports,mid_density,random,0.1,18,191819,129,0.9498983588586885,0.9383644895540311,0.011533869304657385,0.011533869304657385,0.10667347864392995,0.04524577857250846,0.008179585963851339,0.14701946368980062,0.011816004699290589,0.07919644648567037,0.05349759582069197,-0.011024325917531485
77,imports,low_density,random,0.1,18,120007,129,0.8685459773086619,0.8680282631609471,0.0005177141477148428,0.0005177141477148428,0.08187855708417009,0.0434974626480122,0.005374686476622197,0.05930672483724735,0.0201625507971241,0.0764381923757699,0.04890103541375385,-0.0056165898786287955
77,imports,high_density,random,0.1,19,168174,129,0.8241766878275888,0.8140413588203369,0.010135329007251892,0.010135329007251892,0.014972587914897665,0.0032169062994279736,0.0044656129960636,0.005820333512641205,0.009983515899181112,0.017407142244842376,0.004006149062267847,-0.0024822938907648607
77,imports,mid_density,random,0.1,19,191819,129,0.9498983588586885,0.9386886385031878,0.011209720355500608,0.011209720355500608,0.07573285232432658,0.024528331395742863,0.010796636412451321,0.07970118408347873,0.015596523729911285,0.06844774013680488,0.033480308064973624,-0.008497589063781242
77,imports,low_density,random,0.1,19,120007,129,0.8685459773086619,0.8592723404057793,0.009273636902882632,0.009273636902882632,0.08540335147116418,0.04569733432216454,0.009107802044880715,0.06230614540372883,0.03416692716473898,0.07940566697899927,0.04589379886517873,-0.009562064616874007
77,imports,high_density,random,0.1,20,168174,129,0.8241766878275888,0.8047555888593119,0.01942109896827693,0.01942109896827693,0.005012665453637304,0.0008027400192657605,0.0028244556233424905,0.0014523937600860678,0.006314474104009359,0.010797520267685103,-0.001820093351467499,0.0020858903745038225
77,imports,mid_density,random,0.1,20,191819,129,0.9498983588586885,0.9172800969785724,0.03261826188011607,0.03261826188011607,0.09167496441958305,0.041742475979960274,0.02024304161735803,0.13563600020327612,0.029242540629283206,0.08348090339388313,0.0324694653187616,-0.01963508373637366
77,imports,low_density,random,0.1,20,120007,129,0.8685459773086619,0.841670668831229,0.026875308477432913,0.026875308477432913,0.11586824101927387,0.07949536277050505,0.006474622313698368,0.1083881522887624,0.024288840262582056,0.10937292432822167,0.09147713629545488,-0.024846847117197732
123,header,high_density,important,0.01,0,120000,1,0.9928743819931638,0.9931229882084595,-0.00024860621529565474,-0.00024860621529565474,0.09516666666666666,0.05934166666666667,0.0,0.22734093158382018,0.0,0.1608460275591988,0.1608460275591988,0.01943906717182083
123,header,mid_density,important,0.01,0,240000,1,0.9351495953022771,0.9322183351688506,0.002931260133426594,0.002931260133426594,0.4634125,0.3790125,0.0,0.5684334849772534,0.0,0.4183981803698847,0.4183981803698847,-0.025394409584380464
123,header,low_density,important,0.01,0,120000,1,0.8842560403845539,0.8746338701507335,0.009622170233820393,0.009622170233820393,0.356875,0.245675,0.0,0.6059441349968142,0.0,0.3386755136360386,0.3386755136360386,0.08142711206671152
123,header,high_density,random,0.01,1,120000,1,0.9928743819931638,0.9921310273186523,0.0007433546745114761,0.0007433546745114761,0.113175,0.0,0.10441666666666667,0.0,0.14129932225943592,0.11782465289979588,-0.11782465289979588,-0.04292994240993038
123,header,mid_density,random,0.01,1,240000,1,0.9351495953022771,0.935149595302277,1.1102230246251565e-16,1.1102230246251565e-16,0.15561666666666665,0.0,0.11145833333333334,0.0,0.33447534260278083,0.1333133450258585,-0.1333133450258585,0.035481796646264635
123,header,low_density,random,0.01,1,120000,1,0.8842560403845539,0.8856256496142569,-0.0013696092297030837,-0.0013696092297030837,0.22305,0.0,0.163675,0.0,0.2752883793291939,0.1695304437104273,-0.1695304437104273,0.01193823113741711
123,header,high_density,random,0.01,2,120000,1,0.9928743819931638,0.992873342617746,1.0393754178439352e-06,1.0393754178439352e-06,0.0,0.0,0.0,0.0,0.0,9.180567063278273e-06,-9.180567063278273e-06,-9.180567063278273e-06
123,header,mid_density,random,0.01,2,240000,1,0.9351495953022771,0.9351606746990602,-1.1079396783020279e-05,-1.1079396783020279e-05,4.1666666666666665e-05,0.0,8.333333333333334e-06,0.0,2.5007502250675202e-05,6.819284682949955e-05,-6.819284682949955e-05,1.9272455885069076e-05
123,header,low_density,random,0.01,2,120000,1,0.8842560403845539,0.8844178471439071,-0.00016180675935328903,-0.00016180675935328903,0.0002666666666666667,0.0,9.166666666666667e-05,0.0,0.00015417606907087894,0.00022213064649063196,-0.00022213064649063196,-1.2938281677844146e-05
123,header,high_density,random,0.01,3,120000,1,0.9928743819931638,0.9919302863754582,0.000944095617705587,0.000944095617705587,0.17529166666666668,0.0,0.1664,0.0,0.2251767651138401,0.24668363236458538,-0.24668363236458538,-0.1076312250780331
123,header,mid_density,random,0.01,3,240000,1,0.9351495953022771,0.9349726769596893,0.00017691834258781736,0.00017691834258781736,0.22011666666666665,0.0,0.16695833333333332,0.0,0.5010253075922777,0.1996317667621823,-0.1996317667621823,0.0707949336845165
123,header,low_density,random,0.01,3,120000,1,0.8842560403845539,0.8870441335189297,-0.002788093134375891,-0.002788093134375891,0.3462166666666667,0.0,0.270625,0.0,0.45516980391607215,0.27316062347051046,-0.27316062347051046,0.043435694888209045
123,header,high_density,random,0.01,4,120000,1,0.9928743819931638,0.9928743690324727,1.2960691075925013e-08,1.2960691075925013e-08,0.0,0.0,0.0,0.0,0.0,8.017443343415837e-07,-8.017443343415837e-07,-8.017443343415837e-07
123,header,mid_density,random,0.01,4,240000,1,0.9351495953022771,0.9351035325314137,4.6062770863497526e-05,4.6062770863497526e-05,0.0,0.0,0.0,0.0,0.0,0.00023614804315077548,-0.00023614804315077548,-0.00023614804315077548
123,header,low_density,random,0.01,4,120000,1,0.8842560403845539,0.8834314162186861,0.0008246241658677045,0.0008246241658677045,0.0006666666666666666,0.0,0.0006083333333333333,0.0,0.0010231684583794694,0.0016742353257544415,-0.0016742353257544415,-0.0012491193580831468
123,header,high_density,random,0.01,5,120000,1,0.9928743819931638,0.9917703914101081,0.0011039905830556584,0.0011039905830556584,0.0020166666666666666,0.001275,0.0,0.004884589598697443,0.0,0.002107268509348745,0.002107268509348745,-0.0005812022647319295
123,header,mid_density,random,0.01,5,240000,1,0.9351495953022771,0.9305772685443838,0.004572326757893319,0.004572326757893319,0.009083333333333334,0.0077666666666666665,0.0,0.011648252762085688,0.0,0.005422058579952857,0.005422058579952857,-0.0006303252563967658
123,header,low_density,random,0.01,5,120000,1,0.8842560403845539,0.8834990348857745,0.0007570054987793284,0.0007570054987793284,0.0029916666666666668,0.0014166666666666668,0.0,0.003494131913756603,0.0,0.0025958995085219763,0.0025958995085219763,-2.514912934873666e-05
123,header,high_density,random,0.01,6,120000,1,0.9928743819931638,0.9922967992373523,0.0005775827558115454,0.0005775827558115454,0.094975,0.0,0.08621666666666666,0.0,0.11667061357510967,0.1395610606516617,-0.1395610606516617,-0.05990134061781438
123,header,mid_density,random,0.01,6,240000,1,0.9351495953022771,0.932152935941961,0.002996659360316123,0.002996659360316123,0.1549875,0.0,0.1116,0.0,0.3349004701410423,0.1356790236323871,-0.1356790236323871,0.038672096063807775
123,header,low_density,random,0.01,6,120000,1,0.8842560403845539,0.8800101013941771,0.00424593899037673,0.00424593899037673,0.23021666666666665,0.0,0.17149166666666665,0.0,0.28843539321905615,0.17490779453975042,-0.17490779453975042,0.017372172175800758
123,header,high_density,random,0.01,7,120000,1,0.9928743819931638,0.9928480278680031,2.635412516072133e-05,2.635412516072133e-05,0.0,0.0,0.0,0.0,0.0,0.0014934888859562646,-0.0014934888859562646,-0.0013571983415082921
123,header,mid_density,random,0.01,7,240000,1,0.9351495953022771,0.9348497889115773,0.0002998063906998194,0.0002998063906998194,0.0025958333333333332,0.0,0.0019833333333333335,0.0,0.005951785535660698,0.0020199875625495187,-0.0020199875625495187,-0.0006141177313986842
123,header,low_density,random,0.01,7,120000,1,0.8842560403845539,0.8855690010727335,-0.001312960688179654,-0.001312960688179654,0.01065,0.0,0.006933333333333333,0.0,0.011661317224270117,0.0066101170720691575,-0.0066101170720691575,-0.0006515096437793817
123,header,high_density,random,0.01,8,120000,1,0.9928743819931638,0.9928807168909307,-6.334897766913095e-06,-6.334897766913095e-06,0.00016666666666666666,0.0,0.0,0.0,0.0,0.005139508153733592,0.005139508153733592,0.001544292429264149
123,header,mid_density,random,0.01,8,240000,1,0.9351495953022771,0.9351017946925346,4.780060974252098e-05,4.780060974252098e-05,0.010425,0.0045125,0.0,0.006767734839774034,0.0,0.008808914216964055,0.008808914216964055,-0.0015970734612057102
123,header,low_density,random,0.01,8,120000,1,0.8842560403845539,0.8843433274957813,-8.728711122740762e-05,-8.728711122740762e-05,0.013083333333333334,0.004875,0.0,0.012023924526750662,0.0,0.00980883786614407,0.00980883786614407,0.0013929168376266329
123,header,high_density,random,0.01,9,120000,1,0.9928743819931638,0.9930554061250881,-0.00018102413192433442,-0.00018102413192433442,0.0,0.0,0.0,0.0,0.0,0.0033648409375459194,-0.0033648409375459194,0.0033026337200914076
123,header,mid_density,random,0.01,9,240000,1,0.9351495953022771,0.9361117817829226,-0.0009621864806454994,-0.0009621864806454994,0.0038875,0.0,0.0008708333333333334,0.0,0.0026132839851955585,0.00584500432669071,-0.00584500432669071,0.004117901962359603
123,header,low_density,random,0.01,9,120000,1,0.8842560403845539,0.8840883409277622,0.00016769945679162568,0.00016769945679162568,0.0033,0.0,0.0009833333333333332,0.0,0.001653888740942156,0.0053602796100935,-0.0053602796100935,0.0028881512595616983
123,header,high_density,random,0.01,10,120000,1,0.9928743819931638,0.9929852387438729,-0.0001108567507090985,-0.0001108567507090985,0.04298333333333333,0.016,0.0,0.06129681065032085,0.0,0.03721271931591702,0.03721271931591702,0.015166105239149165
123,header,mid_density,random,0.01,10,240000,1,0.9351495953022771,0.9349787229449844,0.00017087235729273953,0.00017087235729273953,0.07434583333333333,0.038420833333333335,0.0,0.05762260660900865,0.0,0.0682206459216371,0.0682206459216371,-0.0075497816323199865
123,header,low_density,random,0.01,10,120000,1,0.8842560403845539,0.8845415710316995,-0.0002855306471456487,-0.0002855306471456487,0.08426666666666667,0.03238333333333333,0.0,0.079871744805048,0.0,0.07370071644517778,0.07370071644517778,0.015685829164275866
123,header,high_density,random,0.01,11,120000,1,0.9928743819931638,0.9928743819931638,0.0,0.0,0.0,0.0,0.0,0.0,0.0,0.0,0.0,0.0
123,header,mid_density,random,0.01,11,240000,1,0.9351495953022771,0.934910937852295,0.00023865744998219363,0.00023865744998219363,0.00036666666666666667,0.0003541666666666667,0.0,0.0005311703244513323,0.0,0.00039791934063507754,0.00039791934063507754,-0.0002883666207359463
123,header,low_density,random,0.01,11,120000,1,0.8842560403845539,0.8838411048917341,0.00041493549281979014,0.00041493549281979014,0.00046666666666666666,0.0004166666666666667,0.0,0.0010276858569872361,0.0,0.0003790725430289062,0.0003790725430289062,-0.0001187102905320394
123,header,high_density,random,0.01,12,120000,1,0.9928743819931638,0.9927765658577601,9.781613540371659e-05,9.781613540371659e-05,0.09716666666666667,0.06134166666666667,0.0,0.2350030329151103,0.0,0.16256167539843297,0.16256167539843297,0.01885648571213538
123,header,mid_density,random,0.01,12,240000,1,0.9351495953022771,0.9350285850359169,0.00012101026636024415,0.00012101026636024415,0.45400416666666665,0.36949166666666666,0.0,0.5541543768434735,0.0,0.4071487747256557,0.4071487747256557,-0.016435875938065014
123,header,low_density,random,0.01,12,120000,1,0.8842560403845539,0.8828887424289421,0.001367297955611746,0.001367297955611746,0.34069166666666667,0.22980833333333334,0.0,0.5668098575627403,0.0,0.32362285603112173,0.32362285603112173,0.08707424192994703
123,header,high_density,random,0.01,13,120000,1,0.9928743819931638,0.9928743819931639,-1.1102230246251565e-16,-1.1102230246251565e-16,0.0,0.0,0.0,0.0,0.0,9.283765781806096e-07,9.283765781806096e-07,9.283212330948245e-07
123,header,mid_density,random,0.01,13,240000,1,0.9351495953022771,0.9351513461118522,-1.7508095750962127e-06,-1.7508095750962127e-06,1.6666666666666667e-05,1.6666666666666667e-05,0.0,2.4996250562415636e-05,0.0,3.918548009156565e-05,3.918548009156565e-05,1.845898972439605e-05
123,header,low_density,random,0.01,13,120000,1,0.8842560403845539,0.8844878580358563,-0.00023181765130242393,-0.00023181765130242393,0.00035,0.0001,0.0,0.0002466446056769367,0.0,0.0005255390767652448,0.0005255390767652448,0.0002516602990112115
123,header,high_density,random,0.01,14,120000,1,0.9928743819931638,0.9926251407040072,0.0002492412891565987,0.0002492412891565987,0.039983333333333336,0.0225,0.0,0.0861986399770137,0.0,0.03825944111437553,0.03825944111437553,0.009650730619280882
123,header,mid_density,random,0.01,14,240000,1,0.9351495953022771,0.921768281409284,0.01338131389299313,0.01338131389299313,0.1199875,0.07529583333333334,0.0,0.11292681097835325,0.0,0.10057760910957815,0.10057760910957815,-0.016272875958805666
123,header,low_density,random,0.01,14,120000,1,0.8842560403845539,0.8784074266901963,0.005848613694357518,0.005848613694357518,0.10785833333333333,0.0488,0.0,0.1203625675703451,0.0,0.09995101213215973,0.09995101213215973,0.021385421050439984
123,header,high_density,random,0.01,15,120000,1,0.9928743819931638,0.9907008993064577,0.0021734826867061408,0.0021734826867061408,0.008908333333333334,0.0008333333333333334,0.0,0.003192542221370878,0.0,0.010637810500463495,0.010637810500463495,0.006621148990815949
123,header,mid_density,random,0.01,15,240000,1,0.9351495953022771,0.933495567436166,0.0016540278661111296,0.0016540278661111296,0.027316666666666666,0.012870833333333333,0.0,0.019303354496825475,0.0,0.019741766769848828,0.019741766769848828,0.005968112490862984
123,header,low_density,random,0.01,15,120000,1,0.8842560403845539,0.8813151242976975,0.0029409160868563156,0.0029409160868563156,0.0099,0.00505,0.0,0.012455552586685303,0.0,0.009791953269881032,0.009791953269881032,0.004641541439974195
123,header,high_density,random,0.01,16,120000,1,0.9928743819931638,0.9928743819931638,0.0,0.0,0.0,0.0,0.0,0.0,0.0,1.8388532626191593e-07,-1.8388532626191593e-07,-1.8388532626191593e-07
123,header,mid_density,random,0.01,16,240000,1,0.9351495953022771,0.935145977493818,3.6178084591442783e-06,3.6178084591442783e-06,0.0,0.0,0.0,0.0,0.0,2.5783420819652163e-05,-2.5783420819652163e-05,-2.5783420819652163e-05
123,header,low_density,random,0.01,16,120000,1,0.8842560403845539,0.8842015268115324,5.4513573021441886e-05,5.4513573021441886e-05,0.0004583333333333333,0.0,0.00031666666666666665,0.0,0.0005326082386084909,0.0005698883259414806,-0.0005698883259414806,-0.00017474384526418676
123,header,high_density,random,0.01,17,120000,1,0.9928743819931638,0.9924662102300822,0.00040817176308161063,0.00040817176308161063,0.008108333333333334,0.003725,0.0,0.014270663729527823,0.0,0.007563721053352978,0.007563721053352978,0.0035038406266629904
123,header,mid_density,random,0.01,17,240000,1,0.9351495953022771,0.9356546660856228,-0.000505070783345607,-0.000505070783345607,0.005091666666666667,0.00245,0.0,0.003674448832675099,0.0,0.007785115802469489,0.007785115802469489,0.001510086916272168
123,header,low_density,random,0.01,17,120000,1,0.8842560403845539,0.883013464517498,0.001242575867055895,0.001242575867055895,0.009241666666666667,0.004875,0.0,0.012023924526750662,0.0,0.009281115385055485,0.009281115385055485,0.00265195287935774
123,header,high_density,random,0.01,18,120000,1,0.9928743819931638,0.9931229882084595,-0.00024860621529565474,-0.00024860621529565474,0.09516666666666666,0.05934166666666667,0.0,0.22734093158382018,0.0,0.1608460275591988,0.1608460275591988,0.01943906717182083
123,header,mid_density,random,0.01,18,240000,1,0.9351495953022771,0.9322183351688506,0.002931260133426594,0.002931260133426594,0.4634125,0.3790125,0.0,0.5684334849772534,0.0,0.4183981803698847,0.4183981803698847,-0.025394409584380464
123,header,low_density,random,0.01,18,120000,1,0.8842560403845539,0.8746338701507335,0.009622170233820393,0.009622170233820393,0.356875,0.245675,0.0,0.6059441349968142,0.0,0.3386755136360386,0.3386755136360386,0.08142711206671152
123,header,high_density,random,0.01,19,120000,1,0.9928743819931638,0.9917703914101081,0.0011039905830556584,0.0011039905830556584,0.0020166666666666666,0.001275,0.0,0.004884589598697443,0.0,0.002107268509348745,0.002107268509348745,-0.0005812022647319295
123,header,mid_density,random,0.01,19,240000,1,0.9351495953022771,0.9305772685443838,0.004572326757893319,0.004572326757893319,0.009083333333333334,0.0077666666666666665,0.0,0.011648252762085688,0.0,0.005422058579952857,0.005422058579952857,-0.0006303252563967658
123,header,low_density,random,0.01,19,120000,1,0.8842560403845539,0.8834990348857745,0.0007570054987793284,0.0007570054987793284,0.0029916666666666668,0.0014166666666666668,0.0,0.003494131913756603,0.0,0.0025958995085219763,0.0025958995085219763,-2.514912934873666e-05
123,header,high_density,random,0.01,20,120000,1,0.9928743819931638,0.994576765881617,-0.0017023838884532294,-0.0017023838884532294,0.009108333333333333,0.0,0.005158333333333333,0.0,0.0069803895034789174,0.018260993695403533,-0.018260993695403533,-0.007412387710439432
123,header,mid_density,random,0.01,20,240000,1,0.9351495953022771,0.9331327912846684,0.002016804017608731,0.002016804017608731,0.024670833333333333,0.0,0.012575,0.0,0.03773632089626888,0.02060870304122094,-0.02060870304122094,-0.008224704550580077
123,header,low_density,random,0.01,20,120000,1,0.8842560403845539,0.8855005426494469,-0.0012445022648930326,-0.0012445022648930326,0.043666666666666666,0.0,0.029491666666666666,0.0,0.04960264622198551,0.026617918589059937,-0.026617918589059937,-0.01349130185530358
123,header,high_density,important,0.05,0,120000,4,0.9928743819931638,0.9276011011836574,0.06527328080950645,0.06527328080950645,0.684175,0.0,0.67515,0.0,0.9136303663858724,0.6018766813004878,-0.6017667354485315,0.025002993743994607
123,header,mid_density,important,0.05,0,240000,4,0.9351495953022771,0.6560332791227409,0.27911631617953625,0.27911631617953625,0.2785416666666667,0.0,0.2246125,0.0,0.674039711913574,0.2841068656503895,-0.283778026375616,0.12510855391336434
123,header,low_density,important,0.05,0,120000,4,0.8842560403845539,0.6550577543103028,0.22919828607425108,0.22919828607425108,0.508675,0.0006666666666666666,0.4276583333333333,0.0016442973711795778,0.7192874262407669,0.46233185659216164,-0.45995319529812684,0.1330099884513738
123,header,high_density,random,0.05,1,120000,4,0.9928743819931638,0.9905852110981428,0.002289170895021009,0.002289170895021009,0.14236666666666667,0.0,0.13356666666666667,0.0,0.18074585292691453,0.2082944551490406,-0.2082944551490406,-0.08007000369759175
123,header,mid_density,random,0.05,1,240000,4,0.9351495953022771,0.934990739279225,0.00015885602305210078,0.00015885602305210078,0.209725,0.0,0.15714583333333335,0.0,0.4715789736921076,0.18850359351669524,-0.18850185564930672,0.06628293939775633
123,header,low_density,random,0.05,1,120000,4,0.8842560403845539,0.886069587088458,-0.0018135467039041009,-0.0018135467039041009,0.327325,0.0,0.25365,0.0,0.4266191991254012,0.25836523988537513,-0.2582708430790569,0.03976869539091233
123,header,high_density,random,0.05,2,120000,4,0.9928743819931638,0.9926107244553553,0.00026365753780854817,0.00026365753780854817,0.04788333333333333,0.0,0.046808333333333334,0.0,0.06334224206953325,0.03731038974056351,-0.03731038974056351,-0.015756065907862275
123,header,mid_density,random,0.05,2,240000,4,0.9351495953022771,0.9351536481760155,-4.0528737383915825e-06,-4.0528737383915825e-06,0.053283333333333335,0.0,0.03238333333333333,0.0,0.09717915374612383,0.052035206129735556,-0.05203445487488891,0.008189491138386538
123,header,low_density,random,0.05,2,120000,4,0.8842560403845539,0.8827733210363911,0.0014827193481627976,0.0014827193481627976,0.0983,3.3333333333333335e-05,0.07075833333333334,8.221486855897889e-05,0.11900990931643937,0.0661638472432162,-0.06607455502528252,-0.005250523528834077
123,header,high_density,random,0.05,3,120000,4,0.9928743819931638,0.9900998947818339,0.00277448721132989,0.00277448721132989,0.1139,0.0,0.105275,0.0,0.1424608410298048,0.14164912850270864,-0.14164912850270864,-0.061751730142638114
123,header,mid_density,random,0.05,3,240000,4,0.9351495953022771,0.9348610966629363,0.00028849863934088393,0.00028849863934088393,0.15914583333333332,0.0,0.11485833333333334,0.0,0.34467840352105633,0.13980075601494296,-0.13980075601494296,0.03972697258243433
123,header,low_density,random,0.05,3,120000,4,0.8842560403845539,0.8850988076055146,-0.0008427672209607717,-0.0008427672209607717,0.23288333333333333,0.0,0.17193333333333333,0.0,0.28917824155185223,0.18308576607658894,-0.1830618884117156,0.01899784849834888
123,header,high_density,random,0.05,4,120000,4,0.9928743819931638,0.9826426548134322,0.010231727179731642,0.010231727179731642,0.68285,0.0,0.673825,0.0,0.9118373422646233,0.5902877689588353,-0.5902877689588353,0.013999023286331262
123,header,mid_density,random,0.05,4,240000,4,0.9351495953022771,0.9218539867689447,0.013295608533332448,0.013295608533332448,0.2759333333333333,0.0,0.222025,0.0,0.6662748824647394,0.2806494078686542,-0.2806494078686542,0.1227468243001574
123,header,low_density,random,0.05,4,120000,4,0.8842560403845539,0.881724584810571,0.0025314555739828215,0.0025314555739828215,0.467775,0.0,0.38688333333333336,0.0,0.6507071075167842,0.42546601097706205,-0.425465989523471,0.1225115987067825
123,header,high_density,random,0.05,5,120000,4,0.9928743819931638,0.992756901609293,0.00011748038387082715,0.00011748038387082715,0.2824583333333333,0.24663333333333334,0.0,0.944864795836925,0.0,0.3060607700744726,0.3060607700744726,0.08478034947659804
123,header,mid_density,random,0.05,5,240000,4,0.9351495953022771,0.9314362224261189,0.0037133728761582496,0.0037133728761582496,0.6666208333333333,0.5814708333333334,0.0,0.8720754386841973,0.0,0.6508066994488636,0.6508066994488636,0.138549005305354
123,header,low_density,random,0.05,5,120000,4,0.8842560403845539,0.8744082625181215,0.009847777866432317,0.009847777866432317,0.4236,0.30711666666666665,0.0,0.7574866914681521,0.0,0.44852322260271105,0.44852322260271105,0.16387585525094536
123,header,high_density,random,0.05,6,120000,4,0.9928743819931638,0.990744565314661,0.0021298166785027606,0.0021298166785027606,0.027033333333333333,0.0,0.022216666666666666,0.0,0.03006416545440193,0.027175401220489285,-0.027175401220489285,-0.004842593487572036
123,header,mid_density,random,0.05,6,240000,4,0.9351495953022771,0.9256280702387989,0.009521525063478253,0.009521525063478253,0.04173333333333333,0.0,0.028433333333333335,0.0,0.0853255976793038,0.0358131516001126,-0.03581272084444192,0.005979421240912423
123,header,low_density,random,0.05,6,120000,4,0.8842560403845539,0.8832501562117216,0.0010058841728322054,0.0010058841728322054,0.04574166666666667,0.0,0.02981666666666667,0.0,0.05014927046687317,0.03661825708397146,-0.036607504731048415,-0.00023482480944206593
123,header,high_density,random,0.05,7,120000,4,0.9928743819931638,0.9878414407245868,0.005032941268577007,0.005032941268577007,0.06030833333333333,0.005675,0.04289166666666667,0.021741212527535678,0.05804210787464619,0.06517932664845905,0.04574294214922622,-0.05154629119198926
123,header,mid_density,random,0.05,7,240000,4,0.9351495953022771,0.7808434918961167,0.15430610340616047,0.15430610340616047,0.27185,0.22705416666666667,0.013579166666666666,0.34053017047442885,0.04074972491747524,0.23310073728718725,0.21127826466493874,-0.11502388901442413
123,header,low_density,random,0.05,7,120000,4,0.8842560403845539,0.7639566334273811,0.12029940695717278,0.12029940695717278,0.204825,0.14569166666666666,0.015958333333333335,0.359340636754157,0.026840652024612107,0.15257956780108647,0.12370559472396059,-0.040861946614572785
123,header,high_density,random,0.05,8,120000,4,0.9928743819931638,0.9916103445166575,0.0012640374765062745,0.0012640374765062745,0.09716666666666667,0.06134166666666667,0.0,0.2350030329151103,0.0,0.16387256214468476,0.16387256214468476,0.0201673703847478
123,header,mid_density,random,0.05,8,240000,4,0.9351495953022771,0.9304354791445932,0.004714116157683912,0.004714116157683912,0.45435416666666667,0.3698416666666667,0.0,0.5546792981052842,0.0,0.4086165827285103,0.4086165827285103,-0.01505883655558329
123,header,low_density,random,0.05,8,120000,4,0.8842560403845539,0.8824468655983378,0.0018091747862160057,0.0018091747862160057,0.3438333333333333,0.23278333333333334,0.0,0.574147534581629,0.0,0.3258358152048421,0.32583340657797827,0.08801783825813449
123,header,high_density,random,0.05,9,120000,4,0.9928743819931638,0.9932473986018275,-0.0003730166086637343,-0.0003730166086637343,0.28660833333333335,0.25078333333333336,0.0,0.9607636560993519,0.0,0.2961153449360431,0.2961153449360431,0.07070832008065646
123,header,mid_density,random,0.05,9,240000,4,0.9351495953022771,0.9301933593000962,0.00495623600218098,0.00495623600218098,0.6960416666666667,0.6108916666666667,0.0,0.9162000699895015,0.0,0.6582641664410648,0.6582641664410648,0.12009646089404274
123,header,low_density,random,0.05,9,120000,4,0.8842560403845539,0.8623179155807532,0.02193812480380064,0.02193812480380064,0.432025,0.3157,0.0,0.778657020122089,0.0,0.4481895805898323,0.4481895805898323,0.15405721941446546
123,header,high_density,random,0.05,10,120000,4,0.9928743819931638,0.9929205911769654,-4.6209183801604325e-05,-4.6209183801604325e-05,0.09655,0.060725,0.0,0.23264055167129585,0.0,0.16153722593195638,0.16153722593195638,0.018186066718007057
123,header,mid_density,random,0.05,10,240000,4,0.9351495953022771,0.9319428941528031,0.0032067011494740782,0.0032067011494740782,0.4676375,0.38327916666666667,0.0,0.5748325251212318,0.0,0.4185747697544093,0.4185747697544093,-0.02774070451348576
123,header,low_density,random,0.05,10,120000,4,0.8842560403845539,0.8748951875874345,0.009360852797119401,0.009360852797119401,0.35299166666666665,0.242475,0.0,0.5980515076151522,0.0,0.3331558235748432,0.3331496548475939,0.07778305857176354
123,header,high_density,random,0.05,11,120000,4,0.9928743819931638,0.9887197251933445,0.004154656799819301,0.004154656799819301,0.6010916666666667,0.0,0.5920666666666666,0.0,0.8011998601666723,0.45903445480383814,-0.45898506617793866,-0.11273419598204033
123,header,mid_density,random,0.05,11,240000,4,0.9351495953022771,0.9250959582886863,0.010053637013590855,0.010053637013590855,0.2658083333333333,0.0,0.21187916666666667,0.0,0.6358282484745423,0.2622098015682553,-0.26178119712754716,0.1097318111513071
123,header,low_density,random,0.05,11,120000,4,0.8842560403845539,0.8743415347416137,0.009914505642940163,0.009914505642940163,0.46100833333333335,0.00015,0.38003333333333333,0.000369966908515405,0.6391859503553058,0.3922746150393918,-0.39081676568602247,0.0928949983918062
123,header,high_density,random,0.05,12,120000,4,0.9928743819931638,0.9897421750287747,0.003132206964389095,0.003132206964389095,0.08445,0.048625,0.0,0.18628483861699072,0.0,0.09668512969481605,0.09616417644219538,0.0636032225182166
123,header,mid_density,random,0.05,12,240000,4,0.9351495953022771,0.9300722799608717,0.005077315341405431,0.005077315341405431,0.34950416666666667,0.26734166666666664,0.0,0.400952357146428,0.0,0.28813440324529177,0.28730096789058995,0.010292003876356141
123,header,low_density,random,0.05,12,120000,4,0.8842560403845539,0.8821141308581066,0.0021419095264472165,0.0021419095264472165,0.26919166666666666,0.16329166666666667,7.5e-05,0.40275008735329787,0.00012614405651253732,0.2643795259159293,0.26248473281584733,0.07149511209150641
123,header,high_density,random,0.05,13,120000,4,0.9928743819931638,0.9927286181412627,0.00014576385190112617,0.00014576385190112617,0.0975,0.061675,0.0,0.23628004980365866,0.0,0.16265636731905847,0.16265636731905847,0.018944488884530025
123,header,mid_density,random,0.05,13,240000,4,0.9351495953022771,0.9349668191276259,0.00018277617465123353,0.00018277617465123353,0.456525,0.3720125,0.0,0.5579350597410389,0.0,0.40802181098964735,0.40802181098964735,-0.016360150766936688
123,header,low_density,random,0.05,13,120000,4,0.8842560403845539,0.8826024054429977,0.0016536349415561258,0.0016536349415561258,0.34141666666666665,0.230575,0.0,0.5687007995395967,0.0,0.3243798903749967,0.32430288319931294,0.08722462632236858
123,header,high_density,random,0.05,14,120000,4,0.9928743819931638,0.9913565770661729,0.00151780492699094,0.00151780492699094,0.07636666666666667,0.04476666666666667,0.0,0.17150336813204356,0.0,0.06238558817112874,0.06218101892477818,0.021528754097310483
123,header,mid_density,random,0.05,14,240000,4,0.9351495953022771,0.9213989792004589,0.01375061610181827,0.01375061610181827,0.15797916666666667,0.09594166666666666,0.0025458333333333335,0.1438909163625456,0.007639791937581275,0.1421804045441439,0.14064985854938047,-0.015592196485950057
123,header,low_density,random,0.05,14,120000,4,0.8842560403845539,0.8777458811614232,0.006510159223130696,0.006510159223130696,0.13745833333333332,0.06676666666666667,0.000525,0.16467638172363472,0.0008830083955877612,0.13860813183148302,0.13539471894377184,0.03094664390136272
123,header,high_density,random,0.05,15,120000,4,0.9928743819931638,0.9913713715149899,0.0015030104781739162,0.0015030104781739162,0.41144166666666665,0.0,0.4025166666666667,0.0,0.5446959188966699,0.37196038222196304,-0.37196038222196304,-0.15760739934905094
123,header,mid_density,random,0.05,15,240000,4,0.9351495953022771,0.915776550348747,0.019373044953530094,0.019373044953530094,0.24713333333333334,0.0,0.19349583333333334,0.0,0.5806616985095528,0.2338218333492358,-0.2338158041464473,0.08793188168088023
123,header,low_density,random,0.05,15,120000,4,0.8842560403845539,0.8531438744000985,0.03111216598445532,0.03111216598445532,0.4156166666666667,0.0,0.336425,0.0,0.5658401894964049,0.35084460123849853,-0.35073234315350527,0.0751722571412884
123,header,high_density,random,0.05,16,120000,4,0.9928743819931638,0.9799751273250278,0.012899254668136018,0.012899254668136018,0.6600416666666666,0.0,0.6510166666666667,0.0,0.8809725182403555,0.4883703059313999,-0.4883703059313999,-0.08181051664238015
123,header,mid_density,random,0.05,16,240000,4,0.9351495953022771,0.931313466390002,0.0038361289122751385,0.0038361289122751385,0.2695458333333333,0.0,0.21561666666666668,0.0,0.6470441132339702,0.2663954935885308,-0.2663954935885308,0.11348501174305976
123,header,low_density,random,0.05,16,120000,4,0.8842560403845539,0.8838955435636879,0.0003604968208659187,0.0003604968208659187,0.450125,0.0,0.3690083333333333,0.0,0.6206427740479628,0.3947376302991055,-0.3947376302991055,0.10633359996591261
123,header,high_density,random,0.05,17,120000,4,0.9928743819931638,0.9906887583791223,0.0021856236140415097,0.0021856236140415097,0.03689166666666667,0.0,0.031466666666666664,0.0,0.04258150365934797,0.1165218848889357,-0.1137872827336914,-0.08669234846903916
123,header,mid_density,random,0.05,17,240000,4,0.9351495953022771,0.9192062351120475,0.015943360190229683,0.015943360190229683,0.09107916666666667,0.0007791666666666666,0.06364583333333333,0.0011685747137929311,0.19099479843953185,0.07215624858203377,-0.06731081994802657,-0.011061488137157916
123,header,low_density,random,0.05,17,120000,4,0.8842560403845539,0.87884578806801,0.0054102523165439065,0.0054102523165439065,0.10436666666666666,0.0014333333333333333,0.06924166666666667,0.0035352393480360925,0.11645899617363029,0.08608596330036675,-0.08073159957535632,-0.021602028390310304
123,header,high_density,random,0.05,18,120000,4,0.9928743819931638,0.9935597638566557,-0.000685381863491874,-0.000685381863491874,0.28660833333333335,0.25078333333333336,0.0,0.9607636560993519,0.0,0.3102012752420867,0.3102012752420867,0.08479425038670009
123,header,mid_density,random,0.05,18,240000,4,0.9351495953022771,0.9167718861001498,0.018377709202127335,0.018377709202127335,0.6979708333333333,0.6128166666666667,0.0,0.9190871369294605,0.0,0.6802606544094437,0.6802606544094437,0.14129946867457863
123,header,low_density,random,0.05,18,120000,4,0.8842560403845539,0.864368648037845,0.019887392346708888,0.019887392346708888,0.43924166666666664,0.322675,0.0,0.7958604813680554,0.0,0.4639864077952622,0.4639864077952622,0.16662387950816002
123,header,high_density,random,0.05,19,120000,4,0.9928743819931638,0.9908461605715617,0.0020282214216020833,0.0020282214216020833,0.18125,0.0,0.172325,0.0,0.233194627693765,0.29363273257175276,-0.29363273257175276,-0.13132733453243445
123,header,mid_density,random,0.05,19,240000,4,0.9351495953022771,0.9349968726213775,0.0001527226808996085,0.0001527226808996085,0.23759583333333334,0.0,0.183725,0.0,0.5513404021206362,0.21766656754765693,-0.21766656754765693,0.07850150063472243
123,header,low_density,random,0.05,19,120000,4,0.8842560403845539,0.8843018075294691,-4.5767144915220825e-05,-4.5767144915220825e-05,0.38180833333333336,0.0,0.3036083333333333,0.0,0.5106451567690302,0.30465105043507557,-0.30465105043507557,0.05364018885322751
123,header,high_density,random,0.05,20,120000,4,0.9928743819931638,0.9924657371648591,0.00040864482830471616,0.00040864482830471616,0.00075,0.00034166666666666666,0.0,0.0013089423107620598,0.0,0.007119058612775973,0.0028605902936359603,0.0018946305805003462
123,header,mid_density,random,0.05,20,240000,4,0.9351495953022771,0.9356545325499614,-0.0005049372476843006,-0.0005049372476843006,0.010983333333333333,0.00165,0.004883333333333333,0.002474628805679148,0.014654396318895669,0.010151512090654425,-2.9173683351602206e-05,0.00289568004347724
123,header,low_density,random,0.05,20,120000,4,0.8842560403845539,0.8831044439632678,0.0011515964212860386,0.0011515964212860386,0.016775,0.0031,0.008108333333333334,0.007645982775985037,0.013637574109633201,0.011775908927202393,0.0003841137998645693,0.001430123397294159
123,header,high_density,important,0.1,0,120000,8,0.9928743819931638,0.9867692047346366,0.006105177258527217,0.006105177258527217,0.6911583333333333,0.0,0.6821333333333334,0.0,0.9230803928865433,0.6700109984912719,-0.6700105426703665,0.08089267926803718
123,header,mid_density,important,0.1,0,240000,8,0.9351495953022771,0.7814055116931269,0.15374408360915026,0.15374408360915026,0.29106666666666664,0.0,0.2371375,0.0,0.7116259877963389,0.3102479479921614,-0.3102360714029609,0.1368942145075212
123,header,low_density,important,0.1,0,120000,8,0.8842560403845539,0.7020661499199582,0.18218989046459566,0.18218989046459566,0.554625,0.00010833333333333333,0.472225,0.0002671983228166814,0.7942450278217724,0.5281635111572384,-0.5275153901829469,0.16257319930648423
123,header,high_density,random,0.1,1,120000,8,0.9928743819931638,0.9796610957213525,0.013213286271811286,0.013213286271811286,0.2824583333333333,0.24663333333333334,0.0,0.944864795836925,0.0,0.3061118865207916,0.3061118865207916,0.08481248133119224
123,header,mid_density,random,0.1,1,240000,8,0.9351495953022771,0.9283996119541507,0.006749983348126487,0.006749983348126487,0.668075,0.582925,0.0,0.8742563615457681,0.0,0.6524092999938454,0.6524092999938454,0.1377189068087435
123,header,low_density,random,0.1,1,120000,8,0.8842560403845539,0.8710156277444444,0.013240412640109445,0.013240412640109445,0.42545,0.30894166666666667,0.0,0.7619879555217561,0.0,0.45009162452778223,0.45009162452778223,0.16406772581356402
123,header,high_density,random,0.1,2,120000,8,0.9928743819931638,0.9868259489801512,0.006048433013012611,0.006048433013012611,0.4443416666666667,0.0,0.43540833333333334,0.0,0.5892057692524555,0.3912683803490688,-0.3912683803490688,-0.1327489763622845
123,header,mid_density,random,0.1,2,240000,8,0.9351495953022771,0.9278648528099649,0.007284742492312257,0.007284742492312257,0.2452625,4.166666666666667e-06,0.19335833333333333,6.249062640603909e-06,0.5802490747224167,0.24138327211259494,-0.24137604798200343,0.09309417653187615
123,header,low_density,random,0.1,2,120000,8,0.8842560403845539,0.8807464232512727,0.003509617133281129,0.003509617133281129,0.4332,0.0,0.3549083333333333,0.0,0.5969276914236058,0.3648892294781331,-0.3648780520307347,0.09035997383622725
123,header,high_density,random,0.1,3,120000,8,0.9928743819931638,0.9548955487810239,0.037978833212139906,0.037978833212139906,0.21318333333333334,0.1575,0.021791666666666668,0.6033904798390959,0.029489044509850355,0.1603613771737794,0.13821928103578657,-0.06305785460936714
123,header,mid_density,random,0.1,3,240000,8,0.9351495953022771,0.746484900076832,0.18866469522544516,0.18866469522544516,0.5196041666666666,0.4357875,0.017483333333333333,0.6535832125181222,0.05246573972191657,0.3913207043420765,0.3634390850607936,-0.08550532887448609
123,header,low_density,random,0.1,3,120000,8,0.8842560403845539,0.7499613165515145,0.1342947238330393,0.1342947238330393,0.32711666666666667,0.2223,0.0109,0.5482909584198302,0.018332936213155425,0.26036295810928,0.24325534722629694,0.02439815433325912
123,header,high_density,random,0.1,4,120000,8,0.9928743819931638,0.9889224190606654,0.003951962932498443,0.003951962932498443,0.6833916666666666,0.0,0.6743666666666667,0.0,0.9125703395468949,0.6268484595745271,-0.6268484595745271,0.050329781105177
123,header,mid_density,random,0.1,4,240000,8,0.9351495953022771,0.8754783087209571,0.05967128658132004,0.05967128658132004,0.2771125,0.0,0.22318333333333334,0.0,0.6697509252775833,0.2926862721338737,-0.2926862721338551,0.13379483606300335
123,header,low_density,random,0.1,4,120000,8,0.8842560403845539,0.8122044547380456,0.07205158564650826,0.07205158564650826,0.5029333333333333,0.0,0.42125,0.0,0.7085091174120846,0.4737180128416074,-0.47369456089965034,0.14140921328638703
123,header,high_density,random,0.1,5,120000,8,0.9928743819931638,0.9855153392404843,0.007359042752679512,0.007359042752679512,0.07205833333333334,0.04346666666666667,0.0,0.16652300226670497,0.0,0.0698779067402002,0.06343261907001443,0.031180384854011183
123,header,mid_density,random,0.1,5,240000,8,0.9351495953022771,0.9199833499173633,0.015166245384913846,0.015166245384913846,0.191025,0.12360416666666667,0.0002375,0.18537844323351496,0.0007127138141442433,0.17820294841452974,0.17632793967344393,-0.007353835097466958
123,header,low_density,random,0.1,5,120000,8,0.8842560403845539,0.8801831925754977,0.004072847809056146,0.004072847809056146,0.18296666666666667,0.09041666666666667,0.0035833333333333333,0.22300783096623025,0.006026882700043449,0.17495670195927965,0.1690316353201863,0.03689143469283749
123,header,high_density,random,0.1,6,120000,8,0.9928743819931638,0.9885522079015838,0.004322174091579978,0.004322174091579978,0.6863833333333333,0.0,0.6773583333333333,0.0,0.9166187399212874,0.6360157991442255,-0.6360157991442255,0.05766927820807795
123,header,mid_density,random,0.1,6,240000,8,0.9351495953022771,0.9288627846540235,0.006286810648253649,0.006286810648253649,0.2825708333333333,0.0,0.22864166666666666,0.0,0.6861308392517755,0.29458552007005984,-0.29458552007005984,0.1336607276242498
123,header,low_density,random,0.1,6,120000,8,0.8842560403845539,0.8857798242429227,-0.0015237838583688212,-0.0015237838583688212,0.5015833333333334,0.0,0.41949166666666665,0.0,0.7055517400871796,0.46732107708040704,-0.46732107708040704,0.13492442208307082
123,header,high_density,random,0.1,7,120000,8,0.9928743819931638,0.9858910702138737,0.0069833117792901245,0.0069833117792901245,0.08205,0.052833333333333336,0.0,0.20240717683491363,0.0,0.0905960853824465,0.0905959327805005,0.003539891139203897
123,header,mid_density,random,0.1,7,240000,8,0.9351495953022771,0.9145319169571047,0.020617678345172474,0.020617678345172474,0.1624625,0.10140416666666667,0.0,0.15208343748437733,0.0,0.16836516622728126,0.16836516622433662,-0.0290818081714652
123,header,low_density,random,0.1,7,120000,8,0.8842560403845539,0.8741539797320552,0.010102060652498634,0.010102060652498634,0.13923333333333332,0.07075833333333334,0.0002,0.17452161223357243,0.0003363841507000995,0.14058938802644697,0.14012898827208953,0.024082361270054666
123,header,high_density,random,0.1,8,120000,8,0.9928743819931638,0.9864820600845317,0.006392321908632148,0.006392321908632148,0.68545,0.0,0.676425,0.0,0.915355729219527,0.617333692348565,-0.617333692348565,0.03779450565711243
123,header,mid_density,random,0.1,8,240000,8,0.9351495953022771,0.9273796618063557,0.007769933495921477,0.007769933495921477,0.28277083333333336,0.0,0.22884166666666667,0.0,0.6867310193057917,0.2936450057096233,-0.2936450057096233,0.13159424163611227
123,header,low_density,random,0.1,8,120000,8,0.8842560403845539,0.8761205137386662,0.00813552664588768,0.00813552664588768,0.4932666666666667,0.0,0.41175833333333334,0.0,0.692544886260109,0.4610327135035213,-0.4610327135035213,0.13608137350474775
123,header,high_density,random,0.1,9,120000,8,0.9928743819931638,0.9888404992128268,0.004033882780337006,0.004033882780337006,0.6804666666666667,0.0,0.6714416666666667,0.0,0.9086121542226282,0.5558247253313233,-0.5558247253313233,-0.019656173154720926
123,header,mid_density,random,0.1,9,240000,8,0.9351495953022771,0.9311335310322262,0.0040160642700509674,0.0040160642700509674,0.27317916666666664,4.1666666666666665e-05,0.2192125,6.249062640603909e-05,0.6578348504551366,0.2769588234386073,-0.2768718431312537,0.12186956189505366
123,header,low_density,random,0.1,9,120000,8,0.8842560403845539,0.872288971241505,0.011967069143048903,0.011967069143048903,0.47775833333333334,0.00065,0.39543333333333336,0.0016031899369000884,0.6650875299592134,0.42842766752326744,-0.4270387260314029,0.11581071185271738
123,header,high_density,random,0.1,10,120000,8,0.9928743819931638,0.9832816910458472,0.009592690947316629,0.009592690947316629,0.07818333333333333,0.014941666666666667,0.054275,0.05724228202917984,0.07344632768361582,0.05289706878869794,-0.027854643389398526,-0.025391580790727036
123,header,mid_density,random,0.1,10,240000,8,0.9351495953022771,0.929806296457627,0.005343298844650124,0.005343298844650124,0.0768625,0.0042625,0.04205,0.0063927910813377994,0.12618785635690707,0.06540551429369627,-0.037830733003783444,-0.004529716738220795
123,header,low_density,random,0.1,10,120000,8,0.8842560403845539,0.8812934027000685,0.0029626376844853475,0.0029626376844853475,0.10775833333333333,0.004166666666666667,0.069875,0.010276858569872361,0.11752421265084727,0.07662158026008202,-0.051714987631238635,-0.009868144507520082
123,header,high_density,random,0.1,11,120000,8,0.9928743819931638,0.9929820259325708,-0.00010764393940698724,-0.00010764393940698724,0.070925,0.038191666666666665,0.0,0.14631421000542733,0.0,0.05826673088067133,0.058266730880511486,0.023904031679785522
123,header,mid_density,random,0.1,11,240000,8,0.9351495953022771,0.9284622755752636,0.00668731972701353,0.00668731972701353,0.14160416666666667,0.0884125,0.0,0.13259886017097436,0.0,0.12656838413568758,0.12656838413336208,-0.01541276216366636
123,header,low_density,random,0.1,11,120000,8,0.8842560403845539,0.889992454440542,-0.005736414055988126,-0.005736414055988126,0.13244166666666668,0.05909166666666667,8.333333333333334e-06,0.14574640823792984,1.4016006279170813e-05,0.12731162745406696,0.12727980175047823,0.028951565488999995
123,header,high_density,random,0.1,12,120000,8,0.9928743819931638,0.9928247346260436,4.964736712020912e-05,4.964736712020912e-05,0.004866666666666667,0.000975,0.0,0.003735274399003927,0.0,0.017283383357083917,0.01585891784660747,0.0030604767059636507
123,header,mid_density,random,0.1,12,240000,8,0.9351495953022771,0.9327395220422098,0.002410073260067369,0.002410073260067369,0.03174166666666667,0.016016666666666665,3.75e-05,0.024021396790481427,0.00011253376012803841,0.03031661018392075,0.028494071902908157,-0.008976555068520388
123,header,low_density,random,0.1,12,120000,8,0.8842560403845539,0.8811634625998435,0.003092577784710393,0.003092577784710393,0.031983333333333336,0.014391666666666667,0.0017,0.035496269500339135,0.002859265280950846,0.02832816047206563,0.02336909167070624,0.0032380540334394138
123,header,high_density,random,0.1,13,120000,8,0.9928743819931638,0.9814743005386048,0.011400081454558952,0.011400081454558952,0.054191666666666666,0.034708333333333334,0.005833333333333334,0.13296938352009705,0.007893816886002008,0.06021848018890882,-0.007673904197942003,-0.017074406500650948
123,header,mid_density,random,0.1,13,240000,8,0.9351495953022771,0.91798934392986,0.017160251372417168,0.017160251372417168,0.1018375,0.05195416666666667,0.012820833333333333,0.07791956206569015,0.038474042212663796,0.08421225976226143,0.04765968781101573,-0.004822715023532734
123,header,low_density,random,0.1,13,120000,8,0.8842560403845539,0.8825646564573483,0.0016913839272055808,0.0016913839272055808,0.12560833333333332,0.0341,0.022616666666666667,0.0841058105358354,0.038039441041669585,0.11038831344331948,0.05147216455050348,0.015135598350511013
123,header,high_density,random,0.1,14,120000,8,0.9928743819931638,0.9810789879411538,0.011795394052010022,0.011795394052010022,0.05894166666666667,0.03771666666666667,0.0035166666666666666,0.14449446093924592,0.004758843894132639,0.05127373529201133,0.026217211301160146,0.012336206711704687
123,header,mid_density,random,0.1,14,240000,8,0.9351495953022771,0.920093294851551,0.015056300450726146,0.015056300450726146,0.11400833333333334,0.06508333333333334,0.006279166666666666,0.09761035844623306,0.018843152945883766,0.09977209692641469,0.08345252129380021,-0.00035269563715162886
123,header,low_density,random,0.1,14,120000,8,0.8842560403845539,0.8750501665383317,0.009205873846222179,0.009205873846222179,0.12618333333333334,0.048758333333333334,0.013041666666666667,0.12025979898464638,0.021935049826902323,0.11606460654569309,0.08836429164792228,0.02212122234502468
123,header,high_density,random,0.1,15,120000,8,0.9928743819931638,0.9927634676393836,0.00011091435378018932,0.00011091435378018932,0.07358333333333333,0.038191666666666665,0.0,0.14631421000542733,0.0,0.06279796650554809,0.06011862177382634,0.02483867229163208
123,header,mid_density,random,0.1,15,240000,8,0.9351495953022771,0.9354430228452378,-0.0002934275429606892,-0.0002934275429606892,0.13395416666666668,0.0789875,0.0,0.1184634804779283,0.0,0.12421740712361175,0.12378998876712044,-0.011991928241559143
123,header,low_density,random,0.1,15,120000,8,0.8842560403845539,0.8820231038789672,0.002232936505586647,0.002232936505586647,0.131425,0.0594,0.0009583333333333333,0.14650689577210038,0.0016118407221046435,0.12798638623068068,0.12478286575968728,0.02747431974710076
123,header,high_density,random,0.1,16,120000,8,0.9928743819931638,0.990876188332595,0.001998193660568748,0.001998193660568748,0.2824583333333333,0.24663333333333334,0.0,0.944864795836925,0.0,0.30553958635502937,0.30553958635502937,0.08428244927531592
123,header,mid_density,random,0.1,16,240000,8,0.9351495953022771,0.9266522539515067,0.008497341350770404,0.008497341350770404,0.6654166666666667,0.580275,0.0,0.8702819577063441,0.0,0.646783344579321,0.646783344579321,0.13944795529810416
123,header,low_density,random,0.1,16,120000,8,0.8842560403845539,0.8631422611722663,0.02111377921228752,0.02111377921228752,0.41823333333333335,0.301825,0.0,0.7444350810844141,0.0,0.4414173322620961,0.4414173322620961,0.16259281035242792
123,header,high_density,random,0.1,17,120000,8,0.9928743819931638,0.9898355483472945,0.003038833645869321,0.003038833645869321,0.6863666666666667,0.0,0.6773416666666666,0.0,0.9165961861587559,0.6491609497751535,-0.6491609497751535,0.07009877532122646
123,header,mid_density,random,0.1,17,240000,8,0.9351495953022771,0.8842379313397829,0.05091166396249425,0.05091166396249425,0.28501666666666664,0.0,0.2310875,0.0,0.6934705411623487,0.29915299739601764,-0.29915299739601764,0.13720868604231695
123,header,low_density,random,0.1,17,120000,8,0.8842560403845539,0.8255838526465125,0.05867218773804139,0.05867218773804139,0.5310416666666666,0.0,0.4493333333333333,0.0,0.7557430585728903,0.49590208352182785,-0.49590208352182785,0.14976360306554867
123,header,high_density,random,0.1,18,120000,8,0.9928743819931638,0.9908497051405526,0.002024676852611207,0.002024676852611207,0.18955,0.0,0.180625,0.0,0.2444264014344193,0.2739412275817828,-0.2739412275817828,-0.11141162642470748
123,header,mid_density,random,0.1,18,240000,8,0.9351495953022771,0.9242630878909601,0.010886507411317026,0.010886507411317026,0.23026666666666668,0.0,0.17647916666666666,0.0,0.5295963789136741,0.21558612132774463,-0.21558612132774463,0.08294987572975827
123,header,low_density,random,0.1,18,120000,8,0.8842560403845539,0.8869086363356652,-0.002652595951111336,-0.002652595951111336,0.36791666666666667,0.0,0.290275,0.0,0.48821954672235696,0.2941769130335576,-0.29417685693730605,0.0515064856643912
123,header,high_density,random,0.1,19,120000,8,0.9928743819931638,0.9903438952715594,0.002530486721604386,0.002530486721604386,0.12688333333333332,0.0,0.11810833333333333,0.0,0.1598272381790092,0.12896982965259418,-0.12896982965259418,-0.0316576919247229
123,header,mid_density,random,0.1,19,240000,8,0.9351495953022771,0.9330905585025379,0.002059036799739289,0.002059036799739289,0.18135416666666668,0.0,0.13309583333333333,0.0,0.399407322196659,0.1557630767249528,-0.1557630767249528,0.049065393856915517
123,header,low_density,random,0.1,19,120000,8,0.8842560403845539,0.8796409396721362,0.0046151007124176635,0.0046151007124176635,0.27086666666666664,0.0,0.20478333333333334,0.0,0.3444293383043436,0.20991759326565199,-0.20987966645616607,0.026336221266536595
123,header,high_density,random,0.1,20,120000,8,0.9928743819931638,0.9934870637403989,-0.0006126817472350554,-0.0006126817472350554,0.07288333333333333,5e-05,0.064325,0.00019155253328225267,0.0870462464900707,0.12615895132037777,-0.12135742042330026,-0.06217621006501757
123,header,mid_density,random,0.1,20,240000,8,0.9351495953022771,0.893496162873946,0.041653432428331194,0.041653432428331194,0.15922083333333334,0.0012958333333333333,0.11892916666666667,0.0019434584812278157,0.35689456837051114,0.1362659389269435,-0.13114631497757567,0.030840222761047583
123,header,low_density,random,0.1,20,120000,8,0.8842560403845539,0.8300509845717798,0.05420505581277402,0.05420505581277402,0.25924166666666665,0.0013166666666666667,0.20435,0.0032474873080796662,0.3437005059778267,0.2038544578562231,-0.19791779767086334,0.009583139569966438
123,imports,high_density,important,0.01,0,172043,13,0.8129382232413321,0.6908474490215121,0.12209077421982006,0.12209077421982006,0.07330725458170341,0.0,0.0690292543143284,0.0,0.14991353084487308,0.06371346732522003,-0.06313269508002134,-0.001879832913408413
123,imports,mid_density,important,0.01,0,187950,13,0.9477907583818074,0.9170494506598679,0.030741307721939504,0.030741307721939504,0.21428571428571427,0.006395317903697792,0.17125299281723863,0.020249667278761433,0.25030523131478877,0.16724549743118852,-0.1469167687022276,-0.005259213707431952
123,imports,low_density,important,0.01,0,120007,13,0.8672566649878599,0.8191057991500957,0.04815086583776418,0.04815086583776418,0.1350671210846034,0.009899422533685535,0.07257076670527553,0.01352813236617056,0.27054986020503263,0.12657296335739665,-0.10080405439419458,0.016521879605461115
123,imports,high_density,random,0.01,1,172043,13,0.8129382232413321,0.8389950275433958,-0.026056804302063696,-0.026056804302063696,0.023145376446586027,0.007329562958097685,0.0,0.013584848746013962,0.0,0.009189638919476146,0.008942255019317061,-0.003895176368239633
123,imports,mid_density,random,0.01,1,187950,13,0.9477907583818074,0.9451525217130888,0.002638236668718541,0.002638236668718541,0.025049215216812984,0.009901569566374035,0.0004416068103218941,0.03135160632759986,0.0006454573026106026,0.02125809185772558,0.019858636746381265,-0.00370674245568507
123,imports,low_density,random,0.01,1,120007,13,0.8672566649878599,0.8694089290636067,-0.002152264075746757,-0.002152264075746757,0.024756889181464414,0.012849250460389811,0.000674960627296741,0.017559242515686028,0.002516309412861137,0.02194051603817989,0.015777569859944142,-0.002259362264233567
123,imports,high_density,random,0.01,2,172043,13,0.8129382232413321,0.7862985290183009,0.02663969422303125,0.02663969422303125,0.022215376388461026,0.0,0.019739251233703202,0.0,0.04286850376803544,0.02486429075869923,-0.024577260738335122,-0.0032737867259325353
123,imports,mid_density,random,0.01,2,187950,13,0.9477907583818074,0.9462913245726523,0.0014994338091550707,0.0014994338091550707,0.06285714285714286,0.0004894918861399308,0.04344240489491886,0.0015498913391398103,0.06349589007006712,0.06311879855387784,-0.060988845930113326,0.01130707571722863
123,imports,low_density,random,0.01,2,120007,13,0.8672566649878599,0.8617652282094168,0.005491436778443104,0.005491436778443104,0.07513728365845326,0.000999941670069246,0.0359812344279917,0.001366478016784905,0.13414103758931345,0.07051695529581228,-0.06775922870138672,0.014611477847999578
123,imports,high_density,random,0.01,3,172043,13,0.8129382232413321,0.8055562650360352,0.007381958205296968,0.007381958205296968,0.0,0.0,0.0,0.0,0.0,0.00195900084935301,-0.0006669812279791323,0.0005638950995635598
123,imports,mid_density,random,0.01,3,187950,13,0.9477907583818074,0.947500461464325,0.00029029691748239106,0.00029029691748239106,0.00736366054801809,0.0009523809523809524,0.0037616387337057727,0.00301554945332637,0.005498051963201157,0.0074873738170987995,-0.0046850296262740745,0.0012812239034698703
123,imports,low_density,random,0.01,3,120007,13,0.8672566649878599,0.8683309516719552,-0.0010742866840952603,-0.0010742866840952603,0.009957752464439574,0.0017665636171223344,0.0025581841059271544,0.0024141111629866654,0.009537123330226778,0.010166812311681444,-0.003933907477589884,0.001806910916981224
123,imports,high_density,random,0.01,4,172043,13,0.8129382232413321,0.8284090245911951,-0.015470801349863006,-0.015470801349863006,0.0,0.0,0.0,0.0,0.0,0.002058404403353407,0.0011681351125574144,-0.0008957732372381925
123,imports,mid_density,random,0.01,4,187950,13,0.9477907583818074,0.9468726947700232,0.0009180636117841479,0.0009180636117841479,0.0100292631018888,0.0034370843309390795,0.0013194998669859004,0.010882932663959972,0.0019285953138244512,0.009938207569797583,0.004308730264667507,-0.0013061070361569849
123,imports,low_density,random,0.01,4,120007,13,0.8672566649878599,0.8629871223243294,0.004269542663530523,0.004269542663530523,0.023506962093877856,0.013424216920679627,0.001833226395126951,0.018344967375337348,0.006834420627524076,0.02250726388231951,0.013956687312940228,-0.0035683404642853234
123,imports,high_density,random,0.01,5,172043,13,0.8129382232413321,0.8170451618766178,-0.004106938635285662,-0.004106938635285662,0.018379126148695385,0.01214812575925786,0.0,0.022515728690855812,0.0,0.008573765034009096,0.008509760776894536,0.0009271000337046297
123,imports,mid_density,random,0.01,5,187950,13,0.9477907583818074,0.9405156676321,0.007275090749707336,0.007275090749707336,0.03830274009044959,0.018409151370045226,0.0005054535780792764,0.05828939166764939,0.0007387764306988825,0.032586598454268124,0.0321424837613598,-0.00432338105866006
123,imports,low_density,random,0.01,5,120007,13,0.8672566649878599,0.8573998216015333,0.009856843386326641,0.009856843386326641,0.041764230419892176,0.029081636904513902,0.00021665402851500328,0.03974173565482765,0.0008077042559801181,0.04009627329119461,0.038274484804477656,-0.01128765820485822
123,imports,high_density,random,0.01,6,172043,13,0.8129382232413321,0.7870906550590122,0.025847568182319924,0.025847568182319924,0.0013775625860976616,0.0,0.0013078125817382864,0.0,0.0028402277231472247,0.008507866407293065,-0.008486194088074566,-0.003190848477938572
123,imports,mid_density,random,0.01,6,187950,13,0.9477907583818074,0.9429495823798377,0.004841176001969649,0.004841176001969649,0.03533386538973131,0.0010375099760574621,0.02581537642990157,0.0032850957731767718,0.037732034123694504,0.029442768434388783,-0.026910195057672986,0.0018478314455749193
123,imports,low_density,random,0.01,6,120007,13,0.8672566649878599,0.866337081317077,0.0009195836707829308,0.0009195836707829308,0.03533960518969727,0.0021332088961477248,0.01274092344613231,0.002915153102474464,0.04749922336129233,0.032619301109508704,-0.027276889798205223,0.0062605319293717165
123,imports,high_density,random,0.01,7,172043,13,0.8129382232413321,0.8121689839523661,0.0007692392889659949,0.0007692392889659949,0.0,0.0,0.0,0.0,0.0,0.002748056425106843,-0.0014444627848155575,0.0006424601543884211
123,imports,mid_density,random,0.01,7,187950,13,0.9477907583818074,0.945586491136077,0.002204267245730418,0.002204267245730418,0.014179303006118648,0.003671189146049481,0.0060281989890928435,0.011624185043548577,0.008810881010335093,0.01143037207982045,0.0004705122309861733,0.00038216333464854713
123,imports,low_density,random,0.01,7,120007,13,0.8672566649878599,0.8641853931516055,0.003071271836254441,0.003071271836254441,0.015415767413567542,0.006757939120217988,0.00268317681468581,0.00923511393010465,0.010003106554830693,0.013707211258097762,0.004722322844979102,-0.001829288709938871
123,imports,high_density,random,0.01,8,172043,13,0.8129382232413321,0.7589185648662627,0.05401965837506939,0.05401965837506939,0.022215376388461026,0.0,0.019739251233703202,0.0,0.04286850376803544,0.03107339952965672,-0.03100520065850634,-0.005230155711746004
123,imports,mid_density,random,0.01,8,187950,13,0.9477907583818074,0.9449681123218503,0.002822646059957079,0.002822646059957079,0.06811386006916734,0.00021814312317105613,0.048810853950518755,0.0006907124446166546,0.07134247342348998,0.0683855554929491,-0.06722152247683343,0.00974545318924677
123,imports,low_density,random,0.01,8,120007,13,0.8672566649878599,0.8634317484045542,0.0038249165833057486,0.0038249165833057486,0.08032031464831219,0.00025831826476788855,0.03878107110418559,0.00035300682100276713,0.14457906182044114,0.07431885466545618,-0.07353360068942967,0.01602906463040465
123,imports,high_density,random,0.01,9,172043,13,0.8129382232413321,0.8128297307961083,0.00010849244522381785,0.00010849244522381785,0.0,0.0,0.0,0.0,0.0,0.001816039152744732,0.0016453980217250065,0.001193695812368148
123,imports,mid_density,random,0.01,9,187950,13,0.9477907583818074,0.9458435830360532,0.0019471753457541707,0.0019471753457541707,0.017451449853684492,0.007863793562117584,0.0009257781324820431,0.024899341296180866,0.0013531273572800584,0.01515760746690778,0.014388038252963673,-0.0009044173677898253
123,imports,low_density,random,0.01,9,120007,13,0.8672566649878599,0.8650618716362998,0.0021947933515601425,0.0021947933515601425,0.02329864091261343,0.014615814077512146,0.00022498687576558035,0.019973353678672694,0.0008387698042870457,0.022090410880094537,0.020343385558439526,-0.004530772230259879
123,imports,high_density,random,0.01,10,172043,13,0.8129382232413321,0.8359377828359104,-0.022999559594578223,-0.022999559594578223,0.015031125939445372,0.0035921252245078267,0.0,0.006657760923898992,0.0,0.008376142781213831,0.00828143505179244,-0.0015076097402547158
123,imports,mid_density,random,0.01,10,187950,13,0.9477907583818074,0.9466447993893161,0.0011459589924912583,0.0011459589924912583,0.026602819898909284,0.009859005054535781,0.00038840117052407557,0.03121683316767466,0.000567691362537036,0.022602628651790215,0.020084762059534307,-0.0021057906439813988
123,imports,low_density,random,0.01,10,120007,13,0.8672566649878599,0.8659857997506274,0.0012708652372325213,0.0012708652372325213,0.030198238436091228,0.017657303323972768,0.0009832759755680918,0.024129724313060114,0.003665734700217459,0.02710208114831319,0.022400164340571706,-0.004904533503323913
123,imports,high_density,random,0.01,11,172043,13,0.8129382232413321,0.8043074657786353,0.008630757462696814,0.008630757462696814,0.0,0.0,0.0,0.0,0.0,0.004749396225157726,-0.003370017410234633,-0.0013193710616524897
123,imports,mid_density,random,0.01,11,187950,13,0.9477907583818074,0.9465050904457821,0.0012856679360252476,0.0012856679360252476,0.018350625166267624,0.004676775738228252,0.004767225325884544,0.014808200946781449,0.0069678282305915655,0.01583826433560654,0.00045092394483161317,-0.0028873908499747135
123,imports,low_density,random,0.01,11,120007,13,0.8672566649878599,0.8647597989143476,0.002496866073512294,0.002496866073512294,0.020540468472672428,0.00977442982492688,0.002333197230161574,0.013357322614072445,0.008698353525939733,0.017616413755972737,0.008189994614478537,-0.0026912585451775353
123,imports,high_density,random,0.01,12,172043,13,0.8129382232413321,0.7974924053534057,0.015445817887926427,0.015445817887926427,0.0,0.0,0.0,0.0,0.0,0.005286728199932204,-0.004878874565173758,-0.0014863560765693423
123,imports,mid_density,random,0.01,12,187950,13,0.9477907583818074,0.9463664763487942,0.0014242820330131467,0.0014242820330131467,0.015567970204841713,0.002745411013567438,0.005996275605214153,0.008692868815175458,0.008764221446290953,0.012361226537158605,-0.001502252068687364,-0.0006430666217219743
123,imports,low_density,random,0.01,12,120007,13,0.8672566649878599,0.8649489337918018,0.0023077311960580937,0.0023077311960580937,0.01581574408159524,0.005258026615114118,0.0035664586232469772,0.007185396904927292,0.01329605467536502,0.015641571172180315,-0.000342658843865176,-0.0005666869626956072
123,imports,high_density,random,0.01,13,172043,13,0.8129382232413321,0.8129325997389426,5.623502389529023e-06,5.623502389529023e-06,0.0,0.0,0.0,0.0,0.0,0.001927050907895171,-0.0002106738520906502,0.00025118516967646734
123,imports,mid_density,random,0.01,13,187950,13,0.9477907583818074,0.9467161252944897,0.0010746330873177001,0.0010746330873177001,0.008002128225591912,0.0016068103218941207,0.003202979515828678,0.005087686787176334,0.004681509592428708,0.0075451350414049954,-0.001548311633805726,-0.000952395089405714
123,imports,low_density,random,0.01,13,120007,13,0.8672566649878599,0.8662865954233818,0.0009700695644780932,0.0009700695644780932,0.014565816994008683,0.005249693767863542,0.0032248118859733183,0.007174009588120751,0.012022367194780987,0.01325096333692858,0.0011203182711342862,-0.0006712172074816303
123,imports,high_density,random,0.01,14,172043,13,0.8129382232413321,0.8114031579030612,0.001535065338270969,0.001535065338270969,0.0036095627255976702,0.0003138750196171887,0.002917875182367199,0.0005817461001465139,0.0063368636311995855,0.007511239703497136,-0.0046085897955463195,-0.004172600410686601
123,imports,mid_density,random,0.01,14,187950,13,0.9477907583818074,0.948071905594519,-0.0002811472127116632,-0.0002811472127116632,0.020840649108805533,0.002011173184357542,0.007661612130885874,0.006368031806465742,0.011198295370593588,0.015002000763791457,-0.00504148832754072,-0.0021841298312322553
123,imports,low_density,random,0.01,14,120007,13,0.8672566649878599,0.8674409686573108,-0.0001843036694508804,-0.0001843036694508804,0.019048888814819136,0.0020832118126442624,0.006457956619197213,0.002846829201635219,0.024075799937868902,0.015751103309361376,-0.009944171202235359,0.001483920510414973
123,imports,high_density,random,0.01,15,172043,13,0.8129382232413321,0.8168921070643007,-0.0039538838229685735,-0.0039538838229685735,0.0006335625395976587,0.0003138750196171887,0.0,0.0005817461001465139,0.0,0.002944401455438143,0.000740408436850463,-0.0021548581704094526
123,imports,mid_density,random,0.01,15,187950,13,0.9477907583818074,0.9468466409070835,0.0009441174747238934,0.0009441174747238934,0.010949720670391062,0.001979249800478851,0.001527001862197393,0.006266951936521842,0.002231882480111361,0.008078013278105298,-0.001069441793471072,-0.001465290482051419
123,imports,low_density,random,0.01,15,120007,13,0.8672566649878599,0.8673417490097199,-8.508402186002684e-05,-8.508402186002684e-05,0.015374103177314656,0.0020998775071454164,0.004949711266842767,0.0028696038352483003,0.018452935694315005,0.013696299064028543,-0.007410813054907865,0.001109635566177841
123,imports,high_density,random,0.01,16,172043,13,0.8129382232413321,0.8346586219420598,-0.021720398700727617,-0.021720398700727617,0.001493812593363287,0.0004301250268828142,0.0,0.0007972076187192967,0.0,0.0047156801943502675,0.004664729547100586,-0.0004756317358087276
123,imports,mid_density,random,0.01,16,187950,13,0.9477907583818074,0.9468364275360324,0.0009543308457750088,0.0009543308457750088,0.01853684490555999,0.0068635275339185954,1.596169193934557e-05,0.021732172037938643,2.3329782022069974e-05,0.015208332738975148,0.014702382753192429,-0.0016444369797913572
123,imports,low_density,random,0.01,16,120007,13,0.8672566649878599,0.8677336824835366,-0.00047701749567663487,-0.00047701749567663487,0.013482546851433666,0.008166190305565509,0.00014165840325980984,0.011159570470410057,0.0005281143212177695,0.012910237941608366,0.01077543820705857,-0.001508972431913829
123,imports,high_density,random,0.01,17,172043,13,0.8129382232413321,0.8055278089063433,0.007410414334988791,0.007410414334988791,0.0008602500537656284,0.00011625000726562546,0.0,0.0002154615185727829,0.0,0.0023704572999059905,-0.00045518338959367634,0.00016890272472975133
123,imports,mid_density,random,0.01,17,187950,13,0.9477907583818074,0.9461861105663433,0.0016046478154640997,0.0016046478154640997,0.006294227188081937,0.0016227720138334662,0.0026283586060122373,0.005138226722148284,0.003841637439634189,0.0076960017781033275,-0.0019833623157578264,0.0011853755369061253
123,imports,low_density,random,0.01,17,120007,13,0.8672566649878599,0.8634106102334309,0.003846054754429007,0.003846054754429007,0.015099119218045614,0.007574558150774538,0.0022582016049063807,0.010351070977145655,0.008418763591177384,0.014029209551749093,0.006360183072644954,-0.002745419420864997
123,imports,high_density,random,0.01,18,172043,13,0.8129382232413321,0.8335533609784594,-0.02061513773712731,-0.02061513773712731,0.0,0.0,0.0,0.0,0.0,0.005261836749584277,0.004324506090672705,0.0006706867382105683
123,imports,mid_density,random,0.01,18,187950,13,0.9477907583818074,0.9469231348757421,0.0008676235060652848,0.0008676235060652848,0.016961957967544558,0.003676509710029263,0.007358339984038308,0.011641031688539227,0.010755029512174257,0.014519352994634962,0.00517287009234273,0.0009111585976047856
123,imports,low_density,random,0.01,18,120007,13,0.8672566649878599,0.8684838937016368,-0.0012272287137768956,-0.0012272287137768956,0.020740456806686278,0.005474680643629121,0.004316414875798912,0.0074814671418973544,0.016091954022988506,0.018606174710917654,-0.0014529536574576173,0.0013726647613152862
123,imports,high_density,random,0.01,19,172043,13,0.8129382232413321,0.813016894342594,-7.86711012619179e-05,-7.86711012619179e-05,0.005312625332039083,0.0003138750196171887,0.0038827502426718903,0.0005817461001465139,0.008432320529165984,0.006833458756400772,-0.004509365141880996,-0.004904484201908746
123,imports,mid_density,random,0.01,19,187950,13,0.9477907583818074,0.9470362986706419,0.0007544597111655005,0.0007544597111655005,0.02389465283320032,0.0013194998669859004,0.011018888002128226,0.004177967957681228,0.016105326189235637,0.014716593046425492,-0.00940715571121191,-0.0028522368652632536
123,imports,low_density,random,0.01,19,120007,13,0.8672566649878599,0.8643311069413273,0.002925558046532606,0.002925558046532606,0.017265659503195648,0.003033156399210046,0.005691334672144125,0.004144983317580879,0.021217769493631564,0.015852087496328344,-0.00732456074984753,0.0004412358159786231
123,imports,high_density,random,0.01,20,172043,13,0.8129382232413321,0.8299684801983909,-0.01703025695705873,-0.01703025695705873,0.0008602500537656284,0.00011625000726562546,0.0,0.0002154615185727829,0.0,0.0035721833712779186,0.003244749367048233,0.0016014397375753594
123,imports,mid_density,random,0.01,20,187950,13,0.9477907583818074,0.9473682296270393,0.00042252875476811447,0.00042252875476811447,0.01200319233838787,0.003202979515828678,0.0006916733173716414,0.010141680284371367,0.0010109572209563654,0.007086077033803807,0.004496413183666618,0.0009297152664938952
123,imports,low_density,random,0.01,20,120007,13,0.8672566649878599,0.8659938356092349,0.0012628293786249856,0.0012628293786249856,0.013565875323939438,0.007057921621238761,0.0012415942403359804,0.00964505733514012,0.004628766697732215,0.011824496308624326,0.008188542994819862,-0.001531883794656535
123,imports,high_density,important,0.05,0,172043,65,0.8129382232413321,0.7399567530146124,0.07298147022671975,0.07298147022671975,0.04393087774567986,0.00015693750980859435,0.038688002418000154,0.00029087305007325693,0.08402024766785746,0.06344934636967225,-0.060221946319630903,-0.011735941348590486
123,imports,mid_density,important,0.05,0,187950,65,0.9477907583818074,0.8832778862905528,0.06451287209125456,0.06451287209125456,0.23924980047885075,0.018206969938813513,0.1807289172652301,0.05764921915800468,0.26415534524189094,0.1872090251733305,-0.1370164461630086,-0.041961863818165274
123,imports,low_density,important,0.05,0,120007,65,0.8672566649878599,0.7729603756432077,0.09429628934465217,0.09429628934465217,0.17309823593623705,0.040447640554301,0.08152024465239528,0.055274035778949404,0.30391425908667286,0.15837467670301775,-0.059656605522827026,-0.014844691256943458
123,imports,high_density,random,0.05,1,172043,65,0.8129382232413321,0.8324866498091347,-0.019548426567802535,-0.019548426567802535,0.03528768970548061,0.008945438059089879,0.0,0.016579763854175644,0.0,0.01788371108066782,0.01698510655920769,0.003101706413772184
123,imports,mid_density,random,0.05,1,187950,65,0.9477907583818074,0.9418176520175947,0.005973106364212666,0.005973106364212666,0.04177706836924714,0.017877094972067038,0.0008246874168661878,0.056604727168584376,0.001205372071140282,0.04163266776559765,0.03683515348722978,-0.005554608819462502
123,imports,low_density,random,0.05,1,120007,65,0.8672566649878599,0.8618647206007559,0.005391944387103997,0.005391944387103997,0.05912155124284417,0.0356895847742215,0.0027831709816927347,0.04877187788241456,0.010375893134513824,0.05457317740091771,0.04415844199156303,-0.009000612536561191
123,imports,high_density,random,0.05,2,172043,65,0.8129382232413321,0.8141169234580629,-0.0011787002167307215,-0.0011787002167307215,0.001493812593363287,0.0004301250268828142,0.0,0.0007972076187192967,0.0,0.006867555621303016,0.0012578749321163,0.0003187076030425315
123,imports,mid_density,random,0.05,2,187950,65,0.9477907583818074,0.9427122270638204,0.005078531317986967,0.005078531317986967,0.033801542963554136,0.010614525139664804,0.006310188880021282,0.033609056756346976,0.009223040492724996,0.032839587672354814,0.012451329923615468,-0.004883476695946658
123,imports,low_density,random,0.05,2,120007,65,0.8672566649878599,0.8623404988988316,0.00491616608902834,0.00491616608902834,0.053571874973959856,0.026115143283308474,0.0055913405051372005,0.0356878508716991,0.020844982913948432,0.04810576300662409,0.025692213967058952,-0.005439088169021688
123,imports,high_density,random,0.05,3,172043,65,0.8129382232413321,0.8232775347355796,-0.010339311494247494,-0.010339311494247494,0.02565637660352354,0.005574187848386741,0.0003545625221601576,0.01033137981556494,0.0007700172938310254,0.016175165275318135,0.01049164919859705,-0.002889117417743779
123,imports,mid_density,random,0.05,3,187950,65,0.9477907583818074,0.9309859261270558,0.0168048322547516,0.0168048322547516,0.08502261239691407,0.04857142857142857,0.0025857940941739826,0.15379302211964488,0.0037794246875753356,0.06937329134629734,0.055361793135061114,-0.0019326941646844217
123,imports,low_density,random,0.05,3,120007,65,0.8672566649878599,0.8606621541478825,0.006594510839977419,0.006594510839977419,0.09479447032256452,0.06061313090069746,0.0022915329939086886,0.08283134245077832,0.008543025784405094,0.08430422872843953,0.07599191359544123,-0.00892612061508212
123,imports,high_density,random,0.05,4,172043,65,0.8129382232413321,0.8425553845113167,-0.029617161269984593,-0.029617161269984593,0.014095313380957087,0.003162000197625012,0.0005580000348750022,0.005860553305179695,0.0012118304952094825,0.009372006765074289,0.006366401554662354,-0.0024601489648756127
123,imports,mid_density,random,0.05,4,187950,65,0.9477907583818074,0.9424285664334966,0.005362191948310779,0.005362191948310779,0.030550678371907423,0.00980047885075818,0.008528864059590316,0.031031520072777506,0.012465880193792722,0.031111342196067898,0.014818896299447657,-0.00018817623624512236
123,imports,low_density,random,0.05,4,120007,65,0.8672566649878599,0.8608958237282696,0.006360841259590355,0.006360841259590355,0.04750556217553976,0.02208204521402918,0.006732940578466256,0.030176389537333318,0.025100963031997516,0.0440514286874222,0.016360355116735326,-0.00480097552477101
123,imports,high_density,random,0.05,5,172043,65,0.8129382232413321,0.8450025276223494,-0.03206430438101726,-0.03206430438101726,0.0674773167173323,0.02758612672413292,0.0,0.05112901835732138,0.0,0.042838456980027216,0.04274108809824281,0.015395950638167214
123,imports,mid_density,random,0.05,5,187950,65,0.9477907583818074,0.9263322656209986,0.0214584927608088,0.0214584927608088,0.16618249534450652,0.10760308592710828,0.0003085927108273477,0.34070654829090785,0.00045104245242668614,0.13634331646843842,0.1352420818860883,0.009085690755233237
123,imports,low_density,random,0.05,5,120007,65,0.8672566649878599,0.8456830551097704,0.02157360987808954,0.02157360987808954,0.19720516303215646,0.15075787245744,3.33313890023082e-05,0.20601933566393751,0.00012426219322771048,0.17990192248974707,0.17953539489616882,-0.02130833579925451
123,imports,high_density,random,0.05,6,172043,65,0.8129382232413321,0.8384482350898852,-0.02551001184855306,-0.02551001184855306,0.030591189411949337,0.01068918816807426,0.0,0.01981168663276739,0.0,0.017084994842900585,0.015313956865867073,-0.0015736918663365057
123,imports,mid_density,random,0.05,6,187950,65,0.9477907583818074,0.940264014461274,0.00752674392053343,0.00752674392053343,0.044421388667198726,0.017701516360734238,0.003915935089119447,0.05604878788389292,0.005723573189414501,0.0400543322045472,0.03127868145237177,-0.006578567636242622
123,imports,low_density,random,0.05,6,120007,65,0.8672566649878599,0.8621438439349942,0.005112821052865701,0.005112821052865701,0.06808769488446507,0.041564242085878327,0.0018665577841292592,0.05679993623102588,0.006958682820751786,0.06306577747749328,0.0533601533241654,-0.010156775282649775
123,imports,high_density,random,0.05,7,172043,65,0.8129382232413321,0.8107538265570235,0.002184396684308587,0.002184396684308587,0.01948931371808211,0.002173875135867196,0.013845375865335992,0.0040291303973110405,0.030068544162385285,0.01210076222377086,0.0020914154232751004,0.0006499237847729354
123,imports,mid_density,random,0.05,7,187950,65,0.9477907583818074,0.9381225530476927,0.009668205334114721,0.009668205334114721,0.07317371641393988,0.029002394253790902,0.00971534982708167,0.09183106184403377,0.014200060657433258,0.05819922411274886,0.041612885553471375,-0.00402974091319558
123,imports,low_density,random,0.05,7,120007,65,0.8672566649878599,0.8670080022838876,0.00024866270397227996,0.00024866270397227996,0.06887098252601931,0.03764780387810711,0.004008099527527561,0.051447897331951674,0.014942528735632184,0.0619303673632924,0.04132803025578239,-0.005311063165712815
123,imports,high_density,random,0.05,8,172043,65,0.8129382232413321,0.8104928335990509,0.0024453896422812482,0.0024453896422812482,0.010933313183332074,0.0031213126950820434,0.002917875182367199,0.005785141773679221,0.0063368636311995855,0.013224504139533137,-0.00700388897402328,-0.008695318876418124
123,imports,mid_density,random,0.05,8,187950,65,0.9477907583818074,0.9459582175438074,0.0018325408379999963,0.0018325408379999963,0.042942271880819366,0.0029529130087789304,0.021553604682096304,0.009349887969810813,0.031502982323801824,0.03587646090102275,-0.01864420316525793,-0.005901521154926684
123,imports,low_density,random,0.05,8,120007,65,0.8672566649878599,0.8652209332432862,0.002035731744573721,0.002035731744573721,0.036939511861808064,0.0072245785662503025,0.011457664969543443,0.009872803671270938,0.042715128922025475,0.034438402830122034,-0.012257034886365831,-0.000718735751801272
123,imports,high_density,random,0.05,9,172043,65,0.8129382232413321,0.8172519545089617,-0.0043137312676295725,-0.0043137312676295725,0.032788314549269656,0.003964125247757828,0.008143313008957064,0.007347237783331897,0.017685151289463387,0.016443673577147433,-0.0033011671045740333,0.0013254827162835277
123,imports,mid_density,random,0.05,9,187950,65,0.9477907583818074,0.9378299718482463,0.009960786533561028,0.009960786533561028,0.03356211758446395,0.012189412077680234,0.006698590050545358,0.03859566367357941,0.009790731855262032,0.03823052731177977,0.010198632110107903,0.0031499625660199593
123,imports,low_density,random,0.05,9,120007,65,0.8672566649878599,0.8659833337367888,0.001273331251071097,0.001273331251071097,0.056980009499445865,0.030148241352587767,0.003216479038722741,0.04119931220606488,0.011991301646474061,0.05095420194994991,0.03301968971182137,-0.006477474859151654
123,imports,high_density,random,0.05,10,172043,65,0.8129382232413321,0.817349988425583,-0.004411765184250904,-0.004411765184250904,0.010445063152816446,0.0014996250937265683,0.0010346250646640666,0.0027794535895888993,0.002246935709867582,0.017626629022141682,-0.004711778408691715,-0.002570742256236705
123,imports,mid_density,random,0.05,10,187950,65,0.9477907583818074,0.9340300073573543,0.013760751024453066,0.013760751024453066,0.053950518754988026,0.011731843575418994,0.02341048151104017,0.0371468522043835,0.03421701363236929,0.05516248977899096,-0.01438436834755575,-0.009737105921610707
123,imports,low_density,random,0.05,10,120007,65,0.8672566649878599,0.8545978242555529,0.012658840732307053,0.012658840732307053,0.06487954869299291,0.02347363070487555,0.017782296032731425,0.03207807144402564,0.06629388008698353,0.05938005145048599,0.0005630383735760124,-0.008691585333182754
123,imports,high_density,random,0.05,11,172043,65,0.8129382232413321,0.8341558172934062,-0.021217594052074018,-0.021217594052074018,0.045244502827781426,0.014484750905296932,0.0,0.02684650521416875,0.0,0.028164952882063336,0.026552042247582196,0.007402635647012872
123,imports,mid_density,random,0.05,11,187950,65,0.9477907583818074,0.9337363858113218,0.014054372570485585,0.014054372570485585,0.09196594839052939,0.051992551210428305,0.0020963022080340518,0.16462541484863288,0.003063978038898523,0.0756683335141622,0.06469569123020165,-0.004047599165963093
123,imports,low_density,random,0.05,11,120007,65,0.8672566649878599,0.8609789203644255,0.006277744623434445,0.006277744623434445,0.09612772588265685,0.060954777637971115,0.0024748556334213837,0.0832982224398465,0.009226467847157502,0.0848075774466348,0.0747140576135917,-0.009250633112796721
123,imports,high_density,random,0.05,12,172043,65,0.8129382232413321,0.7823387021139473,0.030599521127384843,0.030599521127384843,0.01474631342164459,0.0,0.012537563283597706,0.0,0.02722831643923806,0.02465789410129795,-0.023276565175693497,-0.003661520920626165
123,imports,mid_density,random,0.05,12,187950,65,0.9477907583818074,0.9409498857111543,0.006840872670653031,0.006840872670653031,0.053769619579675444,0.00326682628358606,0.03341846235700984,0.01034384002425917,0.04884478696020717,0.04930894855742675,-0.03884552181641984,-0.0051803883731657415
123,imports,low_density,random,0.05,12,120007,65,0.8672566649878599,0.8641208059462439,0.0031358590416160625,0.0031358590416160625,0.06251302007382903,0.0027831709816927347,0.026231803144816553,0.0038033638133846523,0.09779434607020814,0.05637615017442323,-0.047946402324224764,0.005731989359368134
123,imports,high_density,random,0.05,13,172043,65,0.8129382232413321,0.7878230940787132,0.025115129162618932,0.025115129162618932,0.008962875560179722,0.000575437535964846,0.007480687967542998,0.0010665345169352755,0.016246102576402126,0.01148006374630887,-0.007765302052301193,-0.0025850813809746398
123,imports,mid_density,random,0.05,13,187950,65,0.9477907583818074,0.9338096806585487,0.013981077723258628,0.013981077723258628,0.04773077946262304,0.009002394253790902,0.02810853950518755,0.02850452332417999,0.04108374614086523,0.043236251519083765,-0.009467480805572573,-0.00508160443156934
123,imports,low_density,random,0.05,13,120007,65,0.8672566649878599,0.8506487675238874,0.01660789746397251,0.01660789746397251,0.05594673644037431,0.02880665294524486,0.008707825376853016,0.03936595420021181,0.03246349798073936,0.05376296830032863,0.023207339498767045,-0.008496649607727202
123,imports,high_density,random,0.05,14,172043,65,0.8129382232413321,0.8356921047833499,-0.02275388154201774,-0.02275388154201774,0.018913876182117262,0.004894125305882831,0.00029062501816406365,0.00907092993191416,0.0006311617162549388,0.01072370350781835,0.006534993027781488,-0.0025943493672906737
123,imports,mid_density,random,0.05,14,187950,65,0.9477907583818074,0.9396990046670659,0.008091753714741468,0.008091753714741468,0.04682096302208034,0.015206171854216547,0.009119446661346103,0.04814771138327802,0.013329082128609311,0.040930257409699626,0.019431163239964685,-0.004083828191767838
123,imports,low_density,random,0.05,14,120007,65,0.8672566649878599,0.8598030516686004,0.007453613319259533,0.007453613319259533,0.05646337296991009,0.0310065246193972,0.004058096611031023,0.0423722058371386,0.01512892202547375,0.052642713778477186,0.03259618941791403,-0.00858476921836389
123,imports,high_density,random,0.05,15,172043,65,0.8129382232413321,0.8052074584337037,0.007730764807628465,0.007730764807628465,0.0007498125468632841,0.0,0.0006800625425039089,0.0,0.0014769184160365568,0.010976381420745595,-0.010126426208688682,-0.0023358018896121437
123,imports,mid_density,random,0.05,15,187950,65,0.9477907583818074,0.9434351741384395,0.004355584243367905,0.004355584243367905,0.040585262037776,0.0012716147911678638,0.026634743282787976,0.004026348152765377,0.03892962960082743,0.0414305171563775,-0.03352669753975166,0.004769953664393764
123,imports,low_density,random,0.05,15,120007,65,0.8672566649878599,0.8558008834866903,0.01145578150116966,0.01145578150116966,0.04659728182522686,0.008066196138558584,0.017998950061246428,0.011022922668731568,0.06710158434296365,0.04294166069187416,-0.021336868462137445,0.0013814114246095321
123,imports,high_density,random,0.05,16,172043,65,0.8129382232413321,0.6450768429570984,0.1678613802842337,0.1678613802842337,0.09905663119103945,0.0,0.09473794342112146,0.0,0.20574609626478496,0.0930666883381247,-0.09237162943162279,0.0007319568276784467
123,imports,mid_density,random,0.05,16,187950,65,0.9477907583818074,0.9377378677679371,0.010052890613870269,0.010052890613870269,0.2849215216812982,0.00010641127959563714,0.24808725724926842,0.00033693289981300223,0.36260702537502626,0.2373563652575699,-0.23668422898160177,0.003773691306846251
123,imports,low_density,random,0.05,16,120007,65,0.8672566649878599,0.851082006641059,0.016174658346800874,0.016174658346800874,0.1890889698100944,0.00030831534827135086,0.11426833434716308,0.00042133072184201236,0.4260018639328984,0.1810717134793377,-0.1803930436871935,0.04839852152161544
123,imports,high_density,random,0.05,17,172043,65,0.8129382232413321,0.7794622235254253,0.03347599971590687,0.03347599971590687,0.01996593874787117,0.0,0.017518876094929754,0.0,0.03804642825584771,0.024979187058509152,-0.02355816014840648,-0.006791765116226698
123,imports,mid_density,random,0.05,17,187950,65,0.9477907583818074,0.9439605500815555,0.003830208300251825,0.003830208300251825,0.062484703378558125,0.0007023144453312051,0.04286246342112264,0.0022237571387658146,0.06264824132326524,0.06687114050552395,-0.06271563155112031,0.005209038361489285
123,imports,low_density,random,0.05,17,120007,65,0.8672566649878599,0.8624825838878142,0.004774081100045735,0.004774081100045735,0.07778712908413676,0.0036081228594998624,0.03471464164590399,0.004930708177232199,0.12941907424666046,0.07290684679138945,-0.0632072866392761,0.013480607253036299
123,imports,high_density,random,0.05,18,172043,65,0.8129382232413321,0.8172573961913018,-0.004319172949969641,-0.004319172949969641,0.019716001232250077,0.008939625558726598,0.0,0.016568990778247004,0.0,0.015343234876492216,0.01072615983970708,0.001891495708022787
123,imports,mid_density,random,0.05,18,187950,65,0.9477907583818074,0.934963098284946,0.012827660096861426,0.012827660096861426,0.059356211758446395,0.029044958765629156,0.0034743282787975524,0.09196583500395897,0.005078115886803898,0.05468306978536158,0.04149189019563832,-0.0037287073981284217
123,imports,low_density,random,0.05,18,120007,65,0.8672566649878599,0.8612985686086174,0.005958096379242495,0.005958096379242495,0.06332963910438558,0.03783112651761981,0.0022415359104052263,0.051698418301695574,0.008356632494563528,0.05809544286921368,0.047051440998429,-0.007340848422063625
123,imports,high_density,random,0.05,19,172043,65,0.8129382232413321,0.7973754737108568,0.015562749530475317,0.015562749530475317,0.0013136250821015676,0.0003138750196171887,0.0005463750341484396,0.0005817461001465139,0.001186584026559285,0.016162055784851487,-0.01312692234413885,-0.006410985772065017
123,imports,mid_density,random,0.05,19,187950,65,0.9477907583818074,0.9421681690978644,0.005622589283942991,0.005622589283942991,0.050619845703644584,0.002553870710295291,0.030023942537909017,0.008086389595512054,0.04388331998351362,0.04495453488242855,-0.03163326601488216,0.001438484637980439
123,imports,low_density,random,0.05,19,120007,65,0.8672566649878599,0.860781579473055,0.0064750855148049125,0.0064750855148049125,0.05422183705950486,0.006407959535693751,0.0206237969451782,0.008756846624229932,0.07688723205964586,0.05029194673880716,-0.03161325151895216,0.0071758034025458705
123,imports,high_density,random,0.05,20,172043,65,0.8129382232413321,0.7959871648948642,0.01695105834646793,0.01695105834646793,0.014374313398394588,0.004283812767738298,0.003906000244125015,0.00793975695940705,0.008482813466466378,0.01718313475233201,-0.008773104469318218,-0.0045369552950868764
123,imports,mid_density,random,0.05,20,187950,65,0.9477907583818074,0.9428983776370643,0.0048923807447430745,0.0048923807447430745,0.04684224527799947,0.0029103484969406758,0.025522745411013566,0.009215114809885612,0.037304321453289886,0.04092595591392843,-0.02614193934814133,-0.002933377962885612
123,imports,low_density,random,0.05,20,120007,65,0.8672566649878599,0.863987114814148,0.003269550173711888,0.003269550173711888,0.05876323881106935,0.003033156399210046,0.023906938761905555,0.004144983317580879,0.08912705809257533,0.05503960165551128,-0.04578365578180053,0.010060982238274997
123,imports,high_density,important,0.1,0,172043,129,0.8129382232413321,0.7108214760722906,0.10211674716904151,0.10211674716904151,0.06786094174130886,0.00015693750980859435,0.06267037891689868,0.00029087305007325693,0.136103712493215,0.08092689948803487,-0.07574035303807113,-0.022334660416563644
123,imports,mid_density,important,0.1,0,187950,129,0.9477907583818074,0.838024652569147,0.10976610581266033,0.10976610581266033,0.27685554668794893,0.03427507315775472,0.19756318169725992,0.10852608702976803,0.28876048868116744,0.23340285572369937,-0.15492397429216212,-0.10084042104251527
123,imports,low_density,important,0.1,0,120007,129,0.8672566649878599,0.7533958117802539,0.11386085320760597,0.11386085320760597,0.19561358920729624,0.06730440724291083,0.07438732740590132,0.09197535784643064,0.2773221497359428,0.18037417795544522,-0.013900371560287473,-0.03992546170056912
123,imports,high_density,random,0.1,1,172043,129,0.8129382232413321,0.7933504112141786,0.01958781202715354,0.01958781202715354,0.028475439279714954,0.008323500520218782,0.017652563603285227,0.015427044729811256,0.038336762645324984,0.02935868039025101,-0.020065315653894415,-0.000855016203558846
123,imports,mid_density,random,0.1,1,187950,129,0.9477907583818074,0.9238309173918906,0.02395984098991677,0.02395984098991677,0.07182761372705507,0.011827613727055068,0.03934025006650705,0.0374500918142152,0.05750013609039513,0.07586603744733737,-0.038829870703830066,0.0036458044064850625
123,imports,low_density,random,0.1,1,120007,129,0.8672566649878599,0.8366901415194438,0.03056652346841615,0.03056652346841615,0.09037806127975868,0.01919888006532952,0.033506378794570316,0.026236377922270175,0.12491456974215595,0.08485626615937834,-0.03382415321520692,-0.0048152376349736405
123,imports,high_density,random,0.1,2,172043,129,0.8129382232413321,0.8081871822523282,0.0047510409890039185,0.0047510409890039185,0.042675377667211106,0.008707125544195346,0.008143313008957064,0.01613806774110144,0.017685151289463387,0.02900314567385387,0.005479781662223293,0.0024847292025208393
123,imports,mid_density,random,0.1,2,187950,129,0.9477907583818074,0.9317719669272407,0.01601879145456664,0.01601879145456664,0.06581005586592178,0.022942271880819366,0.01747273210960362,0.07264273319968328,0.025538334720159265,0.05853461919348887,0.01072544463156039,-0.010138962045841303
123,imports,low_density,random,0.1,2,120007,129,0.8672566649878599,0.8656136187964916,0.001643046191368347,0.001643046191368347,0.07498729240794287,0.03203146483121818,0.010174406492954577,0.043772845804343125,0.03793103448275862,0.06691554763025735,0.019442742775917454,-0.004229984735952972
123,imports,high_density,random,0.1,3,172043,129,0.8129382232413321,0.8051835815310373,0.0077546417102948295,0.0077546417102948295,0.02977743936108996,0.005213812825863301,0.011061188191324262,0.009663449107989313,0.02402201492066297,0.021744904911343742,-0.006444007424599633,-6.051390681181118e-05
123,imports,mid_density,random,0.1,3,187950,129,0.9477907583818074,0.921607686125332,0.026183072256475426,0.026183072256475426,0.08171854216546955,0.037068369247140194,0.016100026602819898,0.11737057564985932,0.023531973466261246,0.0781195656484925,0.01606718653355281,-0.015634004640056192
123,imports,low_density,random,0.1,3,120007,129,0.8672566649878599,0.8397985960050371,0.02745806898282277,0.02745806898282277,0.09695267776046397,0.05758830734873799,0.01180764455406768,0.07869774645000399,0.04401988195091643,0.08913057003014124,0.050049359095787324,-0.017392138921431516
123,imports,high_density,random,0.1,4,172043,129,0.8129382232413321,0.8429185480980212,-0.02998032485668911,-0.02998032485668911,0.01953581372098836,0.002726062670378917,0.01146806321675395,0.005052572610531759,0.024905641323419887,0.024395910444841053,-0.0009662254485180028,-0.010107885113883268
123,imports,mid_density,random,0.1,4,187950,129,0.9477907583818074,0.9347224286901301,0.01306832969167726,0.01306832969167726,0.06509177972865124,0.008012769353551476,0.039276403298749665,0.02537104735591907,0.05740681696230685,0.062401339818105354,-0.02891520505440393,-0.012309309349030548
123,imports,low_density,random,0.1,4,120007,129,0.8672566649878599,0.8519539811394974,0.01530268384836253,0.01530268384836253,0.0805286358295766,0.017957285824993542,0.0288649828759989,0.024539667718095584,0.10761105933519727,0.07281704644139897,-0.024432274402084213,-0.003607529296474765
123,imports,high_density,random,0.1,5,172043,129,0.8129382232413321,0.8282456075319474,-0.015307384290615289,-0.015307384290615289,0.04570369035648065,0.014874188429636778,0.0,0.02756830130138757,0.0,0.04116522560317795,0.041054061543900275,0.0029941124417058886
123,imports,mid_density,random,0.1,5,187950,129,0.9477907583818074,0.9109647911317755,0.036825967250031844,0.036825967250031844,0.17377494014365522,0.11295557329076882,0.0005533386538973131,0.3576542731515019,0.0008087657767650924,0.1359464856261125,0.1307422168977168,-0.0003345021880732039
123,imports,low_density,random,0.1,5,120007,129,0.8672566649878599,0.8471844892802386,0.02007217570762132,0.02007217570762132,0.16751522827835044,0.11953469380952778,0.0021498745906488787,0.16335105958982885,0.008014911463187325,0.15534136721798888,0.14793138182527088,-0.019948119509383532
123,imports,high_density,random,0.1,6,172043,129,0.8129382232413321,0.7274654819680929,0.08547274127323923,0.08547274127323923,0.06407700400481275,0.0,0.060083816255238516,0.0,0.13048637321854606,0.044743020905890274,-0.04320526911385747,-0.00970384199422867
123,imports,mid_density,random,0.1,6,187950,129,0.9477907583818074,0.9343837646960447,0.013406993685762703,0.013406993685762703,0.09392391593508911,0.001899441340782123,0.07034317637669593,0.00601425226166209,0.10281434937126238,0.10117108146734756,-0.09469322856150073,0.0049757998385054234
123,imports,low_density,random,0.1,6,120007,129,0.8672566649878599,0.841020487643677,0.02623617734418293,0.02623617734418293,0.10873532377277992,0.00601631571491663,0.05375519761347255,0.008221642734322512,0.20040385212799006,0.10454626243060534,-0.0858866267845019,0.016017795015801306
123,imports,high_density,random,0.1,7,172043,129,0.8129382232413321,0.8086595916747392,0.0042786315665929164,0.0042786315665929164,0.0035456252216015762,0.0011566875722929732,0.0003545625221601576,0.0021438421097991897,0.0007700172938310254,0.013073070305719432,-0.000977542365770557,-0.007565351798761187
123,imports,mid_density,random,0.1,7,187950,129,0.9477907583818074,0.9284320364650573,0.019358721916750032,0.019358721916750032,0.06371907422186751,0.02955041234370843,0.00880021282255919,0.09356626627807073,0.012862486488167912,0.05989160798211108,0.027959995741011403,-0.01816562358574516
123,imports,low_density,random,0.1,7,120007,129,0.8672566649878599,0.8349247083807747,0.03233195660708521,0.03233195660708521,0.09455281775229778,0.06022981992717091,0.007799545026540119,0.08230752587767744,0.02907735321528425,0.08949463424481073,0.05640119074006742,-0.02060047636099163
123,imports,high_density,random,0.1,8,172043,129,0.8129382232413321,0.7392550837405378,0.0736831395007943,0.0736831395007943,0.03679893979993374,0.0,0.03256162703510169,0.0,0.07071535868920335,0.051727677581345034,-0.05171108844348333,-0.004545234202962266
123,imports,mid_density,random,0.1,8,187950,129,0.9477907583818074,0.937279679663344,0.010511078718463351,0.010511078718463351,0.1937855812716148,0.0017185421654695397,0.16068635275339185,0.005441466331979986,0.23486091561617842,0.14840397640696218,-0.1423793469539039,-0.007532873973599604
123,imports,low_density,random,0.1,8,120007,129,0.8672566649878599,0.8608250529162669,0.00643161207159304,0.00643161207159304,0.11269342621680402,0.005583007657886623,0.05522177872957411,0.0076295022603823865,0.2058713886300093,0.10538600957744629,-0.08945386496284505,0.015081620957122534
123,imports,high_density,random,0.1,9,172043,129,0.8129382232413321,0.7674624262162953,0.04547579702503679,0.04547579702503679,0.044291252768203296,0.0,0.04044337752771109,0.0,0.08783246443403729,0.03381674408351278,-0.032200352504414345,-0.01022806895192844
123,imports,mid_density,random,0.1,9,187950,129,0.9477907583818074,0.9331991664767256,0.014591591905081747,0.014591591905081747,0.07531790369779197,0.0042617717478052675,0.05371109337589784,0.01349416263751074,0.07850471650426546,0.0700133042241036,-0.055305169731002086,-0.007402989999298741
123,imports,low_density,random,0.1,9,120007,129,0.8672566649878599,0.8555563802133176,0.011700284774542324,0.011700284774542324,0.07263742948328014,0.012924246085645004,0.025656836684526736,0.017661728366944896,0.09565082323703013,0.06785772141393207,-0.031921853359815865,4.3990692698946784e-05
123,imports,high_density,random,0.1,10,172043,129,0.8129382232413321,0.7394790275656026,0.07345919567572956,0.07345919567572956,0.035648064728004046,0.0,0.031625814476613404,0.0,0.06868301796286244,0.04058921551565766,-0.04031714920218124,-0.00036715531717566575
123,imports,mid_density,random,0.1,10,187950,129,0.9477907583818074,0.9286900613493194,0.019100697032487957,0.019100697032487957,0.17642458100558658,0.007193402500665071,0.13740356477786644,0.02277666402735895,0.2008305402399857,0.1407409432202321,-0.11944037935595547,-0.015714074517096988
123,imports,low_density,random,0.1,10,120007,129,0.8672566649878599,0.864313432014427,0.0029432329734329077,0.0029432329734329077,0.117126500954111,0.005574674810636046,0.05872157457481647,0.0076181149435758455,0.21891891891891893,0.108974238428871,-0.09435710367126665,0.01629957075820262
123,imports,high_density,random,0.1,11,172043,129,0.8129382232413321,0.7124379929850742,0.10050023025625798,0.10050023025625798,0.057485628592851785,0.00015693750980859435,0.05243456577716036,0.00029087305007325693,0.11387419684671607,0.05201280142286276,-0.049356865794083625,-0.008367469248521359
123,imports,mid_density,random,0.1,11,187950,129,0.9477907583818074,0.9312530340322435,0.01653772434956391,0.01653772434956391,0.08652833200319233,0.0009204575685022613,0.06194732641660016,0.0029144695833824693,0.09054288402765356,0.0920776671076303,-0.08463443105309142,-0.00250961795061868
123,imports,low_density,random,0.1,11,120007,129,0.8672566649878599,0.8486993268072298,0.0185573381806301,0.0185573381806301,0.10353562708841985,0.00522469522611181,0.05033039739348538,0.007139847637701128,0.1876359117738428,0.09549838236978071,-0.07720389709706525,0.00985091304532833
123,imports,high_density,random,0.1,12,172043,129,0.8129382232413321,0.6609718563211959,0.1519663669201362,0.1519663669201362,0.09375563085972694,0.0,0.08943694308980894,0.0,0.19423370656029487,0.08088297110691112,-0.08055076970161609,0.0016521844391509555
123,imports,mid_density,random,0.1,12,187950,129,0.9477907583818074,0.9255174003685769,0.022273358013230493,0.022273358013230493,0.2422239957435488,0.004251130619845704,0.2027241287576483,0.01346046934752944,0.2963037848683034,0.2026089725474961,-0.1872799899579835,0.0061563195333003765
123,imports,low_density,random,0.1,12,120007,129,0.8672566649878599,0.8493656284642281,0.017891036523631776,0.017891036523631776,0.15911571824976875,0.004741390085578341,0.08917813127567559,0.006479383262921758,0.3324634979807394,0.14806820649818192,-0.1352105766311079,0.02921060857740648
123,imports,high_density,random,0.1,13,172043,129,0.8129382232413321,0.6380620248531456,0.17487619838818658,0.17487619838818658,0.10393331899583244,0.0,0.09961463122591445,0.0,0.21633698986354283,0.10107485339622475,-0.10107485339622475,-0.0011237651439255055
123,imports,mid_density,random,0.1,13,187950,129,0.9477907583818074,0.933055775510675,0.014734982871132396,0.014734982871132396,0.27974461292897046,8.51290236765097e-05,0.24203245544027666,0.0002695463198504018,0.35375726139465435,0.2510326711395591,-0.2505770495355256,-0.01660468295445031
123,imports,low_density,random,0.1,13,120007,129,0.8672566649878599,0.8615770382068676,0.0056796267809923195,0.0056796267809923195,0.1844142425025207,0.0007499562525519344,0.10767705217195664,0.0010248585125886788,0.40142901522211866,0.17779236767797157,-0.17613756856925672,0.043617856478076276
123,imports,high_density,random,0.1,14,172043,129,0.8129382232413321,0.7923891185481161,0.020549104693216025,0.020549104693216025,0.0022668751416796964,0.0,0.001581000098812506,0.0,0.0034335197364268673,0.019947275292521213,-0.01662127821344031,0.004421313234964205
123,imports,mid_density,random,0.1,14,187950,129,0.9477907583818074,0.9382534973234308,0.0095372610583766,0.0095372610583766,0.05011439212556531,0.007645650438946528,0.02610268688480979,0.02420862885156421,0.03815197020009176,0.04727611486148208,-0.016217084494647392,0.002400496055789837
123,imports,low_density,random,0.1,14,120007,129,0.8672566649878599,0.8504684198769233,0.016788245110936573,0.016788245110936573,0.06580449473780696,0.02562350529552443,0.015740748456340048,0.03501599918011319,0.05868282075178627,0.06232960281942827,0.005852862491052538,-0.00905467168608734
123,imports,high_density,random,0.1,15,172043,129,0.8129382232413321,0.82493658842859,-0.011998365187257831,-0.011998365187257831,0.008247938015496127,0.0033770627110664194,0.0,0.006259157114539343,0.0,0.014104913423006491,-0.0007481768642936339,-0.0033427872688746234
123,imports,mid_density,random,0.1,15,187950,129,0.9477907583818074,0.9354052457151062,0.012385512666701182,0.012385512666701182,0.057456770417664275,0.022681564245810054,0.013386538973131152,0.07181724759514142,0.01956591052250935,0.0521510065914927,0.011859513190909323,-0.003339920218819774
123,imports,low_density,random,0.1,15,120007,129,0.8672566649878599,0.8638308471502539,0.0034258178376059822,0.0034258178376059822,0.07085420017165665,0.03426466789437283,0.0057746631446498956,0.04682464670849608,0.02152842497670084,0.06591723626760748,0.029758532234930916,-0.004754405520118601
123,imports,high_density,random,0.1,16,172043,129,0.8129382232413321,0.8103026419395911,0.002635581301741019,0.002635581301741019,0.02013450125840633,0.001662375103898444,0.012903750806484425,0.0030810997155907953,0.028023580201719283,0.02291362132159064,-0.013145210057473159,-0.002391763735140888
123,imports,mid_density,random,0.1,16,187950,129,0.9477907583818074,0.934475609443012,0.013315148938795374,0.013315148938795374,0.06467677573822825,0.009236499068901304,0.032769353551476456,0.029245775703768594,0.04789604249130966,0.0641967981677017,-0.030131755575284348,0.0040810905391401595
123,imports,low_density,random,0.1,16,120007,129,0.8672566649878599,0.851141557461538,0.016115107526321948,0.016115107526321948,0.08228686659944837,0.03239811011024357,0.01759064054596815,0.04427388774383092,0.0655793724759242,0.07786085759009437,0.010180579189623855,-0.006154868327873899
123,imports,high_density,random,0.1,17,172043,129,0.8129382232413321,0.8292852621915886,-0.016347038950256465,-0.016347038950256465,0.06605325412832838,0.025836564114785257,0.0,0.047886322502801,0.0,0.06603924388549953,0.06603924388549953,0.01917956246379581
123,imports,mid_density,random,0.1,17,187950,129,0.9477907583818074,0.8840155156674125,0.06377524271439483,0.06377524271439483,0.2302580473530194,0.15904761904761905,1.0641127959563713e-05,0.5035967587055038,1.5553188014713317e-05,0.20308681310387053,0.20297680728812625,0.04172391625878792
123,imports,low_density,random,0.1,17,120007,129,0.8672566649878599,0.8515672793223522,0.015689385665507705,0.015689385665507705,0.2780837784462573,0.2124376078062113,0.0,0.29030825466595306,0.0,0.25330494259739034,0.2532094943955702,-0.007138768427398844
123,imports,high_density,random,0.1,18,172043,129,0.8129382232413321,0.8258889444420232,-0.012950721200691073,-0.012950721200691073,0.002429625151851572,0.00046500002906250184,0.0006742500421406276,0.0008618460742911316,0.0014642951817114582,0.012226413575433213,-0.003327917060988184,-0.006980758909520957
123,imports,mid_density,random,0.1,18,187950,129,0.9477907583818074,0.9430106319638869,0.004780126417920472,0.004780126417920472,0.03772279861665336,0.004910880553338654,0.019648842777334398,0.015549453326370054,0.02871896166916814,0.03826598508543101,-0.011271831792110004,-0.00648054735328708
123,imports,low_density,random,0.1,18,120007,129,0.8672566649878599,0.8642640204693228,0.002992644518537091,0.002992644518537091,0.06030481555242611,0.012232619763847109,0.016190722207871207,0.016716581072002003,0.06036036036036036,0.057508080130011165,-0.020492204323397833,0.0021672766302924685
123,imports,high_density,random,0.1,19,172043,129,0.8129382232413321,0.6922083965718514,0.12072982666948073,0.12072982666948073,0.08098556756159797,0.00015693750980859435,0.07564969222810576,0.00029087305007325693,0.16429139474116058,0.07842659087254886,-0.07722818416387821,-0.004206257806686116
123,imports,mid_density,random,0.1,19,187950,129,0.9477907583818074,0.9191518256456301,0.028638932736177236,0.028638932736177236,0.14424581005586593,0.0006650704974727321,0.11658951848895983,0.002105830623831264,0.17040850448320644,0.15059133506656625,-0.14578088459420369,-0.012650869218116199
123,imports,low_density,random,0.1,19,120007,129,0.8672566649878599,0.8541857954751656,0.013070869512694316,0.013070869512694316,0.12920912946744773,0.000999941670069246,0.06762938828568334,0.001366478016784905,0.25212799005902453,0.12551135374287734,-0.12165208225192553,0.029428176437134947
123,imports,high_density,random,0.1,20,172043,129,0.8129382232413321,0.806062812294702,0.006875410946630134,0.006875410946630134,0.016652813540800847,0.00015693750980859435,0.013845375865335992,0.00029087305007325693,0.030068544162385285,0.016131035381946983,-0.006250433270723843,-0.0015499603903974546
123,imports,mid_density,random,0.1,20,187950,129,0.9477907583818074,0.9372042811307743,0.010586477251033122,0.010586477251033122,0.04832136206437882,0.019116786379356213,0.006171854216546954,0.06052999545140585,0.009020849048533723,0.048914754610224154,0.014349502302628271,-0.009153485635986358
123,imports,low_density,random,0.1,20,120007,129,0.8672566649878599,0.8654880774315469,0.0017685875563130393,0.0017685875563130393,0.07085420017165665,0.03355637587807378,0.006866266134475489,0.0458567247799401,0.025598011804908356,0.06463438521091946,0.028612937109868345,-0.007427937059144377
2024,header,high_density,important,0.01,0,120000,1,0.9934081146729975,0.9890907814045986,0.004317333268398893,0.004317333268398893,0.026891666666666668,0.012616666666666667,0.0,0.047797947908445146,0.0,0.0604741819810524,0.0604741819810524,-0.04468693072398804
2024,header,mid_density,important,0.01,0,239993,1,0.93604507858266,0.7793943119591382,0.15665076662352173,0.15665076662352173,0.2661744300875442,0.24554049493110217,0.0,0.368938725167947,0.0,0.2310971520896874,0.2310971520896874,-0.11444503415284099
2024,header,low_density,important,0.01,0,120007,1,0.8826176495903827,0.7628362444376818,0.11978140515270086,0.11978140515270086,0.19600523302807335,0.15819910505220527,0.0,0.3906217851117238,0.0,0.14823831846554708,0.14823831846554708,-0.035119718283353696
2024,header,high_density,random,0.01,1,120000,1,0.9934081146729975,0.9890907814045986,0.004317333268398893,0.004317333268398893,0.026891666666666668,0.012616666666666667,0.0,0.047797947908445146,0.0,0.0604741819810524,0.0604741819810524,-0.04468693072398804
2024,header,mid_density,random,0.01,1,239993,1,0.93604507858266,0.7793943119591382,0.15665076662352173,0.15665076662352173,0.2661744300875442,0.24554049493110217,0.0,0.368938725167947,0.0,0.2310971520896874,0.2310971520896874,-0.11444503415284099
2024,header,low_density,random,0.01,1,120007,1,0.8826176495903827,0.7628362444376818,0.11978140515270086,0.11978140515270086,0.19600523302807335,0.15819910505220527,0.0,0.3906217851117238,0.0,0.14823831846554708,0.14823831846554708,-0.035119718283353696
2024,header,high_density,random,0.01,2,120000,1,0.9934081146729975,0.9933629542719441,4.5160401053401245e-05,4.5160401053401245e-05,0.0,0.0,0.0,0.0,0.0,0.00019586200534136867,-0.00019586200534136867,0.00019586200534136867
2024,header,mid_density,random,0.01,2,239993,1,0.93604507858266,0.9360912737785988,-4.6195195938847355e-05,-4.6195195938847355e-05,0.0008125236986078761,0.0,0.00044167954898684546,0.0,0.0013205431668120095,0.0012961700676791235,-0.0012961700676791235,0.0010930095466530998
2024,header,low_density,random,0.01,2,120007,1,0.8826176495903827,0.8824561276242928,0.00016152196608987257,0.00016152196608987257,0.0013582541018440592,0.0,0.0009582774338163608,0.0,0.0016105314753868778,0.0010611713333912452,-0.0010611713333912452,0.0003038663179372853
2024,header,high_density,random,0.01,3,120000,1,0.9934081146729975,0.9934081146729975,0.0,0.0,0.0,0.0,0.0,0.0,0.0,4.110309047228431e-08,4.110309047228431e-08,-4.110309047228126e-08
2024,header,mid_density,random,0.01,3,239993,1,0.93604507858266,0.9359309024675218,0.00011417611513819814,0.00011417611513819814,0.00010000291675173859,0.00010000291675173859,0.0,0.0001502601378636765,0.0,0.00015872126099217437,0.00015872126099217437,-0.00010916131936262433
2024,header,low_density,random,0.01,3,120007,1,0.8826176495903827,0.8824774152137833,0.00014023437659937965,0.00014023437659937965,5.832993075403935e-05,5.832993075403935e-05,0.0,0.00014402699477387762,0.0,0.0001707981191954929,0.0001707981191954929,-0.00014973307109400358
2024,header,high_density,random,0.01,4,120000,1,0.9934081146729975,0.9927187498813197,0.0006893647916778045,0.0006893647916778045,0.015341666666666667,0.009383333333333334,0.0,0.035548539857932125,0.0,0.009162602714226151,0.009162602714226151,0.0006043339012347659
2024,header,mid_density,random,0.01,4,239993,1,0.93604507858266,0.9366900473400472,-0.0006449687573872875,-0.0006449687573872875,0.02703412182855333,0.01434208497747851,0.0,0.02154980810528227,0.0,0.016303925398090217,0.016303925398090217,-0.0015134457488375776
2024,header,low_density,random,0.01,4,120007,1,0.8826176495903827,0.8849535764892205,-0.00233592689883777,-0.00233592689883777,0.02223203646453957,0.008182856000066662,0.0,0.02020492983827826,0.0,0.015962891108943767,0.015962891108943767,0.005628814935875495
2024,header,high_density,random,0.01,5,120000,1,0.9934081146729975,0.9928574533806968,0.000550661292300747,0.000550661292300747,0.001958333333333333,0.0,0.001958333333333333,0.0,0.0026606283611661477,0.022371455421863595,-0.022371455421863595,-0.006668068936541692
2024,header,mid_density,random,0.01,5,239993,1,0.93604507858266,0.9365900537764584,-0.0005449751937984804,-0.0005449751937984804,0.03705108065651915,0.0,0.02386736279808161,0.0,0.07135916282546406,0.03965293493026563,-0.03965293493026563,0.009654587363239311
2024,header,low_density,random,0.01,5,120007,1,0.8826176495903827,0.8814010144478496,0.0012166351425331179,0.0012166351425331179,0.06984592565433682,0.0,0.05153032739756847,0.0,0.0866045795112387,0.04583702874426666,-0.04583702874426666,-0.002763847447751127
2024,header,high_density,random,0.01,6,120000,1,0.9934081146729975,0.9888205978539025,0.004587516819094972,0.004587516819094972,0.5142833333333333,0.0,0.505475,0.0,0.6867478063968299,0.4386649794574159,-0.4386649794574159,-0.12308088326377428
2024,header,mid_density,random,0.01,6,239993,1,0.93604507858266,0.9358249403985396,0.00022013818412036645,0.00022013818412036645,0.2565866504439713,0.0,0.20621434791848095,0.0,0.6165441634483618,0.25460913019831716,-0.25460913019831716,0.10462625177488127
2024,header,low_density,random,0.01,6,120007,1,0.8826176495903827,0.879856645170582,0.00276100441980065,0.00276100441980065,0.4497071004191422,0.0,0.37065337855291774,0.0,0.6229395700581192,0.38805687985442205,-0.38805687985442205,0.08809813318100393
2024,header,high_density,random,0.01,7,120000,1,0.9934081146729975,0.9931268773773761,0.00028123729562135047,0.00028123729562135047,0.0265,0.01375,0.0,0.05209155485398579,0.0,0.011149494196659612,0.011149494196659612,-0.0009586609968793857
2024,header,mid_density,random,0.01,7,239993,1,0.93604507858266,0.9359397752784324,0.00010530330422753309,0.00010530330422753309,0.030071710424887394,0.016096302808831925,0.0,0.02418562135697426,0.0,0.024776698232367216,0.024776698232367216,-0.010470399402759078
2024,header,low_density,random,0.01,7,120007,1,0.8826176495903827,0.8820204707099041,0.0005971788804786105,0.0005971788804786105,0.025831826476788854,0.009274458989892256,0.0,0.02290029216904654,0.0,0.01994150329449289,0.01994150329449289,-0.001406470020211363
2024,header,high_density,random,0.01,8,120000,1,0.9934081146729975,0.9934081146729975,0.0,0.0,0.0,0.0,0.0,0.0,0.0,1.6867724181490104e-05,-1.6867724181490104e-05,-1.6867724181490104e-05
2024,header,mid_density,random,0.01,8,239993,1,0.93604507858266,0.9360386420937805,6.436488879435487e-06,6.436488879435487e-06,0.0,0.0,0.0,0.0,0.0,5.091595685992652e-05,-5.091595685992652e-05,-5.091595685992652e-05
2024,header,low_density,random,0.01,8,120007,1,0.8826176495903827,0.8820954799491881,0.0005221696411945587,0.0005221696411945587,0.0005583007657886624,0.0,0.0005583007657886624,0.0,0.0009383096421819201,0.000734772075054476,-0.000734772075054476,-9.106063424987763e-05
2024,header,high_density,random,0.01,9,120000,1,0.9934081146729975,0.9920538684644566,0.0013542462085408546,0.0013542462085408546,0.025883333333333335,0.0144,0.0,0.05455406471981058,0.0,0.015925881128209897,0.015925881128209897,0.008640800937048325
2024,header,mid_density,random,0.01,9,239993,1,0.93604507858266,0.9365910976916222,-0.0005460191089622368,-0.0005460191089622368,0.013229552528615417,0.005016812990378886,0.0,0.007538050249494437,0.0,0.016744550280983463,0.016744550280983463,0.0030577593018340232
2024,header,low_density,random,0.01,9,120007,1,0.8826176495903827,0.8801901708136501,0.00242747877673255,0.00242747877673255,0.019732182289366455,0.011224345246527287,0.0,0.027714908851487592,0.0,0.020570595602783064,0.020570595602783064,0.005869090946202515
2024,header,high_density,random,0.01,10,120000,1,0.9934081146729975,0.9927985977739259,0.0006095168990716271,0.0006095168990716271,0.04464166666666667,0.017725,0.0,0.0671507498026835,0.0,0.03885251108559079,0.03885251108559079,0.00889941385013743
2024,header,mid_density,random,0.01,10,239993,1,0.93604507858266,0.9357786694672733,0.00026640911538666767,0.00026640911538666767,0.0850024792389778,0.04457213335388949,0.0,0.06697219561365614,0.0,0.07926608475368487,0.07926608475368487,-0.014467710957532482
2024,header,low_density,random,0.01,10,120007,1,0.8826176495903827,0.8836297135826108,-0.001012063992228085,-0.001012063992228085,0.08864482905163866,0.038606081311923474,0.0,0.09532529525533928,0.0,0.08191705550817566,0.08191705550817566,0.0149061091694315
2024,header,high_density,random,0.01,11,120000,1,0.9934081146729975,0.9927985977739259,0.0006095168990716271,0.0006095168990716271,0.04464166666666667,0.017725,0.0,0.0671507498026835,0.0,0.03885251108559079,0.03885251108559079,0.00889941385013743
2024,header,mid_density,random,0.01,11,239993,1,0.93604507858266,0.9357786694672733,0.00026640911538666767,0.00026640911538666767,0.0850024792389778,0.04457213335388949,0.0,0.06697219561365614,0.0,0.07926608475368487,0.07926608475368487,-0.014467710957532482
2024,header,low_density,random,0.01,11,120007,1,0.8826176495903827,0.8836297135826108,-0.001012063992228085,-0.001012063992228085,0.08864482905163866,0.038606081311923474,0.0,0.09532529525533928,0.0,0.08191705550817566,0.08191705550817566,0.0149061091694315
2024,header,high_density,random,0.01,12,120000,1,0.9934081146729975,0.9933741549235521,3.395974944542246e-05,3.395974944542246e-05,0.0,0.0,0.0,0.0,0.0,0.0003647841740868366,-0.0003647841740868366,-0.0003647841740868366
2024,header,mid_density,random,0.01,12,239993,1,0.93604507858266,0.935833864141653,0.00021121444100691278,0.00021121444100691278,2.9167517385923757e-05,0.0,2.9167517385923757e-05,0.0,8.720568082720817e-05,0.0005702322033779145,-0.0005702322033779145,-0.0005700157977319833
2024,header,low_density,random,0.01,12,120007,1,0.8826176495903827,0.8801631398367222,0.002454509753660461,0.002454509753660461,0.003924771055021791,0.0,0.003908105360520636,0.0,0.00656816749527344,0.003239094443427815,-0.003239094443427815,-0.001644905200201486
2024,header,high_density,random,0.01,13,120000,1,0.9934081146729975,0.9935467252387066,-0.00013861056570907415,-0.00013861056570907415,0.03915,0.01649166666666667,0.0,0.062478295185477505,0.0,0.036447665663309724,0.036447665663309724,0.013987442565773738
2024,header,mid_density,random,0.01,13,239993,1,0.93604507858266,0.93604507858266,0.0,0.0,0.06797281587379632,0.034684344960061335,0.0,0.05211522448238513,0.0,0.06619773292080892,0.06619773292080892,-0.009776249520562918
2024,header,low_density,random,0.01,13,120007,1,0.8826176495903827,0.8821721033996113,0.00044554619077141755,0.00044554619077141755,0.08020365478680411,0.033906355462598015,0.0,0.08372083453355829,0.0,0.07154838963533405,0.07154838963533405,0.012514498444417816
2024,header,high_density,random,0.01,14,120000,1,0.9934081146729975,0.9913010750146717,0.0021070396583258155,0.0021070396583258155,0.031483333333333335,0.016016666666666665,0.0,0.060678768745067085,0.0,0.015769056180873067,0.015769056180873067,-0.005514933755798265
2024,header,mid_density,random,0.01,14,239993,1,0.93604507858266,0.9379929338019004,-0.0019478552192404575,-0.0019478552192404575,0.02138812382027809,0.004512631618422204,0.0,0.006780488721098402,0.0,0.015618199375292128,0.015618199375292128,-0.007652316862082041
2024,header,low_density,random,0.01,14,120007,1,0.8826176495903827,0.8787519818785579,0.0038656677118248384,0.0038656677118248384,0.025048538835234613,0.008574499820843785,0.0,0.02117196823176001,0.0,0.0172168972380905,0.0172168972380905,-0.00030458769344732353
2024,header,high_density,random,0.01,15,120000,1,0.9934081146729975,0.9936915677217245,-0.0002834530487270115,-0.0002834530487270115,0.08779166666666667,0.048558333333333335,0.0,0.18396211523283346,0.0,0.11557045908584584,0.11557045908584584,0.03788131278900787
2024,header,mid_density,random,0.01,15,239993,1,0.93604507858266,0.93604507858266,0.0,0.0,0.28773339222393984,0.20616017967190708,0.0,0.3097675350450467,0.0,0.2787777225625344,0.2787777225625344,-0.02871742541206693
2024,header,low_density,random,0.01,15,120007,1,0.8826176495903827,0.8826176495903827,0.0,0.0,0.2521769563442133,0.1515494929462448,0.0,0.37420270770750175,0.0,0.2502283023088997,0.2502283023088997,0.05177983213647461
2024,header,high_density,random,0.01,16,120000,1,0.9934081146729975,0.9901501587356195,0.0032579559373779876,0.0032579559373779876,0.4287916666666667,0.0,0.4199833333333333,0.0,0.5705972261534107,0.3683200083536202,-0.3683200083536202,-0.14048232348869466
2024,header,mid_density,random,0.01,16,239993,1,0.93604507858266,0.9360451618837207,-8.330106071596788e-08,-8.330106071596788e-08,0.24354460338426537,0.0,0.19322230231715093,0.0,0.5777002616170425,0.2386389047305504,-0.2386389047305504,0.0944930966481208
2024,header,low_density,random,0.01,16,120007,1,0.8826176495903827,0.8829583682989035,-0.0003407187085208152,-0.0003407187085208152,0.41935053788529003,0.0,0.3410467722716175,0.0,0.5731811497794272,0.3539635722104935,-0.3539635722104935,0.07143171335102261
2024,header,high_density,random,0.01,17,120000,1,0.9934081146729975,0.9930899937917629,0.0003181208812346181,0.0003181208812346181,0.000325,0.00014166666666666668,0.0,0.0005367008681925809,0.0,0.0028012899159240707,0.0028012899159240707,0.001314746590531867
2024,header,mid_density,random,0.01,17,239993,1,0.93604507858266,0.9363230848748243,-0.0002780062921643456,-0.0002780062921643456,0.0009083598271616255,0.00037084414962103063,0.0,0.0005572146779111337,0.0,0.0009342853506412853,0.0009342853506412853,-0.00016644589063187186
2024,header,low_density,random,0.01,17,120007,1,0.8826176495903827,0.8826484118097312,-3.076221934850132e-05,-3.076221934850132e-05,0.002141541743398302,0.0005499679185380853,0.0,0.001357968807867989,0.0,0.0019702933556478945,0.0019702933556478945,0.0006230193575155709
2024,header,high_density,random,0.01,18,120000,1,0.9934081146729975,0.9924686090845788,0.0009395055884187098,0.0009395055884187098,0.107875,0.0,0.0997,0.0,0.1354542881403906,0.12585932738993116,-0.12585932738993116,-0.054526970930767374
2024,header,mid_density,random,0.01,18,239993,1,0.93604507858266,0.9280634108358212,0.007981667746838728,0.007981667746838728,0.15397115749209353,0.0,0.11314913351639423,0.0,0.3382957518375483,0.13231236568723767,-0.13231236568723767,0.0348808094984411
2024,header,low_density,random,0.01,18,120007,1,0.8826176495903827,0.8692970530610479,0.013320596529334816,0.013320596529334816,0.23529460781454414,0.0,0.17948119693017908,0.0,0.30164554302919966,0.18026940429769828,-0.18026940429769828,0.007953355147248703
2024,header,high_density,random,0.01,19,120000,1,0.9934081146729975,0.9934081146729975,0.0,0.0,0.0,0.0,0.0,0.0,0.0,0.0,0.0,0.0
2024,header,mid_density,random,0.01,19,239993,1,0.93604507858266,0.93604507858266,0.0,0.0,0.0,0.0,0.0,0.0,0.0,0.0,0.0,0.0
2024,header,low_density,random,0.01,19,120007,1,0.8826176495903827,0.8826176495903827,0.0,0.0,0.0,0.0,0.0,0.0,0.0,0.0,0.0,0.0
2024,header,high_density,random,0.01,20,120000,1,0.9934081146729975,0.9935467252387066,-0.00013861056570907415,-0.00013861056570907415,0.03915,0.01649166666666667,0.0,0.062478295185477505,0.0,0.036447665663309724,0.036447665663309724,0.013987442565773738
2024,header,mid_density,random,0.01,20,239993,1,0.93604507858266,0.93604507858266,0.0,0.0,0.06797281587379632,0.034684344960061335,0.0,0.05211522448238513,0.0,0.06619773292080892,0.06619773292080892,-0.009776249520562918
2024,header,low_density,random,0.01,20,120007,1,0.8826176495903827,0.8821721033996113,0.00044554619077141755,0.00044554619077141755,0.08020365478680411,0.033906355462598015,0.0,0.08372083453355829,0.0,0.07154838963533405,0.07154838963533405,0.012514498444417816
2024,header,high_density,important,0.05,0,120000,4,0.9934081146729975,0.9935621643804463,-0.0001540497074488112,-0.0001540497074488112,0.055808333333333335,0.024433333333333335,0.0,0.09256511444356748,0.0,0.0556157597658915,0.05284856551508523,0.0017295705358812044
2024,header,mid_density,important,0.05,0,239993,4,0.93604507858266,0.7847255302707432,0.15131954831191674,0.15131954831191674,0.39251561503877197,0.32600117503427184,0.0008666919451817345,0.48983552775743006,0.0025912545160084715,0.2996468675836488,0.29535584914352603,-0.02593061423086955
2024,header,low_density,important,0.05,0,120007,4,0.8826176495903827,0.7460220506774067,0.136595598912976,0.136595598912976,0.30652378611247677,0.20767121917888123,0.009816094061179765,0.5127772519649397,0.01649744415657167,0.2411135816253881,0.22189292071495986,0.001749909500247096
2024,header,high_density,random,0.05,1,120000,4,0.9934081146729975,0.9934931613107311,-8.504663773356569e-05,-8.504663773356569e-05,0.058458333333333334,0.01951666666666667,0.0,0.07393843725335437,0.0,0.07613060527915254,0.07603127600199704,0.005334989993612941
2024,header,mid_density,random,0.05,1,239993,4,0.93604507858266,0.9302010730594596,0.005844005523200302,0.005844005523200302,0.12252024017367173,0.06833115965882339,0.0,0.10267150003443462,0.0,0.13139147688662697,0.1313911097992148,-0.031013094720412596
2024,header,low_density,random,0.05,1,120007,4,0.8826176495903827,0.870060630830774,0.012557018759608685,0.012557018759608685,0.12850917029839926,0.0666627780046164,9.166131975634754e-05,0.16460227974157443,0.00015405083677613612,0.12255450670306359,0.12242992488533078,0.015156238684007206
2024,header,high_density,random,0.05,2,120000,4,0.9934081146729975,0.9931553075735801,0.0002528070994174403,0.0002528070994174403,0.05143333333333333,0.019,0.0,0.07198105761641674,0.0,0.05450026423619803,0.05450026423619803,0.022371459376538692
2024,header,mid_density,random,0.05,2,239993,4,0.93604507858266,0.9342969126191084,0.00174816596355154,0.00174816596355154,0.11211993683149092,0.06260182588658836,0.0,0.09406284630266148,0.0,0.1088022969198825,0.1088022969198825,-0.014200522352700525
2024,header,low_density,random,0.05,2,120007,4,0.8826176495903827,0.8820104488849453,0.0006072007054374051,0.0006072007054374051,0.11899305873824027,0.056296716024898545,0.0,0.1390066252417596,0.0,0.11633130101502445,0.11632591167807567,0.022495660158288504
2024,header,high_density,random,0.05,3,120000,4,0.9934081146729975,0.9884413319807315,0.004966782692266025,0.004966782692266025,0.705575,0.0,0.6967666666666666,0.0,0.9466402490801019,0.6834471892179416,-0.6834471892179416,0.08328307688953435
2024,header,mid_density,random,0.05,3,239993,4,0.93604507858266,0.9349935758463852,0.0010515027362747453,0.0010515027362747453,0.29784202039226143,0.0,0.2474697178667711,0.0,0.7398903700012458,0.31619030470912163,-0.31619030470912163,0.13979415748759558
2024,header,low_density,random,0.05,3,120007,4,0.8826176495903827,0.8743075546398152,0.008310094950567448,0.008310094950567448,0.5578007949536277,0.0,0.4771804978042947,0.0,0.8019746516350396,0.5322229835462825,-0.5322229835462825,0.16533728954135685
2024,header,high_density,random,0.05,4,120000,4,0.9934081146729975,0.9933217714318777,8.634324111977953e-05,8.634324111977953e-05,0.006141666666666667,0.00031666666666666665,0.0,0.0011996842936069455,0.0,0.0070586277021109445,0.0070586277021109445,0.003110433239598377
2024,header,mid_density,random,0.05,4,239993,4,0.93604507858266,0.936612942302805,-0.0005678637201450565,-0.0005678637201450565,0.01186284599967499,0.005245986341268287,0.0,0.007882396398765363,0.0,0.012183002984652108,0.012183002984652108,0.0011656878549839136
2024,header,low_density,random,0.05,4,120007,4,0.8826176495903827,0.8822796034645675,0.00033804612581522786,0.00033804612581522786,0.013482546851433666,0.006649612105960485,0.0,0.01641907740422205,0.0,0.01128222034713682,0.01128222034713682,0.00345774475494744
2024,header,high_density,random,0.05,5,120000,4,0.9934081146729975,0.9825970610174316,0.010811053655565894,0.010811053655565894,0.11285833333333334,0.073625,0.0,0.2789265982636148,0.0,0.20130628177171486,0.20130628177171486,0.0022019023109303027
2024,header,mid_density,random,0.05,5,239993,4,0.93604507858266,0.9180082258408998,0.018036852741760145,0.018036852741760145,0.5946006758530458,0.507652306525607,0.0,0.7627768073477207,0.0,0.5449993284514267,0.5449993284514267,0.038811390899037616
2024,header,low_density,random,0.05,5,120007,4,0.8826176495903827,0.8629215515487421,0.01969609804164063,0.01969609804164063,0.3949269625938487,0.2802836501204096,0.0,0.6920702851734497,0.0,0.40317571541295827,0.4031752334731566,0.1316837486926468
2024,header,high_density,random,0.05,6,120000,4,0.9934081146729975,0.9874605161258904,0.005947598547107136,0.005947598547107136,0.6922916666666666,0.0,0.6834833333333333,0.0,0.928593263515426,0.6254923285539759,-0.6254923285539759,0.03564144179902638
2024,header,mid_density,random,0.05,6,239993,4,0.93604507858266,0.9265670196370496,0.00947805894561038,0.00947805894561038,0.279645656331643,0.0,0.22927335380615269,0.0,0.6854864831194718,0.2937582038712223,-0.2937582038712223,0.12654507835921994
2024,header,low_density,random,0.05,6,120007,4,0.8826176495903827,0.8835573273643904,-0.0009396777740077189,-0.0009396777740077189,0.5089869757597474,0.0,0.42907497062671346,0.0,0.7211259715706183,0.47222337612765647,-0.47222337612765647,0.12992086031416897
2024,header,high_density,random,0.05,7,120000,4,0.9934081146729975,0.9896357294209451,0.003772385252052368,0.003772385252052368,0.28836666666666666,0.24913333333333335,0.0,0.9438358326756117,0.0,0.2962964535415036,0.2962964535415036,0.06880500598034482
2024,header,mid_density,random,0.05,7,239993,4,0.93604507858266,0.7855993457219591,0.15044573286070084,0.15044573286070084,0.6724071118740963,0.5854462421820636,0.0,0.8796666729275058,0.0,0.6337976530633902,0.6337976530633902,0.10906383830404637
2024,header,low_density,random,0.05,7,120007,4,0.8826176495903827,0.7603016911921825,0.1223159583982002,0.1223159583982002,0.4162340530135742,0.3012490938028615,0.0,0.7438377021521748,0.0,0.42743850273996986,0.42743850273996986,0.14292416231131466
2024,header,high_density,random,0.05,8,120000,4,0.9934081146729975,0.9914191526013273,0.0019889620716702083,0.0019889620716702083,0.05395833333333333,0.0,0.05313333333333333,0.0,0.07218794225870365,0.0885086490562532,-0.08847717598060775,-0.04413675008346192
2024,header,mid_density,random,0.05,8,239993,4,0.93604507858266,0.9369061468656775,-0.0008610682830175742,-0.0008610682830175742,0.09107348964344793,0.0,0.06202680911526586,0.0,0.18544910925626013,0.08906890543190935,-0.08902063364356634,0.02131727836187526
2024,header,low_density,random,0.05,8,120007,4,0.8826176495903827,0.8831872845885732,-0.0005696349981905158,-0.0005696349981905158,0.15416600698292598,4.99970835034623e-05,0.11309340288483172,0.00012345170980618083,0.19007072333870176,0.12020774395578455,-0.11956966242936139,0.004830295316257767
2024,header,high_density,random,0.05,9,120000,4,0.9934081146729975,0.9902443019709757,0.0031638127020218176,0.0031638127020218176,0.6808083333333333,0.0,0.672,0.0,0.9129917916784602,0.5479464193248125,-0.5479464193248125,-0.029195240099067488
2024,header,mid_density,random,0.05,9,239993,4,0.93604507858266,0.9334004676314069,0.0026446109512530125,0.0026446109512530125,0.27381215285445826,0.0,0.22343985032896793,0.0,0.6680453469540302,0.280087887424064,-0.280087887424064,0.1219460053565145
2024,header,low_density,random,0.05,9,120007,4,0.8826176495903827,0.8803597782428895,0.0022578713474932233,0.0022578713474932233,0.4932462273034073,0.0,0.4134425491846309,0.0,0.6948533015895245,0.4480110934382137,-0.4480110934382137,0.1185919590329934
2024,header,high_density,random,0.05,10,120000,4,0.9934081146729975,0.9911999181468848,0.0022081965261127046,0.0022081965261127046,0.43046666666666666,0.0,0.42165833333333336,0.0,0.5728729125389188,0.3856773857868557,-0.3856773857868557,-0.12793708596767944
2024,header,mid_density,random,0.05,10,239993,4,0.93604507858266,0.9328863181198821,0.0031587604627778543,0.0031587604627778543,0.25142399986666275,0.0,0.20105169734117245,0.0,0.601108757941946,0.24918365082660565,-0.24918365082660565,0.10091955733011344
2024,header,low_density,random,0.05,10,120007,4,0.8826176495903827,0.8833286185420572,-0.000710968951674551,-0.000710968951674551,0.44191588823985267,0.0,0.3629788262351363,0.0,0.610041313633499,0.3768511064022335,-0.3768511064022335,0.0800112512278269
2024,header,high_density,random,0.05,11,120000,4,0.9934081146729975,0.9924354251525419,0.0009726895204555941,0.0009726895204555941,0.04103333333333333,0.017983333333333334,0.0,0.06812943962115232,0.0,0.0358004814159117,0.0358004814159117,0.016508511125728962
2024,header,mid_density,random,0.05,11,239993,4,0.93604507858266,0.9323072529029973,0.003737825679662632,0.003737825679662632,0.06776030967569888,0.03796777406007675,0.0,0.05704876567557584,0.0,0.06654464888789685,0.06654464888789685,-0.00637042047389301
2024,header,low_density,random,0.05,11,120007,4,0.8826176495903827,0.8808245068059818,0.001793142784400903,0.001793142784400903,0.07248743823276975,0.0342396693526211,0.0,0.08454384593226616,0.0,0.07187434136025199,0.07187434136025199,0.013291970826015064
2024,header,high_density,random,0.05,12,120000,4,0.9934081146729975,0.9887892720590683,0.004618842613929197,0.004618842613929197,0.5142833333333333,0.0,0.505475,0.0,0.6867478063968299,0.443186166166266,-0.443186166166266,-0.12059445176028737
2024,header,mid_density,random,0.05,12,239993,4,0.93604507858266,0.9356703482155381,0.00037473036712187824,0.00037473036712187824,0.2572325026146596,0.0,0.20686020008916928,0.0,0.6184751463809642,0.25669633909744644,-0.25669633909744644,0.10457235857811982
2024,header,low_density,random,0.05,12,120007,4,0.8826176495903827,0.8801916227968578,0.0024260267935248825,0.0024260267935248825,0.45684835051288675,0.0,0.3775779746181473,0.0,0.63457741054548,0.3941713236726904,-0.3941713236726904,0.08886374739129878
2024,header,high_density,random,0.05,13,120000,4,0.9934081146729975,0.9932091301073586,0.00019898456563893774,0.00019898456563893774,0.03635,0.014883333333333333,0.0,0.05638516179952644,0.0,0.031999997453014406,0.03175117442789584,0.011336456421811194
2024,header,mid_density,random,0.05,13,239993,4,0.93604507858266,0.9356212313986928,0.00042384718396715204,0.00042384718396715204,0.06240182005308488,0.03210093627730809,0.00024584050368135736,0.04823350425424015,0.000735019309829326,0.06093959208867368,0.05935479963303752,-0.010131244464892504
2024,header,low_density,random,0.05,13,120007,4,0.8826176495903827,0.8843105585651463,-0.0016929089747635961,-0.0016929089747635961,0.07511228511670152,0.030848200521636237,0.000499970835034623,0.07616970495041356,0.0008402772915061971,0.06638419950266332,0.06510107098496602,0.01134071376582308
2024,header,high_density,random,0.05,14,120000,4,0.9934081146729975,0.9931713229040611,0.0002367917689364285,0.0002367917689364285,0.2883583333333333,0.249125,0.0,0.9438042620363062,0.0,0.3004357702558882,0.3004357702558882,0.07293675207426226
2024,header,mid_density,random,0.05,14,239993,4,0.93604507858266,0.9341332382805836,0.001911840302076362,0.001911840302076362,0.6801531711341581,0.5932048018067194,0.0,0.891324355290096,0.0,0.647754088628963,0.647754088628963,0.11756692229024938
2024,header,low_density,random,0.05,14,120007,4,0.8826176495903827,0.8808008151887275,0.001816834401655143,0.001816834401655143,0.4213337555309274,0.30598215104118925,0.0,0.7555244640138266,0.0,0.4399384775333331,0.4399343098298233,0.15205176598576875
2024,header,high_density,random,0.05,15,120000,4,0.9934081146729975,0.9876997877940117,0.005708326878985814,0.005708326878985814,0.686075,0.0,0.6772666666666667,0.0,0.9201471836965751,0.6655241729046627,-0.6655241729046627,0.0812461055169716
2024,header,mid_density,random,0.05,15,239993,4,0.93604507858266,0.9329350441705162,0.0031100344121437473,0.0031100344121437473,0.28330826315767543,0.0,0.2329359606321851,0.0,0.6964370250404883,0.303145858746308,-0.3031458119204182,0.13734078606866196
2024,header,low_density,random,0.05,15,120007,4,0.8826176495903827,0.8697410562135026,0.012876593376880074,0.012876593376880074,0.5534593815360771,0.0,0.4729057471647487,0.0,0.7947902807926616,0.5246882780848666,-0.5246882492094369,0.16060594710301992
2024,header,high_density,random,0.05,16,120000,4,0.9934081146729975,0.9931072376338462,0.0003008770391512705,0.0003008770391512705,0.077725,0.038783333333333336,0.0,0.14692975532754537,0.0,0.05938157617115847,0.05837429984826672,0.019666404852963976
2024,header,mid_density,random,0.05,16,239993,4,0.93604507858266,0.9312726784163858,0.0047724001662741156,0.0047724001662741156,0.13797485760001332,0.08055234944352543,0.0001666715279195643,0.12103454104919141,0.0004983181761554753,0.1253537141739521,0.12299313753500793,-0.020393784828553984
2024,header,low_density,random,0.05,16,120007,4,0.8826176495903827,0.8734783441459019,0.009139305444480827,0.009139305444480827,0.13216729024140259,0.06402126542618347,0.002183205979651187,0.15807991440681454,0.0036692108395770602,0.13181194291474604,0.12622412615994358,0.022081824728877823
2024,header,high_density,random,0.05,17,120000,4,0.9934081146729975,0.9882667274905609,0.005141387182436619,0.005141387182436619,0.6964833333333333,0.0,0.687675,0.0,0.9342881403906029,0.6741548452630887,-0.6741548452630887,0.07950892937658867
2024,header,mid_density,random,0.05,17,239993,4,0.93604507858266,0.9356661292664096,0.00037894931625037653,0.00037894931625037653,0.29454192413945407,0.0,0.24416962161396374,0.0,0.7300236701133674,0.31091473871413977,-0.31091473871413977,0.1357818016475059
2024,header,low_density,random,0.05,17,120007,4,0.8826176495903827,0.8716511451659588,0.010966504424423928,0.010966504424423928,0.5550926195971901,0.0,0.47452231953136065,0.0,0.7975071773685316,0.5264489328697497,-0.5264489328697497,0.16158565246542445
2024,header,high_density,random,0.05,18,120000,4,0.9934081146729975,0.993016576908977,0.00039153776402045537,0.00039153776402045537,0.03945,0.016675,0.0,0.06317284925019731,0.0,0.03853226932742059,0.03853226932742059,0.016357232337564278
2024,header,mid_density,random,0.05,18,239993,4,0.93604507858266,0.9354163699895103,0.0006287085931496739,0.0006287085931496739,0.07201460042584576,0.0374135912297442,0.0,0.05621607407824797,0.0,0.07078371246944705,0.07078371246944705,-0.00807900986737325
2024,header,low_density,random,0.05,18,120007,4,0.8826176495903827,0.8836135518770822,-0.000995902286699546,-0.000995902286699546,0.08556167556892515,0.03617288991475497,0.0,0.08931731204477182,0.0,0.07827601194279511,0.0782689537728447,0.015637782547257315
2024,header,high_density,random,0.05,19,120000,4,0.9934081146729975,0.9916164250428534,0.0017916896301440888,0.0017916896301440888,0.040425,0.023466666666666667,0.0,0.08890292028413575,0.0,0.038269255352969676,0.036139279034765444,0.004824841167012264
2024,header,mid_density,random,0.05,19,239993,4,0.93604507858266,0.9247291339073838,0.01131594467527619,0.01131594467527619,0.12837041080364844,0.07471884596634068,0.003116757572095853,0.11226936634047695,0.009318549894107388,0.1032819271054873,0.09821835009680384,-0.01872554658961086
2024,header,low_density,random,0.05,19,120007,4,0.8826176495903827,0.8727320645416707,0.009885585048711953,0.009885585048711953,0.11400168323514462,0.05033873024073596,0.003824776888014866,0.12429529648985639,0.006428121280022407,0.10508650512163263,0.09472285046873041,0.014825268567953876
2024,header,high_density,random,0.05,20,120000,4,0.9934081146729975,0.974507209351629,0.018900905321368455,0.018900905321368455,0.104425,0.06519166666666666,0.0,0.24697711128650354,0.0,0.18888966856119213,0.18888966856119213,0.010941427734361025
2024,header,mid_density,random,0.05,20,239993,4,0.93604507858266,0.9337495831173853,0.002295495465274633,0.002295495465274633,0.5431366748196822,0.4561966390686395,0.0,0.6854617055777815,0.0,0.5015156603210353,0.5015156603210353,0.009772990137204196
2024,header,low_density,random,0.05,20,120007,4,0.8826176495903827,0.8744346520117656,0.008182997578617068,0.008182997578617068,0.3861441415917405,0.2719924671060855,0.0,0.6715978766305913,0.0,0.3843054921892591,0.3843048706713866,0.11903034643270856
2024,header,high_density,important,0.1,0,120000,8,0.9934081146729975,0.9834649365515488,0.009943178121448737,0.009943178121448737,0.7054916666666666,0.0,0.6966833333333333,0.0,0.9465270308519672,0.682670240917093,-0.6826700106809516,0.08255621961383561
2024,header,mid_density,important,0.1,0,239993,8,0.93604507858266,0.6834057079544948,0.2526393706281651,0.2526393706281651,0.2965836503564687,0.0,0.2462113478309784,0.0,0.7361280677712719,0.31418887615423063,-0.3141610294726418,0.138660395118894
2024,header,low_density,important,0.1,0,120007,8,0.8826176495903827,0.6660326277080103,0.21658502188237239,0.21658502188237239,0.5572924912713425,0.000666627780046164,0.4760305648837151,0.0016460227974157441,0.8000420138645753,0.5288805186965737,-0.5276949441490587,0.1618578453764235
2024,header,high_density,random,0.1,1,120000,8,0.9934081146729975,0.9892978724668594,0.004110242206138093,0.004110242206138093,0.6828916666666667,0.0,0.6740833333333334,0.0,0.9158222473818285,0.6511438369111364,-0.6511438369111364,0.06886248962240926
2024,header,mid_density,random,0.1,1,239993,8,0.93604507858266,0.8987186254130707,0.03732645316958927,0.03732645316958927,0.28226239931998015,0.0,0.23189009679448985,0.0,0.6933100784851127,0.29827115353925504,-0.29827115353925504,0.1344080847830044
2024,header,low_density,random,0.1,1,120007,8,0.8826176495903827,0.836506566610626,0.046111082979756746,0.046111082979756746,0.5417017340655128,0.0,0.46112310115243277,0.0,0.7749877459561655,0.5068274429791291,-0.5068274233524398,0.15106969527265926
2024,header,high_density,random,0.1,2,120000,8,0.9934081146729975,0.9876860700697516,0.005722044603245879,0.005722044603245879,0.6882083333333333,0.0,0.6794,0.0,0.9230455703368242,0.6277648192123666,-0.6277648192123666,0.03691233399861166
2024,header,mid_density,random,0.1,2,239993,8,0.93604507858266,0.93299997165346,0.0030451069291999033,0.0030451069291999033,0.28239156975411783,0.0,0.2320192672286275,0.0,0.6936962750716332,0.2944479467890139,-0.2944479467890139,0.1244180563523798
2024,header,low_density,random,0.1,2,120007,8,0.8826176495903827,0.8745413714808674,0.008076278109515278,0.008076278109515278,0.5114868299349205,0.0,0.4314498320931279,0.0,0.7251172887052727,0.46956433158688143,-0.46956433158688143,0.1296283049572841
2024,header,high_density,random,0.1,3,120000,8,0.9934081146729975,0.985333380812906,0.008074733860091499,0.008074733860091499,0.6687583333333333,0.0,0.65995,0.0,0.8966204358901784,0.4910279622631878,-0.4910279622631878,-0.09542727556859716
2024,header,mid_density,random,0.1,3,239993,8,0.93604507858266,0.9309239133720417,0.005121165210618228,0.005121165210618228,0.26987453800735856,0.0,0.21950223548186823,0.0,0.656272580042357,0.2698412647431241,-0.2698412647431241,0.1069071602195298
2024,header,low_density,random,0.1,3,120007,8,0.8826176495903827,0.8786900998468543,0.00392754974352838,0.00392754974352838,0.4684726724274417,0.0,0.3890023081986884,0.0,0.6537777466563967,0.41313262872341744,-0.41313262872341744,0.09959808179806655
2024,header,high_density,random,0.1,4,120000,8,0.9934081146729975,0.9911208060387227,0.0022873086342748428,0.0022873086342748428,0.2925333333333333,0.2533,0.0,0.9596211523283347,0.0,0.3120135074131576,0.3120135074131576,0.08192644955079693
2024,header,mid_density,random,0.1,4,239993,8,0.93604507858266,0.9292791958211702,0.0067658827614897055,0.0067658827614897055,0.6921701882971587,0.6052218189697199,0.0,0.9093806151900478,0.0,0.6704128399878918,0.6704127707871543,0.13083443655771831
2024,header,low_density,random,0.1,4,120007,8,0.8826176495903827,0.8649114341677859,0.01770621542259676,0.01770621542259676,0.432866416125726,0.3171065021207096,0.0,0.7829924694457018,0.0,0.455356912095369,0.4553390147021302,0.16046324117368846
2024,header,high_density,random,0.1,5,120000,8,0.9934081146729975,0.9922021587865546,0.0012059558864428999,0.0012059558864428999,0.2860666666666667,0.24683333333333332,0.0,0.9351223362273086,0.0,0.2648382560115212,0.26483819942177483,0.03929510085406291
2024,header,mid_density,random,0.1,5,239993,8,0.93604507858266,0.9369190311920361,-0.0008739526093761718,-0.0008739526093761718,0.6620193088965095,0.5750792731454667,0.0,0.8640897053023047,0.0,0.5917448444513991,0.5917447763486172,0.07589289120019833
2024,header,low_density,random,0.1,5,120007,8,0.8826176495903827,0.8851817683721066,-0.002564118781723912,-0.002564118781723912,0.4052180289483113,0.29022473689034806,0.0,0.7166166001399119,0.0,0.4158821427264793,0.4157741057750869,0.13842963322030066
2024,header,high_density,random,0.1,6,120000,8,0.9934081146729975,0.9874313748084083,0.005976739864589242,0.005976739864589242,0.28836666666666666,0.24913333333333335,0.0,0.9438358326756117,0.0,0.30834100371841655,0.30834100371841655,0.08173294993963476
2024,header,mid_density,random,0.1,6,239993,8,0.93604507858266,0.9338911765520655,0.0021539020305944012,0.0021539020305944012,0.6818198864133537,0.5948381827803311,0.0,0.893778604208536,0.0,0.6590581168263403,0.6590581168263403,0.12725162910643464
2024,header,low_density,random,0.1,6,120007,8,0.8826176495903827,0.8719062838862416,0.010711365704141107,0.010711365704141107,0.42765005374686477,0.31206512953411053,4.99970835034623e-05,0.7705444220402452,8.40277291506197e-05,0.447381880595317,0.4472880805740839,0.15524842410787637
2024,header,high_density,random,0.1,7,120000,8,0.9934081146729975,0.9926445276925576,0.0007635869804398787,0.0007635869804398787,0.0022916666666666667,0.0008833333333333333,0.0,0.003346487766377269,0.0,0.013725688028854256,0.004232780932974725,-0.004822842694444451
2024,header,mid_density,random,0.1,7,239993,8,0.93604507858266,0.9354422890989189,0.0006027894837410397,0.0006027894837410397,0.02148812673702983,0.010162796414895434,0.000695853629064181,0.015270186510396123,0.0020804783854491095,0.022125232987716147,0.018424715865546396,-0.00649113612213345
2024,header,low_density,random,0.1,7,120007,8,0.8826176495903827,0.8857294357489809,-0.0031117861585981954,-0.0031117861585981954,0.02833168065196197,0.010074412325947654,0.0026165140366811936,0.024875519525945435,0.004397451158882431,0.026100270364134925,0.021376040603911333,0.0024808667469458034
2024,header,high_density,random,0.1,8,120000,8,0.9934081146729975,0.9907950574479745,0.00261305722502303,0.00261305722502303,0.6792666666666667,0.0,0.6704583333333334,0.0,0.9108972544579678,0.5303035908685223,-0.5302997735083682,-0.04638582847916187
2024,header,mid_density,random,0.1,8,239993,8,0.93604507858266,0.8798328117450683,0.05621226683759162,0.05621226683759162,0.2726079510652394,0.0,0.2222356485397491,0.0,0.6644449981313069,0.28232023042797844,-0.28214174564406497,0.12429804484158215
2024,header,low_density,random,0.1,8,120007,8,0.8826176495903827,0.8030796730963685,0.07953797649401417,0.07953797649401417,0.5188114026681777,8.33284725057705e-06,0.43895772746589784,2.05752849676968e-05,0.7377354526993908,0.47676884664243785,-0.476632843517916,0.1348196006155977
2024,header,high_density,random,0.1,9,120000,8,0.9934081146729975,0.9771528271382395,0.016255287534758023,0.016255287534758023,0.07654166666666666,0.046825,0.0,0.1773954222573007,0.0,0.08572389232419904,0.07589814429913716,0.05078838961801885
2024,header,mid_density,random,0.1,9,239993,8,0.93604507858266,0.9198816016442496,0.01616347693841036,0.01616347693841036,0.23996116553399474,0.16123803610938653,0.0026042426237431926,0.24226942894886772,0.007786221502429301,0.22165290917941022,0.2140783283466989,0.0133180769431256
2024,header,low_density,random,0.1,9,120007,8,0.8826176495903827,0.8606822929028413,0.02193535668754143,0.02193535668754143,0.2064129592440441,0.11505162198871732,0.000824951877807128,0.28408295954898977,0.0013864575309852252,0.21195700370943446,0.20298315057429311,0.05545978629604114
2024,header,high_density,random,0.1,10,120000,8,0.9934081146729975,0.98245387311114,0.010954241561857536,0.010954241561857536,0.101375,0.062141666666666664,0.0,0.23542225730071034,0.0,0.14030497065362282,0.14026333703322247,0.04554153845608812
2024,header,mid_density,random,0.1,10,239993,8,0.93604507858266,0.917144974999897,0.01890010358276295,0.01890010358276295,0.4711929097932023,0.38528623751526087,0.0,0.5789147461542796,0.0,0.4262791043220404,0.42619982202063506,0.01654404891453529
2024,header,low_density,random,0.1,10,120007,8,0.8826176495903827,0.8592693976938812,0.02334825189650147,0.02334825189650147,0.3558042447523894,0.24530235736248718,3.33313890023082e-05,0.6056952388790585,5.6018486100413134e-05,0.34582606194348375,0.34559500922086145,0.09831686959249401
2024,header,high_density,random,0.1,11,120000,8,0.9934081146729975,0.9780052133106926,0.015402901362304933,0.015402901362304933,0.10330833333333334,0.064075,0.0,0.2427466456195738,0.0,0.17750510132499206,0.17750510132499206,0.027316896324858193
2024,header,mid_density,random,0.1,11,239993,8,0.93604507858266,0.9153641431650059,0.020680935417654034,0.020680935417654034,0.5322571908347327,0.44530882150729395,0.0,0.6691021330678738,0.0,0.5500108067945675,0.5500108067945675,0.05793037685665615
2024,header,low_density,random,0.1,11,120007,8,0.8826176495903827,0.858872933664587,0.023744715925795745,0.023744715925795745,0.41680068662661346,0.3013324222753673,0.0,0.7440434550018518,0.0,0.4328252337812841,0.43282523378055376,0.14620717413108442
2024,header,high_density,random,0.1,12,120000,8,0.9934081146729975,0.9859122281718138,0.007495886501183713,0.007495886501183713,0.049725,0.03473333333333333,0.0015333333333333334,0.13158642462509865,0.0020832153976790262,0.041817839267669216,0.011720762122291733,-4.129559670342114e-05
2024,header,mid_density,random,0.1,12,239993,8,0.93604507858266,0.9295962119298193,0.0064488666528406124,0.0064488666528406124,0.09846537190668062,0.053272387111290745,0.004441796219056389,0.08004482760779599,0.013280179394543417,0.07536346771269123,0.04587040601403036,0.011640242097525188
2024,header,low_density,random,0.1,12,120007,8,0.8826176495903827,0.8717914999888731,0.010826149601509627,0.010826149601509627,0.11064354579316206,0.034806302965660334,0.019707183747614723,0.08594296531006955,0.03312092990686927,0.0960491068381888,0.042443764390996036,0.021678667193075055
2024,header,high_density,random,0.1,13,120000,8,0.9934081146729975,0.9913744500773072,0.002033664595690321,0.002033664595690321,0.286075,0.24684166666666665,0.0,0.935153906866614,0.0,0.2710392996181612,0.2710392996181612,0.04499562881764677
2024,header,mid_density,random,0.1,13,239993,8,0.93604507858266,0.9368706965315913,-0.0008256179489313231,-0.0008256179489313231,0.6663819361398041,0.5794085660831775,0.0,0.8705947171039863,0.0,0.6020503803387497,0.6020503803387497,0.0818043523602928
2024,header,low_density,random,0.1,13,120007,8,0.8826176495903827,0.8837885232014224,-0.0011708736110397355,-0.0011708736110397355,0.4105760497304324,0.295407767880207,0.0,0.7294144273898193,0.0,0.42339685303559765,0.42339685303559765,0.14099468421184533
2024,header,high_density,random,0.1,14,120000,8,0.9934081146729975,0.9819007556892272,0.01150735898377031,0.01150735898377031,0.09485833333333334,0.055625,0.0,0.2107340173638516,0.0,0.10616220124528768,0.10613226838571059,0.047665396632036686
2024,header,mid_density,random,0.1,14,239993,8,0.93604507858266,0.9304881296842704,0.005556948898389535,0.005556948898389535,0.27488301742134147,0.19405565995674873,0.0,0.2915797975244642,0.0,0.27106855406181213,0.27093266906821617,-0.012250004922159342
2024,header,low_density,random,0.1,14,120007,8,0.8826176495903827,0.87860279845602,0.004014851134362729,0.004014851134362729,0.2412025965152033,0.14120009666102812,3.33313890023082e-05,0.34864820377762235,5.6018486100413134e-05,0.2475923500508663,0.2471979664005891,0.06065816983118425
2024,header,high_density,random,0.1,15,120000,8,0.9934081146729975,0.9797981132231428,0.013610001449854692,0.013610001449854692,0.07093333333333333,0.014816666666666667,0.044741666666666666,0.05613259668508287,0.06078686668553637,0.06507697833417488,0.0038565373392652163,-0.04143449569919207
2024,header,mid_density,random,0.1,15,239993,8,0.93604507858266,0.9043437349363185,0.03170134364634147,0.03170134364634147,0.0661060947610972,0.012821207285212485,0.029692532698870382,0.019264601841938858,0.08877538308209793,0.08406517417355809,0.00044230860041256427,-0.02620241639979047
2024,header,low_density,random,0.1,15,120007,8,0.8826176495903827,0.8603451007068207,0.022272548883562004,0.022272548883562004,0.09896922679510362,0.015990733873857358,0.057888289849758766,0.03948397185301016,0.09729010573489251,0.07961500517175055,-0.02734771695293283,-0.014108369269266558
2024,header,high_density,random,0.1,16,120000,8,0.9934081146729975,0.9924695073242229,0.0009386073487746005,0.0009386073487746005,0.404125,0.0,0.39531666666666665,0.0,0.5370846306255307,0.3596945647752314,-0.35969398164318545,-0.14720099990891614
2024,header,mid_density,random,0.1,16,239993,8,0.93604507858266,0.8940486120389372,0.0419964665437228,0.0419964665437228,0.2497739517402591,0.0,0.19954748680169837,0.0,0.5966114364021428,0.24441683858829788,-0.24441504290627508,0.09873449294437169
2024,header,low_density,random,0.1,16,120007,8,0.8826176495903827,0.8208276274893196,0.0617900221010631,0.0617900221010631,0.4562150541218429,1.66656945011541e-05,0.3779029556609198,4.11505699353936e-05,0.6351235907849591,0.39062362537425277,-0.3903487789914087,0.08432974188350577
2024,header,high_density,random,0.1,17,120000,8,0.9934081146729975,0.9886194965452579,0.004788618127739563,0.004788618127739563,0.683025,0.0,0.6742166666666667,0.0,0.916003396546844,0.655942707889323,-0.655942707889323,0.075549367191509
2024,header,mid_density,random,0.1,17,239993,8,0.93604507858266,0.9353847476433484,0.0006603309393115042,0.0006603309393115042,0.2821957307088123,0.0,0.23182342818332202,0.0,0.6931107512146506,0.29883324094156616,-0.29883324094156616,0.13748438327768545
2024,header,low_density,random,0.1,17,120007,8,0.8826176495903827,0.8828750563320643,-0.0002574067416816206,-0.0002574067416816206,0.5420350479555359,0.0,0.46150641212595933,0.0,0.7756319585463203,0.5092418402454785,-0.5092418402454785,0.15420693710823755
2024,header,high_density,random,0.1,18,120000,8,0.9934081146729975,0.9876972013785458,0.005710913294451725,0.005710913294451725,0.023675,0.013941666666666666,0.0019,0.052817679558011046,0.002581375601471837,0.02609627281377731,-0.002885282146667223,-0.017004165876341803
2024,header,mid_density,random,0.1,18,239993,8,0.93604507858266,0.9377056343716574,-0.0016605557889974865,-0.0016605557889974865,0.03308429829203352,0.003325096981995308,0.011979516069218685,0.0049961495839672436,0.03581661891117478,0.03418424843156994,-0.009967735178997756,-0.008664388118589784
2024,header,low_density,random,0.1,18,120007,8,0.8826176495903827,0.8791183729411003,0.0034992766492824012,0.0034992766492824012,0.05944653228561667,0.004874715641587574,0.0288649828759989,0.012036541706102629,0.04851200896295778,0.03747837791178524,-0.015765328333168065,-0.008355706665492773
2024,header,high_density,random,0.1,19,120000,8,0.9934081146729975,0.97954599740724,0.013862117265757479,0.013862117265757479,0.6945333333333333,0.0,0.685725,0.0,0.9316388338522502,0.6714528468270491,-0.6714528468270491,0.07944155315319827
2024,header,mid_density,random,0.1,19,239993,8,0.93604507858266,0.9247913277817872,0.011253750800872764,0.011253750800872764,0.2891292662702662,0.0,0.2387569637447759,0.0,0.7138407873427183,0.30813916885336406,-0.30813916885336406,0.13534408733613534
2024,header,low_density,random,0.1,19,120007,8,0.8826176495903827,0.8646301943276522,0.01798745526273049,0.01798745526273049,0.5568758489088137,0.0,0.47631388169023475,0.0,0.8005181709964289,0.5292657712286808,-0.5291366661201663,0.16320578173905084
2024,header,high_density,random,0.1,20,120000,8,0.9934081146729975,0.9866334154172933,0.006774699255704175,0.006774699255704175,0.074775,0.012966666666666666,0.053575,0.04912391475927388,0.07278799886781771,0.07064040086765873,-0.06447994574821404,-0.03482515690685808
2024,header,mid_density,random,0.1,20,239993,8,0.93604507858266,0.9332618731129059,0.00278320546975408,0.00278320546975408,0.112090769314105,0.000845858004191789,0.07564387294629427,0.001270950332763597,0.22616170424816245,0.10043362307956195,-0.0930591662610137,0.019583255927347845
2024,header,low_density,random,0.1,20,120007,8,0.8826176495903827,0.8720954131274168,0.010522236462965906,0.010522236462965906,0.16869849258793237,0.00449140466806103,0.11932637262826336,0.011090078597588577,0.20054618023947904,0.13141585938458059,-0.11881952551857664,0.0026165140715290877
2024,imports,high_density,important,0.01,0,121627,13,0.9779936591850522,0.963009639008185,0.014984020176867174,0.014984020176867174,0.09154217402385983,0.0025323324590756984,0.08363274601856496,0.014750251424740195,0.10096678776328588,0.06779216508081347,-0.050370991956090475,-0.0009242399007771406
2024,imports,mid_density,important,0.01,0,238372,13,0.8368056064078784,0.8021682924082076,0.03463731399967074,0.03463731399967074,0.07513885859077409,0.023920594700719885,0.030586646082593594,0.04336253574253209,0.06821924473221304,0.07110270968787775,0.0030761377087542376,-0.012536467422484763
2024,imports,low_density,important,0.01,0,120001,13,0.8622197495726888,0.832116766224407,0.030102983348281764,0.030102983348281764,0.09245756285364289,0.04789960083665969,0.015558203681635987,0.06559921481802723,0.05766261041447897,0.08961818272215792,0.03983489765125952,-0.020111615900356584
2024,imports,high_density,random,0.01,1,121627,13,0.9779936591850522,0.9722364575334335,0.0057572016516187485,0.0057572016516187485,0.010359541878036949,0.0,0.009841564784135101,0.0,0.011881365016973379,0.031080355343350893,-0.030921349713505315,-0.001276811723351833
2024,imports,mid_density,random,0.01,1,238372,13,0.8368056064078784,0.8171147370541881,0.019690869353690243,0.019690869353690243,0.03731562431829242,8.809759535515917e-05,0.02666420552749484,0.00015970067530571272,0.05947078857741682,0.0320138402782421,-0.031453117487870434,0.0008023817245647745
2024,imports,low_density,random,0.01,1,120001,13,0.8622197495726888,0.8597511644224718,0.002468585150216973,0.002468585150216973,0.054149548753760386,0.0005833284722627311,0.02514979041841318,0.0007988770071784805,0.09321143986657607,0.051941691790005,-0.050557959419508684,0.008312276918327055
2024,imports,high_density,random,0.01,2,121627,13,0.9779936591850522,0.9733263676069286,0.004667291578123622,0.004667291578123622,0.025142443700823008,0.0,0.021393276164009635,0.0,0.02582732813213428,0.02108811049481231,-0.02043980584782108,0.003421510695369536
2024,imports,mid_density,random,0.01,2,238372,13,0.8368056064078784,0.8308477115599857,0.005957894847892664,0.005957894847892664,0.012350443844075647,0.0007047807628412733,0.006494051314751732,0.0012776054024457018,0.014484075002806992,0.011799028068990542,-0.00884095718913328,0.001195618939481765
2024,imports,low_density,random,0.01,2,120001,13,0.8622197495726888,0.8630943606812926,-0.0008746111086038733,-0.0008746111086038733,0.022508145765451956,0.003249972916892359,0.0067249439588003435,0.0044508861828515345,0.02492433133609241,0.02191073523857512,-0.011894843738120324,0.0024099177334614844
2024,imports,high_density,random,0.01,3,121627,13,0.9779936591850522,0.9792406560948337,-0.0012469969097814726,-0.0012469969097814726,0.010680194364738093,0.0026309947626760506,0.0005179770939018474,0.015324936545184617,0.0006253350008933357,0.016923706166291158,0.0062599694722442045,-0.010816050513913017
2024,imports,mid_density,random,0.01,3,238372,13,0.8368056064078784,0.8444493859619625,-0.007643779554084129,-0.007643779554084129,0.012543419529139328,0.004132196734515799,0.00243736680482607,0.007490722151244144,0.005436206444851978,0.013655337743944524,0.003948163170544711,-0.0032646813482381134
2024,imports,low_density,random,0.01,3,120001,13,0.8622197495726888,0.856343947607006,0.005875801965682714,0.005875801965682714,0.024158132015566536,0.009333255556203698,0.005241622986475113,0.012782032114855688,0.019426771264438817,0.023062974076520863,0.006753298774173227,-0.0040846407595860204
2024,imports,high_density,random,0.01,4,121627,13,0.9779936591850522,0.9781518711939509,-0.0001582120088986505,-0.0001582120088986505,0.009044044496698924,0.0012168350777376734,0.0005179770939018474,0.007087783152147886,0.0006253350008933357,0.013793795353850863,0.0007904666656144028,-0.0109413201045203
2024,imports,mid_density,random,0.01,4,238372,13,0.8368056064078784,0.8342188266993675,0.0025867797085108446,0.0025867797085108446,0.008759418052455826,0.0009397076837883644,0.004232879700635981,0.0017034738699276024,0.00944084733710094,0.013392141958405124,-0.007050046111349736,-0.005249291384743396
2024,imports,low_density,random,0.01,4,120001,13,0.8622197495726888,0.8616780104633297,0.0005417391093590629,0.0005417391093590629,0.012924892292564228,0.005149957083690969,0.0019916500695827534,0.007052942720518585,0.007381555377107913,0.012498495649502707,0.0022418542443167367,-0.0006534433878262299
2024,imports,high_density,random,0.01,5,121627,13,0.9779936591850522,0.978088293474733,-9.463428968081722e-05,-9.463428968081722e-05,0.0,0.0,0.0,0.0,0.0,0.0008352704841322283,0.0003649377750321486,5.434972823650226e-05
2024,imports,mid_density,random,0.01,5,238372,13,0.8368056064078784,0.8376858247467498,-0.0008802183388714191,-0.0008802183388714191,0.0070394173812360515,0.0026051717483597065,0.00020556105582870472,0.00472257711261179,0.0004584752423369138,0.006398507034059461,0.004010625023462681,-0.00046267299702706276
2024,imports,low_density,random,0.01,5,120001,13,0.8622197495726888,0.8615025258279099,0.0007172237447788943,0.0007172237447788943,0.012133232223064807,0.006624944792126732,0.0005499954167048608,0.009072960295812744,0.0020384211501636913,0.011775496648015233,0.008212680813678873,-0.001527869659321152
2024,imports,high_density,random,0.01,6,121627,13,0.9779936591850522,0.9792738194523762,-0.0012801602673240264,-0.0012801602673240264,0.007720325256727536,0.0012168350777376734,0.0,0.007087783152147886,0.0,0.00831481678130654,0.006883248476889662,-0.00606802566675049
2024,imports,mid_density,random,0.01,6,238372,13,0.8368056064078784,0.8360544124128018,0.0007511939950766156,0.0007511939950766156,0.0044803919923480946,0.0005201953249542731,0.0016486835702179787,0.0009429944637099227,0.003677158576294023,0.004950397928245324,-0.0004453189750766544,-0.0005636334977655919
2024,imports,low_density,random,0.01,6,120001,13,0.8622197495726888,0.8629841359147302,-0.0007643863420414565,-0.0007643863420414565,0.010149915417371522,0.002208314930708911,0.0015916534028883093,0.0030243200986042476,0.005899067267897956,0.00928157465272436,-0.0021490193284061853,0.0006510402981540615
2024,imports,high_density,random,0.01,7,121627,13,0.9779936591850522,0.9790692571770038,-0.0010755979919515601,-0.0010755979919515601,0.0,0.0,0.0,0.0,0.0,0.0028968131792158607,0.0010174244133495127,-0.0011963300684966949
2024,imports,mid_density,random,0.01,7,238372,13,0.8368056064078784,0.8387846851842272,-0.0019790787763488416,-0.0019790787763488416,0.006221368281509573,0.0015186347389794103,0.0008893662007282735,0.0027529354505080005,0.0019836071709270556,0.006226823662212244,0.0025468283207105646,-0.0008430036744465375
2024,imports,low_density,random,0.01,7,120001,13,0.8622197495726888,0.8654742419541533,-0.00325449238146458,-0.00325449238146458,0.013249889584253464,0.005016624861459488,0.0007749935417204857,0.006870342261734933,0.0028723207115942924,0.012674112746918553,0.005309756850777224,-0.00032834215762420863
2024,imports,high_density,random,0.01,8,121627,13,0.9779936591850522,0.9749128258138972,0.003080833371155056,0.003080833371155056,0.0,0.0,0.0,0.0,0.0,0.009919162178355333,-0.009451879408514248,0.003267821106748384
2024,imports,mid_density,random,0.01,8,238372,13,0.8368056064078784,0.8351331997966902,0.0016724066111881708,0.0016724066111881708,0.0067877099659355965,0.0009858540432601144,0.002441561928414411,0.001787126604611547,0.005445563082450691,0.008606338181363945,-0.0033770158566034576,-0.00031213540069799205
2024,imports,low_density,random,0.01,8,120001,13,0.8622197495726888,0.8626466876952195,-0.00042693812253069563,-0.00042693812253069563,0.01685819284839293,0.003641636319697336,0.003816634861376155,0.004987275030528514,0.014145407375378343,0.015463978935957889,-0.00486803063052492,0.0010910727885716487
2024,imports,high_density,random,0.01,9,121627,13,0.9779936591850522,0.9777486605732738,0.000244998611778402,0.000244998611778402,0.023144532052915882,0.004678237562383353,0.00033709620396786896,0.027249652794406398,0.00040696404820042483,0.015629959646905247,0.00931928782340649,-0.0006083547409441333
2024,imports,mid_density,random,0.01,9,238372,13,0.8368056064078784,0.8417477035332124,-0.004942097125334,-0.004942097125334,0.018462738912288355,0.004035708891983958,0.0033728793650260936,0.007315811887814078,0.007522736629364871,0.012289229721687837,0.002178792116068312,-0.0030642651787701294
2024,imports,low_density,random,0.01,9,120001,13,0.8622197495726888,0.86051081310938,0.001708936463308719,0.001708936463308719,0.02341647152940392,0.007458271181073491,0.0048249597920017335,0.010214213163210573,0.01788251281734511,0.020356263193979228,0.0008168948839719985,-0.0017447400773674974
2024,imports,high_density,random,0.01,10,121627,13,0.9779936591850522,0.9797945823272415,-0.0018009231421892702,-0.0018009231421892702,0.010030667532702443,0.0013894941090382893,0.001011288611903607,0.008093482112925626,0.0012208921446012744,0.011841529868015474,0.010207294928237715,-0.005133316419405321
2024,imports,mid_density,random,0.01,10,238372,13,0.8368056064078784,0.8372507102881639,-0.0004451038802855134,-0.0004451038802855134,0.006510831809105096,0.0012585370765022738,0.0016402933230412968,0.002281438218653039,0.003658445301096598,0.006796193523181239,9.128219977090583e-05,6.579387940655749e-05
2024,imports,low_density,random,0.01,10,120001,13,0.8622197495726888,0.8629374276614501,-0.000717678088761331,-0.000717678088761331,0.01426654777876851,0.003374971875234373,0.0030749743752135398,0.004622074112961208,0.011396627339551548,0.014029020783266644,-0.00300123344608232,0.0013481354000933353
2024,imports,high_density,random,0.01,11,121627,13,0.9779936591850522,0.9772667682052474,0.0007268909798048284,0.0007268909798048284,0.009175594234832727,0.002639216621309413,0.0,0.015372826971888319,0.0,0.013050406924980116,0.009195867607037734,-0.0011388512055705694
2024,imports,mid_density,random,0.01,11,238372,13,0.8368056064078784,0.8402177634273965,-0.003412157019518136,-0.003412157019518136,0.027406742402631183,0.012488882922490896,0.0010739516386152736,0.022639471923100323,0.002395299225270407,0.022445907523613577,0.01867905811500794,-0.0032903165625921614
2024,imports,low_density,random,0.01,11,120001,13,0.8622197495726888,0.8621988208463145,2.092872637426968e-05,2.092872637426968e-05,0.04253297889184257,0.022258147848767926,0.001958317014024883,0.030482864088196022,0.007258014701340416,0.03688938345639071,0.027457557413236494,-0.004972814780935313
2024,imports,high_density,random,0.01,12,121627,13,0.9779936591850522,0.9766229612641155,0.001370697920936692,0.001370697920936692,0.0019814679306404005,0.00017265903130061583,0.0004850896593683968,0.0010056989607777405,0.0005856311913128065,0.008724532409431284,-0.005529411745407567,-0.0022211173953195088
2024,imports,mid_density,random,0.01,12,238372,13,0.8368056064078784,0.8331414192296823,0.0036641871781960544,0.0036641871781960544,0.007244978437064756,0.00038595137012736397,0.003658147769033276,0.0006996410537202653,0.008158987986077323,0.007002882219994058,-0.004236389886451259,0.00048592235864177444
2024,imports,low_density,random,0.01,12,120001,13,0.8622197495726888,0.861980690617615,0.00023905895507381203,0.00023905895507381203,0.01413321555653703,0.0016083199306672444,0.004233298055849535,0.002202618034077811,0.015689665822472047,0.01289779257123694,-0.007645024391717623,0.0014855616469424972
2024,imports,high_density,random,0.01,13,121627,13,0.9779936591850522,0.9782227190398837,-0.0002290598548314593,-0.0002290598548314593,0.0006824142665691006,0.0,0.0004850896593683968,0.0,0.0005856311913128065,0.0034126902306602057,-0.003314711682800498,-0.0007575171136101449
2024,imports,mid_density,random,0.01,13,238372,13,0.8368056064078784,0.8346840378583732,0.0021215685495051817,0.0021215685495051817,0.004195123588340913,7.131710100179552e-05,0.00229892772641082,0.00012928149905700554,0.005127437404094465,0.003953945095256215,-0.003662250500688258,0.0005337610341732612
2024,imports,low_density,random,0.01,13,120001,13,0.8622197495726888,0.862368811056601,-0.0001490614839122495,-0.0001490614839122495,0.009766585278456013,0.0003416638194681711,0.003716635694702544,0.00046791367563311004,0.013774785348075854,0.007921681040236401,-0.006750102433888246,0.0014877495069254914
2024,imports,high_density,random,0.01,14,121627,13,0.9779936591850522,0.9776299289556505,0.0003637302294017264,0.0003637302294017264,0.0,0.0,0.0,0.0,0.0,0.004398329865790583,-0.0027668228237384403,0.0009619019644605735
2024,imports,mid_density,random,0.01,14,238372,13,0.8368056064078784,0.8372175596021799,-0.00041195319430153976,-0.00041195319430153976,0.006980685650999278,0.0026680986021848205,0.0005034148306009095,0.004836649023544443,0.0011227965118455032,0.007644055486931462,0.00478994401180015,1.1747319662308476e-05
2024,imports,low_density,random,0.01,14,120001,13,0.8622197495726888,0.8626179018845079,-0.00039815231181916655,-0.00039815231181916655,0.013483220973158558,0.005991616736527196,0.0013416554862042817,0.008205608116590393,0.004972512199641732,0.01262143536367165,0.0050226864260917,-0.001229914432131302
2024,imports,high_density,random,0.01,15,121627,13,0.9779936591850522,0.9785039152199293,-0.0005102560348770879,-0.0005102560348770879,0.010310210726236772,0.002096573951507478,0.0,0.012212058809443992,0.0,0.008486607235563048,0.007424704593445567,-0.00288710211920319
2024,imports,mid_density,random,0.01,15,238372,13,0.8368056064078784,0.8395462684226456,-0.0027406620147671923,-0.0027406620147671923,0.011008004295806555,0.004291611430872753,0.0010278052791435235,0.007779704325606863,0.0022923762116845692,0.00895705966203706,0.005644894176452159,-0.0016627375027400118
2024,imports,low_density,random,0.01,15,120001,13,0.8622197495726888,0.8620647791496608,0.00015497042302792252,0.00015497042302792252,0.018574845209623252,0.009316589028424763,0.0005916617361521987,0.012759207057507733,0.002192846994873062,0.01714974138206753,0.012697241762830911,-0.002440607196684142
2024,imports,high_density,random,0.01,16,121627,13,0.9779936591850522,0.9803625069048497,-0.0023688477197975066,-0.0023688477197975066,0.031448609272612164,0.010893962689205523,0.0,0.06345481538240506,0.0,0.0177679871433476,0.01524291102255709,-0.011395222771535402
2024,imports,mid_density,random,0.01,16,238372,13,0.8368056064078784,0.846698266502919,-0.00989266009504064,-0.00989266009504064,0.009615223264477371,0.00418253821757589,0.0003733659993623412,0.0075819796799902655,0.0008327407462854149,0.009859961760427235,0.0078011734743774225,-0.0019065307148299871
2024,imports,low_density,random,0.01,16,120001,13,0.8622197495726888,0.8573867008843917,0.004833048688297037,0.004833048688297037,0.020966491945900452,0.012774893542553812,0.001008324930625578,0.017495406457208724,0.0037371054419667676,0.018582431793513113,0.013857085886262065,-0.0030640124281957263
2024,imports,high_density,random,0.01,17,121627,13,0.9779936591850522,0.9787487850096639,-0.0007551258246116799,-0.0007551258246116799,0.009019378920798836,0.0013894941090382893,0.0,0.008093482112925626,0.0,0.011300357811248022,0.008199695026536627,-0.004306816511199
2024,imports,mid_density,random,0.01,17,238372,13,0.8368056064078784,0.8391840325763729,-0.002378426168494485,-0.002378426168494485,0.008591613108922189,0.002412196063296025,0.0013760005369758193,0.0043727565857516575,0.0030689771323777087,0.008491162030986462,0.0030877384973724982,-0.00024063133580685405
2024,imports,low_density,random,0.01,17,120001,13,0.8622197495726888,0.8628547338843604,-0.000634984311671638,-0.000634984311671638,0.0144748793760052,0.006274947708769093,0.0017416521528987258,0.008593634091505655,0.00645500030885169,0.012980502551805035,0.0060856980857845015,-0.0008577179751538416
2024,imports,high_density,random,0.01,18,121627,13,0.9779936591850522,0.9768216733074051,0.0011719858776471082,0.0011719858776471082,0.001323719239971388,0.0,0.0005179770939018474,0.0,0.0006253350008933357,0.013067092549559848,-0.008980212419196849,0.003806681001666696
2024,imports,mid_density,random,0.01,18,238372,13,0.8368056064078784,0.8342387934463658,0.002566812961512621,0.002566812961512621,0.01626868927558606,0.0035616599265014346,0.005340392327957981,0.0064564701587881,0.011910999663161047,0.011370151010384971,0.00157671512820586,0.0005622706202172306
2024,imports,low_density,random,0.01,18,120001,13,0.8622197495726888,0.859976621608783,0.0022431279639058,0.0022431279639058,0.017674852709560755,0.005074957708685761,0.004474962708644095,0.00695022996245278,0.016585335721786398,0.017586964461569706,-0.0017815907279350948,-0.0005241333490798023
2024,imports,high_density,random,0.01,19,121627,13,0.9779936591850522,0.9805240064903378,-0.002530347305285563,-0.002530347305285563,0.011929916877009217,0.002096573951507478,0.0014223815435717398,0.012212058809443992,0.0017171897643578902,0.017813839745856392,0.0043617939908512935,-0.01081176745230231
2024,imports,mid_density,random,0.01,19,238372,13,0.8368056064078784,0.8358054898907862,0.0010001165170921977,0.0010001165170921977,0.014737469165841626,0.0008432198412565234,0.008054637289614553,0.0015285636064975361,0.01796474418952805,0.015412359269331575,-0.008800889059928575,0.0026969882092041987
2024,imports,low_density,random,0.01,19,120001,13,0.8622197495726888,0.855689205147987,0.006530544424701801,0.006530544424701801,0.02845809618253181,0.0058332847226273115,0.009899917500687494,0.007988770071784805,0.036691580702946446,0.026238311141439125,-0.010252904199233281,5.9898037657699836e-05
2024,imports,high_density,random,0.01,20,121627,13,0.9779936591850522,0.9795602740436758,-0.0015666148586236384,-0.0015666148586236384,0.00958668716650086,0.0032476341601782497,0.0,0.01891671854796226,0.0,0.011698041592300343,0.011401911360319074,-0.0012917784082964365
2024,imports,mid_density,random,0.01,20,238372,13,0.8368056064078784,0.8498155231481368,-0.01300991674025842,-0.01300991674025842,0.02699142516738543,0.012220395012837079,0.00045307334754081857,0.022152765103121006,0.0010105168606609528,0.023980574337984846,0.021959139202266775,-0.004456044508943449
2024,imports,low_density,random,0.01,20,120001,13,0.8622197495726888,0.8620454302291274,0.0001743193435613799,0.0001743193435613799,0.04535795535037208,0.027349772085232624,0.00019166506945775453,0.03745591910799676,0.0007103588856631046,0.04048991839639281,0.03784803246094633,-0.005543253815994366
2024,imports,high_density,important,0.05,0,121627,65,0.9779936591850522,0.9457504775021984,0.03224318168285378,0.03224318168285378,0.14227104179170744,0.0,0.13628552870661942,0.0,0.1645325869017132,0.14212682612898508,-0.1352692531265701,-0.03134263629534384
2024,imports,mid_density,important,0.05,0,238372,65,0.8368056064078784,0.7295989078030003,0.10720669860487808,0.10720669860487808,0.14017166445723492,0.01572751833269008,0.10275955229641065,0.02851037293910081,0.22919083798046333,0.12031832542437276,-0.07189448358303166,-0.030038236276539933
2024,imports,low_density,important,0.05,0,120001,65,0.8622197495726888,0.7468532969392124,0.11536645263347634,0.11536645263347634,0.173031891400905,0.056049532920558996,0.06999941667152773,0.076760667861178,0.25943541911174256,0.1630834408604104,-0.02399756440554117,-0.029035777567367457
2024,imports,high_density,random,0.05,1,121627,65,0.9779936591850522,0.9789817979424186,-0.0009881387573663636,-0.0009881387573663636,0.033166977726984966,0.01132149933814038,0.0,0.06594511757099755,0.0,0.036392068690740575,0.026902678665341368,-0.014216497684541966
2024,imports,mid_density,random,0.05,1,238372,65,0.8368056064078784,0.8449706917629436,-0.008165085355065216,-0.008165085355065216,0.03554528216401255,0.015782054939338513,0.003406440353732821,0.02860923526190911,0.007597589730154571,0.03209953560722622,0.021510372329468928,-0.0037277594942827026
2024,imports,low_density,random,0.05,1,120001,65,0.8622197495726888,0.8545495003634213,0.00767024920926751,0.00767024920926751,0.07139107174106882,0.044832959725335624,0.0014416546528778927,0.06139940426600322,0.0053431342269442215,0.06770250043164928,0.05809212222754732,-0.010345682981058148
2024,imports,high_density,random,0.05,2,121627,65,0.9779936591850522,0.9687234537756982,0.009270205409353971,0.009270205409353971,0.039695133481874915,0.0,0.03509911450582519,0.0,0.042373890774819845,0.04426079212530579,-0.038573221689279256,-0.01800253134342743
2024,imports,mid_density,random,0.05,2,238372,65,0.8368056064078784,0.7941782321256522,0.04262737428222618,0.04262737428222618,0.05015689762220395,0.0007802929874314098,0.0364933800949776,0.001414491695564884,0.08139339047120027,0.04894864849654798,-0.0459560274688129,0.005458458285164795
2024,imports,low_density,random,0.05,2,120001,65,0.8622197495726888,0.8475579511819368,0.01466179839075199,0.01466179839075199,0.0762826976441863,0.002399980000166665,0.0352747060441163,0.0032868082581057486,0.13073692013095312,0.07182336984161147,-0.06471948096631742,0.013728950556787748
2024,imports,high_density,random,0.05,3,121627,65,0.9779936591850522,0.9682679157358526,0.00972574344919963,0.00972574344919963,0.18805857252090408,0.0,0.17740304373206608,0.0,0.21417227482976992,0.17532177599333945,-0.1751262970373074,-0.0037550648026213147
2024,imports,mid_density,random,0.05,3,238372,65,0.8368056064078784,0.7208432071134363,0.11596239929444208,0.11596239929444208,0.12275770644203178,0.0004237074824224322,0.10133740539996308,0.0007680842002798564,0.2260189378344998,0.1160240602624728,-0.1141019489871382,0.008040219882858858
2024,imports,low_density,random,0.05,3,120001,65,0.8622197495726888,0.8401268592690706,0.022092890303618162,0.022092890303618162,0.1536487195940034,0.0012416563195306706,0.09333255556203698,0.0017004667724227658,0.34591389214899004,0.1438177564139748,-0.14079688279222025,0.0286554816941937
2024,imports,high_density,random,0.05,4,121627,65,0.9779936591850522,0.9796230265412399,-0.0016293673561876831,-0.0016293673561876831,0.10662106275744695,0.0,0.09691104771144565,0.0,0.11699720088142457,0.08324871535151278,-0.08182530661192784,-0.006783780244689151
2024,imports,mid_density,random,0.05,4,238372,65,0.8368056064078784,0.7833816139704275,0.053423992437450885,0.053423992437450885,0.07320910174013727,0.0029701475005453662,0.055149094692329634,0.005384194196021172,0.12300235787267487,0.06131375162085468,-0.051435637213094194,-0.007075842207428097
2024,imports,low_density,random,0.05,4,120001,65,0.8622197495726888,0.8528173193940919,0.009402430178596877,0.009402430178596877,0.07689102590811743,0.009266589445087958,0.033708052432896395,0.012690731885463862,0.12493050836988079,0.07176226486875281,-0.04649954119924534,0.0020675386339277994
2024,imports,high_density,random,0.05,5,121627,65,0.9779936591850522,0.9760264790735533,0.0019671801114988785,0.0019671801114988785,0.016123064780024173,0.0016279280094058063,0.0049084496041175065,0.009482304487332982,0.005925793579893991,0.02125862857657399,0.006000076214245754,-0.00733313055198906
2024,imports,mid_density,random,0.05,5,238372,65,0.8368056064078784,0.8399690175128408,-0.0031634111049624325,-0.0031634111049624325,0.021852398771667815,0.0060997096974476864,0.004224489453459299,0.011057370566405062,0.009422134061903514,0.01878336950907268,0.00407841434813836,-0.002277736359564528
2024,imports,low_density,random,0.05,5,120001,65,0.8622197495726888,0.860386013030161,0.0018337365425277197,0.0018337365425277197,0.03841634653044558,0.016416529862251148,0.005041624653127891,0.022482681487737237,0.018685527209833838,0.0371448908051647,0.014535929480849818,-0.003843690994354267
2024,imports,high_density,random,0.05,6,121627,65,0.9779936591850522,0.9724425984730416,0.005551060712010614,0.005551060712010614,0.002376117145041808,0.0,0.0019074712029401367,0.0,0.002302820955670697,0.027165439966830258,-0.022967356111921324,-0.0002542405444661831
2024,imports,mid_density,random,0.05,6,238372,65,0.8368056064078784,0.8184784441433486,0.018327162264529795,0.018327162264529795,0.031106841407547867,0.0017493665363381605,0.020107227358917994,0.003171199123927724,0.04484636401062914,0.02758406232895809,-0.02033035566705312,0.0028829372186311656
2024,imports,low_density,random,0.05,6,120001,65,0.8622197495726888,0.8619126641499074,0.0003070854227813502,0.0003070854227813502,0.04876626028116433,0.004691627569770252,0.016808193265056125,0.006425253643449779,0.06229538575576008,0.04739644142849507,-0.031975557099443025,0.006727623457686583
2024,imports,high_density,random,0.05,7,121627,65,0.9779936591850522,0.9778255511713183,0.00016810801373390305,0.00016810801373390305,0.010523979050704202,0.002425448296841984,0.005229102090818651,0.01412767587759207,0.006312905723304151,0.01479930616571487,0.001951274687327062,-0.00669888595508045
2024,imports,mid_density,random,0.05,7,238372,65,0.8368056064078784,0.8361639447577741,0.0006416616501042638,0.0006416616501042638,0.03883006393368349,0.01682244558924706,0.0032512207809642073,0.030495224189328953,0.007251394139002209,0.029486654891980137,0.022633128553089115,-0.006718228130568767
2024,imports,low_density,random,0.05,7,120001,65,0.8622197495726888,0.8525109364597176,0.009708813112971115,0.009708813112971115,0.05105790785076791,0.030599745002124982,0.0031249739585503455,0.041906805290848295,0.011581938353202792,0.047397656514356575,0.032827440913058135,-0.008683680972208995
2024,imports,high_density,random,0.05,8,121627,65,0.9779936591850522,0.9769251140811657,0.0010685451038865423,0.0010685451038865423,0.023440518963716937,5.7553010433538605e-05,0.019617354699203303,0.00033523298692591353,0.0236833224147857,0.02707129474599271,-0.02010132824153016,-0.008430959402181208
2024,imports,mid_density,random,0.05,8,238372,65,0.8368056064078784,0.82321816673081,0.013587439677068325,0.013587439677068325,0.03235698823687346,0.0028610742872485022,0.02035473965063011,0.005186469550404575,0.04539840562895318,0.028187755328072727,-0.019091963977922122,-0.0008327865620550228
2024,imports,low_density,random,0.05,8,120001,65,0.8622197495726888,0.8537428670805781,0.008476882492110649,0.008476882492110649,0.03952467062774477,0.009824918125682286,0.011541570486912608,0.013455371306620409,0.04277595898449565,0.0387710063043676,-0.012788301683358986,-7.804831654755981e-05
2024,imports,high_density,random,0.05,9,121627,65,0.9779936591850522,0.9649680183399011,0.01302564084515112,0.01302564084515112,0.05770100388893913,0.020069556924038248,0.020702640038807174,0.11690053158373641,0.024993548130943163,0.03878020801845395,0.019074163182200423,-0.013086572863913027
2024,imports,mid_density,random,0.05,9,238372,65,0.8368056064078784,0.8309978691708013,0.00580773723707706,0.00580773723707706,0.04005923514506737,0.02193210611984629,0.0024205863104727063,0.03975786335706029,0.0053987798944571275,0.03825920315451625,0.030652831971582507,-0.004121058147999935
2024,imports,low_density,random,0.05,9,120001,65,0.8622197495726888,0.8501525619769479,0.01206718759574088,0.01206718759574088,0.06379946833776386,0.04021633153057058,0.0019249839584670127,0.05507686338061924,0.00713447402557292,0.062182096095236276,0.04832433109692682,-0.01537280968234735
2024,imports,high_density,random,0.05,10,121627,65,0.9779936591850522,0.977002843210891,0.0009908159741611744,0.0009908159741611744,0.0036093959400462067,0.00023021204173415442,0.0016608154439392568,0.0013409319477036541,0.0020050423838167274,0.018739469316655995,-0.0009564449475403909,0.0039868353113415855
2024,imports,mid_density,random,0.05,10,238372,65,0.8368056064078784,0.8312631058958501,0.005542500512028314,0.005542500512028314,0.024839326766566545,0.007643515177957143,0.006401758595808232,0.013855934781286123,0.014278228975635316,0.023086257613826464,0.00243065121506543,-0.004050239188553869
2024,imports,low_density,random,0.05,10,120001,65,0.8622197495726888,0.8361142109445034,0.02610553862818532,0.02610553862818532,0.056399530003916634,0.02611644902959142,0.012508229098090849,0.035766864864247974,0.04635863858175304,0.05307103737703686,0.011930366970275288,-0.008781988993376448
2024,imports,high_density,random,0.05,11,121627,65,0.9779936591850522,0.9701615199213076,0.007832139263744597,0.007832139263744597,0.11943071850822597,0.06797832718064245,0.0,0.39595804798620754,0.0,0.07851500225887814,0.07793033783095966,0.007056711734224372
2024,imports,mid_density,random,0.05,11,238372,65,0.8368056064078784,0.8398426487204959,-0.0030370423126174773,-0.0030370423126174773,0.08133925125434195,0.04725387209907204,0.0004572684711291595,0.08566040031635944,0.0010198734982596654,0.06689752230106064,0.06476254448254055,0.003936515997132506
2024,imports,low_density,random,0.05,11,120001,65,0.8622197495726888,0.8567017193483779,0.005518030224310855,0.005518030224310855,0.11578236848026266,0.07631603069974417,0.0008583261806151616,0.10451593759629321,0.0031811724010130334,0.10875716173597884,0.10308740564107599,-0.009233224967945989
2024,imports,high_density,random,0.05,12,121627,65,0.9779936591850522,0.9746188396489299,0.0033748195361222866,0.0033748195361222866,0.003625839657312932,0.002244567406908006,0.0,0.013074086490110626,0.0,0.019000969103208868,0.005349365270940986,0.00026137883570410844
2024,imports,mid_density,random,0.05,12,238372,65,0.8368056064078784,0.8441393297217907,-0.007333723313912355,-0.007333723313912355,0.031111036531136206,0.012547614652727669,0.0025590253888879565,0.022745939039970797,0.005707548935214642,0.02813371873909809,0.01705099956717897,-0.005141363225335786
2024,imports,low_density,random,0.05,12,120001,65,0.8622197495726888,0.8551505491626108,0.007069200410077969,0.007069200410077969,0.054882875976033536,0.027683102640811325,0.005799951667069441,0.03791242025495589,0.021496077583544382,0.05152276009012127,0.02783439104323024,-0.007957580231434495
2024,imports,high_density,random,0.05,13,121627,65,0.9779936591850522,0.959031251593727,0.01896240759132517,0.01896240759132517,0.05088508308188149,0.0,0.04707014067600122,0.0,0.056826077462132495,0.07433981407727357,-0.07314541725001288,-0.006965204701090679
2024,imports,mid_density,random,0.05,13,238372,65,0.8368056064078784,0.7839290132033796,0.05287659320449878,0.05287659320449878,0.054784118940143976,0.0005537563136610005,0.040017283909183965,0.001003832816207337,0.0892529660541188,0.05421496685264004,-0.05175560446644879,0.004439971526075521
2024,imports,low_density,random,0.05,13,120001,65,0.8622197495726888,0.8406987133832121,0.02152103618947665,0.02152103618947665,0.08229098090849243,0.0024749793751718736,0.04114132382230148,0.003389521016171553,0.1524800790660325,0.08013991084273152,-0.07386611355500643,0.012907868976935861
2024,imports,high_density,random,0.05,14,121627,65,0.9779936591850522,0.970938041138446,0.00705561804660626,0.00705561804660626,0.023884499329918523,0.003362740181045327,0.01683014462249336,0.01958718452181409,0.020318424552835845,0.025813949121160862,-0.015207604573603047,-0.002536666727050395
2024,imports,mid_density,random,0.05,14,238372,65,0.8368056064078784,0.823352613998063,0.013452992409815345,0.013452992409815345,0.03409376940244659,0.005738929068850368,0.015752689074220127,0.010403358277057857,0.035134174183165535,0.02554058878898237,-0.008216540338344291,-0.0022574108498384453
2024,imports,low_density,random,0.05,14,120001,65,0.8622197495726888,0.8636150385325959,-0.0013952889599071483,-0.0013952889599071483,0.04567461937817185,0.012216564861959484,0.009449921250656244,0.01673076703605218,0.03502378158008524,0.04444593046680084,-0.006445997310256443,0.0015023242445322124
2024,imports,high_density,random,0.05,15,121627,65,0.9779936591850522,0.9784654383095935,-0.0004717791245413272,-0.0004717791245413272,0.013080977085679988,0.001274388088171212,0.0037409456781800094,0.0074230161390737995,0.004516308339785203,0.02667942934627189,-0.004231436361594741,-0.02145179151581271
2024,imports,mid_density,random,0.05,15,238372,65,0.8368056064078784,0.835360714961462,0.001444891446416352,0.001444891446416352,0.025074253687513634,0.005067709294715822,0.009715906230597553,0.00918659122710957,0.021669972678618213,0.023295549955503297,-0.00423617783022655,-0.0022379561450465825
2024,imports,low_density,random,0.05,15,120001,65,0.8622197495726888,0.8604805521787567,0.0017391973939320238,0.0017391973939320238,0.04227464771126907,0.012833226389780085,0.008316597361688653,0.017575294157926573,0.030823398603990363,0.03965697052194843,-0.0004710502149422947,-0.0017686843121735116
2024,imports,high_density,random,0.05,16,121627,65,0.9779936591850522,0.9756825432306125,0.0023111159544396687,0.0023111159544396687,0.0017183684543727955,0.00023021204173415442,0.0,0.0013409319477036541,0.0,0.02020823712526077,-0.002712702336305125,-0.004704102710051827
2024,imports,mid_density,random,0.05,16,238372,65,0.8368056064078784,0.8364156836778,0.00038992273007842915,0.00038992273007842915,0.029814743342338867,0.008704881445807394,0.007152685718121256,0.015779947679016852,0.01595306710580486,0.029372700032637037,-0.00037837460964185534,-0.0085535805012816
2024,imports,low_density,random,0.05,16,120001,65,0.8622197495726888,0.8595892413733368,0.0026305081993519552,0.0026305081993519552,0.04524128965591953,0.022299814168215266,0.003599970000249998,0.030539926731565914,0.013342392982889617,0.043453884956481476,0.020471531021071146,-0.004172311903222042
2024,imports,high_density,random,0.05,17,121627,65,0.9779936591850522,0.9749052034468334,0.0030884557382188094,0.0030884557382188094,0.017537224464962548,0.0039053828508472626,0.0024336701554753468,0.022747952684258416,0.002938081908959165,0.03262176615569796,0.004802321150531546,-0.015796265616847712
2024,imports,mid_density,random,0.05,17,238372,65,0.8368056064078784,0.8270216590198853,0.009783947387993042,0.009783947387993042,0.03117815850854966,0.009824979443894417,0.008839125400634303,0.017810427693618056,0.019714435420487293,0.02886769834648568,0.002009515346369852,0.00036077162391253683
2024,imports,low_density,random,0.05,17,120001,65,0.8622197495726888,0.845355441358567,0.01686430821412177,0.01686430821412177,0.055399538337180525,0.028133098890842576,0.008333263889467589,0.03852869680335072,0.03088516894187411,0.05416200729171233,0.020540956177659532,-0.0075527726940594715
2024,imports,high_density,random,0.05,18,121627,65,0.9779936591850522,0.9747055901245946,0.0032880690604576435,0.0032880690604576435,0.004152038609848142,0.0020719083756073897,0.000986623036003519,0.012068387529332886,0.0011911142874158776,0.022686007856186536,-0.008158173646854717,0.0024753373032479955
2024,imports,mid_density,random,0.05,18,238372,65,0.8368056064078784,0.8330629777670101,0.003742628640868273,0.003742628640868273,0.039589381303173195,0.016159616062289196,0.004958636081418959,0.029293666727505017,0.011059545641678206,0.034105988883411195,0.013807526615012573,-0.006651273263111308
2024,imports,low_density,random,0.05,18,120001,65,0.8622197495726888,0.8476578254356659,0.014561924137022841,0.014561924137022841,0.05827451437904684,0.030599745002124982,0.00735827201439988,0.041906805290848295,0.02727160417567484,0.054894305293435953,0.026629544138407967,-0.009128331454956116
2024,imports,high_density,random,0.05,19,121627,65,0.9779936591850522,0.9723235792637707,0.005670079921281546,0.005670079921281546,0.04265500258988547,0.013911384807649618,0.007416116487293118,0.08103060198266367,0.008953209060409346,0.02969563278821923,0.017513109153338778,-0.003991090305581303
2024,imports,mid_density,random,0.05,19,238372,65,0.8368056064078784,0.8376554979300832,-0.0008498915222048264,-0.0008498915222048264,0.03517191616465021,0.01452351786283624,0.005785075428322118,0.02632779704325607,0.012902803248624575,0.030873693931850257,0.014763196717014546,-0.003245879923633335
2024,imports,low_density,random,0.05,19,120001,65,0.8622197495726888,0.8461279551354768,0.01609179443721198,0.01609179443721198,0.06052449562920309,0.034583045141290486,0.0056332863892800894,0.04736199399700992,0.0208783742047069,0.05804594354768369,0.03151470739538253,-0.011970382327769357
2024,imports,high_density,random,0.05,20,121627,65,0.9779936591850522,0.9661759988079083,0.011817660377143935,0.011817660377143935,0.0176358867685629,0.013039867792513175,0.0006906361252024633,0.07595421675207126,0.0008337800011911143,0.02874761404964043,0.0179095818379458,0.0003830470730891189
2024,imports,mid_density,random,0.05,20,238372,65,0.8368056064078784,0.8198448135081351,0.016960792899743282,0.016960792899743282,0.07337271156008256,0.04500948097930965,0.0034022452301444802,0.08159183549309484,0.0075882330925558595,0.060945648324100654,0.04252820660660481,-0.004481224518369167
2024,imports,low_density,random,0.05,20,120001,65,0.8622197495726888,0.8503382459121923,0.01188150366049645,0.01188150366049645,0.09485754285380955,0.0557412021566487,0.00469996083365972,0.0763384043002408,0.017419235283217,0.08518743170048132,0.06012182524472505,-0.006793360444206749
2024,imports,high_density,important,0.1,0,121627,129,0.9779936591850522,0.9349772021537301,0.043016457031322064,0.043016457031322064,0.1785623257993702,0.0,0.17172173941641247,0.0,0.20731344172473348,0.18561046083107807,-0.17914960816205247,-0.052847069922849835
2024,imports,mid_density,important,0.1,0,238372,129,0.8368056064078784,0.6808205072799013,0.1559850991279771,0.1559850991279771,0.17095967647206886,0.02127766684006511,0.1266549762556005,0.03857151548336071,0.2824862457427299,0.14656614043762117,-0.08947051267260693,-0.03384149533705663
2024,imports,low_density,important,0.1,0,120001,129,0.8622197495726888,0.6842095705163739,0.1780101790563149,0.1780101790563149,0.22790643411304906,0.07754935375538537,0.09486587611769902,0.10620499184004199,0.3515967632342949,0.21318881250052893,-0.025201496950839033,-0.039951183029763825
2024,imports,high_density,random,0.1,1,121627,129,0.9779936591850522,0.9657229944267124,0.012270664758339822,0.012270664758339822,0.0700173481217164,0.0,0.06302876828335814,0.0,0.0760923510610843,0.07388376278128841,-0.07176263912328766,-0.01713035137399243
2024,imports,mid_density,random,0.1,1,238372,129,0.8368056064078784,0.7908563491618723,0.04594925724600607,0.04594925724600607,0.05107143456446227,0.0009942442904367962,0.036904502206635006,0.0018023361927359007,0.0823103409558741,0.051344372034603965,-0.04498904752740983,-0.0011397622551627166
2024,imports,low_density,random,0.1,1,120001,129,0.8622197495726888,0.8488087689773128,0.013410980595375932,0.013410980595375932,0.07676602694977541,0.00552495395871701,0.03371638569678586,0.007566506510847609,0.12496139353882266,0.07345991581407665,-0.05694833068602765,0.0086208172518581
2024,imports,high_density,random,0.1,2,121627,129,0.9779936591850522,0.9552772298729062,0.022716429312146014,0.022716429312146014,0.122242594160836,0.0,0.11527045803974446,0.0,0.13916185257975502,0.12823851959852228,-0.12785146355624097,-0.01063692395965224
2024,imports,mid_density,random,0.1,2,238372,129,0.8368056064078784,0.7400936284205643,0.09671197798731412,0.09671197798731412,0.09877418488748678,0.00020556105582870472,0.07969056768412397,0.00037263490904666303,0.17773868782514315,0.10004518430878191,-0.09877992733576774,0.0033266754712144367
2024,imports,low_density,random,0.1,2,120001,129,0.8622197495726888,0.8404752469919455,0.02174450258074323,0.02174450258074323,0.14659044507962435,0.0009333255556203698,0.08529095590870076,0.001278203211485569,0.31610970412008155,0.1401388411114446,-0.13716232473549583,0.02973309384311651
2024,imports,high_density,random,0.1,3,121627,129,0.9779936591850522,0.9797453238199386,-0.0017516646348864073,-0.0017516646348864073,0.022947207445715177,0.006413049734022873,0.0015046001299053664,0.0373545328288875,0.0018164492883092132,0.025410688816475173,0.01763978298114887,-0.0052284041002675806
2024,imports,mid_density,random,0.1,3,238372,129,0.8368056064078784,0.8492322668372873,-0.012426660429408876,-0.012426660429408876,0.03979074723541356,0.01590790864698874,0.006124880438977733,0.02883737908377441,0.01366069089412029,0.03849432765058974,0.01841588622756654,-0.0061241814703229995
2024,imports,low_density,random,0.1,3,120001,129,0.8622197495726888,0.8656022865922223,-0.0033825370195335047,-0.0033825370195335047,0.07378271847734602,0.03686635944700461,0.00355830368080266,0.05048902685367997,0.013187967138180245,0.06979509233206832,0.03765573698818285,-0.00396589740071918
2024,imports,high_density,random,0.1,4,121627,129,0.9779936591850522,0.974154815516361,0.0038388436686912497,0.0038388436686912497,0.06147483700165259,0.022774548414414564,0.0004850896593683968,0.13265648196925434,0.0005856311913128065,0.04604593419506724,0.039067382007027765,-0.011526095490717559
2024,imports,mid_density,random,0.1,4,238372,129,0.8368056064078784,0.8408022287735611,-0.003996622365682767,-0.003996622365682767,0.05081133690198513,0.023824106858188043,0.0027603913211283206,0.04318762547910203,0.006156667539952842,0.04199567680834291,0.032546953937929106,-0.0039023256159141264
2024,imports,low_density,random,0.1,4,120001,129,0.8622197495726888,0.8537662751363333,0.008453474436355468,0.008453474436355468,0.08357430354747043,0.04984125132290564,0.0040749660419496505,0.06825833399906417,0.01510284761257644,0.07803344938236512,0.06027104847712983,-0.012047492612505721
2024,imports,high_density,random,0.1,5,121627,129,0.9779936591850522,0.9738869455251686,0.004106713659883576,0.004106713659883576,0.03233657000501533,0.015210438471720917,0.0,0.08859728940184856,0.0,0.04007240686077372,0.0322719068079909,-0.015002350626233656
2024,imports,mid_density,random,0.1,5,238372,129,0.8368056064078784,0.8423162967286575,-0.00551069032077911,-0.00551069032077911,0.06383300052019532,0.03625845317403051,0.0019339519742251608,0.06572823507939406,0.004313409933006475,0.05330812478396642,0.04406161793482381,-0.00945368299988588
2024,imports,low_density,random,0.1,5,120001,129,0.8622197495726888,0.8416302546035044,0.020589494969184385,0.020589494969184385,0.12205731618903176,0.08366596945025458,0.0026166448612928227,0.11458178788674206,0.00969794304774847,0.11403418794713162,0.10117208718882921,-0.02084034662502383
2024,imports,high_density,random,0.1,6,121627,129,0.9779936591850522,0.9716187487024684,0.006374910482583762,0.006374910482583762,0.008065643319328767,0.0,0.007777878267161075,0.0,0.009389950965795169,0.03859474850344223,-0.03521777994789637,-0.0003963168649228835
2024,imports,mid_density,random,0.1,6,238372,129,0.8368056064078784,0.8208466541181959,0.01595895228968247,0.01595895228968247,0.03268840300035239,0.002093366670582115,0.019922641921030992,0.0037947922370262215,0.04443467195628579,0.03344526531665155,-0.02145214397142496,-0.004352677952075981
2024,imports,low_density,random,0.1,6,120001,129,0.8622197495726888,0.8518363579557405,0.010383391616948234,0.010383391616948234,0.06904942458812843,0.010008249931250573,0.02619144840459663,0.01370644693744793,0.09707208598431033,0.06495323266332763,-0.03685932253913673,9.403965638993957e-05
2024,imports,high_density,random,0.1,7,121627,129,0.9779936591850522,0.9609102328134441,0.01708342637160809,0.01708342637160809,0.03824808636240309,0.0,0.037384791205900006,0.0,0.04513330554066663,0.05499795688443604,-0.050830944774004516,-0.011148538842050245
2024,imports,mid_density,random,0.1,7,238372,129,0.8368056064078784,0.7785143030598989,0.058291303347979495,0.058291303347979495,0.05802275435034316,0.0008683905827865689,0.043620895071568806,0.001574192370870597,0.09729031775141285,0.05532413559028999,-0.04978973596166267,0.004328053222255201
2024,imports,low_density,random,0.1,7,120001,129,0.8622197495726888,0.8500766347176466,0.012143114855042159,0.012143114855042159,0.0864659461171157,0.0039333005558287015,0.03969133590553412,0.005386713534117755,0.1471060596701464,0.08178704474610488,-0.06752511920430986,0.011664333719150918
2024,imports,high_density,random,0.1,8,121627,129,0.9779936591850522,0.9744017084301506,0.003591950754901596,0.003591950754901596,0.07832964720004604,0.031539049717579155,0.0009290700255699803,0.1837076768354006,0.0011216326206499514,0.07812595348449002,0.07497226913188215,-0.00794672620339059
2024,imports,mid_density,random,0.1,8,238372,129,0.8368056064078784,0.851917942845263,-0.015112336437384633,-0.015112336437384633,0.08615944825734566,0.04493816387830785,0.0011200979980870236,0.08146255399403785,0.0024982222388562447,0.0682344594592412,0.0652923159050616,0.0007927455163721734
2024,imports,low_density,random,0.1,8,120001,129,0.8622197495726888,0.8475046341447179,0.014715115427970882,0.014715115427970882,0.12157398688344263,0.08255764535295539,0.0011916567361938651,0.11306392157310295,0.004416579158687998,0.11143007480006975,0.10500142329508912,-0.017319546549389695
2024,imports,high_density,random,0.1,9,121627,129,0.9779936591850522,0.9627518223653575,0.01524183681969471,0.01524183681969471,0.031925477073347204,0.0007070798424691886,0.02700880561059633,0.004118576696518366,0.032606753618009646,0.04631355423123702,-0.04038809226697887,-0.014209129340076603
2024,imports,mid_density,random,0.1,9,238372,129,0.8368056064078784,0.7869633464201822,0.0498422599876962,0.0498422599876962,0.05504421660262111,0.003612001409561526,0.03977396674106019,0.006547727687534222,0.08871028107339346,0.04980630032224821,-0.040750167739218336,0.0036984546422040993
2024,imports,low_density,random,0.1,9,120001,129,0.8622197495726888,0.8372990328972163,0.024920716675472465,0.024920716675472465,0.08011599903334139,0.010833243056307864,0.035666369446921274,0.014836287276171782,0.1321885230712212,0.07522115748335287,-0.04466097005623194,0.005674197268576182
2024,imports,high_density,random,0.1,10,121627,129,0.9779936591850522,0.9648256195934118,0.013168039591640368,0.013168039591640368,0.029524694352405303,0.00064952683203565,0.025167109276723096,0.0037833437095924523,0.03038334028150001,0.04712544185733551,-0.0389116410069905,-0.014034122714544416
2024,imports,mid_density,random,0.1,10,238372,129,0.8368056064078784,0.8167642856288424,0.020041320779035976,0.020041320779035976,0.04481650529424597,0.01006410148842985,0.020530934841340425,0.018243900955162134,0.04579138440809911,0.04603465290815888,-0.008044305134831403,-0.008502933675038599
2024,imports,low_density,random,0.1,10,120001,129,0.8622197495726888,0.8426385725547796,0.01958117701790918,0.01958117701790918,0.0777493520887326,0.023949800418329847,0.022616478196015033,0.032799607409013616,0.08382234850824634,0.0746551958978031,-0.01079728912279688,-0.008031750596049252
2024,imports,high_density,random,0.1,11,121627,129,0.9779936591850522,0.9639475381191391,0.014046121065913075,0.014046121065913075,0.08134706931849013,0.03306831542338461,0.00986623036003519,0.19261529620228915,0.011911142874158776,0.05986366741611871,0.02934262960436167,-0.017084281274145196
2024,imports,mid_density,random,0.1,11,238372,129,0.8368056064078784,0.8237595937213729,0.013046012686505515,0.013046012686505515,0.04780762841273304,0.01833688520463813,0.01448576175054117,0.033240554845774775,0.032308469628354354,0.04769626615169005,0.008679145790692887,0.0006918586708106733
2024,imports,low_density,random,0.1,11,120001,129,0.8622197495726888,0.8320747781786054,0.030144971394083342,0.030144971394083342,0.09607419938167182,0.04217464854459546,0.019683169306922443,0.05775880761900414,0.07295076904070666,0.09143197078245845,0.01702463382319372,-0.010112182188758815
2024,imports,high_density,random,0.1,12,121627,129,0.9779936591850522,0.9566981393941278,0.021295519790924367,0.021295519790924367,0.1976534815460383,0.0,0.18577289582082926,0.0,0.22427689436801462,0.18914846154174372,-0.18855428071351266,-0.02532461275936588
2024,imports,mid_density,random,0.1,12,238372,129,0.8368056064078784,0.7239381219899842,0.11286748441789418,0.11286748441789418,0.1305019045861091,0.0013214639303273875,0.11025204302518753,0.0023955101295856907,0.2459017927317639,0.11952228711297554,-0.11421411240208973,-0.004113380165817594
2024,imports,low_density,random,0.1,12,120001,129,0.8622197495726888,0.8480833927717364,0.014136356800952377,0.014136356800952377,0.14284047632936392,0.002016649861251156,0.08315764035299705,0.002761831939102747,0.30820310087096175,0.1359632248171208,-0.1299103357419186,0.02491650790115312
2024,imports,high_density,random,0.1,13,121627,129,0.9779936591850522,0.9638602050921286,0.014133454092923659,0.014133454092923659,0.1690907446537364,0.0,0.1572266026457941,0.0,0.1898139876521152,0.1658609982538071,-0.16476815478667745,-0.02552086480011536
2024,imports,mid_density,random,0.1,13,238372,129,0.8368056064078784,0.7180929881233171,0.11871261828456126,0.11871261828456126,0.1202070713003205,0.00020975617941704564,0.09981038041380699,0.0003802397031088398,0.22261312174856843,0.11486044110064768,-0.11397460231921969,0.0048804905957126644
2024,imports,low_density,random,0.1,13,120001,129,0.8622197495726888,0.8431329146690884,0.019086834903600414,0.019086834903600414,0.13940717160690327,0.002049982916809027,0.08097432521395655,0.00280748205379866,0.30011118660819075,0.13130812171389894,-0.12526142792056594,0.02189554735595939
2024,imports,high_density,random,0.1,14,121627,129,0.9779936591850522,0.9740519114218903,0.003941747763161918,0.003941747763161918,0.053820286613991956,0.01590929645555674,0.006996801696991622,0.09266797567166324,0.008446985488257598,0.03663244041541234,0.030367522034212897,0.004320720872700591
2024,imports,mid_density,random,0.1,14,238372,129,0.8368056064078784,0.8478810933632293,-0.011075486955350877,-0.011075486955350877,0.05842548621482389,0.02680683972949843,0.002596781501183025,0.04859463405730973,0.005791758673603054,0.04656687621237801,0.03851848440369526,-0.0010709575445412415
2024,imports,low_density,random,0.1,14,120001,129,0.8622197495726888,0.8523991706598809,0.009820578912807854,0.009820578912807854,0.09312422396480029,0.05559120340663828,0.004683294305880784,0.0761329787841092,0.017357464945333252,0.08479396885839464,0.06370957939400425,-0.010228889712595899
2024,imports,high_density,random,0.1,15,121627,129,0.9779936591850522,0.9653384178433846,0.012655241341667622,0.012655241341667622,0.04509689460399418,0.00064952683203565,0.03872495416313812,0.0037833437095924523,0.046751235781073194,0.03903231440202921,-0.03185943574432549,-0.004985946420612496
2024,imports,mid_density,random,0.1,15,238372,129,0.8368056064078784,0.8244528247497076,0.012352781658170775,0.012352781658170775,0.04942275099424429,0.017762153273035423,0.01250566341684426,0.032198698059256556,0.02789213668176204,0.04532133549431827,0.007996641859912688,-0.0029131071370919618
2024,imports,low_density,random,0.1,15,120001,129,0.8622197495726888,0.8432085017872394,0.01901124778544938,0.01901124778544938,0.07433271389405088,0.0376663527803935,0.010783243472971058,0.05158462960638189,0.039965408610785104,0.0714089441158334,0.03057224609204458,-0.012367500719251297
2024,imports,high_density,random,0.1,16,121627,129,0.9779936591850522,0.9766583844740447,0.0013352747110074725,0.0013352747110074725,0.0681674299292098,0.023424075246450213,0.0014306034022051025,0.1364398256788468,0.0017271157167530224,0.05298665893122553,0.038636937857233024,-0.006519009432805892
2024,imports,mid_density,random,0.1,16,238372,129,0.8368056064078784,0.841224201666144,-0.004418595258265601,-0.004418595258265601,0.0451479200577249,0.017988689946805834,0.005625660731965164,0.0326093569386141,0.012547251019873498,0.03617443868855646,0.02001481238951484,-0.001858776581379334
2024,imports,low_density,random,0.1,16,120001,129,0.8622197495726888,0.8575548455205186,0.004664904052170127,0.004664904052170127,0.06210781576820193,0.02680810993241723,0.007574936875526037,0.03671410474418817,0.028074618568163567,0.05814168353707408,0.019496153729664713,-0.003503301096161619
2024,imports,high_density,random,0.1,17,121627,129,0.9779936591850522,0.975011303373781,0.0029823558112712645,0.0029823558112712645,0.09497068907397206,0.04970935729731063,0.0,0.28954551985058186,0.0,0.0816304672456702,0.08090050460908481,0.00596221196218668
2024,imports,mid_density,random,0.1,17,238372,129,0.8368056064078784,0.8418571949638858,-0.0050515885560074025,-0.0050515885560074025,0.12181799875824342,0.07758461564277684,0.0003230245163022503,0.14064306138589766,0.0007204610951008645,0.09588161242053145,0.09483331478888883,0.006162809066750435
2024,imports,low_density,random,0.1,17,120001,129,0.8622197495726888,0.8396404902043201,0.022579259368368687,0.022579259368368687,0.1899234173048558,0.14010716577361856,0.0007916600694994209,0.19187884459559704,0.002934091049478041,0.17238636131152704,0.16877052118827002,-0.021182380900695956
2024,imports,high_density,random,0.1,18,121627,129,0.9779936591850522,0.9690699266047956,0.008923732580256583,0.008923732580256583,0.05761056344397215,0.03467979971552369,0.0,0.20200181983621474,0.0,0.05433536404375035,0.04593715817507013,-0.016770137906184007
2024,imports,mid_density,random,0.1,18,238372,129,0.8368056064078784,0.842912611958627,-0.006107005550748612,-0.006107005550748612,0.06040977967210914,0.03458040373869414,0.0031673183091973887,0.06268631745452333,0.007064261387027958,0.05521017341528094,0.04676679895180038,-0.008650127342354104
2024,imports,low_density,random,0.1,18,120001,129,0.8622197495726888,0.837768373403292,0.024451376169396744,0.024451376169396744,0.13274889375921867,0.09267422771476905,0.0020916492362563644,0.1269187313833126,0.007752177404410402,0.12291113126396998,0.112514579367664,-0.027382525320249457
2024,imports,high_density,random,0.1,19,121627,129,0.9779936591850522,0.9714123420376849,0.006581317147367316,0.006581317147367316,0.0350086740608582,0.00572241360882041,0.004587797117416363,0.033331736985776544,0.005538681436483831,0.04080429995446656,-0.009775242768018735,-0.029160975229648403
2024,imports,mid_density,random,0.1,19,238372,129,0.8368056064078784,0.830052472931026,0.006753133476852358,0.006753133476852358,0.03805816119342876,0.006569563539341869,0.017132884734784287,0.011909107501368863,0.03821250795314196,0.03766972894609933,-0.007613956510238693,-0.003953068159483623
2024,imports,low_density,random,0.1,19,120001,129,0.8622197495726888,0.8491513919245234,0.013068357648165385,0.013068357648165385,0.07185773451887902,0.016999858334513878,0.022749810418246516,0.023281558494915717,0.08431651121131632,0.0692365630887967,-0.02190405598394383,-0.0036145120258329008
2024,imports,high_density,random,0.1,20,121627,129,0.9779936591850522,0.9780632530363287,-6.959385127647266e-05,-6.959385127647266e-05,0.052965213316122244,0.012521890698611328,0.008369852088763187,0.07293711986973804,0.010104619538244694,0.03856365855702971,0.022448062531517706,-0.012911083280120141
2024,imports,mid_density,random,0.1,20,238372,129,0.8368056064078784,0.8372770980896195,-0.00047149168174109857,-0.00047149168174109857,0.041640796737871896,0.01742654338596815,0.0045684895877032535,0.03159031453428241,0.010189378344997942,0.039386463056503444,0.01930724071235186,-0.008632566913748835
2024,imports,low_density,random,0.1,20,120001,129,0.8622197495726888,0.8396327251167086,0.022587024455980154,0.022587024455980154,0.07684935958867009,0.04778293514220715,0.006358280347663769,0.06543943941659154,0.023565383902649947,0.07523318692705612,0.04964389811397126,-0.01708880994406364
