feature_group,operator,test_week,selection_type,selection_mode,selection_value,n_trials,n_selected_features,n_candidate_features,auc_mean,auc_std,auc_min,auc_max,delta_auc_mean,delta_auc_std,delta_auc_min,delta_auc_max,flip_rate_mean,flip_rate_std,flip_rate_min,flip_rate_max,malware_to_benign_rate_mean,malware_to_benign_rate_std,malware_to_benign_rate_min,malware_to_benign_rate_max,mean_abs_probability_shift_mean,mean_abs_probability_shift_std,mean_abs_probability_shift_min,mean_abs_probability_shift_max,mean_signed_probability_shift_mean,mean_signed_probability_shift_std,mean_signed_probability_shift_min,mean_signed_probability_shift_max,mean_margin_shift_mean,mean_margin_shift_std,mean_margin_shift_min,mean_margin_shift_max,boundary_low_10_flip_rate_mean,boundary_low_10_flip_rate_std,boundary_low_10_flip_rate_min,boundary_low_10_flip_rate_max,boundary_low_10_malware_to_benign_rate_mean,boundary_low_10_malware_to_benign_rate_std,boundary_low_10_malware_to_benign_rate_min,boundary_low_10_malware_to_benign_rate_max,boundary_low_20_flip_rate_mean,boundary_low_20_flip_rate_std,boundary_low_20_flip_rate_min,boundary_low_20_flip_rate_max,boundary_low_20_malware_to_benign_rate_mean,boundary_low_20_malware_to_benign_rate_std,boundary_low_20_malware_to_benign_rate_min,boundary_low_20_malware_to_benign_rate_max
header,header_benign_substitution,2024-09-22_2024-09-28,baseline,baseline,0.0,5,0,7,0.96490315525,0.0006413299880577524,0.9639686987499999,0.96592110125,0.0,0.0,0.0,0.0,0.0,0.0,0.0,0.0,0.0,0.0,0.0,0.0,0.0,0.0,0.0,0.0,0.0,0.0,0.0,0.0,0.0,0.0,0.0,0.0,0.0,0.0,0.0,0.0,0.0,0.0,0.0,0.0,0.0,0.0,0.0,0.0,0.0,0.0,0.0,0.0
header,header_benign_substitution,2024-09-22_2024-09-28,important,budget,1.0,5,1,7,0.9503238985,0.0008931294060557866,0.9493107099999999,0.9519782875,-0.014579256749999958,0.0004300602093229282,-0.015068597500000003,-0.01394281374999995,0.06842999999999999,0.003047064160794781,0.0648,0.0736,0.05534,0.001980504986108342,0.05255,0.05845,0.08323252228325637,0.0030829361750436945,0.07999013371879356,0.08769459006721565,-0.06557826061452618,0.0023451598033948887,-0.06882686751637485,-0.06320472033585078,-0.0415482502969991,0.0014054641005507374,-0.04351511016858371,-0.03976286683938703,0.3249,0.025952649190400582,0.2985,0.373,0.2041,0.026285737577629434,0.16,0.2335,0.32104999999999995,0.007182269836200815,0.31325,0.33125,0.2556,0.0034878360053190657,0.25125,0.2605
header,header_benign_substitution,2024-09-22_2024-09-28,important,budget,2.0,5,2,7,0.9501794075,0.000893504831419519,0.9491776425,0.951843,-0.014723747749999983,0.000434921040160935,-0.015275255000000154,-0.014078101249999975,0.06876,0.003095060580990299,0.06495,0.0736,0.05571,0.002171957642312577,0.0527,0.05845,0.08381586853385369,0.003115526541408122,0.08047576207546515,0.08796075091575456,-0.0662734940994656,0.0024056604981796278,-0.06927429076605303,-0.06376046966012794,-0.04192174855231917,0.0015027495871199003,-0.04385731652275617,-0.0405122159011523,0.32530000000000003,0.025844922131823114,0.2985,0.373,0.2045,0.026341981702218232,0.16,0.2335,0.32134999999999997,0.007427314454094432,0.31275,0.33175,0.2561,0.003929376540877712,0.25125,0.262
header,header_benign_substitution,2024-09-22_2024-09-28,important,budget,3.0,5,3,7,0.9504002925,0.0008804693506434795,0.9495179174999999,0.952091985,-0.014502862749999923,0.00042301959928547943,-0.015076942500000023,-0.01382911624999994,0.06976,0.0032055264778192046,0.0662,0.07465,0.05561000000000001,0.002118348413269169,0.0527,0.05815,0.0842312119364391,0.003048202733596928,0.0810578510291628,0.08827977763109725,-0.06528966871506105,0.0023801784859485632,-0.06821377119217532,-0.06262459753453016,-0.04123784972906961,0.0015840355994412663,-0.04309101214199596,-0.03936263389956926,0.3309,0.025830989140952387,0.305,0.3785,0.20420000000000002,0.026571789552079478,0.159,0.233,0.3263,0.007900000000000008,0.31475,0.33575,0.2556999999999999,0.004127347816697804,0.25025,0.262
header,header_benign_substitution,2024-09-22_2024-09-28,random,budget,1.0,100,1,7,0.9617307233999998,0.006101928319543077,0.9493107099999999,0.96616669375,-0.0031724318499999427,0.006087082433610697,-0.015068597500000003,0.00032148250000008094,0.015628999999999994,0.028257759270685284,0.0,0.0736,0.012333,0.02290059630227999,0.0,0.05845,0.018801184810610903,0.03442822463703026,3.4722066392620767e-06,0.08769459006721565,-0.014296104637715926,0.027399638351955684,-0.06882686751637485,0.001413687858880411,-0.009020436864791365,0.017334309747442947,-0.04351511016858371,0.0009739978200411482,0.075135,0.13317760425461933,0.0,0.373,0.044809999999999996,0.08381025533906934,0.0,0.2335,0.07304,0.13232808054226433,0.0,0.33125,0.0565725,0.10558197227154832,0.0,0.2605
header,header_benign_substitution,2024-09-22_2024-09-28,random,budget,2.0,100,2,7,0.9604286561625002,0.006939899648849355,0.9491776425,0.9662365849999999,-0.004474499087499917,0.006824266112119706,-0.01508098999999996,0.00046762624999996394,0.0223125,0.03148792179153778,0.0,0.0748,0.017506,0.025602470857321567,0.0,0.05845,0.026709097674867763,0.03839527495866881,2.0044656122706716e-05,0.08773395579574923,-0.020116387237508856,0.03064440120376122,-0.06873644247128874,0.0020551690023443525,-0.012648333592393377,0.019342913494939277,-0.04346834322379021,0.0014619057197957023,0.10765500000000003,0.14740364132205147,0.0,0.378,0.0636,0.09358653749338096,0.0,0.2335,0.1043225,0.14747420238384068,0.0,0.33525,0.08030999999999999,0.11810088970875705,0.0,0.2605
header,header_benign_substitution,2024-09-22_2024-09-28,random,budget,3.0,100,3,7,0.9599976105999999,0.006909327979533923,0.94918835,0.9663986324999999,-0.004905544649999918,0.006935853622573976,-0.01515422749999995,0.0004775312499999407,0.025395000000000004,0.03215098715436277,0.0,0.0748,0.019616500000000002,0.026145335200566847,0.0,0.05845,0.03014775049868268,0.03908441331874159,8.31614358957582e-05,0.08827977763109725,-0.022148384735257584,0.0312592327545453,-0.0691757998774881,0.0020717022166674252,-0.013965268589948012,0.019777945927824,-0.04378977933580411,0.0014757986009414535,0.12438,0.1518438691551292,0.0,0.38,0.072585,0.09797874909897555,0.0,0.2335,0.11867000000000003,0.15087222192968458,0.0,0.33525,0.089845,0.12092511515396623,0.0,0.262
header,header_benign_substitution,2024-09-29_2024-10-05,baseline,baseline,0.0,5,0,7,0.9684803264999999,0.0005177346888817579,0.96783199125,0.9691656949999999,0.0,0.0,0.0,0.0,0.0,0.0,0.0,0.0,0.0,0.0,0.0,0.0,0.0,0.0,0.0,0.0,0.0,0.0,0.0,0.0,0.0,0.0,0.0,0.0,0.0,0.0,0.0,0.0,0.0,0.0,0.0,0.0,0.0,0.0,0.0,0.0,0.0,0.0,0.0,0.0
header,header_benign_substitution,2024-09-29_2024-10-05,important,budget,1.0,5,1,7,0.9572946115000001,0.0006452148300248551,0.9562139125,0.9579186225,-0.01118571500000003,0.000369049129561361,-0.011706648750000048,-0.010833461250000065,0.058789999999999995,0.00606377770041086,0.05255,0.0675,0.04303,0.0018331939340942628,0.04075,0.0451,0.07819525138750756,0.0029380943181430232,0.07530537080962474,0.08251225974741397,-0.0587900295930134,0.0025029796853610485,-0.06247698016679431,-0.0567302542446227,-0.04562804631365372,0.0020111809040356853,-0.048940234516559517,-0.04361446839555329,0.3258,0.046847198422104164,0.269,0.408,0.17709999999999998,0.03430072885522988,0.1185,0.2125,0.28264999999999996,0.02601470737871177,0.259,0.3175,0.20385,0.004589662296945161,0.19875,0.211
header,header_benign_substitution,2024-09-29_2024-10-05,important,budget,2.0,5,2,7,0.9572151065000002,0.0006237229181868374,0.9561754650000001,0.957830245,-0.011265219999999987,0.00036642121541330267,-0.011745096249999976,-0.010921838750000079,0.05900000000000001,0.005960033556952509,0.05265,0.06745,0.043269999999999996,0.001889338508579127,0.04085,0.0452,0.07854721857948044,0.0029499880280062915,0.07557945863269866,0.08266309844652797,-0.05918757838999698,0.0025182134819242657,-0.06268850868204671,-0.05703091857325032,-0.04586932895048412,0.002055087711661421,-0.04910148052245321,-0.04371301060888325,0.3258,0.04603324885341028,0.27,0.4065,0.1774,0.03430947391027732,0.1185,0.213,0.28304999999999997,0.025490880722328912,0.26075,0.31775,0.2044,0.004846648326421046,0.199,0.21125
header,header_benign_substitution,2024-09-29_2024-10-05,important,budget,3.0,5,3,7,0.9574188290000001,0.0005740278278589745,0.956405335,0.95797796,-0.011061497500000027,0.0003716310294700898,-0.01151522625000001,-0.010645888750000054,0.06011,0.006432682177754473,0.05345,0.06915,0.04321,0.0019016834647227708,0.0407,0.0451,0.07902916050285576,0.002939837670564656,0.07604947098413983,0.08312834925088997,-0.05835349250792311,0.0025473687760210616,-0.061757278239877984,-0.05579953308535727,-0.045294129253712144,0.0020831177565975114,-0.04861983645271907,-0.04337035592767619,0.3329,0.04939878541016974,0.272,0.418,0.17709999999999998,0.03445344685223817,0.1185,0.213,0.28864999999999996,0.027972575855648343,0.26275,0.326,0.2042,0.0047890500101794645,0.199,0.211
header,header_benign_substitution,2024-09-29_2024-10-05,random,budget,1.0,100,1,7,0.9671962192500001,0.003766257621703927,0.9562139125,0.96933965,-0.0012841072499999873,0.0036506344542665474,-0.011706648750000048,0.0003635349999999704,0.007754,0.019668056182551442,0.0,0.0675,0.005152000000000001,0.013795031569373083,0.0,0.0451,0.00971697162695667,0.025236841762505773,5.69552994308986e-07,0.08251225974741397,-0.006824333050807893,0.01913538391663901,-0.06247698016679431,0.0014900659438573914,-0.005352982707961005,0.014905590970725916,-0.048940234516559517,0.0009412395322638318,0.044065,0.10845648101888608,0.0,0.408,0.01963,0.05378771328100869,0.0,0.2125,0.03742,0.09478561916240248,0.0,0.3175,0.0244125,0.06551654728959701,0.0,0.211
header,header_benign_substitution,2024-09-29_2024-10-05,random,budget,2.0,100,2,7,0.9653439398250001,0.005155344231686498,0.9561754650000001,0.969433395,-0.0031363866749999757,0.005095373534217511,-0.011745096249999976,0.0003641975000000519,0.0179905,0.026685519195811046,0.0,0.0675,0.012488999999999998,0.019365187295763496,0.0,0.0452,0.02317803130413341,0.03507410246167258,6.463988064161073e-05,0.08266309844652797,-0.016586426271561053,0.026693879601260906,-0.06268850868204671,0.0015452367496044507,-0.012916488011864733,0.020699840295246585,-0.04910148052245321,0.0011280713795475772,0.10091500000000002,0.14649979616026776,0.0,0.408,0.049785,0.0796244389305193,0.0,0.213,0.08678,0.12862571807379736,0.0,0.32575,0.059285000000000004,0.09207821417143144,0.0,0.21125
header,header_benign_substitution,2024-09-29_2024-10-05,random,budget,3.0,100,3,7,0.9650712890625002,0.005253613726098408,0.9561424175000001,0.9695143325,-0.003409037437499971,0.005252795525727743,-0.01177814374999997,0.0004717112500001175,0.019919000000000003,0.026979088920866097,0.0,0.06915,0.0139665,0.02011380005742326,0.0,0.0452,0.02589018028493804,0.036044272228246,6.538056506222652e-05,0.08312834925088997,-0.01813539957983721,0.027562720306255888,-0.06286251356007018,0.002037767766578543,-0.014111611950758461,0.021336346803368763,-0.04923735206561879,0.0014325854407735345,0.11371999999999999,0.15000122199502244,0.0,0.418,0.059120000000000006,0.08682911723609771,0.0,0.213,0.09562749999999998,0.12916939215135292,0.0,0.326,0.065885,0.0950885010135295,0.0,0.21125
header,header_benign_substitution,2024-10-06_2024-10-12,baseline,baseline,0.0,5,0,7,0.957154023,0.0005331213378483234,0.956571565,0.9578831112500001,0.0,0.0,0.0,0.0,0.0,0.0,0.0,0.0,0.0,0.0,0.0,0.0,0.0,0.0,0.0,0.0,0.0,0.0,0.0,0.0,0.0,0.0,0.0,0.0,0.0,0.0,0.0,0.0,0.0,0.0,0.0,0.0,0.0,0.0,0.0,0.0,0.0,0.0,0.0,0.0
header,header_benign_substitution,2024-10-06_2024-10-12,important,budget,1.0,5,1,7,0.940919915,0.0007845608810315427,0.9396545675,0.9420663924999999,-0.016234108000000004,0.0005134486868705796,-0.01695673625000005,-0.015583397500000151,0.0658,0.0013240090634130876,0.0635,0.0675,0.053649999999999996,0.0019076163136228397,0.0505,0.0559,0.09010127120984406,0.003147625244543178,0.08681310754684012,0.09468369177437029,-0.07023553278003597,0.002565016407898665,-0.07394912262952365,-0.06776366141853146,-0.0537259981687348,0.0024665087517863125,-0.05739385229311309,-0.05147955238976084,0.2882,0.01814827815524106,0.2615,0.3175,0.17070000000000002,0.028313600971971047,0.1265,0.2115,0.21764999999999998,0.012307111765154328,0.20075,0.232,0.15794999999999998,0.011387932209141393,0.143,0.17775
header,header_benign_substitution,2024-10-06_2024-10-12,important,budget,2.0,5,2,7,0.9407822075000001,0.0007685910555718469,0.9395850749999999,0.94194175,-0.016371815499999998,0.0005042470225028439,-0.01702622875000015,-0.015708040000000034,0.06615,0.0013390294993016359,0.0637,0.0676,0.05402,0.0019394844675841062,0.0508,0.05645,0.0906344790600058,0.0031090508814215086,0.08726860644001176,0.09483038998469491,-0.07091311319028047,0.002529952002234243,-0.0743017689324103,-0.06834367614903757,-0.05420873552596667,0.0024676759597081614,-0.05766642472615471,-0.051827825192569434,0.28840000000000005,0.018136703118262695,0.262,0.318,0.17109999999999997,0.028348544936204395,0.127,0.212,0.21775000000000003,0.012248469292119733,0.201,0.23225,0.15814999999999999,0.011387054052739013,0.14325,0.178
header,header_benign_substitution,2024-10-06_2024-10-12,important,budget,3.0,5,3,7,0.9410652094999999,0.0007635836419368422,0.9399137925000001,0.9423057925000001,-0.016088813499999955,0.0005384186322878111,-0.016697511249999963,-0.015343997499999928,0.06669,0.001444091409849114,0.06415,0.068,0.053649999999999996,0.0021128180233990802,0.0502,0.05635,0.09101917087154408,0.0030441511612404747,0.08781154450984212,0.0952420536917984,-0.0699410150891456,0.0026139975768591345,-0.07315846040240645,-0.06710882931524713,-0.05357571828830586,0.00257286800015631,-0.05702966855033552,-0.051037515502481964,0.2934,0.01491106971347126,0.2715,0.318,0.1707,0.028336548837146695,0.1265,0.2115,0.2217,0.010873591862857471,0.2065,0.23225,0.1577,0.011320777358467926,0.14325,0.17775
header,header_benign_substitution,2024-10-06_2024-10-12,random,budget,1.0,100,1,7,0.9546418974875001,0.00604606588450251,0.9396545675,0.95807756125,-0.00251212551250001,0.006033063822812701,-0.01695673625000005,0.0004429475000000682,0.011042500000000002,0.023901505574963264,0.0,0.0675,0.008645499999999999,0.019686734232726363,0.0,0.0559,0.015018893753423985,0.03306760294390106,1.793234888220574e-06,0.09468369177437029,-0.01095443956445522,0.026139963896765657,-0.07394912262952365,0.0016103898549330823,-0.008426748675679418,0.02003228456700397,-0.05739385229311309,0.0011586434038301239,0.051365,0.10534894054996473,0.0,0.3175,0.028354999999999998,0.0646869111567402,0.0,0.2115,0.03695249999999999,0.07801550883478232,0.0,0.232,0.02515999999999999,0.05732163117009145,0.0,0.17775
header,header_benign_substitution,2024-10-06_2024-10-12,random,budget,2.0,100,2,7,0.9524300513375,0.00750595930046183,0.9395850749999999,0.9582079775000001,-0.004723971662499994,0.007457161685306901,-0.01702622875000015,0.0005250175000001134,0.020446,0.029798171655321407,0.0,0.0678,0.0161195,0.024394850783515772,0.0,0.05645,0.027646223324171357,0.04072737831921768,6.588119190350024e-05,0.09483038998469491,-0.02054141950641559,0.03220628832678244,-0.0743017689324103,0.0020125482685180687,-0.01574161653499284,0.024617410601761418,-0.05766642472615471,0.0013923590750955623,0.09187,0.12886177905026763,0.0,0.3195,0.050679999999999996,0.07803263804332132,0.0,0.2115,0.06924500000000001,0.09924858928468457,0.0,0.233,0.04792999999999999,0.0726493726745111,0.0,0.17775
header,header_benign_substitution,2024-10-06_2024-10-12,random,budget,3.0,100,3,7,0.949403472325,0.008267574878055357,0.9396158400000001,0.958298785,-0.007750550675000007,0.008202980568829132,-0.01699546374999994,0.00064899499999993,0.0332445,0.032360519846720635,0.0,0.0679,0.026378,0.026733065967075302,0.0,0.05635,0.045124192448942724,0.044486125036994575,6.767012227803973e-05,0.09512021875961714,-0.033710303072910695,0.03541387031601708,-0.0741483163748433,0.0024966412783788243,-0.02588113788334572,0.02709900129195952,-0.05759202228054895,0.0017515306558698387,0.148355,0.13961529814099885,0.0,0.3235,0.08354,0.08670688207979803,0.0,0.212,0.11118750000000001,0.10648660934009498,0.0,0.235,0.07747749999999999,0.07882260220742525,0.0,0.1785
header,header_benign_substitution,2024-10-13_2024-10-19,baseline,baseline,0.0,5,0,7,0.9624467055,0.00028714368015487726,0.96221051,0.96299535125,0.0,0.0,0.0,0.0,0.0,0.0,0.0,0.0,0.0,0.0,0.0,0.0,0.0,0.0,0.0,0.0,0.0,0.0,0.0,0.0,0.0,0.0,0.0,0.0,0.0,0.0,0.0,0.0,0.0,0.0,0.0,0.0,0.0,0.0,0.0,0.0,0.0,0.0,0.0,0.0
header,header_benign_substitution,2024-10-13_2024-10-19,important,budget,1.0,5,1,7,0.949568734,0.0007314293138277262,0.9487686375,0.950701445,-0.012877971500000007,0.0005803744712314253,-0.013655822500000081,-0.012293906250000042,0.05787,0.0026066453537065618,0.05495,0.06165,0.045459999999999993,0.002004095806093112,0.0421,0.04795,0.07644106015060091,0.002844379899711062,0.07359523569617715,0.08052967615250976,-0.0593273595398706,0.002307767939844028,-0.06260819216694426,-0.05714892780302974,-0.044001817507251684,0.0013366542796076398,-0.04600499579311777,-0.04267128048780704,0.2933,0.02827295527531567,0.2555,0.3305,0.1747,0.031558833945505654,0.13,0.222,0.25555,0.010212002741871945,0.23925,0.269,0.19349999999999998,0.006875681784376011,0.184,0.2025
header,header_benign_substitution,2024-10-13_2024-10-19,important,budget,2.0,5,2,7,0.949447634,0.0007232196637288161,0.9486590225,0.9505850275000001,-0.012999071500000015,0.0005719097099332207,-0.013803225000000086,-0.012410323749999952,0.058140000000000004,0.0026393938698117785,0.05505,0.06195,0.04573000000000001,0.0020631529269542767,0.0422,0.04825,0.0769287252067177,0.002841855563320282,0.07397233392260363,0.08072583482449282,-0.0599272730219811,0.0022964519568841333,-0.06295239136040179,-0.057627471231481514,-0.044475806047282525,0.0012989585554284845,-0.04626125947396314,-0.043063179856383894,0.2937,0.028209218351453843,0.2565,0.3305,0.17509999999999998,0.03138216053747734,0.131,0.222,0.256,0.010028708790268074,0.2405,0.2695,0.19395,0.0066921595916415565,0.18525,0.203
header,header_benign_substitution,2024-10-13_2024-10-19,important,budget,3.0,5,3,7,0.94988603,0.0006500732863589364,0.9490913475,0.9506215375,-0.012560675499999997,0.0005845543383845319,-0.013370900000000074,-0.011779971249999965,0.059230000000000005,0.0030380256746775527,0.05605,0.06385,0.04561,0.0020192572892031363,0.04215,0.04815,0.07766698077126503,0.002904418571728088,0.07418323796872603,0.08157361127012927,-0.05875869933302789,0.0023332217823125913,-0.061653012465733126,-0.05617707978431334,-0.043679975098443256,0.0014864856100714231,-0.04541984544978668,-0.041942692652394614,0.3019,0.02767562104090892,0.266,0.3375,0.17440000000000003,0.031760667499282816,0.1295,0.222,0.26135,0.010907107774291044,0.24725,0.275,0.19335,0.006528016544096689,0.1845,0.2015
header,header_benign_substitution,2024-10-13_2024-10-19,random,budget,1.0,100,1,7,0.9610627259124999,0.004165549007919083,0.9487686375,0.96330829125,-0.0013839795875000037,0.0041589734361233265,-0.013655822500000081,0.0007457200000000608,0.007282499999999998,0.018505675311914452,0.0,0.06165,0.0054225,0.01458474438411589,0.0,0.04795,0.00951685472658926,0.024227218966918974,1.2665071557132922e-06,0.08052967615250976,-0.0066116456838724025,0.019075913070348716,-0.06260819216694426,0.002010356826053969,-0.004936534325673636,0.014204910490931715,-0.04600499579311777,0.0014481138959487364,0.038245,0.09335249045954802,0.0,0.3305,0.020559999999999995,0.05638560454584131,0.0,0.222,0.03273999999999999,0.08278627543258604,0.0,0.269,0.02345,0.06316264718961674,0.0,0.2025
header,header_benign_substitution,2024-10-13_2024-10-19,random,budget,2.0,100,2,7,0.9598613872500001,0.005390492591708433,0.94872541,0.9635944375000001,-0.0025853182500000017,0.005369291021668189,-0.01366609750000003,0.0007487975000000091,0.013349499999999999,0.023497905752428234,0.0,0.06355,0.009964,0.018521731938455435,0.0,0.04795,0.01760097728711298,0.031005508933442193,2.3468036388243557e-05,0.08137103878964842,-0.012285302474205015,0.02452356018899819,-0.06281179651746768,0.0022087376964368063,-0.009134401270795402,0.018192802224045335,-0.04617085700315821,0.0017417637024934101,0.06999499999999999,0.11850819581362296,0.0,0.3365,0.037939999999999995,0.07181658165075806,0.0,0.222,0.059555,0.10446623006981728,0.0,0.27275,0.0426525,0.07956201115325076,0.0,0.203
header,header_benign_substitution,2024-10-13_2024-10-19,random,budget,3.0,100,3,7,0.9573856314125001,0.006478801610039202,0.9486468350000001,0.963627935,-0.00506107408749999,0.006459094079561395,-0.013815412499999957,0.0009359249999998376,0.025268499999999996,0.028203788446767217,0.0001,0.0635,0.019149000000000003,0.022328160448187397,0.0,0.04825,0.03324725410848686,0.03700834696404012,0.0004805506296462778,0.08136569875161974,-0.023871592332411776,0.029554317858054773,-0.0629152263264337,0.002896413016228405,-0.017686054242589705,0.021885398513269226,-0.04625073666838832,0.0021833080835636774,0.12956499999999999,0.14060413676346795,0.0,0.336,0.07212,0.08624091604337235,0.0,0.222,0.11195749999999999,0.12446974559606844,0.00025,0.275,0.08141250000000001,0.09509013733689736,0.0,0.203
header,header_benign_substitution,2024-10-20_2024-10-26,baseline,baseline,0.0,5,0,7,0.9587832367499999,0.0007126673106079553,0.9575824074999999,0.95955106,0.0,0.0,0.0,0.0,0.0,0.0,0.0,0.0,0.0,0.0,0.0,0.0,0.0,0.0,0.0,0.0,0.0,0.0,0.0,0.0,0.0,0.0,0.0,0.0,0.0,0.0,0.0,0.0,0.0,0.0,0.0,0.0,0.0,0.0,0.0,0.0,0.0,0.0,0.0,0.0
header,header_benign_substitution,2024-10-20_2024-10-26,important,budget,1.0,5,1,7,0.944725508,0.0009207360105065114,0.9437200550000001,0.9461685099999999,-0.014057728749999953,0.0005019128755477252,-0.014855251249999979,-0.013382550000000104,0.061770000000000005,0.004618939272170614,0.0565,0.0684,0.047349999999999996,0.003521221379010414,0.0423,0.05245,0.07663203862683805,0.0028395451678663772,0.07395362004010941,0.08135010380108212,-0.057195227198955256,0.00215587373199932,-0.06082971515537598,-0.05521329298785911,-0.0397267555648932,0.0014745189533365009,-0.04178971343630326,-0.037787637915903075,0.3063,0.019226544151250895,0.275,0.327,0.1663,0.013926952286842952,0.149,0.189,0.24935000000000002,0.016937089478419844,0.2305,0.28,0.1773,0.01221208417920545,0.1645,0.20025
header,header_benign_substitution,2024-10-20_2024-10-26,important,budget,2.0,5,2,7,0.9445711995,0.0009230369052581225,0.9435112175,0.94602466,-0.014212037249999953,0.0004930109530688086,-0.014956686249999906,-0.01352640000000005,0.062060000000000004,0.004675724542784787,0.05655,0.0688,0.047650000000000005,0.0035890110058343374,0.0424,0.05285,0.07715751287922977,0.002825732662286286,0.07431880175228554,0.08160479686874918,-0.05785669614553872,0.00216368983115116,-0.0612890292469359,-0.055679315158456824,-0.040223449713005247,0.0014160278371415675,-0.04210547072372802,-0.0386569464058155,0.3066,0.01952792871760853,0.275,0.327,0.16670000000000001,0.01426744546160945,0.149,0.19,0.25015,0.016634752778445498,0.23225,0.2805,0.17814999999999998,0.011958887908162701,0.16625,0.20075
header,header_benign_substitution,2024-10-20_2024-10-26,important,budget,3.0,5,3,7,0.9448606439999999,0.0008033572388958546,0.9439639825000001,0.9460605899999999,-0.013922592749999917,0.00044125055173001987,-0.01463384124999978,-0.013490470000000143,0.06275,0.004696700969829781,0.05765,0.0695,0.04759,0.0035173001009296888,0.0424,0.05265,0.07758787685592297,0.0028612280758440194,0.07444764209535941,0.08202908528675817,-0.056990845106100085,0.0020816793865035548,-0.06028980137342158,-0.054730986743173414,-0.039591704438873124,0.0015235814081362197,-0.04140407188565215,-0.037456018858766066,0.3104,0.018677258899528055,0.2805,0.3335,0.16640000000000002,0.014178857499812885,0.149,0.19,0.25359999999999994,0.01693266074779743,0.2355,0.284,0.178,0.01167582973496959,0.16625,0.2
header,header_benign_substitution,2024-10-20_2024-10-26,random,budget,1.0,100,1,7,0.9560404844125,0.0058008801670116706,0.9437200550000001,0.95986288625,-0.0027427523374999653,0.005676242444115003,-0.014855251249999979,0.0004916175000000411,0.012935499999999997,0.025061513616499703,0.0,0.0684,0.009698,0.019315825014738563,0.0,0.05245,0.01582974284411201,0.030499592462737833,1.4005858734424448e-06,0.08135010380108212,-0.011210161360876865,0.02306971822908432,-0.06082971515537598,0.0015749280042186165,-0.007730626688960519,0.01596107445947895,-0.04178971343630326,0.001390011112580784,0.06456,0.12245087341460657,0.0,0.327,0.033429999999999994,0.06665815854042174,0.0,0.189,0.05230249999999998,0.10083895139652137,0.0,0.28,0.0361475,0.07213921519361019,0.0,0.20025
header,header_benign_substitution,2024-10-20_2024-10-26,random,budget,2.0,100,2,7,0.9557233143625001,0.00596252398124635,0.9436887075,0.96006730625,-0.003059922387499965,0.00595046364046975,-0.01490911624999991,0.0005162462500000187,0.0148045,0.02558241495148572,0.0,0.0684,0.010879999999999999,0.019772608578536115,0.0,0.05245,0.01836130165816742,0.03175427990998997,2.3227693445721102e-05,0.08177522457314283,-0.012571296689817825,0.024153883659232545,-0.061091258271436126,0.0021448088708609435,-0.008712038382258359,0.016811701466968105,-0.04203417779520321,0.0017614233571296922,0.075675,0.12614466645482875,0.0,0.3295,0.03839,0.07000580618777273,0.0,0.19,0.06043249999999999,0.10336161554827787,0.0,0.28125,0.04086,0.07431211475930423,0.0,0.20025
header,header_benign_substitution,2024-10-20_2024-10-26,random,budget,3.0,100,3,7,0.9532173302000001,0.006968113229269064,0.9434883625,0.96009537625,-0.005565906549999968,0.006944178616111526,-0.01484144374999996,0.0007120150000001768,0.026269500000000005,0.030081519156285975,0.00015,0.0695,0.019542999999999998,0.02325620994487279,0.0,0.05285,0.03242007294198903,0.03706192075182799,0.0005741192636287568,0.08183440332691148,-0.022835980969025255,0.02818053480850985,-0.06096449633470716,0.0024669682057153284,-0.01582230434346314,0.019573725935393124,-0.04195404853731361,0.0020440230314750997,0.13143999999999997,0.14647822841637592,0.0,0.3335,0.06749,0.08077663585468263,0.0,0.19,0.1063875,0.12093318596956752,0.0005,0.284,0.0728275,0.08683825262377175,0.0,0.20075
header,header_benign_substitution,2024-10-27_2024-11-02,baseline,baseline,0.0,5,0,7,0.94372923725,0.0009448466296532842,0.9423881312500001,0.9449425812500001,0.0,0.0,0.0,0.0,0.0,0.0,0.0,0.0,0.0,0.0,0.0,0.0,0.0,0.0,0.0,0.0,0.0,0.0,0.0,0.0,0.0,0.0,0.0,0.0,0.0,0.0,0.0,0.0,0.0,0.0,0.0,0.0,0.0,0.0,0.0,0.0,0.0,0.0,0.0,0.0
header,header_benign_substitution,2024-10-27_2024-11-02,important,budget,1.0,5,1,7,0.9270452969999999,0.0013992656900499558,0.9252090775,0.9286829625,-0.016683940249999994,0.0005615746987842374,-0.01747692249999988,-0.015962425000000002,0.06838000000000001,0.004941113234889482,0.06355,0.077,0.049589999999999995,0.004334674151536653,0.0459,0.05775,0.07817426076234343,0.0029401149202131923,0.07443614797519423,0.08285844855590933,-0.05240018116998787,0.0019767468639798978,-0.0556438603421117,-0.04956958398484079,-0.03154849191858691,0.0017626304457274355,-0.03388721654966631,-0.028923008905416783,0.2972,0.027266462916924156,0.246,0.3225,0.12449999999999999,0.01808590611498357,0.1045,0.152,0.227,0.01832211778152296,0.1955,0.2465,0.13699999999999998,0.007372245248226615,0.12525,0.14575
header,header_benign_substitution,2024-10-27_2024-11-02,important,budget,2.0,5,2,7,0.9268925065,0.0013952626869918002,0.9250072224999999,0.9285527725,-0.016836730750000008,0.000566684371145314,-0.017580129999999805,-0.016092615000000032,0.06858,0.004933822047865121,0.06365,0.0773,0.049789999999999994,0.004401068052189149,0.046,0.05805,0.07893539198014023,0.002969368106832813,0.07493758134382347,0.08319203878238508,-0.05332905688640294,0.002013360791687865,-0.05626604296356736,-0.050240968367712364,-0.03232723285533826,0.0017327437215497324,-0.03506848643276543,-0.030233522908407775,0.2972,0.027266462916924156,0.246,0.3225,0.12449999999999999,0.01808590611498357,0.1045,0.152,0.22705000000000003,0.018375527203321265,0.1955,0.24675,0.13705,0.0074016889964385775,0.12525,0.14575
header,header_benign_substitution,2024-10-27_2024-11-02,important,budget,3.0,5,3,7,0.9272059699999999,0.001286736839378981,0.92548006,0.9285930975000001,-0.016523267249999973,0.0004767428373527169,-0.017228372499999867,-0.016016553749999884,0.06926,0.0052304301926323436,0.0638,0.0785,0.04963,0.004439436901229704,0.0456,0.05795,0.07941277453445542,0.0030641042955498812,0.0749716750053632,0.08362933112101066,-0.052254370187742906,0.001750581411623709,-0.05504861145982927,-0.05012671595901536,-0.0315882788173729,0.0018732105723994288,-0.03448844021975865,-0.028947779225912497,0.30089999999999995,0.028201772993909448,0.2495,0.3295,0.1242,0.018293714767646293,0.1045,0.152,0.23025,0.018651407453594483,0.19825,0.2505,0.13684999999999997,0.007257065522647561,0.12525,0.1455
header,header_benign_substitution,2024-10-27_2024-11-02,random,budget,1.0,100,1,7,0.9421581380624999,0.005176817654507356,0.9252090775,0.9452221812499999,-0.0015710991874999948,0.005036972155810843,-0.01747692249999988,0.0004725724999999903,0.007371,0.02052029139656647,0.0,0.077,0.0049499999999999995,0.014847738885096273,0.0,0.05775,0.008389409133335197,0.023161513213352608,1.5418576815652646e-06,0.08285844855590933,-0.004947111507993627,0.015802688552066606,-0.0556438603421117,0.0016232878653227526,-0.0029707737330611967,0.009472021622620608,-0.03388721654966631,0.0012693191268436722,0.03479,0.0903226488761263,0.0,0.3225,0.012530000000000001,0.03771503811478918,0.0,0.152,0.025622500000000006,0.06908971065759358,0.0,0.2465,0.013909999999999995,0.041611409493070524,0.0,0.14575
header,header_benign_substitution,2024-10-27_2024-11-02,random,budget,2.0,100,2,7,0.938060479425,0.008068779665060762,0.9251787325,0.9452460049999999,-0.005668757825000004,0.008007784059927973,-0.017580129999999805,0.0007355437500000672,0.024472000000000004,0.0319230882904521,0.0,0.0782,0.0171325,0.02333855648385307,0.0,0.05805,0.02814179100798759,0.03661238857142197,3.8818288261871445e-05,0.08329739471459482,-0.017804629690589137,0.02509218632200218,-0.05626604296356736,0.002800897107332351,-0.010724838416743212,0.015107613999103658,-0.03506848643276543,0.0020839580303629182,0.109365,0.13712337246071513,0.0,0.3295,0.04229,0.05811575431842901,0.0,0.152,0.08341499999999998,0.10710278486108565,0.0,0.25025,0.04818249999999999,0.06563636430173446,0.0,0.14575
header,header_benign_substitution,2024-10-27_2024-11-02,random,budget,3.0,100,3,7,0.9369818697250001,0.008323411824912978,0.9249766575,0.945373875,-0.006747367525000004,0.008305777466080137,-0.017570099999999922,0.0008341987500001258,0.0299315,0.0333183738011026,0.0001,0.07825,0.020947999999999998,0.024626244049793706,0.0,0.05805,0.034119304280614944,0.037872362767371666,0.00011649065774840013,0.08344390928294075,-0.021267801935112515,0.02613406656728867,-0.0562160905247357,0.0031756044017546637,-0.01286042640068268,0.015796104914258095,-0.03470992757456461,0.0023212324265679033,0.13446,0.1431229136092471,0.0,0.33,0.053455,0.06354380752677637,0.0,0.152,0.1004025,0.10930029674593751,0.0,0.2505,0.05738749999999999,0.06737610272752499,0.0,0.14575
header,header_benign_substitution,2024-11-03_2024-11-09,baseline,baseline,0.0,5,0,7,0.93433788525,0.0007523754917183493,0.93335899875,0.9355613887500001,0.0,0.0,0.0,0.0,0.0,0.0,0.0,0.0,0.0,0.0,0.0,0.0,0.0,0.0,0.0,0.0,0.0,0.0,0.0,0.0,0.0,0.0,0.0,0.0,0.0,0.0,0.0,0.0,0.0,0.0,0.0,0.0,0.0,0.0,0.0,0.0,0.0,0.0,0.0,0.0
header,header_benign_substitution,2024-11-03_2024-11-09,important,budget,1.0,5,1,7,0.919005181,0.0009243465007622812,0.9178167850000001,0.9203686025,-0.01533270424999995,0.000248838041844762,-0.015543439999999964,-0.014907558749999827,0.06584,0.003795312898826657,0.05995,0.07105,0.05083000000000001,0.0034055249228276087,0.0476,0.0573,0.082303003601324,0.0022639951391630665,0.07997558381484716,0.08584573990047613,-0.05572319557592877,0.0014508188863848422,-0.058140666342384045,-0.05426027003418613,-0.041650110332087195,0.0015765143180385007,-0.04394195813579301,-0.03961568990389842,0.2748,0.030599999999999995,0.2235,0.3115,0.1409,0.0161752897964766,0.114,0.158,0.2051,0.01989886931461183,0.1785,0.2295,0.13299999999999998,0.015278252517876513,0.105,0.148
header,header_benign_substitution,2024-11-03_2024-11-09,important,budget,2.0,5,2,7,0.9188818105,0.0008926028362510716,0.9177251075,0.9201996775,-0.015456074750000015,0.00024356447018112942,-0.01567646750000007,-0.015020108750000039,0.06602,0.0038140005243838134,0.0601,0.0713,0.05101,0.0034321130517510627,0.04775,0.05755,0.0827680755204651,0.0022567232098794103,0.08030950379289255,0.086025117302892,-0.056269984190886635,0.0013932564073463592,-0.05842011352269365,-0.054681330874880016,-0.04206804829606125,0.0015214798212636262,-0.044139960055021105,-0.04031813986276585,0.2748,0.030599999999999995,0.2235,0.3115,0.1409,0.0161752897964766,0.114,0.158,0.20515,0.01996033566852021,0.1785,0.22975,0.13305,0.015327589503897865,0.105,0.14825
header,header_benign_substitution,2024-11-03_2024-11-09,important,budget,3.0,5,3,7,0.919072122,0.0008844294288104263,0.9179572625000001,0.920487045,-0.015265763249999953,0.00020522401911782971,-0.015531730000000077,-0.014983646249999927,0.06648,0.004142052631244564,0.0605,0.0727,0.05086,0.0034677658513803966,0.04765,0.0575,0.0830978578446576,0.002320007749717632,0.0803312613835076,0.08642916222315518,-0.05554948743412228,0.0013484544918042152,-0.057541527209744446,-0.054156356618511176,-0.04159726826490985,0.001656497694732343,-0.043751887617040165,-0.0394392306135926,0.2774,0.03002898599686642,0.2265,0.312,0.1409,0.0161752897964766,0.114,0.158,0.20725,0.019638609930440604,0.18,0.23075,0.13294999999999998,0.015229412332719868,0.105,0.14775
header,header_benign_substitution,2024-11-03_2024-11-09,random,budget,1.0,100,1,7,0.9328780255125002,0.00470854330628417,0.9178167850000001,0.9358587724999999,-0.0014598597375000033,0.004610062571087973,-0.015543439999999964,0.0003491912499999916,0.0070475,0.01994530192175591,0.0,0.07105,0.005076,0.015207949368669007,0.0,0.0573,0.008524079662356293,0.024349531392220628,4.90807232982004e-06,0.08584573990047613,-0.00530900343023579,0.016696950946276073,-0.058140666342384045,0.0012685784852589333,-0.003999138888959408,0.012424808134631099,-0.04394195813579301,0.0009711002534304324,0.03239,0.08653873641323867,0.0,0.3115,0.014455,0.043473790667481485,0.0,0.158,0.023262500000000005,0.06408326980382634,0.0,0.2295,0.013690000000000003,0.0411530393774263,0.0,0.148
header,header_benign_substitution,2024-11-03_2024-11-09,random,budget,2.0,100,2,7,0.9295330316875,0.0072139776233875914,0.9177251075,0.9358603600000001,-0.0048048535625,0.007198006847389053,-0.01567646750000007,0.0005246962500000674,0.021267000000000005,0.029959935931173146,0.0,0.0715,0.016005500000000002,0.023300430140879375,0.0,0.05755,0.02683743900855471,0.03797465767583896,1.7719580993010166e-05,0.086025117302892,-0.017452089173426225,0.02606879572562151,-0.05842011352269365,0.002035341558894013,-0.013120614795373622,0.019469872119564524,-0.044139960055021105,0.001518917888796703,0.09154499999999999,0.12558815817982202,0.0,0.314,0.044585,0.06541957103955971,0.0,0.158,0.067865,0.0945244440607825,0.0,0.23075,0.04255749999999999,0.062439979730538026,0.0,0.14825
header,header_benign_substitution,2024-11-03_2024-11-09,random,budget,3.0,100,3,7,0.9271753522625,0.00763250176781724,0.91784646,0.9361148025000001,-0.0071625329875000055,0.007691993971168485,-0.01569857000000008,0.0005534137500000647,0.032504,0.03259745057516002,0.0001,0.0727,0.0244645,0.025494068226746394,0.0,0.05755,0.0403390259110362,0.040614673929779736,0.00041061477553295324,0.08642916222315518,-0.02609357109161938,0.027941097540083424,-0.058645270296780835,0.002090076792300325,-0.019602941679211092,0.020845482914612933,-0.04433960595763118,0.0015611292138190472,0.13654,0.1326595959589807,0.0,0.3155,0.06636500000000001,0.06993650173550289,0.0,0.158,0.1007425,0.09953789137182885,0.0,0.2325,0.06248749999999999,0.06581060301159684,0.0,0.14825
header,header_benign_substitution,2024-11-10_2024-11-16,baseline,baseline,0.0,5,0,7,0.941552586,0.00028823127924615133,0.94127241125,0.94196526,0.0,0.0,0.0,0.0,0.0,0.0,0.0,0.0,0.0,0.0,0.0,0.0,0.0,0.0,0.0,0.0,0.0,0.0,0.0,0.0,0.0,0.0,0.0,0.0,0.0,0.0,0.0,0.0,0.0,0.0,0.0,0.0,0.0,0.0,0.0,0.0,0.0,0.0,0.0,0.0
header,header_benign_substitution,2024-11-10_2024-11-16,important,budget,1.0,5,1,7,0.9273692990000001,0.0006574520223286596,0.9263126675,0.9282285775000001,-0.014183287,0.0004630105741129533,-0.014959743750000087,-0.013696457500000037,0.07503,0.004771750203017755,0.06575,0.07845,0.05371,0.0023395298673024026,0.05115,0.05805,0.08076628161563279,0.0026597960219496538,0.07788708206909452,0.08500150757585495,-0.051310927769968026,0.002026073947423879,-0.05489820558943384,-0.049029195090444615,-0.03562891565440552,0.0019972729495739807,-0.03829528670640447,-0.03310854371473354,0.31029999999999996,0.039930689951464655,0.242,0.3545,0.11320000000000001,0.015749920634720676,0.091,0.1385,0.20975000000000002,0.031658332236553455,0.167,0.2515,0.10575000000000001,0.017987495656705522,0.078,0.1285
header,header_benign_substitution,2024-11-10_2024-11-16,important,budget,2.0,5,2,7,0.9271938365000001,0.0006247373960105041,0.9262503225000001,0.9280397874999999,-0.01435874949999998,0.0004372467134071819,-0.015022088749999996,-0.013843464999999888,0.07519,0.004738501872955208,0.06595,0.0785,0.05387000000000001,0.002365290679810834,0.05135,0.0583,0.08126713245042418,0.0026427331694687576,0.07823619180547034,0.08519949848812519,-0.05190953468815647,0.001994713013763655,-0.0552469770630069,-0.04947400900097775,-0.036071921636731744,0.0019554328609275216,-0.038554044464403345,-0.033879124354542565,0.3105,0.03985849972088765,0.242,0.3545,0.11339999999999999,0.016072958657322556,0.091,0.1395,0.20995,0.03156517067908868,0.167,0.2515,0.10595000000000002,0.017835638480301175,0.0785,0.1285
header,header_benign_substitution,2024-11-10_2024-11-16,important,budget,3.0,5,3,7,0.9274452085,0.0005565437807230618,0.92653802,0.9281263125,-0.01410737750000004,0.00039225455402155463,-0.01473439125000009,-0.013573247499999996,0.07585,0.004828975046529024,0.06625,0.07885,0.05363,0.0023754157530840774,0.0512,0.05805,0.08162785896791476,0.002668227310861096,0.0783030426323141,0.0855566280306488,-0.05108130223145467,0.0018624813285883024,-0.054307721113007246,-0.04933165759201027,-0.035516876237678865,0.002089290481245259,-0.038207912423902715,-0.03287859010100884,0.3126,0.03956690536294189,0.243,0.356,0.1125,0.01630644044541911,0.0905,0.139,0.21244999999999997,0.03115060192034818,0.1685,0.2535,0.1055,0.017657859439920796,0.07825,0.12725
header,header_benign_substitution,2024-11-10_2024-11-16,random,budget,1.0,100,1,7,0.9399018392499998,0.0046486686643628285,0.9263126675,0.9422083875,-0.0016507467499999994,0.004657274117217845,-0.014959743750000087,0.00036106250000000895,0.009309499999999998,0.024084336917382633,0.0,0.07845,0.0065085,0.017543001531949997,0.0,0.05805,0.010147262803198671,0.026266661084422552,3.362042853236019e-06,0.08500150757585495,-0.00598551525933565,0.01686200318661668,-0.05489820558943384,0.0012000919195474164,-0.004193895961854019,0.011778307801246404,-0.03829528670640447,0.000962031222817742,0.039685,0.0988728641994354,0.0,0.3545,0.014079999999999997,0.03801524168014719,0.0,0.1385,0.026250000000000006,0.06636553133969471,0.0,0.2515,0.012612499999999997,0.03429109532735868,0.0,0.1285
header,header_benign_substitution,2024-11-10_2024-11-16,random,budget,2.0,100,2,7,0.9378178613499999,0.00640358972616067,0.9262489700000001,0.9423670625,-0.003734724650000013,0.006368258623166192,-0.015023441249999991,0.0005676374999999956,0.020927,0.03303822893255629,0.0,0.0788,0.014603,0.023892926589264868,0.0,0.0583,0.022624118073203303,0.0356719836967964,1.972148698701661e-05,0.08519949848812519,-0.013532637458241896,0.023059060592666467,-0.0552469770630069,0.002023705587214853,-0.009419932234332445,0.01599445758316713,-0.038554044464403345,0.0012193364166233492,0.08832999999999998,0.13533926296533463,0.0,0.356,0.03105,0.05113895286374175,0.0,0.1395,0.05898249999999999,0.09175226328952327,0.0,0.253,0.028312500000000004,0.047012011430590805,0.0,0.1285
header,header_benign_substitution,2024-11-10_2024-11-16,random,budget,3.0,100,3,7,0.9361706047750001,0.006945222031265101,0.9261676675,0.9424232225,-0.005381981225000003,0.006960686284981938,-0.015104743750000038,0.0005885225000000771,0.029981500000000005,0.03606887068858686,0.00015,0.0789,0.021000000000000008,0.026112100643188394,0.0,0.05845,0.03255524946938892,0.039012723542044436,0.00046657747149770907,0.0855566280306488,-0.019478866003104358,0.025190183443224223,-0.055537615857530406,0.0023073550885778743,-0.01359539123891495,0.017588759297353453,-0.03880089562091036,0.0017693980946410814,0.12567499999999998,0.14782907993693256,0.0,0.3565,0.04488000000000001,0.05625678270217735,0.0,0.1395,0.08440000000000002,0.10038720660522435,0.0005,0.2535,0.0410075,0.05176063242223764,0.0,0.1285
header,header_benign_substitution,2024-11-17_2024-11-23,baseline,baseline,0.0,5,0,7,0.9463845975,0.0006337010680113545,0.94557929625,0.94729072375,0.0,0.0,0.0,0.0,0.0,0.0,0.0,0.0,0.0,0.0,0.0,0.0,0.0,0.0,0.0,0.0,0.0,0.0,0.0,0.0,0.0,0.0,0.0,0.0,0.0,0.0,0.0,0.0,0.0,0.0,0.0,0.0,0.0,0.0,0.0,0.0,0.0,0.0,0.0,0.0
header,header_benign_substitution,2024-11-17_2024-11-23,important,budget,1.0,5,1,7,0.930037201,0.0006957987355974454,0.9289264175,0.9310143275,-0.01634739649999999,0.00031973411696520435,-0.016779755000000063,-0.01597204125000007,0.08209999999999999,0.004693293086948652,0.07635,0.0906,0.06445999999999999,0.0027754999549630694,0.0616,0.06955,0.085532360242668,0.0030658104541935955,0.08263470242274111,0.09053756818846223,-0.05768153628042649,0.0021731588300547542,-0.06144999393751357,-0.05562719473145221,-0.03078332086630046,0.0021149359191759737,-0.03371424388788398,-0.027675404817449577,0.27549999999999997,0.023933240482642535,0.231,0.302,0.11480000000000001,0.011754148203932092,0.0975,0.1285,0.24009999999999998,0.015615377036754497,0.21425,0.25775,0.15524999999999997,0.014008925726121902,0.1415,0.1795
header,header_benign_substitution,2024-11-17_2024-11-23,important,budget,2.0,5,2,7,0.9299205435,0.0006771375334239767,0.928805165,0.930840885,-0.016464054000000016,0.0003024370501571483,-0.016829925000000023,-0.016069218750000114,0.0824,0.004598151802626791,0.0768,0.09075,0.06477,0.0027412770746496986,0.06205,0.06975,0.08612638328336127,0.0030131157814925432,0.08308611664980028,0.09074839287114014,-0.05838163616703872,0.002106529437117871,-0.061813706393228036,-0.0561934736148742,-0.03134716200395625,0.0020169426097655123,-0.03401984472959946,-0.028671572784128314,0.27569999999999995,0.023859170144831097,0.231,0.3015,0.11510000000000001,0.012088837826689547,0.0975,0.129,0.24025,0.01574960316960399,0.21425,0.2585,0.15544999999999998,0.01428758202076195,0.1415,0.18025
header,header_benign_substitution,2024-11-17_2024-11-23,important,budget,3.0,5,3,7,0.9301531664999999,0.000643593649639693,0.929127865,0.93111372,-0.01623143100000004,0.0002619437895717981,-0.01657390500000011,-0.01582679875000026,0.08301,0.005035513876457892,0.0772,0.09225,0.06465000000000001,0.0027819058215547143,0.0619,0.06965,0.08644984409674232,0.0030624780669941576,0.08311770929985539,0.09102018327709563,-0.05751306756273753,0.0020287438915614275,-0.06087985698867385,-0.055809197199491505,-0.030805119119849466,0.002148436500955847,-0.033610729438716694,-0.027652319294168125,0.2784,0.02553311575190148,0.232,0.3085,0.11510000000000001,0.012088837826689547,0.0975,0.129,0.2426,0.016264685671724493,0.21525,0.25875,0.15535,0.014382802230441747,0.14125,0.18025
header,header_benign_substitution,2024-11-17_2024-11-23,random,budget,1.0,100,1,7,0.9446330441124999,0.00510103858572823,0.9289264175,0.94756252375,-0.001751553387500021,0.005136803686699474,-0.016779755000000063,0.000289980000000023,0.009255499999999998,0.025367314496217375,0.0,0.0906,0.007081499999999999,0.020034597144689484,0.0,0.06955,0.00987194185990994,0.026667524931175444,1.610283050728134e-06,0.09053756818846223,-0.0062067648099507775,0.018115660174773226,-0.06144999393751357,0.00138159632636417,-0.003337198431635552,0.009699172246728782,-0.03371424388788398,0.001164804045906056,0.031939999999999996,0.08403312680127999,0.0,0.302,0.012555,0.03555466882140797,0.0,0.1275,0.02781249999999999,0.07510220848117584,0.0,0.25775,0.0174175,0.04957949494246587,0.0,0.1795
header,header_benign_substitution,2024-11-17_2024-11-23,random,budget,2.0,100,2,7,0.9414225888375001,0.007522029784514048,0.9289260575,0.94756139125,-0.004962008662500037,0.007567048399301383,-0.016829925000000023,0.0004890487499998875,0.026130499999999994,0.037928465494269606,0.0,0.0921,0.020096999999999997,0.02990369610934408,0.0,0.06975,0.02729594541555875,0.03926726315472632,1.4709783857835763e-05,0.09081268181894762,-0.017631288261746945,0.026778526348841612,-0.061813706393228036,0.002210620967960603,-0.009510146185158745,0.014376912408590724,-0.03401984472959946,0.0016729433118062907,0.09000500000000003,0.1262167876116327,0.0,0.309,0.035795,0.05352350394919973,0.0,0.1285,0.0777325,0.11135201084286712,0.0,0.2595,0.0488475,0.07309669020379787,0.0,0.18025
header,header_benign_substitution,2024-11-17_2024-11-23,random,budget,3.0,100,3,7,0.938245716525,0.008134499029410262,0.92881229,0.94761064375,-0.008138880975000031,0.008165757056103522,-0.01687702000000013,0.00046783750000001234,0.042277499999999996,0.04043668283563825,0.0,0.09225,0.0327205,0.03201587504270342,0.0,0.0699,0.04435398452485071,0.042151850363069295,9.510762867493338e-05,0.09104351304358456,-0.028827667504750056,0.02890150512164201,-0.06212203647444637,0.002051850843672075,-0.01551424941509762,0.015543968918606824,-0.03429929914632213,0.0015534873844170512,0.14407999999999999,0.13407456358310474,0.0,0.3085,0.058345,0.05764415386663247,0.0,0.129,0.124675,0.1179146486870906,0.0,0.26025,0.0789825,0.07784182885023964,0.0,0.18025
header,header_benign_substitution,2024-11-24_2024-11-30,baseline,baseline,0.0,5,0,7,0.9453218919999999,0.0005478102617658924,0.94440290875,0.94610997875,0.0,0.0,0.0,0.0,0.0,0.0,0.0,0.0,0.0,0.0,0.0,0.0,0.0,0.0,0.0,0.0,0.0,0.0,0.0,0.0,0.0,0.0,0.0,0.0,0.0,0.0,0.0,0.0,0.0,0.0,0.0,0.0,0.0,0.0,0.0,0.0,0.0,0.0,0.0,0.0
header,header_benign_substitution,2024-11-24_2024-11-30,important,budget,1.0,5,1,7,0.9258087045,0.0010211067504004713,0.92436747,0.9274924399999999,-0.01951318750000002,0.0005659352952833463,-0.020135218749999906,-0.018617538750000162,0.09346,0.0033853212550657608,0.09055,0.09925,0.07651,0.0023452931586477664,0.07475,0.0811,0.09148563517198674,0.003082736244105588,0.08861197488808907,0.09654730877639334,-0.0627206531686876,0.00197085201396762,-0.06586833753469531,-0.06056405529869753,-0.028134977032091214,0.0014460446869939663,-0.02951303234490929,-0.025409302197576807,0.3463,0.01462053350599764,0.3245,0.365,0.2017,0.014002142693173784,0.1805,0.2155,0.30084999999999995,0.01275009803883876,0.283,0.32275,0.21870000000000003,0.014728713453659146,0.203,0.2455
header,header_benign_substitution,2024-11-24_2024-11-30,important,budget,2.0,5,2,7,0.925591919,0.0010436028631902745,0.9240985150000001,0.9273279175,-0.01972997299999992,0.0005709553602688336,-0.020304393749999927,-0.018782061250000037,0.09367,0.0033450859480736836,0.09035,0.09925,0.07682000000000001,0.002234860174597061,0.07485,0.0811,0.09231328538475769,0.00302952325326359,0.0891566418899544,0.09675742227226017,-0.06379671872643503,0.0019248046556805598,-0.06645685365178777,-0.06149463608910884,-0.02899264842099249,0.0012535650501404472,-0.030360790698687634,-0.026823986797495182,0.3458,0.014901677757890206,0.3235,0.365,0.2017,0.014002142693173784,0.1805,0.2155,0.30055,0.012238668228201957,0.283,0.32125,0.2189,0.014704251085995504,0.203,0.2455
header,header_benign_substitution,2024-11-24_2024-11-30,important,budget,3.0,5,3,7,0.9258998485,0.0010093347788142609,0.9245384,0.9276719875,-0.019422043500000007,0.0005296385440305251,-0.01986450875000001,-0.018437991250000008,0.09409000000000001,0.00384309770888017,0.09075,0.1008,0.07651,0.002126828624971934,0.07475,0.0806,0.09274382474853635,0.003054997858129349,0.0893976276979007,0.09721556387416978,-0.06271272498860829,0.0018378876612876684,-0.06524174941407884,-0.06109673722711924,-0.028239874027997863,0.0014747588191480869,-0.02960399087669877,-0.025512692291749146,0.3482,0.014044927910103339,0.3265,0.366,0.2012,0.013695254652615991,0.1805,0.2155,0.30255,0.01289709269564269,0.2825,0.32325,0.2184,0.014728034492083453,0.203,0.245
header,header_benign_substitution,2024-11-24_2024-11-30,random,budget,1.0,100,1,7,0.9424831044625003,0.006984191973842508,0.92436747,0.9464487625,-0.0028387875374999705,0.006983752760217333,-0.020135218749999906,0.0004085075000000993,0.014348000000000003,0.03288559557009725,0.0,0.09925,0.0114935,0.02720593194047945,0.0,0.0811,0.01429776395853504,0.03245472576454597,1.6143086953737396e-06,0.09654730877639334,-0.009159158464576829,0.022548312924409432,-0.06586833753469531,0.0014989863827799806,-0.00409938537518269,0.010213876040597047,-0.02951303234490929,0.001180487277216588,0.05524999999999999,0.1217866474618626,0.0,0.365,0.030765,0.0728847190774582,0.0,0.2155,0.046979999999999994,0.10588246833163648,0.0,0.32275,0.033082499999999994,0.07839642892855515,0.0,0.2455
header,header_benign_substitution,2024-11-24_2024-11-30,random,budget,2.0,100,2,7,0.9400308976874999,0.008625010031463173,0.9243698225,0.946747785,-0.005290994312499979,0.008743697106690011,-0.02023918874999997,0.0006378062499999837,0.027017500000000007,0.04159467055705574,0.0,0.1008,0.021652,0.03450772226618268,0.0,0.0811,0.026788317482604792,0.04070482161207875,2.258835693388658e-05,0.09699702231153283,-0.01726376424670369,0.02842539292521413,-0.06645685365178777,0.0025551615114956807,-0.007871786915951926,0.012966722105264308,-0.030360790698687634,0.0019913990490814447,0.10190499999999997,0.15007710843096625,0.0,0.365,0.05679499999999999,0.09071279113223228,0.0,0.2155,0.088235,0.1334934680986302,0.0,0.3245,0.062235,0.09941897341554075,0.0,0.2455
header,header_benign_substitution,2024-11-24_2024-11-30,random,budget,3.0,100,3,7,0.938932856725,0.009376730335288705,0.9240659375,0.9467640225,-0.0063890352749999815,0.009276662595816191,-0.020336971250000002,0.0007102762499998638,0.032841,0.04363011997462303,5e-05,0.1008,0.025912499999999995,0.03585127569208661,0.0,0.08105,0.03235608821937398,0.04239153305285813,0.00011219061568106332,0.09704967706446312,-0.02045428033830457,0.029644712539587465,-0.06614468011410665,0.002611932297711882,-0.00902568486437491,0.013238901447132322,-0.03040381774854045,0.0020265137656594796,0.12631,0.16090677083329963,0.0005,0.366,0.06869499999999999,0.09542551794462528,0.0,0.2155,0.1078275,0.1407662810077399,0.00025,0.32425,0.0745225,0.10354812947972553,0.0,0.245
header,header_benign_substitution,2024-12-01_2024-12-07,baseline,baseline,0.0,5,0,7,0.9257452222500001,0.0009628363217040901,0.9245545450000001,0.9269237275,0.0,0.0,0.0,0.0,0.0,0.0,0.0,0.0,0.0,0.0,0.0,0.0,0.0,0.0,0.0,0.0,0.0,0.0,0.0,0.0,0.0,0.0,0.0,0.0,0.0,0.0,0.0,0.0,0.0,0.0,0.0,0.0,0.0,0.0,0.0,0.0,0.0,0.0,0.0,0.0
header,header_benign_substitution,2024-12-01_2024-12-07,important,budget,1.0,5,1,7,0.9043532455000001,0.0016631600959073488,0.9026060025,0.9069126550000001,-0.02139197675000002,0.0009496070017932543,-0.02242747749999996,-0.019922562499999907,0.0647,0.003778624088209889,0.06055,0.07115,0.049710000000000004,0.002772976739895233,0.04655,0.0542,0.07850035663720076,0.002762555429772529,0.07511897041483212,0.08235884300313281,-0.05475469800683878,0.0020052002443405005,-0.057433742911151685,-0.05189743837721967,-0.03136633691217043,0.0015803974050797966,-0.03348117113956441,-0.029053962269985356,0.32720000000000005,0.01374990909060856,0.307,0.346,0.186,0.00985900603509299,0.1765,0.2035,0.2424,0.011064131235664191,0.223,0.252,0.16825,0.008876936408468858,0.15475,0.18275
header,header_benign_substitution,2024-12-01_2024-12-07,important,budget,2.0,5,2,7,0.9040412745000002,0.0016406801537056466,0.90241842,0.9066354725000001,-0.021703947749999973,0.000952964552631206,-0.022805081250000137,-0.02019974499999988,0.06503,0.0036865430961810263,0.06075,0.0711,0.05005,0.002754087870784083,0.04675,0.0542,0.07927973625531397,0.0028016152422753048,0.07565024918005572,0.0826078046017211,-0.05569547137516264,0.0020622373221015995,-0.05798089379923878,-0.05260903206838482,-0.03204427265830041,0.0015692917847455084,-0.03454659580650398,-0.03018265584494352,0.3276,0.013391788528796291,0.308,0.3455,0.1865,0.010014988766843425,0.177,0.2045,0.24285,0.010664895686315914,0.22425,0.25225,0.16875,0.008742139326274774,0.156,0.1835
header,header_benign_substitution,2024-12-01_2024-12-07,important,budget,3.0,5,3,7,0.9044144814999999,0.0015230532540899942,0.90287092,0.9067416800000001,-0.02133074075000001,0.0008281085532758091,-0.02230365125000011,-0.02009353749999987,0.06533,0.003837655534307371,0.0608,0.0716,0.04957,0.0026333628690326737,0.0466,0.05355,0.0795863180866497,0.0028656554516371243,0.07567063681334389,0.08291724331802633,-0.0548059137349002,0.0018561504420998157,-0.05697837930794476,-0.05240568523159349,-0.031554445514348904,0.0016820201799483668,-0.03403230557027427,-0.02926910110194305,0.3294,0.013181046999385137,0.309,0.3465,0.18579999999999997,0.010288828893513584,0.176,0.2045,0.24485,0.01063790392887621,0.22675,0.25425,0.16815000000000002,0.008325563044022908,0.15575,0.182
header,header_benign_substitution,2024-12-01_2024-12-07,random,budget,1.0,100,1,7,0.9220168906499999,0.008241561292941584,0.9026060025,0.9272844150000001,-0.0037283316000000155,0.00819504263038174,-0.02242747749999996,0.00047416999999994047,0.011787000000000002,0.024392127438991454,0.0,0.07115,0.008875500000000001,0.018887619615769475,0.0,0.0542,0.014519053394693514,0.029755548555539225,2.743236786425314e-06,0.08235884300313281,-0.009597146255393813,0.021030636230141026,-0.057433742911151685,0.0012357391704420299,-0.005541172484322707,0.012093428009798133,-0.03348117113956441,0.0009928125652927868,0.06090499999999998,0.12364153216051635,0.0,0.346,0.033705,0.07155005573023684,0.0,0.2035,0.044937500000000005,0.09223670212420865,0.0,0.252,0.0305525,0.06501627964402454,0.0,0.18275
header,header_benign_substitution,2024-12-01_2024-12-07,random,budget,2.0,100,2,7,0.920460258425,0.009575522466782928,0.90241842,0.9274866525000001,-0.005284963825000025,0.009395483987237026,-0.02261505999999991,0.0006978062500000437,0.016908499999999996,0.02808465778231951,0.0,0.07165,0.012592999999999998,0.02164919515825011,0.0,0.0542,0.020546421927295798,0.03375241456385844,7.322425615401018e-05,0.08267280447812614,-0.013549657683078187,0.023924884646008854,-0.05798089379923878,0.0017757619347719248,-0.007773013522185234,0.013606324033405701,-0.03454659580650398,0.0011049837436242313,0.08592499999999997,0.1398534120963804,0.0,0.347,0.046225,0.07943520551367635,0.0,0.2045,0.06368,0.10485656917904572,0.0,0.25525,0.042507500000000004,0.07317927007527474,0.0,0.1835
header,header_benign_substitution,2024-12-01_2024-12-07,random,budget,3.0,100,3,7,0.917816828175,0.010623722464415732,0.9024828549999999,0.9275314,-0.007928394075000025,0.01038959443610401,-0.022550625000000046,0.0008869000000000238,0.0255195,0.03117358969945553,0.0001,0.07185,0.0189515,0.023964069411308256,0.0,0.0542,0.030962151631555596,0.03733117770062217,8.903284293926103e-05,0.08282385218499251,-0.020380742129146798,0.02652536178509996,-0.057845573459232025,0.00233270078867535,-0.011756046678503105,0.015137570883737248,-0.034312857519617476,0.0017525956377945618,0.13142999999999996,0.15735528303809823,0.001,0.349,0.07107999999999999,0.09019442111350347,0.0,0.2045,0.0971575,0.11775608612190708,0.0005,0.25625,0.0649725,0.08237010907331614,0.0,0.1835
header,header_benign_substitution,2024-12-08_2024-12-14,baseline,baseline,0.0,5,0,7,0.9414599275000001,0.0005052248683724011,0.9406641599999999,0.9420387775,0.0,0.0,0.0,0.0,0.0,0.0,0.0,0.0,0.0,0.0,0.0,0.0,0.0,0.0,0.0,0.0,0.0,0.0,0.0,0.0,0.0,0.0,0.0,0.0,0.0,0.0,0.0,0.0,0.0,0.0,0.0,0.0,0.0,0.0,0.0,0.0,0.0,0.0,0.0,0.0
header,header_benign_substitution,2024-12-08_2024-12-14,important,budget,1.0,5,1,7,0.9230754489999999,0.0008582204404793398,0.9218885899999999,0.9243893775,-0.018384478499999957,0.0004053744410444952,-0.018775569999999964,-0.017649399999999926,0.08304999999999998,0.004529790282121237,0.0776,0.09135,0.06508,0.0031331453844339876,0.0609,0.06975,0.08906950417024334,0.0030147266804066543,0.08556544524493206,0.09383857816105061,-0.061155781280851654,0.001996034029236688,-0.06387031739284126,-0.05858044815107478,-0.03424865645161933,0.001579551559233018,-0.036363116335532006,-0.031999965369258795,0.3338,0.025466841186138497,0.289,0.36,0.17109999999999997,0.018887562044901406,0.1515,0.202,0.31084999999999996,0.011429785649783648,0.2905,0.325,0.22400000000000003,0.015102152164509535,0.209,0.24525
header,header_benign_substitution,2024-12-08_2024-12-14,important,budget,2.0,5,2,7,0.9228454985000001,0.0008567069976596164,0.9217949350000001,0.924187785,-0.018614428999999922,0.00041667084720988277,-0.019081332499999992,-0.017850992499999996,0.08358,0.004299488341651829,0.0782,0.09135,0.06560999999999999,0.0029181158304632127,0.0616,0.06975,0.08990235168850416,0.002940476197134673,0.08616579593825793,0.09410391326585989,-0.062131103141105905,0.0019512185231711234,-0.06436893856944731,-0.05931215372443399,-0.03488912392601054,0.0014661115924166869,-0.036708488164255794,-0.03310663038977636,0.3338,0.025466841186138497,0.289,0.36,0.17109999999999997,0.018887562044901406,0.1515,0.202,0.31094999999999995,0.011554652742510272,0.2905,0.3255,0.22410000000000002,0.015243523214795194,0.209,0.24575
header,header_benign_substitution,2024-12-08_2024-12-14,important,budget,3.0,5,3,7,0.9232678415000001,0.0007606059302237714,0.9222687175000001,0.9242660850000002,-0.018192085999999885,0.00031427061889341857,-0.018658960000000002,-0.017772692499999798,0.08458,0.004735884289127004,0.07825,0.0929,0.06539999999999999,0.0028679260799399967,0.06145,0.06935,0.09037699103227488,0.0030451101544666606,0.08622500828020589,0.09455656916007613,-0.06115146346530094,0.00181347939947515,-0.06332503213880032,-0.05916712275829967,-0.034507508222211956,0.0015631062251841347,-0.036396755467726805,-0.03232340095883711,0.3383999999999999,0.024994799459087485,0.297,0.3695,0.17099999999999999,0.018992103622295243,0.151,0.202,0.31615000000000004,0.011970380110923804,0.2965,0.331,0.22405,0.015292481812969405,0.209,0.24575
header,header_benign_substitution,2024-12-08_2024-12-14,random,budget,1.0,100,1,7,0.9395052638749999,0.005729634016248432,0.9218885899999999,0.9423570175,-0.001954663624999915,0.00573845218020532,-0.018775569999999964,0.000626622500000007,0.009534,0.025556132219097628,0.0,0.09135,0.007271499999999999,0.020344364397788396,0.0,0.06975,0.010369111009532589,0.027520952489840253,4.804274581119694e-06,0.09383857816105061,-0.00663697641964044,0.01908560469808615,-0.06387031739284126,0.001508706637008089,-0.0038200076479766422,0.010735592273706204,-0.036363116335532006,0.00128919805988309,0.039915,0.1028103121043799,0.0,0.36,0.019714999999999996,0.05622407202435627,0.0,0.202,0.03636999999999999,0.09633687300301998,0.0,0.325,0.025382500000000002,0.07138962157589855,0.0,0.24525
header,header_benign_substitution,2024-12-08_2024-12-14,random,budget,2.0,100,2,7,0.9370607106875001,0.008087096196347017,0.9217949350000001,0.9426847650000001,-0.004399216812499935,0.00803416318310023,-0.019081332499999992,0.0009243287500002584,0.021547,0.03541715249705995,0.0,0.09135,0.016560999999999996,0.028497247744299802,0.0,0.06975,0.023369343746720114,0.03825336409357064,2.6246997585761267e-05,0.09410391326585989,-0.014879138033757337,0.026831844891309103,-0.06436893856944731,0.002614744382712155,-0.008473536721784252,0.01514099836867773,-0.036708488164255794,0.0017076617651627327,0.087005,0.13727409615437283,0.0,0.3625,0.04334500000000001,0.07534967468410199,0.0,0.202,0.08062499999999999,0.1306421519839596,0.0,0.328,0.056329999999999984,0.09734576184919402,0.0,0.24575
header,header_benign_substitution,2024-12-08_2024-12-14,random,budget,3.0,100,3,7,0.9333323974999999,0.009215747577788475,0.9218138825,0.9428017825,-0.008127529999999949,0.009209483081156685,-0.018879540000000028,0.0009278837500001913,0.03937000000000001,0.040866242792799046,0.0003,0.093,0.029783000000000004,0.03207037746893541,0.0,0.06975,0.04198018161024354,0.04339997089433845,0.0008596309245448167,0.09452228946649006,-0.02725730083774642,0.0305434817273685,-0.0643294261109674,0.0026362449486752337,-0.015302786551510787,0.017038141172331978,-0.03668634152550836,0.0017360423152211035,0.16255499999999998,0.1642054794304989,0.0,0.3695,0.07826500000000002,0.08545842424828579,0.0,0.202,0.14922249999999998,0.15314007025840753,0.0,0.33225,0.10292,0.11133660045106461,0.0,0.24575
header,header_bounded_jitter,2024-09-22_2024-09-28,baseline,baseline,0.0,5,0,7,0.96490315525,0.0006413299880577524,0.9639686987499999,0.96592110125,0.0,0.0,0.0,0.0,0.0,0.0,0.0,0.0,0.0,0.0,0.0,0.0,0.0,0.0,0.0,0.0,0.0,0.0,0.0,0.0,0.0,0.0,0.0,0.0,0.0,0.0,0.0,0.0,0.0,0.0,0.0,0.0,0.0,0.0,0.0,0.0,0.0,0.0,0.0,0.0
header,header_bounded_jitter,2024-09-22_2024-09-28,important,budget,1.0,5,1,7,0.957837954,0.000751292024004096,0.9569286725,0.9591387362500001,-0.007065201249999919,0.0002743998869613352,-0.007571851249999928,-0.006782364999999846,0.030670000000000003,0.0023262845913602235,0.02755,0.0342,0.026489999999999996,0.001148651383144599,0.02445,0.028,0.03872379530735946,0.0016557736858117263,0.0371036981315248,0.04136534225562051,-0.031232396342750518,0.0015474829530356662,-0.033903953925856496,-0.0297761771214251,-0.0181983876148498,0.0008754609461148774,-0.019406384226568305,-0.0172179101238276,0.14340000000000003,0.017173817280965807,0.1305,0.177,0.1056,0.010131140113531157,0.0875,0.117,0.14645,0.008472602905837142,0.134,0.15725,0.12595,0.004038564101261738,0.1185,0.13075
header,header_bounded_jitter,2024-09-22_2024-09-28,important,budget,2.0,5,2,7,0.9577109144999998,0.0007831410126936687,0.95667240375,0.9590995099999999,-0.007192240749999979,0.0002203486970613091,-0.007415557500000003,-0.006821591250000036,0.03124,0.0018136703118262702,0.0296,0.0339,0.02726,0.00046626172907499063,0.0267,0.028,0.03916255428905219,0.001246948721464408,0.03775134625791724,0.04094747826010057,-0.03193291022969642,0.001015075520773599,-0.03315422660338518,-0.03065282448439912,-0.018700117320783062,0.0006367482868074912,-0.019723714404587107,-0.01800665416659521,0.1455,0.0177115781340907,0.125,0.1765,0.1085,0.014131525041551601,0.088,0.1285,0.14815,0.007376652357268845,0.14,0.15825,0.12835000000000002,0.002552449803620046,0.12575,0.13275
header,header_bounded_jitter,2024-09-22_2024-09-28,important,budget,3.0,5,3,7,0.95790790425,0.0007388096332236528,0.957043355,0.9592825524999999,-0.006995250999999892,0.00024279792817581423,-0.0073233987499998765,-0.006638548750000028,0.032089999999999994,0.0025070700030114844,0.02865,0.0354,0.026849999999999995,0.0009000000000000001,0.0258,0.028,0.04000790983745625,0.0015717967372941165,0.038178223506560444,0.04177591955615695,-0.031018505150299646,0.0013779415393722848,-0.03306895466606345,-0.02921111001498144,-0.01819401974106612,0.0010826333983796849,-0.020095144355543215,-0.017005553628437385,0.14950000000000002,0.021407942451342678,0.1275,0.188,0.1035,0.008648699324175864,0.089,0.116,0.15155,0.009888629834309708,0.139,0.16475,0.1257,0.00200249843945008,0.1235,0.12925
header,header_bounded_jitter,2024-09-22_2024-09-28,random,budget,1.0,100,1,7,0.9640098112749999,0.0025161306451330617,0.9565889937499998,0.96616669375,-0.0008933439749999239,0.0024293823181313436,-0.00740573624999985,0.00032148250000008094,0.0046475,0.010501967375211179,0.0,0.0348,0.0036755,0.009104000480557985,0.0,0.02895,0.005538816836853512,0.013122938455243514,3.4722066392620767e-06,0.04085163690685923,-0.003996657037155404,0.010807121761101319,-0.03295787623689843,0.001413687858880411,-0.0023284096690466623,0.006319113263463001,-0.01925855934751713,0.0009572445483366966,0.023675,0.050337877140380086,0.0,0.185,0.01479,0.03690549959016949,0.0,0.1215,0.0216975,0.04947322880861931,0.0,0.159,0.0168575,0.04255452759401754,0.0,0.1375
header,header_bounded_jitter,2024-09-22_2024-09-28,random,budget,2.0,100,2,7,0.9633084773625,0.0030745569040646938,0.95667322125,0.96622506125,-0.0015946778874999167,0.003028326250266548,-0.007685478749999808,0.00035820625000015927,0.008036,0.012904423815110847,0.0,0.0366,0.006485000000000001,0.011292144393338229,0.0,0.0293,0.00971578701224033,0.016355213318074633,2.0044656122706716e-05,0.04147942928079177,-0.007114278030111261,0.013466054226273822,-0.0337616090772535,0.0015386098544226039,-0.004116246954982266,0.007899968026258057,-0.02010862231816266,0.0010545906739006113,0.04053500000000001,0.06185467868318451,0.0,0.198,0.026735,0.046408267313055335,0.0,0.127,0.037787499999999995,0.06109309878169546,0.0,0.167,0.030085,0.053147439025789375,0.0,0.13775
header,header_bounded_jitter,2024-09-22_2024-09-28,random,budget,3.0,100,3,7,0.9615008299250001,0.003664725866638882,0.9565763625,0.9662459525,-0.0034023253249999253,0.00361280087761436,-0.007687952499999873,0.0003533412500000832,0.016342499999999996,0.015282686895634551,0.0,0.0359,0.013382500000000002,0.01342144622423381,0.0,0.02965,0.019911935854008803,0.019110365659919647,8.31614358957582e-05,0.04233821892016184,-0.015015764794519843,0.015908749668453095,-0.03429094958586618,0.0015361383461624366,-0.00872820648762441,0.009298319226903409,-0.019976810449873404,0.0010656005084482315,0.078255,0.06907515816123767,0.0,0.194,0.051980000000000005,0.05206217052716877,0.0,0.125,0.0778825,0.07269998671767416,0.0,0.17175,0.063285,0.06357431694481663,0.0,0.13725
header,header_bounded_jitter,2024-09-29_2024-10-05,baseline,baseline,0.0,5,0,7,0.9684803264999999,0.0005177346888817579,0.96783199125,0.9691656949999999,0.0,0.0,0.0,0.0,0.0,0.0,0.0,0.0,0.0,0.0,0.0,0.0,0.0,0.0,0.0,0.0,0.0,0.0,0.0,0.0,0.0,0.0,0.0,0.0,0.0,0.0,0.0,0.0,0.0,0.0,0.0,0.0,0.0,0.0,0.0,0.0,0.0,0.0,0.0,0.0
header,header_bounded_jitter,2024-09-29_2024-10-05,important,budget,1.0,5,1,7,0.962676769,0.0005977543309971884,0.961767415,0.96331227125,-0.005803557500000012,0.00026424648923517173,-0.006153146250000074,-0.005439812500000141,0.028710000000000003,0.0060614684689438095,0.02345,0.03615,0.021179999999999997,0.0005153639490690049,0.02035,0.02175,0.03562470130510052,0.0015417683814863486,0.03400195786431705,0.03749790741045455,-0.02907478900129141,0.0014458787604134452,-0.030844536707984115,-0.02754842548479369,-0.021011611948643948,0.0009793891428127037,-0.022335324395341652,-0.019959540386550123,0.16240000000000002,0.05308238879327116,0.1045,0.2385,0.0913,0.013687950905814934,0.068,0.103,0.1392,0.029324222069817982,0.11375,0.17825,0.10155,0.0024155744658362283,0.09775,0.10425
header,header_bounded_jitter,2024-09-29_2024-10-05,important,budget,2.0,5,2,7,0.9626331665000001,0.000539790241926453,0.9618222412499999,0.96312092875,-0.005847160000000007,0.00018517720646891523,-0.0060983200000001014,-0.005675353750000056,0.028720000000000002,0.005302980294136496,0.02425,0.0365,0.02125,0.0009396807968666806,0.0194,0.02185,0.03579155147595214,0.0014267139431932221,0.0345062159411842,0.03755471775229353,-0.02928918776795155,0.0012648238214607783,-0.030904281279692435,-0.02809327808300093,-0.021037109981908397,0.0009253598459786482,-0.022194005224102115,-0.01998018488545306,0.16230000000000003,0.050302683825020705,0.108,0.2415,0.09290000000000001,0.01675828153481138,0.062,0.1105,0.14005,0.02522171683292,0.1165,0.17425,0.10269999999999999,0.004731278896873443,0.0955,0.10875
header,header_bounded_jitter,2024-09-29_2024-10-05,important,budget,3.0,5,3,7,0.9628244685,0.000523542672688567,0.96200883875,0.9634113974999999,-0.005655858000000014,0.00029321495253117425,-0.006080282499999923,-0.005319903750000021,0.029560000000000003,0.006601696751593488,0.02245,0.0375,0.02096,0.0012803905654135386,0.01915,0.02305,0.0364397363065726,0.0018097928949039378,0.03424374311698779,0.03853041572064107,-0.028506780882104104,0.001672282839670548,-0.030765681512061365,-0.02666518456040408,-0.020673101298458157,0.0011277023663337315,-0.022392354237581458,-0.01938466798595453,0.16970000000000002,0.05180405389542405,0.1095,0.242,0.0917,0.01805990033195089,0.062,0.113,0.1432,0.03095658249871907,0.112,0.18375,0.10034999999999998,0.005335260068637703,0.0955,0.11
header,header_bounded_jitter,2024-09-29_2024-10-05,random,budget,1.0,100,1,7,0.9676265761875001,0.0020699327276163092,0.96177179375,0.96933965,-0.000853750312499979,0.0020941449600979556,-0.006165621249999975,0.0003635349999999704,0.0043305,0.009500231299815809,0.0,0.03705,0.0032695,0.007594020328521646,0.0,0.02265,0.005594955648428376,0.012649696890035821,5.69552994308986e-07,0.037682558013943095,-0.0043290281684214464,0.01045590933512012,-0.031217136818710804,0.0014900659438573914,-0.0031320066198088554,0.0074951196862730685,-0.022759601264773884,0.0009412395322638318,0.024820000000000002,0.05400469979548077,0.0,0.2405,0.015235,0.03595305654600176,0.0,0.1195,0.02094,0.046046201254826655,0.0,0.17425,0.01566,0.036636227289392115,0.0,0.10825
header,header_bounded_jitter,2024-09-29_2024-10-05,random,budget,2.0,100,2,7,0.9667235324625003,0.0027305188316605394,0.9617675400000001,0.969422765,-0.001756794037499968,0.0026910117385574345,-0.006153021249999946,0.0003825037500001516,0.009747500000000001,0.013300348444683696,0.0,0.03765,0.006896500000000001,0.009903676728871961,0.0,0.0229,0.011780531946893642,0.016328705707739553,1.9920189842100792e-05,0.03828224059180421,-0.008946841336218269,0.013503630948511697,-0.03117697493629636,0.001576992256104929,-0.006510313387639343,0.009758633121314931,-0.023013195487139454,0.0010312913655458739,0.05743499999999999,0.07812079284671912,0.0,0.246,0.03139,0.04562781936494445,0.0,0.118,0.047487499999999995,0.06470535502375364,0.0,0.1865,0.03326249999999999,0.04789856958981134,0.0,0.11125
header,header_bounded_jitter,2024-09-29_2024-10-05,random,budget,3.0,100,3,7,0.965695961925,0.0029684948182816034,0.96169264375,0.9694328925000001,-0.0027843645749999813,0.0029055667274226413,-0.006227917500000069,0.00038434124999997543,0.0154775,0.014781225211395705,5e-05,0.0386,0.010668,0.01050543554546883,0.0,0.0227,0.018512909785245793,0.017681137056315053,6.538056506222652e-05,0.0387340628955822,-0.014131774601311355,0.014580844572511527,-0.031456561169012444,0.0015944600113337345,-0.010288636931361785,0.010569061722549617,-0.02284833357633506,0.0010500358766520755,0.09052500000000001,0.08749666779369371,0.0,0.25,0.04665,0.04715498382991982,0.0,0.115,0.07536499999999999,0.07192440840910685,0.00025,0.1865,0.05136750000000001,0.05071994744427482,0.0,0.10975
header,header_bounded_jitter,2024-10-06_2024-10-12,baseline,baseline,0.0,5,0,7,0.957154023,0.0005331213378483234,0.956571565,0.9578831112500001,0.0,0.0,0.0,0.0,0.0,0.0,0.0,0.0,0.0,0.0,0.0,0.0,0.0,0.0,0.0,0.0,0.0,0.0,0.0,0.0,0.0,0.0,0.0,0.0,0.0,0.0,0.0,0.0,0.0,0.0,0.0,0.0,0.0,0.0,0.0,0.0,0.0,0.0,0.0,0.0
header,header_bounded_jitter,2024-10-06_2024-10-12,important,budget,1.0,5,1,7,0.9489822807500001,0.000714545866163301,0.9478751624999999,0.949964255,-0.008171742250000035,0.0003812446101196682,-0.008736141250000107,-0.007685535000000021,0.02948,0.001041921302210488,0.0279,0.031,0.025780000000000004,0.0007089428749906434,0.0251,0.02685,0.04170360657175312,0.0013908812057533046,0.040198962370730985,0.043913322017892026,-0.03420819820013031,0.0012761083713178835,-0.0362744662711364,-0.033065144769780994,-0.024504962651534734,0.0010352294085876756,-0.026213294692721427,-0.023377543466132137,0.12389999999999998,0.007525955088890713,0.1165,0.133,0.09290000000000001,0.009656086163658649,0.078,0.108,0.0983,0.004938117050050554,0.09125,0.104,0.08154999999999998,0.0059695058421949795,0.07375,0.0885
header,header_bounded_jitter,2024-10-06_2024-10-12,important,budget,2.0,5,2,7,0.9489046532500002,0.0005858510299537188,0.9480403962500001,0.94959748125,-0.008249369749999968,0.00029177216805821186,-0.008597128750000071,-0.007853571249999858,0.029810000000000003,0.00205143851967345,0.027,0.0321,0.026140000000000004,0.001367260033790207,0.0242,0.02805,0.04247237988158832,0.0017445178935923213,0.04022078068124886,0.044673886188197835,-0.03494896073828505,0.0014484877671683085,-0.03666347445711639,-0.03308150387274404,-0.02486925662033827,0.0012664545255985672,-0.02662512873529088,-0.02332610527744924,0.11869999999999999,0.007145628033979938,0.11,0.1285,0.0876,0.0071651936470691424,0.075,0.0945,0.0975,0.004410215414239987,0.09475,0.10625,0.08084999999999999,0.00436634858892416,0.07425,0.086
header,header_bounded_jitter,2024-10-06_2024-10-12,important,budget,3.0,5,3,7,0.94917906475,0.0005827404988378757,0.94848417625,0.9501530362499999,-0.007974958250000008,0.0003151342082446916,-0.008407565000000172,-0.00749675375000014,0.030690000000000002,0.001588836051957533,0.02865,0.0326,0.02597,0.00089196412483911,0.02485,0.0271,0.04298672741838726,0.0015403271893920621,0.04113790172688495,0.044894155215767256,-0.03394214424050284,0.0014986053182795007,-0.0362004277138917,-0.032138899619921064,-0.024401692600328075,0.001418214384411235,-0.026284974116341335,-0.023048129163965262,0.1321,0.010584894897919389,0.114,0.146,0.09319999999999999,0.010366291525902595,0.083,0.1075,0.10429999999999999,0.005388413495640437,0.10075,0.115,0.0823,0.0055709065689526676,0.0745,0.08875
header,header_bounded_jitter,2024-10-06_2024-10-12,random,budget,1.0,100,1,7,0.9563215926124998,0.0025662293684257796,0.9481250649999999,0.95807756125,-0.0008324303875000039,0.0025135132806469234,-0.008486238750000097,0.0004429475000000682,0.0036229999999999995,0.00916542530382524,0.0,0.03155,0.0029295,0.008126223277144186,0.0,0.0273,0.004884291694490874,0.012808111506512834,1.793234888220574e-06,0.04391198134980724,-0.003575695972134304,0.0105730254411606,-0.0358641680480348,0.0016103898549330823,-0.0025685412140904595,0.0075267080821885025,-0.025870849535921343,0.0011586434038301239,0.015915,0.036450449585704696,0.0,0.136,0.010165,0.028048712537298393,0.0,0.1125,0.012755,0.03101491536341829,0.0,0.11,0.009532499999999998,0.026474696764080225,0.0,0.09375
header,header_bounded_jitter,2024-10-06_2024-10-12,random,budget,2.0,100,2,7,0.9546491666999999,0.0039107627893987,0.94798516375,0.9581049425,-0.0025048563000000103,0.0038173900201332214,-0.00862614000000006,0.00047967750000010856,0.0101615,0.013570182119264283,0.0,0.03215,0.00839,0.012010104079482409,0.0,0.0273,0.013979965233438679,0.019190262936273295,1.5866185415794653e-05,0.044638578030650626,-0.010676283236079352,0.016037807908074034,-0.03671879474812358,0.0017732216510082616,-0.007657085449300791,0.011441384567438631,-0.02669397690231591,0.0013035209064603526,0.043999999999999984,0.05498572542033069,0.0,0.1425,0.029060000000000002,0.04193228350567138,0.0,0.113,0.03522999999999999,0.04566580613544449,0.0,0.11025,0.02693,0.038677417183674505,0.0,0.09125
header,header_bounded_jitter,2024-10-06_2024-10-12,random,budget,3.0,100,3,7,0.9539706224125001,0.004084173569109173,0.9478244699999999,0.95822839,-0.003183400587500015,0.004029471892974815,-0.008786833750000111,0.00048154999999994175,0.013111999999999999,0.014216615490333836,0.0002,0.03325,0.010747499999999998,0.012602909138369601,0.0,0.0281,0.018119073129142023,0.02019836005981444,0.00025759718602551404,0.04512686236037755,-0.013647799270429467,0.016980304834630325,-0.03734417249307145,0.0017610464008126527,-0.00983318478218259,0.012171761199541565,-0.027491414617398267,0.0012742020656630324,0.058155,0.05885026316848549,0.0005,0.1485,0.038130000000000004,0.04508362341249869,0.0,0.1125,0.044895000000000004,0.04707139763168287,0.00025,0.11375,0.033702499999999996,0.039743548139918254,0.0,0.09075
header,header_bounded_jitter,2024-10-13_2024-10-19,baseline,baseline,0.0,5,0,7,0.9624467055,0.00028714368015487726,0.96221051,0.96299535125,0.0,0.0,0.0,0.0,0.0,0.0,0.0,0.0,0.0,0.0,0.0,0.0,0.0,0.0,0.0,0.0,0.0,0.0,0.0,0.0,0.0,0.0,0.0,0.0,0.0,0.0,0.0,0.0,0.0,0.0,0.0,0.0,0.0,0.0,0.0,0.0,0.0,0.0,0.0,0.0
header,header_bounded_jitter,2024-10-13_2024-10-19,important,budget,1.0,5,1,7,0.9560634692500001,0.0004883120092526517,0.95554971625,0.95695604875,-0.0063832362500000125,0.00028507075298621733,-0.006736660000000061,-0.0060393025000000655,0.024439999999999996,0.0014083323471396941,0.02265,0.0265,0.02135,0.0009539392014169454,0.02015,0.023,0.03569725188765767,0.0012871172540826518,0.03405842772285323,0.037306391874597104,-0.02831766294362826,0.0011887311815767308,-0.02982832010354184,-0.026989675351073425,-0.019463777619497555,0.0006952482127158342,-0.0203875810315602,-0.01855458581816786,0.11539999999999999,0.010804628637764465,0.1005,0.125,0.0883,0.011690166808048548,0.0705,0.105,0.11115,0.0054511466683625385,0.107,0.12075,0.09580000000000001,0.004057092555020157,0.09125,0.10325
header,header_bounded_jitter,2024-10-13_2024-10-19,important,budget,2.0,5,2,7,0.95581430975,0.0005212335727359527,0.9551838287500001,0.95671955375,-0.006632395749999987,0.00033932071066007706,-0.00707217874999988,-0.006275797500000069,0.02643,0.0012249897958758684,0.02465,0.0281,0.02328,0.0011404385121522337,0.0219,0.02485,0.036801685656496504,0.0013434171432574289,0.03526119521635227,0.038494656703663845,-0.029208806344712585,0.001188987222872096,-0.03084994596603109,-0.02760889583751462,-0.020007756464108076,0.0006787987697683986,-0.020857498145496242,-0.01910552286905967,0.12179999999999999,0.014112405889854499,0.1055,0.1465,0.09419999999999999,0.015870097668256488,0.077,0.1235,0.1177,0.004166533331199929,0.11125,0.12275,0.10205,0.005025932749251624,0.09375,0.108
header,header_bounded_jitter,2024-10-13_2024-10-19,important,budget,3.0,5,3,7,0.9563961477500001,0.0002735105534337199,0.95607994625,0.9568248175,-0.006050557749999963,0.00022446310464560582,-0.006382301250000055,-0.005716882499999909,0.026060000000000007,0.002012560558095085,0.0236,0.02845,0.02203,0.0013086634403084699,0.02,0.02385,0.037341061238992355,0.0014521013881735672,0.03515040465383134,0.03874883324496594,-0.02775567187381266,0.0009643318750090039,-0.029276757917537394,-0.02658014860314047,-0.019317904014148665,0.0007824609794338463,-0.020596128854894414,-0.018425797720410607,0.12569999999999998,0.016436544649043486,0.1035,0.1505,0.0905,0.015427248620541515,0.0715,0.112,0.11685000000000001,0.006454843142943134,0.10875,0.126,0.0968,0.003991866731242414,0.09225,0.103
header,header_bounded_jitter,2024-10-13_2024-10-19,random,budget,1.0,100,1,7,0.9616956568,0.0021455475386606914,0.9556108225,0.96330829125,-0.0007510486999999866,0.0021820277723174,-0.0068044025000000286,0.0007457200000000608,0.003642,0.008401213364746784,0.0,0.0285,0.0029649999999999998,0.007479496975064567,0.0,0.02435,0.005032301178885475,0.011844726045527571,1.2665071557132922e-06,0.03762902325721288,-0.0034892546224625227,0.009576488390860866,-0.02983402846438892,0.002010356826053969,-0.002398795592769597,0.006568456056476178,-0.020548780362696466,0.0014481138959487364,0.01901,0.04130762520407098,0.0,0.14,0.013054999999999999,0.033486407316999534,0.0,0.1195,0.0165175,0.0381101570286715,0.0,0.12975,0.013185,0.0335752069986173,0.0,0.109
header,header_bounded_jitter,2024-10-13_2024-10-19,random,budget,2.0,100,2,7,0.9610502758,0.0028843598213477762,0.9553683675,0.9633862875000001,-0.0013964296999999925,0.0028008834097096105,-0.006887639999999973,0.0007487975000000091,0.007055499999999999,0.010746285160463592,0.0,0.02835,0.0055775,0.009456014950813054,0.0,0.025,0.009769940404177016,0.01527957731551046,1.6409668630014492e-05,0.03871853522649338,-0.00660968725855961,0.012336663689830331,-0.03028917887811009,0.0020270150146660406,-0.004558716895184559,0.008460203924049026,-0.020830996901754006,0.0014640874167481705,0.034655,0.04846971709222162,0.0,0.1505,0.021720000000000003,0.03745899891881788,0.0,0.114,0.032075,0.04861981977547839,0.0,0.1275,0.0247375,0.04220418188698841,0.0,0.10875
header,header_bounded_jitter,2024-10-13_2024-10-19,random,budget,3.0,100,3,7,0.9597169731875,0.0032516313040032597,0.955359045,0.96348070375,-0.0027297323125000006,0.003257653734144036,-0.006985218750000133,0.000752037499999969,0.0122115,0.012079695474224505,0.0,0.02915,0.0101495,0.010760465824024535,0.0,0.02485,0.01740188690319897,0.01749732118536286,0.00035904644134569796,0.03899310211271478,-0.012510689885630519,0.01422611631397966,-0.03029358411798588,0.002062446448288327,-0.00861330082752744,0.009761250757640423,-0.020733982897743003,0.0014655316561746244,0.061135,0.05801490562777811,0.0,0.1475,0.04298,0.04676948364051072,0.0,0.124,0.055067500000000005,0.0544970968836873,0.0,0.13025,0.0448425,0.04800962995847812,0.0,0.10775
header,header_bounded_jitter,2024-10-20_2024-10-26,baseline,baseline,0.0,5,0,7,0.9587832367499999,0.0007126673106079553,0.9575824074999999,0.95955106,0.0,0.0,0.0,0.0,0.0,0.0,0.0,0.0,0.0,0.0,0.0,0.0,0.0,0.0,0.0,0.0,0.0,0.0,0.0,0.0,0.0,0.0,0.0,0.0,0.0,0.0,0.0,0.0,0.0,0.0,0.0,0.0,0.0,0.0,0.0,0.0,0.0,0.0,0.0,0.0
header,header_bounded_jitter,2024-10-20_2024-10-26,important,budget,1.0,5,1,7,0.95164045875,0.000882160875638651,0.95042755875,0.9527913612500001,-0.007142777999999961,0.00035715142260019697,-0.007763962499999888,-0.006759698749999932,0.02559,0.0022213509403063705,0.02195,0.02795,0.022410000000000003,0.0018053808462482365,0.0194,0.02425,0.03491999832442065,0.0013842737341180152,0.0331656226122194,0.03692223282696922,-0.027987886661378757,0.0012296408150087744,-0.030229132697413705,-0.026787581626466227,-0.0178872143353008,0.0004749753366481286,-0.01877268209921296,-0.01737625459428762,0.1129,0.0066663333249995784,0.1005,0.119,0.0853,0.006281719509815764,0.0795,0.097,0.1045,0.006708203932499369,0.095,0.113,0.08865,0.005259752845904453,0.08225,0.09775
header,header_bounded_jitter,2024-10-20_2024-10-26,important,budget,2.0,5,2,7,0.9513731409999998,0.0007651285619548056,0.9504003812499999,0.9524401375,-0.007410095750000001,0.00025797246704541577,-0.007839942499999975,-0.007110922500000005,0.02601,0.0015193419628246958,0.0234,0.02785,0.023019999999999995,0.0010689246933250258,0.0212,0.0245,0.035563683482804545,0.0012393010470578905,0.034202155129459774,0.037330645723024664,-0.028929919218733724,0.0011104432466665288,-0.03073000066982779,-0.02796012704854486,-0.018306440355051252,0.0009685881104938619,-0.019466180741998507,-0.017161700138312346,0.11359999999999999,0.005342284155677232,0.108,0.1235,0.08750000000000001,0.007635443667528431,0.0805,0.1015,0.10550000000000001,0.005343220002957021,0.10125,0.11575,0.09065000000000001,0.0054740295943664745,0.08475,0.0995
header,header_bounded_jitter,2024-10-20_2024-10-26,important,budget,3.0,5,3,7,0.95159355525,0.0007977774369276484,0.95047264875,0.9524820624999999,-0.007189681500000012,0.00026145621361830737,-0.00770524625000002,-0.006980057500000081,0.02706,0.001994091271732565,0.02515,0.03065,0.02303,0.001798221343439122,0.0205,0.0261,0.036332426820568864,0.001296933726773968,0.03453405874813898,0.03805589756410737,-0.028278578367790002,0.0008729035979310406,-0.02976473980808255,-0.02728314474760832,-0.017847756216440466,0.000566005733201885,-0.018525688229631194,-0.01682223276522423,0.12229999999999999,0.006500769185258005,0.114,0.133,0.08739999999999999,0.00673349834781297,0.0775,0.097,0.11085,0.008973015100845427,0.1025,0.1275,0.09090000000000001,0.0077340157744861075,0.0825,0.105
header,header_bounded_jitter,2024-10-20_2024-10-26,random,budget,1.0,100,1,7,0.9574509203875003,0.0029116952820273465,0.9502418225,0.95978133,-0.0013323163624999823,0.002854259457505372,-0.008015843749999974,0.0004916175000000411,0.0052105,0.009895931727230136,0.0,0.02935,0.0043225,0.008774424126402827,0.0,0.02585,0.006980130352973053,0.013484916422223055,1.4005858734424448e-06,0.0367446093024484,-0.00523980951246098,0.011026953592091136,-0.03008770167407082,0.0014263704004700718,-0.003328898003633561,0.0070066849402920395,-0.018673547411263182,0.0011499699269419549,0.02428,0.0435812069589634,0.0,0.126,0.016455,0.03356918937061185,0.0,0.099,0.021705000000000002,0.04083545304021984,0.0,0.1225,0.0173025,0.035284615893474036,0.0,0.1055
header,header_bounded_jitter,2024-10-20_2024-10-26,random,budget,2.0,100,2,7,0.9573597571000002,0.0030638054181347054,0.9501344250000001,0.9599086549999999,-0.0014234796499999801,0.0029796009477936537,-0.007733154999999936,0.0004963900000001242,0.006220000000000001,0.01049678760383385,0.0,0.0301,0.004907,0.009286339483348645,0.0,0.02635,0.008085414237559298,0.014194753321307556,2.3227693445721102e-05,0.03764508884003135,-0.005711401226116918,0.011571740914367362,-0.030107697470289775,0.001448200781195752,-0.003593681231151002,0.0072919521046239276,-0.019052667917234783,0.001170813571296657,0.030064999999999998,0.046187858523642336,0.0,0.1355,0.01836,0.035284917457746735,0.0,0.11,0.025687500000000002,0.042489165898496994,0.0,0.123,0.019165,0.036466906572946385,0.0,0.1045
header,header_bounded_jitter,2024-10-20_2024-10-26,random,budget,3.0,100,3,7,0.9560565054874999,0.0036378150821481615,0.9501324725000001,0.9599773075,-0.0027267312624999706,0.003557716081917515,-0.007887357499999803,0.0005457225000001786,0.011266499999999999,0.01241303559770937,0.0,0.0305,0.0092055,0.011044695321737038,0.0,0.0271,0.014984619196161961,0.0167687968702867,8.156150332657337e-05,0.03798354334843963,-0.010885128569433276,0.013831484308709894,-0.031041166401429905,0.0016378127054569255,-0.0068956231302594664,0.00877497425111529,-0.01963230359012124,0.001364643767216948,0.053165000000000004,0.05495607586973437,0.0,0.136,0.035050000000000005,0.04259474732874935,0.0,0.1035,0.04662,0.05080354908862175,0.0,0.125,0.036445,0.043998403096021564,0.0,0.108
header,header_bounded_jitter,2024-10-27_2024-11-02,baseline,baseline,0.0,5,0,7,0.94372923725,0.0009448466296532842,0.9423881312500001,0.9449425812500001,0.0,0.0,0.0,0.0,0.0,0.0,0.0,0.0,0.0,0.0,0.0,0.0,0.0,0.0,0.0,0.0,0.0,0.0,0.0,0.0,0.0,0.0,0.0,0.0,0.0,0.0,0.0,0.0,0.0,0.0,0.0,0.0,0.0,0.0,0.0,0.0,0.0,0.0,0.0,0.0
header,header_bounded_jitter,2024-10-27_2024-11-02,important,budget,1.0,5,1,7,0.93514006425,0.001103606401072581,0.93358279875,0.9364793899999999,-0.008589173000000016,0.0002772915283309098,-0.008888454999999795,-0.008165997500000133,0.029259999999999998,0.0022100678722609393,0.02665,0.03335,0.02451,0.002132463364280849,0.0225,0.02865,0.03579054564699817,0.0011769974164697935,0.034294231595265935,0.03777744923676084,-0.026319402162203083,0.0009081297844293889,-0.027730141731732487,-0.02489470663636428,-0.014258345906281972,0.0005675533388455324,-0.015036266334187457,-0.013458579686139498,0.10270000000000001,0.0104575331699211,0.0875,0.1155,0.07,0.009273618495495703,0.0585,0.0815,0.0928,0.008425259639916149,0.0795,0.104,0.07295,0.006764613810115105,0.062,0.0815
header,header_bounded_jitter,2024-10-27_2024-11-02,important,budget,2.0,5,2,7,0.9349026377499999,0.0011794824635755331,0.9331891437500001,0.9361286100000001,-0.008826599499999999,0.00037452685909242174,-0.009275976249999984,-0.00831206750000002,0.02908,0.0023538479135237268,0.0261,0.0328,0.024390000000000002,0.0020679458406834537,0.0217,0.0278,0.03687670997407209,0.001441297089408156,0.03484488194434977,0.03853798770021135,-0.027583163538346372,0.0009279355891306376,-0.028727755565588046,-0.02629734591636739,-0.015344637818458368,0.0007492469501593346,-0.016760512230967382,-0.014700387939016159,0.0994,0.010860018416190649,0.0895,0.115,0.0674,0.009531002045955085,0.0585,0.0795,0.09125000000000001,0.0033652637340927712,0.08725,0.097,0.07150000000000001,0.0037549966711037143,0.06675,0.07725
header,header_bounded_jitter,2024-10-27_2024-11-02,important,budget,3.0,5,3,7,0.9352505069999999,0.0009326476324501076,0.93370071625,0.9363677887499999,-0.00847873025000001,0.0002796761364902945,-0.008927647499999969,-0.008224216249999916,0.0304,0.002100952165090865,0.02695,0.03335,0.024579999999999998,0.0016651126088045812,0.0219,0.02685,0.037786660405277804,0.0016133015288690316,0.03502620438533899,0.03915296236647572,-0.02647717601309512,0.0009567838706201193,-0.02793061651623359,-0.025538877807488983,-0.01469292197158582,0.0009381346595811753,-0.016229502769925328,-0.013663010325516077,0.1085,0.007943550843294199,0.097,0.1195,0.06860000000000001,0.004042276586281544,0.0635,0.0745,0.09765,0.008374962686484043,0.08925,0.10925,0.07289999999999999,0.006656951254140292,0.064,0.082
header,header_bounded_jitter,2024-10-27_2024-11-02,random,budget,1.0,100,1,7,0.9422529518,0.0033242607673720412,0.9332959012500001,0.9452221812499999,-0.0014762854499999888,0.00324437153829261,-0.009092230000000034,0.0004725724999999903,0.005367500000000001,0.010586886641029079,0.0,0.0332,0.004220499999999999,0.008954379082326144,0.0,0.02795,0.006856431723713612,0.013436205918731601,1.5418576815652646e-06,0.03790149917867361,-0.004640558359426277,0.009970830272830232,-0.027612397927378324,0.0016152439235148136,-0.002618197804895439,0.00548128613704586,-0.015771380766915474,0.0011852434224330964,0.019809999999999998,0.035618168116847336,0.0,0.1135,0.01179,0.024944456297943236,0.0,0.078,0.017714999999999998,0.03375601835228794,0.0,0.10175,0.012777499999999999,0.02718372433552842,0.0,0.08375
header,header_bounded_jitter,2024-10-27_2024-11-02,random,budget,2.0,100,2,7,0.9413992676499998,0.003937376183653311,0.93335654625,0.9453409662500001,-0.002329969599999995,0.00381981484465137,-0.009145083749999894,0.0004758124999998392,0.0090605,0.012849881896344416,0.0,0.03315,0.0069845,0.010849056859930269,0.0,0.0282,0.011259552453350126,0.015922570712396753,2.6169465268927406e-05,0.03851264358665633,-0.007351125528459006,0.011801820562430374,-0.028857512331089696,0.001640096335306568,-0.004130100353087262,0.006481530494589259,-0.016736818250838743,0.0012100958342248504,0.03474,0.04393167877511625,0.0,0.123,0.019490000000000004,0.03026986785567456,0.0,0.083,0.030000000000000006,0.04084880659211478,0.0,0.11075,0.020750000000000005,0.03232263139040508,0.0,0.0815
header,header_bounded_jitter,2024-10-27_2024-11-02,random,budget,3.0,100,3,7,0.9406110248000004,0.004247683500044325,0.9330319499999999,0.94533967125,-0.0031182124499999995,0.004151673274670618,-0.00935618125000015,0.0005143650000002387,0.011866499999999997,0.013662693832110854,0.0001,0.035,0.0092005,0.011613041149931398,0.0,0.029,0.01495954061001812,0.017026758665444956,0.0005038203339161518,0.03931936287338194,-0.009859435310340793,0.012801003053831517,-0.028603688349578642,0.0017770706937745378,-0.005548992858720498,0.007035984134555414,-0.017018152732058547,0.0011602780141288782,0.045129999999999997,0.04664062713986595,0.0,0.1325,0.025835000000000004,0.032745461899322786,0.0,0.0875,0.038887500000000005,0.04292862353663346,0.0,0.106,0.027152499999999996,0.03447589547422953,0.0,0.08325
header,header_bounded_jitter,2024-11-03_2024-11-09,baseline,baseline,0.0,5,0,7,0.93433788525,0.0007523754917183493,0.93335899875,0.9355613887500001,0.0,0.0,0.0,0.0,0.0,0.0,0.0,0.0,0.0,0.0,0.0,0.0,0.0,0.0,0.0,0.0,0.0,0.0,0.0,0.0,0.0,0.0,0.0,0.0,0.0,0.0,0.0,0.0,0.0,0.0,0.0,0.0,0.0,0.0,0.0,0.0,0.0,0.0,0.0,0.0
header,header_bounded_jitter,2024-11-03_2024-11-09,important,budget,1.0,5,1,7,0.92574693625,0.0007335826827950956,0.9248050462499999,0.9269106224999999,-0.00859094900000006,0.00023928737404194277,-0.008967456250000061,-0.00821883499999998,0.0289,0.0022936869882353183,0.0258,0.0328,0.024990000000000002,0.0020005999100269896,0.0222,0.0283,0.037561737550515506,0.0013186635359547835,0.03588551277963935,0.03951208296321051,-0.02833909752910785,0.0010424117721450563,-0.03023121902669885,-0.02722092554005393,-0.016260001792917072,0.0007688916376954964,-0.01751646443599488,-0.015516503046751756,0.10640000000000001,0.013893883546366725,0.0885,0.123,0.0755,0.0104546640309481,0.0615,0.0895,0.0894,0.0092393181566607,0.073,0.09825,0.0718,0.008401487963450284,0.056,0.07925
header,header_bounded_jitter,2024-11-03_2024-11-09,important,budget,2.0,5,2,7,0.9256472322499999,0.0007324564748985631,0.92465068875,0.9267740474999999,-0.008690653000000048,6.510771987929033e-05,-0.008787341250000136,-0.008583677499999998,0.028339999999999997,0.002022720939724507,0.02645,0.0321,0.02443,0.0016042443704124385,0.02265,0.0274,0.03826931695260094,0.0011447814729661683,0.0367315279974201,0.03981562353191218,-0.029043071836316253,0.0005427731651640442,-0.029790056768964804,-0.028428572718478602,-0.017083376130470194,0.0007797934363890407,-0.01804416434404185,-0.016340949053908586,0.10710000000000001,0.016692513291892266,0.0885,0.1295,0.0759,0.01297073629367277,0.0625,0.0955,0.08675000000000001,0.010178408519999576,0.0695,0.099,0.06885,0.009670315403336129,0.053,0.08
header,header_bounded_jitter,2024-11-03_2024-11-09,important,budget,3.0,5,3,7,0.92585271675,0.0007695735288499922,0.92498121625,0.927153785,-0.008485168500000029,0.00013924028625099207,-0.008734221250000118,-0.008365626250000036,0.028949999999999997,0.0014117365193264638,0.02715,0.031,0.02434,0.0011943198901466885,0.0227,0.0259,0.03862402920960386,0.0012446235330042055,0.03666250611604372,0.0398382124594061,-0.028336643657123663,0.000721109984554363,-0.029481505483269815,-0.02728380753734246,-0.016505296407420083,0.0006923070752152664,-0.017674264436797777,-0.01570565787933916,0.10969999999999999,0.011338430226446695,0.093,0.1255,0.0747,0.008435638683585258,0.063,0.083,0.08935,0.008825531145489207,0.07375,0.1005,0.0687,0.0082936722867497,0.0545,0.08025
header,header_bounded_jitter,2024-11-03_2024-11-09,random,budget,1.0,100,1,7,0.9325487850875,0.0036857167450900195,0.92449786125,0.93567,-0.001789100162500008,0.003529860230136043,-0.009274641249999993,0.00025180749999997865,0.006204,0.01140659169077249,0.0,0.03275,0.005142,0.009959723188924479,0.0,0.0286,0.00814784971038421,0.015262541393226425,4.90807232982004e-06,0.03970546656352049,-0.005944670702828146,0.01168978627154811,-0.03024385714514443,0.0008301082060935951,-0.003490892361272849,0.00681778781795977,-0.017853626209030103,0.0005742136602778036,0.024905000000000004,0.042783273308619106,0.0,0.1275,0.016105,0.031397714486885824,0.0,0.0935,0.0197725,0.03527842993601048,0.0,0.0975,0.0148325,0.028774642808382524,0.0,0.08025
header,header_bounded_jitter,2024-11-03_2024-11-09,random,budget,2.0,100,2,7,0.9310699751499999,0.004311793599640226,0.9245945700000001,0.93593506,-0.0032679101000000054,0.004190536361930047,-0.009034392499999933,0.000373671249999985,0.011704,0.0137808792897986,0.0,0.0326,0.009678500000000001,0.012072388444297177,0.0,0.0281,0.015236824903826456,0.01814932186836861,5.754949009663862e-05,0.040473050017967194,-0.010934265764134716,0.01395050697589118,-0.03055473340301054,0.0013702993786812994,-0.006416788427015718,0.008137257323153074,-0.01799555228939721,0.0008691175065229695,0.046985,0.05193878391914851,0.0,0.135,0.03041,0.038325342790378275,0.0,0.0935,0.03673499999999999,0.04206886942859292,0.0,0.1005,0.0274275,0.034427737636243246,0.0,0.0835
header,header_bounded_jitter,2024-11-03_2024-11-09,random,budget,3.0,100,3,7,0.9307704376500001,0.004332697354674842,0.92480062875,0.9359241775,-0.00356744760000001,0.004247191116051584,-0.008920176250000078,0.0003627887499999538,0.0127925,0.013640849267915839,0.0,0.03295,0.0104355,0.0119527576211517,0.0,0.0282,0.016839068187410277,0.018248467771353652,6.227501100291591e-05,0.04013701930583944,-0.01186442513815255,0.014070340471855874,-0.030767693158076367,0.0013276943816508495,-0.006901728106272086,0.008132516685223766,-0.018404033905676558,0.0008868179086992822,0.051750000000000004,0.05174946859630541,0.0,0.141,0.033014999999999996,0.03829343644803898,0.0,0.095,0.04065249999999999,0.042106247977586414,0.0,0.103,0.029894999999999994,0.03451896543930597,0.0,0.0805
header,header_bounded_jitter,2024-11-10_2024-11-16,baseline,baseline,0.0,5,0,7,0.941552586,0.00028823127924615133,0.94127241125,0.94196526,0.0,0.0,0.0,0.0,0.0,0.0,0.0,0.0,0.0,0.0,0.0,0.0,0.0,0.0,0.0,0.0,0.0,0.0,0.0,0.0,0.0,0.0,0.0,0.0,0.0,0.0,0.0,0.0,0.0,0.0,0.0,0.0,0.0,0.0,0.0,0.0,0.0,0.0,0.0,0.0
header,header_bounded_jitter,2024-11-10_2024-11-16,important,budget,1.0,5,1,7,0.933619946,0.0004900983493324402,0.9330895125,0.9344122587500001,-0.00793263999999998,0.0002773954535743988,-0.008239524999999914,-0.007553001249999913,0.028999999999999998,0.001132254388377453,0.0276,0.03085,0.02534,0.0008517041739947035,0.0242,0.02675,0.036604951652209956,0.0015190895863654971,0.03431868674962144,0.03839442395410786,-0.026584627234069125,0.0010612565208874365,-0.027782809117471573,-0.024953923830489205,-0.014054512391154069,0.0009632794063524171,-0.015487611185851569,-0.01301659674224288,0.08479999999999999,0.008394045508573327,0.075,0.0985,0.058399999999999994,0.007761443164772904,0.0455,0.0695,0.06895,0.008971343266200442,0.0555,0.08125,0.0543,0.009823950325607313,0.0395,0.06825
header,header_bounded_jitter,2024-11-10_2024-11-16,important,budget,2.0,5,2,7,0.93349952925,0.0005910324293337398,0.9327982625,0.93440755875,-0.00805305675000001,0.00035566992091125505,-0.008474148750000077,-0.007557701249999993,0.029610000000000004,0.001988818744883505,0.0273,0.03275,0.026000000000000002,0.0018753666308218239,0.0236,0.0289,0.03709449626656206,0.0015110947169667238,0.035172483800056796,0.039290843372861255,-0.02723536567864394,0.0011428574205029512,-0.028930168877956505,-0.02576551304084825,-0.014646166099777114,0.0007273778049896825,-0.015618187535651572,-0.013776666752615699,0.0895,0.011636150566231084,0.074,0.107,0.0636,0.011293360881509099,0.049,0.0795,0.0699,0.009298655816837184,0.05675,0.0815,0.05550000000000001,0.009565563234854496,0.04275,0.067
header,header_bounded_jitter,2024-11-10_2024-11-16,important,budget,3.0,5,3,7,0.933712811,0.00046816859879977136,0.9330241899999999,0.93419848375,-0.007839775000000016,0.00030285639537372524,-0.008248221250000132,-0.0073643162500000026,0.029859999999999998,0.0017286989327236835,0.0275,0.03275,0.025259999999999998,0.001431921785573499,0.0234,0.0278,0.037524977280622394,0.0015836712037674834,0.035052481869860874,0.03936729305149306,-0.026430355422806685,0.0010344939507268233,-0.027748447918217563,-0.025040638453912144,-0.014113255523780607,0.0007428521700702167,-0.015110627006271096,-0.013254890178841655,0.0918,0.012155657119218196,0.079,0.112,0.0596,0.009753973549277236,0.047,0.074,0.07415,0.007390196208491357,0.06175,0.08275,0.0551,0.008431488599292535,0.04075,0.06375
header,header_bounded_jitter,2024-11-10_2024-11-16,random,budget,1.0,100,1,7,0.94014039255,0.00306323829325611,0.93278739,0.9421477974999999,-0.00141219344999998,0.0030477039492733944,-0.008485021250000058,0.0002747099999999003,0.005431,0.011004114639533704,0.0,0.031,0.004585499999999999,0.009671352788002307,0.0,0.027,0.006795325749254778,0.013862941094820407,3.362042853236019e-06,0.03889042244523345,-0.004733100871879132,0.010164176736690062,-0.02849941937599102,0.0009361809964158251,-0.002509763412485388,0.005386315055789875,-0.015538375855273921,0.0006593740047929607,0.0172,0.0320618152948332,0.0,0.0995,0.010954999999999994,0.022932301999581288,0.0,0.0715,0.013495,0.026433051753439296,0.0,0.08375,0.009909999999999999,0.021246338508081813,0.0,0.071
header,header_bounded_jitter,2024-11-10_2024-11-16,random,budget,2.0,100,2,7,0.9396547874999999,0.0034089936178392267,0.9325881549999999,0.9421838375,-0.0018977985000000154,0.0034217198145115595,-0.008684256250000133,0.0003635775000000452,0.007912999999999998,0.012468814338179873,0.0,0.03175,0.006483,0.011062879869184155,0.0,0.028,0.009754814505398224,0.015622327822758911,1.972148698701661e-05,0.03923744393719546,-0.006487223754686999,0.011615208593744443,-0.028935752986503024,0.0012191960254191278,-0.0034777094625581062,0.006245817667183695,-0.015767249613920425,0.0009063471843043871,0.02651,0.036980196051400266,0.0,0.114,0.015885000000000003,0.027057610297289744,0.0,0.0765,0.020572500000000007,0.03040442597303886,0.0,0.08825,0.0144425,0.02489141054159045,0.0,0.07175
header,header_bounded_jitter,2024-11-10_2024-11-16,random,budget,3.0,100,3,7,0.9389155253500001,0.0038247258595924035,0.93250123875,0.9422653824999999,-0.0026370606500000114,0.0038033292069373486,-0.008771172500000035,0.0004238275000000291,0.011198999999999999,0.01370729181859057,0.0001,0.03375,0.009065499999999999,0.012182027119900858,0.0,0.02935,0.013745294627833315,0.01720652084689722,8.249426728040357e-05,0.0395344497095058,-0.00896560373693885,0.012827344639545685,-0.02952743259383375,0.0014281618990620785,-0.00476349526065593,0.0068849973145150645,-0.01585028913063669,0.000941584402191605,0.037970000000000004,0.041326675404634236,0.0,0.1175,0.022525,0.030360202156770957,0.0,0.082,0.029440000000000004,0.03354858640837196,0.0005,0.092,0.020275,0.027505169968571365,0.0,0.06975
header,header_bounded_jitter,2024-11-17_2024-11-23,baseline,baseline,0.0,5,0,7,0.9463845975,0.0006337010680113545,0.94557929625,0.94729072375,0.0,0.0,0.0,0.0,0.0,0.0,0.0,0.0,0.0,0.0,0.0,0.0,0.0,0.0,0.0,0.0,0.0,0.0,0.0,0.0,0.0,0.0,0.0,0.0,0.0,0.0,0.0,0.0,0.0,0.0,0.0,0.0,0.0,0.0,0.0,0.0,0.0,0.0,0.0,0.0
header,header_bounded_jitter,2024-11-17_2024-11-23,important,budget,1.0,5,1,7,0.93805408375,0.0005807117157748411,0.9372043925,0.9389184100000001,-0.008330513750000023,0.00020102669940363175,-0.008659628750000037,-0.008079357500000106,0.03624000000000001,0.0024025819444922166,0.03445,0.041,0.03109,0.0016381086655042146,0.0286,0.03365,0.0395768804099824,0.0014939753330753978,0.03797656807412648,0.04195210523879719,-0.028835741484579718,0.0011605449773824789,-0.030815939445376618,-0.027734852198704914,-0.0144796751259404,0.0006209033864430281,-0.015452427895970212,-0.013740279933139931,0.10300000000000001,0.012505998560690786,0.09,0.126,0.0627,0.00743370701601832,0.052,0.0735,0.10225,0.00693361377637953,0.09325,0.11325,0.07965000000000001,0.007154718722633334,0.0695,0.091
header,header_bounded_jitter,2024-11-17_2024-11-23,important,budget,2.0,5,2,7,0.9378918705,0.000711341863095133,0.9366105712499999,0.93867431875,-0.008492727000000078,0.0003540685101295909,-0.008968725000000122,-0.008027398750000136,0.03634,0.001314686274363583,0.0349,0.03865,0.031259999999999996,0.0007857480512225269,0.03005,0.0324,0.040517329434568115,0.001516742609324504,0.038778848716550705,0.04241463734103913,-0.029705931441870014,0.001162537970833079,-0.03114298687356454,-0.0283197412834484,-0.01494281548387899,0.0010130956504036037,-0.016252728175429287,-0.013472100146867323,0.10070000000000001,0.012290646850349253,0.0875,0.1185,0.0628,0.004925444142409903,0.054,0.0675,0.10315,0.0066607056683207376,0.09425,0.11375,0.08105,0.008005310737254365,0.075,0.09575
header,header_bounded_jitter,2024-11-17_2024-11-23,important,budget,3.0,5,3,7,0.938117332,0.0006904810614729654,0.9371612,0.9392322799999999,-0.008267265500000055,0.0001927815975180258,-0.008487324999999935,-0.008016072500000138,0.03714,0.0023373917087214963,0.03435,0.0411,0.03091,0.0016785112451217004,0.0288,0.03305,0.04053840041739709,0.0013392787844930107,0.03900390977277941,0.04239560996788763,-0.028560185497451217,0.0011806424932255836,-0.030381762994814585,-0.026811228816224456,-0.014011624809641406,0.0012025360959050057,-0.01548170675484596,-0.012702920849853472,0.1116,0.01706282508847817,0.085,0.1325,0.0659,0.01085541339608953,0.0505,0.0835,0.1093,0.009543846184846022,0.0935,0.1195,0.0827,0.010373523991392708,0.07175,0.10075
header,header_bounded_jitter,2024-11-17_2024-11-23,random,budget,1.0,100,1,7,0.9451726182375002,0.002922249257219517,0.9368953825,0.94756252375,-0.0012119792625000258,0.002963376178447993,-0.008683913749999994,0.00027180000000004423,0.00565,0.012954682551108692,0.0,0.04075,0.004675,0.011084801531827263,0.0,0.03355,0.0062662895486598315,0.0141767576056539,1.610283050728134e-06,0.04186654021595654,-0.004304737513268976,0.010416781633980778,-0.030727949785082465,0.0008736304913729185,-0.002195306536349746,0.005261082532142075,-0.015660182930112863,0.0005058676239249523,0.017075,0.036817208951793176,0.0,0.1255,0.0095,0.022500999977778765,0.0,0.075,0.016130000000000002,0.0362128340509273,0.0,0.1145,0.011860000000000002,0.02816916132936868,0.0,0.0955
header,header_bounded_jitter,2024-11-17_2024-11-23,random,budget,2.0,100,2,7,0.9434504094499999,0.004046158980822291,0.9366348237500001,0.9476361962500002,-0.002934188050000035,0.0040231065476642874,-0.008944472499999967,0.00035071875000003416,0.013847500000000004,0.01760742510277979,0.0,0.0431,0.011401000000000003,0.015115442401729432,0.0,0.03575,0.014962235799295264,0.018904655326308008,1.4709783857835763e-05,0.04289195947094896,-0.010286680529065693,0.013997736937981967,-0.031357013293450996,0.0014639624203362342,-0.005176151392582386,0.006992124836432119,-0.016249525145973873,0.0009007122986176773,0.042539999999999994,0.05134270542151047,0.0,0.133,0.02387,0.0318494599640245,0.0,0.079,0.0405525,0.050416122111384166,0.0,0.12025,0.029859999999999994,0.03983510261063726,0.0,0.09775
header,header_bounded_jitter,2024-11-17_2024-11-23,random,budget,3.0,100,3,7,0.9433856346624999,0.003986571527388761,0.93703849375,0.94761064375,-0.002998962837500012,0.0040199041229040805,-0.0085408025,0.0003646324999999617,0.0146185,0.01743021178155905,0.0001,0.0424,0.011965000000000002,0.015167630830159337,0.0,0.034,0.015930004024036923,0.018848562640089255,0.00040166890161265237,0.042943975536324584,-0.01054826226901454,0.013965199294219513,-0.030813721486612777,0.0014982651855763383,-0.005348616405646568,0.006959339029345798,-0.01604554256385768,0.0008627695159765711,0.04478,0.0490970630486183,0.0,0.134,0.025000000000000005,0.032036073417321294,0.0,0.0775,0.043212499999999994,0.04995457155005936,0.0,0.1175,0.0316925,0.04055277202300725,0.0,0.09625
header,header_bounded_jitter,2024-11-24_2024-11-30,baseline,baseline,0.0,5,0,7,0.9453218919999999,0.0005478102617658924,0.94440290875,0.94610997875,0.0,0.0,0.0,0.0,0.0,0.0,0.0,0.0,0.0,0.0,0.0,0.0,0.0,0.0,0.0,0.0,0.0,0.0,0.0,0.0,0.0,0.0,0.0,0.0,0.0,0.0,0.0,0.0,0.0,0.0,0.0,0.0,0.0,0.0,0.0,0.0,0.0,0.0,0.0,0.0
header,header_bounded_jitter,2024-11-24_2024-11-30,important,budget,1.0,5,1,7,0.9354630155000001,0.0009950796908337607,0.9337464662499999,0.93677508125,-0.00985887649999997,0.0005187869653344479,-0.010656442500000085,-0.009319741249999791,0.042510000000000006,0.002528121832507285,0.03955,0.04595,0.03728,0.0009821405194777371,0.0357,0.03815,0.04262453215574668,0.0012647147289415463,0.04074929228778678,0.044197509918538325,-0.030743523421012935,0.0011315078140803057,-0.032187860918962675,-0.02896416542598787,-0.01200680927984538,0.0003595189450831331,-0.01243682484542493,-0.011586060748213676,0.145,0.011562871615649806,0.128,0.1575,0.10640000000000001,0.010046890066085125,0.0945,0.123,0.1342,0.004023058537978283,0.13025,0.14075,0.11200000000000002,0.007205900360121555,0.1015,0.121
header,header_bounded_jitter,2024-11-24_2024-11-30,important,budget,2.0,5,2,7,0.9352707005,0.0009550232848459108,0.9338336700000001,0.9368357725,-0.010051191499999935,0.00043920455984113765,-0.010569238749999932,-0.009274206249999972,0.042730000000000004,0.0031417511040819244,0.0393,0.04785,0.03731,0.001635970659883606,0.0359,0.0405,0.04359620600842216,0.0017820104113729937,0.041598467946277924,0.04574203281887412,-0.031686379601924004,0.0010703885583069732,-0.03306096670187864,-0.030328751785537327,-0.012884856582695517,0.0007032428547039038,-0.014111324056236498,-0.012110289964669656,0.1492,0.01599562440169186,0.121,0.168,0.10939999999999998,0.00952050418832952,0.097,0.121,0.13515000000000002,0.006856748500564967,0.12575,0.14275,0.11274999999999999,0.008256815366713733,0.1025,0.12775
header,header_bounded_jitter,2024-11-24_2024-11-30,important,budget,3.0,5,3,7,0.9355226990000001,0.0009859024638454786,0.93423521625,0.93721894125,-0.009799192999999984,0.0005481966960120806,-0.010331575000000148,-0.008891037499999976,0.04305,0.0028413025182123784,0.04015,0.04705,0.03712,0.0010132127121192276,0.0361,0.03885,0.04409842327889782,0.002011444151580537,0.041556250092451195,0.046315687794308454,-0.030582251035494345,0.0014219813579000526,-0.03256341197181788,-0.02860751944132798,-0.011899638366666175,0.0004204698200222254,-0.012511698480529765,-0.011311006667770707,0.1518,0.016289874155437783,0.1305,0.1725,0.10769999999999999,0.008219489035213806,0.095,0.12,0.13895,0.00736274405367998,0.1305,0.149,0.11305000000000001,0.007378007861204814,0.1025,0.1255
header,header_bounded_jitter,2024-11-24_2024-11-30,random,budget,1.0,100,1,7,0.9435273181250002,0.003898485575820195,0.9335069,0.94643140375,-0.0017945738749999551,0.003851471282311808,-0.010896008749999964,0.0004085075000000993,0.0080845,0.016481907800676474,0.0,0.0485,0.006898500000000001,0.014503464163778252,0.0,0.04045,0.008169405146914015,0.01621238138328784,1.6143086953737396e-06,0.04572918808515767,-0.005608113064001876,0.01181516940483674,-0.032748387988960306,0.0014989863827799806,-0.002242456328587675,0.004573651848788454,-0.012774176305316607,0.0011242782212907278,0.028555000000000007,0.05665412142995424,0.0,0.177,0.01974,0.0417580219838057,0.0,0.1165,0.026357499999999992,0.05292572926989294,0.0,0.1495,0.021189999999999997,0.044861413263516337,0.0,0.13
header,header_bounded_jitter,2024-11-24_2024-11-30,random,budget,2.0,100,2,7,0.941945258,0.004732374595668817,0.9343049274999999,0.94653697125,-0.003376633999999993,0.004751200830163621,-0.01101269749999989,0.0004837524999999898,0.015462499999999999,0.020075210304004294,0.0,0.04835,0.013238499999999997,0.017905806118407513,0.0,0.0412,0.015756630566904777,0.020092161251657237,2.258835693388658e-05,0.046348629335205394,-0.010595140848302825,0.014789657071087621,-0.03409124838707245,0.001535175580160447,-0.004154627372595886,0.005833101447856718,-0.013862254685239708,0.0011592971855511028,0.055099999999999996,0.0681646535970073,0.0,0.18,0.038950000000000005,0.05289931474036313,0.0,0.124,0.050714999999999996,0.06449595936956051,0.0,0.153,0.04106,0.055855842577119896,0.0,0.13875
header,header_bounded_jitter,2024-11-24_2024-11-30,random,budget,3.0,100,3,7,0.94134573615,0.005040640711201955,0.9335307125,0.94661201875,-0.003976155849999992,0.004931054362209697,-0.010872196250000021,0.0005020399999999814,0.018409,0.02078886766998145,5e-05,0.04885,0.015371500000000003,0.018199420670724657,0.0,0.04045,0.018904021596975844,0.02074086095657467,0.0005073205434666059,0.04703056907167532,-0.012387408003190135,0.015189805123850155,-0.033658863073936625,0.0018612032213559872,-0.004799516520222806,0.005918434747523501,-0.01369374885866128,0.0014362578385767018,0.06697499999999999,0.07193616527866913,0.0,0.179,0.044434999999999995,0.05280306122754628,0.0,0.124,0.059965000000000004,0.06612270808882528,0.0,0.151,0.046545,0.05545524524334917,0.0,0.133
header,header_bounded_jitter,2024-12-01_2024-12-07,baseline,baseline,0.0,5,0,7,0.9257452222500001,0.0009628363217040901,0.9245545450000001,0.9269237275,0.0,0.0,0.0,0.0,0.0,0.0,0.0,0.0,0.0,0.0,0.0,0.0,0.0,0.0,0.0,0.0,0.0,0.0,0.0,0.0,0.0,0.0,0.0,0.0,0.0,0.0,0.0,0.0,0.0,0.0,0.0,0.0,0.0,0.0,0.0,0.0,0.0,0.0,0.0,0.0
header,header_bounded_jitter,2024-12-01_2024-12-07,important,budget,1.0,5,1,7,0.9154949539999999,0.001394093023265724,0.91412849375,0.9174904624999999,-0.010250268250000038,0.000678574786226405,-0.01114205750000008,-0.009344755000000093,0.02841,0.002504875246394519,0.02575,0.03255,0.02385,0.001258967831201417,0.022,0.02515,0.038275981485618525,0.0014585586846761252,0.03650121415060511,0.03995793345985156,-0.025239047843060896,0.0011661202761771407,-0.0268532385477547,-0.02363529070860803,-0.012301584564099178,0.0005695442399202422,-0.013324071552984278,-0.011710392468691879,0.1296,0.014803377992877169,0.1195,0.159,0.09359999999999999,0.004851803788283281,0.089,0.103,0.10585,0.00930403138429788,0.09975,0.124,0.0842,0.0028653097563788774,0.08075,0.08725
header,header_bounded_jitter,2024-12-01_2024-12-07,important,budget,2.0,5,2,7,0.9152101937500001,0.0013052029171118891,0.9138444212500001,0.916994485,-0.010535028499999943,0.0006914276451025931,-0.011460061249999987,-0.00975098249999995,0.028690000000000004,0.003297483889270727,0.02415,0.03395,0.02434,0.0018831887850133352,0.0215,0.027,0.03919090887067582,0.0014662030329843777,0.037330959794002666,0.04083351163658891,-0.026155325311850663,0.0012715217670563371,-0.02766564741571993,-0.024521659274804278,-0.013007740483379809,0.0007035575068867808,-0.014191626110533352,-0.012218918796667214,0.1341,0.019535608513685982,0.119,0.17,0.09899999999999999,0.005504543577809153,0.093,0.107,0.1076,0.012691138640799732,0.0935,0.13025,0.08695,0.006471862174057788,0.0795,0.09625
header,header_bounded_jitter,2024-12-01_2024-12-07,important,budget,3.0,5,3,7,0.9155934372499999,0.0013130129980526704,0.9143689374999999,0.91737661125,-0.010151785000000024,0.0005834048067771083,-0.010994608750000023,-0.009458606249999946,0.028969999999999996,0.002680410416335529,0.0246,0.0328,0.02364,0.0010896788517723922,0.0216,0.0248,0.0397807956457039,0.0015201566805428822,0.03776718471826001,0.04157561598202279,-0.025302428260708436,0.0009337561986906646,-0.026431998359208234,-0.024073756325194755,-0.012484364990608007,0.0006340058847365034,-0.013537084349588424,-0.011872521159561816,0.1389,0.018671904027174085,0.126,0.1755,0.0978,0.006013318551349162,0.09,0.104,0.11125,0.012558861413360692,0.0975,0.13375,0.08604999999999999,0.005827520913733386,0.08,0.094
header,header_bounded_jitter,2024-12-01_2024-12-07,random,budget,1.0,100,1,7,0.9247634635499999,0.003376952603861244,0.91399788125,0.9270774450000001,-0.0009817587000000205,0.0030744705159731415,-0.01103559874999993,0.00047416999999994047,0.0031389999999999994,0.008559841061608562,0.0,0.03175,0.002468,0.007262804279340039,0.0,0.0259,0.004214119343523962,0.011410110908048538,2.743236786425314e-06,0.04033781449730611,-0.0024619048992940737,0.007598260244876933,-0.02669540863555053,0.0011546547659443298,-0.0012313991761829376,0.003732832042121219,-0.013439032076797156,0.0007479849554276436,0.014910000000000001,0.03814848489783047,0.0,0.1545,0.009765000000000001,0.028657324979837178,0.0,0.106,0.012102499999999995,0.03226525017336763,0.0,0.12075,0.008969999999999999,0.02638634305848387,0.0,0.10025
header,header_bounded_jitter,2024-12-01_2024-12-07,random,budget,2.0,100,2,7,0.9226709060749998,0.005002287217192247,0.91385191875,0.9274071024999999,-0.0030743161750000315,0.004749634456326067,-0.011210293750000155,0.0005879062499999366,0.009306,0.013143769018055666,0.0,0.0336,0.0074925,0.011077805231633205,0.0,0.02605,0.012501663563771487,0.017483346143628748,1.9037069668179806e-05,0.040934170247526463,-0.00762877273751321,0.011668646755273664,-0.027290062418520562,0.001459746272803172,-0.0037521113349346237,0.005671942235412408,-0.013656581106715814,0.0008681836917110007,0.04463499999999999,0.06162137839256763,0.0,0.171,0.030764999999999997,0.04550760678172386,0.0,0.1125,0.036055,0.05048704759638852,0.0,0.1275,0.027527499999999993,0.04079161824137405,0.0,0.10275
header,header_bounded_jitter,2024-12-01_2024-12-07,random,budget,3.0,100,3,7,0.9210736139,0.00530905478701052,0.9135216712500001,0.9273866875,-0.004671608350000022,0.005142074076780864,-0.011511808749999908,0.0006219899999999612,0.014166000000000002,0.014174282839001061,0.00025,0.0338,0.011448,0.012011486002988974,0.0,0.0264,0.019017867958166228,0.01885277334077374,0.0002711458974330871,0.041591337938566016,-0.011638241675501442,0.012659593496691077,-0.02803738924228352,0.0014432989852445532,-0.005746017814270238,0.006180497705723575,-0.014250881911648207,0.0010896394699069828,0.06690499999999998,0.06534648785512501,0.001,0.1725,0.04612,0.048514746211847794,0.0,0.11,0.05383749999999999,0.05344589992459664,0.00075,0.13325,0.041062499999999995,0.04325462944876536,0.0,0.10125
header,header_bounded_jitter,2024-12-08_2024-12-14,baseline,baseline,0.0,5,0,7,0.9414599275000001,0.0005052248683724011,0.9406641599999999,0.9420387775,0.0,0.0,0.0,0.0,0.0,0.0,0.0,0.0,0.0,0.0,0.0,0.0,0.0,0.0,0.0,0.0,0.0,0.0,0.0,0.0,0.0,0.0,0.0,0.0,0.0,0.0,0.0,0.0,0.0,0.0,0.0,0.0,0.0,0.0,0.0,0.0,0.0,0.0,0.0,0.0
header,header_bounded_jitter,2024-12-08_2024-12-14,important,budget,1.0,5,1,7,0.93161647625,0.0006477483536277307,0.9305748575000001,0.9323923925,-0.009843451249999902,0.0001555394768538595,-0.01008930249999973,-0.009646385000000035,0.03839,0.002435241261148473,0.03635,0.04295,0.03221,0.0015739758575022671,0.02925,0.0339,0.040188769145112976,0.0012985929694482297,0.03887864357378142,0.042441960943899,-0.031146399859860625,0.0009260493729631685,-0.032518915870340025,-0.029933773832129987,-0.0151506469224017,0.0007403872623407688,-0.016353373333746802,-0.01418417495030032,0.1452,0.021901141522760865,0.113,0.171,0.0947,0.009266067126888301,0.086,0.1085,0.1478,0.007712651943397935,0.1325,0.1525,0.11829999999999999,0.010760343860676575,0.1055,0.1325
header,header_bounded_jitter,2024-12-08_2024-12-14,important,budget,2.0,5,2,7,0.931422693,0.0008048106671322127,0.93051118625,0.93254384375,-0.010037234499999959,0.0003743342078574303,-0.010465937499999911,-0.00949493374999999,0.03811,0.0033414667438117656,0.0335,0.0425,0.03205,0.001037304198391195,0.03015,0.0332,0.04102847176969069,0.0014550192066734398,0.0389201950768706,0.042625559097636094,-0.03210430750257125,0.0011202318667714011,-0.033213852947661035,-0.03034247245741418,-0.016102498633794753,0.0003675736511158144,-0.016504587382262948,-0.015531340674518737,0.1447,0.02227240445035066,0.117,0.1735,0.0951,0.008351047838445189,0.0865,0.1085,0.14365,0.011092339699089633,0.127,0.1555,0.11455,0.008313242448046373,0.1065,0.1295
header,header_bounded_jitter,2024-12-08_2024-12-14,important,budget,3.0,5,3,7,0.93199361475,0.0005973399276267815,0.931187145,0.93266590625,-0.009466312749999938,0.0001518659266002299,-0.00975671375000009,-0.009345511249999827,0.03973,0.0034137369553027958,0.0346,0.0433,0.03226,0.0014019272449025313,0.0306,0.0347,0.04183478697782873,0.0013315417446744047,0.03954574033845888,0.04313553825064024,-0.030934371893938772,0.0008350475947259562,-0.03222741787182997,-0.030144849692682045,-0.015770129560857552,0.0006634205914413191,-0.016718023703974558,-0.015051393181850285,0.1549,0.024379089400549805,0.1265,0.1845,0.09659999999999999,0.008940917178902845,0.088,0.108,0.15450000000000003,0.013885243966167818,0.138,0.17225,0.11895,0.008513812307069027,0.11075,0.135
header,header_bounded_jitter,2024-12-08_2024-12-14,random,budget,1.0,100,1,7,0.9403370336625001,0.003312139801417523,0.9303397712500001,0.9423678712500001,-0.0011228938374999208,0.003226299739353873,-0.010324388749999747,0.000626622500000007,0.005156000000000001,0.012907308549810067,0.0,0.0448,0.0039595,0.010588851908965389,0.0,0.03555,0.005230399455593485,0.013028670041575508,4.804274581119694e-06,0.04284727176932796,-0.003678275509904225,0.010207451835726156,-0.033328485567065226,0.0014761641549314135,-0.0018601214179753954,0.004995008513744159,-0.016566592528967472,0.0006805574474701271,0.021824999999999997,0.05146928088675807,0.0,0.185,0.0119,0.03204699673916419,0.0,0.115,0.020015,0.049069884094014325,0.0,0.1625,0.014264999999999998,0.03834478158759024,0.0,0.1375
header,header_bounded_jitter,2024-12-08_2024-12-14,random,budget,2.0,100,2,7,0.9394447990500001,0.004077434369230714,0.930747685,0.9425079425000001,-0.0020151284499999446,0.00405405795023933,-0.010281768749999975,0.0007136212500000738,0.009201,0.015530787133947847,0.0,0.04515,0.007097,0.01304987896495596,0.0,0.03415,0.009750406993277325,0.01628943532984982,7.172885326307725e-05,0.04336328748181953,-0.006667727369012766,0.012797780871406837,-0.03334476766079085,0.0017827569872111055,-0.0034478384720988504,0.006278165388858491,-0.016994087884627272,0.0008485778692745835,0.03783999999999999,0.05973591382074941,0.0,0.186,0.020620000000000003,0.038477923540648606,0.0,0.106,0.03602,0.059773224356730166,0.0,0.163,0.025852499999999997,0.04810760198502935,0.0,0.133
header,header_bounded_jitter,2024-12-08_2024-12-14,random,budget,3.0,100,3,7,0.9378263502875004,0.0048614420663597,0.930415095,0.94258416,-0.0036335772124999354,0.004787640523453259,-0.010478181249999996,0.0007004587500000214,0.016055499999999997,0.01850076605846363,0.0004,0.04555,0.012621500000000003,0.015513488091012932,0.0,0.0355,0.016882572941497805,0.019348635960647603,0.0005288423857778815,0.04347884556399108,-0.011947680259808056,0.01522305870139729,-0.03372043857526107,0.0017411755522379906,-0.0060840999379837505,0.007499335372226924,-0.017292755381138943,0.0007570934773056508,0.06448,0.07158292114743572,0.0,0.1885,0.0366,0.04553207660539984,0.0,0.1095,0.062372500000000004,0.07077378129469981,0.0,0.1695,0.045790000000000004,0.05679523219426082,0.0,0.1355
imports,imports_benign_mass_injection,2024-09-22_2024-09-28,baseline,baseline,0.0,5,0,1282,0.90951788325,0.0033100722628124643,0.90469805625,0.914999015,0.0,0.0,0.0,0.0,0.0,0.0,0.0,0.0,0.0,0.0,0.0,0.0,0.0,0.0,0.0,0.0,0.0,0.0,0.0,0.0,0.0,0.0,0.0,0.0,0.0,0.0,0.0,0.0,0.0,0.0,0.0,0.0,0.0,0.0,0.0,0.0,0.0,0.0,0.0,0.0
imports,imports_benign_mass_injection,2024-09-22_2024-09-28,important,ratio,0.01,5,13,1282,0.9358126717499999,0.0484836341802081,0.8404331775,0.9740760975,0.02629478850000002,0.04614795720546078,-0.06426487874999998,0.06502280625000001,0.13142,0.02682548415220124,0.085,0.16675,0.01827,0.0319347397045913,0.00075,0.0821,0.08902905461989517,0.023565738486993705,0.06053469760781238,0.12943299357540944,0.05494923238277094,0.06622808287203326,-0.06645189807833277,0.1282841821671634,0.029889307939733895,0.02895708561332222,-0.012853641946185235,0.07175016423867535,0.45969999999999994,0.12974844893099877,0.2755,0.6555,0.0664,0.09297709395329583,0.0065,0.2515,0.5667,0.17266704954912504,0.2275,0.70375,0.0517,0.08156736479744825,0.00375,0.2145
imports,imports_benign_mass_injection,2024-09-22_2024-09-28,important,ratio,0.05,5,65,1282,0.9087038575000002,0.03041879038675171,0.8615340175,0.9390105125,-0.0008140257499999581,0.028318396206550033,-0.047087336249999945,0.02517132000000022,0.13971999999999998,0.02453508915818322,0.0952,0.1599,0.06425,0.0367527822076098,0.02995,0.12375,0.10355524302442609,0.014299143625573791,0.09399257413878709,0.13178494557127893,-0.023190224666160674,0.05177202090138425,-0.09967367760531778,0.034102699460420084,-0.02054052968883657,0.025386466398481695,-0.05670626752170716,0.011469235994133421,0.41999999999999993,0.08010181021674852,0.296,0.5195,0.2097,0.09195683770117369,0.0935,0.3525,0.5098,0.18901140177248565,0.24675,0.683,0.16185,0.07947729235448324,0.08425,0.28325
imports,imports_benign_mass_injection,2024-09-22_2024-09-28,important,ratio,0.1,5,129,1282,0.8370781624999999,0.0654915313961691,0.75838334,0.93396178,-0.07243972074999996,0.06517114282862249,-0.15023801375,0.023744080000000056,0.16568,0.03314197640455378,0.11215,0.21625,0.13429,0.06173575463214166,0.0355,0.21395,0.1389138024762243,0.027280312743824853,0.1076502986339689,0.18491804051330815,-0.09926180269484024,0.07085738125987578,-0.1799762486184363,0.026567934519901904,-0.031558502385400866,0.019889196018673127,-0.05551989249513631,0.004974789968653598,0.3641,0.04558442716542569,0.3085,0.431,0.2834,0.0789724002421099,0.1775,0.3725,0.35114999999999996,0.15689977692782103,0.2415,0.662,0.21550000000000002,0.07205501370480753,0.09,0.29275
imports,imports_benign_mass_injection,2024-09-22_2024-09-28,random,ratio,0.01,100,13,1282,0.9102633955125,0.030539345139623673,0.85363972,0.9525869687499999,0.0007455122625000276,0.030259865399116258,-0.05717720500000012,0.043348075000000263,0.0187425,0.02989239232229498,0.0002,0.137,0.0063725000000000006,0.010865326444704733,0.0,0.05295,0.018745912153091925,0.015811681228606028,0.00010196733201852011,0.059883142605309934,0.0014000053393589018,0.023553040450873176,-0.05968037434370622,0.05520612175509182,0.0003565075143290013,0.0031157375433187393,-0.004237514252447995,0.017355052783961832,0.12690500000000002,0.12597046667770984,0.002,0.555,0.056795,0.08718331534760536,0.0,0.3435,0.09174250000000002,0.14444468861384274,0.001,0.6385,0.031292499999999994,0.05242324216175493,0.0,0.246
imports,imports_benign_mass_injection,2024-09-22_2024-09-28,random,ratio,0.05,100,65,1282,0.896229081125,0.045144799914966345,0.7990582474999999,0.9703071199999999,-0.013288802124999983,0.04473788718338617,-0.1095631062500001,0.06125382874999985,0.057117499999999995,0.045077526759461854,0.00525,0.1633,0.026651999999999995,0.029206338284694305,0.0001,0.123,0.04912628918027192,0.028238371968179434,0.009685075024282052,0.12786695225543643,-0.011534924177446728,0.051288846394039016,-0.12598531894113008,0.11697084081316364,0.0035522872709783395,0.014035392520178956,-0.024092269936344002,0.062103670264887195,0.28392,0.13522819084791454,0.0495,0.643,0.16227999999999998,0.13319724696854662,0.001,0.4815,0.242765,0.20081409257071575,0.02625,0.69675,0.09892750000000002,0.08624295112500499,0.0005,0.29225
imports,imports_benign_mass_injection,2024-09-22_2024-09-28,random,ratio,0.1,100,129,1282,0.8831911552749999,0.05879857844346443,0.7222975125,0.9658570850000001,-0.026326727974999978,0.05896174551194929,-0.18632384125,0.057235731250000144,0.08011949999999998,0.04750162202230572,0.0101,0.2169,0.0453325,0.046414164527113916,0.00035,0.21575,0.06962942204033165,0.03903976809634959,0.012417762956846934,0.20554115453067692,-0.028014617050680427,0.06863615158967729,-0.20277821656788397,0.09921061826008948,0.0035235069177601904,0.014545377927826708,-0.028282415446434866,0.04951408953322403,0.32849000000000006,0.11608634674241411,0.0915,0.589,0.19114,0.1297373515992985,0.002,0.435,0.29144749999999997,0.1922082213869896,0.04725,0.67125,0.12791999999999998,0.09428672944799814,0.00125,0.29525
imports,imports_benign_mass_injection,2024-09-29_2024-10-05,baseline,baseline,0.0,5,0,1282,0.92114664975,0.0012924426162932525,0.9188401962499999,0.922309875,0.0,0.0,0.0,0.0,0.0,0.0,0.0,0.0,0.0,0.0,0.0,0.0,0.0,0.0,0.0,0.0,0.0,0.0,0.0,0.0,0.0,0.0,0.0,0.0,0.0,0.0,0.0,0.0,0.0,0.0,0.0,0.0,0.0,0.0,0.0,0.0,0.0,0.0,0.0,0.0
imports,imports_benign_mass_injection,2024-09-29_2024-10-05,important,ratio,0.01,5,13,1282,0.9458630717500001,0.041308080596437056,0.8644874700000001,0.9783430212500001,0.024716422000000036,0.04009285899088206,-0.05435272624999976,0.056046975,0.12431,0.02716286803708327,0.0718,0.15005,0.01552,0.02690839274278566,0.00035,0.0693,0.07984609790125193,0.021434317501741375,0.05629721976872991,0.1159380715104563,0.051812425837024965,0.05807354706344574,-0.05504055921163123,0.11516634715151051,0.027558936877648647,0.02524995305798675,-0.009013085096768955,0.06443023311644497,0.5163,0.16441915946750246,0.216,0.698,0.053000000000000005,0.07223364866874718,0.0035,0.1965,0.5619999999999999,0.1738282917134032,0.2165,0.68375,0.04895,0.07840621786567696,0.00175,0.2055
imports,imports_benign_mass_injection,2024-09-29_2024-10-05,important,ratio,0.05,5,65,1282,0.9208422135,0.024954384499178292,0.88150284,0.94567948,-0.0003044362500000064,0.024086216656219916,-0.039217590000000024,0.02336960500000007,0.12589,0.025080099680822643,0.08505,0.1479,0.055950000000000014,0.029972454020316727,0.0259,0.101,0.0925644086429872,0.012648017062314979,0.08249548366365347,0.11733313671878014,-0.018044987394359134,0.04646861935322018,-0.08664094723082416,0.03252888203307331,-0.015638139347581754,0.02305888627417845,-0.04860419974543052,0.011810753450019485,0.42669999999999997,0.1520863570475669,0.219,0.624,0.1647,0.05683009765960287,0.084,0.2475,0.48045,0.20115904155667474,0.219,0.655,0.14445000000000002,0.061419540864451276,0.072,0.22275
imports,imports_benign_mass_injection,2024-09-29_2024-10-05,important,ratio,0.1,5,129,1282,0.859979969,0.055606680002068865,0.79848687,0.9420123874999999,-0.06116668075,0.05498302456242422,-0.12223356000000007,0.020445686249999984,0.13713999999999998,0.026202393020485742,0.0903,0.1685,0.10797000000000001,0.047488004801212694,0.0315,0.1654,0.11874461287585263,0.020167166452909866,0.09843280640517062,0.1535399061209366,-0.08139006482739461,0.06148413015975321,-0.14922770696509224,0.028492578385810076,-0.022410046501000112,0.017472733675532513,-0.044086766552692044,0.009198122338089455,0.30720000000000003,0.07977380522452217,0.2275,0.454,0.205,0.0494489635887346,0.123,0.254,0.32025,0.16483150487695003,0.22375,0.6495,0.18664999999999998,0.05242342033862347,0.089,0.23175
imports,imports_benign_mass_injection,2024-09-29_2024-10-05,random,ratio,0.01,100,13,1282,0.9174121222624998,0.027993954311676058,0.84818683875,0.9646251124999999,-0.003734527487499961,0.02783533457954774,-0.0706533574999999,0.043058411249999984,0.020888500000000004,0.034994372301128646,0.0,0.13215,0.0066215,0.01241242976817996,0.0,0.07165,0.016808454603838115,0.017790949390849367,0.00011661074581626359,0.08165807386177093,-0.0024945773025212086,0.023732835813498665,-0.08119438761658263,0.0644297735870275,0.0005771015224686458,0.004086219648486728,-0.0075472797165791715,0.01994305655929546,0.12021500000000002,0.1522397164835773,0.0,0.604,0.04899,0.07341369014019117,0.0,0.354,0.1004125,0.17149956040395556,0.0,0.6365,0.0295825,0.0510394217125351,0.0,0.26125
imports,imports_benign_mass_injection,2024-09-29_2024-10-05,random,ratio,0.05,100,65,1282,0.9097595559625,0.039882377979647436,0.8035426824999999,0.9710547374999999,-0.011387093787499976,0.03973588691252993,-0.11529751374999997,0.052214541250000024,0.047921500000000006,0.041402783272987825,0.005,0.1438,0.022077,0.026207227457325587,0.0004,0.11435,0.041609333584587294,0.025918732361075773,0.005641838330313415,0.13336393923435746,-0.012046347433142684,0.042983226848665214,-0.13181211169704715,0.08934891432848453,0.0015768314237712081,0.01063057360399869,-0.025694158867165442,0.04575038561273605,0.24880500000000003,0.14657117545752302,0.0485,0.6875,0.122735,0.09494665489104921,0.0025,0.3605,0.2105725,0.19111502850050804,0.02475,0.68975,0.0838075,0.07770722983577526,0.00125,0.277
imports,imports_benign_mass_injection,2024-09-29_2024-10-05,random,ratio,0.1,100,129,1282,0.89869386135,0.05130209021378573,0.7337332025000001,0.9716324475,-0.022452788399999975,0.05118835848090053,-0.18510699374999984,0.04933640124999994,0.07402,0.043959134431878884,0.0084,0.2139,0.040104,0.0408067173881948,0.00045,0.2138,0.06292564664124972,0.03321244502752762,0.00877155449621925,0.2085321179801922,-0.024572279837473867,0.06052098771087391,-0.20829863744139934,0.09439458105771327,0.003604034195718761,0.013755539829041517,-0.03200055643784264,0.04926092897208066,0.325985,0.15259728790184968,0.0745,0.6825,0.159985,0.11000507840549906,0.0035,0.427,0.28495000000000004,0.19265094406724304,0.03875,0.676,0.12054249999999998,0.0898877567789407,0.00175,0.29175
imports,imports_benign_mass_injection,2024-10-06_2024-10-12,baseline,baseline,0.0,5,0,1282,0.8858759565,0.0031653482817434165,0.88130156875,0.8907890575,0.0,0.0,0.0,0.0,0.0,0.0,0.0,0.0,0.0,0.0,0.0,0.0,0.0,0.0,0.0,0.0,0.0,0.0,0.0,0.0,0.0,0.0,0.0,0.0,0.0,0.0,0.0,0.0,0.0,0.0,0.0,0.0,0.0,0.0,0.0,0.0,0.0,0.0,0.0,0.0
imports,imports_benign_mass_injection,2024-10-06_2024-10-12,important,ratio,0.01,5,13,1282,0.9213939662499999,0.0577778366596053,0.80772883,0.9664823124999999,0.03551800974999997,0.05537480223793739,-0.07357273875000003,0.07889934749999994,0.19097000000000003,0.044984470653771175,0.1036,0.23315,0.02411,0.03815461177891868,0.0009,0.1001,0.11792842272338486,0.03157685225316556,0.08663154086529876,0.1719593945098721,0.07611265985557567,0.08443288868072892,-0.07774821437271953,0.17060011854358376,0.037432635689361435,0.03617034040004142,-0.012094718593463904,0.09202958189116811,0.4534000000000001,0.1166063463109963,0.274,0.611,0.0781,0.08771681708771699,0.0055,0.249,0.62605,0.24749567672991787,0.137,0.8055,0.03905,0.043858408543858494,0.00275,0.1245
imports,imports_benign_mass_injection,2024-10-06_2024-10-12,important,ratio,0.05,5,65,1282,0.8919734220000001,0.032161388579769856,0.8419536925000001,0.9235745099999999,0.0060974655000000325,0.030278786612895032,-0.043016016249999955,0.03348360750000001,0.18852000000000002,0.04803470203925492,0.11195,0.2326,0.07737999999999999,0.04158223899695638,0.0396,0.14545,0.1276428872100543,0.013292255480917503,0.1127200849145559,0.1506597815781221,-0.013484283384519815,0.061491052064538726,-0.10233102664177546,0.05460542344267947,-0.018288302818505388,0.02938630940682977,-0.05889034752967805,0.02003066579258911,0.3933,0.08086321784346699,0.2745,0.4865,0.22640000000000002,0.06257587394515557,0.136,0.3285,0.49605,0.27573109182680144,0.13725,0.74325,0.1133,0.03125595943176277,0.068,0.16425
imports,imports_benign_mass_injection,2024-10-06_2024-10-12,important,ratio,0.1,5,129,1282,0.8093903539999999,0.07767233787299452,0.718701735,0.9201987300000001,-0.07648560249999999,0.07745160361904362,-0.16626797375000002,0.035462247500000155,0.19569999999999999,0.04402355051560471,0.11805,0.2389,0.14933999999999997,0.06790582007457092,0.04545,0.23565,0.1561806928022468,0.02587590676626889,0.1245923782048933,0.20264255352277588,-0.10032830335642337,0.08506938871372753,-0.19715379095195293,0.04840145884075598,-0.021897212361237532,0.020957034490546235,-0.05451089577789665,0.011139637508023298,0.35429999999999995,0.04250011764689599,0.295,0.42,0.2713,0.0545752691243937,0.2005,0.339,0.2766,0.20595986259463275,0.1475,0.6865,0.13575,0.027158332054822515,0.10075,0.1695
imports,imports_benign_mass_injection,2024-10-06_2024-10-12,random,ratio,0.01,100,13,1282,0.8884348480250001,0.039994668777280785,0.7547110275000001,0.951232375,0.0025588915250000267,0.03995439804430481,-0.13025868124999995,0.0664958925000001,0.0283305,0.0522513162011255,5e-05,0.207,0.007369,0.01598842672060012,0.0,0.12095,0.024825100031819466,0.02728037022480847,0.0002306670304380617,0.1389441782973752,0.0020974201143184965,0.03549311423542848,-0.13839049108299795,0.12156925507378828,0.0011992233146306834,0.008976220510243063,-0.011959206113006104,0.051868237593122354,0.13445,0.1355759473505533,0.0005,0.5645,0.05476999999999999,0.08905011005046541,0.0,0.428,0.11218499999999997,0.19672954029580814,0.00025,0.78225,0.027409999999999997,0.04462263327057246,0.0,0.21525
imports,imports_benign_mass_injection,2024-10-06_2024-10-12,random,ratio,0.05,100,65,1282,0.8616984736499999,0.05969566793167332,0.7120745675,0.95452834625,-0.024177482849999977,0.059739209180094024,-0.17289514125000005,0.06540667500000019,0.08047849999999998,0.069181856817738,0.0033,0.22785,0.0331825,0.04123928004645571,0.00025,0.17645,0.06489943831484614,0.039091077460786966,0.005082424312884201,0.18902071711453028,-0.01877707534927459,0.06709872589612671,-0.187886737082793,0.12608803133853155,0.006531185589009968,0.014782016109871276,-0.041588309112774814,0.06171735844004248,0.27881,0.11365462551079918,0.031,0.5575,0.16032999999999997,0.12271866646928656,0.0015,0.491,0.2592625,0.24465177644715763,0.0155,0.77875,0.08023249999999998,0.06145401995598009,0.00075,0.2475
imports,imports_benign_mass_injection,2024-10-06_2024-10-12,random,ratio,0.1,100,129,1282,0.8500550840750001,0.07452254761186777,0.6824668675000001,0.9657510274999999,-0.03582087242499999,0.07443840835113924,-0.20511609749999993,0.08444945874999987,0.10938600000000002,0.06795044226493305,0.012,0.23535,0.05589999999999999,0.05567160182714343,0.0005,0.21875,0.09282522373126087,0.04783395851970524,0.017581339699460522,0.2312475039390895,-0.03469375142616543,0.09083207288760124,-0.2305301846909405,0.17693524460479035,0.010992030037609684,0.021650092508628063,-0.03402009001808963,0.09450728114145832,0.345525,0.10374508120870116,0.11,0.6115,0.199865,0.1306783619234646,0.004,0.47,0.297825,0.2524605451847872,0.055,0.80575,0.10007000000000002,0.06553187277958719,0.00225,0.237
imports,imports_benign_mass_injection,2024-10-13_2024-10-19,baseline,baseline,0.0,5,0,1282,0.9153119610000001,0.0018431422576846062,0.9138560212500001,0.91883921375,0.0,0.0,0.0,0.0,0.0,0.0,0.0,0.0,0.0,0.0,0.0,0.0,0.0,0.0,0.0,0.0,0.0,0.0,0.0,0.0,0.0,0.0,0.0,0.0,0.0,0.0,0.0,0.0,0.0,0.0,0.0,0.0,0.0,0.0,0.0,0.0,0.0,0.0,0.0,0.0
imports,imports_benign_mass_injection,2024-10-13_2024-10-19,important,ratio,0.01,5,13,1282,0.9403810675000001,0.039954074496462495,0.8623125775,0.97329571875,0.025069106500000004,0.03966332459475968,-0.052373323750000034,0.05943969749999989,0.13938,0.028482794806689877,0.08855,0.1752,0.01931,0.032832505234904025,0.00075,0.0849,0.09197947916614108,0.02470085906118338,0.0626812084272192,0.1340986772008913,0.057973115819636614,0.06815215590705326,-0.06702351428539605,0.13297889769535184,0.03053729329705391,0.030364573786329306,-0.014144173828423185,0.07379512198259727,0.5100999999999999,0.15763546555264776,0.2165,0.6635,0.05720000000000001,0.067937176862157,0.006,0.1905,0.58775,0.20743884641021315,0.17625,0.73475,0.042749999999999996,0.06001895533912599,0.00325,0.16175
imports,imports_benign_mass_injection,2024-10-13_2024-10-19,important,ratio,0.05,5,65,1282,0.914284361,0.024743110341862086,0.8756809249999999,0.9413818899999999,-0.0010276000000000618,0.023573581619712108,-0.03820546375,0.02254267624999995,0.13681,0.02690675379899998,0.09095,0.16055,0.05828,0.036258138396779285,0.02455,0.1155,0.10268523071893972,0.014434831051446504,0.09005617672805968,0.13084322493190848,-0.01826667819179412,0.05371332043300215,-0.09771795030401907,0.03995782669609508,-0.01838265891386017,0.02823313457407723,-0.059304764853175436,0.014867061179526214,0.4227,0.12835676842301694,0.2445,0.57,0.1777,0.055579312698161354,0.112,0.2655,0.50185,0.22780916355581485,0.20025,0.70275,0.13290000000000002,0.060400041390714296,0.07525,0.225
imports,imports_benign_mass_injection,2024-10-13_2024-10-19,important,ratio,0.1,5,129,1282,0.8540519634999999,0.054851481667898994,0.7866883549999999,0.9367147775,-0.06125999750000004,0.055071039766144914,-0.12719803375000005,0.021422497499999915,0.16573,0.03711461437223887,0.09955,0.2144,0.13273000000000001,0.06641853355803636,0.0287,0.2125,0.1352433025415621,0.02671091566091612,0.10735311432203853,0.1818279401012949,-0.09345473258856765,0.07282656918627034,-0.1772263924612136,0.03499756310548933,-0.026974401840774632,0.020130591674518673,-0.05194664941112803,0.009666549561833942,0.3303,0.06982664247978705,0.253,0.4545,0.2287,0.06529823887364804,0.123,0.302,0.3197,0.18423235329333443,0.20725,0.68675,0.17604999999999998,0.06091210881261623,0.07,0.24425
imports,imports_benign_mass_injection,2024-10-13_2024-10-19,random,ratio,0.01,100,13,1282,0.9104674456374999,0.02440416670248852,0.8560778825,0.9589824725,-0.004844515362500031,0.0243796619067525,-0.05780850624999989,0.04014325875000002,0.023964500000000003,0.03914855954885185,0.0,0.13855,0.007135999999999999,0.011605126194919211,0.0,0.05445,0.019594670443274446,0.02020008319954279,0.00016261529307707822,0.07364907647931118,-0.0022378476435380924,0.02677760361401348,-0.07068890714627059,0.07357005189170364,0.0008634482978182708,0.005244116589847909,-0.012526558825800019,0.030597155175163045,0.12707000000000002,0.14480082907221214,0.0,0.5825,0.05422500000000001,0.07044964070170975,0.0,0.329,0.11359,0.19112370509698687,0.0,0.667,0.030747500000000004,0.04426119201682214,0.0,0.205
imports,imports_benign_mass_injection,2024-10-13_2024-10-19,random,ratio,0.05,100,65,1282,0.9097554260999999,0.039640168187429756,0.7904354200000001,0.9623909449999999,-0.005556534900000038,0.03951835815376843,-0.12425048124999993,0.04725367124999991,0.0634975,0.052496148132505874,0.00565,0.1568,0.021436999999999998,0.030191593714145,0.0002,0.14805,0.048144062168015304,0.028343936976433316,0.008103409210093022,0.15492946450214537,-0.004614193700172507,0.05182928823266978,-0.1533748741081514,0.09227456455106721,0.0034905985971405346,0.010964196969240041,-0.00890048572023875,0.04383100210083649,0.287155,0.16995129736192072,0.047,0.641,0.10713,0.10021039417146307,0.002,0.347,0.2722475,0.2483693658017228,0.0245,0.7085,0.06856,0.07202142146611659,0.001,0.24825
imports,imports_benign_mass_injection,2024-10-13_2024-10-19,random,ratio,0.1,100,129,1282,0.9014814725,0.050218717132740565,0.7534154975,0.9728133075000001,-0.013830488500000026,0.050022771250528356,-0.16047089124999991,0.05727592624999989,0.08719300000000002,0.052817055020135305,0.00935,0.2004,0.035876,0.04357055914261372,0.00015,0.20005,0.07015353205227173,0.036219515652899624,0.012826462826918518,0.2026787105591256,-0.010493871669091239,0.07188778398593666,-0.20194839876909285,0.1308182260786102,0.009272629427892183,0.01969528555869217,-0.023495915740387726,0.07792363678334552,0.34648500000000015,0.15779859718958214,0.088,0.6695,0.13591,0.10261657712085313,0.0015,0.366,0.334135,0.24486579594749447,0.0455,0.73275,0.09208499999999999,0.07581269039547403,0.00075,0.2515
imports,imports_benign_mass_injection,2024-10-20_2024-10-26,baseline,baseline,0.0,5,0,1282,0.9027885764999999,0.003663173389855486,0.8970316924999999,0.9077185437499999,0.0,0.0,0.0,0.0,0.0,0.0,0.0,0.0,0.0,0.0,0.0,0.0,0.0,0.0,0.0,0.0,0.0,0.0,0.0,0.0,0.0,0.0,0.0,0.0,0.0,0.0,0.0,0.0,0.0,0.0,0.0,0.0,0.0,0.0,0.0,0.0,0.0,0.0,0.0,0.0
imports,imports_benign_mass_injection,2024-10-20_2024-10-26,important,ratio,0.01,5,13,1282,0.9347165047499999,0.04541732726965195,0.8462048975,0.9732847425,0.031927928250000036,0.046234433925963554,-0.0589792362499999,0.07012314124999985,0.16612,0.03739203925971409,0.096,0.2069,0.02016,0.03605646127949885,0.00085,0.09225,0.10857503053918505,0.029762891070153976,0.07614895910663728,0.15881801954639105,0.07218664266359219,0.07884778960331862,-0.07308132068442975,0.15787437915418567,0.037609757351621975,0.03658358326317704,-0.016507564709011723,0.08967831584535033,0.4385,0.10938829919145832,0.2705,0.583,0.0636,0.08831896738526782,0.007,0.2395,0.6189500000000001,0.24439432276548487,0.13525,0.7915,0.0318,0.04415948369263391,0.0035,0.11975
imports,imports_benign_mass_injection,2024-10-20_2024-10-26,important,ratio,0.05,5,65,1282,0.908087457,0.028843286076648208,0.8607524625,0.9395853725000001,0.005298880500000047,0.026594894175172423,-0.036279229999999885,0.03186682875000013,0.16402999999999998,0.03589543982179352,0.10325,0.1945,0.06603,0.04257848752597959,0.0238,0.1344,0.11674365798883693,0.013770971998533877,0.10469160881405917,0.1435765705936522,-0.012120359656891077,0.06086628807352135,-0.09957435658992812,0.05419148682346022,-0.018556942150252102,0.03165116204813771,-0.062088297272438885,0.019990381193381906,0.3832,0.06706608680995188,0.303,0.4595,0.20380000000000004,0.0821636172524068,0.112,0.3335,0.49169999999999997,0.2629723084280929,0.1515,0.72975,0.10215,0.041109792020879894,0.056,0.16725
imports,imports_benign_mass_injection,2024-10-20_2024-10-26,important,ratio,0.1,5,129,1282,0.835591726,0.06619761961054596,0.7518810125,0.9322713775,-0.06719685049999995,0.06610464617596172,-0.14515067999999998,0.03142446625000006,0.18993,0.041001836544233,0.1146,0.23985,0.14883,0.07555762436710144,0.028,0.2373,0.1487288790120264,0.026396223863965652,0.12117067212561417,0.19458167742242935,-0.09691899414740583,0.08340912267904751,-0.1887088769107909,0.05189713118623831,-0.025705731182282966,0.02286293028009173,-0.056250640718958494,0.014209184857308233,0.366,0.0479082456368421,0.315,0.451,0.27690000000000003,0.09839278428828,0.097,0.3735,0.2831,0.18829163550195213,0.163,0.6575,0.1387,0.04900061224107307,0.04925,0.18675
imports,imports_benign_mass_injection,2024-10-20_2024-10-26,random,ratio,0.01,100,13,1282,0.9050802504499998,0.030653925996386704,0.8297578049999998,0.9576341224999999,0.002291673950000026,0.02995983707572428,-0.07108910625000009,0.054472521249999795,0.028395999999999998,0.047344077074117724,0.0,0.1797,0.006452,0.012584156547023722,0.0,0.07495,0.021718941633474594,0.022023719502774094,7.427519135432548e-05,0.10938390744073515,0.003056315210390661,0.029528229485683302,-0.08811492854804204,0.1052570642453221,0.0001306863616635201,0.006052716342519988,-0.010437897421442107,0.04939138459804726,0.131835,0.13251901854073625,0.0,0.5265,0.05297499999999999,0.09603898622434537,0.0,0.487,0.1258725,0.20952180225157951,0.0,0.762,0.026502499999999995,0.0480581222973807,0.0,0.24375
imports,imports_benign_mass_injection,2024-10-20_2024-10-26,random,ratio,0.05,100,65,1282,0.8837577255000001,0.05091918264673336,0.72421901,0.96330213,-0.019030850999999977,0.05106163785753529,-0.18096512374999996,0.06245521875000004,0.072273,0.06327463647465704,0.00435,0.2365,0.0334825,0.04367238279221778,0.00035,0.23615,0.05977894581276134,0.038967036336460065,0.007974985834210314,0.2226915010880541,-0.018404626698784458,0.06515688546597535,-0.22176311519910577,0.13210745698816673,0.004988026715401148,0.01407391832789259,-0.037844058195987455,0.06485408730375511,0.29386499999999993,0.11429166319115319,0.0435,0.59,0.17403499999999997,0.13197026663229866,0.0025,0.527,0.25188999999999995,0.24032002184587117,0.02175,0.794,0.08708,0.06605511789407388,0.00125,0.26425
imports,imports_benign_mass_injection,2024-10-20_2024-10-26,random,ratio,0.1,100,129,1282,0.8711835914125001,0.06504747701481453,0.7035114250000001,0.9687830599999998,-0.031604985087499975,0.06476212915695073,-0.20167270874999987,0.06620108875000019,0.11007599999999998,0.05997404833759348,0.01775,0.26265,0.059399999999999994,0.0602718391954319,5e-05,0.26235,0.09079139045962353,0.04316031361633402,0.01663243697041812,0.24754909178706017,-0.03462316745780297,0.08785271746418981,-0.24651381073742917,0.15595912644124327,0.009693389395799999,0.019481995823756176,-0.039561460756534654,0.0862651418887214,0.36554999999999993,0.09347254944634815,0.166,0.569,0.218525,0.15136900896484723,0.0005,0.5455,0.3227525,0.25075989136771853,0.083,0.7845,0.10936,0.07576382976064502,0.00025,0.2735
imports,imports_benign_mass_injection,2024-10-27_2024-11-02,baseline,baseline,0.0,5,0,1282,0.8929807932499999,0.0026570890147526605,0.88923092625,0.8972314425000001,0.0,0.0,0.0,0.0,0.0,0.0,0.0,0.0,0.0,0.0,0.0,0.0,0.0,0.0,0.0,0.0,0.0,0.0,0.0,0.0,0.0,0.0,0.0,0.0,0.0,0.0,0.0,0.0,0.0,0.0,0.0,0.0,0.0,0.0,0.0,0.0,0.0,0.0,0.0,0.0
imports,imports_benign_mass_injection,2024-10-27_2024-11-02,important,ratio,0.01,5,13,1282,0.9263080582499998,0.052911819110049364,0.8228877499999999,0.9694967775000001,0.03332726499999994,0.05219075997024162,-0.06926564000000013,0.07524968875000004,0.19646,0.03637848814890471,0.1296,0.2383,0.0267,0.048961382741912016,0.00085,0.1246,0.126656540812126,0.033653034074480274,0.08799629552383037,0.18410191914665633,0.08207436589845357,0.09347032452005212,-0.09044751867732964,0.18301974407470906,0.0430432117216892,0.040604171052657456,-0.015141859939887235,0.10267037822890443,0.4147,0.081346542643188,0.3065,0.549,0.07010000000000001,0.10302786030972401,0.0085,0.2755,0.5881000000000001,0.22387444025614,0.15325,0.77275,0.0352,0.05143889578908163,0.00425,0.13775
imports,imports_benign_mass_injection,2024-10-27_2024-11-02,important,ratio,0.05,5,65,1282,0.893773951,0.033366919416820094,0.8417133450000001,0.9285288625,0.0007931577499999731,0.03129785628516946,-0.04751758124999994,0.03129741999999991,0.19296,0.04145332797255246,0.12465,0.2287,0.08051000000000001,0.0480693811068959,0.0347,0.15645,0.13665874194182412,0.01603725072871108,0.11919591857838319,0.16691732650388086,-0.017412406083063808,0.07170050782753393,-0.11918450692038098,0.06095221241822594,-0.019460213578812113,0.03573843352883647,-0.06784765693523029,0.024396082723217766,0.394,0.05174069964737623,0.3305,0.441,0.22690000000000002,0.09532019723017782,0.102,0.3725,0.47935000000000005,0.23810715024963025,0.1655,0.71475,0.12094999999999997,0.043318414098394695,0.055,0.18625
imports,imports_benign_mass_injection,2024-10-27_2024-11-02,important,ratio,0.1,5,129,1282,0.8154733430000001,0.072464262497439,0.7262978275,0.9216418199999998,-0.07750745025000003,0.07199541573030555,-0.16293309874999995,0.029600701249999806,0.22405999999999998,0.046622713348753085,0.1405,0.2848,0.17645000000000002,0.08558508631765233,0.04195,0.2822,0.17425102219293598,0.030209625500498886,0.13977297548146583,0.2264272986046918,-0.11527901963244107,0.09536792622705835,-0.22081350032506836,0.0541966449236488,-0.026046233229099262,0.025846443931738454,-0.062089574950398185,0.017705236167027936,0.39,0.03964719409996122,0.333,0.4415,0.2955,0.09078160606642735,0.1485,0.4065,0.2839,0.15901301833497783,0.179,0.60025,0.15575,0.036742005933263905,0.10525,0.20325
imports,imports_benign_mass_injection,2024-10-27_2024-11-02,random,ratio,0.01,100,13,1282,0.89416766005,0.031972820459992744,0.7936074700000001,0.9523503712500001,0.0011868667999999805,0.03248162366580647,-0.0956234562499999,0.05900153375000006,0.027838500000000006,0.05134036465345761,5e-05,0.2035,0.0067035,0.01341645492483018,0.0,0.0923,0.02525864560607438,0.02823330385139402,0.00019787535365152142,0.13387473849302006,0.003981368844641224,0.036772452937165294,-0.11289477984680653,0.13306587930012512,0.002057851533876269,0.010938683323210102,-0.010452406163835262,0.06953643596390473,0.12582000000000002,0.11913589971121216,0.0005,0.4755,0.053325000000000004,0.08750981016434671,0.0,0.385,0.10522750000000002,0.17346414649359101,0.00025,0.73775,0.0272575,0.045915063636567034,0.0,0.236
imports,imports_benign_mass_injection,2024-10-27_2024-11-02,random,ratio,0.05,100,65,1282,0.8850662931,0.04764184901990481,0.7571336875,0.9580025875,-0.007914500150000009,0.04756773851174973,-0.13501970250000006,0.06375549874999997,0.07889750000000001,0.07057534993714165,0.0017,0.2162,0.029178499999999996,0.03919722264076883,0.0001,0.1728,0.05977058078308339,0.037059321820704975,0.0032960687536448974,0.17768448208623458,-0.006645934756433896,0.06209416720601188,-0.17588428253344682,0.1335045511831587,0.0037643471770548924,0.014339484658438697,-0.015254454013081791,0.06079324993823583,0.27456,0.10431894075382475,0.011,0.4925,0.14458000000000001,0.11314845823076866,0.001,0.398,0.25103250000000005,0.22775898899659264,0.0055,0.7445,0.0747025,0.05928939296999084,0.0005,0.2285
imports,imports_benign_mass_injection,2024-10-27_2024-11-02,random,ratio,0.1,100,129,1282,0.8744611579624998,0.058360594803185166,0.72692818,0.9649195575,-0.018519635287500023,0.0583576207196283,-0.16731890875,0.07287843875,0.11167049999999998,0.0707687109869185,0.01445,0.2294,0.0470795,0.05041032884984981,0.0001,0.22915,0.0882885026915699,0.03988662309259267,0.02405745875178701,0.22145873191754276,-0.015289641917417694,0.08647085395819988,-0.22071768268907394,0.16979566113043382,0.010790694095388265,0.022964365023964005,-0.03740667769995938,0.08751632536514109,0.36558999999999997,0.08937816791588425,0.126,0.5705,0.19936,0.14307704358142154,0.0,0.5645,0.3279225,0.23777919298952546,0.06475,0.76725,0.10475499999999999,0.07824718828814234,0.0,0.34325
imports,imports_benign_mass_injection,2024-11-03_2024-11-09,baseline,baseline,0.0,5,0,1282,0.9100187620000002,0.0029927649334475503,0.9053962512499999,0.9139641300000001,0.0,0.0,0.0,0.0,0.0,0.0,0.0,0.0,0.0,0.0,0.0,0.0,0.0,0.0,0.0,0.0,0.0,0.0,0.0,0.0,0.0,0.0,0.0,0.0,0.0,0.0,0.0,0.0,0.0,0.0,0.0,0.0,0.0,0.0,0.0,0.0,0.0,0.0,0.0,0.0
imports,imports_benign_mass_injection,2024-11-03_2024-11-09,important,ratio,0.01,5,13,1282,0.9330426370000001,0.04246615371514445,0.8515532750000001,0.9727237787499999,0.023023875000000027,0.04170475596368748,-0.05809823999999986,0.06028948749999985,0.13761,0.016549151035627176,0.1202,0.1683,0.026949999999999995,0.0490871469938924,0.0012,0.1251,0.10206725066354014,0.022980150207701437,0.0717323037746263,0.14082550445065845,0.0528902733280104,0.08028019162198095,-0.09491267269079835,0.14000264101530205,0.029218968071670636,0.03791521286364126,-0.029875974491319124,0.08155665935495642,0.4269,0.07915516407664128,0.3155,0.527,0.0759,0.10849534552228496,0.0115,0.292,0.5383,0.1422849605545154,0.26175,0.66575,0.0586,0.09434174579686344,0.00575,0.247
imports,imports_benign_mass_injection,2024-11-03_2024-11-09,important,ratio,0.05,5,65,1282,0.8986793324999999,0.0329743561674672,0.8445573525,0.9342840124999999,-0.01133942950000002,0.030569673284061526,-0.060838898749999926,0.02031988249999983,0.14677,0.01750598754712227,0.1137,0.1615,0.07333,0.04188679505524384,0.0338,0.1409,0.1260234148621276,0.024989386391987216,0.09883436749368638,0.17079193492589984,-0.04203530712481487,0.0654288037212389,-0.13897479310798305,0.03429105217275732,-0.03194759708414604,0.03286242462133925,-0.07907800530601111,0.011603840864749741,0.3893,0.0578321709777525,0.3195,0.471,0.21879999999999997,0.07834577206205834,0.112,0.3235,0.48440000000000005,0.16008830375764496,0.26975,0.636,0.16465000000000002,0.08034155213835491,0.08925,0.27925
imports,imports_benign_mass_injection,2024-11-03_2024-11-09,important,ratio,0.1,5,129,1282,0.8372842060000002,0.06138143456764377,0.755622835,0.9249571475,-0.07273455599999998,0.0604943975865066,-0.14977341624999985,0.016309525000000047,0.20479000000000003,0.04754192255262718,0.13545,0.2671,0.16973,0.083568993053644,0.0387,0.26355,0.1690988442614208,0.038696269779511884,0.121299009686212,0.22821367711366924,-0.1217086534881648,0.08574084156887461,-0.22018956608057333,0.025349274064242037,-0.04273439225438531,0.024185255728844897,-0.05980056599944044,0.004818336934375767,0.3771,0.025417316931572446,0.338,0.415,0.28500000000000003,0.07756481160938895,0.159,0.354,0.35675,0.11941660269828477,0.28425,0.595,0.22115,0.07696015202687687,0.091,0.29675
imports,imports_benign_mass_injection,2024-11-03_2024-11-09,random,ratio,0.01,100,13,1282,0.9084166823500002,0.021857705846945456,0.8493031475000001,0.9474122287500001,-0.0016020796499999867,0.021422282513411228,-0.05609310374999976,0.03876460625000011,0.020386500000000002,0.03224858590310589,5e-05,0.12255,0.0079395,0.015206301810433726,0.0,0.10155,0.01908404189262414,0.02190338455830827,0.00013517646116842038,0.08724663665856613,-0.0017809222690524718,0.027116933849047564,-0.08691015553222464,0.0813616959779696,-5.315445063686612e-05,0.00798228096740233,-0.018713095293487792,0.040105331445533514,0.11958,0.1293642864163058,0.0,0.484,0.06516000000000001,0.10415514581622938,0.0,0.392,0.097025,0.15255739288870926,0.0,0.5775,0.035972500000000004,0.06020264627697025,0.0,0.264
imports,imports_benign_mass_injection,2024-11-03_2024-11-09,random,ratio,0.05,100,65,1282,0.8901779515375001,0.04215443891365077,0.7929774025,0.9611553199999999,-0.019840810462500004,0.0421148901827927,-0.11241884874999986,0.054090602500000085,0.06320999999999999,0.04633312907628838,0.009,0.16015,0.040778,0.046067376374176114,0.0,0.15875,0.060084309157070706,0.03670240529202998,0.00775520476119477,0.15699057730925625,-0.02715522529589347,0.061104633011798096,-0.15406255701565483,0.11935927683805025,-0.0026112949699358423,0.01544329879218312,-0.024693967706592098,0.06961525669409832,0.30720000000000003,0.10318420421750607,0.0865,0.5705,0.19768999999999998,0.1454902536254577,0.0,0.5265,0.2308525,0.15556480199180658,0.0435,0.622,0.12468,0.10240646390731396,0.0,0.31575
imports,imports_benign_mass_injection,2024-11-03_2024-11-09,random,ratio,0.1,100,129,1282,0.8779657543499999,0.05725077091303114,0.6865838200000001,0.9644138825000002,-0.03205300764999999,0.057382116069192586,-0.2230676949999999,0.05088142750000002,0.1016895,0.06130993691686528,0.0117,0.3621,0.063643,0.07028722217444647,0.00065,0.36175,0.08880403750038461,0.05320167488843951,0.017780547905923077,0.32024466124116857,-0.04259113565086516,0.08726701856830643,-0.31943403118461217,0.11696852690312062,-0.0023554374178606312,0.022708244985516202,-0.04061983302327142,0.06981633022981881,0.36597999999999997,0.09721617458015923,0.104,0.576,0.22923999999999997,0.14809573727828898,0.0055,0.5415,0.32667750000000007,0.17791725708528108,0.054,0.65275,0.14996500000000001,0.10767502623635622,0.00275,0.33825
imports,imports_benign_mass_injection,2024-11-10_2024-11-16,baseline,baseline,0.0,5,0,1282,0.8971022327500002,0.002775920844872805,0.8940913437500001,0.9013330549999999,0.0,0.0,0.0,0.0,0.0,0.0,0.0,0.0,0.0,0.0,0.0,0.0,0.0,0.0,0.0,0.0,0.0,0.0,0.0,0.0,0.0,0.0,0.0,0.0,0.0,0.0,0.0,0.0,0.0,0.0,0.0,0.0,0.0,0.0,0.0,0.0,0.0,0.0,0.0,0.0
imports,imports_benign_mass_injection,2024-11-10_2024-11-16,important,ratio,0.01,5,13,1282,0.9246248937499999,0.047976565460607,0.8312181049999999,0.9658529062500001,0.027522660999999938,0.04636335466569088,-0.06287323875000017,0.06871172000000003,0.15267999999999998,0.024906095639421283,0.1181,0.19415,0.02486,0.044583353395634115,0.0015,0.114,0.10754716272124003,0.026461008105211986,0.07455940707640864,0.1539766338506066,0.0612589456449321,0.08194768254216266,-0.08821777200635024,0.15295319582518696,0.032309717381700506,0.03560681703073696,-0.019303490844663936,0.08339848539559908,0.41289999999999993,0.06998528416745908,0.3065,0.5155,0.07170000000000001,0.10265700170957655,0.015,0.2765,0.57735,0.18220686046359508,0.221,0.7345,0.0491,0.07778473500629798,0.0075,0.2045
imports,imports_benign_mass_injection,2024-11-10_2024-11-16,important,ratio,0.05,5,65,1282,0.890129864,0.03325305066016268,0.837750105,0.92463045,-0.006972368750000024,0.030731369553349666,-0.056402182500000064,0.023297395000000054,0.15395,0.024908773554713614,0.1079,0.17685,0.07206,0.04199198018669755,0.03165,0.1402,0.12817556584771606,0.02130791024984048,0.10737170917818725,0.16890872538877696,-0.03416132182187818,0.06531772647264326,-0.13292902591550995,0.03968076566023283,-0.026523838951933932,0.03198671084833568,-0.07517551230910646,0.014746400775652129,0.3708,0.03573457709278227,0.3225,0.4175,0.22069999999999998,0.09370464236098443,0.1005,0.347,0.48130000000000006,0.2011717798300746,0.2345,0.67425,0.13765,0.0659728353187886,0.05225,0.21475
imports,imports_benign_mass_injection,2024-11-10_2024-11-16,important,ratio,0.1,5,129,1282,0.8224101115,0.0667335402670442,0.73782634,0.9196974824999999,-0.07469212125000009,0.06558046692471765,-0.15632594750000006,0.02090419124999987,0.20438,0.04513212381441847,0.13475,0.2723,0.16552,0.08325270325941374,0.03455,0.2691,0.1681623184012444,0.03402497542353459,0.12989024528080667,0.22454442276139888,-0.11681122769091767,0.08692100821345483,-0.21718310663695947,0.03401917118594954,-0.035357644131776764,0.022997584365791014,-0.05806820263854401,0.008814123368929717,0.392,0.04418483902878905,0.334,0.448,0.2952,0.09484861622606837,0.114,0.3705,0.3161,0.140188230604427,0.2365,0.596,0.1834,0.05989607666617239,0.079,0.2345
imports,imports_benign_mass_injection,2024-11-10_2024-11-16,random,ratio,0.01,100,13,1282,0.8948040563624998,0.02594344767722018,0.838041745,0.9403882562499999,-0.0022981763875000484,0.02574663956155404,-0.05604959875000015,0.04629691249999979,0.021363,0.031484689628452744,0.0001,0.12625,0.008097,0.013920283438206277,0.0,0.05975,0.02063951262012981,0.018713980546740453,0.00015397289351098105,0.08000489028008542,-0.0023603295101432683,0.02634539926455855,-0.07814639693983513,0.07633714875292215,-0.00048414029448526027,0.0037725915838267526,-0.010743136366777232,0.02660763165573431,0.126135,0.11107915769846295,0.0,0.402,0.064595,0.0977313587084514,0.0,0.397,0.09937999999999998,0.14761164622075046,0.0,0.599,0.0350525,0.055751247687832066,0.0,0.2335
imports,imports_benign_mass_injection,2024-11-10_2024-11-16,random,ratio,0.05,100,65,1282,0.8804744971250001,0.04650987853136605,0.72875124875,0.9507230675,-0.016627735625000042,0.046731432766411646,-0.1700420425000001,0.05657077999999993,0.07050150000000001,0.051745130425480616,0.00975,0.2208,0.036784000000000004,0.04457115484256606,0.00045,0.22035,0.06146716512443047,0.0379705087123767,0.011416569466212046,0.24005528755266464,-0.02039202272579823,0.06391679117417763,-0.23959913031976157,0.12185742560602539,0.000828902881235708,0.014022274407457172,-0.0281395327988767,0.06889368013477191,0.30316,0.10919349522750887,0.0615,0.545,0.18313500000000002,0.146502779069204,0.004,0.5365,0.2576825,0.19787627717528444,0.03225,0.7005,0.10403500000000002,0.08601005043016774,0.00225,0.31675
imports,imports_benign_mass_injection,2024-11-10_2024-11-16,random,ratio,0.1,100,129,1282,0.881583339375,0.05679165473678795,0.6768900725,0.9596538900000001,-0.015518893375000054,0.0563530922933847,-0.2172012712500001,0.06251270375000006,0.100098,0.05360474042470497,0.01755,0.2945,0.0501495,0.05621562705111454,0.00025,0.29425,0.08264547711029431,0.0415312708755388,0.023606963256621087,0.29015867235512643,-0.019670555773743634,0.08107091150475945,-0.28962507271700233,0.12929996919429215,0.003390344215186981,0.02064140520099762,-0.03188693502034281,0.07055182188667307,0.35046999999999995,0.08155166521904994,0.1625,0.558,0.18584,0.13778510224258644,0.0025,0.444,0.3310874999999999,0.21423176811283148,0.0855,0.71925,0.11031999999999999,0.08467422187419263,0.00125,0.27575
imports,imports_benign_mass_injection,2024-11-17_2024-11-23,baseline,baseline,0.0,5,0,1282,0.89658756175,0.0023023174733722224,0.8941945450000001,0.9005398737499999,0.0,0.0,0.0,0.0,0.0,0.0,0.0,0.0,0.0,0.0,0.0,0.0,0.0,0.0,0.0,0.0,0.0,0.0,0.0,0.0,0.0,0.0,0.0,0.0,0.0,0.0,0.0,0.0,0.0,0.0,0.0,0.0,0.0,0.0,0.0,0.0,0.0,0.0,0.0,0.0
imports,imports_benign_mass_injection,2024-11-17_2024-11-23,important,ratio,0.01,5,13,1282,0.9231088267499998,0.04687140743290234,0.83202817625,0.9643308325,0.02652126499999994,0.0456555177244235,-0.06245757375000005,0.06692829624999996,0.15442000000000003,0.022645321812683524,0.122,0.192,0.0261,0.04533575851356189,0.001,0.1167,0.10977882445134572,0.02817880642073946,0.074189843008935,0.15928904012691472,0.06389281524923253,0.08308453184313797,-0.08804713325336327,0.15797876549100398,0.03547756434301462,0.03541374995212699,-0.016492645658293618,0.08751555360738525,0.39540000000000003,0.059591442338644565,0.3325,0.508,0.0915,0.12825950257193422,0.007,0.3465,0.57375,0.17643724096686617,0.2315,0.729,0.05345,0.07945618289346651,0.0035,0.21175
imports,imports_benign_mass_injection,2024-11-17_2024-11-23,important,ratio,0.05,5,65,1282,0.886777421,0.0330457092269295,0.835099,0.9211706225,-0.009810140749999996,0.031181813914156024,-0.05909554500000003,0.02063074875000015,0.15987,0.024400627041123345,0.11185,0.1787,0.07907,0.045341003517787304,0.03605,0.15615,0.12826461397960204,0.02188738318287031,0.11115864302345838,0.17118311868835304,-0.03496004957362962,0.06604122077079928,-0.13413395056027766,0.03740051101022958,-0.02142227586564893,0.03157115101007934,-0.0668395346171585,0.01773570846076391,0.3988,0.07958932089168745,0.311,0.5335,0.25549999999999995,0.1371765286045685,0.1295,0.477,0.48085000000000006,0.1862552415369833,0.23975,0.66875,0.14479999999999998,0.06899663035250343,0.06975,0.24275
imports,imports_benign_mass_injection,2024-11-17_2024-11-23,important,ratio,0.1,5,129,1282,0.8166471375000001,0.06614927112075926,0.7313602225,0.91507435,-0.07994042425000006,0.06564404676550159,-0.16283432250000007,0.018759246249999917,0.21208,0.05189613280389974,0.13715,0.2935,0.17603,0.08710518698676904,0.0405,0.28985,0.1748919687486119,0.03694306714168865,0.1303228426724082,0.23516996397922257,-0.1254405077046902,0.08913278992672449,-0.22807470376162028,0.031258915471514916,-0.033625297875373786,0.023574138064341166,-0.06089111354423803,0.01020108340385768,0.4295,0.07941662294507366,0.289,0.513,0.3451,0.13857755951091072,0.0925,0.494,0.31775000000000003,0.1306920043460961,0.235,0.57825,0.19455000000000003,0.06224074228349145,0.08075,0.251
imports,imports_benign_mass_injection,2024-11-17_2024-11-23,random,ratio,0.01,100,13,1282,0.8915004120124997,0.02396655410580554,0.8464792087499999,0.9371532,-0.0050871497375000255,0.024064420709194134,-0.05406066499999995,0.0408380962499999,0.0199135,0.029424765806204817,5e-05,0.1392,0.009031,0.013139272772874456,0.0,0.05815,0.019818127735389726,0.01813899216087591,0.00011917848804087933,0.07308786335986647,-0.004158357853162923,0.02539661773596008,-0.0711282845219498,0.06911781870362126,-0.00029067563543955536,0.0037558888099030606,-0.007816878815015279,0.022958237413958364,0.13299,0.1135586628135432,0.0005,0.4315,0.08281000000000001,0.11157028681508352,0.0,0.4295,0.09415,0.1364477372476363,0.00025,0.65675,0.042600000000000006,0.058573970328124426,0.0,0.21625
imports,imports_benign_mass_injection,2024-11-17_2024-11-23,random,ratio,0.05,100,65,1282,0.8909805370500001,0.039676437733109124,0.8134785725,0.9540627724999999,-0.005607024700000018,0.0394430674265879,-0.08100717750000008,0.057481844999999976,0.0766245,0.0505315705747407,0.0074,0.17125,0.030351999999999997,0.03832442753649427,0.00045,0.15555,0.059107252365567665,0.02937486156812083,0.012045406051495382,0.13257031020805954,-0.0036519982919157863,0.0589494706392536,-0.12773581304764833,0.1301434118639036,0.0037007924767149688,0.0166228650021556,-0.01872576526103826,0.0701092465324748,0.31459,0.09847241695012873,0.068,0.5635,0.17136500000000002,0.1559195763045808,0.0045,0.557,0.29638000000000003,0.20840482084155348,0.03575,0.684,0.09144999999999998,0.08609566626724019,0.00225,0.33425
imports,imports_benign_mass_injection,2024-11-17_2024-11-23,random,ratio,0.1,100,129,1282,0.8827249096625,0.05305874966528968,0.7373150900000001,0.9681153199999999,-0.013862652087500033,0.05276367831615225,-0.15900001375000006,0.07180021624999977,0.0967965,0.057781619159988924,0.016,0.2481,0.044718999999999995,0.0536934925200438,0.0002,0.24775,0.08004618707595831,0.0419059301379342,0.024752862623543752,0.2237319297195121,-0.013572611584082198,0.07936619052866313,-0.22284776648768753,0.16702563063929923,0.0062593761170653215,0.022082974544409082,-0.031486849660546844,0.09471940660945362,0.3593450000000001,0.09558864197696293,0.154,0.592,0.20627999999999996,0.16165152829466228,0.002,0.5885,0.33503000000000005,0.21786163980838846,0.077,0.7385,0.11233499999999999,0.09097729950377731,0.001,0.357
imports,imports_benign_mass_injection,2024-11-24_2024-11-30,baseline,baseline,0.0,5,0,1282,0.9044279742500001,0.004010331248137232,0.9006980824999999,0.9106658487499999,0.0,0.0,0.0,0.0,0.0,0.0,0.0,0.0,0.0,0.0,0.0,0.0,0.0,0.0,0.0,0.0,0.0,0.0,0.0,0.0,0.0,0.0,0.0,0.0,0.0,0.0,0.0,0.0,0.0,0.0,0.0,0.0,0.0,0.0,0.0,0.0,0.0,0.0,0.0,0.0
imports,imports_benign_mass_injection,2024-11-24_2024-11-30,important,ratio,0.01,5,13,1282,0.9294556875,0.046698017172497774,0.83851766625,0.96864933625,0.025027713250000038,0.04550653955879537,-0.06330942125000005,0.06740149375000015,0.15766,0.022652271409286974,0.12985,0.1892,0.028650000000000002,0.048840720715403046,0.001,0.1262,0.11167449942948131,0.029099246774785672,0.07196818280603046,0.16096081931067935,0.06185805268878466,0.08655184323700103,-0.09564959547238072,0.15965243115279523,0.03596714161854211,0.03778446816412539,-0.01740679808659501,0.09143035689283706,0.4204,0.07977493340642784,0.2775,0.5215,0.1085,0.1440697747620923,0.007,0.3925,0.56125,0.1493019591298118,0.2665,0.67175,0.06595,0.09397704506952746,0.0035,0.25225
imports,imports_benign_mass_injection,2024-11-24_2024-11-30,important,ratio,0.05,5,65,1282,0.8920800139999999,0.03355495831412696,0.8385011099999999,0.9312660100000001,-0.012347960250000001,0.030379140229700324,-0.0621969725,0.020600161250000193,0.16319999999999998,0.019892536288769216,0.124,0.17815,0.08141000000000001,0.04967656791687606,0.03065,0.16105,0.1286919180450639,0.023075977636404947,0.11179092000314265,0.1737171042693425,-0.03816658279362793,0.06827340403784062,-0.14074379359186154,0.03987963243002286,-0.02341022516858024,0.03358603779166979,-0.07162547888092413,0.016231892848264932,0.4305,0.07618398781896363,0.335,0.5635,0.28809999999999997,0.15126645365050376,0.098,0.5105,0.47175,0.15727770026294255,0.28175,0.63575,0.1646,0.08191407083035246,0.05575,0.2615
imports,imports_benign_mass_injection,2024-11-24_2024-11-30,important,ratio,0.1,5,129,1282,0.8223625585000001,0.06338934118199485,0.74111091,0.9189998850000001,-0.08206541574999993,0.062297567380225884,-0.15958717249999999,0.011298875000000042,0.22357999999999997,0.06194985552848369,0.1382,0.31735,0.18957,0.09728033511455436,0.0391,0.3155,0.18029474038291074,0.04136980749235814,0.12664305046736216,0.2454224818671266,-0.13474251577536017,0.09125976924936342,-0.2401662454774947,0.025226050544582494,-0.0376168574190196,0.025022971392812156,-0.06594193667508629,0.00925618008326727,0.4619,0.07037428507629756,0.3345,0.5445,0.38360000000000005,0.13839414727509253,0.131,0.535,0.33294999999999997,0.09428061836878243,0.25825,0.5175,0.22904999999999998,0.06999042791696591,0.10075,0.288
imports,imports_benign_mass_injection,2024-11-24_2024-11-30,random,ratio,0.01,100,13,1282,0.9023680077999999,0.022036234889125435,0.8528225375,0.94779752,-0.002059966449999976,0.022269612929621874,-0.05784331124999986,0.04709943750000001,0.014841,0.024232836585922003,0.0,0.1513,0.007364000000000001,0.012788358143248881,0.0,0.0691,0.017411089961815215,0.018013569979583796,0.00013615975068188849,0.08079337893581046,-0.002403791444928818,0.024066470582374263,-0.07944936950753236,0.08029278677461725,-0.0002723192273918108,0.004579322834154584,-0.010830087377043156,0.030583973203599613,0.109755,0.1123636839686204,0.0,0.454,0.0669,0.10513129886004452,0.0,0.448,0.07056,0.10950573112855783,0.0,0.66325,0.03526,0.058302496944813605,0.0,0.265
imports,imports_benign_mass_injection,2024-11-24_2024-11-30,random,ratio,0.05,100,65,1282,0.8936500265624998,0.044098201737125996,0.7797751275,0.9597680149999999,-0.010777947687499971,0.042970993045404846,-0.12205196000000007,0.05691882124999992,0.0721415,0.05317624284161114,0.01075,0.19195,0.0380765,0.04636362445657156,0.0002,0.1911,0.06255182826511313,0.0383910686168956,0.013204899105672576,0.18155276321897626,-0.015013196701990727,0.06711351267656267,-0.18078944476913245,0.13247184355277986,0.0026523088524370558,0.0177147075551853,-0.018064299627654434,0.07472612351146295,0.3208950000000001,0.11346048420044753,0.1055,0.5555,0.198055,0.17381410896414595,0.002,0.547,0.254855,0.17282269881297418,0.053,0.65525,0.11388250000000001,0.10451788396609453,0.001,0.39175
imports,imports_benign_mass_injection,2024-11-24_2024-11-30,random,ratio,0.1,100,129,1282,0.8774994041874998,0.06852501011564555,0.6804091750000001,0.9661241074999998,-0.026928570062499966,0.0688756294287383,-0.22729183499999994,0.0642970199999997,0.11864900000000002,0.07085496665019327,0.01475,0.33115,0.068215,0.08465315159520052,0.001,0.3306,0.0975824881166722,0.060557608766574705,0.017451444754163003,0.2938610567417013,-0.03192279940517277,0.10405940094720742,-0.29293008228827294,0.15240582406619432,0.006939531104073274,0.02310472701612349,-0.027825984567799243,0.08776380098406845,0.36773000000000006,0.10383904419822054,0.117,0.566,0.22766000000000003,0.19052029918095342,0.008,0.5525,0.34133999999999987,0.18213986219386463,0.06325,0.6705,0.13904499999999997,0.12406249624685134,0.0045,0.402
imports,imports_benign_mass_injection,2024-12-01_2024-12-07,baseline,baseline,0.0,5,0,1282,0.9143798570000001,0.0022682482620486008,0.91198605875,0.91789589625,0.0,0.0,0.0,0.0,0.0,0.0,0.0,0.0,0.0,0.0,0.0,0.0,0.0,0.0,0.0,0.0,0.0,0.0,0.0,0.0,0.0,0.0,0.0,0.0,0.0,0.0,0.0,0.0,0.0,0.0,0.0,0.0,0.0,0.0,0.0,0.0,0.0,0.0,0.0,0.0
imports,imports_benign_mass_injection,2024-12-01_2024-12-07,important,ratio,0.01,5,13,1282,0.9336564300000001,0.034851461549067465,0.8664232374999999,0.96541419625,0.01927657299999992,0.0337878146141359,-0.04556282125000011,0.05255853874999983,0.13355,0.018620767975569642,0.1126,0.15595,0.02661,0.04189927684340149,0.00075,0.10965,0.09555851223745518,0.023912522749310758,0.06201852844010784,0.13479892500227802,0.04868907661038388,0.07369798783641342,-0.08553388214549831,0.1335058353143792,0.026797459005598656,0.032544210706798166,-0.020540056989743885,0.07594438303606989,0.4447,0.09632112956148303,0.294,0.5885,0.09840000000000002,0.10320581378972796,0.0045,0.271,0.5349999999999999,0.14608901396066715,0.25625,0.67975,0.0709,0.09043555716641548,0.00225,0.24275
imports,imports_benign_mass_injection,2024-12-01_2024-12-07,important,ratio,0.05,5,65,1282,0.8962355064999998,0.028016256901519355,0.8505004475,0.92673046,-0.018144350500000093,0.02642091604742037,-0.06246360500000003,0.010532839999999988,0.13917000000000002,0.02278250644683328,0.0943,0.15685,0.07359,0.039171716837534704,0.02945,0.1419,0.11772317482693007,0.020555999774539375,0.102076893771219,0.15821661166433199,-0.044251224190412865,0.05703343409453891,-0.13184717288373754,0.01798037432321848,-0.024791468460253673,0.026005439377352318,-0.060881751322845824,0.006939173052417175,0.40659999999999996,0.0483212168720946,0.3175,0.462,0.2585,0.08352484660267268,0.103,0.354,0.48525,0.15942396306703707,0.2655,0.616,0.19305,0.06797433339136176,0.089,0.287
imports,imports_benign_mass_injection,2024-12-01_2024-12-07,important,ratio,0.1,5,129,1282,0.845487741,0.04900663831156142,0.78182385,0.9235163175,-0.06889211600000007,0.047650143698479204,-0.13114020250000002,0.005620421249999952,0.20042999999999997,0.054620752466438986,0.12655,0.2867,0.17255,0.08312038257852282,0.0474,0.2857,0.16774261403798016,0.03836580068242575,0.1153350896641743,0.22578030097927726,-0.12997011554809235,0.0808576103678788,-0.22186771375463837,0.012555511363800618,-0.0416389653498621,0.02228517566750881,-0.06176645889393609,0.000984626457526031,0.4053,0.043715672246918476,0.3405,0.4745,0.3347,0.057937552588972895,0.23,0.389,0.36560000000000004,0.12212295034103952,0.29625,0.6095,0.25365000000000004,0.05611274365061827,0.14375,0.3015
imports,imports_benign_mass_injection,2024-12-01_2024-12-07,random,ratio,0.01,100,13,1282,0.9085125149874999,0.017377258591236976,0.8247784174999999,0.941126455,-0.005867342012500059,0.01726905672160245,-0.0931174787500001,0.028270797499999833,0.0170545,0.0275940238955829,0.0001,0.1445,0.010525,0.02206290835316142,0.0,0.14425,0.018527425355992718,0.021765337548559683,0.00023768541314983312,0.1323920041469988,-0.008195357492880235,0.026350952891334534,-0.13184208392645877,0.05658576803564578,-0.001533167545699232,0.005100148373070592,-0.01974449273388285,0.01944145617418852,0.11167500000000002,0.1166308573020022,0.0,0.4665,0.075735,0.1087389409319403,0.0,0.4645,0.07330999999999999,0.1065386087294179,0.00025,0.525,0.041354999999999996,0.06478480898327942,0.0,0.31375
imports,imports_benign_mass_injection,2024-12-01_2024-12-07,random,ratio,0.05,100,65,1282,0.9010247205375,0.03304727448571108,0.7949095224999999,0.96438805875,-0.013355136462500068,0.032874259490586845,-0.1180545300000001,0.05142400624999999,0.0678335,0.04499815221484099,0.00305,0.204,0.037141,0.04227023798135043,5e-05,0.203,0.058412673418426986,0.03120435816757997,0.0038288696611567985,0.18284921590732325,-0.01839527728067025,0.059371672088161014,-0.18192474773134923,0.12698344124323557,0.0006560066691866518,0.017143477664986462,-0.022043067990917348,0.07435507972346035,0.303215,0.1247091266708255,0.0245,0.5415,0.184755,0.15467849713195428,0.0005,0.497,0.26531999999999994,0.1728801466334408,0.0125,0.619,0.12133000000000001,0.10751409140201112,0.00025,0.334
imports,imports_benign_mass_injection,2024-12-01_2024-12-07,random,ratio,0.1,100,129,1282,0.8914774654500001,0.05183524049894313,0.7337703625,0.9618706825000001,-0.022902391550000054,0.05165105012150186,-0.17919368999999996,0.04567306250000003,0.10225299999999998,0.06230109702886459,0.01145,0.2811,0.06062699999999999,0.07462604251198103,0.00025,0.28065,0.08408650889493345,0.05280663880096628,0.017717548246169758,0.2623891971452623,-0.03230797362640919,0.08621240281443682,-0.2616226252507413,0.11841608271618875,0.001964536932446672,0.019261014323249205,-0.030723243591674634,0.06840727140092774,0.36133499999999996,0.1042619790479732,0.104,0.559,0.20086500000000002,0.15414502676051536,0.002,0.5165,0.33264250000000006,0.16779098327606878,0.05425,0.65225,0.139565,0.11499352492640617,0.001,0.33375
imports,imports_benign_mass_injection,2024-12-08_2024-12-14,baseline,baseline,0.0,5,0,1282,0.91314701275,0.004403054949294791,0.90761498375,0.91982507875,0.0,0.0,0.0,0.0,0.0,0.0,0.0,0.0,0.0,0.0,0.0,0.0,0.0,0.0,0.0,0.0,0.0,0.0,0.0,0.0,0.0,0.0,0.0,0.0,0.0,0.0,0.0,0.0,0.0,0.0,0.0,0.0,0.0,0.0,0.0,0.0,0.0,0.0,0.0,0.0
imports,imports_benign_mass_injection,2024-12-08_2024-12-14,important,ratio,0.01,5,13,1282,0.9330794570000001,0.040757779677686165,0.85403258,0.967924555,0.019932444250000004,0.03801602891501072,-0.05358240375000001,0.056062591249999905,0.13741,0.01878204994136689,0.11725,0.16745,0.02496,0.044635976521187476,0.0011,0.1142,0.0988809818689769,0.02471368270749176,0.06441531344073062,0.1403970003659003,0.05441957722307807,0.07784266013735763,-0.08881295470139303,0.13916660532400674,0.03321057875911263,0.03288463364476072,-0.015652343933714067,0.07876804124474075,0.43709999999999993,0.08526394314128335,0.3015,0.521,0.08519999999999998,0.13120312496278433,0.0075,0.347,0.5250499999999999,0.11672504015848527,0.2985,0.61575,0.06575,0.10935732714363497,0.00425,0.28425
imports,imports_benign_mass_injection,2024-12-08_2024-12-14,important,ratio,0.05,5,65,1282,0.895701263,0.031767099358095505,0.8468878225,0.9312890949999999,-0.017445749750000017,0.028151750168937374,-0.06316060999999995,0.011464016249999931,0.14256,0.01551835687178253,0.1132,0.1575,0.07521,0.04505573659369027,0.03055,0.14835,0.11377168177052081,0.023586916876388603,0.09418651266982818,0.1593601160430639,-0.03797227621548463,0.061670649853106406,-0.1321941610088882,0.031495937272689574,-0.016707524162665858,0.02835259904967597,-0.05820815357590861,0.017529842705073476,0.42469999999999997,0.08360000000000001,0.323,0.548,0.24910000000000002,0.15022995706582626,0.091,0.485,0.4697,0.11864984197208188,0.31625,0.6245,0.18645,0.09846870061090478,0.065,0.3135
imports,imports_benign_mass_injection,2024-12-08_2024-12-14,important,ratio,0.1,5,129,1282,0.8415212569999999,0.05194493509647658,0.7747617175,0.9208810574999999,-0.07162575575,0.05045484485039391,-0.135286715,0.00449645249999997,0.19663,0.05543374062788836,0.12655,0.2828,0.16697,0.08641353829117288,0.03445,0.2811,0.15969910529175158,0.037373964446811174,0.11179713877791685,0.22029638123730416,-0.11948484221668683,0.08003257843728198,-0.21393330105264136,0.021042090197184067,-0.027825657137423587,0.023322185821072774,-0.05627433985239688,0.014693945703867659,0.4284,0.06902274987277746,0.3045,0.517,0.3351,0.1501084274782732,0.0655,0.513,0.36635000000000006,0.057170053349634015,0.3315,0.4805,0.26195,0.0921379943345849,0.0835,0.329
imports,imports_benign_mass_injection,2024-12-08_2024-12-14,random,ratio,0.01,100,13,1282,0.9140113067625002,0.016639428493439183,0.86863421,0.95755168375,0.0008642940124999898,0.016059679266153877,-0.038980773750000086,0.04750325124999999,0.0221785,0.0340257139932434,5e-05,0.14435,0.006867000000000001,0.013003755649811327,0.0,0.0806,0.018651099389224973,0.019592581058319118,0.00017625759958733508,0.10744209831498173,0.002760923811281432,0.02518642524560328,-0.06392554740376535,0.1066087994403975,0.0010868386998173708,0.009029125791778206,-0.023086981797009992,0.05762928337061823,0.12750000000000003,0.12565178072753286,0.0005,0.516,0.059695,0.09783710684091185,0.0,0.422,0.10186250000000001,0.14947551377650453,0.00025,0.6225,0.03146,0.05400381606886683,0.0,0.288
imports,imports_benign_mass_injection,2024-12-08_2024-12-14,random,ratio,0.05,100,65,1282,0.8976168074000002,0.03289651374098663,0.819228185,0.9640580825000001,-0.015530205350000003,0.032663996475325155,-0.09082024749999995,0.05400965000000013,0.06380099999999998,0.044910305042384205,0.00715,0.1689,0.039066000000000004,0.04221851304818776,0.0002,0.16855,0.05327095508406288,0.03264953815606556,0.011479063167058729,0.13930218032472183,-0.02122150535692395,0.05330612501240831,-0.1384708263614521,0.13003017688537957,0.0005057149405489528,0.012988148280919449,-0.016985388649276914,0.07421777295339005,0.30344,0.11547063003205621,0.07,0.5475,0.20377499999999998,0.15277682047679877,0.002,0.5445,0.23957750000000005,0.15357776814614152,0.03525,0.599,0.1311225,0.10879163855163684,0.001,0.395
imports,imports_benign_mass_injection,2024-12-08_2024-12-14,random,ratio,0.1,100,129,1282,0.9009485525750002,0.04198547356930636,0.7573956249999999,0.9668908700000001,-0.012198460175000012,0.04105558846853247,-0.1526528075000001,0.050506265000000106,0.097681,0.045769196945107095,0.016,0.2497,0.04757650000000001,0.051049998263956876,0.00045,0.24825,0.0748759371933283,0.0340244287693141,0.02191550192845559,0.21039634946090965,-0.012719054553828057,0.07101907114595879,-0.20862936371387922,0.13325344382880439,0.005873172290965559,0.020977208396893474,-0.030853050477570355,0.07632684864801176,0.37526499999999996,0.09392165498435386,0.136,0.5465,0.20927500000000002,0.16050695273102655,0.0035,0.5375,0.3559275,0.1651278455280938,0.07075,0.629,0.1408275,0.11533024698122345,0.002,0.35075
