feature_group,test_week,perturbation_type,strength,n_trials,n_masked_features,auc_original,mix_at_k_original,silhouette_original,js_divergence_original,auc_mean,auc_std,auc_min,auc_max,mix_at_k_mean,mix_at_k_std,mix_at_k_min,mix_at_k_max,silhouette_mean,silhouette_std,silhouette_min,silhouette_max,js_divergence_mean,js_divergence_std,js_divergence_min,js_divergence_max,delta_auc_mean,delta_auc_std,delta_auc_min,delta_auc_max,delta_mix_at_k_mean,delta_mix_at_k_std,delta_mix_at_k_min,delta_mix_at_k_max,delta_silhouette_mean,delta_silhouette_std,delta_silhouette_min,delta_silhouette_max,delta_js_divergence_mean,delta_js_divergence_std,delta_js_divergence_min,delta_js_divergence_max
header,2024-09-22_2024-09-28,baseline,0.0,5,0,0.98787327125,0.05746,0.18262907431727293,0.09664806911101427,0.9876596445000001,0.00016873562837806233,0.9874763549999999,0.98787327125,0.057274000000000005,0.0005171402130950558,0.05627,0.05772,0.17734000835989855,0.0029199316588839,0.17415024750028624,0.18262907431727293,0.09468253612009263,0.00141280240334345,0.09271362629699581,0.09664806911101427,0.0,0.0,0.0,0.0,0.0,0.0,0.0,0.0,0.0,0.0,0.0,0.0,0.0,0.0,0.0,0.0
header,2024-09-22_2024-09-28,important,0.01,5,1,0.98787327125,0.05746,0.18262907431727293,0.09664806911101427,0.9820053847500002,0.0010553844120598467,0.9802717462500001,0.9831031875,0.05739700000000001,0.0005083365027223598,0.056445,0.057965,0.16971419679487562,0.002654648259472734,0.16683710166684249,0.1745362085646517,0.09468253601649632,0.001412802403631299,0.09271362619395455,0.0966480690076236,-0.005654259749999913,0.0011106799656511982,-0.007601524999999887,-0.004500746249999965,0.00012300000000000088,9.373366524360481e-05,-3.500000000000031e-05,0.00024500000000000216,-0.00762581156502295,0.00027360832738985806,-0.00809286575262122,-0.007313145833443752,-1.0359632596212975e-10,1.1460491813249383e-12,-1.0571056530128686e-10,-1.0227507729609897e-10
header,2024-09-22_2024-09-28,important,0.05,5,4,0.98787327125,0.05746,0.18262907431727293,0.09664806911101427,0.956691653,0.004463699532422149,0.9502406237499998,0.963726565,0.06413100000000001,0.0005363524960322289,0.06348,0.064725,0.16572659591184669,0.005218641642845249,0.15633430460727304,0.1717028164776793,0.26662097628643766,0.12725765750543822,0.013031963510898484,0.3388858364828272,-0.03096799149999998,0.004595252541836273,-0.037604481250000155,-0.02377299249999998,0.006857000000000002,0.0005116307262078803,0.005904999999999994,0.00732,-0.01161341244805188,0.004507701048009933,-0.020454634462760884,-0.008501871051393078,0.17193844016634507,0.12691730475246446,-0.08111527011369712,0.2448848789009171
header,2024-09-22_2024-09-28,important,0.1,5,8,0.98787327125,0.05746,0.18262907431727293,0.09664806911101427,0.8803763877499999,0.045592552706430645,0.7998008575000001,0.92559230375,0.073325,0.004042282770910519,0.07076,0.081365,0.162690006675881,0.004885011509463522,0.15666860308023034,0.17049539159609822,0.26297390637847645,0.06801734479647226,0.12922721618050936,0.3151188504497544,-0.10728325674999997,0.045676879705420836,-0.18807241374999994,-0.06188405124999985,0.016051000000000003,0.00391826926078339,0.013415000000000003,0.023790000000000006,-0.014650001684017594,0.0056106829151180496,-0.018676833157173944,-0.0036548559041880146,0.16829137025838378,0.06716742729346599,0.03651358988351355,0.22111789286784428
header,2024-09-22_2024-09-28,random,0.01,100,1,0.98787327125,0.05746,0.18262907431727293,0.09664806911101427,0.9871428475125001,0.0014247656979242838,0.98056941625,0.98787539875,0.057429400000000005,0.0008938429056607202,0.056055,0.0624,0.17760008259986956,0.003309871034074148,0.16881840959087102,0.1853494500467307,0.09374515379325908,0.008072164806510547,0.015178379588760204,0.0966496929033253,-0.0005167969874999767,0.0014008020672724457,-0.0069301412499999104,4.048499999997901e-05,0.0001554000000000004,0.0007041209697204021,-0.0007800000000000029,0.004824999999999996,0.00026007423997102233,0.0015055595318227647,-0.005331837909415216,0.0038170364014427915,-0.0009373823268335384,0.007743703985141282,-0.07753524670823561,9.06319994648519e-05
header,2024-09-22_2024-09-28,random,0.05,100,4,0.98787327125,0.05746,0.18262907431727293,0.09664806911101427,0.9848609618499999,0.003574232181599162,0.9691285675,0.9878526449999999,0.05773295000000001,0.0010158929803379885,0.05611,0.06336,0.17784237004436443,0.004172269438301807,0.1657386564550479,0.1884641259745603,0.09360394893725564,0.02926550252148765,0.014867215240016855,0.3401900122435614,-0.0027986826499999595,0.003575745752647022,-0.018744703750000036,2.003750000001414e-05,0.0004589500000000004,0.0009323800981895744,-0.0007049999999999973,0.006290000000000004,0.0005023616844658321,0.00325909221174454,-0.008411591045238337,0.008119124592207927,-0.0010785871828369843,0.02900217827607117,-0.08084800047432918,0.24354194313254712
header,2024-09-22_2024-09-28,random,0.1,100,8,0.98787327125,0.05746,0.18262907431727293,0.09664806911101427,0.9808142238499998,0.005212529350444496,0.95975240625,0.98781534,0.058902349999999985,0.002051872614832607,0.05601,0.064975,0.17832870954624425,0.0067539052461902125,0.16610438641937028,0.19215793735821987,0.09297886518464438,0.05780478622256157,0.004669444777037995,0.32211467407507544,-0.0068454206499999615,0.005221321603245141,-0.028120864999999995,0.0003389850000001804,0.00162835,0.0019823671525476803,-0.0009450000000000014,0.008309999999999998,0.0009887011863456625,0.005450341621483527,-0.013262454838958132,0.013453986367831822,-0.0017036709354482516,0.05778226796559591,-0.0903300275395731,0.22940104777807963
header,2024-09-29_2024-10-05,baseline,0.0,5,0,0.987961945,0.05639,0.2011402302070201,0.09612877914319104,0.9886017087500001,0.0003726795114882434,0.987961945,0.98899427625,0.055684,0.000843151231986291,0.05407,0.05639,0.201455680866156,0.0016661423969379456,0.1993911886368152,0.20449725594192683,0.09704258385742037,0.0008884280182130116,0.09612877914319104,0.09869504455689923,0.0,0.0,0.0,0.0,0.0,0.0,0.0,0.0,0.0,0.0,0.0,0.0,0.0,0.0,0.0,0.0
header,2024-09-29_2024-10-05,important,0.01,5,1,0.987961945,0.05639,0.2011402302070201,0.09612877914319104,0.98090768875,0.0009939202170185413,0.9792358925000001,0.9819578037500002,0.05602,0.0008809710551431292,0.054315,0.05681,0.19351508019171354,0.0018192420923946362,0.19125325721194628,0.1967228844293262,0.0970425837462989,0.0008884280190227666,0.09612877903146703,0.09869504444714366,-0.007694019999999924,0.0006704520524654212,-0.008726052499999915,-0.006993929999999704,0.0003360000000000002,9.291931984253753e-05,0.0002149999999999999,0.000449999999999999,-0.007940600674442477,0.0003400736605716277,-0.008514011722581455,-0.00762937441585429,-1.1112147868530542e-10,1.0529821190998419e-12,-1.1277133393772232e-10,-1.0975556574699397e-10
header,2024-09-29_2024-10-05,important,0.05,5,4,0.987961945,0.05639,0.2011402302070201,0.09612877914319104,0.9551598270000001,0.003998602997400887,0.9482766275000001,0.960152275,0.06259,0.0003802762154013853,0.062195,0.063225,0.19079923646071562,0.004665187665397405,0.1826028400838767,0.19626806782994935,0.10982081482807675,0.06006922988204794,0.0018773607628732552,0.18754889993479223,-0.03344188174999996,0.004117520080086023,-0.040717648749999946,-0.02843826125000004,0.006906000000000001,0.0006367998115577606,0.006280000000000001,0.008125,-0.010656444405440385,0.005859367932987737,-0.02189441585805013,-0.005012453027938152,0.012778230970656381,0.05989707149191969,-0.09459050754337846,0.09072452157057304
header,2024-09-29_2024-10-05,important,0.1,5,8,0.987961945,0.05639,0.2011402302070201,0.09612877914319104,0.8685189145000001,0.05278702920701498,0.7837496125,0.9232708725000001,0.069351,0.005312553435025381,0.06549,0.07962,0.1907370244521481,0.007175804435649612,0.18157597572596726,0.20340823815966055,0.13950937545257136,0.01549757327392453,0.1293728399294618,0.17010577030371907,-0.12008279424999997,0.0525042588808481,-0.20421233250000004,-0.06523917999999984,0.013666999999999999,0.005360673092065956,0.009100000000000004,0.023959999999999995,-0.01071865641400791,0.006896468038078315,-0.01781521291084795,0.002127717301773052,0.042466791595151,0.014715296411113432,0.032548461565242603,0.07141072574681984
header,2024-09-29_2024-10-05,random,0.01,100,1,0.987961945,0.05639,0.2011402302070201,0.09612877914319104,0.9880926960875,0.0011362707100055296,0.983214985,0.98901132375,0.055769200000000005,0.0008223243642261853,0.05374,0.057405,0.20180431589789866,0.002721732623041296,0.19319360470109503,0.21145223467559057,0.09874959129640062,0.021286160237984308,0.003035632486188802,0.24469169870276425,-0.0005090126624999669,0.001136566422537005,-0.005736748749999854,6.806249999991021e-05,8.52000000000002e-05,0.0002785282032398156,-0.0003999999999999976,0.001575,0.00034863503174268007,0.0021933104724420815,-0.007329306914135497,0.009271780771304222,0.0017070074389802764,0.021225424425435617,-0.09565941207071042,0.14599665414586502
header,2024-09-29_2024-10-05,random,0.05,100,4,0.987961945,0.05639,0.2011402302070201,0.09612877914319104,0.9855670879999999,0.003208757426975139,0.9761348850000001,0.9889441837499999,0.05638725,0.0015628730554654788,0.054105,0.062715,0.20177309896362666,0.0048850732131946245,0.18703362205201737,0.21449882458049233,0.0955346422590593,0.03663091959887397,0.0023979185366336388,0.23522576285182895,-0.0030346207499999766,0.0031952348402261074,-0.012455651249999922,2.337499999893744e-06,0.0007032499999999997,0.001312466070990028,-0.0004299999999999998,0.007055000000000006,0.0003174180974705576,0.005104083957144084,-0.014246898805870128,0.015107635943677117,-0.0015079415983610814,0.03647869708338321,-0.09565941288911556,0.13700877094249136
header,2024-09-29_2024-10-05,random,0.1,100,8,0.987961945,0.05639,0.2011402302070201,0.09612877914319104,0.9817691048500001,0.006680604661275439,0.95505724625,0.9886863812500001,0.05697465,0.001988064040090258,0.05397,0.06358,0.20318567524765885,0.008152221708454605,0.1870038442319773,0.2238826573892299,0.10311253215181544,0.051245837257070395,0.0019307934167257916,0.24037913351373164,-0.0068326038999999604,0.006673476432682475,-0.03290469875000002,-6.890749999988177e-05,0.0012906500000000002,0.001785760853949934,-0.0005249999999999977,0.007919999999999996,0.0017299943815028277,0.007907637442128263,-0.013965364455153145,0.022742427182209812,0.006069948294395072,0.05129880354573242,-0.09591457483610939,0.14355475514951244
header,2024-10-06_2024-10-12,baseline,0.0,5,0,0.98427318625,0.06591,0.14003948722377715,0.09316406047088549,0.9842987757499999,0.0002121637321174725,0.9840325812499999,0.98467869875,0.06600000000000002,0.00046554269406790183,0.0654,0.066815,0.14182635816768152,0.003535419157092649,0.1381108448847653,0.14667858149516041,0.09402369613391223,0.0006197271873689382,0.09316406047088549,0.09493115510974262,0.0,0.0,0.0,0.0,0.0,0.0,0.0,0.0,0.0,0.0,0.0,0.0,0.0,0.0,0.0,0.0
header,2024-10-06_2024-10-12,important,0.01,5,1,0.98427318625,0.06591,0.14003948722377715,0.09316406047088549,0.9747355177499999,0.0006810230061837351,0.9734966362499999,0.9754039987500001,0.066413,0.0004950313121409606,0.06572,0.06725,0.13215912793255694,0.0033791235745671624,0.1285536351271356,0.1365168894766672,0.09402369604493196,0.0006197271872662346,0.09316406038197785,0.09493115502065386,-0.009563257999999996,0.0006717577813327494,-0.010776550000000107,-0.008799097499999853,0.00041299999999999947,7.229107828770954e-05,0.00032000000000000084,0.0005249999999999977,-0.009667230235124613,0.00026384106588081286,-0.010161692018493207,-0.009418589592397164,-8.898025649628494e-11,1.415423464175055e-13,-8.920297833725499e-11,-8.884469548942064e-11
header,2024-10-06_2024-10-12,important,0.05,5,4,0.98427318625,0.06591,0.14003948722377715,0.09316406047088549,0.93955703825,0.006642404412361578,0.93209234375,0.95033036,0.073704,0.0003526811591225155,0.073165,0.074265,0.12739608012909698,0.0073638193825385145,0.11516620741650695,0.135957192222631,0.14612168689967786,0.07118633834328708,0.004119363467453385,0.19124301476303723,-0.04474173749999992,0.006728070797193431,-0.052586354999999974,-0.03397595624999994,0.007703999999999997,0.00029206848511950087,0.007374999999999993,0.008194999999999994,-0.014430278038584553,0.004828332626406633,-0.02368806798538696,-0.009491409610179885,0.05209799076576562,0.07136779117717393,-0.09032719827422654,0.09631185965329461
header,2024-10-06_2024-10-12,important,0.1,5,8,0.98427318625,0.06591,0.14003948722377715,0.09316406047088549,0.852523558,0.04729514666341599,0.7688378362500001,0.9062008525,0.08169900000000001,0.004010936798305354,0.07745,0.08933,0.12466121719555137,0.008743039562506598,0.1154874171788439,0.14025871412750157,0.21022538948850675,0.041683339604179755,0.1312893380939066,0.2516646019827059,-0.13177521774999995,0.04731097175897436,-0.21543534999999991,-0.07783172874999988,0.015699000000000005,0.004258232497175325,0.011540000000000009,0.023930000000000007,-0.01716514097213018,0.006156948042689245,-0.022623427705921392,-0.005189887705309315,0.11620169335459449,0.041987427890070324,0.03635818298416399,0.15721804024102598
header,2024-10-06_2024-10-12,random,0.01,100,1,0.98427318625,0.06591,0.14003948722377715,0.09316406047088549,0.9832330961,0.0022678461066453367,0.9734966362499999,0.98468009625,0.06627205,0.0011128569303823382,0.0653,0.072045,0.14187097335093934,0.004439625077863362,0.12943568580949674,0.15018729737227754,0.09270965322943621,0.021018915655860507,0.0046141693891729625,0.23724616636416035,-0.00106567964999998,0.002230423229131679,-0.010776550000000107,0.00011318999999998525,0.0002720499999999998,0.0010392456627285006,-0.00039000000000000146,0.006199999999999997,4.461518325780595e-05,0.0022847554164465295,-0.00970037568593246,0.006377607382900968,-0.0013140429044760371,0.02107119081118204,-0.0893589311892561,0.1436425635953363
header,2024-10-06_2024-10-12,random,0.05,100,4,0.98427318625,0.06591,0.14003948722377715,0.09316406047088549,0.9804760255875001,0.004018486201862513,0.9679880325,0.98467932875,0.06666785000000001,0.0013508135058178826,0.065245,0.07324,0.14309090392941062,0.005063845539199813,0.12731829792660346,0.15569467562462125,0.09930708430425589,0.03548882981955974,0.00433903565488449,0.23737113753684874,-0.0038227501624999737,0.004010035577517752,-0.01628515375000006,6.299999999459516e-07,0.0006678500000000001,0.0012795716578214759,-0.0004649999999999932,0.0070149999999999935,0.0012645457617291092,0.003888784857189527,-0.011535977475290449,0.012648073297388207,0.005283388170343651,0.035493451880446884,-0.09039070594158885,0.14356556439483364
header,2024-10-06_2024-10-12,random,0.1,100,8,0.98427318625,0.06591,0.14003948722377715,0.09316406047088549,0.9762124404750001,0.007013391268175439,0.95325565375,0.98447037125,0.06752564999999999,0.0021794481704091977,0.06494,0.07644,0.14348573119603633,0.006628417213102079,0.12272158906536657,0.16194432374551443,0.0957681464206702,0.0470953796342952,0.0034039708674143436,0.23736258976208668,-0.008086335274999976,0.006998686583600902,-0.030947442499999922,0.0001640550000000518,0.001525649999999999,0.0020654985663272683,-0.0004600000000000021,0.009624999999999995,0.0016593730283547773,0.005649892096286529,-0.01731789815841059,0.018529807743642324,0.0017444502867579642,0.04715469147433988,-0.09122122776840969,0.14291602802040676
header,2024-10-13_2024-10-19,baseline,0.0,5,0,0.9846064025,0.06062,0.14111316020006426,0.10003834776446219,0.984705953,0.00019766235703624994,0.984452405,0.9850326075,0.06149,0.0006754850109365848,0.06062,0.06255,0.141886129980552,0.0022401781966977317,0.13918230409742374,0.1459115640513219,0.10036399115519541,0.00038073318187359704,0.09982019748926454,0.10080397314125852,0.0,0.0,0.0,0.0,0.0,0.0,0.0,0.0,0.0,0.0,0.0,0.0,0.0,0.0,0.0,0.0
header,2024-10-13_2024-10-19,important,0.01,5,1,0.9846064025,0.06062,0.14111316020006426,0.10003834776446219,0.974417774,0.0005865528354959809,0.97365931375,0.97532652875,0.06188400000000001,0.0006275141432669078,0.06103,0.06285,0.13297568215604513,0.002263966814893458,0.1301597915041539,0.13684722305851815,0.10036399107933998,0.0003807331813401553,0.09982019741422293,0.10080397306458705,-0.010288178999999942,0.0005903078013663631,-0.010975889999999988,-0.00947661749999995,0.0003940000000000027,6.62872536767039e-05,0.0003000000000000086,0.00046500000000000014,-0.00891044782450685,0.00027997392099411814,-0.009245898808914882,-0.008433233230654674,-7.585545802601956e-11,6.424445212753589e-13,-7.667147472467661e-11,-7.504161181337565e-11
header,2024-10-13_2024-10-19,important,0.05,5,4,0.9846064025,0.06062,0.14111316020006426,0.10003834776446219,0.943336643,0.005228053944882828,0.93378827625,0.9490405112500001,0.06894600000000001,0.00044744161630317405,0.068455,0.069765,0.12850061173545027,0.006889153639524371,0.11495520942319722,0.13359051898795254,0.1868366050567535,0.09102660092224435,0.005222759924112004,0.24360580851959535,-0.04136930999999997,0.005402566010040459,-0.05124433124999994,-0.035594692499999914,0.0074560000000000026,0.0005665191964973482,0.006930000000000006,0.008405000000000003,-0.013385518245101721,0.005564085547379182,-0.024227094674226526,-0.008537485226985497,0.0864726139015581,0.09077016024264868,-0.09459743756515254,0.14356746075513316
header,2024-10-13_2024-10-19,important,0.1,5,8,0.9846064025,0.06062,0.14111316020006426,0.10003834776446219,0.8362652410000001,0.061260710193258176,0.746719135,0.898805655,0.077013,0.004186125416181413,0.071585,0.08416,0.12956609727701432,0.0044552505132101254,0.12430689849978155,0.1375921014609589,0.1749225112050486,0.034795388700495006,0.10810403346015326,0.20624296885712232,-0.148440712,0.061209654967073715,-0.2378872675,-0.08564675,0.015522999999999999,0.003931438159249106,0.010964999999999996,0.022649999999999997,-0.012320032703537681,0.004518745620126053,-0.015544302276388117,-0.003375809646828265,0.07455852004985317,0.03492653939863578,0.007388871314389783,0.10543899571586379
header,2024-10-13_2024-10-19,random,0.01,100,1,0.9846064025,0.06062,0.14111316020006426,0.10003834776446219,0.9835302524625001,0.00220278063864265,0.97396896,0.9850354575,0.06179255,0.001147445749262247,0.060365,0.06827,0.14204072473758406,0.003328188894701622,0.13232690670317315,0.1542540950153352,0.10349988807494195,0.02229351940011126,0.09733153608858658,0.26250253767585785,-0.0011757005374999896,0.0022073940587734307,-0.010637442499999983,4.022750000010067e-05,0.0003025500000000011,0.0008677601900870996,-0.00032999999999999696,0.005924999999999993,0.0001545947570320391,0.002259565813689464,-0.008786253496891105,0.008731265975226055,0.0031358969197465346,0.022252527979730728,-0.002488661400677966,0.16169856453459933
header,2024-10-13_2024-10-19,random,0.05,100,4,0.9846064025,0.06062,0.14111316020006426,0.10003834776446219,0.9807169004,0.004237782061859143,0.9679383050000001,0.984948595,0.06241175,0.001675582342799064,0.06061,0.070195,0.14242950810401242,0.005914998956480439,0.12659818789719277,0.16173715291186164,0.10490010098246066,0.039795113375121906,0.005737312288761131,0.25648005806062923,-0.00398905259999998,0.0042505172903910945,-0.016668097499999868,6.928500000003002e-05,0.0009217500000000015,0.0014488444317800311,-0.0002899999999999986,0.007644999999999999,0.0005433781234604046,0.004902312946531889,-0.014514972302871493,0.015825588860539724,0.004536109827265235,0.03978215892707976,-0.09496814905041341,0.15603778282540087
header,2024-10-13_2024-10-19,random,0.1,100,8,0.9846064025,0.06062,0.14111316020006426,0.10003834776446219,0.9753143057125,0.010525962392268391,0.8998063037500001,0.9844941,0.06365295,0.0023517211883001777,0.060235,0.070795,0.1429858259133872,0.007795980416323393,0.12159750427567378,0.17238748019267405,0.10139381724822095,0.05341959731996594,0.0026625931284454778,0.2622136538007734,-0.009391647287499982,0.010515888678768359,-0.08482889999999987,-0.0005385074999999517,0.002162950000000001,0.002257378246439883,-0.0003850000000000034,0.010174999999999997,0.0010996959328351975,0.007391856546646504,-0.018866291802482116,0.02647591614135214,0.0010298260930255208,0.053386703084747175,-0.09806121083204945,0.16140968065951486
header,2024-10-20_2024-10-26,baseline,0.0,5,0,0.98595821,0.05974,0.13151241183461304,0.09332819956340466,0.9861717992499999,0.00018103423787132968,0.98595821,0.9864815687500001,0.059733999999999995,0.0006703983890195441,0.05851,0.060515,0.12806323785285773,0.005151003618361733,0.11832565147361027,0.13285753854020704,0.09121330145881423,0.0014451439776288423,0.089288810037352,0.09332819956340466,0.0,0.0,0.0,0.0,0.0,0.0,0.0,0.0,0.0,0.0,0.0,0.0,0.0,0.0,0.0,0.0
header,2024-10-20_2024-10-26,important,0.01,5,1,0.98595821,0.05974,0.13151241183461304,0.09332819956340466,0.97743602175,0.0007123857903615663,0.9766425624999999,0.9784573112499999,0.05997600000000001,0.0006304236670684246,0.05881,0.060705,0.11928340353011571,0.005058048364585465,0.10980050176140696,0.12425154349361979,0.09121330138459526,0.0014451439778240373,0.08928880996357713,0.09332819949011527,-0.008735777500000031,0.0005634543250498639,-0.009366374999999927,-0.008024257500000243,0.00024200000000000054,6.329296959378784e-05,0.00014999999999999736,0.0003150000000000028,-0.00877983432274199,0.00021917842829897012,-0.00908203728119071,-0.008525149712203306,-7.421897818549184e-11,7.35884548469246e-13,-7.53920814666742e-11,-7.328938844697319e-11
header,2024-10-20_2024-10-26,important,0.05,5,4,0.98595821,0.05974,0.13151241183461304,0.09332819956340466,0.9466923317500001,0.005710602709872876,0.9376031487500001,0.95331854,0.06548999999999999,0.0006044170745437299,0.06484,0.06629,0.11598815333216028,0.0059778144921006394,0.10813272345825944,0.12119648457102256,0.13688226315183355,0.06756116869233907,0.004134973833776284,0.18869540639291105,-0.039479467499999935,0.005780636346342962,-0.04863889999999993,-0.03272818124999988,0.005756000000000002,0.0005310122409135227,0.005034999999999998,0.006560000000000003,-0.012075084520697419,0.005914302567126785,-0.023602724921862633,-0.006670045733499219,0.045668961693019344,0.06729016265522574,-0.0862642221070439,0.09940659635555904
header,2024-10-20_2024-10-26,important,0.1,5,8,0.98595821,0.05974,0.13151241183461304,0.09332819956340466,0.8429168635,0.052067193599699725,0.7621474825000001,0.9009031587499999,0.073612,0.005569408047539703,0.06766,0.084175,0.1167786801432309,0.007628768055997912,0.10355980040586103,0.1268964494088242,0.15893311824014303,0.03125081869688316,0.1144247799838535,0.19863703567998248,-0.14325493575,0.051944770427912214,-0.22381072749999986,-0.08522728874999996,0.013878000000000001,0.005432243183069035,0.007919999999999996,0.024075,-0.011284557709626806,0.005241541404880647,-0.014765851067749233,-0.0009532981653236905,0.06771981678132881,0.030839632919265246,0.025135969946501496,0.10823783973916229
header,2024-10-20_2024-10-26,random,0.01,100,1,0.98595821,0.05974,0.13151241183461304,0.09332819956340466,0.9851891482125,0.0019513022838558338,0.9754131525,0.9864896437500001,0.05990105,0.000803777424104459,0.05843,0.06173,0.12842078760071632,0.005575522538028806,0.11627187331319074,0.14261050446328438,0.09263108501915482,0.018661554203552855,0.004126857783887683,0.20963524485245372,-0.0009826510374999575,0.0019228966320410225,-0.0105450574999999,6.610250000005369e-05,0.0001670500000000009,0.0004263139072326868,-0.0007800000000000029,0.0017150000000000012,0.000357549747858619,0.002167802870139654,-0.006841930897512616,0.009752965923077339,0.0014177835603405792,0.01854755293941028,-0.0862723381569325,0.11727090494995329
header,2024-10-20_2024-10-26,random,0.05,100,4,0.98595821,0.05974,0.13151241183461304,0.09332819956340466,0.9827025099000001,0.004334407808847856,0.9610724575,0.9864493287500001,0.06022349999999999,0.0011274935698264536,0.05795,0.065245,0.12992163646315952,0.006585209340450993,0.10943440812801254,0.14516036159755627,0.0965152813943514,0.032167221324640914,0.0033998853466001423,0.209489551726051,-0.0034692893499999765,0.004314905003451993,-0.024885752499999914,-1.0759999999887526e-05,0.0004894999999999999,0.0008803889765325321,-0.0007800000000000029,0.004964999999999997,0.00185839861030181,0.003966472263720184,-0.010205843875936496,0.012302823057349227,0.00530197993553718,0.0319867975169634,-0.08699931059422004,0.11712521182355057
header,2024-10-20_2024-10-26,random,0.1,100,8,0.98595821,0.05974,0.13151241183461304,0.09332819956340466,0.9768830247125,0.00809241082522707,0.9493650387499999,0.9862042612499999,0.06112915,0.0017714074989962083,0.058505,0.06639,0.12892279617403923,0.008538349418372951,0.1025574234039278,0.15067438253242563,0.09690485064730986,0.04532808625586771,0.0029066765186579616,0.20774551900011323,-0.00928877453749999,0.008079649405510567,-0.036765408750000006,-5.8467499999936834e-05,0.0013951500000000006,0.0017266023651958784,-0.0003449999999999981,0.006855000000000007,0.0008595583211815307,0.007191556469518242,-0.019101161730275124,0.022824634958277745,0.005691549188495622,0.04543125062128692,-0.09018714484632212,0.11575869143737183
header,2024-10-27_2024-11-02,baseline,0.0,5,0,0.9792277725,0.069285,0.09207358006388065,0.07056712187533624,0.9792661725,0.00018846743171567842,0.978946795,0.9794859725,0.06907899999999999,0.0008584486006744949,0.068195,0.07063,0.09125451763154123,0.0017472148015890002,0.08911045792783188,0.09304209178681166,0.07089627169792237,0.00028934075818182745,0.07056712187533624,0.07140506387742405,0.0,0.0,0.0,0.0,0.0,0.0,0.0,0.0,0.0,0.0,0.0,0.0,0.0,0.0,0.0,0.0
header,2024-10-27_2024-11-02,important,0.01,5,1,0.9792277725,0.069285,0.09207358006388065,0.07056712187533624,0.9702343385000001,0.0005334976335545711,0.9696441674999999,0.9709949299999999,0.069385,0.0008686023255782817,0.068425,0.070965,0.08310402947488614,0.001591772706478995,0.08108639600331301,0.08460554162911117,0.07089627164567576,0.0002893407581743015,0.07056712182325674,0.071405063825134,-0.00903183400000005,0.0006313667217390828,-0.009583605000000106,-0.007951865000000113,0.0003060000000000035,6.902173570695283e-05,0.0002299999999999941,0.0004250000000000087,-0.00815048815665507,0.00018774082340582132,-0.008464490313979472,-0.007931143058706389,-5.224660426517147e-11,2.1683457689906973e-13,-5.255872126408434e-11,-5.194011887255101e-11
header,2024-10-27_2024-11-02,important,0.05,5,4,0.9792277725,0.069285,0.09207358006388065,0.07056712187533624,0.9287914347499999,0.00760701537519939,0.91741668,0.9396118474999999,0.07730400000000001,0.000857615298371015,0.076305,0.07853,0.07914778620307625,0.005727990560625815,0.06883791982449552,0.08610184669189216,0.12492066954200978,0.06233158183557351,0.0028085228123796734,0.1692895113209689,-0.05047473775000007,0.007629453252630205,-0.06206929250000004,-0.039633057500000124,0.008225000000000001,0.0008798181630314306,0.0070199999999999985,0.009669999999999998,-0.012106731428464971,0.004394465687399639,-0.02027253810333636,-0.0069402450949195005,0.05402439784408741,0.06235102754736883,-0.06803195671984648,0.09872238944563265
header,2024-10-27_2024-11-02,important,0.1,5,8,0.9792277725,0.069285,0.09207358006388065,0.07056712187533624,0.83868345075,0.03855072506127954,0.7710400925,0.884857375,0.085534,0.00562903490840126,0.080875,0.09658,0.0782219884847926,0.005601743707494819,0.0738103082820442,0.08900461477707237,0.11806583103203087,0.03584904829045885,0.05564447726405955,0.16614345522494645,-0.14058272175000003,0.038497518319967734,-0.20818767999999999,-0.09456804250000017,0.016455000000000004,0.005866048073447746,0.011590000000000003,0.027745000000000006,-0.013032529146748625,0.004544923952741549,-0.01632620916120743,-0.00403747700973929,0.047169559334108525,0.03601507606620055,-0.015760586613364505,0.09516663216245526
header,2024-10-27_2024-11-02,random,0.01,100,1,0.9792277725,0.069285,0.09207358006388065,0.07056712187533624,0.9785149498749999,0.0019148563395359108,0.9676696075,0.98004315,0.06923620000000001,0.001103106096438597,0.067925,0.07448,0.09144045447850417,0.00204413335873029,0.08457760147283219,0.09456503024620803,0.07088408921641616,0.00029101173305084256,0.07051093784955136,0.07140507221743363,-0.0007512226250000353,0.0019141671194269376,-0.01181636500000005,0.0006177324999998568,0.00015720000000000095,0.0007118712383570508,-0.0005099999999999966,0.006030000000000008,0.00018593684696293521,0.0012733873449757966,-0.008464490313979472,0.00194789772840398,-1.2182481506193693e-05,5.145007944161272e-05,-0.0003361778171709212,1.0532246572894643e-05
header,2024-10-27_2024-11-02,random,0.05,100,4,0.9792277725,0.069285,0.09207358006388065,0.07056712187533624,0.9751334211625,0.00443864610709319,0.9631101237499999,0.980123625,0.06977815,0.001716526238511954,0.067795,0.078845,0.09161158224052311,0.00380708792777398,0.08095735501991957,0.10118517586677206,0.07175547071607088,0.03058531765883956,0.002848892767166268,0.16941458089937958,-0.004132751337500047,0.0044312752270655965,-0.016375848750000088,0.0006982074999999366,0.0006991500000000015,0.0014808597258011977,-0.0010249999999999981,0.008215,0.00035706460898188823,0.0032270520208972967,-0.00815310290791231,0.008433767790898744,0.0008591990181485442,0.030592882689974874,-0.06799158676505988,0.09884745902404334
header,2024-10-27_2024-11-02,random,0.1,100,8,0.9792277725,0.069285,0.09207358006388065,0.07056712187533624,0.9664698238875,0.013251206461180874,0.9080676225000001,0.9800306775000001,0.07114575,0.002630780243102795,0.067585,0.079,0.09213370330056836,0.005408365707686027,0.07566098003840571,0.1052127485818813,0.07246933118893578,0.031442894162568076,0.0011556099334211064,0.16991090024518207,-0.01279634861250005,0.013270628896429718,-0.07135779500000006,0.0007857725000000038,0.002066750000000001,0.0026504666923958878,-0.0008649999999999908,0.010804999999999995,0.0008791856690271318,0.005142442301001166,-0.013449477889426173,0.012360102478903984,0.001573059491013415,0.03146195912222293,-0.07024945394400295,0.09850583636775802
header,2024-11-03_2024-11-09,baseline,0.0,5,0,0.98286042875,0.058335,0.08101438546265691,0.062403186792601345,0.98303237975,0.00025516331415562495,0.9827903512499999,0.9835087,0.05913900000000001,0.0005687565384239564,0.058335,0.06004,0.08509652639684333,0.003514126572272705,0.08101438546265691,0.09073348336876176,0.06135095867257645,0.0007564363424249757,0.06035469125537132,0.062403186792601345,0.0,0.0,0.0,0.0,0.0,0.0,0.0,0.0,0.0,0.0,0.0,0.0,0.0,0.0,0.0,0.0
header,2024-11-03_2024-11-09,important,0.01,5,1,0.98286042875,0.058335,0.08101438546265691,0.062403186792601345,0.97625583275,0.0009485085903371606,0.9747237424999999,0.97718669375,0.059394,0.000555665366925096,0.058585,0.060255,0.0770441200211524,0.0033146385748653064,0.07328671590965614,0.0821711493348149,0.06135095861463509,0.0007564363426169359,0.060354691196143784,0.06240318673439137,-0.006776546999999989,0.0008879292580724547,-0.008211997500000123,-0.0056036574999999145,0.00025500000000000105,2.2135943621179164e-05,0.0002149999999999999,0.0002750000000000044,-0.008052406375690926,0.00028958390139790065,-0.008562334033946864,-0.007727669553000763,-5.794136698211716e-11,7.685113440383534e-13,-5.922753953946369e-11,-5.690876936359501e-11
header,2024-11-03_2024-11-09,important,0.05,5,4,0.98286042875,0.058335,0.08101438546265691,0.062403186792601345,0.9170405452500001,0.012998170208758106,0.8991208475,0.9320758687499999,0.06745100000000001,0.0007214804224648097,0.066505,0.068605,0.07388493235574342,0.004315097058284632,0.06800359949396961,0.0805856907765005,0.10537010378531295,0.0557819447129468,0.002198031357221776,0.1692312981776938,-0.06599183450000001,0.012977311634190108,-0.08373958125000003,-0.050969618750000056,0.008312,0.0001618208886392594,0.008140000000000001,0.008564999999999996,-0.011211594041099901,0.004351798660323645,-0.019359090403228862,-0.006230581803967128,0.0440191451127365,0.05531598393034703,-0.058602642457739225,0.10682811138509246
header,2024-11-03_2024-11-09,important,0.1,5,8,0.98286042875,0.058335,0.08101438546265691,0.062403186792601345,0.8273040547499999,0.03828524609885849,0.7623463637500001,0.87273191125,0.076488,0.005568808310581355,0.07054,0.087085,0.0725948882234024,0.0036778615441880203,0.06764652521112766,0.07810118685606438,0.08084968117279558,0.027984969658722093,0.03980596607227457,0.12594725946356405,-0.15572832499999997,0.03813237453310965,-0.22051406499999993,-0.11033476749999993,0.017349000000000003,0.005048648730105903,0.012205000000000008,0.027044999999999993,-0.012501638173440927,0.0041565566978599335,-0.01633308769448019,-0.004424989940269963,0.01949872250021912,0.02740013654835781,-0.02054872518309675,0.06354407267096271
header,2024-11-03_2024-11-09,random,0.01,100,1,0.98286042875,0.058335,0.08101438546265691,0.062403186792601345,0.9816315057375,0.0035466118545489887,0.9610799137499999,0.9835087,0.05928699999999999,0.0009544611044982401,0.058165,0.065545,0.08543606217475143,0.003722129182792457,0.07587288637845302,0.09240441332890098,0.06290598968187636,0.011330688353666374,0.05962203393260879,0.1495027680341547,-0.0014008740124999907,0.0035260785745931935,-0.02178051500000011,4.11425000000909e-05,0.00014800000000000002,0.0008153217156435865,-0.00037500000000000033,0.007210000000000008,0.000339535777908074,0.0013173729751363697,-0.007973010080812151,0.005962361529309304,0.0015550310092998973,0.011288664427003797,-0.0012354047578781377,0.08709958124155334
header,2024-11-03_2024-11-09,random,0.05,100,4,0.98286042875,0.058335,0.08101438546265691,0.062403186792601345,0.977955798025,0.005650872620347028,0.9601265687499999,0.9833655450000001,0.059671200000000015,0.001394839438788565,0.058,0.066665,0.08577288716842078,0.005259869549863849,0.07066096511827882,0.10013698193575933,0.06543165929895745,0.021697476922901967,0.0032268604597442724,0.14950276641999452,-0.005076581724999989,0.00565802999771355,-0.02280917125000015,0.00043315249999997807,0.0005322000000000004,0.0012987752538449447,-0.0006250000000000006,0.0072550000000000045,0.0006763607715774654,0.0035933753473744267,-0.011865211678055515,0.00940349856699757,0.004080700626380994,0.021682099286293277,-0.058903959423462306,0.08709957962739318
header,2024-11-03_2024-11-09,random,0.1,100,8,0.98286042875,0.058335,0.08101438546265691,0.062403186792601345,0.9701730166,0.011507836068665053,0.9336843325000002,0.98276381,0.06047320000000001,0.0023743776574083582,0.057895,0.07002,0.0855453163583614,0.006277400657642214,0.06831245497570797,0.10176531822783484,0.06313311933523406,0.03380341740415187,0.0017371485005877028,0.14808442690696902,-0.012859363149999985,0.011513515227624779,-0.04938234624999982,-0.0005269062499998478,0.0013342,0.002277394752782223,-0.0005300000000000027,0.010930000000000002,0.00044878996151809193,0.005173126089253306,-0.014490883707466637,0.011077343137038398,0.0017821606626576114,0.033757641140019945,-0.06066603829201364,0.08568124011436767
header,2024-11-10_2024-11-16,baseline,0.0,5,0,0.9825896025,0.063465,0.09881016460037183,0.06972149550300577,0.982524482,0.00029858671066853844,0.9819726625,0.9828737837499999,0.063917,0.0005531509739664205,0.063195,0.064785,0.09545180864340626,0.0019747473677205534,0.09285849998991388,0.09881016460037183,0.0693672155646953,0.00045867598442609427,0.06883798051884883,0.07004058014335401,0.0,0.0,0.0,0.0,0.0,0.0,0.0,0.0,0.0,0.0,0.0,0.0,0.0,0.0,0.0,0.0
header,2024-11-10_2024-11-16,important,0.01,5,1,0.9825896025,0.063465,0.09881016460037183,0.06972149550300577,0.9717548715,0.0007994407034793963,0.9708348875,0.97320069625,0.06416200000000001,0.0005162712465361612,0.06353,0.06499,0.08729237715059142,0.0020163796373098,0.08498022176293654,0.09061283037625344,0.06936721550781251,0.00045867598399383354,0.06883798046283539,0.07004058008610528,-0.010769610499999981,0.0009180712593153975,-0.011754715000000027,-0.009339692499999996,0.00024500000000000357,6.131883886702197e-05,0.00015500000000000236,0.00033500000000000196,-0.008159431492814844,0.0003731156280861976,-0.008594814730790018,-0.007611936003851266,-5.688278736926122e-11,5.153139299735101e-13,-5.7366583705587004e-11,-5.6013443883173863e-11
header,2024-11-10_2024-11-16,important,0.05,5,4,0.9825896025,0.063465,0.09881016460037183,0.06972149550300577,0.9228321669999999,0.009067875659490812,0.9155378475,0.94039816875,0.071351,0.0007699896103195187,0.070015,0.07241,0.08459051354103506,0.005791663170478979,0.07453802813576803,0.09060619863111403,0.17490336807686258,0.08688199380359135,0.005396707822755015,0.2403836802910058,-0.05969231500000005,0.009072268566067,-0.0673359362499999,-0.042247803750000035,0.007434000000000001,0.0009705895115856134,0.00655,0.009215000000000001,-0.010861295102371183,0.0049922318907199125,-0.020301846930307774,-0.005513414189308438,0.10553615251216727,0.08662474046813312,-0.06353598108544105,0.17108034754093399
header,2024-11-10_2024-11-16,important,0.1,5,8,0.9825896025,0.063465,0.09881016460037183,0.06972149550300577,0.8382910090000001,0.030994216142635377,0.7816043874999999,0.8754560225,0.08193899999999998,0.005772373342049179,0.075815,0.09286,0.08164736326231503,0.005999846461896561,0.07633375803546169,0.09185337332506971,0.110026242526685,0.030822043305034377,0.05112523104773533,0.14183843449577785,-0.14423347300000006,0.031117371287157077,-0.2009852150000001,-0.10651664000000005,0.018022,0.0060353430722702075,0.01235,0.029664999999999997,-0.013804445381091221,0.004959781704427457,-0.017908080179307492,-0.004266239495352764,0.04065902696198971,0.030640338141617443,-0.017712749471113502,0.07290574558758178
header,2024-11-10_2024-11-16,random,0.01,100,1,0.9825896025,0.063465,0.09881016460037183,0.06972149550300577,0.9811696592624999,0.00324095575668701,0.9633600787500001,0.98326169875,0.06407955,0.0007820396713083041,0.063015,0.06867,0.09530440949631773,0.00290016907819913,0.08611609646191005,0.10155590233760636,0.06944187432121599,0.01702200645931221,0.0049963445554011545,0.21303924148867942,-0.0013548227375000154,0.003236315423755413,-0.019229523749999977,0.0010750774999999102,0.00016255000000000173,0.0005857740584047743,-0.00032499999999999196,0.005205000000000001,-0.000147399147088495,0.002048623879251815,-0.008514794278337207,0.006716027271530561,7.465875652068521e-05,0.017012781580979058,-0.06384163596344768,0.14410655258048335
header,2024-11-10_2024-11-16,random,0.05,100,4,0.9825896025,0.063465,0.09881016460037183,0.06972149550300577,0.9760939559,0.009481617035387321,0.9100650575,0.9828823987499999,0.06485089999999999,0.0017944478788752822,0.062915,0.071545,0.09560575026134098,0.004111726772786568,0.0772521685657749,0.10374390265674165,0.070548701620958,0.030605637513734144,0.004915551541761309,0.2119408519537858,-0.006430526100000011,0.009492225799112117,-0.0728087262499999,0.00045197749999992265,0.0009339000000000011,0.0017316113276367765,-0.0008649999999999908,0.008349999999999996,0.0001539416179347311,0.0038304317146708408,-0.015606331424138989,0.007935570819214977,0.0011814860562626903,0.030572414405278005,-0.06480594396124446,0.14263751920371398
header,2024-11-10_2024-11-16,random,0.1,100,8,0.9825896025,0.063465,0.09881016460037183,0.06972149550300577,0.9721843155875,0.009505405106612875,0.945666665,0.9827674,0.06539795000000001,0.001830209563820493,0.062915,0.07276,0.0969915642097893,0.004555216810072283,0.08112970796914029,0.10811975876222354,0.07678141671270294,0.0452147269004264,0.0012813463946435605,0.21302723556580683,-0.010340166412500025,0.009485787133402085,-0.036979307500000114,0.00012142749999988212,0.0014809500000000015,0.0018697651851235224,-0.0009350000000000053,0.009565000000000004,0.0015397555663830555,0.004375676311710747,-0.01350118277110697,0.011735044970723349,0.007414201148007638,0.045248784319552704,-0.06755663412420528,0.14409454665761076
header,2024-11-17_2024-11-23,baseline,0.0,5,0,0.97847790625,0.06794,0.10255700551393827,0.07992888071517422,0.97856270325,0.00022668577846964957,0.9782422075,0.9788655012500002,0.06779500000000001,0.00029933259094191695,0.06724,0.06809,0.10304111153961486,0.0021453181584149476,0.09967481421112186,0.1063325339343847,0.07969860684798183,0.0007247441615343503,0.07837823127865497,0.08035452578839404,0.0,0.0,0.0,0.0,0.0,0.0,0.0,0.0,0.0,0.0,0.0,0.0,0.0,0.0,0.0,0.0
header,2024-11-17_2024-11-23,important,0.01,5,1,0.97847790625,0.06794,0.10255700551393827,0.07992888071517422,0.9679396655000001,0.0008193103489664499,0.96647714125,0.96898950625,0.06790700000000001,0.0002545898662555132,0.067465,0.06824,0.095527369061485,0.0020698507814450864,0.09220868035600446,0.0987007886623435,0.07969860679832341,0.0007247441616947187,0.07837823122854135,0.08035452573872282,-0.010623037750000041,0.0007699863650864312,-0.012000765000000024,-0.009782692499999968,0.00011200000000000099,7.131619731870125e-05,3.0000000000002247e-05,0.00022500000000000298,-0.007513742478129864,0.0002592235803843573,-0.007911496754317293,-0.007118418240167554,-4.965840516568676e-11,2.6963789319713154e-13,-5.011362158580113e-11,-4.9274834212909013e-11
header,2024-11-17_2024-11-23,important,0.05,5,4,0.97847790625,0.06794,0.10255700551393827,0.07992888071517422,0.9260787547500001,0.0075481120662683684,0.9174469900000001,0.9396930512500001,0.076519,0.0008186843103419062,0.07566,0.07802,0.09337535175289832,0.0037403541728068053,0.08706508532355503,0.09804173300254426,0.1666915730734864,0.08491584408803296,0.004110899966216064,0.22698241859421392,-0.052483948499999974,0.00761650571807159,-0.061418511250000085,-0.03876265124999989,0.008724000000000004,0.0006856996427007969,0.00792000000000001,0.009930000000000008,-0.009665759786716546,0.004982251301252021,-0.01926744861082967,-0.004801405709839557,0.08699296622550458,0.08532946916136336,-0.07619554486128374,0.14745746696402784
header,2024-11-17_2024-11-23,important,0.1,5,8,0.97847790625,0.06794,0.10255700551393827,0.07992888071517422,0.8388128317500001,0.03126509980255708,0.7837286175,0.88048455875,0.08534899999999998,0.00471344396381245,0.080105,0.094155,0.09079853317535394,0.0046461170301179515,0.08546201671643469,0.09911555562444907,0.2099286397801478,0.065873952465314,0.08002696713704528,0.257565115198979,-0.13974987150000004,0.031177679142262323,-0.19474928874999997,-0.09828764000000001,0.017554,0.0046412599582441,0.012164999999999995,0.026190000000000005,-0.012242578364260927,0.0043329890711590316,-0.015678658392044464,-0.0037275830879347494,0.130230032932166,0.06626571790668964,-0.0003275586513487583,0.17804016356879293
header,2024-11-17_2024-11-23,random,0.01,100,1,0.97847790625,0.06794,0.10255700551393827,0.07992888071517422,0.9773280723875,0.003014138702782017,0.96379148125,0.97903259125,0.0681172,0.0013068481778691816,0.06686,0.075325,0.10310073756187865,0.0026666546191933733,0.0951160872449324,0.10992315453830874,0.07931568561456481,0.01574730387551823,0.00526030456428221,0.19676092174378698,-0.0012346308625000191,0.0029763101543907942,-0.014664221249999998,0.00040965749999999357,0.00032220000000000317,0.0012786346859052435,-0.0004650000000000071,0.007360000000000005,5.9626022263774145e-05,0.0016794727898526527,-0.007440918269005878,0.007080015825924921,-0.00038292123341700473,0.015685949366078332,-0.07449052789809459,0.11640639595539294
header,2024-11-17_2024-11-23,random,0.05,100,4,0.97847790625,0.06794,0.10255700551393827,0.07992888071517422,0.972813097425,0.006151359452277258,0.9522020124999999,0.97894682375,0.0687363,0.0019454325508739703,0.06661,0.07631,0.10339376166658214,0.0045146908629868105,0.08611668380988452,0.11452246020780806,0.08392280672058382,0.03150529689267296,0.0035227608889545096,0.1967545983119826,-0.005749605825000023,0.0061482340781895874,-0.02666348875000024,8.132249999981411e-05,0.0009413000000000029,0.001971606149817961,-0.0012550000000000061,0.009070000000000009,0.0003526501269672554,0.0038318901965005317,-0.013558130401237337,0.01072439488156239,0.004224199872601983,0.03146833993894873,-0.07640611982621971,0.11640007252358857
header,2024-11-17_2024-11-23,random,0.1,100,8,0.97847790625,0.06794,0.10255700551393827,0.07992888071517422,0.9678563656874999,0.009803292986945088,0.9267516487499999,0.97911295875,0.06934744999999999,0.002423843796019042,0.0664,0.07802,0.10408381767874271,0.005482672053767276,0.08935522832163058,0.12084664970518011,0.08223378047175524,0.041461313643025445,0.003178855112645553,0.1939791448578204,-0.01070633756250004,0.009786195430715195,-0.05170405375000009,0.000340760000000051,0.001552450000000003,0.0023695802893128563,-0.0009549999999999975,0.009930000000000008,0.0010427061391278534,0.005292055957822819,-0.013201777192307695,0.014514115770795408,0.002535173623773418,0.041461935841849006,-0.07690955683190884,0.11362461906942635
header,2024-11-24_2024-11-30,baseline,0.0,5,0,0.9811173999999999,0.06319,0.09429902300957795,0.07215541742765202,0.9810691312500002,0.0004353708606643615,0.9804298762500001,0.9816040962500001,0.063442,0.00026139242529193393,0.06319,0.06391,0.09143328977758104,0.0030002808878607564,0.08707041505966213,0.09429902300957795,0.07179841050556376,0.0011801379877088016,0.07025088037092847,0.07371765354347598,0.0,0.0,0.0,0.0,0.0,0.0,0.0,0.0,0.0,0.0,0.0,0.0,0.0,0.0,0.0,0.0
header,2024-11-24_2024-11-30,important,0.01,5,1,0.9811173999999999,0.06319,0.09429902300957795,0.07215541742765202,0.9670799967500001,0.001738969549695454,0.96483349375,0.9692493262500002,0.063795,0.00022416511771459983,0.063585,0.064195,0.08445397509004746,0.0026640708425616625,0.08083667340516282,0.08682497707219239,0.07179841045353239,0.0011801379872205789,0.07025088031939905,0.07371765349069043,-0.01398913449999999,0.0013628368358771011,-0.015596382500000061,-0.012200664999999944,0.0003530000000000033,4.675467891024239e-05,0.00028500000000000747,0.0004149999999999987,-0.006979314687533577,0.0004074585232429968,-0.007474045937385557,-0.006233741654499317,-5.203136532738739e-11,5.230314496343617e-13,-5.278555370580307e-11,-5.136367720037782e-11
header,2024-11-24_2024-11-30,important,0.05,5,4,0.9811173999999999,0.06319,0.09429902300957795,0.07215541742765202,0.9246465192500001,0.008164512683528934,0.91226003,0.93756684125,0.070978,0.0008831398530244237,0.06956,0.071805,0.0818938644687939,0.0035964384998975474,0.07595500406036264,0.08572853660453571,0.2145724986620034,0.10120178556930468,0.012458170080231697,0.27376145684797415,-0.05642261200000007,0.008284016458751011,-0.06848426250000006,-0.042863035000000105,0.007536000000000001,0.000710038027150658,0.006370000000000001,0.008264999999999995,-0.00953942530878715,0.004143957609467034,-0.01756826892434138,-0.005649779993428389,0.14277408815643966,0.1021520054914683,-0.06125948346324428,0.2018312637555886
header,2024-11-24_2024-11-30,important,0.1,5,8,0.9811173999999999,0.06319,0.09429902300957795,0.07215541742765202,0.8279241552500001,0.048652032427501074,0.7398079412499999,0.8797444612499999,0.081948,0.007460170641479993,0.074125,0.09615,0.0827462756886701,0.0027483585919942217,0.07757957163102167,0.08558206247739462,0.2431268827663291,0.040621338731695066,0.1632295796584112,0.27675690546833376,-0.15314497600000007,0.04852879594473645,-0.24130945874999998,-0.10170553000000015,0.018506,0.00737506705054266,0.010935,0.03261,-0.008687014088910946,0.0036856067346640693,-0.011668571840674422,-0.0014883525822675103,0.17132847226076534,0.04081663823359054,0.09129938656602565,0.205818997374957
header,2024-11-24_2024-11-30,random,0.01,100,1,0.9811173999999999,0.06319,0.09429902300957795,0.07215541742765202,0.9798085244750001,0.0030331874013020265,0.9671035424999999,0.98165219625,0.06372755000000001,0.0009662666544489678,0.06265,0.070325,0.09157522749141421,0.003259042182916758,0.08539873719396804,0.1001206810918112,0.07396831162913738,0.023496846894851504,0.06526720321134916,0.30734988533942953,-0.0012606067750000616,0.003034628181636071,-0.013640750000000201,0.00038483124999988405,0.0002855500000000012,0.0009443055371541563,-0.0006250000000000006,0.007029999999999995,0.00014193771383316553,0.0013459032647980267,-0.0039016550694185442,0.006597408107107183,0.0021699011235736267,0.023270415204335728,-0.004983677159579314,0.23363223179595355
header,2024-11-24_2024-11-30,random,0.05,100,4,0.9811173999999999,0.06319,0.09429902300957795,0.07215541742765202,0.9740429118875,0.007938904679559893,0.9444337425,0.9816341599999999,0.0646965,0.0020688248475886004,0.062535,0.074185,0.09132737258719045,0.004569067519670901,0.07496660331280809,0.10227182487508853,0.07511910753865422,0.03819695385806928,0.012467779877010197,0.30734988528567136,-0.007026219362500053,0.007864542727322258,-0.0359961337500001,0.0002245862500001028,0.0012545000000000024,0.002088598872450139,-0.0010050000000000059,0.010889999999999997,-0.00010591719039058631,0.0033538254119309992,-0.013599510480689192,0.007972801865510581,0.0033206970330904757,0.037998344301986675,-0.059058377492584496,0.23363223174219538
header,2024-11-24_2024-11-30,random,0.1,100,8,0.9811173999999999,0.06319,0.09429902300957795,0.07215541742765202,0.9685312449625001,0.012244979691818338,0.9177181825000001,0.9809064825,0.065509,0.0022903761699773245,0.062675,0.07389,0.0923437529538418,0.005993403094450118,0.07368618248408938,0.10662601464697714,0.08104611365304824,0.06407038045325635,0.00845783803091445,0.29631762247985605,-0.012537886287500046,0.012240312187755934,-0.06271169374999996,-0.00021040750000012043,0.0020670000000000007,0.0023147942673162115,-0.0006000000000000033,0.010349999999999998,0.0009104631762607618,0.004890183533826704,-0.013384232575572752,0.012326991637399198,0.009247703147484479,0.06395672319872946,-0.0634723550614711,0.22259996893638007
header,2024-12-01_2024-12-07,baseline,0.0,5,0,0.9730498824999999,0.066305,0.06947324263207363,0.07672369449508483,0.97442394375,0.00090485778279453,0.9730498824999999,0.9756776575,0.06688,0.00041961887469464264,0.066305,0.067355,0.06855893799981298,0.0006821391140141183,0.06773036923154131,0.06947324263207363,0.07665917017661569,0.00031294374624109934,0.07618121521080642,0.07713579450649091,0.0,0.0,0.0,0.0,0.0,0.0,0.0,0.0,0.0,0.0,0.0,0.0,0.0,0.0,0.0,0.0
header,2024-12-01_2024-12-07,important,0.01,5,1,0.9730498824999999,0.066305,0.06947324263207363,0.07672369449508483,0.9623229707500001,0.002319823001370377,0.9594712275,0.9654664,0.06717999999999999,0.0004877806884246211,0.06663,0.06774,0.06166212514989815,0.0009752534100756803,0.06008935253604284,0.06269432484449552,0.07665917013314344,0.00031294374613202714,0.07618121516683021,0.077135794462401,-0.012100972999999992,0.0015263859971230245,-0.013578654999999884,-0.009628795000000134,0.0002999999999999975,9.924716620639322e-05,0.0001300000000000051,0.0004149999999999987,-0.006896812849914833,0.00040190696920540983,-0.007641016695498472,-0.006426784441588201,-4.347224802359051e-11,5.579583731610649e-13,-4.408991227666803e-11,-4.25584845142879e-11
header,2024-12-01_2024-12-07,important,0.05,5,4,0.9730498824999999,0.066305,0.06947324263207363,0.07672369449508483,0.9076491387499999,0.010872290977371956,0.8908271487499999,0.9245669275,0.07475499999999999,0.0008931013380350515,0.073595,0.076275,0.05566761100765101,0.0032340565885823893,0.05120702545114058,0.06095910072539029,0.16267021390746847,0.07921938033354683,0.005713044931173006,0.22140694690876872,-0.06677480500000003,0.01104490937016153,-0.08344718000000018,-0.049455727499999935,0.007874999999999998,0.0005623433115099722,0.007289999999999991,0.00895,-0.012891326992161969,0.0029747879710846285,-0.017400894153718087,-0.008162008560693435,0.0860110437308528,0.07923317804674122,-0.0710326324514306,0.1442711524022778
header,2024-12-01_2024-12-07,important,0.1,5,8,0.9730498824999999,0.066305,0.06947324263207363,0.07672369449508483,0.8130574684999999,0.05182608900028239,0.7180507012499999,0.8595400662499999,0.085083,0.008170045654707202,0.07644,0.100525,0.055042850746037084,0.004259442834544817,0.051498716209702866,0.06333215579018867,0.19387349461740783,0.04342134906983723,0.11247781344231092,0.23496676670343442,-0.16136647525000003,0.051026413610281214,-0.25499918125,-0.11555512875000018,0.018203,0.008061396032946156,0.010134999999999991,0.033635,-0.013516087253775894,0.003914265817777904,-0.016231653021838446,-0.005788953495895061,0.11721432444079213,0.04327309484662067,0.03596834415421826,0.1578309721969435
header,2024-12-01_2024-12-07,random,0.01,100,1,0.9730498824999999,0.066305,0.06947324263207363,0.07672369449508483,0.9724331453125,0.004233696941880946,0.9567840224999999,0.9756955362499999,0.06713535,0.0008185411580977467,0.066025,0.07252,0.06810766956225404,0.0020052403591258303,0.06130197007954587,0.07076402979380239,0.07507919584785691,0.010066400272100791,0.004714127881384238,0.07713580331937067,-0.00199079843750001,0.0040744488525039915,-0.016265859999999965,0.0004550324999998967,0.00025534999999999946,0.0007115076440207792,-0.00028000000000000247,0.006214999999999998,-0.00045126843755893044,0.0019790338365754754,-0.006877078844357287,0.001570815373052925,-0.0015799743287587614,0.009996201451093962,-0.07146708732942218,0.00023460814265494068
header,2024-12-01_2024-12-07,random,0.05,100,4,0.9730498824999999,0.066305,0.06947324263207363,0.07672369449508483,0.9680583171249999,0.008062410023804461,0.9280225362499999,0.975659455,0.06782405000000001,0.0017097281501747582,0.065975,0.074635,0.0690709655134493,0.0024809373462972143,0.06037275427229521,0.07397879186890755,0.08160458316046283,0.03670115042274073,0.0047048556901813175,0.2181971426590804,-0.006365626625000014,0.007983241684262295,-0.045027346250000044,0.00020107000000013642,0.0009440499999999994,0.0016255999961552663,-0.0005899999999999933,0.008110000000000006,0.0005120275136363152,0.002425104089185855,-0.009100488359778426,0.005242149910184582,0.004945412983847149,0.03670442909181457,-0.07204082169242228,0.1410613481525895
header,2024-12-01_2024-12-07,random,0.1,100,8,0.9730498824999999,0.066305,0.06947324263207363,0.07672369449508483,0.9599120953875,0.01419481663207933,0.8941646250000002,0.97512752,0.068905,0.0027152970371581817,0.0658,0.07865,0.06871750437178702,0.004623218475100977,0.0546713409391441,0.07821789705063434,0.08000596481488645,0.04646296492590892,0.003930886123988114,0.21761580756581442,-0.014511848362500008,0.014181878484855599,-0.08093056999999992,0.00011653874999983937,0.0020249999999999995,0.002661975300411332,-0.0008900000000000019,0.011325000000000002,0.00015856637197405362,0.004461083769315482,-0.013936578665714565,0.008744654418560704,0.0033467946382707585,0.046433619236370516,-0.07253105250726924,0.14087013018321082
header,2024-12-08_2024-12-14,baseline,0.0,5,0,0.9773388275,0.068005,0.08782204708038496,0.07228235665388864,0.9770380545,0.0002711365167432168,0.9765477687499999,0.9773388275,0.06828799999999999,0.00043473670192428244,0.067605,0.068775,0.09131788690548548,0.002131418610819824,0.08782204708038496,0.09364082631854398,0.07187559837474847,0.0012741829696208077,0.07022485910992234,0.07368163191456413,0.0,0.0,0.0,0.0,0.0,0.0,0.0,0.0,0.0,0.0,0.0,0.0,0.0,0.0,0.0,0.0
header,2024-12-08_2024-12-14,important,0.01,5,1,0.9773388275,0.068005,0.08782204708038496,0.07228235665388864,0.9646022357499999,0.001205607270496831,0.96316298,0.966053415,0.06884100000000001,0.0004668340176122564,0.068095,0.06944,0.08461076382231278,0.002119377624406879,0.08108097872107344,0.08662167239077902,0.07187559832661967,0.001274182969992865,0.07022485906164394,0.07368163186754005,-0.012435818750000016,0.0013070295502474697,-0.013819272500000146,-0.010723574999999874,0.0005530000000000008,7.366138744281223e-05,0.0004799999999999943,0.0006649999999999989,-0.006707123083172705,0.00023062252622056359,-0.007109973029676156,-0.0064071256863634934,-4.812879816906701e-11,5.674230580899072e-13,-4.861477886919374e-11,-4.7024079075086433e-11
header,2024-12-08_2024-12-14,important,0.05,5,4,0.9773388275,0.068005,0.08782204708038496,0.07228235665388864,0.91546525125,0.008638603099271893,0.90154003375,0.92878161375,0.07592600000000001,0.0007124492964415086,0.075205,0.077265,0.08026432922538689,0.004836071954242179,0.07199442524792285,0.08569931382448637,0.21633166278260657,0.1083900140922387,0.007888249176471754,0.2936954557508082,-0.06157280325000001,0.008602801161643232,-0.07543298249999997,-0.04837655875000002,0.007638000000000001,0.000799065704432372,0.006524999999999989,0.008889999999999995,-0.01105355768009859,0.003570427170790635,-0.01804801749491372,-0.007941512494057612,0.14445606440785813,0.10759758328112827,-0.06233660993345058,0.22001382383624407
header,2024-12-08_2024-12-14,important,0.1,5,8,0.9773388275,0.068005,0.08782204708038496,0.07228235665388864,0.8114093884999999,0.06065795777019512,0.7097772250000001,0.87400280875,0.088365,0.006527504883184692,0.082625,0.101135,0.08131972505670507,0.005523318111106385,0.07507641605994315,0.09144357976223551,0.17715627012345764,0.0555692408383514,0.07110403655886094,0.22694031689514582,-0.16562866599999998,0.060868665940108514,-0.26756160249999994,-0.10254495999999991,0.020077,0.006316946730818614,0.014620000000000008,0.032455,-0.009998161848780404,0.003936876297436797,-0.012745631020441808,-0.0021972465563084714,0.10528067174870921,0.0561689453218259,-0.001441222158726857,0.1567154577852235
header,2024-12-08_2024-12-14,random,0.01,100,1,0.9773388275,0.068005,0.08782204708038496,0.07228235665388864,0.9750277502500001,0.004120895009579147,0.9530018462500001,0.9791557025000001,0.06851005,0.0008386374350695298,0.067415,0.07388,0.09135400006651521,0.002687316363935137,0.08108097872107344,0.09710664858952887,0.07265883939223346,0.01652954616094575,0.008042336119637651,0.22381208748824788,-0.0020103042499999947,0.004134236464191393,-0.024336981249999945,0.0019832149999999826,0.00022204999999999835,0.0007348085107699827,-0.0007199999999999984,0.006275000000000003,3.611316102973605e-05,0.0016124163503174068,-0.006741068359311528,0.005051328281009501,0.0007832410174850104,0.016528316610549484,-0.062182522990284685,0.1531682020104685
header,2024-12-08_2024-12-14,random,0.05,100,4,0.9773388275,0.068005,0.08782204708038496,0.07228235665388864,0.9701517949124999,0.008303479304283776,0.9372676787499999,0.97840563875,0.06926335,0.0017471107656642725,0.06714,0.07671,0.09163577174031266,0.003831545257957017,0.07906667034762636,0.10037583254972435,0.07708144970173075,0.033397691036285246,0.006814124395849124,0.23445958888712298,-0.006886259587500011,0.008317830981704364,-0.04007114875000006,0.0018542725000000315,0.0009753499999999985,0.0016661503916213566,-0.0005700000000000011,0.008705000000000004,0.0003178848348271712,0.0033030968316521635,-0.014574155970917615,0.006735006231180368,0.005205851326982314,0.03340286191246078,-0.06432651182001867,0.16423472977720066
header,2024-12-08_2024-12-14,random,0.1,100,8,0.9773388275,0.068005,0.08782204708038496,0.07228235665388864,0.9663610133374999,0.008724001438488721,0.9397275387499999,0.97775888875,0.06989185,0.0023064349822832643,0.067285,0.0792,0.09177928625341984,0.005257059253599708,0.07629090846251553,0.10108793366877121,0.07425755344409957,0.047941192133119453,0.0064747523546506095,0.24080500919969242,-0.010677041162500013,0.008731708960080724,-0.03744494875000015,0.001211120000000121,0.001603849999999999,0.002248488809734218,-0.0008650000000000047,0.010520000000000002,0.000461399347934356,0.0047978815505166595,-0.011531138617869433,0.008643451094420093,0.0023819550693510863,0.04789926625473158,-0.06587828685664819,0.16852265254580379
imports,2024-09-22_2024-09-28,baseline,0.0,5,0,0.9252862,0.193365,0.05739563431109386,0.04297790519110063,0.92792560275,0.00234850042654438,0.9252862,0.9315530825,0.14595799999999998,0.029898856432980847,0.11194,0.193365,0.056792047807634506,0.0014565531579592836,0.054496218461513105,0.05877969461622947,0.04282316729854595,0.000502752894590167,0.04213796068387148,0.04357480664434657,0.0,0.0,0.0,0.0,0.0,0.0,0.0,0.0,0.0,0.0,0.0,0.0,0.0,0.0,0.0,0.0
imports,2024-09-22_2024-09-28,important,0.01,5,13,0.9252862,0.193365,0.05739563431109386,0.04297790519110063,0.9083741847500001,0.005795437965528832,0.89883947375,0.91513022,0.147146,0.02967995862530809,0.114145,0.194345,0.05356593480515105,0.0018049115829908327,0.05132356618883971,0.05600911669688554,0.08190262503587187,0.0015361102706413208,0.07983027721176598,0.0841293119342083,-0.019551417999999977,0.0070876401719057,-0.030310802500000067,-0.010365327499999966,0.0011879999999999974,0.0005985699624939476,0.0005799999999999972,0.0022049999999999986,-0.003226113002483451,0.0005981959247079558,-0.004264346963697423,-0.0025367320579602892,0.03907945773732591,0.001345407269906693,0.03758335488223809,0.041115955516772065
imports,2024-09-22_2024-09-28,important,0.05,5,65,0.9252862,0.193365,0.05739563431109386,0.04297790519110063,0.8615321755,0.014373854882277496,0.8398103337500001,0.8822796924999999,0.151366,0.028359249179059732,0.121015,0.19724,0.049501418486532445,0.002115906533730399,0.04712381380607425,0.05281244086407177,0.08452135347693226,0.0012607082840678232,0.0830992040221904,0.08669429453198987,-0.06639342724999997,0.014998236093629777,-0.08933994249999988,-0.04300650750000001,0.005408000000000005,0.00226972817755783,0.0033250000000000224,0.009730000000000003,-0.007290629321102059,0.0008738889333234828,-0.008593771321406506,-0.005967253752157703,0.04169818617838632,0.0008954273395210248,0.04054288637772538,0.043119487887643304
imports,2024-09-22_2024-09-28,important,0.1,5,129,0.9252862,0.193365,0.05739563431109386,0.04297790519110063,0.8195415825,0.022861245335535782,0.78586607,0.84697346875,0.15675499999999998,0.02534451222651563,0.12976,0.19818,0.04661072786499711,0.0019252282090754269,0.043689009461778776,0.049182506512231175,0.086245298942158,0.001448102002579529,0.08435372394033366,0.08876761946687334,-0.10838402025000002,0.02519663318152647,-0.14568701250000005,-0.07831273124999993,0.010796999999999996,0.004792517709930758,0.004814999999999986,0.01781999999999999,-0.010181319942637393,0.0006045012780667143,-0.010807208999734329,-0.009327266840936516,0.04342213164361206,0.0010907185684238083,0.04221576325646218,0.04519281282252677
imports,2024-09-22_2024-09-28,random,0.01,100,13,0.9252862,0.193365,0.05739563431109386,0.04297790519110063,0.9276198078375001,0.0027187403310129023,0.91890348625,0.9326230900000001,0.14619335,0.029906965802760734,0.11164,0.19594,0.056830733696624336,0.0014619472235053261,0.05420799729342373,0.05907272581640616,0.04341738798591127,0.005507467317841977,0.04174893439844003,0.08309320607545323,-0.000305794912500007,0.0017409531581763086,-0.012649596250000061,0.003011942500000031,0.00023535000000000168,0.0006395518958614673,-0.0009899999999999909,0.002574999999999994,3.8685888989836504e-05,0.00016431710427779555,-0.0005358337749043138,0.00031156059414808035,0.0005942206873653286,0.005479871084129109,-0.0008826405087395822,0.03951839943110666
imports,2024-09-22_2024-09-28,random,0.05,100,65,0.9252862,0.193365,0.05739563431109386,0.04297790519110063,0.9260467368375003,0.004380981451989263,0.91085404125,0.9329863025,0.14632564999999997,0.02990592410923796,0.11157,0.1954,0.056778487820056366,0.0017015817602378175,0.05300004294975737,0.05952250602090428,0.04337997916055986,0.007950806121258727,0.04042127741520109,0.08287348240548317,-0.0018788659125000063,0.004375547639425461,-0.020699041249999994,0.006994577500000099,0.0003676500000000016,0.000659318760160818,-0.0014299999999999868,0.0020349999999999813,-1.3559987578138574e-05,0.0006816973874511166,-0.0026449711681470964,0.0010470514318958526,0.0005568118620139252,0.007942292046562051,-0.001716683268670395,0.04037211215571581
imports,2024-09-22_2024-09-28,random,0.1,100,129,0.9252862,0.193365,0.05739563431109386,0.04297790519110063,0.9240465715125,0.005349658571474359,0.9021105412500001,0.9336152762500001,0.1465346,0.02990736455022408,0.111715,0.195975,0.05667596838550482,0.0017499084462707748,0.052797876587978944,0.059954454062481795,0.044701936753742205,0.01239737247201847,0.03900226567334994,0.08535271742012707,-0.0038790312374999956,0.00533996828087875,-0.027039734999999898,0.007132439999999907,0.0005766000000000013,0.0008543198698379897,-0.0019649999999999945,0.002909999999999996,-0.00011607942212967918,0.0007932736505125951,-0.002673943814223728,0.0013008130789413375,0.0018787694551962606,0.012376612093183656,-0.003409541882624864,0.042374812229026435
imports,2024-09-29_2024-10-05,baseline,0.0,5,0,0.9361335912500001,0.112895,0.0747738659281921,0.05284324861252525,0.9378282922500001,0.0011806457245389001,0.9361335912500001,0.9396191412499999,0.139469,0.02578242606893308,0.11129,0.181055,0.07709350467893446,0.002249522148629835,0.07452001530575199,0.07968547091624216,0.05327800219364144,0.00043501563695072043,0.05281725352870709,0.053917900403113166,0.0,0.0,0.0,0.0,0.0,0.0,0.0,0.0,0.0,0.0,0.0,0.0,0.0,0.0,0.0,0.0
imports,2024-09-29_2024-10-05,important,0.01,5,13,0.9361335912500001,0.112895,0.0747738659281921,0.05284324861252525,0.920454729,0.0032691148591168073,0.91494570625,0.9243661375,0.14776899999999998,0.031834696386175886,0.112325,0.18506,0.0740704197789133,0.002676799232012431,0.07086204942705288,0.07719355268160663,0.10217961024286755,0.002576482292418999,0.09910088302960539,0.10547025812874783,-0.017373563250000036,0.0036484997983246494,-0.02267681499999996,-0.01286807500000009,0.008300000000000005,0.014401550263773691,0.0003700000000000092,0.03709000000000001,-0.003023084900021156,0.0004364672385841731,-0.0036579658786991126,-0.002491918234635529,0.04890160804922611,0.0021685480569122247,0.04625763441708014,0.05183778611674026
imports,2024-09-29_2024-10-05,important,0.05,5,65,0.9361335912500001,0.112895,0.0747738659281921,0.05284324861252525,0.8826350064999999,0.015559845615145382,0.8560191587499999,0.90076366625,0.150963,0.03214936929396905,0.115445,0.18857,0.06994291177627003,0.002594509679944245,0.06657285135931484,0.07306531919237336,0.10599961937788822,0.0015491728971381905,0.10349307557724505,0.10784465057367937,-0.05519328575,0.015596991382292705,-0.08160336250000011,-0.035369925000000024,0.011494000000000004,0.014580946951415739,0.0025500000000000106,0.0406,-0.007150592902664413,0.000495563745415689,-0.007947163946437144,-0.006580946163088547,0.0527216171842468,0.0011745441474337011,0.0506498269647198,0.0539267501705662
imports,2024-09-29_2024-10-05,important,0.1,5,129,0.9361335912500001,0.112895,0.0747738659281921,0.05284324861252525,0.84863835775,0.020034609088866194,0.81461025125,0.86879528625,0.146829,0.025948721625544485,0.11513,0.189435,0.06680354537815425,0.0016130152716369776,0.06495836224671803,0.06874091898620885,0.10832930241704256,0.001687367622894084,0.10652365486592746,0.11102242326843989,-0.08918993449999998,0.020531437389192126,-0.12392174374999998,-0.06733830500000004,0.007360000000000003,0.0037437387729380885,0.002235000000000001,0.013545000000000001,-0.010289959300780185,0.000662411262392146,-0.011044192246159878,-0.009305593109637758,0.05505130022340112,0.001358878972443132,0.053680406253402216,0.057104522865326725
imports,2024-09-29_2024-10-05,random,0.01,100,13,0.9361335912500001,0.112895,0.0747738659281921,0.05284324861252525,0.9374674227249998,0.001817412064006001,0.92833129875,0.94013603875,0.14122365,0.02772159480310431,0.110905,0.18416,0.07709780940231602,0.002300262340062665,0.07325729653705211,0.0804296968609183,0.053552591367257714,0.004813871466168568,0.05221211487222307,0.10126367448802749,-0.000360869525000006,0.0014827806790601976,-0.010200696249999974,0.0026006874999999763,0.0017546500000000017,0.007863633551196294,-0.001574999999999993,0.03619,4.304723381574477e-06,0.0003328258694288591,-0.0012627187686998775,0.0007834315054564001,0.0002745891736162713,0.004845147951763917,-0.0009570688679439651,0.04842042587550224
imports,2024-09-29_2024-10-05,random,0.05,100,65,0.9361335912500001,0.112895,0.0747738659281921,0.05284324861252525,0.936418460375,0.0031307465251285797,0.9253777725,0.94120965375,0.1420729,0.028243695961931044,0.11108,0.18625,0.077154967273144,0.002331755576790796,0.07308337348944205,0.08087873048747488,0.05599571180142977,0.013517602892071635,0.0504647605729241,0.10512964881627129,-0.0014098318749999816,0.003030069158742387,-0.013154222499999979,0.003926588750000071,0.002603900000000002,0.009186897179679332,-0.0012949999999999906,0.03828000000000001,6.146259420955591e-05,0.0007894301318651645,-0.00231975221501797,0.0017318262894815,0.0027177096077883435,0.01355524982436002,-0.002865798183855503,0.05195051240441721
imports,2024-09-29_2024-10-05,random,0.1,100,129,0.9361335912500001,0.112895,0.0747738659281921,0.05284324861252525,0.9347316326375001,0.003539023411919722,0.92454809625,0.94251508875,0.14158945,0.02762847489362198,0.111085,0.18616,0.07717597550989996,0.0024500391350491288,0.07317633627726716,0.08185625266491665,0.05527352329297144,0.014703785424048786,0.049260766307044956,0.1045211612985225,-0.0030966596124999803,0.003547916768900543,-0.013983898749999946,0.005280876249999955,0.0021204500000000016,0.007867312854304195,-0.0020399999999999863,0.03819,8.247083096551603e-05,0.0010225503169067629,-0.0029135112152620934,0.0023660633129782976,0.001995521099330008,0.01471729270442738,-0.0038261964115413397,0.05134202488666842
imports,2024-10-06_2024-10-12,baseline,0.0,5,0,0.9062695675000001,0.17789,0.027287013873751327,0.03233407829951868,0.9093369582500002,0.0017632088504769795,0.9062695675000001,0.9112547425000002,0.173356,0.018050743585791694,0.153975,0.202165,0.02793180765155188,0.0011253963663203012,0.02689253874067679,0.03005428163448121,0.03238155952888298,0.00013665815368585693,0.03219254620396581,0.03261243915344633,0.0,0.0,0.0,0.0,0.0,0.0,0.0,0.0,0.0,0.0,0.0,0.0,0.0,0.0,0.0,0.0
imports,2024-10-06_2024-10-12,important,0.01,5,13,0.9062695675000001,0.17789,0.027287013873751327,0.03233407829951868,0.8720152105000001,0.0037010500152384797,0.86747793375,0.8778945137499998,0.17578,0.01853802012082197,0.15578,0.20524,0.026246475507654216,0.0011669669405025556,0.02486288397141635,0.028220776655870337,0.06183729287556865,0.0010480359625588327,0.060405358341933,0.06308529461739973,-0.03732174775000006,0.004191046433399373,-0.043101934999999925,-0.03072178750000021,0.002423999999999993,0.0008958705263596989,0.0014949999999999963,0.0038549999999999973,-0.001685332143897668,0.0002602351680283188,-0.0020296547692604423,-0.001247081335231156,0.029455733346685664,0.0010850876911756436,0.02807128004241432,0.030892748413433917
imports,2024-10-06_2024-10-12,important,0.05,5,65,0.9062695675000001,0.17789,0.027287013873751327,0.03233407829951868,0.8235250285,0.009891596193928908,0.80564477375,0.8329454537500001,0.17869100000000002,0.017708676799806356,0.159035,0.207575,0.024397202177820636,0.0009861482556925765,0.023115699086028424,0.026091247602794226,0.06384812652595208,0.0008088346802069115,0.06251377681660769,0.06491430330235297,-0.08581192975000004,0.010936939459868057,-0.10493509499999998,-0.07390784250000004,0.005335000000000001,0.0009834531000510421,0.003954999999999986,0.0070199999999999985,-0.003534605473731244,0.00028665401284625803,-0.003963034031686984,-0.0031999350268584713,0.0314665669970691,0.000721287431934332,0.03017969851708901,0.03230186414890664
imports,2024-10-06_2024-10-12,important,0.1,5,129,0.9062695675000001,0.17789,0.027287013873751327,0.03233407829951868,0.7751200254999999,0.019219773810095934,0.75155486375,0.8008734337500001,0.194282,0.023167553086159105,0.17103,0.238855,0.02298866086931855,0.0008710960816381867,0.022052266334262743,0.02456914118551378,0.06491728818727935,0.000914246399922605,0.0638647015984572,0.066137705487711,-0.13421693275000007,0.020600042561743165,-0.15840944749999997,-0.10539613375000001,0.020925999999999993,0.012383106799184121,0.007555000000000006,0.03669,-0.004943146782233334,0.000298501769873631,-0.005485140448967429,-0.004572660688623352,0.032535728658396365,0.0008034028016622363,0.031530623298938514,0.03352526633426467
imports,2024-10-06_2024-10-12,random,0.01,100,13,0.9062695675000001,0.17789,0.027287013873751327,0.03233407829951868,0.9086973528,0.003025464496260648,0.89328591125,0.9116945500000001,0.17347035000000002,0.018143850531998438,0.15302,0.203625,0.02793950997530802,0.0011696948204719506,0.0262672189340044,0.030268255874725612,0.03224894751491425,0.00019149315704947332,0.031664568325108895,0.03297573609346649,-0.0006396054500000381,0.002726581682804364,-0.01796883125000015,0.0024654174999999556,0.00011434999999999501,0.0005833539470167318,-0.0009950000000000236,0.0017850000000000088,7.702323756136367e-06,0.0001402034869469894,-0.0006253198066723913,0.00021656756703487823,-0.00013261201396873833,0.00013208021422214355,-0.0005279778788569167,0.000363296940020158
imports,2024-10-06_2024-10-12,random,0.05,100,65,0.9062695675000001,0.17789,0.027287013873751327,0.03233407829951868,0.9067582717124999,0.003845702586081019,0.8929631200000001,0.9121309325,0.1737115,0.01864626600019425,0.152805,0.22869,0.02796679208020257,0.0011705221551036131,0.02649998041875819,0.030627399389325932,0.03250467503757134,0.005060593012067033,0.030769095126008984,0.0618774984170522,-0.002578686537500047,0.0035254533789877583,-0.01829162250000005,0.0012936425000000806,0.0003554999999999958,0.002731890325397416,-0.0015249999999999986,0.026524999999999993,3.4984428650689165e-05,0.00028700325409562256,-0.0008103078678614352,0.0005881167849087106,0.0001231155086883591,0.0050577939666434585,-0.0015830570733866359,0.02926505926360587
imports,2024-10-06_2024-10-12,random,0.1,100,129,0.9062695675000001,0.17789,0.027287013873751327,0.03233407829951868,0.9031088637375001,0.005694718501456618,0.8850740100000001,0.9114312950000001,0.17402479999999998,0.01885112816146556,0.152445,0.22666,0.02801469066745268,0.0012276872886963456,0.026111919952499948,0.030736948993647963,0.03326056489066473,0.00854116101974934,0.029930396329523795,0.06447590992472951,-0.006228094512500037,0.005573048266404459,-0.02618073250000008,0.002235651249999915,0.0006687999999999975,0.0025817676231605353,-0.0015700000000000158,0.02449499999999999,8.288301590079656e-05,0.00042377118891277,-0.0011750939212513793,0.0011325315650583326,0.0008790053617817494,0.008530900891790783,-0.002505476497325576,0.03214183162521083
imports,2024-10-13_2024-10-19,baseline,0.0,5,0,0.9359189912499999,0.14713,0.04392105266743589,0.049265940214868895,0.93651979825,0.0011536012008874798,0.9350605725000002,0.93790563375,0.164455,0.025560433681766817,0.145685,0.213335,0.04424931812426752,0.0015941599150438679,0.0416710773167319,0.046120760134968415,0.049161933988690475,0.00028389732149567163,0.048799956963085506,0.04964332648784086,0.0,0.0,0.0,0.0,0.0,0.0,0.0,0.0,0.0,0.0,0.0,0.0,0.0,0.0,0.0,0.0
imports,2024-10-13_2024-10-19,important,0.01,5,13,0.9359189912499999,0.14713,0.04392105266743589,0.049265940214868895,0.9105142975,0.0032229057089303782,0.9061464187499999,0.9147423050000001,0.166995,0.026074970182149774,0.14885,0.21659,0.04251674716506756,0.0015543496598264721,0.04027787830554255,0.044450500144485844,0.09421739849493642,0.001471743449973166,0.09230716543551035,0.09652235321557816,-0.02600550075000001,0.0034527551992939026,-0.030119732499999996,-0.021110634999999878,0.002539999999999998,0.0010756393447619887,0.0007449999999999957,0.0036499999999999866,-0.0017325709591999611,0.00022326885161887247,-0.002032278199148835,-0.0013931990111893458,0.045055464506245944,0.0015630228482935804,0.04304122522064145,0.047424979162546455
imports,2024-10-13_2024-10-19,important,0.05,5,65,0.9359189912499999,0.14713,0.04392105266743589,0.049265940214868895,0.88196247575,0.008258812376310758,0.8675963200000001,0.88965955625,0.166629,0.017075483419218326,0.151775,0.196575,0.04070072556438652,0.0018246677917360264,0.0378438396519233,0.042756190116078806,0.09768971056543256,0.0008685451378635358,0.0962949876067246,0.09900107161530486,-0.054557322499999984,0.008612409838540284,-0.07026453374999986,-0.04625943499999985,0.002173999999999998,0.009690495033794712,-0.016759999999999997,0.009965000000000002,-0.0035485925598810002,0.00026068591978546706,-0.0038272376648086012,-0.003134807095769576,0.0485277765767421,0.0007904901294479131,0.047029047391855705,0.049357745127464
imports,2024-10-13_2024-10-19,important,0.1,5,129,0.9359189912499999,0.14713,0.04392105266743589,0.049265940214868895,0.84744644725,0.013889151796384258,0.82237973,0.8626862150000001,0.17629099999999998,0.017595775174740095,0.15543,0.19926,0.0393364126497145,0.0016615794476295765,0.036468715103040256,0.041263144286086274,0.09962730338801132,0.0005811393246525576,0.09885451868043865,0.10016796857751378,-0.08907335100000002,0.013905813593318756,-0.11347320999999999,-0.0732327762499998,0.01183599999999999,0.016680719528845266,-0.014075000000000004,0.03794499999999998,-0.004912905474553019,0.00021821667124722203,-0.005202362213691643,-0.004562798711188788,0.05046536939932085,0.0006348560391519083,0.04972610112208774,0.051162634325507994
imports,2024-10-13_2024-10-19,random,0.01,100,13,0.9359189912499999,0.14713,0.04392105266743589,0.049265940214868895,0.9362893086374998,0.0013963453432143409,0.9326148674999999,0.939029595,0.16460494999999997,0.025504081295892624,0.14525,0.213715,0.044241268284945914,0.0015951157757311497,0.041376104370210304,0.046440918195292065,0.04890498138672348,0.00035313390876112077,0.048136676010014715,0.049972639225782364,-0.0002304896125000011,0.0007258084890126921,-0.003298052499999926,0.0011687412500001049,0.00014994999999999316,0.0006610867927133318,-0.0010550000000000004,0.0026599999999999957,-8.049839321610728e-06,0.00015516306120775557,-0.0005913609337600614,0.00033800465455555845,-0.00025695260196699417,0.00018938013508134477,-0.0006944423327340313,0.0003293127379415048
imports,2024-10-13_2024-10-19,random,0.05,100,65,0.9359189912499999,0.14713,0.04392105266743589,0.049265940214868895,0.9347941194250001,0.00251743477415438,0.926459095,0.93912906875,0.16516894999999998,0.025464242432232304,0.144775,0.214655,0.04426403588426078,0.0017117308151166073,0.04081009508636012,0.04705703400486312,0.04890553150249524,0.006592113392417649,0.046552789853698644,0.09654851999571379,-0.001725678825000001,0.0022645213241806856,-0.009459896249999877,0.0023842737500000544,0.0007139499999999943,0.002257277042699898,-0.0009850000000000136,0.021019999999999983,1.4717759993266576e-05,0.0004257028058021334,-0.001306686940973377,0.0009362738698947062,-0.0002564024861952273,0.006580857056772887,-0.0025445841993330595,0.047282579780844894
imports,2024-10-13_2024-10-19,random,0.1,100,129,0.9359189912499999,0.14713,0.04392105266743589,0.049265940214868895,0.9317988545250002,0.003933496077904657,0.918276345,0.9385945775,0.16629899999999995,0.025151906180248047,0.144695,0.21428,0.044280722736686214,0.0016734479255738565,0.04064766728063342,0.04723084922320462,0.05005134218449087,0.012090892149099091,0.04483086877495055,0.09858771312224167,-0.004720943724999997,0.003841113599152676,-0.019248284999999976,0.0017520012500000792,0.0018439999999999928,0.004810960558973643,-0.0009900000000000186,0.022854999999999986,3.140461241870764e-05,0.0005587322638580264,-0.0015579224815344545,0.0014315509228203932,0.0008894081958004048,0.012095560086729469,-0.004266505278081152,0.049321772907372774
imports,2024-10-20_2024-10-26,baseline,0.0,5,0,0.9298502224999998,0.135685,0.03376037800075242,0.04091215469114716,0.9285761299999999,0.0007880392740311184,0.92756691125,0.9298502224999998,0.16129000000000002,0.01628476097460445,0.135685,0.179545,0.03391296844450344,0.001901488300457728,0.031073098405630793,0.036515943851778275,0.04137882639141431,0.0004055181118575371,0.04091215469114716,0.0419546426155615,0.0,0.0,0.0,0.0,0.0,0.0,0.0,0.0,0.0,0.0,0.0,0.0,0.0,0.0,0.0,0.0
imports,2024-10-20_2024-10-26,important,0.01,5,13,0.9298502224999998,0.135685,0.03376037800075242,0.04091215469114716,0.9001782945000001,0.0030703987768132854,0.89668624875,0.9042193949999999,0.160006,0.01962703630199934,0.136525,0.183355,0.032573868395407775,0.001893636035923069,0.029932275118960478,0.035339306950444065,0.07937792517500761,0.0019091269053802809,0.07664978063532665,0.08210632053204055,-0.028397835499999923,0.0035495518355098143,-0.0331639737499998,-0.024410012499999967,-0.0012840000000000074,0.009311200996649135,-0.01983499999999999,0.0040949999999999875,-0.0013391000490956713,0.0001480456918919722,-0.0014755651845729106,-0.001140823286670315,0.03799909878359329,0.0017013366266003804,0.035737625944179494,0.04015167791647905
imports,2024-10-20_2024-10-26,important,0.05,5,65,0.9298502224999998,0.135685,0.03376037800075242,0.04091215469114716,0.8674125995,0.008247508627561538,0.85355065125,0.8766224174999999,0.167725,0.02585920300395973,0.139445,0.20386,0.03132659119616686,0.0016556034863372544,0.029215838806366388,0.03354714371174297,0.08255512737949611,0.001361479903434209,0.08022677908367828,0.08419889208057707,-0.06116353049999994,0.008037821735944091,-0.07531903249999994,-0.053227804999999906,0.0064350000000000015,0.013673795376558764,-0.016914999999999986,0.025535000000000002,-0.0025863772483365856,0.00040057813178960355,-0.0029688001400353034,-0.0018572595992644055,0.0411763009880818,0.00101086211085484,0.039314624392531125,0.04224424946501557
imports,2024-10-20_2024-10-26,important,0.1,5,129,0.9298502224999998,0.135685,0.03376037800075242,0.04091215469114716,0.8285833085000001,0.01459350886866968,0.80239489625,0.8451481649999999,0.181703,0.015049306163408336,0.161825,0.206885,0.030385709407035603,0.0014631952407220567,0.028562820981675396,0.032463902716587306,0.08418225910661012,0.0014434027633309302,0.08257780309271315,0.08645918051137394,-0.09999282149999993,0.014513509118513805,-0.12623451124999985,-0.08470205749999993,0.020412999999999997,0.007093940794791007,0.008199999999999985,0.028560000000000002,-0.00352725903746784,0.0005579368369043639,-0.004052041135190969,-0.002510277423955397,0.04280343271519582,0.00110326316446461,0.04166564840156599,0.04450453789581244
imports,2024-10-20_2024-10-26,random,0.01,100,13,0.9298502224999998,0.135685,0.03376037800075242,0.04091215469114716,0.9282416090000001,0.0014141474342946401,0.92123147375,0.9311111075,0.16292814999999997,0.014272604836801865,0.134825,0.179955,0.033930319986343396,0.0019009387915409073,0.030975228494337467,0.03675201960354272,0.041198166198751246,0.00044729615555075616,0.040308446508776484,0.04267802773532605,-0.00033452099999993436,0.001183801107724312,-0.006335437499999985,0.001538999999999846,0.001638149999999996,0.00575746752726405,-0.0013400000000000079,0.022804999999999992,1.7351541839957346e-05,0.00010006287895162325,-0.00025256054453545035,0.00023956281448236916,-0.00018066019266305917,0.000165026982363303,-0.0006890839426596726,0.0007233851197645524
imports,2024-10-20_2024-10-26,random,0.05,100,65,0.9298502224999998,0.135685,0.03376037800075242,0.04091215469114716,0.9258245287125001,0.0033599331552080854,0.91400407125,0.93150554125,0.1629213,0.013081411556479676,0.135085,0.18037,0.0339200190854673,0.0019042546836573488,0.030663167965598315,0.03694416222103836,0.04195404366787368,0.0076412386047804174,0.03927159658845791,0.08040176292964807,-0.0027516012874999464,0.0033181749967473753,-0.014496617499999864,0.002456822500000011,0.001631299999999995,0.008034026624924766,-0.02223,0.02457000000000001,7.050640963856547e-06,0.00027458761546172663,-0.0008264191992144107,0.0007861324685937768,0.0005752172764593708,0.0075796670689668175,-0.0016549963744944343,0.03867418959927273
imports,2024-10-20_2024-10-26,random,0.1,100,129,0.9298502224999998,0.135685,0.03376037800075242,0.04091215469114716,0.9218791530125001,0.0053421075284165636,0.8999825024999999,0.92933588,0.16265915000000003,0.014360894663199088,0.13436,0.184985,0.03389275713309773,0.001931698837269086,0.030417365697982042,0.03744130358898391,0.04258295998153915,0.010937644094394502,0.03785239839708175,0.08335156360654909,-0.006696976987499932,0.0052920827818672255,-0.02986771999999993,-0.00012868875000004998,0.0013691499999999935,0.005515865528409845,-0.0024000000000000132,0.021675,-2.0211311405711022e-05,0.00040465491602068574,-0.001110040984204877,0.0011801019528034085,0.0012041335901248438,0.01087697280471446,-0.003311838415394147,0.041396920990987594
imports,2024-10-27_2024-11-02,baseline,0.0,5,0,0.9218398475,0.15142,0.022039834863493674,0.03272088961227801,0.922451332,0.001338995036987993,0.92042149125,0.9239803237499999,0.16595,0.013695514959285029,0.150765,0.18214,0.023156273700313763,0.0016336188077716923,0.02150926323735221,0.02611005125113955,0.03251333487635078,0.0002623699125812548,0.0319990193932953,0.03272088961227801,0.0,0.0,0.0,0.0,0.0,0.0,0.0,0.0,0.0,0.0,0.0,0.0,0.0,0.0,0.0,0.0
imports,2024-10-27_2024-11-02,important,0.01,5,13,0.9218398475,0.15142,0.022039834863493674,0.03272088961227801,0.8868224244999998,0.0065572007587631044,0.8794978600000001,0.8990297,0.168605,0.014160168431201658,0.152945,0.18586,0.022449507681775987,0.0016903300840581845,0.020900834757939673,0.02557336728192322,0.06211012007275777,0.0010066214606398688,0.06119888222990811,0.06399837939456314,-0.03562890749999996,0.006074785890984448,-0.042341987499999956,-0.0249506237499999,0.0026549999999999963,0.0008048788728746725,0.0016649999999999998,0.003720000000000001,-0.0007067660185377806,0.00011325659346985596,-0.0008214734459650042,-0.0005366839692163283,0.02959678519640699,0.0010496924912424125,0.0284779926176301,0.031324188956009316
imports,2024-10-27_2024-11-02,important,0.05,5,65,0.9218398475,0.15142,0.022039834863493674,0.03272088961227801,0.8491143995,0.012966565208603693,0.8294182550000001,0.86075315375,0.17687999999999998,0.01359280250720947,0.155625,0.192505,0.0220972804806941,0.0016844150228552603,0.02049156802160034,0.025177940389239522,0.0639084528323007,0.0004395520148940328,0.06323329884212386,0.06448544533288908,-0.07333693249999992,0.012992293864503617,-0.09445927624999984,-0.061086693749999976,0.01093,0.008291177841537345,0.004205000000000014,0.026849999999999985,-0.0010589932196196645,0.00010341190290004275,-0.0012138295865876496,-0.0009321108619000269,0.03139511795594992,0.0003268875025558785,0.03090489561481914,0.031893166318474636
imports,2024-10-27_2024-11-02,important,0.1,5,129,0.9218398475,0.15142,0.022039834863493674,0.03272088961227801,0.80871264825,0.011594774623494048,0.7901130675,0.82379353625,0.184647,0.017304228558361095,0.158425,0.2045,0.022047671668140277,0.0016909123161315898,0.02076275837337407,0.025270439609873338,0.06500244882129005,0.00031223745543479105,0.06454876377846483,0.06553023434261539,-0.11373868374999999,0.012376954825233523,-0.13386725624999996,-0.09804631125000007,0.018697,0.007743889591155072,0.007005000000000011,0.028999999999999998,-0.0011086020321734898,0.0002796267134209544,-0.0014474314349707286,-0.0007183235517611575,0.03248911394493928,0.0002465177806345829,0.03223593786286924,0.032937955328200944
imports,2024-10-27_2024-11-02,random,0.01,100,13,0.9218398475,0.15142,0.022039834863493674,0.03272088961227801,0.9218784390875,0.001916410280543627,0.9135289100000001,0.92502033125,0.1661741,0.013817387965530966,0.1501,0.183315,0.023150217497344628,0.001647054538699063,0.021385255095701647,0.026232688459068516,0.03265075784989207,0.0029907648733055615,0.03159093486322253,0.062295639148511044,-0.0005728929124999427,0.0017824950307791848,-0.009630273749999807,0.002118916249999936,0.00022409999999999707,0.0005644671735362468,-0.0008749999999999869,0.0021950000000000025,-6.056202969132521e-06,6.747040630345005e-05,-0.00015667654409864604,0.00019951060222243855,0.00013742297354128296,0.002973306670886537,-0.0004080845300727734,0.0297033601340966
imports,2024-10-27_2024-11-02,random,0.05,100,65,0.9218398475,0.15142,0.022039834863493674,0.03272088961227801,0.9198943477124999,0.0036595512002007154,0.905882015,0.92422474625,0.16648449999999998,0.014065458870936277,0.14994,0.183905,0.023166747774161923,0.0016431941688221478,0.021244347026761368,0.026632946811969975,0.03291234690282621,0.0058864498835131665,0.030455484406801243,0.06259186436803858,-0.0025569842874999514,0.0038543032838263083,-0.015957832500000046,0.0027157337500001155,0.0005344999999999969,0.0009275824761173529,-0.0014250000000000096,0.002604999999999996,1.0474073848155616e-05,0.00019616216464280004,-0.0004750382130618673,0.0005611428728444223,0.0003990120264754405,0.005894584382790325,-0.0015929899012501192,0.02999958535362414
imports,2024-10-27_2024-11-02,random,0.1,100,129,0.9218398475,0.15142,0.022039834863493674,0.03272088961227801,0.9161392330125,0.004943594106634246,0.9027566824999997,0.92370056375,0.16705399999999998,0.013980444592358284,0.15015,0.18488,0.02311506364556002,0.001673520175590799,0.020942735357583234,0.02684551658425558,0.03320715917073871,0.008131109109891288,0.029503443278139956,0.061643502840301095,-0.006312098987499955,0.004864608778304185,-0.01941257750000014,0.0024026649999999705,0.0011039999999999976,0.0010596926441190375,-0.0010900000000000076,0.005959999999999993,-4.1210054753742996e-05,0.0003120756382271948,-0.0007142873677365019,0.0007354653331160324,0.0006938242943879255,0.008192137048136434,-0.0027413334393442505,0.02950422349916204
imports,2024-11-03_2024-11-09,baseline,0.0,5,0,0.93644213375,0.13702,0.025683146852294884,0.034446749565643225,0.9378880112499999,0.0015783853750860719,0.93644213375,0.9404036474999999,0.144663,0.039045453077150995,0.112085,0.2193,0.02461760036352074,0.002181077072401338,0.021908348321261897,0.028180606220510992,0.0343908387842969,0.0001869001929874135,0.03418122581789308,0.03469842090958752,0.0,0.0,0.0,0.0,0.0,0.0,0.0,0.0,0.0,0.0,0.0,0.0,0.0,0.0,0.0,0.0
imports,2024-11-03_2024-11-09,important,0.01,5,13,0.93644213375,0.13702,0.025683146852294884,0.034446749565643225,0.9074993112499999,0.004987661129534644,0.9017013624999999,0.9140920025000001,0.14655999999999997,0.03974916351321119,0.11335,0.221935,0.02292724213599593,0.0021546972357761487,0.020026103746228825,0.026392445033646884,0.06573532246737258,0.0010612539413259986,0.0644942283528726,0.06734206620685554,-0.0303887,0.004744195479494144,-0.037239961250000064,-0.025302019999999814,0.0018969999999999987,0.0016278839024942778,-0.0010649999999999965,0.003835000000000005,-0.0016903582275248075,0.0002643490526264357,-0.001940121172920698,-0.0012025375991927024,0.03134448368307567,0.001072406918178815,0.03004747878722938,0.03292533617723716
imports,2024-11-03_2024-11-09,important,0.05,5,65,0.93644213375,0.13702,0.025683146852294884,0.034446749565643225,0.82773279525,0.011035482711509812,0.81479723625,0.8480998587500002,0.15773500000000001,0.03887689815301627,0.122555,0.226145,0.02130728777878848,0.0025408661117846004,0.018802057611554967,0.025437923051134487,0.0672143576779338,0.0005168579070879343,0.06628514030242423,0.06784936650372439,-0.11015521599999993,0.011135321020710045,-0.12560641124999994,-0.09096074249999986,0.013071999999999997,0.010433781960535682,0.004629999999999995,0.03350499999999998,-0.0033103125847322597,0.0006123028703672429,-0.004204663484896946,-0.002655938827167404,0.0328235188936369,0.0005148738946361073,0.031838390736781005,0.033264960812423576
imports,2024-11-03_2024-11-09,important,0.1,5,129,0.93644213375,0.13702,0.025683146852294884,0.034446749565643225,0.7701516230000001,0.02319382147580926,0.7483690575,0.8125739300000001,0.17039200000000002,0.040962917083625774,0.12616,0.22894,0.020468812409870408,0.00262526045661728,0.017823365946193513,0.024526718970583766,0.06818415558554754,0.0004625428943306547,0.06735659115718615,0.06867274593752577,-0.16773638824999998,0.024361745760755026,-0.1920345899999999,-0.12392043374999984,0.025728999999999995,0.022890845637503217,0.009479999999999988,0.069245,-0.004148787953650332,0.0007186540563851218,-0.00506496170701639,-0.003124461360238473,0.03379331680125063,0.0004873440127727287,0.03290984159154292,0.034348263489999496
imports,2024-11-03_2024-11-09,random,0.01,100,13,0.93644213375,0.13702,0.025683146852294884,0.034446749565643225,0.937187544775,0.002724863573602112,0.9207658599999999,0.9409616074999999,0.14447405000000002,0.03927155798217713,0.11063,0.220015,0.024609810954527366,0.002184956071964232,0.02168280557204559,0.02858368659763508,0.034515924801571875,0.0030793093051832993,0.033764022477162085,0.06507840870075268,-0.000700466474999989,0.0022647264811916008,-0.016273450000000134,0.003460606249999998,-0.00018895000000000286,0.0007214448333032836,-0.0027400000000000063,0.001689999999999997,-7.789408993367671e-06,9.95396083165717e-05,-0.00035293234633140477,0.000403080377124089,0.00012508601727497724,0.003092414276915075,-0.0005659222622247453,0.030867341102010386
imports,2024-11-03_2024-11-09,random,0.05,100,65,0.93644213375,0.13702,0.025683146852294884,0.034446749565643225,0.9350343333749999,0.003470654497693895,0.9222220812499999,0.9407228675,0.1444526,0.03936709667018892,0.10999,0.22096,0.024598650148008997,0.0021783907654015326,0.021433212620969904,0.028825227313512374,0.03512498603375428,0.006825228399161614,0.03285737234420256,0.06633740422189316,-0.002853677874999988,0.0033692181714119634,-0.01683852000000008,0.0019345137500000886,-0.0002104000000000021,0.001043010230055295,-0.0029549999999999993,0.002244999999999997,-1.8950215511744152e-05,0.0003000923641722988,-0.001150203258593649,0.0006446210930013824,0.0007341472494573859,0.006832240587981894,-0.0014473997479818798,0.03212633662315086
imports,2024-11-03_2024-11-09,random,0.1,100,129,0.93644213375,0.13702,0.025683146852294884,0.034446749565643225,0.93316588615,0.004829187709087429,0.91508742375,0.9401158062500001,0.1445506,0.0394185233632616,0.110115,0.220695,0.02459764384024977,0.0022741030249149446,0.02082521996083135,0.028835347735845233,0.035297940995413314,0.008840329630464796,0.03181240635436434,0.06656344704056383,-0.004722125099999982,0.004776564133897753,-0.021951886250000108,0.0029983774999998714,-0.0001124000000000025,0.001071798600484252,-0.002590000000000009,0.0019800000000000095,-1.9956523270968676e-05,0.0004797389051691244,-0.0016442663947198836,0.0008866397556031372,0.0009071022111164119,0.008857232838795023,-0.0025789498052974716,0.032227778594021754
imports,2024-11-10_2024-11-16,baseline,0.0,5,0,0.9223135250000001,0.151895,0.02266391165256417,0.028673545518561855,0.9249819785,0.0014465582810889196,0.9223135250000001,0.9262898499999999,0.152708,0.017858647093215094,0.123845,0.180245,0.025012035094985972,0.0016504510795799937,0.02266391165256417,0.027450755343770398,0.028642936462181502,0.0003144896644590782,0.02804438915444707,0.028929011789930483,0.0,0.0,0.0,0.0,0.0,0.0,0.0,0.0,0.0,0.0,0.0,0.0,0.0,0.0,0.0,0.0
imports,2024-11-10_2024-11-16,important,0.01,5,13,0.9223135250000001,0.151895,0.02266391165256417,0.028673545518561855,0.8973902435,0.004876269469669477,0.89206718375,0.9047905787500001,0.15308700000000003,0.01753407243055646,0.124605,0.17973,0.023373505391404044,0.0016532596610421045,0.02073983913754856,0.025702503822755716,0.05468174823803672,0.0013847216616283183,0.05303689239700403,0.056466856106059934,-0.02759173499999994,0.00442240744369478,-0.03422266624999981,-0.02107814249999984,0.0003789999999999988,0.001155929928672152,-0.0006250000000000144,0.002475000000000005,-0.0016385297035819313,0.00024509060682288166,-0.0019240725150156124,-0.0011856363875880904,0.026038811775855215,0.001148148017735357,0.024913385054726095,0.027600040896613998
imports,2024-11-10_2024-11-16,important,0.05,5,65,0.9223135250000001,0.151895,0.02266391165256417,0.028673545518561855,0.8262684124999999,0.004371850128503451,0.8216118000000001,0.8338054625000001,0.157776,0.016318615566278897,0.13239,0.183675,0.021689003056416047,0.0018880130038493466,0.019089760886803475,0.02441498078924484,0.0558062224382299,0.000811674997001381,0.05465665294875618,0.05675802099781586,-0.09871356599999989,0.00489080911077841,-0.10425692124999986,-0.0920187899999998,0.005068000000000003,0.0020889246037135967,0.002939999999999998,0.008545000000000011,-0.0033230320385699264,0.0003231391312002415,-0.003711751606543537,-0.0028610341807373124,0.027163285976048397,0.0005776584313659881,0.026365263086945367,0.027829009207885374
imports,2024-11-10_2024-11-16,important,0.1,5,129,0.9223135250000001,0.151895,0.02266391165256417,0.028673545518561855,0.7734843585,0.01964434593823778,0.75186126875,0.8063737875,0.16630699999999998,0.013439774402868516,0.152065,0.189405,0.020514667780730883,0.0018735486157617025,0.017907105685173407,0.02329642652027032,0.05649494350740538,0.0009175799799753842,0.05507417510215887,0.05769003657774584,-0.15149761999999994,0.02006664288435784,-0.17400745249999994,-0.1194504649999999,0.013599000000000003,0.008884347134145536,0.0044500000000000095,0.02822000000000001,-0.004497367314255092,0.00025420539773186954,-0.004756805967390764,-0.004154328823500079,0.027852007045223885,0.0006528542890575478,0.0270297859477118,0.028761024787815354
imports,2024-11-10_2024-11-16,random,0.01,100,13,0.9223135250000001,0.151895,0.02266391165256417,0.028673545518561855,0.9246816653125,0.001822572739805864,0.9205943250000002,0.9296281325,0.15251945,0.01805064151069152,0.12181,0.181695,0.025019708976889873,0.0016488878685507373,0.02243470013863274,0.027586817516333916,0.028771504830802916,0.002511725412492829,0.027642866193045897,0.053549631966996955,-0.0003003131874999454,0.0012598800176554545,-0.0056955249999997015,0.0033382825000001226,-0.00018854999999999567,0.0006566194845570752,-0.002034999999999995,0.0014500000000000068,7.673881903896806e-06,9.805344155439186e-05,-0.0006577447035186375,0.0001421257645087097,0.00012856836862141352,0.002552139450701309,-0.00043095909743790656,0.025505242812549886
imports,2024-11-10_2024-11-16,random,0.05,100,65,0.9223135250000001,0.151895,0.02266391165256417,0.028673545518561855,0.9232526054500001,0.0032330868183165153,0.91432320125,0.9295056575000001,0.15239415,0.017828596664558317,0.122735,0.18156,0.025024922411314914,0.001636079428926276,0.022167945140546288,0.0278794827875169,0.028461097602771185,0.003718466233269792,0.027090292207012014,0.0545857753669116,-0.001729373049999947,0.0032006922077311793,-0.011966648749999864,0.00487079374999988,-0.00031384999999999676,0.00103141258839516,-0.0029899999999999927,0.002245000000000011,1.288731632894332e-05,0.00021483618703137554,-0.0006570404337401907,0.0004287274437465016,-0.00018183885941031969,0.003746901640213568,-0.0014406560098081563,0.026108466499128742
imports,2024-11-10_2024-11-16,random,0.1,100,129,0.9223135250000001,0.151895,0.02266391165256417,0.028673545518561855,0.9209711090875,0.005097922658620807,0.9050167925000001,0.9312451212500001,0.15249325,0.017759018897098452,0.1226,0.18135,0.025049484738840676,0.0016577799407476918,0.021674743044266507,0.027980954292148516,0.02888456822940864,0.0066507851734211474,0.0259660495822595,0.05564370847513381,-0.0040108694124999485,0.0050561177832320935,-0.018363549999999784,0.005420868750000252,-0.00021474999999999717,0.0013808517978045295,-0.0025550000000000017,0.007865000000000011,3.7449643854707736e-05,0.0003504772264548597,-0.0009891686082976643,0.0007011188645921727,0.0002416317672271415,0.006659277575765871,-0.002167839716614939,0.02740449296606734
imports,2024-11-17_2024-11-23,baseline,0.0,5,0,0.9213875899999999,0.20726,0.02196321759468181,0.024954223674516985,0.9213790730000001,0.0008803471135444529,0.9198730625,0.9224863325000001,0.15373799999999999,0.02926187854530191,0.12682,0.20726,0.021869016467601247,0.0016067876887659093,0.018815171186935167,0.02349118481995211,0.0244587824928886,0.000366867602432801,0.02390193354153535,0.024954223674516985,0.0,0.0,0.0,0.0,0.0,0.0,0.0,0.0,0.0,0.0,0.0,0.0,0.0,0.0,0.0,0.0
imports,2024-11-17_2024-11-23,important,0.01,5,13,0.9213875899999999,0.20726,0.02196321759468181,0.024954223674516985,0.89441703225,0.0039683441706833,0.8889981900000001,0.8986135799999999,0.154305,0.029002492134297703,0.12682,0.20704,0.02031796983146733,0.0016878783984589489,0.017109100762415723,0.021851603346521056,0.04682477385511665,0.0008595528264709462,0.04576761794452723,0.04831403937932916,-0.026962040750000017,0.004194578814070563,-0.03218564749999997,-0.021344269999999943,0.0005670000000000009,0.000557320374649985,-0.00021999999999999797,0.0010449999999999904,-0.0015510466361339167,0.00018593859202084223,-0.0017060704245194444,-0.0011873368742721727,0.022365991362228048,0.0008609348216733218,0.02155565529772195,0.023634082279617052
imports,2024-11-17_2024-11-23,important,0.05,5,65,0.9213875899999999,0.20726,0.02196321759468181,0.024954223674516985,0.8438973525,0.014950563423862383,0.81880265125,0.8629374137500001,0.15933899999999998,0.02784388773142141,0.133635,0.21,0.01870125262528588,0.0015522483026893235,0.01587756720230475,0.020639129928242687,0.04819664776888781,0.0007461788657420921,0.046998988310555295,0.04910434887306678,-0.07748172050000002,0.014948362849906487,-0.10316189125000008,-0.05845017624999982,0.005601,0.002074546697473933,0.0027399999999999924,0.008319999999999994,-0.003167763842315364,0.00040425893272450685,-0.0038228612298120204,-0.002774503208060032,0.023737865275999206,0.00045582610297521044,0.023097054769019944,0.02442439177335467
imports,2024-11-17_2024-11-23,important,0.1,5,129,0.9213875899999999,0.20726,0.02196321759468181,0.024954223674516985,0.7934993159999999,0.01547744309990489,0.76892085875,0.81561136125,0.16955199999999998,0.021486334866607663,0.150665,0.21124,0.017558363444556746,0.0015722003761063977,0.014662516006200272,0.019266957963446397,0.04908888312934102,0.0006932808823475047,0.047953360385162805,0.04989423689752895,-0.12787975700000004,0.015939148950768853,-0.15356547375000007,-0.10577622874999992,0.015814000000000005,0.009521337826167079,0.003980000000000011,0.02979000000000001,-0.004310653023044501,0.0005749468119286103,-0.00533883600256644,-0.0035609418168786183,0.024630100636452414,0.0004010144989599065,0.024051426843627453,0.02521427979781684
imports,2024-11-17_2024-11-23,random,0.01,100,13,0.9213875899999999,0.20726,0.02196321759468181,0.024954223674516985,0.9212991381000001,0.0017322861073099441,0.91444818375,0.9273000950000001,0.15360059999999998,0.02919255166373779,0.125295,0.208105,0.021850276079346767,0.0015956593581960895,0.01865684678454351,0.023609398600500923,0.0245934213668488,0.0022389186623690974,0.023575180172877727,0.04658038368359205,-7.993490000003378e-05,0.0015876662385956484,-0.006939406249999891,0.0053355525000000625,-0.00013739999999999613,0.0005656741464836427,-0.0015249999999999986,0.00134999999999999,-1.8740388254478887e-05,0.0001569176672371163,-0.000835904273884816,0.00016068755102019786,0.0001346388739601949,0.0022054300929016278,-0.00045009212562770184,0.02203454818171876
imports,2024-11-17_2024-11-23,random,0.05,100,65,0.9213875899999999,0.20726,0.02196321759468181,0.024954223674516985,0.9195335925125001,0.004612065951455741,0.90457834125,0.9274151962500002,0.15298130000000001,0.028158895491655917,0.124715,0.207525,0.02187421042320953,0.0016556546180179065,0.01768686901584459,0.023861554329437804,0.025079481740301727,0.005062448306786693,0.02295458243178379,0.048368485467014166,-0.0018454804875000287,0.004524270000664027,-0.015294721249999976,0.007542133750000235,-0.0007566999999999961,0.00399819873317973,-0.02842,0.0016700000000000048,5.1939556082910774e-06,0.0002702770218124708,-0.001128302171090577,0.0003703695094856921,0.0006206992474131204,0.0050651804951198885,-0.0011166483430285826,0.02390476134243589
imports,2024-11-17_2024-11-23,random,0.1,100,129,0.9213875899999999,0.20726,0.02196321759468181,0.024954223674516985,0.9173880932499999,0.006068915785590945,0.88836865125,0.9260260825,0.1524523,0.026714867484417735,0.12523,0.20852,0.021848129578789788,0.001623789916471412,0.018397984544744055,0.023859793350408096,0.026778829072023617,0.008548822820928193,0.022251121029198115,0.04983029712635418,-0.003990979750000035,0.006179905371203194,-0.03281518625000013,0.005174318749999962,-0.0012856999999999957,0.006803361853525065,-0.028904999999999986,0.027160000000000017,-2.088688881145745e-05,0.00034047990600572994,-0.0017747349292713266,0.0005902749429029935,0.0023200465791350143,0.008532242111832462,-0.001983715250599389,0.024876073451837195
imports,2024-11-24_2024-11-30,baseline,0.0,5,0,0.9356247337499999,0.144885,0.0245987372226446,0.03474117292938268,0.9361309417499999,0.0007147241900615748,0.9352770587499999,0.9370849674999999,0.136511,0.010710811080399096,0.123025,0.14569,0.023487241034251365,0.0022093350457769376,0.020931203766507686,0.027161121216511718,0.034250658667977905,0.0003810932483330468,0.03361170916043046,0.03474117292938268,0.0,0.0,0.0,0.0,0.0,0.0,0.0,0.0,0.0,0.0,0.0,0.0,0.0,0.0,0.0,0.0
imports,2024-11-24_2024-11-30,important,0.01,5,13,0.9356247337499999,0.144885,0.0245987372226446,0.03474117292938268,0.90743558925,0.0037553396356942307,0.9023612775000001,0.9125383925000001,0.13811299999999999,0.010200014509793602,0.125005,0.146985,0.022457842949935886,0.002150482314676076,0.019748737750805156,0.025990704550303383,0.06563237992769885,0.001434097030594032,0.06371259354218939,0.06769772563131354,-0.028695352499999882,0.003898675095290576,-0.03326345624999982,-0.02273866624999976,0.0016020000000000034,0.0005755223714157455,0.0008499999999999897,0.0025000000000000022,-0.0010293980843154812,0.00016102049219035745,-0.0011824660157025296,-0.0007554660288166433,0.031381721259720954,0.001230820013503126,0.03010088438175893,0.03321021666461442
imports,2024-11-24_2024-11-30,important,0.05,5,65,0.9356247337499999,0.144885,0.0245987372226446,0.03474117292938268,0.8608133627499999,0.012005969343385721,0.8452055825,0.8794083262500001,0.143543,0.00940799053996123,0.130585,0.155355,0.0217937811845711,0.002382438866038753,0.019184843189291343,0.02575777987438558,0.06755335892506821,0.0004889282567391189,0.06688579000859751,0.06823520172417598,-0.07531757899999988,0.01212460323823825,-0.09166513249999997,-0.05621640749999979,0.007031999999999999,0.003147787476943131,0.003390000000000004,0.01142499999999999,-0.0016934598496802663,0.000214389506191366,-0.002059931705523984,-0.0014033413421261388,0.033302700257090305,0.00033015001070396324,0.0330057924306035,0.033935764209768
imports,2024-11-24_2024-11-30,important,0.1,5,129,0.9356247337499999,0.144885,0.0245987372226446,0.03474117292938268,0.81999980575,0.01487681138453905,0.80032640125,0.84568832375,0.158755,0.00888134167792232,0.151805,0.176125,0.021451120130697103,0.002511372773349614,0.018424671613362545,0.025378609099513928,0.06926784064014,0.0004792079158905416,0.06857404455938831,0.06986164730670483,-0.11613113599999987,0.015391500356986037,-0.13675856624999994,-0.08993640999999986,0.022243999999999996,0.008919400988855708,0.010709999999999997,0.030435000000000018,-0.0020361209035542624,0.0004220389098686278,-0.002581621633209092,-0.0015631653802534763,0.03501718197216208,0.000290949429898704,0.03473325075963525,0.03556220979229685
imports,2024-11-24_2024-11-30,random,0.01,100,13,0.9356247337499999,0.144885,0.0245987372226446,0.03474117292938268,0.93563696595,0.0024645719927971735,0.92162723125,0.9398982325,0.13675890000000002,0.010736580591137945,0.121905,0.147595,0.02348168930796949,0.002200760398280194,0.020791335374358788,0.027244530466883538,0.034066349528949644,0.0004112049607525105,0.03325824196547843,0.03474845038884513,-0.0004939757999998729,0.002335803538040939,-0.013649827499999878,0.0046211737500001515,0.00024790000000000104,0.000668937284055835,-0.001119999999999996,0.00270999999999999,-5.551726281884383e-06,7.969165964669697e-05,-0.00021091521961294837,0.00016043955176957628,-0.00018430913902826412,0.00010878703324641938,-0.0005232634273937553,0.00010390738283702627
imports,2024-11-24_2024-11-30,random,0.05,100,65,0.9356247337499999,0.144885,0.0245987372226446,0.03474117292938268,0.9334455043125002,0.004424102935702314,0.9156031312499999,0.93838316125,0.13698690000000002,0.010635646919205245,0.12211,0.15054,0.02348863549798788,0.002221323604640699,0.02056270422920593,0.02751721427049979,0.034050154450686335,0.004368374339303196,0.0325817769293484,0.0649706186302413,-0.002685437437499898,0.004268822018266629,-0.020021602499999958,0.002691738750000172,0.0004759000000000006,0.0010015865863718374,-0.0022049999999999847,0.005654999999999993,1.3944637365112533e-06,0.00017904185810456273,-0.0005156148172304302,0.00040489799821769035,-0.00020050421729157303,0.00436629501835641,-0.0014996269172479204,0.030382781861794585
imports,2024-11-24_2024-11-30,random,0.1,100,129,0.9356247337499999,0.144885,0.0245987372226446,0.03474117292938268,0.9305803981500003,0.00569762015784189,0.9126618662500001,0.9394807775,0.13727485,0.010325752308064533,0.122595,0.147645,0.023435293857290946,0.0022956263326229655,0.020114623368389532,0.027871628928631726,0.034454857617506794,0.007671036120834402,0.03137267778454102,0.0670391456561105,-0.005550543599999864,0.005719814499766075,-0.02296286749999976,0.0042037187500001405,0.0007638500000000008,0.001183347340175314,-0.0028399999999999814,0.005739999999999995,-5.194717696041549e-05,0.0003831814294800204,-0.0010514089349982735,0.0007105077121200079,0.00020419894952888374,0.007696345441431441,-0.0024013473814636643,0.03229797272672781
imports,2024-12-01_2024-12-07,baseline,0.0,5,0,0.93967229375,0.116975,0.03233656407897732,0.03607766275069184,0.9421007004999999,0.0017235721230670635,0.93967229375,0.9446167249999999,0.127728,0.00948989915647158,0.116975,0.1394,0.03160282483851945,0.001885996857811513,0.029152065937318162,0.03408157174211527,0.036056546027043876,0.000248471314652222,0.03574664207748167,0.03650305972454966,0.0,0.0,0.0,0.0,0.0,0.0,0.0,0.0,0.0,0.0,0.0,0.0,0.0,0.0,0.0,0.0
imports,2024-12-01_2024-12-07,important,0.01,5,13,0.93967229375,0.116975,0.03233656407897732,0.03607766275069184,0.9149121205,0.0026537150518639125,0.9114352237500001,0.9194589362500001,0.12864399999999998,0.009898401588135325,0.1173,0.14014,0.03120388098292262,0.0018694576029485834,0.0287100207824487,0.03359256684123394,0.06941591251003595,0.001517257860847661,0.06805293556618697,0.07154139176910287,-0.027188579999999973,0.002590738396662415,-0.029527847500000037,-0.022542068749999866,0.0009160000000000001,0.0006718362895825115,0.0001799999999999996,0.0018749999999999878,-0.0003989438555968283,5.7030924639627154e-05,-0.0004890049008813291,-0.00033994458971342914,0.03335936648299207,0.0013539296426575487,0.03197527281549513,0.035038332044553214
imports,2024-12-01_2024-12-07,important,0.05,5,65,0.93967229375,0.116975,0.03233656407897732,0.03607766275069184,0.878274446,0.01231136358091843,0.85793498125,0.89344969375,0.13457,0.015336551437660294,0.121215,0.15731,0.031346701568126724,0.0019963859492437416,0.028608428696885825,0.034115217559902704,0.07256719445024798,0.0008694465441541274,0.07173038324939554,0.07424381249808627,-0.06382625449999997,0.012776832782066545,-0.08302809000000011,-0.0462226,0.006842000000000006,0.006931151130944989,-0.002669999999999992,0.01791000000000001,-0.0002561232703927302,0.00020339799001933484,-0.0005436372404323368,3.364581778743381e-05,0.03651064842320408,0.0006818677945879529,0.0356527204987037,0.03774075277353661
imports,2024-12-01_2024-12-07,important,0.1,5,129,0.93967229375,0.116975,0.03233656407897732,0.03607766275069184,0.8373608822499999,0.017624327158183302,0.8193557812500001,0.8675314125,0.145178,0.016136202031457086,0.12286,0.16665,0.03147172574809707,0.002088816711089329,0.028699621115187698,0.0342863837845143,0.07481384500925717,0.0008094866220645027,0.07409355930056927,0.07632546383152751,-0.10473981825,0.01845911513503578,-0.12160729000000003,-0.07214088125000007,0.01745,0.0073966526212875475,0.005885000000000001,0.028384999999999994,-0.00013109909042238258,0.0002216847068919377,-0.00045244482213046416,0.0002048120423990274,0.038757298982213285,0.0006526808365958992,0.03805311707574273,0.03982240410697785
imports,2024-12-01_2024-12-07,random,0.01,100,13,0.93967229375,0.116975,0.03233656407897732,0.03607766275069184,0.9415926293125,0.0026648086211807013,0.9286085212499999,0.946355195,0.1271421,0.009149876042329756,0.11443,0.139965,0.031593324758772225,0.0018930325199669662,0.02896587432467304,0.03424954410520291,0.03654770228359311,0.004654663991029781,0.035380160314922554,0.0694918354814202,-0.0005080711874999821,0.0018426780468108197,-0.012354550000000186,0.0018253825000000834,-0.0005858999999999972,0.0020496329403090693,-0.010300000000000004,0.0008849999999999969,-9.500079747226247e-06,0.0001015936563336597,-0.00028733053902901817,0.0003077918142337793,0.0004911562565492287,0.004620903311526541,-0.0005251083773375118,0.032988775756870536
imports,2024-12-01_2024-12-07,random,0.05,100,65,0.93967229375,0.116975,0.03233656407897732,0.03607766275069184,0.9395118639999996,0.0038718776645190246,0.9251774662500001,0.9447930825,0.12650194999999997,0.008655860901579923,0.115105,0.141025,0.03154908767384104,0.0019175519198581293,0.0284383525673349,0.03473631361825384,0.037534727282878794,0.008608052794691465,0.03447548895033145,0.07005510759130437,-0.0025888364999999912,0.0036439419892997822,-0.017461262499999797,0.002689511249999943,-0.0012260499999999968,0.003659307878205934,-0.013715000000000005,0.0027600000000000124,-5.373716467840919e-05,0.00024389092346059355,-0.0007137133699832605,0.0006695845400283632,0.0014781812558349108,0.008568834962098575,-0.0015086902125739932,0.03355204786675471
imports,2024-12-01_2024-12-07,random,0.1,100,129,0.93967229375,0.116975,0.03233656407897732,0.03607766275069184,0.9347251644625001,0.006156601030445141,0.91380958,0.94312273875,0.12742495,0.009082526892198009,0.11568,0.143005,0.03157316357240502,0.0019577764190410307,0.028553425832048823,0.035032497246756056,0.0380444018197446,0.010875762175305361,0.032985533920165684,0.07210517212112924,-0.007375536037499983,0.005940787073170875,-0.025862713750000044,0.002944914999999937,-0.0003030499999999971,0.003343054433822458,-0.012084999999999985,0.004620000000000013,-2.966126611443732e-05,0.0003222324638881665,-0.0006833213967946845,0.0009509255046407858,0.0019878557927007225,0.010832873080138491,-0.003150635195303189,0.0360275093704374
imports,2024-12-08_2024-12-14,baseline,0.0,5,0,0.9399802912499999,0.135835,0.036035655279677836,0.037148735708966873,0.94295549075,0.0017038325950987903,0.9399802912499999,0.944745225,0.12620900000000002,0.014147065914881431,0.114875,0.14956,0.03467836630239466,0.0025845527147422467,0.030810611617176756,0.038516118697742685,0.037252889123045994,0.00022599201560912378,0.036977013516311774,0.037640442936429264,0.0,0.0,0.0,0.0,0.0,0.0,0.0,0.0,0.0,0.0,0.0,0.0,0.0,0.0,0.0,0.0
imports,2024-12-08_2024-12-14,important,0.01,5,13,0.9399802912499999,0.135835,0.036035655279677836,0.037148735708966873,0.91581221,0.004098920211357208,0.9106071012499999,0.9228880475,0.127254,0.014757332550295132,0.115105,0.152625,0.03390686873822908,0.0026712024716014156,0.029827159913346144,0.037853730664809924,0.07132061422736412,0.0015078907241661361,0.06964065236267641,0.0739301188085883,-0.027143280749999964,0.0035599927788208187,-0.03043722874999999,-0.021100302500000057,0.0010449999999999986,0.001276867260133178,-0.0003599999999999992,0.003065000000000012,-0.0007714975641655818,0.00012503416682185236,-0.0009834517038306116,-0.0006410456654728086,0.03406772510431813,0.001379252668989573,0.03249191665370954,0.03628967587215903
imports,2024-12-08_2024-12-14,important,0.05,5,65,0.9399802912499999,0.135835,0.036035655279677836,0.037148735708966873,0.8750395425,0.009640327653674802,0.8608246237500001,0.88390525125,0.136863,0.011441484868669803,0.12254,0.154645,0.03357062198324352,0.002677546973063543,0.029566296133795005,0.03749387436410755,0.07342772742256451,0.0006297381022205542,0.07228365597854508,0.07417142389903299,-0.06791594824999989,0.010270135423045145,-0.0839206012499999,-0.05782532499999993,0.010654,0.006952919099198554,0.005085000000000006,0.023775000000000004,-0.001107744319151139,0.00010856217544626468,-0.0012443154833817506,-0.0009521012595989503,0.03617483829951852,0.0005345026537451358,0.03513492026957821,0.03658561671774227
imports,2024-12-08_2024-12-14,important,0.1,5,129,0.9399802912499999,0.135835,0.036035655279677836,0.037148735708966873,0.84258124425,0.00938934331757179,0.8300355175,0.8566361875,0.15160400000000002,0.014028786618948911,0.1286,0.16626,0.03358261210957701,0.0030299307023846324,0.029101830915048497,0.03810206413780781,0.07498423136646484,0.00047243340021284455,0.07414514676749019,0.0754876232737402,-0.10037424649999996,0.01066297440741183,-0.11395283249999999,-0.0833441037499999,0.02539499999999999,0.017903390740303917,0.006754999999999983,0.05109499999999999,-0.0010957541928176494,0.0004783381981780796,-0.0017087807021282583,-0.0004140545599348733,0.03773134224341884,0.000451657541665989,0.03699641105852332,0.038238832348069546
imports,2024-12-08_2024-12-14,random,0.01,100,13,0.9399802912499999,0.135835,0.036035655279677836,0.037148735708966873,0.9426148941125001,0.0024237165678052583,0.9342214612499999,0.9464560387500001,0.1263377,0.014324666390879754,0.11352,0.15104,0.034671244411188094,0.002582839301738983,0.030558248601953993,0.03872270653018168,0.03740418270579432,0.0033833186812258437,0.0365998985960117,0.07097245292273827,-0.0003405966374999492,0.001566255416344959,-0.0057588299999999926,0.005412875000000095,0.00012869999999999535,0.0007148036863363256,-0.0016450000000000076,0.0025000000000000022,-7.121891206567886e-06,0.00010990213783584253,-0.00029133668700222215,0.0003289174518641691,0.00015129358274831964,0.0034034770770545834,-0.0005336991166860205,0.03399543940642649
imports,2024-12-08_2024-12-14,random,0.05,100,65,0.9399802912499999,0.135835,0.036035655279677836,0.037148735708966873,0.9409318668000001,0.0035816089357430018,0.9292038975,0.9467588774999999,0.12638515,0.014694088734164498,0.113175,0.16582,0.034645429193817405,0.002599871800564087,0.030565000955993012,0.03923708943809928,0.03727564127665869,0.005860896152350384,0.03503781225803569,0.07084500825505476,-0.00202362394999995,0.0034537309333407505,-0.015541327500000035,0.0048617237500001576,0.0001761499999999952,0.0018504612742502881,-0.002585000000000004,0.016259999999999997,-3.293710857725226e-05,0.0002759487132962399,-0.0005916283233313516,0.0007209707403565968,2.2752153612691366e-05,0.005863581233758212,-0.0019392012582760826,0.03350053898264767
imports,2024-12-08_2024-12-14,random,0.1,100,129,0.9399802912499999,0.135835,0.036035655279677836,0.037148735708966873,0.9379460530749999,0.004920135598164121,0.92344404875,0.94750664875,0.1265611,0.015289391119007978,0.112105,0.166495,0.034686461085721515,0.002625346573393432,0.03021125553384894,0.03904770743920406,0.03817716633703264,0.009788657032919914,0.034407239468434006,0.07473707898234594,-0.005009437674999965,0.004533268470591323,-0.016536242499999965,0.0037112274999999695,0.0003520999999999955,0.0026093443793412953,-0.003060000000000007,0.016935000000000006,8.094783326853088e-06,0.0004026817744390738,-0.0009469137088607554,0.0010015966052083491,0.0009242772139866493,0.009802602632933224,-0.0026252458807648205,0.037583294801230946
