seed,feature_group,density_bin,perturbation_type,strength,n_rows,n_samples,n_masked_features,flip_rate_mean,flip_rate_std,flip_rate_min,flip_rate_max,benign_to_malware_rate_overall_mean,benign_to_malware_rate_overall_std,benign_to_malware_rate_overall_min,benign_to_malware_rate_overall_max,malware_to_benign_rate_overall_mean,malware_to_benign_rate_overall_std,malware_to_benign_rate_overall_min,malware_to_benign_rate_overall_max,benign_to_malware_rate_cond_mean,benign_to_malware_rate_cond_std,benign_to_malware_rate_cond_min,benign_to_malware_rate_cond_max,malware_to_benign_rate_cond_mean,malware_to_benign_rate_cond_std,malware_to_benign_rate_cond_min,malware_to_benign_rate_cond_max,mean_abs_probability_shift_mean,mean_abs_probability_shift_std,mean_abs_probability_shift_min,mean_abs_probability_shift_max,mean_signed_probability_shift_mean,mean_signed_probability_shift_std,mean_signed_probability_shift_min,mean_signed_probability_shift_max,mean_margin_shift_mean,mean_margin_shift_std,mean_margin_shift_min,mean_margin_shift_max,baseline_auc_mean,baseline_auc_std,baseline_auc_min,baseline_auc_max,perturbed_auc_mean,perturbed_auc_std,perturbed_auc_min,perturbed_auc_max,delta_auc_mean,delta_auc_std,delta_auc_min,delta_auc_max,auc_drop_mean,auc_drop_std,auc_drop_min,auc_drop_max
13,header,high_density,important,0.01,1,120008,1,0.024006732884474368,0.0,0.024006732884474368,0.024006732884474368,0.009124391707219518,0.0,0.009124391707219518,0.009124391707219518,0.0,0.0,0.0,0.0,0.0503425129879086,0.0,0.0503425129879086,0.0503425129879086,0.0,0.0,0.0,0.0,0.039362894588824915,0.0,0.039362894588824915,0.039362894588824915,0.039362894588824915,0.0,0.039362894588824915,0.039362894588824915,-0.019535219326172148,0.0,-0.019535219326172148,-0.019535219326172148,0.9893411801276312,0.0,0.9893411801276312,0.9893411801276312,0.9889669102939147,0.0,0.9889669102939147,0.9889669102939147,0.0003742698337164674,0.0,0.0003742698337164674,0.0003742698337164674,0.0003742698337164674,0.0,0.0003742698337164674,0.0003742698337164674
13,header,high_density,important,0.05,1,120008,4,0.16668055462969136,0.0,0.16668055462969136,0.16668055462969136,0.0,0.0,0.0,0.0,0.14199886674221718,0.0,0.14199886674221718,0.14199886674221718,0.0,0.0,0.0,0.0,0.1734329360758012,0.0,0.1734329360758012,0.1734329360758012,0.2189534532513354,0.0,0.2189534532513354,0.2189534532513354,-0.20524916323844242,0.0,-0.20524916323844242,-0.20524916323844242,-0.09652477938498245,0.0,-0.09652477938498245,-0.09652477938498245,0.9893411801276312,0.0,0.9893411801276312,0.9893411801276312,0.9891583574191374,0.0,0.9891583574191374,0.9891583574191374,0.00018282270849379056,0.0,0.00018282270849379056,0.00018282270849379056,0.00018282270849379056,0.0,0.00018282270849379056,0.00018282270849379056
13,header,high_density,important,0.1,1,120008,8,0.07347010199320045,0.0,0.07347010199320045,0.07347010199320045,0.04120558629424705,0.0,0.04120558629424705,0.04120558629424705,0.0015832277848143457,0.0,0.0015832277848143457,0.0015832277848143457,0.22734586915544114,0.0,0.22734586915544114,0.22734586915544114,0.0019337044688928016,0.0,0.0019337044688928016,0.0019337044688928016,0.07643615987310541,0.0,0.07643615987310541,0.07643615987310541,0.04628923059138134,0.0,0.04628923059138134,0.04628923059138134,0.008350414069521793,0.0,0.008350414069521793,0.008350414069521793,0.9893411801276312,0.0,0.9893411801276312,0.9893411801276312,0.9840084366054559,0.0,0.9840084366054559,0.9840084366054559,0.005332743522175276,0.0,0.005332743522175276,0.005332743522175276,0.005332743522175276,0.0,0.005332743522175276,0.005332743522175276
13,header,high_density,random,0.01,20,120008,1,0.02766732217852143,0.050988133727936195,0.0,0.20211152589827344,0.011869625358309446,0.03584314437564468,0.0,0.16572228518098794,0.010176821545230318,0.02978974736175628,0.0,0.12484167722151857,0.06548894303710173,0.19775937061433346,0.0,0.9143487655739966,0.012429648778204096,0.03638425762428781,0.0,0.15247768606816817,0.029667051513725978,0.05777581061909898,0.0,0.23466819202912406,0.006903831913876503,0.06457952727542222,-0.15068192062843502,0.23466819202912406,-0.0006502468747804967,0.025951486393651798,-0.06466929293304989,0.08919752372398465,0.9893411801276312,0.0,0.9893411801276312,0.9893411801276312,0.9883254350608004,0.0025175262681500716,0.9782796591371664,0.9896500130416462,0.0010157450668307534,0.0025175262681500724,-0.00030883291401506696,0.011061520990464757,0.0010157450668307534,0.0025175262681500724,-0.00030883291401506696,0.011061520990464757
13,header,high_density,random,0.05,20,120008,4,0.1518144623691754,0.20552526674967758,0.0006916205586294247,0.7433171121925205,0.0435858442770482,0.06357127258920311,0.0,0.16572228518098794,0.09082769482034532,0.21403627408437045,0.0,0.7323345110325978,0.24047859868511795,0.35074531198037273,0.0,0.9143487655739966,0.11093408103239463,0.2614171527760579,0.0,0.8944502681742776,0.14256812227671328,0.1701121349256836,0.002389394813278807,0.6662378725041548,-0.015309161025512764,0.22104203564980235,-0.6662378725041548,0.23700567613470636,0.006622928491210689,0.050267021421546675,-0.0953697910830711,0.08978173412455971,0.9893411801276312,0.0,0.9893411801276312,0.9893411801276312,0.9854061873017986,0.003122377487354138,0.9798974042717431,0.9891988056622103,0.003934992825832445,0.0031223774873541375,0.00014237446542086918,0.00944377585588807,0.003934992825832445,0.0031223774873541375,0.00014237446542086918,0.00944377585588807
13,header,high_density,random,0.1,20,120008,8,0.4075015832277848,0.3122752764297748,0.02408172788480768,0.7932971135257649,0.022126858209452704,0.050737194190674885,0.0,0.16890540630624626,0.37064445703619764,0.33641366902573894,0.0,0.7823145123658423,0.12208174336812103,0.27993513863429315,0.0,0.9319111764976323,0.4526934467773288,0.4108850422101314,0.0,0.955494265039641,0.4046034192028811,0.27679216515276667,0.038060664834372336,0.7590365171667034,-0.3308720515704846,0.36112563629496564,-0.7590365171667034,0.238953902654425,0.009621449104136533,0.08485778032404469,-0.15140685424868586,0.0916267132241412,0.9893411801276312,0.0,0.9893411801276312,0.9893411801276312,0.9808436987219158,0.006984162278779667,0.965454239047674,0.9903621263395943,0.008497481405715223,0.006984162278779666,-0.0010209462119631363,0.023886941079957147,0.008497481405715223,0.006984162278779666,-0.0010209462119631363,0.023886941079957147
13,header,low_density,important,0.01,1,120000,1,0.20645833333333333,0.0,0.20645833333333333,0.20645833333333333,0.16931666666666667,0.0,0.16931666666666667,0.16931666666666667,0.0,0.0,0.0,0.0,0.39479257747984065,0.0,0.39479257747984065,0.39479257747984065,0.0,0.0,0.0,0.0,0.15275413809316502,0.0,0.15275413809316502,0.15275413809316502,0.15275413809316502,0.0,0.15275413809316502,0.15275413809316502,-0.0432933164580256,0.0,-0.0432933164580256,-0.0432933164580256,0.8839031985499413,0.0,0.8839031985499413,0.8839031985499413,0.7671642605091693,0.0,0.7671642605091693,0.7671642605091693,0.11673893804077196,0.0,0.11673893804077196,0.11673893804077196,0.11673893804077196,0.0,0.11673893804077196,0.11673893804077196
13,header,low_density,important,0.05,1,120000,4,0.368475,0.0,0.368475,0.368475,0.021883333333333334,0.0,0.021883333333333334,0.021883333333333334,0.26543333333333335,0.0,0.26543333333333335,0.26543333333333335,0.0510249684251433,0.0,0.0510249684251433,0.0510249684251433,0.46475523455168893,0.0,0.46475523455168893,0.46475523455168893,0.2961425122129824,0.0,0.2961425122129824,0.2961425122129824,-0.22093627334283464,0.0,-0.22093627334283464,-0.22093627334283464,-0.011892672057935877,0.0,-0.011892672057935877,-0.011892672057935877,0.8839031985499413,0.0,0.8839031985499413,0.8839031985499413,0.6979730567601918,0.0,0.6979730567601918,0.6979730567601918,0.18593014178974943,0.0,0.18593014178974943,0.18593014178974943,0.18593014178974943,0.0,0.18593014178974943,0.18593014178974943
13,header,low_density,important,0.1,1,120000,8,0.37795833333333334,0.0,0.37795833333333334,0.37795833333333334,0.26945,0.0,0.26945,0.26945,0.019075,0.0,0.019075,0.019075,0.6282716409210143,0.0,0.6282716409210143,0.6282716409210143,0.03339899321514555,0.0,0.03339899321514555,0.03339899321514555,0.314637832703792,0.0,0.314637832703792,0.314637832703792,0.2845852199880082,0.0,0.2845852199880082,0.2845852199880082,0.020326611277788627,0.0,0.020326611277788627,0.020326611277788627,0.8839031985499413,0.0,0.8839031985499413,0.8839031985499413,0.6742670170369875,0.0,0.6742670170369875,0.6742670170369875,0.2096361815129537,0.0,0.2096361815129537,0.2096361815129537,0.2096361815129537,0.0,0.2096361815129537,0.2096361815129537
13,header,low_density,random,0.01,20,120000,1,0.06062833333333332,0.11151530949953813,5e-05,0.44185833333333335,0.0287675,0.07849815982892706,0.0,0.3314416666666667,0.014872916666666666,0.04373057051700853,0.0,0.18934166666666666,0.06707665403672398,0.18303272475412896,0.0,0.7728164772175264,0.02604143868096593,0.07656917577939773,0.0,0.3315240388122857,0.05353577595999898,0.10757298520903234,4.357731828396133e-05,0.4641544020431857,0.021806937725265287,0.11816295494556783,-0.1933842018901201,0.4641544020431857,0.006321423023662125,0.03620603599233251,-0.0432933164580256,0.15731628887271268,0.8839031985499413,0.0,0.8839031985499413,0.8839031985499413,0.8760517705667652,0.025280410772971437,0.7671642605091693,0.8845471897521678,0.007851427983176012,0.025280410772971437,-0.0006439912022265792,0.11673893804077196,0.007851427983176012,0.025280410772971437,-0.0006439912022265792,0.11673893804077196
13,header,low_density,random,0.05,20,120000,4,0.22655333333333333,0.16649193251643024,0.004433333333333333,0.4991333333333333,0.10053875000000001,0.1268962891902007,0.0,0.3344416666666667,0.06689124999999999,0.1231324033723173,0.0,0.41534166666666666,0.23442436607403092,0.29588175853150855,0.0,0.7798115223938599,0.117121908513898,0.21559624140480158,0.0,0.7272342598672211,0.20704579601290768,0.16677496818600243,0.003942841138924475,0.46594237076794326,0.06504579420173182,0.2560971073533057,-0.45825332943920233,0.46594237076794326,0.04317884243604435,0.06406747637136367,-0.04364438264101193,0.15743549948491528,0.8839031985499413,0.0,0.8839031985499413,0.8839031985499413,0.8609633353595421,0.04240264070398416,0.7561127991931681,0.8871553293703505,0.02293986319039913,0.04240264070398416,-0.0032521308204092048,0.12779039935677317,0.02293986319039913,0.04240264070398416,-0.0032521308204092048,0.12779039935677317
13,header,low_density,random,0.1,20,120000,8,0.3923641666666666,0.15291215150236862,0.07953333333333333,0.5450583333333333,0.05557833333333333,0.11486986276144553,0.0,0.3423333333333333,0.2585370833333333,0.18534235952006567,0.0,0.4605916666666667,0.12959098416399492,0.26783995980517755,0.0,0.7982123773438259,0.45268038228642304,0.32452153122357746,0.0,0.8064638505872912,0.3614753196547102,0.15897622968922798,0.061621762171301955,0.5203349047522535,-0.20389593935291309,0.3369109067469514,-0.5203349047522535,0.4763628077679538,0.09408748644543594,0.07013745445345339,-0.02447329524858971,0.16501510924995905,0.8839031985499413,0.0,0.8839031985499413,0.8839031985499413,0.8600374255230765,0.030254705488167038,0.7666618069409237,0.8835683217412317,0.02386577302686494,0.030254705488167038,0.00033487680870958325,0.11724139160901759,0.02386577302686494,0.030254705488167038,0.00033487680870958325,0.11724139160901759
13,header,mid_density,important,0.01,1,239992,1,0.24725824194139806,0.0,0.24725824194139806,0.24725824194139806,0.2276867562252075,0.0,0.2276867562252075,0.2276867562252075,0.0,0.0,0.0,0.0,0.3276273503453569,0.0,0.3276273503453569,0.3276273503453569,0.0,0.0,0.0,0.0,0.22250244219304338,0.0,0.22250244219304338,0.22250244219304338,0.22250244219304338,0.0,0.22250244219304338,0.22250244219304338,-0.12207562856207314,0.0,-0.12207562856207314,-0.12207562856207314,0.9375534625399481,0.0,0.9375534625399481,0.9375534625399481,0.7989247034545115,0.0,0.7989247034545115,0.7989247034545115,0.1386287590854366,0.0,0.1386287590854366,0.1386287590854366,0.1386287590854366,0.0,0.1386287590854366,0.1386287590854366
13,header,mid_density,important,0.05,1,239992,4,0.2112612087069569,0.0,0.2112612087069569,0.2112612087069569,0.0123920797359912,0.0,0.0123920797359912,0.0123920797359912,0.14775909196973233,0.0,0.14775909196973233,0.14775909196973233,0.01783144666155027,0.0,0.01783144666155027,0.01783144666155027,0.4843869522456562,0.0,0.4843869522456562,0.4843869522456562,0.2058159634749156,0.0,0.2058159634749156,0.2058159634749156,-0.11538611522586446,0.0,-0.11538611522586446,-0.11538611522586446,-0.002601931311735171,0.0,-0.002601931311735171,-0.002601931311735171,0.9375534625399481,0.0,0.9375534625399481,0.9375534625399481,0.7584861576022222,0.0,0.7584861576022222,0.7584861576022222,0.17906730493772594,0.0,0.17906730493772594,0.17906730493772594,0.17906730493772594,0.0,0.17906730493772594,0.17906730493772594
13,header,mid_density,important,0.1,1,239992,8,0.4071344044801493,0.0,0.4071344044801493,0.4071344044801493,0.34539901330044337,0.0,0.34539901330044337,0.34539901330044337,0.0011833727790926364,0.0,0.0011833727790926364,0.0011833727790926364,0.4970081062931696,0.0,0.4970081062931696,0.4970081062931696,0.003879357447273522,0.0,0.003879357447273522,0.003879357447273522,0.33890575692942815,0.0,0.33890575692942815,0.33890575692942815,0.3316790016626912,0.0,0.3316790016626912,0.3316790016626912,-0.0015448767082519303,0.0,-0.0015448767082519303,-0.0015448767082519303,0.9375534625399481,0.0,0.9375534625399481,0.9375534625399481,0.7400890018891677,0.0,0.7400890018891677,0.7400890018891677,0.19746446065078038,0.0,0.19746446065078038,0.19746446065078038,0.19746446065078038,0.0,0.19746446065078038,0.19746446065078038
13,header,mid_density,random,0.01,20,239992,1,0.06694535651188373,0.15873638240549748,0.0,0.7060610353678456,0.04541859728657622,0.14139384934501015,0.0,0.6232707756925231,0.008731332711090372,0.026284333409895406,0.0,0.11477882596086536,0.06535459036838066,0.20345712233792018,0.0,0.896848618572525,0.028623237897497534,0.08616585268970083,0.0,0.3762703529668889,0.063384001944,0.15183365337086777,3.148277398387491e-08,0.6817775333380629,0.040562066649664816,0.1594544096207125,-0.1352549176554447,0.6817775333380629,-0.00011168291122344844,0.03941282038000992,-0.12207562856207314,0.11943913810383827,0.9375534625399482,1.1102230246251565e-16,0.9375534625399481,0.9375534625399481,0.9298212718256185,0.030131686691010615,0.7989247034545115,0.9397353857873676,0.007732190714329823,0.030131686691010615,-0.002181923247419504,0.1386287590854366,0.007732190714329823,0.030131686691010615,-0.002181923247419504,0.1386287590854366
13,header,mid_density,random,0.05,20,239992,4,0.25654792659755327,0.24822383596470404,0.0014833827794259809,0.7131696056535218,0.1763356695223174,0.24184057048715504,0.0,0.6303876795893196,0.03598661622054068,0.06499063422169775,0.0,0.20764858828627622,0.25373626966615503,0.3479938255009672,0.0,0.9070894090560245,0.1179720795541471,0.2130536592740368,0.0,0.680717954321932,0.23180730732533253,0.22684047157236745,0.001496521408261163,0.6898052105946025,0.14023779194598934,0.2913038522359204,-0.2735610790353866,0.6898052105946025,0.016740584699873308,0.06923907039295275,-0.14333550015078766,0.12357160839613113,0.9375534625399482,1.1102230246251565e-16,0.9375534625399481,0.9375534625399481,0.9119318785725271,0.05317800177683635,0.7588007622461128,0.9389460799954169,0.025621583967421098,0.05317800177683635,-0.0013926174554688142,0.17875270029383528,0.025621583967421098,0.05317800177683635,-0.0013926174554688142,0.17875270029383528
13,header,mid_density,random,0.1,20,239992,8,0.2746981149371646,0.17770662438318113,0.04912247074902497,0.7227782592753091,0.09430397679922663,0.2056021393174861,0.0,0.639971332377746,0.1284246974899163,0.09044403700957823,0.0,0.22223657455248508,0.13569766884113585,0.2958489340649111,0.0,0.9208797006907138,0.42100453502349466,0.29649553778279286,0.0,0.7285405966561032,0.27600283470628645,0.1705505033520569,0.044078238351234596,0.7016256823292004,-0.06095325195635996,0.31719749760723837,-0.29391679512321006,0.7016256823292004,0.0779653076189926,0.058804217704819445,-0.026718060711480127,0.1331066903793525,0.9375534625399482,1.1102230246251565e-16,0.9375534625399481,0.9375534625399481,0.9143297161676006,0.039125552856741345,0.7753618116735012,0.9381389750741257,0.023223746372347354,0.03912555285674135,-0.0005855125341776013,0.16219165086644693,0.023223746372347354,0.03912555285674135,-0.0005855125341776013,0.16219165086644693
13,imports,high_density,important,0.01,1,206948,13,0.05666157682123046,0.0,0.05666157682123046,0.05666157682123046,0.0,0.0,0.0,0.0,0.05168448112569341,0.0,0.05168448112569341,0.05168448112569341,0.0,0.0,0.0,0.0,0.09976960459671477,0.0,0.09976960459671477,0.09976960459671477,0.05414121570254495,0.0,0.05414121570254495,0.05414121570254495,-0.0512546102553144,0.0,-0.0512546102553144,-0.0512546102553144,-0.006256237030331446,0.0,-0.006256237030331446,-0.006256237030331446,0.8784613127226618,0.0,0.8784613127226618,0.8784613127226618,0.8337248886108672,0.0,0.8337248886108672,0.8337248886108672,0.04473642411179457,0.0,0.04473642411179457,0.04473642411179457,0.04473642411179457,0.0,0.04473642411179457,0.04473642411179457
13,imports,high_density,important,0.05,1,206948,65,0.08961188317838298,0.0,0.08961188317838298,0.08961188317838298,0.00017878887449987435,0.0,0.00017878887449987435,0.00017878887449987435,0.08049848271063262,0.0,0.08049848271063262,0.08049848271063262,0.00037096078844206493,0.0,0.00037096078844206493,0.00037096078844206493,0.15539097260440082,0.0,0.15539097260440082,0.15539097260440082,0.10853003462886499,0.0,0.10853003462886499,0.10853003462886499,-0.10182221350263429,0.0,-0.10182221350263429,-0.10182221350263429,-0.04855806325159128,0.0,-0.04855806325159128,-0.04855806325159128,0.8784613127226618,0.0,0.8784613127226618,0.8784613127226618,0.8008638178192737,0.0,0.8008638178192737,0.8008638178192737,0.07759749490338808,0.0,0.07759749490338808,0.07759749490338808,0.07759749490338808,0.0,0.07759749490338808,0.07759749490338808
13,imports,high_density,important,0.1,1,206948,129,0.12642789493012738,0.0,0.12642789493012738,0.12642789493012738,0.0039526837659701955,0.0,0.0039526837659701955,0.0039526837659701955,0.11385952026596054,0.0,0.11385952026596054,0.11385952026596054,0.008201241214746193,0.0,0.008201241214746193,0.008201241214746193,0.21978975253481584,0.0,0.21978975253481584,0.21978975253481584,0.10198347977062476,0.0,0.10198347977062476,0.10198347977062476,-0.08785736827728075,0.0,-0.08785736827728075,-0.08785736827728075,-0.05231005406848371,0.0,-0.05231005406848371,-0.05231005406848371,0.8784613127226618,0.0,0.8784613127226618,0.8784613127226618,0.8168249544712142,0.0,0.8168249544712142,0.8168249544712142,0.06163635825144764,0.0,0.06163635825144764,0.06163635825144764,0.06163635825144764,0.0,0.06163635825144764,0.06163635825144764
13,imports,high_density,random,0.01,20,206948,13,0.008601194502966928,0.015442484636035033,0.0,0.07390262288111023,0.0031217987127201037,0.00944817410016018,0.0,0.04406420936660417,0.0008432069891953534,0.0017219818606524794,0.0,0.007755571447899955,0.00647727614521611,0.019603580610580894,0.0,0.09142679540008622,0.001627692221590008,0.003324043225706431,0.0,0.014971037338979731,0.007422507029887467,0.00981977678195068,0.0016040917467538514,0.04699879437776985,0.0011949387038686164,0.011781970283850408,-0.018890988885577734,0.04699879437776985,-0.000494340426749297,0.0018690123490602158,-0.0033378878507507757,0.00560345378589717,0.8784613127226619,1.1102230246251565e-16,0.8784613127226618,0.8784613127226618,0.8773558747645082,0.005245867476937143,0.8631905186299466,0.8846022362301283,0.0011054379581536655,0.005245867476937144,-0.006140923507466534,0.015270794092715256,0.0011054379581536655,0.005245867476937144,-0.006140923507466534,0.015270794092715256
13,imports,high_density,random,0.05,20,206948,65,0.02525900226143766,0.014403721862926013,0.0023580802907010455,0.06976148597715368,0.006386870131627269,0.006154015799995086,0.0,0.024692193207955623,0.007596352706960202,0.015166051161563507,0.0,0.061595183331078336,0.013251822219548631,0.012768683508059707,0.0,0.05123269267402573,0.014663688005447404,0.029275923734301348,0.0,0.1189008180435979,0.02090511248004083,0.011260267629747921,0.00556317434089835,0.05965348761427013,0.0015160172326698707,0.02077099696910443,-0.05881134852977382,0.027052171850218187,-0.003200108817915849,0.0024837306475579304,-0.006011556326666182,0.0028939019387556222,0.8784613127226619,1.1102230246251565e-16,0.8784613127226618,0.8784613127226618,0.8724181110013681,0.012476000374751715,0.8289775988669965,0.8822923942900273,0.0060432017212937676,0.012476000374751715,-0.0038310815673654464,0.0494837138556653,0.0060432017212937676,0.012476000374751715,-0.0038310815673654464,0.0494837138556653
13,imports,high_density,random,0.1,20,206948,129,0.04757958520981116,0.024721865448572168,0.017202389005933856,0.11694725244989079,0.012055202273034773,0.013226920581440883,0.0,0.04178344318379496,0.022165713126002667,0.027046330132811273,0.0,0.10851518255793725,0.02501278310825037,0.027443927376786154,0.0,0.08669453885563609,0.04278778437975132,0.05220912746672352,0.0,0.20947326200714506,0.037203888806895534,0.018356961484322983,0.018161152682862735,0.08943640970504549,-0.007371343652640768,0.03481972732870539,-0.08939419406648941,0.04669075629397612,-0.003520857877425278,0.0055679897586799944,-0.011653296825313639,0.012644610897273622,0.8784613127226619,1.1102230246251565e-16,0.8784613127226618,0.8784613127226618,0.8517067157873806,0.03324444087592495,0.7637741953886166,0.881951937572657,0.02675459693528136,0.03324444087592495,-0.003490624849995183,0.11468711733404524,0.02675459693528136,0.03324444087592495,-0.003490624849995183,0.11468711733404524
13,imports,low_density,important,0.01,1,120000,13,0.0936,0.0,0.0936,0.0936,0.016541666666666666,0.0,0.016541666666666666,0.016541666666666666,0.03809166666666667,0.0,0.03809166666666667,0.03809166666666667,0.022649733566106414,0.0,0.022649733566106414,0.022649733566106414,0.14125027038719445,0.0,0.14125027038719445,0.14125027038719445,0.08573590797638585,0.0,0.08573590797638585,0.08573590797638585,-0.0429169583075245,0.0,-0.0429169583075245,-0.0429169583075245,-0.0017251362512296217,0.0,-0.0017251362512296217,-0.0017251362512296217,0.8639720751891995,0.0,0.8639720751891995,0.8639720751891995,0.8411071582439311,0.0,0.8411071582439311,0.8411071582439311,0.022864916945268376,0.0,0.022864916945268376,0.022864916945268376,0.022864916945268376,0.0,0.022864916945268376,0.022864916945268376
13,imports,low_density,important,0.05,1,120000,65,0.18425,0.0,0.18425,0.18425,0.050325,0.0,0.050325,0.050325,0.08216666666666667,0.0,0.08216666666666667,0.08216666666666667,0.06890767808852223,0.0,0.06890767808852223,0.06890767808852223,0.3046877414171379,0.0,0.3046877414171379,0.3046877414171379,0.16467797199950746,0.0,0.16467797199950746,0.16467797199950746,-0.04365916561414437,0.0,-0.04365916561414437,-0.04365916561414437,-0.020003006025529596,0.0,-0.020003006025529596,-0.020003006025529596,0.8639720751891995,0.0,0.8639720751891995,0.8639720751891995,0.7593659993937016,0.0,0.7593659993937016,0.7593659993937016,0.10460607579549785,0.0,0.10460607579549785,0.10460607579549785,0.10460607579549785,0.0,0.10460607579549785,0.10460607579549785
13,imports,low_density,important,0.1,1,120000,129,0.21661666666666668,0.0,0.21661666666666668,0.21661666666666668,0.09165833333333333,0.0,0.09165833333333333,0.09165833333333333,0.070225,0.0,0.070225,0.070225,0.12550348589098462,0.0,0.12550348589098462,0.12550348589098462,0.2604060443125985,0.0,0.2604060443125985,0.2604060443125985,0.19277279142821369,0.0,0.19277279142821369,0.19277279142821369,0.014981955671458129,0.0,0.014981955671458129,0.014981955671458129,-0.05399007127494687,0.0,-0.05399007127494687,-0.05399007127494687,0.8639720751891995,0.0,0.8639720751891995,0.8639720751891995,0.729848149626371,0.0,0.729848149626371,0.729848149626371,0.13412392556282848,0.0,0.13412392556282848,0.13412392556282848,0.13412392556282848,0.0,0.13412392556282848,0.13412392556282848
13,imports,low_density,random,0.01,20,120000,13,0.02687916666666667,0.031958084473172735,0.010725,0.16316666666666665,0.011765000000000001,0.023888546128031967,7.5e-05,0.11471666666666666,0.0039575,0.003863314728888192,0.0,0.013825,0.016109266422483143,0.03270947335505695,0.0001026940060931777,0.15707618754207603,0.014675071845740243,0.014325817109069034,0.0,0.05126541207008436,0.024820861322464163,0.029064019519287217,0.01077781302577155,0.1487517621464214,0.007220864418689925,0.03461127687586175,-0.030096481617207817,0.1487517621464214,-0.000981858656843972,0.0036195803261100854,-0.010580726785010703,0.007226950146236402,0.8639720751891995,0.0,0.8639720751891995,0.8639720751891995,0.8621294231710692,0.0015802697843751207,0.8591946415946061,0.8655251174800632,0.0018426520181303474,0.0015802697843751207,-0.0015530422908637265,0.004777433594593372,0.0018426520181303474,0.0015802697843751207,-0.0015530422908637265,0.004777433594593372
13,imports,low_density,random,0.05,20,120000,65,0.06385958333333333,0.026138656222766014,0.031108333333333335,0.11335833333333334,0.025924166666666665,0.022346696546196212,0.004516666666666667,0.07660833333333333,0.0124925,0.014788453618166662,0.0006166666666666666,0.052616666666666666,0.03549675372836295,0.030598290550366225,0.00618446125583359,0.10489622200162028,0.04632427922499305,0.05483805921263248,0.002286703130311177,0.19511139952411855,0.05871671449805378,0.023467694455938975,0.02938869719522243,0.10342939320363038,0.010984218158871514,0.04883040139443327,-0.08170084755518257,0.09706671384004914,-0.0027746004102962335,0.008800544146027971,-0.019246986228524925,0.017815485012689293,0.8639720751891995,0.0,0.8639720751891995,0.8639720751891995,0.8560763945100828,0.004627090215707227,0.8434389955889623,0.8636481851153552,0.007895680679116718,0.004627090215707227,0.0003238900738442574,0.020533079600237203,0.007895680679116718,0.004627090215707227,0.0003238900738442574,0.020533079600237203
13,imports,low_density,random,0.1,20,120000,129,0.10243416666666667,0.037158953693333906,0.06555,0.201525,0.03705541666666667,0.03983522330549449,0.0010916666666666666,0.143575,0.02550541666666667,0.023468858100061735,0.00035,0.07718333333333334,0.05073825579935874,0.05454451553143393,0.0014947683109118087,0.1965905589977065,0.09457835048360681,0.08702645072795674,0.0012978585334198572,0.28620870801273135,0.09475018210862766,0.03444916515350795,0.061833458978118705,0.18431952353182823,0.0020900022076702682,0.0827640498299179,-0.13180307905100033,0.1697885192552581,-0.0008250031786797394,0.016096475824795207,-0.020759319183200706,0.03500045672184339,0.8639720751891995,0.0,0.8639720751891995,0.8639720751891995,0.8484211700185382,0.007641498555600868,0.8295617625097849,0.8626999214504337,0.015550905170661438,0.0076414985556008674,0.0012721537387657689,0.034410312679414634,0.015550905170661438,0.0076414985556008674,0.0012721537387657689,0.034410312679414634
13,imports,mid_density,important,0.01,1,153052,13,0.11990042599900687,0.0,0.11990042599900687,0.11990042599900687,0.00740924653059091,0.0,0.00740924653059091,0.00740924653059091,0.08285419334605232,0.0,0.08285419334605232,0.08285419334605232,0.021550741163055873,0.0,0.021550741163055873,0.021550741163055873,0.12626453719929903,0.0,0.12626453719929903,0.12626453719929903,0.10643220681805914,0.0,0.10643220681805914,0.10643220681805914,-0.07580244743909495,0.0,-0.07580244743909495,-0.07580244743909495,-0.009310599673336717,0.0,-0.009310599673336717,-0.009310599673336717,0.9434141236388638,0.0,0.9434141236388638,0.9434141236388638,0.9198507186695777,0.0,0.9198507186695777,0.9198507186695777,0.023563404969286106,0.0,0.023563404969286106,0.023563404969286106,0.023563404969286106,0.0,0.023563404969286106,0.023563404969286106
13,imports,mid_density,important,0.05,1,153052,65,0.2473799754331861,0.0,0.2473799754331861,0.2473799754331861,0.022966050753992107,0.0,0.022966050753992107,0.022966050753992107,0.18660324595562292,0.0,0.18660324595562292,0.18660324595562292,0.06679969593310528,0.0,0.06679969593310528,0.06679969593310528,0.28437151505496255,0.0,0.28437151505496255,0.28437151505496255,0.21159017352976467,0.0,0.21159017352976467,0.21159017352976467,-0.14272239086667848,0.0,-0.14272239086667848,-0.14272239086667848,-0.06312520848738454,0.0,-0.06312520848738454,-0.06312520848738454,0.9434141236388638,0.0,0.9434141236388638,0.9434141236388638,0.8545945946237454,0.0,0.8545945946237454,0.8545945946237454,0.08881952901511836,0.0,0.08881952901511836,0.08881952901511836,0.08881952901511836,0.0,0.08881952901511836,0.08881952901511836
13,imports,mid_density,important,0.1,1,153052,129,0.2915283694430651,0.0,0.2915283694430651,0.2915283694430651,0.05812403627525285,0.0,0.05812403627525285,0.05812403627525285,0.1824935316101717,0.0,0.1824935316101717,0.1824935316101717,0.16906119346256177,0.0,0.16906119346256177,0.16906119346256177,0.2781085709733949,0.0,0.2781085709733949,0.2781085709733949,0.23103711389227014,0.0,0.23103711389227014,0.23103711389227014,-0.10250113076966333,0.0,-0.10250113076966333,-0.10250113076966333,-0.1026401809219713,0.0,-0.1026401809219713,-0.1026401809219713,0.9434141236388638,0.0,0.9434141236388638,0.9434141236388638,0.801383919510285,0.0,0.801383919510285,0.801383919510285,0.1420302041285788,0.0,0.1420302041285788,0.1420302041285788,0.1420302041285788,0.0,0.1420302041285788,0.1420302041285788
13,imports,mid_density,random,0.01,20,153052,13,0.02915251025795155,0.034484495307916904,0.00757912343517236,0.16898831769594647,0.007554948644904999,0.019922411147266145,0.0,0.09387659096254868,0.008911677077071845,0.010711355515568653,0.0,0.04538326843164415,0.021974534397567465,0.05794688086110562,0.0,0.27305207145572025,0.013580830810896926,0.016323426640600734,0.0,0.06916122351441771,0.02258683725129255,0.028156372525552364,0.008374225126699554,0.14003329041498486,0.004535775056423457,0.0336960848927951,-0.042304319693196944,0.14003329041498486,0.0011260120343971288,0.005593106913473953,-0.003578916274732406,0.022320226193976597,0.9434141236388637,1.1102230246251565e-16,0.9434141236388638,0.9434141236388638,0.9414324982665534,0.0021524795133280967,0.9353080262441471,0.9434472742329343,0.0019816253723103196,0.0021524795133280967,-3.315059407049681e-05,0.008106097394716683,0.0019816253723103196,0.0021524795133280967,-3.315059407049681e-05,0.008106097394716683
13,imports,mid_density,random,0.05,20,153052,65,0.07157698037268381,0.031053612918162752,0.03334814311475838,0.15345764838094242,0.02032675169223531,0.01927424770895209,0.0008363170687086742,0.07222381935551316,0.021436178553694167,0.030373635718590877,0.00010453963358858428,0.11740454224707943,0.05912295705055113,0.056061614601872596,0.0024325351577347016,0.21007221588749525,0.03266737693165525,0.0462874949617828,0.00015931177314003505,0.1789170782220806,0.057922263440128255,0.02732154017722089,0.02729305848870179,0.13142576643527507,0.007046798566335377,0.053478071913813194,-0.11640278872440475,0.0944162904651694,-4.947591772553498e-05,0.0038827015544174548,-0.00559937864009208,0.008314061454431745,0.9434141236388637,1.1102230246251565e-16,0.9434141236388638,0.9434141236388638,0.9343756544135264,0.005116169772206676,0.921877862302281,0.9412263144273372,0.009038469225337287,0.005116169772206675,0.0021878092115266146,0.021536261336582818,0.009038469225337287,0.005116169772206675,0.0021878092115266146,0.021536261336582818
13,imports,mid_density,random,0.1,20,153052,129,0.11305307999895461,0.041086466747019317,0.055739225884013276,0.20446645584507225,0.02635542168674699,0.029943568529492655,0.00031361890076575283,0.10291926926796122,0.05037666936727388,0.04392663150044379,0.0012022057862687192,0.16938687504900296,0.07665811478525275,0.08709469879467711,0.0009122006841505131,0.2993538578487267,0.0767708499283097,0.06694140119091449,0.001832085391110403,0.25813485741596304,0.09758911640674424,0.036962311620576976,0.050187802564438104,0.1821521188393256,-0.01717202447008432,0.0830740072454907,-0.18113079732919604,0.1212551558452616,0.0018623884599706924,0.010113428841743443,-0.016422383998418742,0.02315424933147576,0.9434141236388637,1.1102230246251565e-16,0.9434141236388638,0.9434141236388638,0.9221081962836168,0.011415710348239239,0.8773088673880567,0.9342121614632389,0.02130592735524688,0.011415710348239239,0.009201962175624856,0.0661052562508071,0.02130592735524688,0.011415710348239239,0.009201962175624856,0.0661052562508071
42,header,high_density,important,0.01,1,120000,1,0.021575,0.0,0.021575,0.021575,0.007558333333333334,0.0,0.007558333333333334,0.007558333333333334,0.0,0.0,0.0,0.0,0.037821608773612445,0.0,0.037821608773612445,0.037821608773612445,0.0,0.0,0.0,0.0,0.04201228659372795,0.0,0.04201228659372795,0.04201228659372795,0.04201228659372795,0.0,0.04201228659372795,0.04201228659372795,-0.02236303853995352,0.0,-0.02236303853995352,-0.02236303853995352,0.9923851747700232,0.0,0.9923851747700232,0.9923851747700232,0.9919458231243387,0.0,0.9919458231243387,0.9919458231243387,0.0004393516456845381,0.0,0.0004393516456845381,0.0004393516456845381,0.0004393516456845381,0.0,0.0004393516456845381,0.0004393516456845381
42,header,high_density,important,0.05,1,120000,4,0.030608333333333335,0.0,0.030608333333333335,0.030608333333333335,0.011041666666666667,0.0,0.011041666666666667,0.011041666666666667,0.0027,0.0,0.0027,0.0027,0.05525207455902589,0.0,0.05525207455902589,0.05525207455902589,0.0033743321634259887,0.0,0.0033743321634259887,0.0033743321634259887,0.0742216594481874,0.0,0.0742216594481874,0.0742216594481874,0.02882214829328986,0.0,0.02882214829328986,0.02882214829328986,-0.046390216038234844,0.0,-0.046390216038234844,-0.046390216038234844,0.9923851747700232,0.0,0.9923851747700232,0.9923851747700232,0.9884890720030621,0.0,0.9884890720030621,0.9884890720030621,0.0038961027669610626,0.0,0.0038961027669610626,0.0038961027669610626,0.0038961027669610626,0.0,0.0038961027669610626,0.0038961027669610626
42,header,high_density,important,0.1,1,120000,8,0.7452333333333333,0.0,0.7452333333333333,0.7452333333333333,0.0,0.0,0.0,0.0,0.7352666666666666,0.0,0.7352666666666666,0.7352666666666666,0.0,0.0,0.0,0.0,0.9189014674179069,0.0,0.9189014674179069,0.9189014674179069,0.7045237861204161,0.0,0.7045237861204161,0.7045237861204161,-0.7045231818593511,0.0,-0.7045231818593511,-0.7045231818593511,0.08289459964225933,0.0,0.08289459964225933,0.08289459964225933,0.9923851747700232,0.0,0.9923851747700232,0.9923851747700232,0.9805333698448326,0.0,0.9805333698448326,0.9805333698448326,0.011851804925190557,0.0,0.011851804925190557,0.011851804925190557,0.011851804925190557,0.0,0.011851804925190557,0.011851804925190557
42,header,high_density,random,0.01,20,120000,1,0.11342541666666668,0.21515700340544278,0.0,0.7440166666666667,0.0032370833333333336,0.009913142046952397,0.0,0.04380833333333333,0.10362083333333334,0.21460170959341557,0.0,0.73405,0.016198240273549894,0.049604980844597295,0.0,0.21921521204286726,0.12950041137691498,0.2681990559286169,0.0,0.9173809350232767,0.12216489610344498,0.2059512626197786,1.3811991118062307e-07,0.7066288272048229,-0.10558384041536302,0.21492379360552355,-0.7066288272048229,0.0964322652518331,-0.008947262244599954,0.04965264802300532,-0.1277155273270443,0.08530837121372971,0.9923851747700235,3.3306690738754696e-16,0.9923851747700232,0.9923851747700232,0.9914299151389365,0.0016047347193977144,0.9864145836571648,0.9925377649603294,0.0009552596310868078,0.0016047347193977146,-0.00015259019030622323,0.005970591112858359,0.0009552596310868078,0.0016047347193977146,-0.00015259019030622323,0.005970591112858359
42,header,high_density,random,0.05,20,120000,4,0.20288958333333335,0.26774126616986604,0.004141666666666667,0.7375833333333334,0.013270416666666668,0.020780373765988104,0.0,0.05985833333333333,0.17626541666666667,0.27696026106689575,0.0,0.7276166666666667,0.06640465368416663,0.10398418964674419,0.0,0.29952879362828905,0.2202881721325988,0.34613182107736484,0.0,0.9093408596215332,0.20605308561685964,0.23961758017521334,0.004263235078094336,0.6993440629367796,-0.14822008126178582,0.27890046261779566,-0.6993440629367796,0.15275457963070263,-0.0010582021223031156,0.050878565354700124,-0.1302567886230255,0.08263776261085924,0.9923851747700235,3.3306690738754696e-16,0.9923851747700232,0.9923851747700232,0.9895533004313071,0.0026549711455463127,0.9836845642769352,0.9945549985991485,0.0028318743387161006,0.0026549711455463127,-0.002169823829125339,0.008700610493088012,0.0028318743387161006,0.0026549711455463127,-0.002169823829125339,0.008700610493088012
42,header,high_density,random,0.1,20,120000,8,0.3067104166666667,0.2944528423486306,0.00385,0.744025,0.03939583333333333,0.06470536817095542,0.0,0.18526666666666666,0.2502020833333333,0.3231758824742664,0.0,0.7340583333333334,0.19713523205871314,0.323783169197058,0.0,0.9270672615820859,0.312690717462169,0.4038899165468497,0.0,0.9173913496287193,0.2992325204743509,0.25505946167564414,0.00788712984320649,0.7060871213191117,-0.1694282156227875,0.35448663651075885,-0.7060871210074701,0.2500611773569389,0.015290707593208155,0.07301089763907541,-0.1956749899101506,0.08646869838239073,0.9923851747700235,3.3306690738754696e-16,0.9923851747700232,0.9923851747700232,0.9872629170778973,0.004036149844280646,0.9747338036989425,0.9925546708341744,0.005122257692125776,0.004036149844280646,-0.00016949606415117557,0.017651371071080724,0.005122257692125776,0.004036149844280646,-0.00016949606415117557,0.017651371071080724
42,header,low_density,important,0.01,1,120001,1,0.19693169223589804,0.0,0.19693169223589804,0.19693169223589804,0.16074866042782976,0.0,0.16074866042782976,0.16074866042782976,0.0,0.0,0.0,0.0,0.37999369632022695,0.0,0.37999369632022695,0.37999369632022695,0.0,0.0,0.0,0.0,0.14720058679966216,0.0,0.14720058679966216,0.14720058679966216,0.14720058679966216,0.0,0.14720058679966216,0.14720058679966216,-0.042691697941590376,0.0,-0.042691697941590376,-0.042691697941590376,0.8819566018626522,0.0,0.8819566018626522,0.8819566018626522,0.7597801263746584,0.0,0.7597801263746584,0.7597801263746584,0.12217647548799382,0.0,0.12217647548799382,0.12217647548799382,0.12217647548799382,0.0,0.12217647548799382,0.12217647548799382
42,header,low_density,important,0.05,1,120001,4,0.2895392538395513,0.0,0.2895392538395513,0.2895392538395513,0.17314022383146807,0.0,0.17314022383146807,0.17314022383146807,0.06162448646261281,0.0,0.06162448646261281,0.06162448646261281,0.4092861082657001,0.0,0.4092861082657001,0.4092861082657001,0.10680705403180381,0.0,0.10680705403180381,0.10680705403180381,0.21738867571389905,0.0,0.21738867571389905,0.21738867571389905,0.10687723203007193,0.0,0.10687723203007193,0.10687723203007193,-0.06695232415354618,0.0,-0.06695232415354618,-0.06695232415354618,0.8819566018626522,0.0,0.8819566018626522,0.8819566018626522,0.6765025411495698,0.0,0.6765025411495698,0.6765025411495698,0.20545406071308248,0.0,0.20545406071308248,0.20545406071308248,0.20545406071308248,0.0,0.20545406071308248,0.20545406071308248
42,header,low_density,important,0.1,1,120001,8,0.528078932675561,0.0,0.528078932675561,0.528078932675561,0.0005499954167048608,0.0,0.0005499954167048608,0.0005499954167048608,0.4467546103782469,0.0,0.4467546103782469,0.4467546103782469,0.0013001339531951777,0.0,0.0013001339531951777,0.0013001339531951777,0.7743114230830337,0.0,0.7743114230830337,0.7743114230830337,0.5011121112779114,0.0,0.5011121112779114,0.5011121112779114,-0.5000305922018052,0.0,-0.5000305922018052,-0.5000305922018052,0.16302868268682227,0.0,0.16302868268682227,0.16302868268682227,0.8819566018626522,0.0,0.8819566018626522,0.8819566018626522,0.6658669451090072,0.0,0.6658669451090072,0.6658669451090072,0.216089656753645,0.0,0.216089656753645,0.216089656753645,0.216089656753645,0.0,0.216089656753645,0.216089656753645
42,header,low_density,random,0.01,20,120001,1,0.13782010149915416,0.16996040661256015,7.499937500520829e-05,0.5286455946200448,0.010017833184723459,0.029799955487532784,0.0,0.1355988700094166,0.09490170915242373,0.1442879259135487,0.0,0.4479212673227723,0.023681151997478528,0.07044410327120443,0.0,0.3205421164604838,0.16448286320897787,0.2500786486640345,0.0,0.7763334633216343,0.11965422584200458,0.15558723004478614,7.807747783881405e-05,0.50582161967384,-0.0837258562448191,0.17752324048115653,-0.50582161967384,0.22907835473645416,0.02479780914371912,0.047843020713095596,-0.0025793227225484015,0.16775033780651524,0.8819566018626522,0.0,0.8819566018626522,0.8819566018626522,0.8765284717992687,0.01551582019658922,0.8119145445717177,0.8862319775039926,0.005428130063383635,0.015515820196589222,-0.004275375641340395,0.07004205729093449,0.005428130063383635,0.015515820196589222,-0.004275375641340395,0.07004205729093449
42,header,low_density,random,0.05,20,120001,4,0.24154257047857933,0.17562764669413108,0.014299880834326381,0.5281789318422346,0.04448546262114483,0.0851493260252965,0.0,0.2573561886984275,0.13639594670044414,0.165758035506935,0.0,0.44742960475329374,0.10515916791426996,0.20128445891501076,0.0,0.608364195098889,0.2364003350809539,0.287290466352784,0.0,0.7754813177925098,0.21399102678056736,0.16532165465136922,0.011054575475249214,0.5028660431623607,-0.08278509274580008,0.2564807464674954,-0.5028660431623607,0.34909652989216605,0.045947849476333985,0.05759818317853054,-0.015142985885925272,0.16507492182879963,0.8819566018626522,0.0,0.8819566018626522,0.8819566018626522,0.8744441893506971,0.021120621190458724,0.8098621792491385,0.8884188516520586,0.007512412511954991,0.02112062119045872,-0.006462249789406349,0.07209442261351373,0.007512412511954991,0.02112062119045872,-0.006462249789406349,0.07209442261351373
42,header,low_density,random,0.1,20,120001,8,0.33671969400255,0.17596994664843518,0.012924892292564228,0.5293622553145391,0.09487045941283821,0.12992794630463117,0.0,0.3272722727310606,0.16333238889675922,0.1922731469520571,0.0,0.4485879284339297,0.2242642423764873,0.3071366221042874,0.0,0.7736387991490032,0.2830863555613328,0.3332462398341032,0.0,0.7774889148865491,0.3146629821875969,0.17156786172169267,0.010748291741786107,0.5069510312122948,-0.04255988620920176,0.3542403635052941,-0.5069510312122948,0.4661501615572532,0.08741607367794409,0.0653095347486879,-0.0009532606271162059,0.16806400846579883,0.8819566018626522,0.0,0.8819566018626522,0.8819566018626522,0.86219616407544,0.029002079338787658,0.7982931779203635,0.8863614321962356,0.019760437787212166,0.029002079338787658,-0.004404830333583409,0.08366342394228876,0.019760437787212166,0.029002079338787658,-0.004404830333583409,0.08366342394228876
42,header,mid_density,important,0.01,1,239999,1,0.2265759440664336,0.0,0.2265759440664336,0.2265759440664336,0.20669252788553286,0.0,0.20669252788553286,0.20669252788553286,0.0,0.0,0.0,0.0,0.3001785119966113,0.0,0.3001785119966113,0.3001785119966113,0.0,0.0,0.0,0.0,0.20873285572776976,0.0,0.20873285572776976,0.20873285572776976,0.20873285572776976,0.0,0.20873285572776976,0.20873285572776976,-0.11833224182160464,0.0,-0.11833224182160464,-0.11833224182160464,0.9355121441976487,0.0,0.9355121441976487,0.9355121441976487,0.8078862879485096,0.0,0.8078862879485096,0.8078862879485096,0.12762585624913914,0.0,0.12762585624913914,0.12762585624913914,0.12762585624913914,0.0,0.12762585624913914,0.12762585624913914
42,header,mid_density,important,0.05,1,239999,4,0.276742819761749,0.0,0.276742819761749,0.276742819761749,0.23067596114983813,0.0,0.23067596114983813,0.23067596114983813,0.016179234080142,0.0,0.016179234080142,0.016179234080142,0.3350095307252428,0.0,0.3350095307252428,0.3350095307252428,0.0519506582468158,0.0,0.0519506582468158,0.0519506582468158,0.2642296525249497,0.0,0.2642296525249497,0.2642296525249497,0.22157185924812944,0.0,0.22157185924812944,0.22157185924812944,-0.1434389577879015,0.0,-0.1434389577879015,-0.1434389577879015,0.9355121441976487,0.0,0.9355121441976487,0.9355121441976487,0.7502273241565737,0.0,0.7502273241565737,0.7502273241565737,0.18528482004107505,0.0,0.18528482004107505,0.18528482004107505,0.18528482004107505,0.0,0.18528482004107505,0.18528482004107505
42,header,mid_density,important,0.1,1,239999,8,0.272517802157509,0.0,0.272517802157509,0.272517802157509,4.166684027850116e-06,0.0,4.166684027850116e-06,4.166684027850116e-06,0.22033425139271415,0.0,0.22033425139271415,0.22033425139271415,6.051254122416871e-06,0.0,6.051254122416871e-06,6.051254122416871e-06,0.7074815369795568,0.0,0.7074815369795568,0.7074815369795568,0.2891364233297316,0.0,0.2891364233297316,0.2891364233297316,-0.2890198189221975,0.0,-0.2890198189221975,-0.2890198189221975,0.12759391069448073,0.0,0.12759391069448073,0.12759391069448073,0.9355121441976487,0.0,0.9355121441976487,0.9355121441976487,0.7451060462854618,0.0,0.7451060462854618,0.7451060462854618,0.19040609791218688,0.0,0.19040609791218688,0.19040609791218688,0.19040609791218688,0.0,0.19040609791218688,0.19040609791218688
42,header,mid_density,random,0.01,20,239999,1,0.08352659802749178,0.09656497304472543,0.0,0.2722094675394481,0.01095712898803745,0.03406183019443699,0.0,0.1561131504714603,0.05034291809549206,0.07468142141616783,0.0,0.22003008345868108,0.015912982965719646,0.04946782357468568,0.0,0.2267223382045929,0.16164842662956225,0.23979806350287466,0.0,0.7065048699561168,0.08154586926386378,0.09756887093283546,6.025298054376323e-06,0.2905992354548908,-0.048555204265935556,0.11752363808102921,-0.2905992354548908,0.22263506262970925,0.020220786188060245,0.041954884093799126,-0.03812415299798728,0.12907717889871742,0.9355121441976488,1.1102230246251565e-16,0.9355121441976487,0.9355121441976487,0.9322303108043581,0.00922763482587352,0.8932529048845282,0.9361343343829179,0.0032818333932905673,0.00922763482587352,-0.0006221901852692113,0.04225923931312048,0.0032818333932905673,0.00922763482587352,-0.0006221901852692113,0.04225923931312048
42,header,mid_density,random,0.05,20,239999,4,0.17516781319922167,0.13426447708047115,0.009812540885587024,0.44681852841053504,0.060768794869978625,0.1192391625391272,0.0,0.3637890157875658,0.07234217642573511,0.08486356206843239,0.0,0.21863007762532344,0.08825421318568274,0.17317043218194902,0.0,0.5283289461740945,0.23228687252488492,0.2724923744094738,0.0,0.7020095258482286,0.16549222916102174,0.12711196480482986,0.007695321078038524,0.40945963477658065,-0.021558180536205805,0.20702285435362805,-0.2884506936532055,0.40945963477658065,0.022967821760829624,0.0560176256161883,-0.03939088218215363,0.1283184240856677,0.9355121441976488,1.1102230246251565e-16,0.9355121441976487,0.9355121441976487,0.9282298118054138,0.013757089689208172,0.8837013855396523,0.9373034198559369,0.007282332392234847,0.013757089689208173,-0.0017912756582881828,0.05181075865799645,0.007282332392234847,0.013757089689208173,-0.0017912756582881828,0.05181075865799645
42,header,mid_density,random,0.1,20,239999,8,0.2948547702282093,0.21147853301321767,0.010854211892549552,0.6903695432064301,0.1573804474185309,0.22946227092374835,0.0,0.6068566952362302,0.08381472422801763,0.09743852541918194,0.0,0.22068425285105356,0.228562827145926,0.3332468945534397,0.0,0.8813349066594052,0.2691246120089907,0.3128699114588227,0.0,0.7086053730065289,0.2796615374456397,0.19275751056475074,0.007839177890734794,0.6679959695003678,0.06437297538355839,0.3325053787302588,-0.2908632289651531,0.6679959695003678,0.049427851526129836,0.06078075675785108,-0.036309547575523814,0.12905152444528503,0.9355121441976488,1.1102230246251565e-16,0.9355121441976487,0.9355121441976487,0.9184662815658386,0.025246705083673028,0.8342038308182174,0.935054288259965,0.01704586263180996,0.025246705083673028,0.000457855937683771,0.10130831337943136,0.01704586263180996,0.025246705083673028,0.000457855937683771,0.10130831337943136
42,imports,high_density,important,0.01,1,205485,13,0.05259751320047692,0.0,0.05259751320047692,0.05259751320047692,0.0,0.0,0.0,0.0,0.04717619290945811,0.0,0.04717619290945811,0.04717619290945811,0.0,0.0,0.0,0.0,0.09219649056065433,0.0,0.09219649056065433,0.09219649056065433,0.03421129508532668,0.0,0.03421129508532668,0.03421129508532668,-0.03011812737971133,0.0,-0.03011812737971133,-0.03011812737971133,-0.004294396307221997,0.0,-0.004294396307221997,-0.004294396307221997,0.8648704325403951,0.0,0.8648704325403951,0.8648704325403951,0.8353874242099663,0.0,0.8353874242099663,0.8353874242099663,0.029483008330428828,0.0,0.029483008330428828,0.029483008330428828,0.029483008330428828,0.0,0.029483008330428828,0.029483008330428828
42,imports,high_density,important,0.05,1,205485,65,0.19122563690780348,0.0,0.19122563690780348,0.19122563690780348,0.0,0.0,0.0,0.0,0.18505973672044188,0.0,0.18505973672044188,0.18505973672044188,0.0,0.0,0.0,0.0,0.3616624661182177,0.0,0.3616624661182177,0.3616624661182177,0.1628451536584297,0.0,0.1628451536584297,0.1628451536584297,-0.16111393745762823,0.0,-0.16111393745762823,-0.16111393745762823,-0.06744879815535888,0.0,-0.06744879815535888,-0.06744879815535888,0.8648704325403951,0.0,0.8648704325403951,0.8648704325403951,0.7067947619493693,0.0,0.7067947619493693,0.7067947619493693,0.15807567059102579,0.0,0.15807567059102579,0.15807567059102579,0.15807567059102579,0.0,0.15807567059102579,0.15807567059102579
42,imports,high_density,important,0.1,1,205485,129,0.22650315108158747,0.0,0.22650315108158747,0.22650315108158747,0.0,0.0,0.0,0.0,0.22033725089422584,0.0,0.22033725089422584,0.22033725089422584,0.0,0.0,0.0,0.0,0.43060535451043797,0.0,0.43060535451043797,0.43060535451043797,0.1974115960663765,0.0,0.1974115960663765,0.1974115960663765,-0.190562639179108,0.0,-0.190562639179108,-0.190562639179108,-0.0739596454266244,0.0,-0.0739596454266244,-0.0739596454266244,0.8648704325403951,0.0,0.8648704325403951,0.8648704325403951,0.6587939248506668,0.0,0.6587939248506668,0.6587939248506668,0.2060765076897283,0.0,0.2060765076897283,0.2060765076897283,0.2060765076897283,0.0,0.2060765076897283,0.2060765076897283
42,imports,high_density,random,0.01,20,205485,13,0.011488429812395066,0.017977556403581202,0.0,0.06309949631359953,0.004532447623914154,0.011113726454706978,0.0,0.03813417037739981,0.0023008978757573548,0.0049120810993633,0.0,0.01988466311409592,0.009281941399242575,0.022759657968362206,0.0,0.07809447877217461,0.004496647486803937,0.009599686002212827,0.0,0.0388606210471254,0.00972912535192795,0.011899270315690182,0.00083947573793026,0.044522423824165,0.004008744355507798,0.014526116140215439,-0.020211352362688444,0.044522423824165,-0.0004368215612121426,0.0019459141576669045,-0.005471868109122475,0.0031833662718569952,0.8648704325403951,0.0,0.8648704325403951,0.8648704325403951,0.869388407731749,0.007731430793906635,0.8543093757509597,0.8786672953311161,-0.004517975191353951,0.007731430793906635,-0.01379686279072101,0.010561056789435419,-0.004517975191353951,0.007731430793906635,-0.01379686279072101,0.010561056789435419
42,imports,high_density,random,0.05,20,205485,65,0.021128792855926226,0.024037735971782312,0.0011923011412025208,0.0782928194272088,0.009902669294595715,0.01657276027394114,0.0,0.052232523055210846,0.0035231282088716933,0.004264033230898007,0.0,0.01641482346643307,0.020279549531592583,0.03393914336147892,0.0,0.10696631453059598,0.006885253697275192,0.008333205273204403,0.0,0.03207950924913215,0.02029007867651191,0.016781123297689493,0.005931280905946593,0.0655648936612638,0.010177133373128602,0.02261539354855585,-0.012602188645385514,0.0655648936612638,-0.0005797224366388449,0.005393083673061927,-0.010263047609367368,0.014115968229377765,0.8648704325403951,0.0,0.8648704325403951,0.8648704325403951,0.8656839637879459,0.009194411238056916,0.8483713577744554,0.8788185328947632,-0.0008135312475507251,0.009194411238056916,-0.01394810035436811,0.016499074765939703,-0.0008135312475507251,0.009194411238056916,-0.01394810035436811,0.016499074765939703
42,imports,high_density,random,0.1,20,205485,129,0.026561062851303018,0.017951294459513243,0.0025889967637540453,0.0716207995717449,0.00825291383799304,0.0128813918105033,0.0,0.04524904494245322,0.008705988271649999,0.008520904486832383,0.0,0.02752512348833248,0.01690103647598166,0.026379637195348523,0.0,0.09266493920669723,0.01701412335346426,0.016652413890120808,0.0,0.05379238194873746,0.023385314659414784,0.0105683901885397,0.009098563766911545,0.05507569935872261,0.0038668535175418726,0.018962127594735294,-0.020955217991848404,0.05494386513466721,-0.002645327446043031,0.004934864627580282,-0.009404620006978462,0.010437250250521233,0.8648704325403951,0.0,0.8648704325403951,0.8648704325403951,0.8629070540423154,0.014070509738227233,0.8359619141416875,0.8790495260145181,0.0019633784980796765,0.014070509738227233,-0.01417909347412305,0.02890851839870756,0.0019633784980796765,0.014070509738227233,-0.01417909347412305,0.02890851839870756
42,imports,low_density,important,0.01,1,120000,13,0.09499166666666667,0.0,0.09499166666666667,0.09499166666666667,0.04276666666666667,0.0,0.04276666666666667,0.04276666666666667,0.021925,0.0,0.021925,0.021925,0.05887143955123719,0.0,0.05887143955123719,0.05887143955123719,0.08014743960764005,0.0,0.08014743960764005,0.08014743960764005,0.09065905725811199,0.0,0.09065905725811199,0.09065905725811199,0.014689173755587962,0.0,0.014689173755587962,0.014689173755587962,-0.01690000993190413,0.0,-0.01690000993190413,-0.01690000993190413,0.8580293174304692,0.0,0.8580293174304692,0.8580293174304692,0.8174434295657984,0.0,0.8174434295657984,0.8174434295657984,0.04058588786467077,0.0,0.04058588786467077,0.04058588786467077,0.04058588786467077,0.0,0.04058588786467077,0.04058588786467077
42,imports,low_density,important,0.05,1,120000,65,0.19220833333333334,0.0,0.19220833333333334,0.19220833333333334,0.04120833333333333,0.0,0.04120833333333333,0.04120833333333333,0.09605,0.0,0.09605,0.09605,0.05672627992612391,0.0,0.05672627992612391,0.05672627992612391,0.3511134127395132,0.0,0.3511134127395132,0.3511134127395132,0.17461355872140763,0.0,0.17461355872140763,0.17461355872140763,-0.07296234589074573,0.0,-0.07296234589074573,-0.07296234589074573,-0.012868554631102645,0.0,-0.012868554631102645,-0.012868554631102645,0.8580293174304692,0.0,0.8580293174304692,0.8580293174304692,0.7338948528227517,0.0,0.7338948528227517,0.7338948528227517,0.12413446460771749,0.0,0.12413446460771749,0.12413446460771749,0.12413446460771749,0.0,0.12413446460771749,0.12413446460771749
42,imports,low_density,important,0.1,1,120000,129,0.20816666666666667,0.0,0.20816666666666667,0.20816666666666667,0.029741666666666666,0.0,0.029741666666666666,0.029741666666666666,0.11219166666666666,0.0,0.11219166666666666,0.11219166666666666,0.04094157594668074,0.0,0.04094157594668074,0.04094157594668074,0.4101197185243854,0.0,0.4101197185243854,0.4101197185243854,0.18471362220586976,0.0,0.18471362220586976,0.18471362220586976,-0.10212359770754695,0.0,-0.10212359770754695,-0.10212359770754695,-0.014112728939382554,0.0,-0.014112728939382554,-0.014112728939382554,0.8580293174304692,0.0,0.8580293174304692,0.8580293174304692,0.7301898419908253,0.0,0.7301898419908253,0.7301898419908253,0.1278394754396439,0.0,0.1278394754396439,0.1278394754396439,0.1278394754396439,0.0,0.1278394754396439,0.1278394754396439
42,imports,low_density,random,0.01,20,120000,13,0.03903208333333333,0.04106789274372039,0.01255,0.16081666666666666,0.017947083333333336,0.029717551079917404,0.000875,0.110475,0.005287083333333333,0.008787550961998583,0.0,0.03571666666666667,0.02470547073061613,0.040908379080564945,0.0012045013937801842,0.1520769045461324,0.01932707831967588,0.032123133866628996,0.0,0.13056325585645961,0.0357342241927945,0.036076036907017425,0.01233507188432761,0.14109064073263666,0.01279592989375467,0.0469487813645723,-0.0672717946331941,0.14108812021101053,-0.0012734104680686247,0.006565815604060954,-0.012822777763343132,0.01858911124416358,0.8580293174304691,1.1102230246251565e-16,0.8580293174304692,0.8580293174304692,0.8557512455293497,0.002638413052858149,0.8485491091969373,0.8602185058381056,0.0022780719011195995,0.002638413052858149,-0.0021891884076363777,0.009480208233531906,0.0022780719011195995,0.002638413052858149,-0.0021891884076363777,0.009480208233531906
42,imports,low_density,random,0.05,20,120000,65,0.08652791666666668,0.06770616885130064,0.036275,0.28485,0.046465,0.05858479156554009,0.003033333333333333,0.21525833333333333,0.008429166666666668,0.007606312026132565,1.6666666666666667e-05,0.031158333333333333,0.06396246544228143,0.08064624353715957,0.004175604831771305,0.2963188143117709,0.030813050233039884,0.027805082497209855,6.092545770250099e-05,0.11390014317482561,0.0788256811799174,0.059624059414162246,0.03392520993201785,0.25555819142876623,0.04003956678160174,0.08206851665358923,-0.06076363500567557,0.255169598960464,-0.003695239376967088,0.008989533630569795,-0.027062099899828537,0.01649990353130865,0.8580293174304691,1.1102230246251565e-16,0.8580293174304692,0.8580293174304692,0.8512446793089904,0.009533855649276751,0.8224706880505017,0.8614591338693924,0.006784638121478714,0.009533855649276751,-0.003429816438923261,0.035558629379967455,0.006784638121478714,0.009533855649276751,-0.003429816438923261,0.035558629379967455
42,imports,low_density,random,0.1,20,120000,129,0.09523125,0.0320065118021795,0.06675,0.20466666666666666,0.03742541666666667,0.03368095359759067,0.005258333333333334,0.1468,0.0190725,0.014936464306261445,0.00025833333333333334,0.050791666666666666,0.05151881890034758,0.046364292059592756,0.007238479804526631,0.20208091955077834,0.06972004752185702,0.05460065545896285,0.0009443445943887654,0.18567033234837177,0.08777138866832805,0.02746586994896455,0.06093273957432198,0.18170175546356887,0.011057957912675307,0.06470137437789572,-0.0876537946575587,0.1808415225516898,-0.0019580701390164755,0.011702342137182612,-0.01907668213254638,0.023016740755607237,0.8580293174304691,1.1102230246251565e-16,0.8580293174304692,0.8580293174304692,0.8443302270866632,0.011342341926611611,0.8095326821037464,0.8603843551337598,0.013699090343805986,0.01134234192661161,-0.0023550377032905967,0.04849663532672277,0.013699090343805986,0.01134234192661161,-0.0023550377032905967,0.04849663532672277
42,imports,mid_density,important,0.01,1,154515,13,0.10241076918098567,0.0,0.10241076918098567,0.10241076918098567,0.016574442610749765,0.0,0.016574442610749765,0.016574442610749765,0.058427984338090155,0.0,0.058427984338090155,0.058427984338090155,0.04879303446567722,0.0,0.04879303446567722,0.04879303446567722,0.08848551378053084,0.0,0.08848551378053084,0.08848551378053084,0.10499035354803192,0.0,0.10499035354803192,0.10499035354803192,-0.05434958436219101,0.0,-0.05434958436219101,-0.05434958436219101,-0.023679153825193967,0.0,-0.023679153825193967,-0.023679153825193967,0.9403866149632443,0.0,0.9403866149632443,0.9403866149632443,0.9049578423856864,0.0,0.9049578423856864,0.9049578423856864,0.03542877257755783,0.0,0.03542877257755783,0.03542877257755783,0.03542877257755783,0.0,0.03542877257755783,0.03542877257755783
42,imports,mid_density,important,0.05,1,154515,65,0.3307510597676601,0.0,0.3307510597676601,0.3307510597676601,0.016930395107271137,0.0,0.016930395107271137,0.016930395107271137,0.2773970164708928,0.0,0.2773970164708928,0.2773970164708928,0.04984091298797798,0.0,0.04984091298797798,0.04984091298797798,0.4201003646057945,0.0,0.4201003646057945,0.4201003646057945,0.2771145015085248,0.0,0.2771145015085248,0.2771145015085248,-0.2313814340291506,0.0,-0.2313814340291506,-0.2313814340291506,-0.06054872573587651,0.0,-0.06054872573587651,-0.06054872573587651,0.9403866149632443,0.0,0.9403866149632443,0.9403866149632443,0.8361904624550393,0.0,0.8361904624550393,0.8361904624550393,0.10419615250820502,0.0,0.10419615250820502,0.10419615250820502,0.10419615250820502,0.0,0.10419615250820502,0.10419615250820502
42,imports,mid_density,important,0.1,1,154515,129,0.39952108209558945,0.0,0.39952108209558945,0.39952108209558945,0.014302818496586092,0.0,0.014302818496586092,0.014302818496586092,0.34598582661877486,0.0,0.34598582661877486,0.34598582661877486,0.042105664259721454,0.0,0.042105664259721454,0.042105664259721454,0.5239738111106755,0.0,0.5239738111106755,0.5239738111106755,0.32795862979891127,0.0,0.32795862979891127,0.32795862979891127,-0.2782920312065245,0.0,-0.2782920312065245,-0.2782920312065245,-0.08556071490934233,0.0,-0.08556071490934233,-0.08556071490934233,0.9403866149632443,0.0,0.9403866149632443,0.9403866149632443,0.7770156559438363,0.0,0.7770156559438363,0.7770156559438363,0.163370959019408,0.0,0.163370959019408,0.163370959019408,0.163370959019408,0.0,0.163370959019408,0.163370959019408
42,imports,mid_density,random,0.01,20,154515,13,0.03995890366631071,0.04433988673329925,0.007287318383328479,0.16487072452512702,0.013435265184609909,0.02503998102428029,5.177490858492703e-05,0.08955764812477753,0.009279357991133549,0.016380807257112703,0.0,0.05937287641976507,0.03955169851582297,0.07371449440750413,0.00015241869415283783,0.26364623621087124,0.014053005057435213,0.02480770409429538,0.0,0.08991649351158505,0.03481462109308952,0.03624221892216639,0.008686100007731214,0.13475076651363738,0.010257957600182919,0.047523443134352465,-0.07301984338185116,0.13474922197270248,0.0006020932972394381,0.007455996079429865,-0.007042541128810727,0.023117931142673843,0.9403866149632444,1.1102230246251565e-16,0.9403866149632443,0.9403866149632443,0.9374103905828456,0.0025316639871360846,0.9312809923479706,0.9398869105329073,0.002976224380398673,0.0025316639871360846,0.000499704430336978,0.0091056226152737,0.002976224380398673,0.0025316639871360846,0.000499704430336978,0.0091056226152737
42,imports,mid_density,random,0.05,20,154515,65,0.08289777691486264,0.0626033343277045,0.03032068084004789,0.24509594537747145,0.03353072517231337,0.04465012796746917,0.0016632689382907809,0.15135100152088793,0.015728570041743523,0.01355218417476109,0.0,0.04064330323916772,0.09871015680073161,0.13144425329878826,0.004896450549659916,0.44555794768228324,0.023819931783432002,0.02052393203594317,0.0,0.061551730897400715,0.07324223179412861,0.0485715820698623,0.028606388960096037,0.20845924359058096,0.029143605967918117,0.07441021928356131,-0.05971805039577436,0.20784520164808926,0.001988564116874372,0.013562515743782004,-0.011161692339935013,0.039704548194660925,0.9403866149632444,1.1102230246251565e-16,0.9403866149632443,0.9403866149632443,0.9291838947650966,0.00962156102024779,0.8975535136327761,0.9387779910708636,0.011202720198147813,0.009621561020247787,0.0016086238923807006,0.04283310133046814,0.011202720198147813,0.009621561020247787,0.0016086238923807006,0.04283310133046814
42,imports,mid_density,random,0.1,20,154515,129,0.10001553247257547,0.040597636151487364,0.04100572759926221,0.19422062582920752,0.027595379089408796,0.02841201666081156,0.002181018024140051,0.10911561984273371,0.037985956056046336,0.033490133560198074,9.707795359673819e-05,0.12278419570915446,0.08123725874978566,0.08364133508002551,0.006420637491188294,0.3212223979271058,0.05752734543458658,0.050718704542419786,0.00014701846551926922,0.18594895518877172,0.08855902379943234,0.028781192469517047,0.04389060018438676,0.1591861558872678,-0.004275763988815445,0.0696572396351508,-0.10586093674960172,0.15828563000754778,-0.0041290905591757085,0.011363131701367043,-0.025142434902858727,0.02655751324308253,0.9403866149632444,1.1102230246251565e-16,0.9403866149632443,0.9403866149632443,0.9202151770864283,0.007134775831817285,0.9028352581428313,0.9330655796811198,0.02017143787681589,0.0071347758318172855,0.007321035282124466,0.037551356820412995,0.02017143787681589,0.0071347758318172855,0.007321035282124466,0.037551356820412995
77,header,high_density,important,0.01,1,120000,1,0.024833333333333332,0.0,0.024833333333333332,0.024833333333333332,0.008475,0.0,0.008475,0.008475,0.0,0.0,0.0,0.0,0.042220192627034206,0.0,0.042220192627034206,0.042220192627034206,0.0,0.0,0.0,0.0,0.05200808761131975,0.0,0.05200808761131975,0.05200808761131975,0.05200808761131975,0.0,0.05200808761131975,0.05200808761131975,-0.030815874926869668,0.0,-0.030815874926869668,-0.030815874926869668,0.9893491453276847,0.0,0.9893491453276847,0.9893491453276847,0.9882121913068963,0.0,0.9882121913068963,0.9882121913068963,0.0011369540207883944,0.0,0.0011369540207883944,0.0011369540207883944,0.0011369540207883944,0.0,0.0011369540207883944,0.0011369540207883944
77,header,high_density,important,0.05,1,120000,4,0.05475,0.0,0.05475,0.05475,0.02315,0.0,0.02315,0.02315,0.00035833333333333333,0.0,0.00035833333333333333,0.00035833333333333333,0.11532713384257721,0.0,0.11532713384257721,0.11532713384257721,0.0004483276336641922,0.0,0.0004483276336641922,0.0004483276336641922,0.05489921939039147,0.0,0.05489921939039147,0.05489921939039147,0.049928157297700226,0.0,0.049928157297700226,0.049928157297700226,0.0082022994264713,0.0,0.0082022994264713,0.0082022994264713,0.9893491453276847,0.0,0.9893491453276847,0.9893491453276847,0.9901758579366134,0.0,0.9901758579366134,0.9901758579366134,-0.000826712608928748,0.0,-0.000826712608928748,-0.000826712608928748,-0.000826712608928748,0.0,-0.000826712608928748,-0.000826712608928748
77,header,high_density,important,0.1,1,120000,8,0.768725,0.0,0.768725,0.768725,0.0,0.0,0.0,0.0,0.7587833333333334,0.0,0.7587833333333334,0.7587833333333334,0.0,0.0,0.0,0.0,0.949349403619985,0.0,0.949349403619985,0.949349403619985,0.7379574107215069,0.0,0.7379574107215069,0.7379574107215069,-0.7379567117754143,0.0,-0.7379567117754143,-0.7379567117754143,0.08835884165121098,0.0,0.08835884165121098,0.08835884165121098,0.9893491453276847,0.0,0.9893491453276847,0.9893491453276847,0.9806109586879415,0.0,0.9806109586879415,0.9806109586879415,0.00873818663974324,0.0,0.00873818663974324,0.00873818663974324,0.00873818663974324,0.0,0.00873818663974324,0.00873818663974324
77,header,high_density,random,0.01,20,120000,1,0.016345833333333334,0.025377413336250185,0.0,0.08998333333333333,0.007240416666666666,0.014326882093492404,0.0,0.050041666666666665,0.0013308333333333334,0.0027361533978683774,0.0,0.009141666666666666,0.03606982729990036,0.07137271052885621,0.0,0.24929425440053138,0.001665067978980732,0.003423329799651819,0.0,0.011437567770456252,0.01771102758892167,0.02965682186655228,0.0,0.11839766342654089,0.011988573398385905,0.032395704797881335,-0.01881273204058591,0.11839766342654089,0.005262711112655446,0.014515023922327883,-0.008409057385253858,0.050837179768990166,0.9893491453276845,2.220446049250313e-16,0.9893491453276847,0.9893491453276847,0.9892239530961267,0.0008798892686545887,0.9868189611493892,0.9910502629025544,0.0001251922315579912,0.0008798892686545887,-0.0017011175748696816,0.002530184178295536,0.0001251922315579912,0.0008798892686545887,-0.0017011175748696816,0.002530184178295536
77,header,high_density,random,0.05,20,120000,4,0.22193375000000004,0.2578891003776166,0.007741666666666667,0.7465416666666667,0.025155,0.042376041399854965,0.0,0.18596666666666667,0.17568999999999999,0.2765580729978385,0.0,0.7366,0.12531550979740952,0.21110615111186468,0.0,0.9264363998671538,0.21981399616314956,0.34601477145446474,0.0,0.9215947952289599,0.21639427067501799,0.22384664821948214,0.015386828834497782,0.6824381642124706,-0.12140287192270047,0.2865691132210359,-0.6824354295390141,0.24826725363841082,0.009905503991049624,0.0508576296590328,-0.0715275177956746,0.08282651922764284,0.9893491453276845,2.220446049250313e-16,0.9893491453276847,0.9893491453276847,0.9864811239186956,0.002419085842953982,0.9825260910889366,0.9900391055079578,0.002868021408989002,0.0024190858429539814,-0.0006899601802731192,0.006823054238748072,0.002868021408989002,0.0024190858429539814,-0.0006899601802731192,0.006823054238748072
77,header,high_density,random,0.1,20,120000,8,0.2818229166666667,0.27836394026918704,0.022591666666666666,0.764625,0.018234583333333332,0.042802973698859735,0.0,0.18950833333333333,0.24919458333333339,0.2935174394458601,0.0,0.7546833333333334,0.09083983726336765,0.21323301410923148,0.0,0.9440800398538691,0.3117790266077237,0.3672334299514473,0.0,0.9442197013929435,0.2830901401541155,0.24431344758284212,0.015798350338437375,0.725814836946055,-0.2192271343194744,0.302610941868697,-0.725814836946055,0.21519322144075542,-0.014934592657826378,0.06856246497754664,-0.14678616368397027,0.0789852940716714,0.9893491453276845,2.220446049250313e-16,0.9893491453276847,0.9893491453276847,0.9789285875184308,0.010721222946916673,0.9436649014433385,0.9879293092106821,0.010420557809253706,0.010721222946916673,0.001419836117002582,0.04568424388434622,0.010420557809253706,0.010721222946916673,0.001419836117002582,0.04568424388434622
77,header,low_density,important,0.01,1,120000,1,0.21891666666666668,0.0,0.21891666666666668,0.21891666666666668,0.17965,0.0,0.17965,0.17965,0.0,0.0,0.0,0.0,0.4221512914406564,0.0,0.4221512914406564,0.4221512914406564,0.0,0.0,0.0,0.0,0.16336631624128664,0.0,0.16336631624128664,0.16336631624128664,0.16336631624128664,0.0,0.16336631624128664,0.16336631624128664,-0.04201245265729463,0.0,-0.04201245265729463,-0.04201245265729463,0.8872145619336391,0.0,0.8872145619336391,0.8872145619336391,0.7625967880280249,0.0,0.7625967880280249,0.7625967880280249,0.12461777390561424,0.0,0.12461777390561424,0.12461777390561424,0.12461777390561424,0.0,0.12461777390561424,0.12461777390561424
77,header,low_density,important,0.05,1,120000,4,0.32364166666666666,0.0,0.32364166666666666,0.32364166666666666,0.22863333333333333,0.0,0.22863333333333333,0.22863333333333333,0.011508333333333334,0.0,0.011508333333333334,0.011508333333333334,0.5372549787534024,0.0,0.5372549787534024,0.5372549787534024,0.020033946005541613,0.0,0.020033946005541613,0.020033946005541613,0.2562627429884958,0.0,0.2562627429884958,0.2562627429884958,0.23450341816302345,0.0,0.23450341816302345,0.23450341816302345,0.00026949829142989255,0.0,0.00026949829142989255,0.00026949829142989255,0.8872145619336391,0.0,0.8872145619336391,0.8872145619336391,0.742678808110994,0.0,0.742678808110994,0.742678808110994,0.14453575382264516,0.0,0.14453575382264516,0.14453575382264516,0.14453575382264516,0.0,0.14453575382264516,0.14453575382264516
77,header,low_density,important,0.1,1,120000,8,0.5499083333333333,0.0,0.5499083333333333,0.5499083333333333,0.0,0.0,0.0,0.0,0.46670833333333334,0.0,0.46670833333333334,0.46670833333333334,0.0,0.0,0.0,0.0,0.8124555728025764,0.0,0.8124555728025764,0.8124555728025764,0.5206725996725465,0.0,0.5206725996725465,0.5206725996725465,-0.5203728579295518,0.0,-0.5203728579295518,-0.5203728579295518,0.16056684654707942,0.0,0.16056684654707942,0.16056684654707942,0.8872145619336391,0.0,0.8872145619336391,0.8872145619336391,0.6944679868072473,0.0,0.6944679868072473,0.6944679868072473,0.19274657512639182,0.0,0.19274657512639182,0.19274657512639182,0.19274657512639182,0.0,0.19274657512639182,0.19274657512639182
77,header,low_density,random,0.01,20,120000,1,0.03423791666666666,0.06243540792707959,0.0,0.252725,0.017086666666666674,0.04001032561171623,0.0,0.162225,0.0031600000000000005,0.0068547796585059296,0.0,0.021983333333333334,0.04015117394795073,0.09401842821011508,0.0,0.3812050835177316,0.00550099371853829,0.011932942988419355,0.0,0.038269043854177245,0.0334394155122852,0.06488435227389548,0.0,0.25849816494421834,0.025207558310203097,0.06850366912687185,-0.029626094956079728,0.25849816494421834,0.003581753532881634,0.012160720254656122,-0.011772447909274099,0.04575207559341967,0.8872145619336391,0.0,0.8872145619336391,0.8872145619336391,0.8866304021508615,0.0022034341218196874,0.8778037600529851,0.8885128802218731,0.0005841597827777323,0.0022034341218196874,-0.0012983182882340127,0.009410801880654018,0.0005841597827777323,0.0022034341218196874,-0.0012983182882340127,0.009410801880654018
77,header,low_density,random,0.05,20,120000,4,0.26793083333333334,0.16555526723012737,0.03224166666666667,0.5263166666666667,0.06769208333333333,0.10226152809487356,0.0,0.3275,0.13392958333333332,0.16820788523751315,0.0,0.4438166666666667,0.15906652045352185,0.2402996724182902,0.0,0.7695772220807958,0.2331474040009865,0.29281978484182575,0.0,0.7726052833911189,0.24594307752130745,0.1576203731149994,0.028274814583145798,0.4884477294797561,-0.040847625661718324,0.28873556764876074,-0.4883983924301003,0.4537372884475843,0.0544324759560119,0.056126902445156786,-0.0102637175129226,0.15074842237184943,0.8872145619336391,0.0,0.8872145619336391,0.8872145619336391,0.8770344541577012,0.02112281151149327,0.8083079389371923,0.8925932008953109,0.010180107775937924,0.021122811511493266,-0.005378638961671789,0.0789066229964468,0.010180107775937924,0.021122811511493266,-0.005378638961671789,0.0789066229964468
77,header,low_density,random,0.1,20,120000,8,0.30863208333333336,0.16662496785185568,0.022975,0.5456166666666666,0.04489833333333333,0.09393672713883296,0.0,0.3408,0.1969175,0.17327546371513322,0.0,0.46286666666666665,0.10550453326022675,0.22073760464996872,0.0,0.8008302817866724,0.3427980792943873,0.30164153084612577,0.0,0.8057679195740792,0.2751768542579968,0.15890952506468295,0.022327246553069776,0.5125141349984031,-0.14478483584678725,0.28164729946520195,-0.5125141343936327,0.46691280560987913,0.05590340008810096,0.06062339941119023,-0.025675520603247837,0.15558635562460418,0.8872145619336391,0.0,0.8872145619336391,0.8872145619336391,0.8642988338999096,0.032583627399183426,0.7470461580913741,0.8928516843932461,0.022915728033729467,0.032583627399183426,-0.0056371224596070135,0.14016840384226503,0.022915728033729467,0.032583627399183426,-0.0056371224596070135,0.14016840384226503
77,header,mid_density,important,0.01,1,240000,1,0.25648333333333334,0.0,0.25648333333333334,0.25648333333333334,0.23702916666666668,0.0,0.23702916666666668,0.23702916666666668,0.0,0.0,0.0,0.0,0.34509387606539477,0.0,0.34509387606539477,0.34509387606539477,0.0,0.0,0.0,0.0,0.236727464223518,0.0,0.236727464223518,0.236727464223518,0.236727464223518,0.0,0.236727464223518,0.236727464223518,-0.1255704896760893,0.0,-0.1255704896760893,-0.1255704896760893,0.9376949759763175,0.0,0.9376949759763175,0.9376949759763175,0.7781627551051697,0.0,0.7781627551051697,0.7781627551051697,0.1595322208711477,0.0,0.1595322208711477,0.1595322208711477,0.1595322208711477,0.0,0.1595322208711477,0.1595322208711477
77,header,mid_density,important,0.05,1,240000,4,0.3685291666666667,0.0,0.3685291666666667,0.3685291666666667,0.308825,0.0,0.308825,0.308825,0.0005958333333333333,0.0,0.0005958333333333333,0.0005958333333333333,0.4496223725317723,0.0,0.4496223725317723,0.4496223725317723,0.0019027343490120418,0.0,0.0019027343490120418,0.0019027343490120418,0.28566350718560685,0.0,0.28566350718560685,0.28566350718560685,0.28038789364502475,0.0,0.28038789364502475,0.28038789364502475,-0.03194974241279254,0.0,-0.03194974241279254,-0.03194974241279254,0.9376949759763175,0.0,0.9376949759763175,0.9376949759763175,0.7887494105396008,0.0,0.7887494105396008,0.7887494105396008,0.14894556543671666,0.0,0.14894556543671666,0.14894556543671666,0.14894556543671666,0.0,0.14894556543671666,0.14894556543671666
77,header,mid_density,important,0.1,1,240000,8,0.2787875,0.0,0.2787875,0.2787875,0.0,0.0,0.0,0.0,0.226825,0.0,0.226825,0.226825,0.0,0.0,0.0,0.0,0.7243430244162065,0.0,0.7243430244162065,0.7243430244162065,0.2951465769945538,0.0,0.2951465769945538,0.2951465769945538,-0.2951382613459694,0.0,-0.2951382613459694,-0.2951382613459694,0.13124922364966382,0.0,0.13124922364966382,0.13124922364966382,0.9376949759763175,0.0,0.9376949759763175,0.9376949759763175,0.7656556264959037,0.0,0.7656556264959037,0.7656556264959037,0.17203934948041377,0.0,0.17203934948041377,0.17203934948041377,0.17203934948041377,0.0,0.17203934948041377,0.17203934948041377
77,header,mid_density,random,0.01,20,240000,1,0.03339854166666667,0.0675680779930277,0.0,0.28042083333333334,0.018522916666666667,0.04732045505007145,0.0,0.1986875,0.0022833333333333334,0.005377404823787111,0.0,0.016729166666666666,0.02696775759046377,0.06889447184941702,0.0,0.2892717401195062,0.007291597365444748,0.01717220620995152,0.0,0.0534229259530304,0.032914128946667995,0.06783263614483416,0.0,0.27926458159205125,0.026577320950879786,0.07055673193784756,-0.024475761632806674,0.27926458159205125,-0.004185062044193748,0.009658730320113893,-0.034410270222585415,0.004150206561998209,0.9376949759763175,0.0,0.9376949759763175,0.9376949759763175,0.9374026315989834,0.001264393159066574,0.9335690417263953,0.9388291551641141,0.00029234437733419714,0.001264393159066574,-0.00113417918779668,0.004125934249922136,0.00029234437733419714,0.001264393159066574,-0.00113417918779668,0.004125934249922136
77,header,mid_density,random,0.05,20,240000,4,0.217060625,0.15861189681606025,0.021170833333333333,0.6959,0.09334666666666666,0.16149227927343943,0.0,0.6096416666666666,0.071466875,0.08439200338420491,0.0,0.21490833333333334,0.13590463768995115,0.2351187298712455,0.0,0.8875853074099912,0.22822234049630766,0.26949744943395887,0.0,0.6862883374359656,0.2063024998539696,0.15596138864097758,0.02308956687439832,0.6639217872150407,0.02740078086603263,0.25685750212348346,-0.27918811321120984,0.6639217872150407,0.03752374648563033,0.05317852661316136,-0.028576909183576447,0.12382748742915795,0.9376949759763175,0.0,0.9376949759763175,0.9376949759763175,0.9311855884182082,0.011650214573912326,0.894323352069266,0.9381758986981114,0.006509387558109159,0.011650214573912326,-0.00048092272179389717,0.043371623907051404,0.006509387558109159,0.011650214573912326,-0.00048092272179389717,0.043371623907051404
77,header,mid_density,random,0.1,20,240000,8,0.2148554166666667,0.15264526239657114,0.026458333333333334,0.720125,0.06579729166666667,0.15624235229214575,0.0,0.6338666666666667,0.10095520833333334,0.08602413975920226,0.0,0.22501666666666667,0.09579514088992691,0.22747529224492694,0.0,0.9228548029967545,0.3223903931874127,0.274709514233365,0.0,0.7185682921961281,0.20948490520673677,0.1410383038766989,0.020085061280273483,0.6430367902263066,-0.04791389194315482,0.24736974806278517,-0.29097551264469657,0.6430366978786313,0.042918471546339404,0.06109139457196888,-0.06038812388477696,0.12809796983482172,0.9376949759763175,0.0,0.9376949759763175,0.9376949759763175,0.9165121568215684,0.044607722477967314,0.7286822051174617,0.9395279576283045,0.02118281915474924,0.044607722477967314,-0.0018329816519870867,0.20901277085885572,0.02118281915474924,0.044607722477967314,-0.0018329816519870867,0.20901277085885572
77,imports,high_density,important,0.01,1,179471,13,0.06233319032044174,0.0,0.06233319032044174,0.06233319032044174,0.0005961966000078007,0.0,0.0005961966000078007,0.0005961966000078007,0.05845512645497044,0.0,0.05845512645497044,0.05845512645497044,0.0011181707979768423,0.0,0.0011181707979768423,0.0011181707979768423,0.12522231108034232,0.0,0.12522231108034232,0.12522231108034232,0.03807873557718953,0.0,0.03807873557718953,0.03807873557718953,-0.03499884047931451,0.0,-0.03499884047931451,-0.03499884047931451,-0.005797134558176226,0.0,-0.005797134558176226,-0.005797134558176226,0.8405930642011918,0.0,0.8405930642011918,0.8405930642011918,0.7940252640653066,0.0,0.7940252640653066,0.7940252640653066,0.04656780013588524,0.0,0.04656780013588524,0.04656780013588524,0.04656780013588524,0.0,0.04656780013588524,0.04656780013588524
77,imports,high_density,important,0.05,1,179471,65,0.09697945629098852,0.0,0.09697945629098852,0.09697945629098852,0.0,0.0,0.0,0.0,0.09290080291523421,0.0,0.09290080291523421,0.09290080291523421,0.0,0.0,0.0,0.0,0.19901168550591436,0.0,0.19901168550591436,0.19901168550591436,0.06850170142571523,0.0,0.06850170142571523,0.06850170142571523,-0.06400240859607874,0.0,-0.06400240859607874,-0.06400240859607874,-0.029644015117712894,0.0,-0.029644015117712894,-0.029644015117712894,0.8405930642011918,0.0,0.8405930642011918,0.8405930642011918,0.8026322582719436,0.0,0.8026322582719436,0.8026322582719436,0.03796080592924822,0.0,0.03796080592924822,0.03796080592924822,0.03796080592924822,0.0,0.03796080592924822,0.03796080592924822
77,imports,high_density,important,0.1,1,179471,129,0.12409247176424046,0.0,0.12409247176424046,0.12409247176424046,0.0009806598280502142,0.0,0.0009806598280502142,0.0009806598280502142,0.11727242841461852,0.0,0.11727242841461852,0.11727242841461852,0.0018392342097563014,0.0,0.0018392342097563014,0.0018392342097563014,0.2512204729108726,0.0,0.2512204729108726,0.2512204729108726,0.09311518215519234,0.0,0.09311518215519234,0.09311518215519234,-0.08196508028245719,0.0,-0.08196508028245719,-0.08196508028245719,-0.043856312731913004,0.0,-0.043856312731913004,-0.043856312731913004,0.8405930642011918,0.0,0.8405930642011918,0.8405930642011918,0.72318427497929,0.0,0.72318427497929,0.72318427497929,0.11740878922190179,0.0,0.11740878922190179,0.11740878922190179,0.11740878922190179,0.0,0.11740878922190179,0.11740878922190179
77,imports,high_density,random,0.01,20,179471,13,0.009594586311994696,0.016359685355990736,0.0,0.07338790110937143,0.0030910286341525924,0.010117350685630327,0.0,0.04641975583799054,0.003214446902285049,0.005271347516234405,0.0,0.023351962155445726,0.005797245328763115,0.01897516035719559,0.0,0.08706056932658947,0.006885973812053139,0.01129225712990254,0.0,0.05002446913904439,0.00811716536562501,0.011333045673559543,0.0008517122531119184,0.05104732380738683,0.0011760293191983035,0.013498636740346421,-0.02451150257742214,0.050887331023246,2.5695280832123626e-05,0.0030979134590581395,-0.004826485741541764,0.010197423511489499,0.8405930642011918,0.0,0.8405930642011918,0.8405930642011918,0.8369390350778154,0.0073040835016858425,0.8106262528879223,0.8425175710440596,0.0036540291233763344,0.007304083501685843,-0.0019245068428677126,0.029966811313269504,0.0036540291233763344,0.007304083501685843,-0.0019245068428677126,0.029966811313269504
77,imports,high_density,random,0.05,20,179471,65,0.01878409325183456,0.01849473568775124,0.005861671244936507,0.06927024421772877,0.007518206284023603,0.013017741638043744,0.0,0.04534437318564002,0.004453922917908743,0.005472274459031177,0.0,0.026098924060154564,0.014100447268319192,0.02441486341095754,0.0,0.08504368181248172,0.009541173802504209,0.011722681930278282,0.0,0.05590899867508564,0.018263583198557108,0.010554670599854614,0.007732826489946551,0.045955960391305936,0.004858817661196167,0.017285746619486793,-0.029453405451680903,0.04524244392164402,0.000519702510948439,0.004198043593945465,-0.005908070000990832,0.00832637386371092,0.8405930642011918,0.0,0.8405930642011918,0.8405930642011918,0.8338607982023738,0.012239318975074154,0.7907044529526203,0.8470738904673549,0.006732265998818138,0.01223931897507415,-0.006480826266163087,0.04988861124857158,0.006732265998818138,0.01223931897507415,-0.006480826266163087,0.04988861124857158
77,imports,high_density,random,0.1,20,179471,129,0.029549342233564202,0.019460681862350167,0.00620713095709056,0.07906012670570733,0.009175019919652758,0.009999961104046383,0.0,0.036000245164957013,0.011752595126789285,0.01792294481420505,0.0,0.07473630837294047,0.017207812565313715,0.01875499539464436,0.0,0.06751870584792877,0.02517635684360043,0.03839445241349497,0.0,0.16009978634263958,0.026597786492794807,0.012583571948758683,0.01375843679451057,0.06164799512357069,0.0013653939462173574,0.024321892745973066,-0.06061066367159944,0.046353610003008486,-0.002473559525585646,0.004861856349720495,-0.00963665842180549,0.007299962339679054,0.8405930642011918,0.0,0.8405930642011918,0.8405930642011918,0.8263328724169655,0.020015227967293887,0.7644966010909633,0.8462606206394775,0.014260191784226318,0.020015227967293887,-0.005667556438285648,0.07609646311022855,0.014260191784226318,0.020015227967293887,-0.005667556438285648,0.07609646311022855
77,imports,low_density,important,0.01,1,120000,13,0.09531666666666666,0.0,0.09531666666666666,0.09531666666666666,0.019275,0.0,0.019275,0.019275,0.04103333333333333,0.0,0.04103333333333333,0.04103333333333333,0.02635627115167675,0.0,0.02635627115167675,0.02635627115167675,0.15272479141465836,0.0,0.15272479141465836,0.15272479141465836,0.08700526234590601,0.0,0.08700526234590601,0.08700526234590601,-0.03643011097757018,0.0,-0.03643011097757018,-0.03643011097757018,-0.0027629758991222415,0.0,-0.0027629758991222415,-0.0027629758991222415,0.8655113312631052,0.0,0.8655113312631052,0.8655113312631052,0.8354929799398083,0.0,0.8354929799398083,0.8354929799398083,0.030018351323296888,0.0,0.030018351323296888,0.030018351323296888,0.030018351323296888,0.0,0.030018351323296888,0.030018351323296888
77,imports,low_density,important,0.05,1,120000,65,0.16183333333333333,0.0,0.16183333333333333,0.16183333333333333,0.041875,0.0,0.041875,0.041875,0.07275,0.0,0.07275,0.07275,0.057259084538337945,0.0,0.057259084538337945,0.057259084538337945,0.27077323904345396,0.0,0.27077323904345396,0.27077323904345396,0.14658249678352858,0.0,0.14658249678352858,0.14658249678352858,-0.040039568847462265,0.0,-0.040039568847462265,-0.040039568847462265,-0.021466392572841476,0.0,-0.021466392572841476,-0.021466392572841476,0.8655113312631052,0.0,0.8655113312631052,0.8655113312631052,0.7771045119014678,0.0,0.7771045119014678,0.7771045119014678,0.08840681936163741,0.0,0.08840681936163741,0.08840681936163741,0.08840681936163741,0.0,0.08840681936163741,0.08840681936163741
77,imports,low_density,important,0.1,1,120000,129,0.23564166666666667,0.0,0.23564166666666667,0.23564166666666667,0.10671666666666667,0.0,0.10671666666666667,0.10671666666666667,0.07614166666666666,0.0,0.07614166666666666,0.07614166666666666,0.14592235554188174,0.0,0.14592235554188174,0.14592235554188174,0.28339691696907665,0.0,0.28339691696907665,0.28339691696907665,0.2134994416262429,0.0,0.2134994416262429,0.2134994416262429,0.033020957675203466,0.0,0.033020957675203466,0.033020957675203466,-0.046122741944783205,0.0,-0.046122741944783205,-0.046122741944783205,0.8655113312631052,0.0,0.8655113312631052,0.8655113312631052,0.7003214743443891,0.0,0.7003214743443891,0.7003214743443891,0.16518985691871613,0.0,0.16518985691871613,0.16518985691871613,0.16518985691871613,0.0,0.16518985691871613,0.16518985691871613
77,imports,low_density,random,0.01,20,120000,13,0.030041250000000002,0.03363672518359047,0.0067666666666666665,0.1615,0.011822916666666667,0.024134037437213717,0.0005166666666666667,0.11443333333333333,0.005685416666666666,0.008635040401935334,5e-05,0.038575,0.016166433072391437,0.03300042722074825,0.0007064802470401896,0.1564739798767078,0.02116094413944977,0.03213935201241402,0.00018609844607797525,0.14357495114915791,0.028131058375397488,0.03070828354556745,0.0065564988465426225,0.14742049301756224,0.004867218811407664,0.038687441395185186,-0.07081144918588626,0.1466255434693681,-0.0005415780811813184,0.005601912703058961,-0.013157021399821446,0.01571813941209687,0.8655113312631052,0.0,0.8655113312631052,0.8655113312631052,0.8635865588592191,0.0016064202107321608,0.8601321038562076,0.8659631690614945,0.0019247724038860548,0.0016064202107321608,-0.0004518377983893096,0.005379227406897558,0.0019247724038860548,0.0016064202107321608,-0.0004518377983893096,0.005379227406897558
77,imports,low_density,random,0.05,20,120000,65,0.06866083333333334,0.03234051124149263,0.038908333333333336,0.15728333333333333,0.034001666666666666,0.03014050391730186,0.002341666666666667,0.11485,0.00929333333333333,0.009317411866440643,0.0003916666666666667,0.04075,0.046493237160861,0.04121355610337656,0.0032019507970692464,0.15704372201141764,0.03458949784435966,0.03467911739626182,0.0014577711609441394,0.15167023355354983,0.06397430479565464,0.028585902104338323,0.0370506043472203,0.14672891115435663,0.026659755065925623,0.050450188792220206,-0.07034516070316381,0.14446763540526555,-0.005527002040851527,0.008491535752848887,-0.022834955469864138,0.010243377463658096,0.8655113312631052,0.0,0.8655113312631052,0.8655113312631052,0.8573713718844808,0.005617905679969456,0.8458772728068468,0.8640925809264947,0.008139959378624568,0.005617905679969454,0.0014187503366105414,0.01963405845625843,0.008139959378624568,0.005617905679969454,0.0014187503366105414,0.01963405845625843
77,imports,low_density,random,0.1,20,120000,129,0.08936,0.02270451552004579,0.057541666666666665,0.1507,0.04177291666666667,0.025165934574754686,0.00695,0.10834166666666667,0.015273333333333337,0.01649329063926029,0.00011666666666666667,0.060441666666666664,0.05711949771533405,0.034411423887812785,0.00950329880695997,0.14814434986725009,0.05684687199528551,0.0613875151735751,0.0004342297075152756,0.22496200490059243,0.08326055190575324,0.020790905547118967,0.056090499112810686,0.14105885771608045,0.02901466449959545,0.053647219237020885,-0.08985292933895182,0.13905330769199667,-0.008446575111697593,0.008970650297009873,-0.025559476735951877,0.013000558702577544,0.8655113312631052,0.0,0.8655113312631052,0.8655113312631052,0.8512950983922967,0.009787561448107525,0.8290495438150661,0.8662411302758821,0.014216232870808565,0.009787561448107525,-0.0007297990127769216,0.036461787448039074,0.014216232870808565,0.009787561448107525,-0.0007297990127769216,0.036461787448039074
77,imports,mid_density,important,0.01,1,180529,13,0.1108242996970016,0.0,0.1108242996970016,0.1108242996970016,0.011322280630812778,0.0,0.011322280630812778,0.011322280630812778,0.07245927247145888,0.0,0.07245927247145888,0.07245927247145888,0.03614564360112469,0.0,0.03614564360112469,0.03614564360112469,0.10550895305694467,0.0,0.10550895305694467,0.10550895305694467,0.09800437448937234,0.0,0.09800437448937234,0.09800437448937234,-0.06044163613151814,0.0,-0.06044163613151814,-0.06044163613151814,-0.01714315843142716,0.0,-0.01714315843142716,-0.01714315843142716,0.95080758071613,0.0,0.95080758071613,0.95080758071613,0.92964014129439,0.0,0.92964014129439,0.92964014129439,0.021167439421740042,0.0,0.021167439421740042,0.021167439421740042,0.021167439421740042,0.0,0.021167439421740042,0.021167439421740042
77,imports,mid_density,important,0.05,1,180529,65,0.21479097541115277,0.0,0.21479097541115277,0.21479097541115277,0.01814666895623418,0.0,0.01814666895623418,0.01814666895623418,0.16259991469514593,0.0,0.16259991469514593,0.16259991469514593,0.05793205892235053,0.0,0.05793205892235053,0.05793205892235053,0.2367639941926117,0.0,0.2367639941926117,0.2367639941926117,0.17743702771822495,0.0,0.17743702771822495,0.17743702771822495,-0.12202471897119545,0.0,-0.12202471897119545,-0.12202471897119545,-0.054798858991519234,0.0,-0.054798858991519234,-0.054798858991519234,0.95080758071613,0.0,0.95080758071613,0.95080758071613,0.8843115942021751,0.0,0.8843115942021751,0.8843115942021751,0.06649598651395494,0.0,0.06649598651395494,0.06649598651395494,0.06649598651395494,0.0,0.06649598651395494,0.06649598651395494
77,imports,mid_density,important,0.1,1,180529,129,0.3173395964083333,0.0,0.3173395964083333,0.3173395964083333,0.05270621340615635,0.0,0.05270621340615635,0.05270621340615635,0.2080939904392092,0.0,0.2080939904392092,0.2080939904392092,0.168261154043396,0.0,0.168261154043396,0.168261154043396,0.3030085497660913,0.0,0.3030085497660913,0.3030085497660913,0.27678966230467844,0.0,0.27678966230467844,0.27678966230467844,-0.14618597866947575,0.0,-0.14618597866947575,-0.14618597866947575,-0.12027452860885172,0.0,-0.12027452860885172,-0.12027452860885172,0.95080758071613,0.0,0.95080758071613,0.95080758071613,0.7793737399754991,0.0,0.7793737399754991,0.7793737399754991,0.17143384074063095,0.0,0.17143384074063095,0.17143384074063095,0.17143384074063095,0.0,0.17143384074063095,0.17143384074063095
77,imports,mid_density,random,0.01,20,180529,13,0.025934614383284676,0.03537614638787988,0.002542527793318525,0.1630042818605321,0.007334001739332739,0.018429802881725247,9.416769604883426e-05,0.08524946130538584,0.007463620803305841,0.011903839215989092,4.431420990533377e-05,0.05180885065557334,0.023413322958849844,0.05883594554165374,0.00030062423738704485,0.27215335372862476,0.010867881916438137,0.01733334561883606,6.452653653815131e-05,0.07543958703016615,0.024176663065109384,0.02841066828879167,0.003887339035875394,0.13215304489088853,0.00276569946770036,0.03566112711265083,-0.06893365084590548,0.13201984777094258,0.001095399394759658,0.004888511570332435,-0.004763943001812072,0.016908765549022643,0.9508075807161301,1.1102230246251565e-16,0.95080758071613,0.95080758071613,0.9491291068489938,0.0014001737731622953,0.9446867510879439,0.9507553435356992,0.0016784738671363707,0.001400173773162295,5.223718043079195e-05,0.006120829628186164,0.0016784738671363707,0.001400173773162295,5.223718043079195e-05,0.006120829628186164
77,imports,mid_density,random,0.05,20,180529,65,0.06559887885048939,0.03387448668694992,0.023392363553778064,0.1532496164051205,0.022502201862304668,0.022962478469794947,0.00037667078419533704,0.08424685230627767,0.015642639132770912,0.016136238508603438,0.0006813309772945067,0.0611702274980751,0.07183681409043484,0.07330621718639785,0.0012024969495481794,0.2689525897893862,0.02277746410711405,0.023496201014031864,0.0009920954992740764,0.08907081787385063,0.05590457809617453,0.02463119868921573,0.02733455077050481,0.11635243447419978,0.016728785008648748,0.046445332388054775,-0.0836820850233025,0.11261937736051024,-0.002616306892303643,0.007453200807549615,-0.017741891706030202,0.006918661091534756,0.9508075807161301,1.1102230246251565e-16,0.95080758071613,0.95080758071613,0.940429108086202,0.005853976532577492,0.9257185190421019,0.9484156446858002,0.01037847262992797,0.005853976532577493,0.002391936030329833,0.025089061674028135,0.01037847262992797,0.005853976532577493,0.002391936030329833,0.025089061674028135
77,imports,mid_density,random,0.1,20,180529,129,0.09244248846445723,0.022667648563822106,0.0544289283162262,0.1416669897911139,0.028589035556614174,0.017881219323911384,0.0024151244398406906,0.07261437220612754,0.027617169540627817,0.02981672144480747,0.00014402118219233474,0.10250984606351334,0.09126863428177331,0.05708462825737676,0.00771012750004421,0.23181665458275125,0.04021374415228263,0.04341654223027624,0.00020971124374899176,0.14926601064687853,0.07803618603455306,0.023022744926879394,0.0452029082664221,0.12611722256786262,0.01021694132669817,0.05797225228158578,-0.11382764808783322,0.11864529155695272,-0.007391849352270255,0.007684390293314788,-0.019933731375244505,0.015062025938353875,0.9508075807161301,1.1102230246251565e-16,0.95080758071613,0.95080758071613,0.9336985827054738,0.0074662092130048765,0.9177503311814589,0.9436684462831517,0.017108998010656202,0.0074662092130048765,0.007139134432978311,0.03305724953467115,0.017108998010656202,0.0074662092130048765,0.007139134432978311,0.03305724953467115
123,header,high_density,important,0.01,1,120001,1,0.09601586653444555,0.0,0.09601586653444555,0.09601586653444555,0.058716177365188624,0.0,0.058716177365188624,0.058716177365188624,0.0,0.0,0.0,0.0,0.3091978234158329,0.0,0.3091978234158329,0.3091978234158329,0.0,0.0,0.0,0.0,0.1515603137487033,0.0,0.1515603137487033,0.1515603137487033,0.1515603137487033,0.0,0.1515603137487033,0.1515603137487033,0.048113806783857654,0.0,0.048113806783857654,0.048113806783857654,0.9884997935737388,0.0,0.9884997935737388,0.9884997935737388,0.988898742723618,0.0,0.988898742723618,0.988898742723618,-0.0003989491498791464,0.0,-0.0003989491498791464,-0.0003989491498791464,-0.0003989491498791464,0.0,-0.0003989491498791464,-0.0003989491498791464
123,header,high_density,important,0.05,1,120001,4,0.7395938367180274,0.0,0.7395938367180274,0.7395938367180274,0.0,0.0,0.0,0.0,0.7289022591478405,0.0,0.7289022591478405,0.7289022591478405,0.0,0.0,0.0,0.0,0.8997664921358255,0.0,0.8997664921358255,0.8997664921358255,0.6425838691934731,0.0,0.6425838691934731,0.6425838691934731,-0.6424319755291233,0.0,-0.6424319755291233,-0.6424319755291233,0.027874204527605872,0.0,0.027874204527605872,0.027874204527605872,0.9884997935737388,0.0,0.9884997935737388,0.9884997935737388,0.928094030028876,0.0,0.928094030028876,0.928094030028876,0.06040576354486282,0.0,0.06040576354486282,0.06040576354486282,0.06040576354486282,0.0,0.06040576354486282,0.06040576354486282
123,header,high_density,important,0.1,1,120001,8,0.7507354105382456,0.0,0.7507354105382456,0.7507354105382456,0.0,0.0,0.0,0.0,0.7400438329680586,0.0,0.7400438329680586,0.7400438329680586,0.0,0.0,0.0,0.0,0.9135197967350046,0.0,0.9135197967350046,0.9135197967350046,0.723117905069987,0.0,0.723117905069987,0.723117905069987,-0.7230451376572276,0.0,-0.7230451376572276,-0.7230451376572276,0.08578063978599204,0.0,0.08578063978599204,0.08578063978599204,0.9884997935737388,0.0,0.9884997935737388,0.9884997935737388,0.9805209198169375,0.0,0.9805209198169375,0.9805209198169375,0.007978873756801397,0.0,0.007978873756801397,0.007978873756801397,0.007978873756801397,0.0,0.007978873756801397,0.007978873756801397
123,header,high_density,random,0.01,20,120001,1,0.03847009608253264,0.057762903423439496,0.0,0.20590661744485464,0.008546595445037958,0.01804563252199054,0.0,0.060199498337513854,0.021600236664694464,0.052690111636364216,0.0,0.1954733710552412,0.04500614358434264,0.09502781939052952,0.0,0.31700895208004215,0.026663614948617985,0.06504136367024309,0.0,0.24129488854371328,0.04926273188524616,0.07504440613783471,0.0,0.2679650200899883,-0.008018352590863366,0.08941021008311371,-0.2679650200899883,0.15268546371467767,-0.0044341610491814695,0.03417933672364786,-0.11051996478967527,0.04812501129611787,0.9884997935737386,2.220446049250313e-16,0.9884997935737388,0.9884997935737388,0.9879287787341111,0.0014169057654388935,0.9845555823800365,0.9915903796740378,0.0005710148396275039,0.0014169057654388932,-0.0030905861002989976,0.003944211193702363,0.0005710148396275039,0.0014169057654388932,-0.0030905861002989976,0.003944211193702363
123,header,high_density,random,0.05,20,120001,4,0.21905067457771182,0.22331524776462902,0.005849951250406247,0.7367938600511662,0.04046716277364355,0.06172701159610805,0.0,0.1779901834151382,0.15880284330963906,0.24547058967522647,0.0,0.7261022824809793,0.21309899947340707,0.3250527961446622,0.0,0.9372915569598034,0.19602830897102236,0.3030121098167617,0.0,0.8963101642784401,0.21822888008819433,0.17106597039695562,0.007727114965460829,0.6321553523829304,-0.07745482993491025,0.2659896558088039,-0.6321553523829304,0.24778583449030187,-0.012335118991155556,0.07743867718911257,-0.16300327296393724,0.09413154481453384,0.9884997935737386,2.220446049250313e-16,0.9884997935737388,0.9884997935737388,0.9847201892828252,0.004827969152719078,0.9697304489606102,0.9890957620893603,0.0037796042909137685,0.004827969152719078,-0.0005959685156214922,0.018769344613128625,0.0037796042909137685,0.004827969152719078,-0.0005959685156214922,0.018769344613128625
123,header,high_density,random,0.1,20,120001,8,0.2889621753152057,0.2776635107394125,0.004774960208664928,0.7418188181765152,0.03715594036716361,0.05508569228460409,0.0,0.17479854334547212,0.23336888859259508,0.3054831346578711,0.0,0.7311272406063283,0.19566219062664564,0.2900797858453912,0.0,0.9204844655081622,0.28807361155401023,0.3770923810815342,0.0,0.9025130383796406,0.27001251082957584,0.24512726128152357,0.017726296952244976,0.6945443011389846,-0.17148833732712435,0.3205633480564328,-0.6945443011389846,0.24463389035448674,0.006888508033484475,0.060810135087484264,-0.13457420805326878,0.09413956321848853,0.9884997935737386,2.220446049250313e-16,0.9884997935737388,0.9884997935737388,0.9793315584080293,0.008175025224083213,0.9564014290222151,0.9888560029438749,0.009168235165709599,0.008175025224083213,-0.00035620937013602916,0.032098364551523706,0.009168235165709599,0.008175025224083213,-0.00035620937013602916,0.032098364551523706
123,header,low_density,important,0.01,1,120044,1,0.3693479057678851,0.0,0.3693479057678851,0.3693479057678851,0.2677268334943854,0.0,0.2677268334943854,0.2677268334943854,0.0,0.0,0.0,0.0,0.6330313177073075,0.0,0.6330313177073075,0.6330313177073075,0.0,0.0,0.0,0.0,0.34889626356544834,0.0,0.34889626356544834,0.34889626356544834,0.34889626356544834,0.0,0.34889626356544834,0.34889626356544834,0.07695572475128734,0.0,0.07695572475128734,0.07695572475128734,0.8869845637965811,0.0,0.8869845637965811,0.8869845637965811,0.8769007936040598,0.0,0.8769007936040598,0.8769007936040598,0.010083770192521269,0.0,0.010083770192521269,0.010083770192521269,0.010083770192521269,0.0,0.010083770192521269,0.010083770192521269
123,header,low_density,important,0.05,1,120044,4,0.499491852987238,0.0,0.499491852987238,0.499491852987238,0.0006664223118189997,0.0,0.0006664223118189997,0.0006664223118189997,0.41841324847555894,0.0,0.41841324847555894,0.41841324847555894,0.0015757337010045302,0.0,0.0015757337010045302,0.0015757337010045302,0.7250627941218928,0.0,0.7250627941218928,0.7250627941218928,0.45224323494824775,0.0,0.45224323494824775,0.45224323494824775,-0.44990676215225406,0.0,-0.44990676215225406,-0.44990676215225406,0.13361458367496987,0.0,0.13361458367496987,0.13361458367496987,0.8869845637965811,0.0,0.8869845637965811,0.8869845637965811,0.6574833019147818,0.0,0.6574833019147818,0.6574833019147818,0.2295012618817993,0.0,0.2295012618817993,0.2295012618817993,0.2295012618817993,0.0,0.2295012618817993,0.2295012618817993
123,header,low_density,important,0.1,1,120044,8,0.5470410849355236,0.0,0.5470410849355236,0.5470410849355236,6.664223118189997e-05,0.0,6.664223118189997e-05,6.664223118189997e-05,0.46462130552130887,0.0,0.46462130552130887,0.46462130552130887,0.00015757337010045301,0.0,0.00015757337010045301,0.00015757337010045301,0.8051361261079193,0.0,0.8051361261079193,0.8051361261079193,0.5178557958927956,0.0,0.5178557958927956,0.5178557958927956,-0.5174345356477464,0.0,-0.5174345356477464,-0.5174345356477464,0.16238117305950484,0.0,0.16238117305950484,0.16238117305950484,0.8869845637965811,0.0,0.8869845637965811,0.8869845637965811,0.7002285762391088,0.0,0.7002285762391088,0.7002285762391088,0.18675598755747225,0.0,0.18675598755747225,0.18675598755747225,0.18675598755747225,0.0,0.18675598755747225,0.18675598755747225
123,header,low_density,random,0.01,20,120044,1,0.09025149111992269,0.13046788906905152,0.0002499083669321249,0.3693479057678851,0.03134600646429643,0.07697896045908172,0.0,0.2677268334943854,0.03226025457332311,0.0741392817141771,0.0,0.2667022091899637,0.07411660429387433,0.18201422748375035,0.0,0.6330313177073075,0.05590336922943674,0.12847498244791228,0.0,0.46216473713081385,0.07719406976327889,0.11416884044801577,0.0002270802750482099,0.34889626356544834,0.012187883478800407,0.13727674250276203,-0.27065182576094293,0.34889626356544834,0.013662588256656356,0.02529467497798467,-0.013204336085639343,0.083236839136505,0.8869845637965812,1.1102230246251565e-16,0.8869845637965811,0.8869845637965811,0.885935107265938,0.0028039858492009263,0.8769007936040598,0.8889364116820726,0.0010494565306430116,0.0028039858492009263,-0.00195184788549152,0.010083770192521269,0.0010494565306430116,0.0028039858492009263,-0.00195184788549152,0.010083770192521269
123,header,low_density,random,0.05,20,120044,4,0.30061227549898367,0.14463039614563877,0.017851787677851453,0.46308853420412516,0.10918996367998401,0.13301255208825796,0.0,0.3400836360001333,0.11881393489054011,0.14829451984250003,0.0,0.38213488387591216,0.25817608824108723,0.3145038172716729,0.0,0.8041166042938743,0.2058910991136646,0.256977615555231,0.0,0.6621964950775182,0.27267802509919165,0.14409376960618528,0.011819504967522362,0.47418949453942255,0.024353350912134912,0.30636337610476144,-0.41893885385524404,0.47418949453942255,0.06378324010114941,0.059702034877310045,-0.04486445735331399,0.16640535991498362,0.8869845637965812,1.1102230246251565e-16,0.8869845637965811,0.8869845637965811,0.8741584948421615,0.02707543331150688,0.7621575792671031,0.8883533553538521,0.012826068954419744,0.027075433311506872,-0.0013687915572709874,0.12482698452947794,0.012826068954419744,0.027075433311506872,-0.0013687915572709874,0.12482698452947794
123,header,low_density,random,0.1,20,120044,8,0.2963234314084835,0.16267781497789957,0.03333777614874546,0.5227666522275166,0.06488245976475293,0.10194692424740008,0.0,0.3246976108760121,0.1612725334044184,0.17725669537704286,0.0,0.4409966345673253,0.15341244829623793,0.24105015903791405,0.0,0.7677368524719322,0.27946704391257904,0.3071657871617307,0.0,0.7641972457198949,0.2716308705837064,0.15389171119813777,0.028418772409160402,0.486698000522638,-0.07463535489074168,0.3004052819027197,-0.486698000522638,0.4586872862643627,0.06772485195754005,0.06003749748397212,-0.010178125159413968,0.16348041153236395,0.8869845637965812,1.1102230246251565e-16,0.8869845637965811,0.8869845637965811,0.8663315072177522,0.032994166147269376,0.7555686440992223,0.8911752846564784,0.020653056578828943,0.032994166147269376,-0.004190720859897357,0.13141591969735877,0.020653056578828943,0.032994166147269376,-0.004190720859897357,0.13141591969735877
123,header,mid_density,important,0.01,1,239955,1,0.4567689775166177,0.0,0.4567689775166177,0.4567689775166177,0.36831905982371693,0.0,0.36831905982371693,0.36831905982371693,0.0,0.0,0.0,0.0,0.53099578231456,0.0,0.53099578231456,0.53099578231456,0.0,0.0,0.0,0.0,0.41794443107495965,0.0,0.41794443107495965,0.41794443107495965,0.41794443107495965,0.0,0.41794443107495965,0.41794443107495965,-0.03751742927440841,0.0,-0.03751742927440841,-0.03751742927440841,0.9345284729737905,0.0,0.9345284729737905,0.9345284729737905,0.9318497251343496,0.0,0.9318497251343496,0.9318497251343496,0.002678747839440887,0.0,0.002678747839440887,0.002678747839440887,0.002678747839440887,0.0,0.002678747839440887,0.002678747839440887
123,header,mid_density,important,0.05,1,239955,4,0.25537704986351606,0.0,0.25537704986351606,0.25537704986351606,0.0,0.0,0.0,0.0,0.20231710112312726,0.0,0.20231710112312726,0.20231710112312726,0.0,0.0,0.0,0.0,0.660386598288738,0.0,0.660386598288738,0.660386598288738,0.26876238678084646,0.0,0.26876238678084646,0.26876238678084646,-0.2684337945384399,0.0,-0.2684337945384399,-0.2684337945384399,0.12336917047969967,0.0,0.12336917047969967,0.12336917047969967,0.9345284729737905,0.0,0.9345284729737905,0.9345284729737905,0.6201645222245868,0.0,0.6201645222245868,0.6201645222245868,0.31436395074920365,0.0,0.31436395074920365,0.31436395074920365,0.31436395074920365,0.0,0.31436395074920365,0.31436395074920365
123,header,mid_density,important,0.1,1,239955,8,0.26501635723364797,0.0,0.26501635723364797,0.26501635723364797,2.0837240315892563e-05,0.0,2.0837240315892563e-05,2.0837240315892563e-05,0.21193557125294327,0.0,0.21193557125294327,0.21193557125294327,3.0040494586702875e-05,0.0,3.0040494586702875e-05,3.0040494586702875e-05,0.6917824058329819,0.0,0.6917824058329819,0.6917824058329819,0.2888045499676261,0.0,0.2888045499676261,0.2888045499676261,-0.2887154596395375,0.0,-0.2887154596395375,-0.2887154596395375,0.13454134657345596,0.0,0.13454134657345596,0.13454134657345596,0.9345284729737905,0.0,0.9345284729737905,0.9345284729737905,0.7755247843358146,0.0,0.7755247843358146,0.7755247843358146,0.15900368863797587,0.0,0.15900368863797587,0.15900368863797587,0.15900368863797587,0.0,0.15900368863797587,0.15900368863797587
123,header,mid_density,random,0.01,20,239955,1,0.08429768081515285,0.13670588098086267,0.0,0.4567689775166177,0.04348169448438249,0.10825907978559182,0.0,0.36831905982371693,0.018500135442062055,0.043039899984196925,0.0,0.1543622762601321,0.06268640126891048,0.15607423300580192,0.0,0.53099578231456,0.06038659828873806,0.14048724988380248,0.0,0.503856460762042,0.07582139362782794,0.124798836956696,1.6997182035267936e-05,0.41794443107495965,0.027932797556105234,0.1433296628688551,-0.19023040393269547,0.41794443107495965,0.0026198566635212243,0.02272181733975105,-0.03751742927440841,0.07040581060630204,0.9345284729737907,2.220446049250313e-16,0.9345284729737905,0.9345284729737905,0.9330402145453656,0.0027213288402794713,0.923247335307686,0.9351206573332834,0.0014882584284250933,0.0027213288402794713,-0.000592184359492931,0.011281137666104502,0.0014882584284250933,0.0027213288402794713,-0.000592184359492931,0.011281137666104502
123,header,mid_density,random,0.05,20,239955,4,0.2996868162780521,0.21676181384225404,0.007893146631660103,0.7297159884144944,0.17791710945802336,0.23245581289690123,0.0,0.6405659394469796,0.06514221416515595,0.07934929817153666,0.0,0.19822466712508596,0.25649835978899554,0.33512535648259417,0.0,0.9234868602876678,0.21263177941316505,0.2590053574571991,0.0,0.6470284167426169,0.28130049124944745,0.20583612796109652,0.009825329037790195,0.7064113163534298,0.11383530541341913,0.32862784395388833,-0.2629490474999512,0.7064113163534298,0.03894746568992789,0.0697058966657943,-0.12353073853347603,0.1367348191717569,0.9345284729737907,2.220446049250313e-16,0.9345284729737905,0.9345284729737905,0.920424659882246,0.03493211600199665,0.7705933619086318,0.9361182883341512,0.014103813091544464,0.03493211600199665,-0.0015898153603607357,0.16393511106515868,0.014103813091544464,0.03493211600199665,-0.0015898153603607357,0.16393511106515868
123,header,mid_density,random,0.1,20,239955,8,0.24638578066720845,0.18055523184365718,0.031109999791627596,0.7001646141984955,0.10869079619095245,0.1931124685912847,0.0,0.6110187326790439,0.08263320205871935,0.08818187079989442,0.0,0.20831822633410432,0.15669662705326778,0.27840510448577716,0.0,0.8808894389637231,0.26972440248663504,0.28783590395968967,0.0,0.6799749704133963,0.23520414045722343,0.1714593302062033,0.03005019786204632,0.6788926476031082,0.018105625871597746,0.2876101935700339,-0.2810239332998401,0.6788926476031082,0.048239098384452145,0.07200406054446558,-0.10740317550265434,0.13458223719326343,0.9345284729737907,2.220446049250313e-16,0.9345284729737905,0.9345284729737905,0.9098535182744092,0.046337389850855504,0.7224973492635846,0.9350613561146509,0.024674954699381264,0.046337389850855504,-0.0005328831408604184,0.21203112371020594,0.024674954699381264,0.046337389850855504,-0.0005328831408604184,0.21203112371020594
123,imports,high_density,important,0.01,1,180427,13,0.08419471586846758,0.0,0.08419471586846758,0.08419471586846758,0.0,0.0,0.0,0.0,0.07915112483164936,0.0,0.07915112483164936,0.07915112483164936,0.0,0.0,0.0,0.0,0.1664180669820775,0.0,0.1664180669820775,0.1664180669820775,0.06852964854011104,0.0,0.06852964854011104,0.06852964854011104,-0.06796140687302572,0.0,-0.06796140687302572,-0.06796140687302572,-0.0012389944200350768,0.0,-0.0012389944200350768,-0.0012389944200350768,0.8273214088339358,0.0,0.8273214088339358,0.8273214088339358,0.6986870577816766,0.0,0.6986870577816766,0.6986870577816766,0.12863435105225918,0.0,0.12863435105225918,0.12863435105225918,0.12863435105225918,0.0,0.12863435105225918,0.12863435105225918
123,imports,high_density,important,0.05,1,180427,65,0.05570119771431105,0.0,0.05570119771431105,0.05570119771431105,0.0002992900175694325,0.0,0.0002992900175694325,0.0002992900175694325,0.04961563402373259,0.0,0.04961563402373259,0.04961563402373259,0.0005707460919746758,0.0,0.0005707460919746758,0.0005707460919746758,0.10431864264572215,0.0,0.10431864264572215,0.10431864264572215,0.0695738605085442,0.0,0.0695738605085442,0.0695738605085442,-0.0663555736516353,0.0,-0.0663555736516353,-0.0663555736516353,-0.011988847186200045,0.0,-0.011988847186200045,-0.011988847186200045,0.8273214088339358,0.0,0.8273214088339358,0.8273214088339358,0.7468761379858618,0.0,0.7468761379858618,0.7468761379858618,0.08044527084807396,0.0,0.08044527084807396,0.08044527084807396,0.08044527084807396,0.0,0.08044527084807396,0.08044527084807396
123,imports,high_density,important,0.1,1,180427,129,0.07991597709877125,0.0,0.07991597709877125,0.07991597709877125,0.0015795862038386716,0.0,0.0015795862038386716,0.0015795862038386716,0.0724060146208716,0.0,0.0724060146208716,0.0724060146208716,0.0030122710409774553,0.0,0.0030122710409774553,0.0030122710409774553,0.15223623185028085,0.0,0.15223623185028085,0.15223623185028085,0.08880920666198822,0.0,0.08880920666198822,0.08880920666198822,-0.08236779457727789,0.0,-0.08236779457727789,-0.08236779457727789,-0.026165264830667345,0.0,-0.026165264830667345,-0.026165264830667345,0.8273214088339358,0.0,0.8273214088339358,0.8273214088339358,0.719954960015271,0.0,0.719954960015271,0.719954960015271,0.10736644881866475,0.0,0.10736644881866475,0.10736644881866475,0.10736644881866475,0.0,0.10736644881866475,0.10736644881866475
123,imports,high_density,random,0.01,20,180427,13,0.0069196960543599344,0.009048408558795589,0.0,0.0257555687341695,0.0014812084665820524,0.003329200213700515,0.0,0.013462508382891696,0.0033320955289396817,0.006824110897186959,0.0,0.02305087376057907,0.002824664686670965,0.006348785124214884,0.0,0.025673004766786807,0.007005849861327988,0.01434793689662236,0.0,0.04846528538466917,0.0077971020686001214,0.007889223290908293,0.002232923738948192,0.03309345469383388,-0.002388662554902491,0.010383565679513273,-0.033028424856895264,0.009303906430446996,-0.001251725956423123,0.002042593653055277,-0.005428169408485293,0.001566300468049884,0.8273214088339357,1.1102230246251565e-16,0.8273214088339358,0.8273214088339358,0.8257865211887688,0.019046685413523477,0.7708105830280363,0.8503767190664483,0.0015348876451669047,0.019046685413523477,-0.023055310232512505,0.0565108258058995,0.0015348876451669047,0.019046685413523477,-0.023055310232512505,0.0565108258058995
123,imports,high_density,random,0.05,20,180427,65,0.027193823540822597,0.024522477401609104,0.0012470417398726355,0.11078718817028493,0.0056676661475278094,0.007089507845549319,0.0,0.02989020490281388,0.010307492781013927,0.022729347746007593,0.0,0.10541105266950068,0.010808239882468583,0.013519692135847366,0.0,0.05700062359295234,0.021671871722562748,0.04778926545515782,0.0,0.2216305031812991,0.023002963688209484,0.019827926022423812,0.007604983626827316,0.10114997620680176,-0.0028178432919197995,0.028032498536089377,-0.10048721498231034,0.04701317130712233,-0.0005884621759603519,0.005408901636752436,-0.008770486124089294,0.017202291847609668,0.8273214088339357,1.1102230246251565e-16,0.8273214088339358,0.8273214088339358,0.8187324819114862,0.04264651853692833,0.6508821315260618,0.8544405422484123,0.008588926922449702,0.04264651853692833,-0.02711913341447647,0.176439277307874,0.008588926922449702,0.04264651853692833,-0.02711913341447647,0.176439277307874
123,imports,high_density,random,0.1,20,180427,129,0.045082775859488874,0.03156590030646264,0.002826627943711307,0.11508809657091233,0.0046517428101115685,0.008034083746012097,0.0,0.0328498506321116,0.03161943611543727,0.033700022589314774,0.0,0.10971196107012808,0.008870873981376766,0.015320998467882053,0.0,0.06264466828025747,0.06648099377723915,0.07085550115042182,0.0,0.23067331670822944,0.043098533066136646,0.026501259673682453,0.014656059531115376,0.10949680497238891,-0.022847355555722745,0.0421833798895013,-0.10949680497238891,0.07235015093258342,-0.0013372144076748732,0.0070636104684442536,-0.009934538876788029,0.021887088885301654,0.8273214088339357,1.1102230246251565e-16,0.8273214088339358,0.8273214088339358,0.783832821784749,0.05987529722225806,0.6440523711428014,0.8534506305316476,0.043488587049186844,0.05987529722225805,-0.026129221697711813,0.18326903769113434,0.043488587049186844,0.05987529722225805,-0.026129221697711813,0.18326903769113434
123,imports,low_density,important,0.01,1,120024,13,0.1378224355128974,0.0,0.1378224355128974,0.1378224355128974,0.012264213823901885,0.0,0.012264213823901885,0.012264213823901885,0.07044424448443645,0.0,0.07044424448443645,0.07044424448443645,0.016850781294716958,0.0,0.016850781294716958,0.016850781294716958,0.2588080443233647,0.0,0.2588080443233647,0.2588080443233647,0.12958840947747183,0.0,0.12958840947747183,0.12958840947747183,-0.09740020909411089,0.0,-0.09740020909411089,-0.09740020909411089,0.017636192459624504,0.0,0.017636192459624504,0.017636192459624504,0.862996924212111,0.0,0.862996924212111,0.862996924212111,0.814683740532465,0.0,0.814683740532465,0.814683740532465,0.0483131836796461,0.0,0.0483131836796461,0.0483131836796461,0.0483131836796461,0.0,0.0483131836796461,0.0483131836796461
123,imports,low_density,important,0.05,1,120024,65,0.17993901219756048,0.0,0.17993901219756048,0.17993901219756048,0.04345797507165233,0.0,0.04345797507165233,0.04345797507165233,0.08269179497433847,0.0,0.08269179497433847,0.08269179497433847,0.05971037719649705,0.0,0.05971037719649705,0.05971037719649705,0.3038048302672258,0.0,0.3038048302672258,0.3038048302672258,0.16272799643242802,0.0,0.16272799643242802,0.16272799643242802,-0.05565103940333031,0.0,-0.05565103940333031,-0.05565103940333031,-0.013800672549863004,0.0,-0.013800672549863004,-0.013800672549863004,0.862996924212111,0.0,0.862996924212111,0.862996924212111,0.7674574115595282,0.0,0.7674574115595282,0.7674574115595282,0.09553951265258287,0.0,0.09553951265258287,0.09553951265258287,0.09553951265258287,0.0,0.09553951265258287,0.09553951265258287
123,imports,low_density,important,0.1,1,120024,129,0.20119309471439045,0.0,0.20119309471439045,0.20119309471439045,0.06948610277944411,0.0,0.06948610277944411,0.06948610277944411,0.0754265813503966,0.0,0.0754265813503966,0.0754265813503966,0.09547249728120887,0.0,0.09547249728120887,0.09547249728120887,0.27711285928556123,0.0,0.27711285928556123,0.27711285928556123,0.18291771372561355,0.0,0.18291771372561355,0.18291771372561355,-0.010303850060581618,0.0,-0.010303850060581618,-0.010303850060581618,-0.03993533072577845,0.0,-0.03993533072577845,-0.03993533072577845,0.862996924212111,0.0,0.862996924212111,0.862996924212111,0.7491251262117397,0.0,0.7491251262117397,0.7491251262117397,0.1138717980003714,0.0,0.1138717980003714,0.1138717980003714,0.1138717980003714,0.0,0.1138717980003714,0.1138717980003714
123,imports,low_density,random,0.01,20,120024,13,0.026486785976138107,0.0186503103989258,0.010122975404919016,0.07913417316536693,0.007980903819236152,0.007026748795850077,0.0003082716789975338,0.030293941211757647,0.006374558421649003,0.010336035153493048,0.00016663333999866693,0.037184229820702526,0.010965600137370501,0.009654610468469,0.00042355904069601053,0.04162326140461336,0.02341975573173345,0.037973990120996955,0.0006122011693042333,0.13661269093023967,0.02424631027601428,0.017454558058524104,0.010106713482080417,0.07324823016425691,-0.002101072653285195,0.026365683864569035,-0.07238105161763234,0.04049277753886267,0.0003189360965015122,0.006125556978865519,-0.010761513974924537,0.01662590106722282,0.8629969242121109,1.1102230246251565e-16,0.862996924212111,0.862996924212111,0.8611745045793748,0.0026644300722730558,0.8535821928575283,0.865445702608584,0.0018224196327360832,0.0026644300722730553,-0.0024487783964729504,0.009414731354582706,0.0018224196327360832,0.0026644300722730553,-0.0024487783964729504,0.009414731354582706
123,imports,low_density,random,0.05,20,120024,65,0.07651594681063788,0.041667081904734934,0.03730920482570153,0.199376791308405,0.03117959741385057,0.032781735421218254,0.000408251682996734,0.1505115643537959,0.015531893621275748,0.024072549167834023,3.332666799973339e-05,0.11194427781110444,0.04284013508099136,0.045041440240356015,0.0005609295403812032,0.20679983973441704,0.05706327099084759,0.08844114118338826,0.00012244023386084668,0.41127674553858395,0.07007598393610119,0.039014475451852895,0.034737381491738405,0.18198174350241705,0.01220660291492887,0.06930993311435692,-0.1794406003093544,0.18160831858686055,-0.0011610158085678325,0.013771241274949608,-0.01990182252112339,0.04829140202769981,0.8629969242121109,1.1102230246251565e-16,0.862996924212111,0.862996924212111,0.8553879018967653,0.005630913947881489,0.8420318027522102,0.8615320386998531,0.007609022315345837,0.005630913947881489,0.0014648855122579851,0.020965121459900815,0.007609022315345837,0.005630913947881489,0.0014648855122579851,0.020965121459900815
123,imports,low_density,random,0.1,20,120024,129,0.1116014297140572,0.05154999054588979,0.06059621409051523,0.2790275278277678,0.035143387989068846,0.048990424595626476,0.0007665133639938678,0.2121742318203026,0.03254765713523962,0.02903288809336205,8.331666999933347e-06,0.1079617409851363,0.04828630301642722,0.06731185074312257,0.0010531738309198099,0.29152309541525956,0.11957819339434941,0.10666513699585807,3.061005846521167e-05,0.3966451375922128,0.1039611178624964,0.04752469894443719,0.05720815453181352,0.25327011615660816,-0.014243357391478178,0.09619520720025332,-0.17843555685147988,0.25316098189714964,0.0030375607156493878,0.01683179351922764,-0.01991613482741977,0.044228890453011524,0.8629969242121109,1.1102230246251565e-16,0.862996924212111,0.862996924212111,0.8489583859119767,0.009755640544526895,0.8291644299052516,0.8622931307957461,0.014038538300134417,0.009755640544526895,0.0007037934163649506,0.03383249430685942,0.014038538300134417,0.009755640544526895,0.0007037934163649506,0.03383249430685942
123,imports,mid_density,important,0.01,1,179549,13,0.20809361232866794,0.0,0.20809361232866794,0.20809361232866794,0.005112810430578839,0.0,0.005112810430578839,0.005112810430578839,0.16728581055867758,0.0,0.16728581055867758,0.16728581055867758,0.015818858560794045,0.0,0.015818858560794045,0.015818858560794045,0.24717529234592692,0.0,0.24717529234592692,0.24717529234592692,0.16522827060348494,0.0,0.16522827060348494,0.16522827060348494,-0.14825647393596691,0.0,-0.14825647393596691,-0.14825647393596691,-0.006807937788409235,0.0,-0.006807937788409235,-0.006807937788409235,0.9504650234741896,0.0,0.9504650234741896,0.9504650234741896,0.9216821218168285,0.0,0.9216821218168285,0.9216821218168285,0.028782901657361082,0.0,0.028782901657361082,0.028782901657361082,0.028782901657361082,0.0,0.028782901657361082,0.028782901657361082
123,imports,mid_density,important,0.05,1,179549,65,0.2319756723791277,0.0,0.2319756723791277,0.2319756723791277,0.01689232465789283,0.0,0.01689232465789283,0.01689232465789283,0.17560665890648236,0.0,0.17560665890648236,0.17560665890648236,0.05226426799007444,0.0,0.05226426799007444,0.05226426799007444,0.259469868413473,0.0,0.259469868413473,0.259469868413473,0.18392613733367044,0.0,0.18392613733367044,0.18392613733367044,-0.13712367200816888,0.0,-0.13712367200816888,-0.13712367200816888,-0.04381958168712974,0.0,-0.04381958168712974,-0.04381958168712974,0.9504650234741896,0.0,0.9504650234741896,0.9504650234741896,0.8911235005374196,0.0,0.8911235005374196,0.8911235005374196,0.059341522936769975,0.0,0.059341522936769975,0.059341522936769975,0.059341522936769975,0.0,0.059341522936769975,0.059341522936769975
123,imports,mid_density,important,0.1,1,179549,129,0.27077845045085186,0.0,0.27077845045085186,0.27077845045085186,0.03297707032620622,0.0,0.03297707032620622,0.03297707032620622,0.19339567471832203,0.0,0.19339567471832203,0.19339567471832203,0.10202991452991453,0.0,0.10202991452991453,0.10202991452991453,0.28575425660607157,0.0,0.28575425660607157,0.28575425660607157,0.23090656518935113,0.0,0.23090656518935113,0.23090656518935113,-0.15437912237835016,0.0,-0.15437912237835016,-0.15437912237835016,-0.10065606395276026,0.0,-0.10065606395276026,-0.10065606395276026,0.9504650234741896,0.0,0.9504650234741896,0.9504650234741896,0.8466418598697067,0.0,0.8466418598697067,0.8466418598697067,0.10382316360448285,0.0,0.10382316360448285,0.10382316360448285,0.10382316360448285,0.0,0.10382316360448285,0.10382316360448285
123,imports,mid_density,random,0.01,20,179549,13,0.022310901202457267,0.016192374763150233,0.006054057666709366,0.06749132548774986,0.00402647745183766,0.003964843757017384,0.00019493285955365943,0.016569293062061053,0.008271279706375418,0.013243171396616356,0.0,0.04790892736801653,0.012457781913427075,0.01226708939427754,0.0006031155224703612,0.0512648194099807,0.012221335286420831,0.019567617543973848,0.0,0.07078844935276546,0.019962405945803143,0.016814699192787358,0.0071160847416252586,0.0688130287260791,-0.0032381335916412215,0.023737462075691777,-0.06764937010698413,0.03144313995316034,8.025899316176286e-05,0.0037436972403956693,-0.004799246106168714,0.01067305737519681,0.9504650234741898,2.220446049250313e-16,0.9504650234741896,0.9504650234741896,0.9488355192723915,0.0013986660838613474,0.9444424381693879,0.9504829825287942,0.0016295042017979433,0.001398666083861347,-1.7959054604554936e-05,0.006022585304801709,0.0016295042017979433,0.001398666083861347,-1.7959054604554936e-05,0.006022585304801709
123,imports,mid_density,random,0.05,20,179549,65,0.0682618672340141,0.05746818423233819,0.02765261850525483,0.28241315741106887,0.019044104951851586,0.02512800248081621,4.4556082183693585e-05,0.10918467939114114,0.025443472255484573,0.05203081968243635,0.0003230315958317785,0.24608881141081265,0.0589218017645437,0.07774517020657688,0.00013785497656465398,0.3378136200716846,0.03759432836557848,0.07687880414396146,0.00047729947250178985,0.36361167573261355,0.06127925260525752,0.04600359991774344,0.029764563658986425,0.2364332351147716,-0.00022344731555061243,0.06939282292203115,-0.23590961645023087,0.1338785298496861,-0.002264753672544826,0.004253872713737056,-0.008887325869018135,0.006038519256101665,0.9504650234741898,2.220446049250313e-16,0.9504650234741896,0.9504650234741896,0.9417031400750343,0.004659838172180816,0.9293402225336016,0.9487313125404915,0.008761883399155424,0.004659838172180816,0.0017337109336981182,0.021124800940587996,0.008761883399155424,0.004659838172180816,0.0017337109336981182,0.021124800940587996
123,imports,mid_density,random,0.1,20,179549,129,0.11327102907841313,0.07142466320769586,0.034998802555291315,0.27483305392956797,0.023066683746498166,0.03943757169223521,7.797314382146378e-05,0.15839130265275775,0.06170042718143794,0.06809049209342474,5.569510272961698e-06,0.2383583311519418,0.07136752136752135,0.12201848221272987,0.00024124620898814447,0.49005720981527434,0.09116625657315437,0.10060797884149805,8.22930125003086e-06,0.3521894055975707,0.10344202214830878,0.059117789894262876,0.0372390408589317,0.24804469022276945,-0.03924960681736375,0.10098882062436763,-0.24756578620902528,0.20305698158156726,-0.0046685086337756474,0.01284519537526738,-0.019864773721248456,0.03993247685439146,0.9504650234741898,2.220446049250313e-16,0.9504650234741896,0.9504650234741896,0.9312579384140559,0.0119996524571946,0.8891231098027317,0.9453448286558174,0.01920708506013378,0.0119996524571946,0.005120194818372226,0.061341913671457915,0.01920708506013378,0.0119996524571946,0.005120194818372226,0.061341913671457915
2024,header,high_density,important,0.01,1,120000,1,0.026583333333333334,0.0,0.026583333333333334,0.026583333333333334,0.011491666666666667,0.0,0.011491666666666667,0.011491666666666667,0.0,0.0,0.0,0.0,0.055811882790998864,0.0,0.055811882790998864,0.055811882790998864,0.0,0.0,0.0,0.0,0.04954978542088446,0.0,0.04954978542088446,0.04954978542088446,0.04954978542088446,0.0,0.04954978542088446,0.04954978542088446,-0.028085936488994254,0.0,-0.028085936488994254,-0.028085936488994254,0.9906471204964333,0.0,0.9906471204964333,0.9906471204964333,0.9870271903822204,0.0,0.9870271903822204,0.9870271903822204,0.0036199301142129103,0.0,0.0036199301142129103,0.0036199301142129103,0.0036199301142129103,0.0,0.0036199301142129103,0.0036199301142129103
2024,header,high_density,important,0.05,1,120000,4,0.05755,0.0,0.05755,0.05755,0.0255,0.0,0.0255,0.0255,0.0,0.0,0.0,0.0,0.1238465274405051,0.0,0.1238465274405051,0.1238465274405051,0.0,0.0,0.0,0.0,0.058761862626458064,0.0,0.058761862626458064,0.058761862626458064,0.055443895952970314,0.0,0.055443895952970314,0.055443895952970314,0.00904064454922241,0.0,0.00904064454922241,0.00904064454922241,0.9906471204964333,0.0,0.9906471204964333,0.9906471204964333,0.9909229971028238,0.0,0.9909229971028238,0.9909229971028238,-0.0002758766063905016,0.0,-0.0002758766063905016,-0.0002758766063905016,-0.0002758766063905016,0.0,-0.0002758766063905016,-0.0002758766063905016
2024,header,high_density,important,0.1,1,120000,8,0.7651,0.0,0.7651,0.7651,0.0,0.0,0.0,0.0,0.7551333333333333,0.0,0.7551333333333333,0.7551333333333333,0.0,0.0,0.0,0.0,0.9509297737480586,0.0,0.9509297737480586,0.9509297737480586,0.734268893161165,0.0,0.734268893161165,0.734268893161165,-0.7342115206167982,0.0,-0.7342115206167982,-0.7342115206167982,0.08990713345919055,0.0,0.08990713345919055,0.08990713345919055,0.9906471204964333,0.0,0.9906471204964333,0.9906471204964333,0.9748612176231906,0.0,0.9748612176231906,0.9748612176231906,0.015785902873242774,0.0,0.015785902873242774,0.015785902873242774,0.015785902873242774,0.0,0.015785902873242774,0.015785902873242774
2024,header,high_density,random,0.01,20,120000,1,0.07662875,0.14739665269442462,0.0,0.552075,0.009354166666666667,0.01235893162745964,0.0,0.052116666666666665,0.05592041666666666,0.1497775882692169,0.0,0.5421083333333333,0.045430629755544766,0.060023951566098306,0.0,0.2531163995467055,0.07041986735507702,0.18861300625767144,0.0,0.6826701087184653,0.07014383985099516,0.12561051533160522,0.0,0.4663350828140594,-0.031802265207383384,0.1403095711581813,-0.4663350828140594,0.11734830814372763,-0.012081569863816364,0.04509063035009021,-0.1425637028176533,0.05056043621846621,0.9906471204964333,0.0,0.9906471204964333,0.9906471204964333,0.9895725039434019,0.0016666195598126201,0.9849104953403076,0.9910289466363593,0.0010746165530314765,0.0016666195598126201,-0.00038182613992598924,0.005736625156125719,0.0010746165530314765,0.0016666195598126201,-0.00038182613992598924,0.005736625156125719
2024,header,high_density,random,0.05,20,120000,4,0.29183125000000004,0.29498590711246747,0.006258333333333334,0.7657833333333334,0.033966666666666666,0.05615423149930713,0.0,0.19054166666666666,0.2369095833333333,0.3225401685500561,0.0,0.7558166666666667,0.16496681236846364,0.2727257479325262,0.0,0.9254087744859965,0.2983372161356672,0.40617071974569463,0.0,0.9517902866977291,0.2802150227881416,0.26282608025878174,0.0067416321881843795,0.7356225047436046,-0.15924136576961936,0.34959087723173604,-0.7356225047436046,0.2518499123288489,0.017440074427168058,0.059969588223935416,-0.1292708987903212,0.0907522123639997,0.9906471204964333,0.0,0.9906471204964333,0.9906471204964333,0.9857503931399162,0.006387692605841301,0.964714728414907,0.990740538784868,0.004896727356517305,0.006387692605841301,-9.341828843467681e-05,0.025932392081526312,0.004896727356517305,0.006387692605841301,-9.341828843467681e-05,0.025932392081526312
2024,header,high_density,random,0.1,20,120000,8,0.318985,0.28537991907718385,0.0024833333333333335,0.7485833333333334,0.05402333333333333,0.0716779722477942,0.0,0.194175,0.24448958333333332,0.3252442757404191,0.0,0.7386166666666667,0.26237655819977335,0.3481203120339689,0.0,0.9430548810101991,0.3078826134407925,0.40957596743535957,0.0,0.9301305461109012,0.2977737330521926,0.24594509538099524,0.014151407371242378,0.7170535790333598,-0.14192614203952775,0.3585259691666499,-0.7170041898182845,0.2601012300193923,0.02122464021092027,0.06569481131308799,-0.1504059112804438,0.08983891116531974,0.9906471204964333,0.0,0.9906471204964333,0.9906471204964333,0.980667305544195,0.007205168027941114,0.9670133077613963,0.9901252911553857,0.009979814952238292,0.007205168027941114,0.0005218293410476083,0.023633812735037063,0.009979814952238292,0.007205168027941114,0.0005218293410476083,0.023633812735037063
2024,header,low_density,important,0.01,1,120000,1,0.21263333333333334,0.0,0.21263333333333334,0.21263333333333334,0.17461666666666667,0.0,0.17461666666666667,0.17461666666666667,0.0,0.0,0.0,0.0,0.41041209652146665,0.0,0.41041209652146665,0.41041209652146665,0.0,0.0,0.0,0.0,0.15831549778017107,0.0,0.15831549778017107,0.15831549778017107,0.15831549778017107,0.0,0.15831549778017107,0.15831549778017107,-0.041322675266900165,0.0,-0.041322675266900165,-0.041322675266900165,0.8837296218861135,0.0,0.8837296218861135,0.8837296218861135,0.7563896347786411,0.0,0.7563896347786411,0.7563896347786411,0.1273399871074724,0.0,0.1273399871074724,0.1273399871074724,0.1273399871074724,0.0,0.1273399871074724,0.1273399871074724
2024,header,low_density,important,0.05,1,120000,4,0.320925,0.0,0.320925,0.320925,0.22911666666666666,0.0,0.22911666666666666,0.22911666666666666,0.009958333333333333,0.0,0.009958333333333333,0.009958333333333333,0.5385067376997806,0.0,0.5385067376997806,0.5385067376997806,0.017332907867254582,0.0,0.017332907867254582,0.017332907867254582,0.25576927223547,0.0,0.25576927223547,0.25576927223547,0.23660268301931195,0.0,0.23660268301931195,0.23660268301931195,0.0032238127333006758,0.0,0.0032238127333006758,0.0032238127333006758,0.8837296218861135,0.0,0.8837296218861135,0.8837296218861135,0.7353914568340778,0.0,0.7353914568340778,0.7353914568340778,0.14833816505203568,0.0,0.14833816505203568,0.14833816505203568,0.14833816505203568,0.0,0.14833816505203568,0.14833816505203568
2024,header,low_density,important,0.1,1,120000,8,0.5461166666666667,0.0,0.5461166666666667,0.5461166666666667,0.0006666666666666666,0.0,0.0006666666666666666,0.0006666666666666666,0.463875,0.0,0.463875,0.463875,0.0015669069257286117,0.0,0.0015669069257286117,0.0015669069257286117,0.8073944070550012,0.0,0.8073944070550012,0.8073944070550012,0.5153661640784023,0.0,0.5153661640784023,0.5153661640784023,-0.5142376240239717,0.0,-0.5142376240239717,-0.5142376240239717,0.16408116371741976,0.0,0.16408116371741976,0.16408116371741976,0.8837296218861135,0.0,0.8837296218861135,0.8837296218861135,0.6540558077194747,0.0,0.6540558077194747,0.6540558077194747,0.2296738141666388,0.0,0.2296738141666388,0.2296738141666388,0.2296738141666388,0.0,0.2296738141666388,0.2296738141666388
2024,header,low_density,random,0.01,20,120000,1,0.10214583333333334,0.13454849145227654,0.0,0.44698333333333334,0.026847083333333334,0.04949324654231738,0.0,0.17461666666666667,0.0469225,0.10944891442472146,0.0,0.36693333333333333,0.06310032121591977,0.11632696617592615,0.0,0.41041209652146665,0.08167063123694593,0.1905005472697635,0.0,0.6386632629380367,0.08830330375106929,0.11501933784100836,0.0,0.3830388882574828,-0.008267172316940043,0.14477076843278702,-0.3830388882574828,0.2564755963762716,0.012556164514381083,0.028479270183390342,-0.041322675266900165,0.09272733065606592,0.8837296218861136,1.1102230246251565e-16,0.8837296218861135,0.8837296218861135,0.875953444080241,0.02764240835138621,0.7563896347786411,0.8860430334621264,0.007776177805872558,0.027642408351386212,-0.002313411576012947,0.1273399871074724,0.007776177805872558,0.027642408351386212,-0.002313411576012947,0.1273399871074724
2024,header,low_density,random,0.05,20,120000,4,0.30327541666666674,0.1925074808877386,0.013916666666666667,0.5463166666666667,0.08087166666666666,0.11801444660271235,0.0,0.32763333333333333,0.15402708333333331,0.19952234769142682,0.0,0.46471666666666667,0.19007756189282357,0.27737648057672915,0.0,0.7700564086493262,0.2680907693200279,0.3472772354805526,0.0,0.808859364121606,0.2877473113133405,0.18158834743938657,0.011727515115727921,0.5183221788161334,-0.045687155341490975,0.3368534555206192,-0.5183221788161334,0.4552971852234293,0.08021548435921823,0.06343864399134738,0.003250099216575011,0.16707154933992976,0.8837296218861136,1.1102230246251565e-16,0.8837296218861135,0.8837296218861135,0.8725278605609335,0.02763513395428245,0.7545674767851684,0.8849400003272269,0.011201761325179915,0.02763513395428245,-0.00121037844111338,0.12916214510094504,0.011201761325179915,0.02763513395428245,-0.00121037844111338,0.12916214510094504
2024,header,low_density,random,0.1,20,120000,8,0.3496283333333333,0.17074460584858572,0.029991666666666666,0.544775,0.11187083333333334,0.13899287620384243,0.0,0.3364416666666667,0.16103291666666666,0.19693706461701227,0.0,0.46323333333333333,0.2629367753055468,0.3266833505261104,0.0,0.7907591664055155,0.2802847238338362,0.3427774389945677,0.0,0.8062775585982827,0.33407906472178467,0.16744533310618276,0.02615412011183893,0.5146566153648424,-0.012840164954781876,0.3720194363175943,-0.514576917684279,0.4693511520303312,0.09556879281173848,0.06262618925362279,-0.012055821826884165,0.16459979041628225,0.8837296218861136,1.1102230246251565e-16,0.8837296218861135,0.8837296218861135,0.8658059266391968,0.022221411196778403,0.8005784659052108,0.8867402117601164,0.01792369524691666,0.022221411196778406,-0.0030105898740029335,0.08315115598090272,0.01792369524691666,0.022221411196778406,-0.0030105898740029335,0.08315115598090272
2024,header,mid_density,important,0.01,1,240000,1,0.2580125,0.0,0.2580125,0.2580125,0.23789166666666667,0.0,0.23789166666666667,0.23789166666666667,0.0,0.0,0.0,0.0,0.34763389269100564,0.0,0.34763389269100564,0.34763389269100564,0.0,0.0,0.0,0.0,0.23151834399647866,0.0,0.23151834399647866,0.23151834399647866,0.23151834399647866,0.0,0.23151834399647866,0.23151834399647866,-0.11964173912351844,0.0,-0.11964173912351844,-0.11964173912351844,0.9365613061155257,0.0,0.9365613061155257,0.9365613061155257,0.7764867800188648,0.0,0.7764867800188648,0.7764867800188648,0.16007452609666084,0.0,0.16007452609666084,0.16007452609666084,0.16007452609666084,0.0,0.16007452609666084,0.16007452609666084
2024,header,mid_density,important,0.05,1,240000,4,0.3844416666666667,0.0,0.3844416666666667,0.3844416666666667,0.31474166666666664,0.0,0.31474166666666664,0.31474166666666664,0.0007958333333333333,0.0,0.0007958333333333333,0.0007958333333333333,0.45993570228208186,0.0,0.45993570228208186,0.45993570228208186,0.0025209862203685127,0.0,0.0025209862203685127,0.0025209862203685127,0.2907442636274842,0.0,0.2907442636274842,0.2907442636274842,0.28670116010366176,0.0,0.28670116010366176,0.28670116010366176,-0.030322295505458115,0.0,-0.030322295505458115,-0.030322295505458115,0.9365613061155257,0.0,0.9365613061155257,0.9365613061155257,0.7868485755001804,0.0,0.7868485755001804,0.7868485755001804,0.1497127306153453,0.0,0.1497127306153453,0.1497127306153453,0.1497127306153453,0.0,0.1497127306153453,0.1497127306153453
2024,header,mid_density,important,0.1,1,240000,8,0.272375,0.0,0.272375,0.272375,0.0,0.0,0.0,0.0,0.22307083333333333,0.0,0.22307083333333333,0.22307083333333333,0.0,0.0,0.0,0.0,0.7066284779050737,0.0,0.7066284779050737,0.7066284779050737,0.2951529891808547,0.0,0.2951529891808547,0.2951529891808547,-0.29512516263977345,0.0,-0.29512516263977345,-0.29512516263977345,0.13387395561801757,0.0,0.13387395561801757,0.13387395561801757,0.9365613061155257,0.0,0.9365613061155257,0.9365613061155257,0.6972717238773602,0.0,0.6972717238773602,0.6972717238773602,0.23928958223816543,0.0,0.23928958223816543,0.23928958223816543,0.23928958223816543,0.0,0.23928958223816543,0.23928958223816543
2024,header,mid_density,random,0.01,20,240000,1,0.080234375,0.09458441487886592,0.0,0.28600416666666667,0.03133020833333333,0.064387750138039,0.0,0.23789166666666667,0.024806666666666664,0.057995851001027075,0.0,0.1897625,0.045783202221193885,0.09409057717631555,0.0,0.34763389269100564,0.07858085634338209,0.18371527691577136,0.0,0.6011166253101737,0.07519119086358245,0.09133387879385127,0.0,0.2747643183084834,0.011287763083886071,0.11776323281727476,-0.24328696654449677,0.2747643183084834,0.0006231052749374855,0.042973058922789874,-0.11964173912351844,0.10294609415586095,0.9365613061155257,0.0,0.9365613061155257,0.9365613061155257,0.9284067272667649,0.0348970228962942,0.7764867800188648,0.9393247243264328,0.00815457884876077,0.03489702289629419,-0.002763418210907087,0.16007452609666084,0.00815457884876077,0.03489702289629419,-0.002763418210907087,0.16007452609666084
2024,header,mid_density,random,0.05,20,240000,4,0.25629395833333335,0.20583597199504292,0.0115875,0.7031333333333334,0.126963125,0.21035843151347836,0.0,0.6116666666666667,0.0751925,0.09788338876530867,0.0,0.22418333333333335,0.18553270902847122,0.3073992520716214,0.0,0.8938356998465623,0.23818964151839922,0.3100682818181997,0.0,0.7101525790612956,0.25123498742773337,0.1938157243798642,0.012118827084492913,0.6643595184854645,0.051381067959744696,0.3130079145514594,-0.2970593502644972,0.6643595184854645,0.048605579354049855,0.06420626807569794,-0.03527435966376158,0.1351932048590946,0.9365613061155257,0.0,0.9365613061155257,0.9365613061155257,0.9257472896608411,0.03284796643057851,0.7835866778939437,0.9378669378210557,0.010814016454684727,0.03284796643057851,-0.001305631705529997,0.15297462822158203,0.010814016454684727,0.03284796643057851,-0.001305631705529997,0.15297462822158203
2024,header,mid_density,random,0.1,20,240000,8,0.319940625,0.22529370398127513,0.0205625,0.716575,0.18284562499999998,0.24480534018362804,0.0,0.6251083333333334,0.07744520833333332,0.09626521073239508,0.0,0.21885833333333332,0.267194464063908,0.3577369251812681,0.0,0.9134781655666236,0.24532561638773034,0.3049423284907716,0.0,0.6932844094820759,0.3122329886844255,0.20732902467611855,0.02188556438126023,0.6893566370341736,0.10484892313727275,0.3586809301842735,-0.29264981733602696,0.6893565678353842,0.06298919946944032,0.05780463378149568,-0.030116814826114387,0.13247726501589607,0.9365613061155257,0.0,0.9365613061155257,0.9365613061155257,0.9237410612397283,0.01641742915065997,0.8795340367380202,0.9392095438479934,0.01282024487579737,0.01641742915065997,-0.0026482377324676953,0.05702726937750546,0.01282024487579737,0.01641742915065997,-0.0026482377324676953,0.05702726937750546
2024,imports,high_density,important,0.01,1,127229,13,0.0961887619960858,0.0,0.0961887619960858,0.0961887619960858,0.004244315368351555,0.0,0.004244315368351555,0.004244315368351555,0.0841632017857564,0.0,0.0841632017857564,0.0841632017857564,0.02487333026255182,0.0,0.02487333026255182,0.02487333026255182,0.10147935442906017,0.0,0.10147935442906017,0.10147935442906017,0.07068898062498052,0.0,0.07068898062498052,0.07068898062498052,-0.04990961283165077,0.0,-0.04990961283165077,-0.04990961283165077,-0.00169272801075272,0.0,-0.00169272801075272,-0.00169272801075272,0.9725992580054904,0.0,0.9725992580054904,0.9725992580054904,0.9517919915130384,0.0,0.9517919915130384,0.9517919915130384,0.020807266492452015,0.0,0.020807266492452015,0.020807266492452015,0.020807266492452015,0.0,0.020807266492452015,0.020807266492452015
2024,imports,high_density,important,0.05,1,127229,65,0.15276391388755708,0.0,0.15276391388755708,0.15276391388755708,0.0008645827602197612,0.0,0.0008645827602197612,0.0008645827602197612,0.14364649568887597,0.0,0.14364649568887597,0.14364649568887597,0.005066789497927222,0.0,0.005066789497927222,0.005066789497927222,0.1732010348847127,0.0,0.1732010348847127,0.1732010348847127,0.15067151446636298,0.0,0.15067151446636298,0.15067151446636298,-0.1423771230021356,0.0,-0.1423771230021356,-0.1423771230021356,-0.02826095754036253,0.0,-0.02826095754036253,-0.02826095754036253,0.9725992580054904,0.0,0.9725992580054904,0.9725992580054904,0.9383943650613562,0.0,0.9383943650613562,0.9383943650613562,0.0342048929441342,0.0,0.0342048929441342,0.0342048929441342,0.0342048929441342,0.0,0.0342048929441342,0.0342048929441342
2024,imports,high_density,important,0.1,1,127229,129,0.18410110902388607,0.0,0.18410110902388607,0.18410110902388607,0.00154052928184612,0.0,0.00154052928184612,0.00154052928184612,0.17344316154335881,0.0,0.17344316154335881,0.17344316154335881,0.009028097650852142,0.0,0.009028097650852142,0.009028097650852142,0.20912821387617395,0.0,0.20912821387617395,0.20912821387617395,0.19134118131682312,0.0,0.19134118131682312,0.19134118131682312,-0.18260973857560703,0.0,-0.18260973857560703,-0.18260973857560703,-0.04619903528409237,0.0,-0.04619903528409237,-0.04619903528409237,0.9725992580054904,0.0,0.9725992580054904,0.9725992580054904,0.9262119991060485,0.0,0.9262119991060485,0.9262119991060485,0.04638725889944195,0.0,0.04638725889944195,0.04638725889944195,0.04638725889944195,0.0,0.04638725889944195,0.04638725889944195
2024,imports,high_density,random,0.01,20,127229,13,0.011965039417114022,0.010112554537607975,0.0007545449543736098,0.03743643351751566,0.0019193737276878696,0.002655434527957897,0.0,0.010445731712109661,0.00240943495586698,0.005559760283445363,0.0,0.02219619740782369,0.011248272685398434,0.015561873770500011,0.0,0.06121602947950253,0.0029051639989006715,0.006703652812313138,0.0,0.026762952643599732,0.013741236783269602,0.00754308575533247,0.0016948257154621492,0.03495619145866711,0.00062596312431931,0.012322760414537257,-0.03457913927864164,0.017430064667427424,-0.003075144902313498,0.005219410629697966,-0.012643733007039321,0.004835481748781905,0.9725992580054905,1.1102230246251565e-16,0.9725992580054904,0.9725992580054904,0.9720919981495341,0.0024713165799038527,0.9643633461171104,0.9752989457924909,0.0005072598559564545,0.0024713165799038527,-0.002699687787000471,0.00823591188838002,0.0005072598559564545,0.0024713165799038527,-0.002699687787000471,0.00823591188838002
2024,imports,high_density,random,0.05,20,127229,65,0.04683444812110447,0.048689849482359514,0.007757665312153676,0.20229664620487467,0.008659975320092116,0.01576948341201483,0.0,0.07109228241988855,0.024647289533046714,0.04465532360656783,0.0,0.1890606701302376,0.05075080608014739,0.09241527429881323,0.0,0.416628281897743,0.029718344563538324,0.05384293034562512,0.0,0.22795894578227618,0.04574842367801461,0.03700995432343647,0.017915233050467695,0.18124823593802372,-0.012908730978344473,0.05263616922288557,-0.18084841291478607,0.08553183752415379,-0.0042946438388078234,0.00761505408408587,-0.02121985661908834,0.012004610096676551,0.9725992580054905,1.1102230246251565e-16,0.9725992580054904,0.9725992580054904,0.9661085702204936,0.00589284144728054,0.9564607353333939,0.9741967021563119,0.006490687784996796,0.00589284144728054,-0.0015974441508215254,0.016138522672096478,0.006490687784996796,0.00589284144728054,-0.0015974441508215254,0.016138522672096478
2024,imports,high_density,random,0.1,20,127229,129,0.07620078755629614,0.04862272776844612,0.013023760306219495,0.20560564022353395,0.01337588128492718,0.014673859163747959,0.0,0.04739485494659237,0.03770838409482115,0.056300111165678075,0.0,0.1916858577839958,0.07838783970520498,0.0859944922867107,0.0,0.27775218793182865,0.04546669320217213,0.06788357398665697,0.0,0.23112425250428834,0.07150335599779313,0.04295382439833242,0.03192343254217887,0.18984215229339885,-0.01651784788607158,0.07650100627139468,-0.1885000487861698,0.0914881612230547,-0.008234315474178033,0.007683334396152051,-0.022137230304214592,0.011855816081153997,0.9725992580054905,1.1102230246251565e-16,0.9725992580054904,0.9725992580054904,0.9619511147306634,0.0075875119576017825,0.9468644457573093,0.9737249334515949,0.010648143274827205,0.0075875119576017825,-0.0011256754461045348,0.025734812248181083,0.010648143274827205,0.0075875119576017825,-0.0011256754461045348,0.025734812248181083
2024,imports,low_density,important,0.01,1,120001,13,0.09754918709010758,0.0,0.09754918709010758,0.09754918709010758,0.050032916392363395,0.0,0.050032916392363395,0.050032916392363395,0.015866534445546285,0.0,0.015866534445546285,0.015866534445546285,0.06868307861261097,0.0,0.06868307861261097,0.06868307861261097,0.058431793770139635,0.0,0.058431793770139635,0.058431793770139635,0.09342305239128025,0.0,0.09342305239128025,0.09342305239128025,0.04272073796577582,0.0,0.04272073796577582,0.04272073796577582,-0.019986192709934666,0.0,-0.019986192709934666,-0.019986192709934666,0.8560168996590835,0.0,0.8560168996590835,0.8560168996590835,0.8265699976951678,0.0,0.8265699976951678,0.8265699976951678,0.02944690196391564,0.0,0.02944690196391564,0.02944690196391564,0.02944690196391564,0.0,0.02944690196391564,0.02944690196391564
2024,imports,low_density,important,0.05,1,120001,65,0.17667352772060232,0.0,0.17667352772060232,0.17667352772060232,0.057949517087357606,0.0,0.057949517087357606,0.057949517087357606,0.0700327497270856,0.0,0.0700327497270856,0.0700327497270856,0.07955065434245447,0.0,0.07955065434245447,0.07955065434245447,0.2579100813257634,0.0,0.2579100813257634,0.2579100813257634,0.16637489091785648,0.0,0.16637489091785648,0.16637489091785648,-0.019605936815305928,0.0,-0.019605936815305928,-0.019605936815305928,-0.02809946317620996,0.0,-0.02809946317620996,-0.02809946317620996,0.8560168996590835,0.0,0.8560168996590835,0.8560168996590835,0.7394778478779598,0.0,0.7394778478779598,0.7394778478779598,0.11653905178112367,0.0,0.11653905178112367,0.11653905178112367,0.11653905178112367,0.0,0.11653905178112367,0.11653905178112367
2024,imports,low_density,important,0.1,1,120001,129,0.2319314005716619,0.0,0.2319314005716619,0.2319314005716619,0.0811409904917459,0.0,0.0811409904917459,0.0811409904917459,0.09392421729818919,0.0,0.09392421729818919,0.09392421729818919,0.11138693145419602,0.0,0.11138693145419602,0.11138693145419602,0.3458953506214516,0.0,0.3458953506214516,0.3458953506214516,0.2158223834326133,0.0,0.2158223834326133,0.2158223834326133,-0.018160600829463535,0.0,-0.018160600829463535,-0.018160600829463535,-0.0389896961347648,0.0,-0.0389896961347648,-0.0389896961347648,0.8560168996590835,0.0,0.8560168996590835,0.8560168996590835,0.6762435078910766,0.0,0.6762435078910766,0.6762435078910766,0.17977339176800688,0.0,0.17977339176800688,0.17977339176800688,0.17977339176800688,0.0,0.17977339176800688,0.17977339176800688
2024,imports,low_density,random,0.01,20,120001,13,0.021901900817493186,0.011824372873814663,0.009999916667361105,0.05384955125373955,0.00729160590328414,0.006624901291298202,0.0003749968750260414,0.02697477521020658,0.004240381330155582,0.005245919861282899,0.00029999750002083315,0.024608128265597787,0.010009609224855862,0.009094385236765302,0.0005147799029925872,0.03702983435526677,0.015616081018873715,0.019319184571852364,0.001104802823384993,0.09062452048488569,0.019987231781134922,0.010914327322244727,0.0079168192309573,0.05166736500885243,0.0012679996438503503,0.016756911950761434,-0.05024208650153,0.03746438838280463,-0.0004326616020107996,0.0030610532715420924,-0.00568744986713368,0.008678979580938254,0.8560168996590833,1.1102230246251565e-16,0.8560168996590835,0.8560168996590835,0.8550756265943846,0.0023543049556095917,0.8493906212920629,0.8591450184162591,0.0009412730646989997,0.0023543049556095917,-0.0031281187571756686,0.006626278367020566,0.0009412730646989997,0.0023543049556095917,-0.0031281187571756686,0.006626278367020566
2024,imports,low_density,random,0.05,20,120001,65,0.06752152065399455,0.027598329541925443,0.037924683960966994,0.15359872001066657,0.024786876776026864,0.01917346277687676,0.0015416538195515037,0.07616603194973376,0.01547862101149157,0.02091365395906556,0.0008083265972783561,0.09233256389530087,0.03402637961014002,0.02632052149135156,0.002116317378969525,0.10455751807449437,0.057003222341568204,0.07701885495601739,0.002976829829676231,0.3400337578640479,0.06359612255981013,0.02551848367574911,0.036848952755114406,0.1440521095233783,0.00417877986039617,0.053525927115597775,-0.14002050747585623,0.10374270752065208,-0.0018730233445491198,0.010616096472498006,-0.014938056437031203,0.02910421156172942,0.8560168996590833,1.1102230246251565e-16,0.8560168996590835,0.8560168996590835,0.8453762125417554,0.0077197760841826515,0.8294249119370295,0.8575272545736062,0.01064068711732793,0.0077197760841826515,-0.0015103549145227824,0.026591987722053956,0.01064068711732793,0.0077197760841826515,-0.0015103549145227824,0.026591987722053956
2024,imports,low_density,random,0.1,20,120001,129,0.10212581561820319,0.03393478373840061,0.06359947000441663,0.19368171931900569,0.03919134007216607,0.03681561018294023,0.0008833259722835643,0.14200714994041716,0.024536878859342838,0.027165242087739884,0.0004333297222523146,0.08488262597811685,0.05380021963942527,0.0505389177903703,0.0012125926603825388,0.19494142948659285,0.09036212981433175,0.10004162086146612,0.0015958263004449901,0.31259782108332057,0.09558968265701363,0.030965787346233446,0.058594251215020564,0.17479532210883814,0.007567756871938007,0.0835265024770544,-0.1371287705789907,0.17140556291183534,-0.002812860517894939,0.015953651619533698,-0.027465496835753733,0.03068937862233372,0.8560168996590833,1.1102230246251565e-16,0.8560168996590835,0.8560168996590835,0.8399679488622016,0.007703696446733811,0.826689518647606,0.8596080617673113,0.01604895079688177,0.007703696446733809,-0.003591162108227852,0.02932738101147747,0.01604895079688177,0.007703696446733809,-0.003591162108227852,0.02932738101147747
2024,imports,mid_density,important,0.01,1,232770,13,0.06957941315461615,0.0,0.06957941315461615,0.06957941315461615,0.02239979378785926,0.0,0.02239979378785926,0.02239979378785926,0.028861107531039223,0.0,0.028861107531039223,0.028861107531039223,0.039839845958708375,0.0,0.039839845958708375,0.039839845958708375,0.0659299678103164,0.0,0.0659299678103164,0.0659299678103164,0.06763748032350776,0.0,0.06763748032350776,0.06763748032350776,0.002622498030861248,0.0,0.002622498030861248,0.002622498030861248,-0.012460549705881865,0.0,-0.012460549705881865,-0.012460549705881865,0.8453553895192252,0.0,0.8453553895192252,0.8453553895192252,0.8118957365618532,0.0,0.8118957365618532,0.8118957365618532,0.033459652957371966,0.0,0.033459652957371966,0.033459652957371966,0.033459652957371966,0.0,0.033459652957371966,0.033459652957371966
2024,imports,mid_density,important,0.05,1,232770,65,0.1325084847703742,0.0,0.1325084847703742,0.1325084847703742,0.014653950251321046,0.0,0.014653950251321046,0.014653950251321046,0.09791210207500967,0.0,0.09791210207500967,0.09791210207500967,0.02606323639531152,0.0,0.02606323639531152,0.02606323639531152,0.2236692313731648,0.0,0.2236692313731648,0.2236692313731648,0.113426197264528,0.0,0.113426197264528,0.113426197264528,-0.06874823220645651,0.0,-0.06874823220645651,-0.06874823220645651,-0.03217395101927082,0.0,-0.03217395101927082,-0.03217395101927082,0.8453553895192252,0.0,0.8453553895192252,0.8453553895192252,0.745752819923315,0.0,0.745752819923315,0.745752819923315,0.09960256959591018,0.0,0.09960256959591018,0.09960256959591018,0.09960256959591018,0.0,0.09960256959591018,0.09960256959591018
2024,imports,mid_density,important,0.1,1,232770,129,0.16567427073935645,0.0,0.16567427073935645,0.16567427073935645,0.019096103449757273,0.0,0.019096103449757273,0.019096103449757273,0.12511492030759977,0.0,0.12511492030759977,0.12511492030759977,0.03396396534070938,0.0,0.03396396534070938,0.03396396534070938,0.2858110230038471,0.0,0.2858110230038471,0.2858110230038471,0.14113644045503726,0.0,0.14113644045503726,0.14113644045503726,-0.08905079943698026,0.0,-0.08905079943698026,-0.08905079943698026,-0.037513501863291276,0.0,-0.037513501863291276,-0.037513501863291276,0.8453553895192252,0.0,0.8453553895192252,0.8453553895192252,0.6947721601870024,0.0,0.6947721601870024,0.6947721601870024,0.1505832293322228,0.0,0.1505832293322228,0.1505832293322228,0.1505832293322228,0.0,0.1505832293322228,0.1505832293322228
2024,imports,mid_density,random,0.01,20,232770,13,0.010957812432873654,0.007948560744597119,0.0033939081496756453,0.03329037247067921,0.0028373501739914937,0.003509134535140898,1.2888258796236629e-05,0.0131245435408343,0.0033868196073377154,0.0052114988786517305,0.00020191605447437383,0.024487691712849594,0.0050464568974739055,0.006241279748038164,2.2922811253572137e-05,0.02334306279322096,0.007736810080866766,0.011905085518408605,0.00046125461254612545,0.055939389181125856,0.010770785067753228,0.006553516578225035,0.003725029435764861,0.030059250415092997,0.000385145561240445,0.009934287858688226,-0.029629459458569516,0.02062811131648785,-0.0008782833541451987,0.0016622066353811332,-0.004798674810996661,0.0030741384168640573,0.8453553895192251,1.1102230246251565e-16,0.8453553895192252,0.8453553895192252,0.8438440451622023,0.005336003067764421,0.8263639276062262,0.85161080003246,0.0015113443570228702,0.005336003067764421,-0.00625541051323486,0.01899146191299894,0.0015113443570228702,0.005336003067764421,-0.00625541051323486,0.01899146191299894
2024,imports,mid_density,random,0.05,20,232770,65,0.04058426773209606,0.022898841287233806,0.01981784594234652,0.11342956566567856,0.011249516690295142,0.012356302275165014,0.0002792456072517936,0.04513038621815526,0.01611268634274176,0.022336205723571676,0.0004940499205224041,0.09365038449972075,0.020008175802680436,0.02197668353217721,0.000496660910494063,0.08026804407292511,0.036807627384784485,0.051024560397618934,0.0011286017115490303,0.2139338148700636,0.0380781136664557,0.02137856278761678,0.0171075848009203,0.11123681971039102,-0.004076520422779062,0.03666617611928359,-0.1099059114203822,0.059952929568014394,-0.0027077858673381625,0.0033119958243351512,-0.007886549998043245,0.004536206654159529,0.8453553895192251,1.1102230246251565e-16,0.8453553895192252,0.8453553895192252,0.8278805905922964,0.026182343142386884,0.7377310463970046,0.8504818381554405,0.017474798926928898,0.026182343142386884,-0.005126448636215364,0.10762434312222058,0.017474798926928898,0.026182343142386884,-0.005126448636215364,0.10762434312222058
2024,imports,mid_density,random,0.1,20,232770,129,0.059264080422734886,0.028256163897438263,0.030583838123469518,0.12398934570606178,0.017290673196717787,0.01887893022048608,0.00015895519182025175,0.07854104910426601,0.024298019504231643,0.030675817137700866,0.0005155303518494652,0.10500494049920522,0.030752861530938157,0.03357770517767123,0.0002827146721273897,0.13969161177926862,0.055506104263170285,0.0700754686655279,0.001177671351181597,0.23987202637983826,0.05569795412711487,0.025412414349538063,0.03188234586574203,0.11682382860407468,-0.005781738222804301,0.053646959902096496,-0.11191298632615568,0.08802310298074738,-0.0039614469684914316,0.004173395496741629,-0.010841719766023352,0.002702100599725653,0.8453553895192251,1.1102230246251565e-16,0.8453553895192252,0.8453553895192252,0.8183762768525081,0.03688924967856617,0.734215690762327,0.8527088301969604,0.026979112666716903,0.036889249678566174,-0.007353440677735246,0.11113969875689822,0.026979112666716903,0.036889249678566174,-0.007353440677735246,0.11113969875689822
