seed,feature_group,operator,selection_type,selection_mode,selection_value,trial_id,density_scope,density_bin,n_samples,n_malware,n_benign,n_selected_features,auc,flip_rate,malware_to_benign_rate,mean_abs_probability_shift,mean_signed_probability_shift,mean_margin_shift,boundary_low_10_flip_rate,boundary_low_10_malware_to_benign_rate,boundary_low_20_flip_rate,boundary_low_20_malware_to_benign_rate,baseline_auc,delta_auc
123,imports,imports_benign_mass_injection,important,ratio,0.1,0,pooled,all,480000,240000,240000,129,0.9124926327256943,0.2726458333333333,0.2683125,0.18618562741235872,-0.16667117369379744,-0.12336694736211178,0.2914583333333333,0.255875,0.15235416666666668,0.13439583333333333,0.9285730160677084,-0.016080383342014115
123,imports,imports_benign_mass_injection,important,ratio,0.1,0,density_restricted,high_density,209555,115217,94338,129,0.9862747391722221,0.16488886188670074,0.16488886188670074,0.13326449179846817,-0.11083991714809972,-0.10577035295092846,0.0,0.0,0.0,0.0,0.8892922368343109,0.09698250233791117
123,imports,imports_benign_mass_injection,important,ratio,0.1,0,density_restricted,mid_density,150445,92367,58078,129,0.8985742121790783,0.37876081284441415,0.3715287927506577,0.24293283388572107,-0.22739555679003848,-0.15551908697347935,0.34015372956587636,0.28504925841723505,0.3382591750568366,0.3024791599004006,0.9526006024192463,-0.054026390240167976
123,imports,imports_benign_mass_injection,important,ratio,0.1,0,density_restricted,low_density,120000,32416,87584,129,0.874068409134733,0.35328232971372164,0.34180651530108586,0.2125875666306633,-0.19208395725670357,-0.09429581393387011,0.4910549043800123,0.4305983960518199,0.41455891425046265,0.36798272671190624,0.9135571677096066,-0.03948875857487355
123,imports,imports_benign_mass_injection,random,ratio,0.1,1,pooled,all,480000,240000,240000,129,0.9539108802951388,0.1266875,0.010675,0.0557253195939187,0.0036866432137106567,-0.02867086884309887,0.24504166666666666,0.06333333333333334,0.6105833333333334,0.0329375,0.9285730160677084,0.02533786422743045
123,imports,imports_benign_mass_injection,random,ratio,0.1,1,density_restricted,high_density,209555,115217,94338,129,0.986125759307808,0.2180580990652421,0.006526814619370405,0.06485744945777545,0.02845002344659318,-0.03180965449743721,0.8087137649713592,0.0,0.9043568824856796,0.0,0.8892922368343109,0.09683352247349708
123,imports,imports_benign_mass_injection,random,ratio,0.1,1,density_restricted,mid_density,150445,92367,58078,129,0.9531367372921569,0.036506544545129756,0.009711260515119035,0.04630689170680235,-0.021398243384516312,-0.028619757740969965,0.3262964165854715,0.07621522139222692,0.17689726101548123,0.0441701851250406,0.9526006024192463,0.0005361348729105986
123,imports,imports_benign_mass_injection,random,ratio,0.1,1,density_restricted,low_density,120000,32416,87584,129,0.9147163260359323,0.05889067127344521,0.028165103652517277,0.05010387716194969,-0.012852925513880502,-0.017660241758771386,0.34392350400987043,0.1610117211597779,0.25077112893275755,0.11258482418260334,0.9135571677096066,0.0011591583263257377
123,imports,imports_benign_mass_injection,random,ratio,0.1,2,pooled,all,480000,240000,240000,129,0.9454000007812502,0.03164583333333333,0.0195375,0.063597609850153,-0.026665694400731948,-0.053613382239196206,0.18991666666666668,0.07154166666666667,0.09627083333333333,0.03679166666666667,0.9285730160677084,0.016826984713541826
123,imports,imports_benign_mass_injection,random,ratio,0.1,2,density_restricted,high_density,209555,115217,94338,129,0.9709247030762999,0.023208380707708063,0.01603929975611238,0.06366581908104155,-0.008685742226544701,-0.05899980277229947,0.07090782850199619,0.0,0.03545391425099809,0.0,0.8892922368343109,0.08163246624198894
123,imports,imports_benign_mass_injection,random,ratio,0.1,2,density_restricted,mid_density,150445,92367,58078,129,0.948847762792232,0.035575476089945546,0.019584916691026015,0.06835929496603882,-0.050232963436936326,-0.056217096505111835,0.22691350005413014,0.07469957778499513,0.1645555916423081,0.08465952148966115,0.9526006024192463,-0.003752839627014226
123,imports,imports_benign_mass_injection,random,ratio,0.1,2,density_restricted,low_density,120000,32416,87584,129,0.9155753844663375,0.05043805528134255,0.03183613030602172,0.049787101704351217,-0.02341909428308155,-0.02704920127416686,0.3257248611967921,0.1782850092535472,0.2176125848241826,0.12769895126465144,0.9135571677096066,0.0020182167567308618
123,imports,imports_benign_mass_injection,random,ratio,0.1,3,pooled,all,480000,240000,240000,129,0.9508878033420141,0.120275,0.013029166666666666,0.06105257446165835,0.0018487005674056997,-0.026195076919981696,0.20279166666666668,0.10483333333333333,0.5883125,0.05291666666666667,0.9285730160677084,0.022314787274305692
123,imports,imports_benign_mass_injection,random,ratio,0.1,3,density_restricted,high_density,209555,115217,94338,129,0.98580340090646,0.2130675160783565,0.0,0.0797693491397945,0.03657159778815979,-0.024081619449858465,0.824422843256379,0.0,0.9122114216281896,0.0,0.8892922368343109,0.0965111640721491
123,imports,imports_benign_mass_injection,random,ratio,0.1,3,density_restricted,mid_density,150445,92367,58078,129,0.9499736948557023,0.026957679690798663,0.01922764623729254,0.042464823496181345,-0.030521458072387972,-0.031211571351160847,0.21121576269351522,0.14019703366894012,0.11822020136407925,0.07967954963732814,0.9526006024192463,-0.002626907563544001
123,imports,imports_benign_mass_injection,random,ratio,0.1,3,density_restricted,low_density,120000,32416,87584,129,0.9090428913810362,0.05636105626850938,0.04167694965449161,0.04749149861446574,-0.029331383526924312,-0.01941286098373001,0.3392967304133251,0.229796421961752,0.2282541640962369,0.15869833436150524,0.9135571677096066,-0.004514276328570377
123,imports,imports_benign_mass_injection,random,ratio,0.1,4,pooled,all,480000,240000,240000,129,0.9447564099305555,0.013008333333333334,0.01025,0.019848023854984055,-0.009443024390798176,-0.012791609310467597,0.119625,0.09241666666666666,0.06016666666666667,0.04654166666666667,0.9285730160677084,0.016183393862847173
123,imports,imports_benign_mass_injection,random,ratio,0.1,4,density_restricted,high_density,209555,115217,94338,129,0.9840532820267176,0.001570948731523994,0.0,0.013082844603861967,-0.00043326029189751894,-0.01279695679509022,0.01570907828501996,0.0,0.00785453914250998,0.0,0.8892922368343109,0.09476104519240669
123,imports,imports_benign_mass_injection,random,ratio,0.1,4,density_restricted,mid_density,150445,92367,58078,129,0.9501043233811031,0.016499399136055085,0.013803631166975219,0.02165935060482551,-0.015171130942318234,-0.012378563980459806,0.15232218252679441,0.12569015914257875,0.08130345350221933,0.06782505142362238,0.9526006024192463,-0.002496279038143201
123,imports,imports_benign_mass_injection,random,ratio,0.1,4,density_restricted,low_density,120000,32416,87584,129,0.9078723945179037,0.043712981243830204,0.036556021717670285,0.03873242784912053,-0.025144837456530657,-0.013949544800998963,0.2924120913016656,0.23010487353485504,0.17766810610734116,0.1431215299198026,0.9135571677096066,-0.005684773191702908
123,imports,imports_benign_mass_injection,random,ratio,0.1,5,pooled,all,480000,240000,240000,129,0.9460343852083333,0.12585416666666666,0.018325,0.06317679968814544,-0.013609720858225906,-0.039077735090235856,0.22295833333333334,0.12179166666666667,0.5991666666666666,0.06208333333333333,0.9285730160677084,0.017461369140624905
123,imports,imports_benign_mass_injection,random,ratio,0.1,5,density_restricted,high_density,209555,115217,94338,129,0.9787232457203944,0.21749394620585505,0.006526814619370405,0.07096434650998622,0.018815152870447306,-0.03985841380751625,0.8034195452178441,0.0,0.901709772608922,0.0,0.8892922368343109,0.08943100888608346
123,imports,imports_benign_mass_injection,random,ratio,0.1,5,density_restricted,mid_density,150445,92367,58078,129,0.9456847009690348,0.031721285740578344,0.02064590167484058,0.055186822212287205,-0.044909679245729944,-0.0414468915084037,0.2724910685287431,0.16661253653783695,0.14956154595647939,0.09429468442134892,0.9526006024192463,-0.006915901450211481
123,imports,imports_benign_mass_injection,random,ratio,0.1,5,density_restricted,low_density,120000,32416,87584,129,0.9083838669087239,0.06836130306021718,0.05364634748272458,0.058264178369678364,-0.03967133919540374,-0.029552212797361796,0.3457742134484886,0.24583590376310918,0.2526218383713757,0.1838371375694016,0.9135571677096066,-0.005173300800882741
123,imports,imports_benign_mass_injection,random,ratio,0.1,6,pooled,all,480000,240000,240000,129,0.9032088996527777,0.0171,0.0151625,0.038711526119500704,-0.035833552253469465,-0.013517399979913833,0.12216666666666667,0.10329166666666667,0.06195833333333333,0.052520833333333336,0.9285730160677084,-0.025364116414930638
123,imports,imports_benign_mass_injection,random,ratio,0.1,6,density_restricted,high_density,209555,115217,94338,129,0.7961791560796567,0.006526814619370405,0.006526814619370405,0.03897251889898921,-0.03870678609306081,0.001965380856563685,0.0,0.0,0.0,0.0,0.8892922368343109,-0.09311308075465419
123,imports,imports_benign_mass_injection,random,ratio,0.1,6,density_restricted,mid_density,150445,92367,58078,129,0.9465332225375018,0.02565851440449511,0.022854482661556617,0.040525905925766166,-0.03709561952307598,-0.03280624850786348,0.15037349788892498,0.12330843347407167,0.12065605716141604,0.10663635379452203,0.9526006024192463,-0.006067379881744439
123,imports,imports_benign_mass_injection,random,ratio,0.1,6,density_restricted,low_density,120000,32416,87584,129,0.9092648692637948,0.030293682132280356,0.023938795656465943,0.03261393157854418,-0.02202497775976451,-0.013586084816269516,0.22331893892658852,0.17119062307217767,0.141733497840839,0.11073411474398519,0.9135571677096066,-0.004292298445811804
123,imports,imports_benign_mass_injection,random,ratio,0.1,7,pooled,all,480000,240000,240000,129,0.8966362508159722,0.020195833333333333,0.019491666666666668,0.04362174290033368,-0.04225512155155576,-0.017491680617876985,0.17554166666666668,0.16854166666666667,0.08933333333333333,0.08583333333333333,0.9285730160677084,-0.031936765251736166
123,imports,imports_benign_mass_injection,random,ratio,0.1,7,density_restricted,high_density,209555,115217,94338,129,0.7914239079597676,0.0,0.0,0.037624892197589646,-0.037344735920153006,-0.0016517224428311598,0.0,0.0,0.0,0.0,0.8892922368343109,-0.09786832887454333
123,imports,imports_benign_mass_injection,random,ratio,0.1,7,density_restricted,mid_density,150445,92367,58078,129,0.9421067509196911,0.03132070977730142,0.03058451611506274,0.047008754605005885,-0.0456859381358015,-0.03378852674986132,0.25668507091046877,0.24932337338962868,0.15492042871062034,0.1512395799502003,0.9526006024192463,-0.010493851499555173
123,imports,imports_benign_mass_injection,random,ratio,0.1,7,density_restricted,low_density,120000,32416,87584,129,0.9029852759345669,0.06027887462981244,0.05716312931885489,0.055285459499932715,-0.04993236938769552,-0.027355379852244517,0.28161628624305984,0.25447254780999384,0.2148365206662554,0.19941394201110427,0.9135571677096066,-0.010571891775039699
123,imports,imports_benign_mass_injection,random,ratio,0.1,8,pooled,all,480000,240000,240000,129,0.9294599494184028,0.066425,0.057245833333333336,0.08143334981276662,-0.07008956003997227,-0.06365206733338002,0.27025,0.17920833333333333,0.139125,0.09360416666666667,0.9285730160677084,0.0008869333506944521
123,imports,imports_benign_mass_injection,random,ratio,0.1,8,density_restricted,high_density,209555,115217,94338,129,0.9673696089569841,0.02260083147452199,0.01603929975611238,0.05174292211030963,-0.037411956703099596,-0.04834442252358679,0.06561360874848117,0.0,0.032806804374240585,0.0,0.8892922368343109,0.07807737212267318
123,imports,imports_benign_mass_injection,random,ratio,0.1,8,density_restricted,mid_density,150445,92367,58078,129,0.9316830204299811,0.10672642826983662,0.09308519276364935,0.11368098882921028,-0.10523792917927273,-0.08765576302520783,0.3423189347190646,0.2062357908411822,0.2698928223449172,0.20168886001948685,0.9526006024192463,-0.020917581989265188
123,imports,imports_benign_mass_injection,random,ratio,0.1,8,density_restricted,low_density,120000,32416,87584,129,0.8959347184578985,0.10735439289239881,0.10158563672260612,0.09507551218820258,-0.08608369908780952,-0.049663652725868014,0.3840222085132634,0.3362122146822949,0.303979025293029,0.2782233189389266,0.9135571677096066,-0.017622449251708083
123,imports,imports_benign_mass_injection,random,ratio,0.1,9,pooled,all,480000,240000,240000,129,0.962266598046875,0.12925416666666667,0.0035375,0.0802726133081714,0.04462760933281558,0.002140478792374035,0.26429166666666665,0.030666666666666665,0.6198333333333333,0.015416666666666667,0.9285730160677084,0.03369358197916661
123,imports,imports_benign_mass_injection,random,ratio,0.1,9,density_restricted,high_density,209555,115217,94338,129,0.9928237059158415,0.2133018564968711,0.0,0.10492773600098677,0.08565764422541701,0.02138075219177551,0.8087137649713592,0.0,0.9043568824856796,0.0,0.8892922368343109,0.10353146908153055
123,imports,imports_benign_mass_injection,random,ratio,0.1,9,density_restricted,mid_density,150445,92367,58078,129,0.960460131858193,0.04243939935258263,0.005857070165751837,0.055651147631997584,-0.0010266140630144052,-0.018813839654429343,0.33398289487928984,0.04904189671971419,0.19741257984194002,0.02668615351304536,0.9526006024192463,0.007859529438946744
123,imports,imports_benign_mass_injection,random,ratio,0.1,9,density_restricted,low_density,120000,32416,87584,129,0.9307822167703916,0.07789363277393879,0.009501480750246791,0.06279734334312449,0.02888187025895599,-0.006537922252879936,0.36150524367674275,0.05706354102405922,0.28439235040098704,0.03793954349167181,0.9135571677096066,0.017225049060785036
123,imports,imports_benign_mass_injection,random,ratio,0.1,10,pooled,all,480000,240000,240000,129,0.8977437843315972,0.031575,0.0270375,0.05716304091862115,-0.05275107792680956,-0.03161808517559214,0.1745,0.129125,0.09004166666666667,0.06735416666666667,0.9285730160677084,-0.030829231736111185
123,imports,imports_benign_mass_injection,random,ratio,0.1,10,density_restricted,high_density,209555,115217,94338,129,0.7927326076819671,0.006526814619370405,0.006526814619370405,0.03788953287510536,-0.03757207000928466,-0.008398988158548682,0.0,0.0,0.0,0.0,0.8892922368343109,-0.09655962915234384
123,imports,imports_benign_mass_injection,random,ratio,0.1,10,density_restricted,mid_density,150445,92367,58078,129,0.9438913108467049,0.03352929076401745,0.0240562105513874,0.06651748191786491,-0.05907803106941158,-0.05472131455891042,0.2430442784453827,0.14831655299339613,0.14008877341128073,0.09272491068528743,0.9526006024192463,-0.008709291572541411
123,imports,imports_benign_mass_injection,random,ratio,0.1,10,density_restricted,low_density,120000,32416,87584,129,0.8936617066414718,0.1150357847976308,0.10843410661401777,0.09901256351464195,-0.08867401950845884,-0.04831535542990291,0.3491671807526218,0.29302899444787167,0.2606415792720543,0.22779148673658237,0.9135571677096066,-0.01989546106813478
123,imports,imports_benign_mass_injection,random,ratio,0.1,11,pooled,all,480000,240000,240000,129,0.9474916543749999,0.0089125,0.0031541666666666667,0.016643963978399175,0.0011071575233210034,-0.01192888115458387,0.08829166666666667,0.030708333333333334,0.0441875,0.015395833333333333,0.9285730160677084,0.01891863830729157
123,imports,imports_benign_mass_injection,random,ratio,0.1,11,density_restricted,high_density,209555,115217,94338,129,0.9787185412034992,0.006561531718409609,0.0,0.0180584859470189,0.009154498928607131,-0.01668961243194149,0.06561360874848117,0.0,0.032806804374240585,0.0,0.8892922368343109,0.0894263043691883
123,imports,imports_benign_mass_injection,random,ratio,0.1,11,density_restricted,mid_density,150445,92367,58078,129,0.9527408864746145,0.008487879870516527,0.004395509218660344,0.014033117355240727,-0.006574947106136265,-0.007933313930768128,0.08173649453285699,0.04124715816823644,0.04232976074483057,0.02186857204720147,0.9526006024192463,0.00014028405536825606
123,imports,imports_benign_mass_injection,random,ratio,0.1,11,density_restricted,low_density,120000,32416,87584,129,0.9143390251859413,0.01847852912142152,0.010827986179664363,0.019055707943811843,-0.005606119142022415,-0.006392768808177061,0.15761875385564467,0.09561998766193708,0.09222702035780382,0.053979025293029,0.9135571677096066,0.0007818574763347463
123,imports,imports_benign_mass_injection,random,ratio,0.1,12,pooled,all,480000,240000,240000,129,0.9517843875954861,0.00995,0.0024958333333333334,0.02578742447800733,0.00877730525134904,-0.020207590381114072,0.09741666666666667,0.024291666666666666,0.048791666666666664,0.0121875,0.9285730160677084,0.023211371527777747
123,imports,imports_benign_mass_injection,random,ratio,0.1,12,density_restricted,high_density,209555,115217,94338,129,0.9855617015783801,0.006561531718409609,0.0,0.03405908003253367,0.024957134245061355,-0.031248708268925597,0.06561360874848117,0.0,0.032806804374240585,0.0,0.8892922368343109,0.09626946474406917
123,imports,imports_benign_mass_injection,random,ratio,0.1,12,density_restricted,mid_density,150445,92367,58078,129,0.952785349969218,0.009050851494581399,0.0039516277458399645,0.01659998597806457,-0.008349606498397898,-0.010460082529511501,0.08444300097434232,0.03659196708888167,0.04476561654216737,0.019757497022842914,0.9526006024192463,0.00018474754997177545
123,imports,imports_benign_mass_injection,random,ratio,0.1,12,density_restricted,low_density,120000,32416,87584,129,0.9178980322100486,0.024555774925962486,0.007218657453109576,0.022566200202907172,7.080538771143701e-05,-0.008738673119545575,0.19031462060456508,0.06600863664404688,0.11597779148673658,0.03608883405305367,0.9135571677096066,0.004340864500442021
123,imports,imports_benign_mass_injection,random,ratio,0.1,13,pooled,all,480000,240000,240000,129,0.9399320520746528,0.14394583333333333,0.03285416666666666,0.08044299927927889,-0.03785520699670331,-0.060525325045904535,0.28579166666666667,0.149,0.6329791666666666,0.07810416666666667,0.9285730160677084,0.011359036006944434
123,imports,imports_benign_mass_injection,random,ratio,0.1,13,density_restricted,high_density,209555,115217,94338,129,0.975238503932067,0.22790907591761633,0.01603929975611238,0.0721438007286809,0.0006052765161239431,-0.05839121526206379,0.8124457559451485,0.0,0.9062228779725742,0.0,0.8892922368343109,0.0859462670977561
123,imports,imports_benign_mass_injection,random,ratio,0.1,13,density_restricted,mid_density,150445,92367,58078,129,0.9401880911218503,0.05847326426104561,0.03814132753039506,0.08898361509589107,-0.07493603884315907,-0.06772770579502062,0.3681931362996644,0.1685612211757064,0.25571072859153404,0.15427086716466384,0.9526006024192463,-0.012412511297395956
123,imports,imports_benign_mass_injection,random,ratio,0.1,13,density_restricted,low_density,120000,32416,87584,129,0.9012925137348331,0.08906095755182626,0.0775542941757157,0.0856051938212099,-0.06889717188243383,-0.047587992380282,0.4025293028994448,0.33066008636644045,0.30845157310302285,0.25694016039481804,0.9135571677096066,-0.012264653974773498
123,imports,imports_benign_mass_injection,random,ratio,0.1,14,pooled,all,480000,240000,240000,129,0.9587029684374998,0.12200833333333333,0.00047916666666666664,0.03840662787504916,0.03618740943272678,-0.004191688618268,0.23608333333333334,0.004791666666666666,0.6053125,0.002395833333333333,0.9285730160677084,0.030129952369791435
123,imports,imports_benign_mass_injection,random,ratio,0.1,14,density_restricted,high_density,209555,115217,94338,129,0.9862608280257059,0.21253808031800864,0.0,0.04411817819709333,0.04344007687416176,-0.02154722900083879,0.8191286235028641,0.0,0.909564311751432,0.0,0.8892922368343109,0.096968591191395
123,imports,imports_benign_mass_injection,random,ratio,0.1,14,density_restricted,mid_density,150445,92367,58078,129,0.9612129913152354,0.03215434083601286,0.00027065943464657294,0.030195050730622713,0.02671628501650529,0.013022303945970077,0.2633972068853524,0.0024899859261665043,0.1602793114647613,0.0013532532207426655,0.9526006024192463,0.008612388895989143
123,imports,imports_benign_mass_injection,random,ratio,0.1,14,density_restricted,low_density,120000,32416,87584,129,0.9278598584704333,0.0562685093780849,0.002776406712734452,0.04150420477054125,0.037396342192885935,0.008445541301453136,0.3463911165946946,0.025293028994447873,0.24845774213448488,0.013726095003084516,0.9135571677096066,0.014302690760826686
123,imports,imports_benign_mass_injection,random,ratio,0.1,15,pooled,all,480000,240000,240000,129,0.8965037945746527,0.025195833333333334,0.024508333333333333,0.05102516170766069,-0.04910854460706371,-0.028517454491892587,0.19345833333333334,0.18670833333333334,0.09916666666666667,0.09579166666666666,0.9285730160677084,-0.03206922149305569
123,imports,imports_benign_mass_injection,random,ratio,0.1,15,density_restricted,high_density,209555,115217,94338,129,0.7865186454141562,0.00040792591371065034,0.00040792591371065034,0.03716140431591298,-0.03698315090625343,-0.009992677544927919,0.004079152924839438,0.004079152924839438,0.002039576462419719,0.002039576462419719,0.8892922368343109,-0.10277359142015474
123,imports,imports_benign_mass_injection,random,ratio,0.1,15,density_restricted,mid_density,150445,92367,58078,129,0.9412838915267403,0.03952710383578551,0.03858520900321544,0.06404279238564681,-0.06123222560819332,-0.05120042266168764,0.28688968279744503,0.2774710403810761,0.17521922702176032,0.17050990581357583,0.9526006024192463,-0.011316710892505966
123,imports,imports_benign_mass_injection,random,ratio,0.1,15,density_restricted,low_density,120000,32416,87584,129,0.9014082459544239,0.0724642152023692,0.07005799605133267,0.06320868350465765,-0.05766060047437982,-0.029727088763825273,0.32418260333127696,0.30320789636027146,0.24151758173966686,0.23025909932140654,0.9135571677096066,-0.012148921755182673
123,imports,imports_benign_mass_injection,random,ratio,0.1,16,pooled,all,480000,240000,240000,129,0.9536180991927083,0.12065833333333334,0.0075,0.05758373609441794,0.021469591669202672,-0.009860422186813107,0.215125,0.0665,0.5947708333333334,0.03358333333333333,0.9285730160677084,0.02504508312499998
123,imports,imports_benign_mass_injection,random,ratio,0.1,16,density_restricted,high_density,209555,115217,94338,129,0.9810283036997559,0.21261619379084684,0.0,0.07953129505325209,0.060320094837554586,0.0010632508026803865,0.8191286235028641,0.0,0.909564311751432,0.0,0.8892922368343109,0.091736066865445
123,imports,imports_benign_mass_injection,random,ratio,0.1,16,density_restricted,mid_density,150445,92367,58078,129,0.9527641825354548,0.029371961847846094,0.00916994164582589,0.03601888716805146,-0.015748973937565573,-0.02148891404301491,0.2518133593157952,0.07589044061924867,0.13857312980404893,0.04406192486738118,0.9526006024192463,0.0001635801162085393
123,imports,imports_benign_mass_injection,random,ratio,0.1,16,density_restricted,low_density,120000,32416,87584,129,0.9159736805325187,0.05392398815399803,0.029399062191510367,0.04102242378635104,-0.010566167651738807,-0.01555217698532865,0.3281924737816163,0.19771745835903762,0.2376619370758791,0.12939543491671807,0.9135571677096066,0.002416512822912109
123,imports,imports_benign_mass_injection,random,ratio,0.1,17,pooled,all,480000,240000,240000,129,0.9021748929340278,0.016725,0.015020833333333334,0.03083431597490677,-0.027457275716352272,-0.014469033058065564,0.1255,0.10845833333333334,0.06435416666666667,0.05583333333333333,0.9285730160677084,-0.026398123133680618
123,imports,imports_benign_mass_injection,random,ratio,0.1,17,density_restricted,high_density,209555,115217,94338,129,0.7934338627771348,0.006526814619370405,0.006526814619370405,0.024790162627263142,-0.023780974356801987,-0.00547828004224216,0.0,0.0,0.0,0.0,0.8892922368343109,-0.09585837405717612
123,imports,imports_benign_mass_injection,random,ratio,0.1,17,density_restricted,mid_density,150445,92367,58078,129,0.9460817996217336,0.020418547749737462,0.017787738044972773,0.03474020829365814,-0.03122936313055189,-0.02421747223404494,0.17938724694164773,0.15329652484572914,0.10181877232867814,0.08866515102305944,0.9526006024192463,-0.006518802797512713
123,imports,imports_benign_mass_injection,random,ratio,0.1,17,density_restricted,low_density,120000,32416,87584,129,0.9089376285918248,0.04244817374136229,0.03732724580454097,0.041187649527761744,-0.02977576089515068,-0.018647633405315008,0.283775447254781,0.2486119679210364,0.1892350400987045,0.16440468846391115,0.9135571677096066,-0.00461953911778179
123,imports,imports_benign_mass_injection,random,ratio,0.1,18,pooled,all,480000,240000,240000,129,0.9554835707638888,0.11682083333333333,0.0015916666666666666,0.03798537601187907,0.02693931377847725,-0.007353485274598856,0.17775,0.015916666666666666,0.5757916666666667,0.007958333333333333,0.9285730160677084,0.026910554696180422
123,imports,imports_benign_mass_injection,random,ratio,0.1,18,density_restricted,high_density,209555,115217,94338,129,0.9859880788401177,0.21096713158648464,0.0,0.05393176565357732,0.04822394080001731,-0.013603263522030682,0.8034195452178441,0.0,0.901709772608922,0.0,0.8892922368343109,0.09669584200580683
123,imports,imports_benign_mass_injection,random,ratio,0.1,18,density_restricted,mid_density,150445,92367,58078,129,0.9565602061320482,0.027553130447021124,0.00181883140082497,0.021750553781141716,0.0059451631618094,-0.0012218895500024016,0.230810869329869,0.017213380967846702,0.1349464111724586,0.00909386164339071,0.9526006024192463,0.003959603712801907
123,imports,imports_benign_mass_injection,random,ratio,0.1,18,density_restricted,low_density,120000,32416,87584,129,0.9200249325307133,0.036556021717670285,0.006601678183613031,0.02756665222236066,0.011108114323546917,-0.0026112716134268385,0.22486119679210365,0.061690314620604564,0.15715607649599012,0.03300431832202344,0.9135571677096066,0.00646776482110667
123,imports,imports_benign_mass_injection,random,ratio,0.1,19,pooled,all,480000,240000,240000,129,0.9423130120659722,0.010179166666666666,0.008516666666666667,0.019666896646297654,-0.0169712018171745,-0.014109593231227836,0.09833333333333333,0.08191666666666667,0.049416666666666664,0.0411875,0.9285730160677084,0.01373999599826381
123,imports,imports_benign_mass_injection,random,ratio,0.1,19,density_restricted,high_density,209555,115217,94338,129,0.9769484478383591,0.0,0.0,0.011441520003693537,-0.010426847255358912,-0.010413904013160781,0.0,0.0,0.0,0.0,0.8892922368343109,0.08765621100404819
123,imports,imports_benign_mass_injection,random,ratio,0.1,19,density_restricted,mid_density,150445,92367,58078,129,0.9492522321354133,0.011660008444574361,0.00849870624790239,0.022692017565498414,-0.019774207593362632,-0.016414264881849258,0.11075024358557974,0.07924650860669048,0.05786510771895637,0.04205911010068204,0.9526006024192463,-0.0033483702838329465
123,imports,imports_benign_mass_injection,random,ratio,0.1,19,density_restricted,low_density,120000,32416,87584,129,0.9084558565703311,0.04213968410661402,0.0388388450148075,0.04028269985110705,-0.032245006883176996,-0.020678282097376745,0.3038247995064775,0.2745219000616903,0.19571252313386797,0.18013571869216533,0.9135571677096066,-0.005101311139275477
123,imports,imports_benign_mass_injection,random,ratio,0.1,20,pooled,all,480000,240000,240000,129,0.8640595771527778,0.126175,0.12120416666666667,0.11798092784985098,-0.11117840421278656,-0.04548747199117971,0.21975,0.17091666666666666,0.1136875,0.0891875,0.9285730160677084,-0.06451343891493055
123,imports,imports_benign_mass_injection,random,ratio,0.1,20,density_restricted,high_density,209555,115217,94338,129,0.7158387416789845,0.09781542654295806,0.09778070944391887,0.1083401074911321,-0.10716511478417177,-0.009047401368435222,0.0,0.0,0.0,0.0,0.8892922368343109,-0.17345349515532638
123,imports,imports_benign_mass_injection,random,ratio,0.1,20,density_restricted,mid_density,150445,92367,58078,129,0.923676906337463,0.15758874922862062,0.15010772245498932,0.13588704537606716,-0.12587233021143773,-0.09002062357797513,0.28613186099382915,0.21392226913500054,0.2522464003464328,0.21549204287106202,0.9526006024192463,-0.028923696081783246
123,imports,imports_benign_mass_injection,random,ratio,0.1,20,density_restricted,low_density,120000,32416,87584,129,0.8969603580858525,0.13746298124383022,0.12210019743336624,0.10122537632364483,-0.08357368140242433,-0.04811339759345091,0.4330660086366441,0.3121529919802591,0.31785934608266503,0.24506477483035163,0.9135571677096066,-0.016596809623754094
13,imports,imports_benign_mass_injection,important,ratio,0.1,0,pooled,all,480000,240000,240000,129,0.7663241466059029,0.35330833333333334,0.3530916666666667,0.25541119053496275,-0.2521329082822866,-0.08148569227699222,0.46108333333333335,0.45891666666666664,0.23591666666666666,0.23483333333333334,0.9310476277864583,-0.16472348118055546
13,imports,imports_benign_mass_injection,important,ratio,0.1,0,density_restricted,high_density,167909,72774,95135,129,0.5546106186742432,0.20540302855415396,0.20540302855415396,0.19874056862197462,-0.19430626742201396,-0.05940453330271932,0.04094531464688101,0.04094531464688101,0.020474063895568533,0.020474063895568533,0.827109946886455,-0.2724993282122118
13,imports,imports_benign_mass_injection,important,ratio,0.1,0,density_restricted,mid_density,192091,134626,57465,129,0.8656074569137826,0.40493663928215945,0.4048400754683345,0.28052638080775905,-0.2787475845224134,-0.10171963401477473,0.5581965386615168,0.5572309292133997,0.6134219713288271,0.6129391666047687,0.9680348883794532,-0.10242743146567057
13,imports,imports_benign_mass_injection,important,ratio,0.1,0,density_restricted,low_density,120000,32600,87400,129,0.8368672168718676,0.4702760736196319,0.469079754601227,0.27820230198987994,-0.27131231191609523,-0.04721942303782128,0.5414110429447853,0.5328220858895706,0.5015337423312883,0.49555214723926383,0.9158103901391248,-0.0789431732672572
13,imports,imports_benign_mass_injection,random,ratio,0.1,1,pooled,all,480000,240000,240000,129,0.9408431027517361,0.035958333333333335,0.034279166666666666,0.04482022628043296,-0.023265029684526695,-0.029147392917133086,0.275625,0.26008333333333333,0.13954166666666667,0.13177083333333334,0.9310476277864583,0.009795474965277773
13,imports,imports_benign_mass_injection,random,ratio,0.1,1,density_restricted,high_density,167909,72774,95135,129,0.9658228803188149,0.0038063044493912663,0.0038063044493912663,0.04781929118562971,0.011170056766189708,-0.04102078015356047,0.023083264633140973,0.023083264633140973,0.011542425283407763,0.011542425283407763,0.827109946886455,0.1387129334323599
13,imports,imports_benign_mass_injection,random,ratio,0.1,1,density_restricted,mid_density,192091,134626,57465,129,0.9600996610505369,0.03782330307667167,0.03676852911027587,0.036443498339490225,-0.03256605462963259,-0.023435701629162017,0.31783406373022355,0.30765802570006684,0.18446854341528635,0.1791948302755701,0.9680348883794532,-0.007935227328916272
13,imports,imports_benign_mass_injection,random,ratio,0.1,1,density_restricted,low_density,120000,32600,87400,129,0.900816427187601,0.10003067484662577,0.09202453987730061,0.07271812279474486,-0.061725741252152765,-0.026229241646906924,0.42116564417177915,0.36717791411042944,0.31855828220858895,0.28450920245398775,0.9158103901391248,-0.014993962951523776
13,imports,imports_benign_mass_injection,random,ratio,0.1,2,pooled,all,480000,240000,240000,129,0.8470004047829861,0.17035416666666667,0.1697625,0.14366104679304859,-0.1416364781833343,-0.04612953179528335,0.36454166666666665,0.358625,0.18622916666666667,0.18327083333333333,0.9310476277864583,-0.08404722300347223
13,imports,imports_benign_mass_injection,random,ratio,0.1,2,density_restricted,high_density,167909,72774,95135,129,0.6093755701941532,0.10198697336961003,0.10198697336961003,0.13866943082127084,-0.13642754642508087,0.00958365149619428,0.04094531464688101,0.04094531464688101,0.020474063895568533,0.020474063895568533,0.827109946886455,-0.21773437669230178
13,imports,imports_benign_mass_injection,random,ratio,0.1,2,density_restricted,mid_density,192091,134626,57465,129,0.9198819407473363,0.2005704693001352,0.20011736217372572,0.14873324705667124,-0.14773575037242853,-0.07275907265004845,0.4496026145732749,0.4450716779321102,0.4185545569338186,0.41628908861323627,0.9680348883794532,-0.04815294763211686
13,imports,imports_benign_mass_injection,random,ratio,0.1,2,density_restricted,low_density,120000,32600,87400,129,0.8874766732532184,0.19819018404907976,0.19570552147239265,0.13385766728506363,-0.1280767905160378,-0.0605296125848657,0.45061349693251534,0.4285276073619632,0.38420245398773006,0.3717791411042945,0.9158103901391248,-0.028333716885906357
13,imports,imports_benign_mass_injection,random,ratio,0.1,3,pooled,all,480000,240000,240000,129,0.9038789818142361,0.019475,0.016983333333333333,0.030548313961032133,-0.02708884917556729,-0.009433168423170135,0.163875,0.13920833333333332,0.0829375,0.07052083333333334,0.9310476277864583,-0.02716864597222224
13,imports,imports_benign_mass_injection,random,ratio,0.1,3,density_restricted,high_density,167909,72774,95135,129,0.6769299134934228,0.0013054112732569325,0.0013054112732569325,0.029726836750612322,-0.02895679068687541,0.010201737060634763,0.013053036548502336,0.013053036548502336,0.006526966678117485,0.006526966678117485,0.827109946886455,-0.1501800333930322
13,imports,imports_benign_mass_injection,random,ratio,0.1,3,density_restricted,mid_density,192091,134626,57465,129,0.9612234301007203,0.02390325791451874,0.02132574688396001,0.029512590632261082,-0.027050773503341202,-0.018920738967620844,0.1895565624303647,0.16385649558047982,0.11951273861695016,0.10662556636708015,0.9680348883794532,-0.006811458278732863
13,imports,imports_benign_mass_injection,random,ratio,0.1,3,density_restricted,low_density,120000,32600,87400,129,0.9125464076385282,0.04174846625766871,0.034049079754601225,0.036659279340486836,-0.023076223405787275,-0.014084608287010497,0.30368098159509205,0.2334355828220859,0.19892638036809815,0.16088957055214723,0.9158103901391248,-0.003263982500596563
13,imports,imports_benign_mass_injection,random,ratio,0.1,4,pooled,all,480000,240000,240000,129,0.9372318507031251,0.06460416666666667,0.05797083333333333,0.0760112306732724,-0.06575642882971403,-0.05704783428908823,0.34708333333333335,0.280875,0.17535416666666667,0.14225,0.9310476277864583,0.0061842229166667595
13,imports,imports_benign_mass_injection,random,ratio,0.1,4,density_restricted,high_density,167909,72774,95135,129,0.9723458292831109,0.05658614340286366,0.0453458652815566,0.05324110412816587,-0.036757181546858496,-0.04362096927161659,0.13547677933498214,0.023083264633140973,0.06774304362761938,0.011542425283407763,0.827109946886455,0.14523588239665586
13,imports,imports_benign_mass_injection,random,ratio,0.1,4,density_restricted,mid_density,192091,134626,57465,129,0.9530622936395157,0.051802772124255346,0.047784231872000954,0.08132038507012987,-0.07443127315886888,-0.06381290706781421,0.37577063061724725,0.33558642204560646,0.23586867711505607,0.21577657282923568,0.9680348883794532,-0.014972594739937506
13,imports,imports_benign_mass_injection,random,ratio,0.1,4,density_restricted,low_density,120000,32600,87400,129,0.8980162722339993,0.1353680981595092,0.12822085889570553,0.10491684323039648,-0.09466844199246627,-0.05908378480665628,0.4242331288343558,0.3684049079754601,0.35322085889570554,0.3177914110429448,0.9158103901391248,-0.01779411790512553
13,imports,imports_benign_mass_injection,random,ratio,0.1,5,pooled,all,480000,240000,240000,129,0.8997638140451389,0.07115833333333334,0.0655,0.0805048757584334,-0.07488402723345632,-0.05588795842884381,0.3579583333333333,0.30191666666666667,0.1810625,0.15304166666666666,0.9310476277864583,-0.03128381374131939
13,imports,imports_benign_mass_injection,random,ratio,0.1,5,density_restricted,high_density,167909,72774,95135,129,0.6949041996114806,0.05786407233352571,0.04662379421221865,0.05705105641409667,-0.0503736415582392,-0.0302646630343529,0.13547677933498214,0.023083264633140973,0.06774304362761938,0.011542425283407763,0.827109946886455,-0.13220574727497436
13,imports,imports_benign_mass_injection,random,ratio,0.1,5,density_restricted,mid_density,192091,134626,57465,129,0.9510555048729481,0.0611620340795983,0.05791600433794364,0.08641890777608041,-0.08160180130432784,-0.0690306975013392,0.3964940949268365,0.36455470548911834,0.2749387209388695,0.25870905444551734,0.9680348883794532,-0.016979383506505075
13,imports,imports_benign_mass_injection,random,ratio,0.1,5,density_restricted,low_density,120000,32600,87400,129,0.8948362528253149,0.1421165644171779,0.13895705521472393,0.10843879522337263,-0.10185739395318333,-0.05881296789709282,0.39969325153374236,0.37852760736196317,0.3455521472392638,0.3320552147239264,0.9158103901391248,-0.020974137313809926
13,imports,imports_benign_mass_injection,random,ratio,0.1,6,pooled,all,480000,240000,240000,129,0.9429963147048613,0.13036666666666666,0.031183333333333334,0.06314262358478051,-0.013318722099133448,-0.031236062724089485,0.267,0.2559166666666667,0.625875,0.1303125,0.9310476277864583,0.011948686918403006
13,imports,imports_benign_mass_injection,random,ratio,0.1,6,density_restricted,high_density,167909,72774,95135,129,0.9646106771863417,0.32543215983730456,0.002308516777970154,0.10091523226171853,0.057312556412446085,-0.03149133149762237,0.5443803242649079,0.023083264633140973,0.7721745104774992,0.011542425283407763,0.827109946886455,0.13750073029988674
13,imports,imports_benign_mass_injection,random,ratio,0.1,6,density_restricted,mid_density,192091,134626,57465,129,0.9582720909712729,0.03725134817940071,0.03587717082881464,0.04237612990687615,-0.04047487321154371,-0.030393310384050992,0.32362772041892596,0.3107034093441284,0.18625120701181014,0.179380524400208,0.9680348883794532,-0.009762797408180313
13,imports,imports_benign_mass_injection,random,ratio,0.1,6,density_restricted,low_density,120000,32600,87400,129,0.9041176222431244,0.0794478527607362,0.07625766871165644,0.06457962217453717,-0.05884622709122995,-0.034146475202768554,0.3558282208588957,0.33067484662576685,0.2843558282208589,0.27024539877300613,0.9158103901391248,-0.011692767896000378
13,imports,imports_benign_mass_injection,random,ratio,0.1,7,pooled,all,480000,240000,240000,129,0.9454231760329862,0.006295833333333333,0.005720833333333333,0.01254864977955315,-0.011048987627098,-0.008979705224711528,0.06216666666666667,0.056416666666666664,0.031083333333333334,0.028208333333333332,0.9310476277864583,0.01437554824652787
13,imports,imports_benign_mass_injection,random,ratio,0.1,7,density_restricted,high_density,167909,72774,95135,129,0.9655689391834102,0.0,0.0,0.0074629172385385295,-0.006031593177120353,-0.006992446516916686,0.0,0.0,0.0,0.0,0.827109946886455,0.13845899229695524
13,imports,imports_benign_mass_injection,random,ratio,0.1,7,density_restricted,mid_density,192091,134626,57465,129,0.9658862592759645,0.00499903436186175,0.004768766805817598,0.01285098367703024,-0.011778268563769335,-0.009600083482028192,0.04991458070266657,0.04761197355715665,0.024994429176260862,0.023843125603505905,0.9680348883794532,-0.002148629103488675
13,imports,imports_benign_mass_injection,random,ratio,0.1,7,density_restricted,low_density,120000,32600,87400,129,0.9118669181957294,0.025705521472392637,0.022423312883435582,0.022653161946977887,-0.019237812422262374,-0.010853991173532038,0.2294478527607362,0.19723926380368098,0.12438650306748467,0.10797546012269939,0.9158103901391248,-0.0039434719433953935
13,imports,imports_benign_mass_injection,random,ratio,0.1,8,pooled,all,480000,240000,240000,129,0.8757942256163196,0.14811666666666667,0.147225,0.10586804896944643,-0.10389910398878906,-0.05624666442447833,0.34991666666666665,0.34141666666666665,0.179125,0.174875,0.9310476277864583,-0.05525340217013874
13,imports,imports_benign_mass_injection,random,ratio,0.1,8,density_restricted,high_density,167909,72774,95135,129,0.6830482754177158,0.08575865006733174,0.08575865006733174,0.07218035762729505,-0.0707689244966833,-0.03153033019691835,0.04094531464688101,0.04094531464688101,0.020474063895568533,0.020474063895568533,0.827109946886455,-0.14406167146873916
13,imports,imports_benign_mass_injection,random,ratio,0.1,8,density_restricted,mid_density,192091,134626,57465,129,0.9326033435650813,0.176355235987105,0.1754861616626803,0.12123589630546601,-0.11994395192806222,-0.0694326655842618,0.4336329198544158,0.42494243482136224,0.4002822550694496,0.39593701255292285,0.9680348883794532,-0.03543154481437183
13,imports,imports_benign_mass_injection,random,ratio,0.1,8,density_restricted,low_density,120000,32600,87400,129,0.8922677529797418,0.17070552147239265,0.16773006134969326,0.11760658376315039,-0.11159732434725268,-0.05696837960666968,0.43374233128834355,0.41779141104294476,0.36687116564417177,0.3535276073619632,0.9158103901391248,-0.023542637159382984
13,imports,imports_benign_mass_injection,random,ratio,0.1,9,pooled,all,480000,240000,240000,129,0.9598305765624999,0.119975,0.006466666666666667,0.0532153933966327,0.03332704336420206,-0.0014950707272204599,0.18829166666666666,0.04516666666666667,0.5845208333333334,0.022854166666666665,0.9310476277864583,0.028782948776041595
13,imports,imports_benign_mass_injection,random,ratio,0.1,9,density_restricted,high_density,167909,72774,95135,129,0.9823691496403502,0.32686124165223845,0.0,0.11048059962297781,0.10355845958650124,0.001957738571539318,0.5586699642759,0.0,0.7793198213672278,0.0,0.827109946886455,0.15525920275389515
13,imports,imports_benign_mass_injection,random,ratio,0.1,9,density_restricted,mid_density,192091,134626,57465,129,0.9714351702323758,0.023598710501686153,0.004501359321379229,0.024056616191090792,0.004288916126061535,-0.0017345230593898405,0.21406818688256704,0.0376587684765654,0.11780435267028151,0.022320433781475153,0.9680348883794532,0.0034002818529226264
13,imports,imports_benign_mass_injection,random,ratio,0.1,9,density_restricted,low_density,120000,32600,87400,129,0.9183497594095269,0.056134969325153376,0.02901840490797546,0.04579549837078119,-0.003535967881187252,-0.008214034967628715,0.2625766871165644,0.09263803680981596,0.19892638036809815,0.0789877300613497,0.9158103901391248,0.002539369270402103
13,imports,imports_benign_mass_injection,random,ratio,0.1,10,pooled,all,480000,240000,240000,129,0.9436552872222222,0.13342083333333332,0.03235416666666667,0.06015234670121102,-0.015673166740180013,-0.036314091887766256,0.267125,0.23858333333333334,0.6254791666666667,0.12122916666666667,0.9310476277864583,0.012607659435763918
13,imports,imports_benign_mass_injection,random,ratio,0.1,10,density_restricted,high_density,167909,72774,95135,129,0.9545048682752052,0.3283452881523621,0.00522164509302773,0.08475379051727067,0.045645032123692156,-0.0426616331867472,0.562242374278648,0.04094531464688101,0.7811061490896599,0.020474063895568533,0.827109946886455,0.1273949213887502
13,imports,imports_benign_mass_injection,random,ratio,0.1,10,density_restricted,mid_density,192091,134626,57465,129,0.9589225314271689,0.040385958135872715,0.03817241840357732,0.04630946037899734,-0.04187420004697573,-0.03335891519125843,0.3107034093441284,0.2899799450345391,0.1981356309886355,0.18714253881007206,0.9680348883794532,-0.009112356952284295
13,imports,imports_benign_mass_injection,random,ratio,0.1,10,density_restricted,low_density,120000,32600,87400,129,0.91190226621836,0.08248466257668711,0.0688957055214724,0.06239979890196005,-0.04435507760394543,-0.034348068803472444,0.37515337423312883,0.294478527607362,0.2937116564417178,0.23358895705521474,0.9158103901391248,-0.003908123920764783
13,imports,imports_benign_mass_injection,random,ratio,0.1,11,pooled,all,480000,240000,240000,129,0.9033059918402778,0.022233333333333334,0.021483333333333333,0.03409191332467889,-0.032916691581526096,-0.01249703207804148,0.220875,0.21345833333333333,0.11052083333333333,0.1068125,0.9310476277864583,-0.02774163594618051
13,imports,imports_benign_mass_injection,random,ratio,0.1,11,density_restricted,high_density,167909,72774,95135,129,0.6764142381072851,0.0,0.0,0.03702272917924033,-0.03700400235698489,0.010775191991564122,0.0,0.0,0.0,0.0,0.827109946886455,-0.15069570877916993
13,imports,imports_benign_mass_injection,random,ratio,0.1,11,density_restricted,mid_density,192091,134626,57465,129,0.9612608815482216,0.028553176949474842,0.028256057522321097,0.0312185213583463,-0.030365371223497594,-0.023447418044919347,0.28537473074351927,0.2824036247493129,0.1427616430216148,0.14127609002451164,0.9680348883794532,-0.006774006831231527
13,imports,imports_benign_mass_injection,random,ratio,0.1,11,density_restricted,low_density,120000,32600,87400,129,0.9086646577683875,0.04576687116564417,0.04147239263803681,0.0394154125228273,-0.0343284737946153,-0.019227282791678856,0.31533742331288345,0.27515337423312886,0.21993865030674847,0.19877300613496932,0.9158103901391248,-0.0071457323707373455
13,imports,imports_benign_mass_injection,random,ratio,0.1,12,pooled,all,480000,240000,240000,129,0.9289249500868054,0.08292916666666666,0.08047916666666667,0.08988981371201535,-0.08125442351930569,-0.06701377598437659,0.2936666666666667,0.27075,0.14810416666666668,0.1365625,0.9310476277864583,-0.0021226776996529084
13,imports,imports_benign_mass_injection,random,ratio,0.1,12,density_restricted,high_density,167909,72774,95135,129,0.931651102412351,0.05343941517574958,0.05343941517574958,0.06524048629294833,-0.05080885022908613,-0.0475323688743776,0.02720527617477329,0.02720527617477329,0.013603572655444865,0.013603572655444865,0.827109946886455,0.10454115552589605
13,imports,imports_benign_mass_injection,random,ratio,0.1,12,density_restricted,mid_density,192091,134626,57465,129,0.9463820060390267,0.08814047806515829,0.08636518948791466,0.10137563892968214,-0.097285747369156,-0.08101856816303384,0.3410829681348882,0.32451905221718785,0.30353561613310553,0.2946594369754141,0.9680348883794532,-0.021652882340426505
13,imports,imports_benign_mass_injection,random,ratio,0.1,12,density_restricted,low_density,120000,32600,87400,129,0.9022431553677472,0.12723926380368097,0.11653374233128834,0.0974830483083824,-0.08301556296754158,-0.05266809405735685,0.4466257668711656,0.3693251533742331,0.3624233128834356,0.31150306748466255,0.9158103901391248,-0.013567234771377557
13,imports,imports_benign_mass_injection,random,ratio,0.1,13,pooled,all,480000,240000,240000,129,0.9499895573784722,0.03659166666666667,0.022058333333333333,0.04023797696369659,0.003142223251243639,-0.022001828766340225,0.19775,0.057791666666666665,0.099125,0.029104166666666667,0.9310476277864583,0.018941929592013906
13,imports,imports_benign_mass_injection,random,ratio,0.1,13,density_restricted,high_density,167909,72774,95135,129,0.9689076788844305,0.03006568279880177,0.0013054112732569325,0.05377444824987322,0.046638238748127815,-0.04370194354565679,0.300632041769717,0.013053036548502336,0.15032634833390587,0.006526966678117485,0.827109946886455,0.14179773199797552
13,imports,imports_benign_mass_injection,random,ratio,0.1,13,density_restricted,mid_density,192091,134626,57465,129,0.9639813212290297,0.03997741892353632,0.032965400442707946,0.03580206480690904,-0.018465113494579796,-0.01407165958406765,0.11186214068186882,0.05058307955136299,0.07843719824704747,0.043378147515412614,0.9680348883794532,-0.004053567150423487
13,imports,imports_benign_mass_injection,random,ratio,0.1,13,density_restricted,low_density,120000,32600,87400,129,0.9173205937372773,0.03717791411042945,0.02334355828220859,0.028338772934232245,-0.004724945921364475,-0.006308663225930554,0.25950920245398773,0.1530674846625767,0.1615030674846626,0.09447852760736196,0.9158103901391248,0.0015102035981524597
13,imports,imports_benign_mass_injection,random,ratio,0.1,14,pooled,all,480000,240000,240000,129,0.9493866681163196,0.024845833333333334,0.008058333333333334,0.02818271543489062,-0.010571203242131927,-0.02046563293871845,0.20333333333333334,0.04583333333333333,0.10191666666666667,0.022958333333333334,0.9310476277864583,0.018339040329861223
13,imports,imports_benign_mass_injection,random,ratio,0.1,14,density_restricted,high_density,167909,72774,95135,129,0.9657056703014495,0.029309918377442495,0.0009343996482260148,0.024813582342113293,0.0034820115461370307,-0.022416469024400126,0.2930750206100577,0.00934322616103325,0.14654757815183786,0.004671934043284095,0.827109946886455,0.1385957234149945
13,imports,imports_benign_mass_injection,random,ratio,0.1,14,density_restricted,mid_density,192091,134626,57465,129,0.9664694845079668,0.02024126097484884,0.009693521310890912,0.02964101743062716,-0.018736153044691176,-0.02148679380312931,0.12523211765579736,0.03624749312931739,0.10116615910272599,0.048466166530490976,0.9680348883794532,-0.0015654038714864038
13,imports,imports_benign_mass_injection,random,ratio,0.1,14,density_restricted,low_density,120000,32600,87400,129,0.916834709957743,0.03389570552147239,0.017208588957055213,0.02968148620837988,-0.008224397134222216,-0.01189370202363947,0.28343558282208586,0.14263803680981596,0.1638036809815951,0.08251533742331288,0.9158103901391248,0.001024319818618169
13,imports,imports_benign_mass_injection,random,ratio,0.1,15,pooled,all,480000,240000,240000,129,0.9120755921354168,0.008520833333333333,0.0077666666666666665,0.014688528329806452,-0.013042974969127156,-0.008879861870907215,0.08491666666666667,0.07745833333333334,0.042458333333333334,0.03872916666666667,0.9310476277864583,-0.018972035651041552
13,imports,imports_benign_mass_injection,random,ratio,0.1,15,density_restricted,high_density,167909,72774,95135,129,0.6891144579395934,0.0,0.0,0.01031267360132515,-0.010031701755864944,-0.0036015272189278756,0.0,0.0,0.0,0.0,0.827109946886455,-0.13799548894686164
13,imports,imports_benign_mass_injection,random,ratio,0.1,15,density_restricted,mid_density,192091,134626,57465,129,0.9654186425977853,0.008497615616597091,0.007762245034391574,0.014848441393008753,-0.013504379486818837,-0.01143444981981928,0.08460224318502563,0.07724875584936493,0.04248681571715071,0.03881007204932036,0.9680348883794532,-0.0026162457816678586
13,imports,imports_benign_mass_injection,random,ratio,0.1,15,density_restricted,low_density,120000,32600,87400,129,0.912558328712218,0.02763803680981595,0.025122699386503067,0.023796503666120104,-0.01785970356493033,-0.010113345574984186,0.23865030674846627,0.21533742331288344,0.13650306748466257,0.12423312883435583,0.9158103901391248,-0.003252061426906816
13,imports,imports_benign_mass_injection,random,ratio,0.1,16,pooled,all,480000,240000,240000,129,0.8534226577777779,0.18594166666666667,0.18515833333333334,0.1324579872312842,-0.13132141890151608,-0.052278764465458365,0.3504583333333333,0.3430416666666667,0.17927083333333332,0.1755625,0.9310476277864583,-0.0776249700086804
13,imports,imports_benign_mass_injection,random,ratio,0.1,16,density_restricted,high_density,167909,72774,95135,129,0.6720119053155691,0.08064693434468354,0.08064693434468354,0.09344125943418878,-0.09312762800106554,-0.017437078229940606,0.04094531464688101,0.04094531464688101,0.020474063895568533,0.020474063895568533,0.827109946886455,-0.15509804157088591
13,imports,imports_benign_mass_injection,random,ratio,0.1,16,density_restricted,mid_density,192091,134626,57465,129,0.9132937352218843,0.24266486414214195,0.24213747715894404,0.1563606201473276,-0.15549687911177798,-0.07093701799896672,0.42835920671469957,0.42308549357498326,0.4153977568149744,0.41276090024511625,0.9680348883794532,-0.05474115315756889
13,imports,imports_benign_mass_injection,random,ratio,0.1,16,density_restricted,low_density,120000,32600,87400,129,0.8887292800887254,0.18674846625766872,0.183159509202454,0.12084717403344855,-0.11674686162307038,-0.05300523176304965,0.4377300613496933,0.4156441717791411,0.379601226993865,0.36319018404907977,0.9158103901391248,-0.02708111005039937
13,imports,imports_benign_mass_injection,random,ratio,0.1,17,pooled,all,480000,240000,240000,129,0.87935532328125,0.15004583333333332,0.14524583333333332,0.11749790811971231,-0.11206473302310714,-0.06451472346066385,0.392125,0.344125,0.20004166666666667,0.17604166666666668,0.9310476277864583,-0.05169230450520834
13,imports,imports_benign_mass_injection,random,ratio,0.1,17,density_restricted,high_density,167909,72774,95135,129,0.6865816228774383,0.0716052436309671,0.06036496550966004,0.07984638351086089,-0.07148989026080681,-0.0361154232213043,0.13547677933498214,0.023083264633140973,0.06774304362761938,0.011542425283407763,0.827109946886455,-0.14052832400901671
13,imports,imports_benign_mass_injection,random,ratio,0.1,17,density_restricted,mid_density,192091,134626,57465,129,0.9320058987784532,0.17773684132336992,0.17575356914711868,0.13186837271246962,-0.12766652344680102,-0.0795451200483346,0.44187773898833843,0.42204560647701106,0.3950456807546609,0.38512961449899724,0.9680348883794532,-0.03602898960099998
13,imports,imports_benign_mass_injection,random,ratio,0.1,17,density_restricted,low_density,120000,32600,87400,129,0.8842010222024118,0.21079754601226994,0.20874233128834355,0.1422038555313691,-0.13821157258149472,-0.06584136470628937,0.4322085889570552,0.42116564417177915,0.3861963190184049,0.375920245398773,0.9158103901391248,-0.031609367936712984
13,imports,imports_benign_mass_injection,random,ratio,0.1,18,pooled,all,480000,240000,240000,129,0.898369896328125,0.0378875,0.03657083333333333,0.05462502242670112,-0.052140484519550064,-0.03198895940104147,0.2679166666666667,0.25533333333333336,0.1355625,0.12927083333333333,0.9310476277864583,-0.0326777314583333
13,imports,imports_benign_mass_injection,random,ratio,0.1,18,density_restricted,high_density,167909,72774,95135,129,0.6747191559737684,0.0,0.0,0.03203882482865785,-0.03202262132293252,-0.0060481534028021654,0.0,0.0,0.0,0.0,0.827109946886455,-0.1523907909126866
13,imports,imports_benign_mass_injection,random,ratio,0.1,18,density_restricted,mid_density,192091,134626,57465,129,0.9527902306248206,0.04918812116530239,0.048081351299154695,0.06456534224532423,-0.0621782798702412,-0.046348337060989606,0.34695090247344573,0.33610636559459256,0.22673252618287157,0.22119884126866227,0.9680348883794532,-0.015244657754632573
13,imports,imports_benign_mass_injection,random,ratio,0.1,18,density_restricted,low_density,120000,32600,87400,129,0.9051094821777035,0.07579754601226994,0.07067484662576687,0.0639950361720401,-0.05559782008361436,-0.03059848820066383,0.4058282208588957,0.3656441717791411,0.29340490797546015,0.26947852760736196,0.9158103901391248,-0.010700907961421313
13,imports,imports_benign_mass_injection,random,ratio,0.1,19,pooled,all,480000,240000,240000,129,0.9394346584722223,0.06718333333333333,0.059325,0.08282488975178158,-0.059994489527894705,-0.06235956029595969,0.3780833333333333,0.29991666666666666,0.19079166666666666,0.15170833333333333,0.9310476277864583,0.008387030685763963
13,imports,imports_benign_mass_injection,random,ratio,0.1,19,density_restricted,high_density,167909,72774,95135,129,0.975859570640012,0.0486987110781323,0.03745843295682524,0.07529729105981213,-0.018818566262823938,-0.0656626495236429,0.13547677933498214,0.023083264633140973,0.06774304362761938,0.011542425283407763,0.827109946886455,0.14874962375355705
13,imports,imports_benign_mass_injection,random,ratio,0.1,19,density_restricted,mid_density,192091,134626,57465,129,0.9546901249705948,0.05850281520657228,0.05183248406697072,0.07855877235042263,-0.07114752900112405,-0.06130454073636971,0.4169204486370051,0.3505162296664934,0.27464161033944884,0.24129094555448266,0.9680348883794532,-0.013344763408858373
13,imports,imports_benign_mass_injection,random,ratio,0.1,19,density_restricted,low_density,120000,32600,87400,129,0.8936135334334769,0.14429447852760735,0.13907975460122698,0.11724647835560777,-0.10585484374781151,-0.059342813295160265,0.43374233128834355,0.39539877300613496,0.37469325153374233,0.34938650306748464,0.9158103901391248,-0.02219685670564786
13,imports,imports_benign_mass_injection,random,ratio,0.1,20,pooled,all,480000,240000,240000,129,0.9010505826736112,0.08305,0.08081666666666666,0.08597341587286407,-0.0791322244791118,-0.0643891416419947,0.280125,0.25866666666666666,0.141625,0.13085416666666666,0.9310476277864583,-0.029997045112847176
13,imports,imports_benign_mass_injection,random,ratio,0.1,20,density_restricted,high_density,167909,72774,95135,129,0.673090060277991,0.050622475059774096,0.050553769203286886,0.06064323006928915,-0.053771323959432564,-0.041461566399587514,0.030915086562242376,0.030915086562242376,0.015458605290278255,0.015458605290278255,0.827109946886455,-0.154019886608464
13,imports,imports_benign_mass_injection,random,ratio,0.1,20,density_restricted,mid_density,192091,134626,57465,129,0.9482781050867672,0.09125280406459377,0.08910611620340796,0.09843633094128296,-0.09307071309945107,-0.08033795661685506,0.33402659139864815,0.31322884943920376,0.2657654311817574,0.255032310777687,0.9680348883794532,-0.01975678329268593
13,imports,imports_benign_mass_injection,random,ratio,0.1,20,density_restricted,low_density,120000,32600,87400,129,0.9029153153121534,0.12156441717791411,0.11414110429447853,0.09105153052526893,-0.07818532893976642,-0.0497083501047368,0.4128834355828221,0.36257668711656443,0.3200920245398773,0.2837423312883436,0.9158103901391248,-0.012895074826971387
2024,imports,imports_benign_mass_injection,important,ratio,0.1,0,pooled,all,480000,240000,240000,129,0.8723786446093751,0.31478333333333336,0.3105625,0.21800367236689594,-0.20928829894072035,-0.11644734222880294,0.4663333333333333,0.4252916666666667,0.23947916666666666,0.21879166666666666,0.9291685660069444,-0.05678992139756933
2024,imports,imports_benign_mass_injection,important,ratio,0.1,0,density_restricted,high_density,172296,78363,93933,129,0.9511148483913138,0.1516659648048186,0.14157191531717775,0.11856920305408893,-0.10286202835000618,-0.07708763615621149,0.22125813449023862,0.12032665560801327,0.11063612582147643,0.06016716646462068,0.8389786808970672,0.1121361674942466
2024,imports,imports_benign_mass_injection,important,ratio,0.1,0,density_restricted,mid_density,187704,129521,58183,129,0.8913797314404547,0.387859883725419,0.3876437025656071,0.2731743868057619,-0.2697411694797046,-0.1504115333140228,0.5340847680074114,0.532231915386397,0.5503184713375796,0.5492375989191276,0.9664264507207783,-0.07504671928032358
2024,imports,imports_benign_mass_injection,important,ratio,0.1,0,density_restricted,low_density,120000,32116,87884,129,0.8633671160093453,0.41807821646531323,0.4120376136505169,0.23812502041531847,-0.2251671629717437,-0.07551038412124647,0.4666874221668742,0.424346201743462,0.43944582814445826,0.41329389788293897,0.9145387047608965,-0.051171588751551145
2024,imports,imports_benign_mass_injection,random,ratio,0.1,1,pooled,all,480000,240000,240000,129,0.937000445546875,0.050508333333333336,0.042429166666666664,0.07686497177139033,-0.06217404205381042,-0.05914948232652141,0.3135,0.23345833333333332,0.15979166666666667,0.11972916666666666,0.9291685660069444,0.007831879539930586
2024,imports,imports_benign_mass_injection,random,ratio,0.1,1,density_restricted,high_density,172296,78363,93933,129,0.978892729723403,0.022485101387134235,0.01015785511019231,0.04464282080868461,-0.018660020413084417,-0.04207867297003946,0.1232614520862575,0.0,0.06163465832961143,0.0,0.8389786808970672,0.13991404882633585
2024,imports,imports_benign_mass_injection,random,ratio,0.1,1,density_restricted,mid_density,187704,129521,58183,129,0.9526011690354727,0.044162722647292714,0.03914423143737309,0.08759603234319271,-0.0791586199067617,-0.07026285879991052,0.3188450551995677,0.2688180344321779,0.1896545068519591,0.1645628257093225,0.9664264507207783,-0.013825281685305613
2024,imports,imports_benign_mass_injection,random,ratio,0.1,1,density_restricted,low_density,120000,32116,87884,129,0.8950997774532207,0.14447627350853157,0.13441898119317475,0.11220955763420305,-0.09985089377071503,-0.05598296717495094,0.39321295143212953,0.3321917808219178,0.3426214196762142,0.2957658779576588,0.9145387047608965,-0.019438927307675824
2024,imports,imports_benign_mass_injection,random,ratio,0.1,2,pooled,all,480000,240000,240000,129,0.952241379392361,0.013320833333333334,0.0052625,0.021778715390320197,0.013594906793693488,-0.009015113407607953,0.13245833333333334,0.05254166666666667,0.06627083333333333,0.026270833333333334,0.9291685660069444,0.023072813385416557
2024,imports,imports_benign_mass_injection,random,ratio,0.1,2,density_restricted,high_density,172296,78363,93933,129,0.9817973617333591,0.010898000331789236,0.0,0.03896147945204685,0.03754577643764948,-0.028500502664241086,0.10897026923567692,0.0,0.05448861098704779,0.0,0.8389786808970672,0.1428186808362919
2024,imports,imports_benign_mass_injection,random,ratio,0.1,2,density_restricted,mid_density,187704,129521,58183,129,0.9672300686233515,0.012407254422062832,0.007628106639077833,0.01181295124185717,0.0014125857162819604,0.0003748215681821338,0.12383231683779819,0.07627576623176098,0.06195715112912565,0.03813935533680757,0.9664264507207783,0.0008036179025732171
2024,imports,imports_benign_mass_injection,random,ratio,0.1,2,density_restricted,low_density,120000,32116,87884,129,0.917089351182184,0.022916926142732594,0.008562710175613402,0.020043841748023306,0.0042850428740924896,0.0006604311906681172,0.18119551681195517,0.0647571606475716,0.11036737235367372,0.042652552926525526,0.9145387047608965,0.00255064642128755
2024,imports,imports_benign_mass_injection,random,ratio,0.1,3,pooled,all,480000,240000,240000,129,0.9664470755729166,0.1337125,0.0013916666666666667,0.07213341974317365,0.06543249303212613,0.019689601096248913,0.24929166666666666,0.012708333333333334,0.611625,0.00675,0.9291685660069444,0.03727850956597223
2024,imports,imports_benign_mass_injection,random,ratio,0.1,3,density_restricted,high_density,172296,78363,93933,129,0.9849258990186506,0.3114735270472034,0.0,0.12512263140384156,0.1223663875753808,0.025232166648329443,0.49687380375143547,0.0,0.7484208511452817,0.0,0.8389786808970672,0.1459472181215834
2024,imports,imports_benign_mass_injection,random,ratio,0.1,3,density_restricted,mid_density,187704,129521,58183,129,0.9764245944206367,0.03506767242377684,0.0018066568355710657,0.03991007724225207,0.030752651113749096,0.016150524289364795,0.2364703157569675,0.017833706477263955,0.16240108087241845,0.00903300521134916,0.9664264507207783,0.009998143699858408
2024,imports,imports_benign_mass_injection,random,ratio,0.1,3,density_restricted,low_density,120000,32116,87884,129,0.9356185911986282,0.0978017187694607,0.003113712791132146,0.07279371214250568,0.06637460995257216,0.02043853317828747,0.3458904109589041,0.026774595267745952,0.3094645080946451,0.014476961394769615,0.9145387047608965,0.021079886437731732
2024,imports,imports_benign_mass_injection,random,ratio,0.1,4,pooled,all,480000,240000,240000,129,0.9551260659895835,0.03200416666666667,0.01065,0.03204222447859492,0.01568561421471655,-0.00834553755861757,0.24441666666666667,0.073125,0.1233125,0.036625,0.9291685660069444,0.025957499982639076
2024,imports,imports_benign_mass_injection,random,ratio,0.1,4,density_restricted,high_density,172296,78363,93933,129,0.9731607445944718,0.010898000331789236,0.0,0.033063396810939366,0.026701388284028505,-0.026952297418623195,0.10897026923567692,0.0,0.05448861098704779,0.0,0.8389786808970672,0.1341820636974046
2024,imports,imports_benign_mass_injection,random,ratio,0.1,4,density_restricted,mid_density,187704,129521,58183,129,0.969871318808339,0.03607909142146833,0.01724816825070838,0.027232777741863275,0.005918783726467284,0.00014745059357786896,0.2546900331969428,0.11140276383849301,0.17726307662613394,0.08623817795792318,0.9664264507207783,0.0034448680875607263
2024,imports,imports_benign_mass_injection,random,ratio,0.1,4,density_restricted,low_density,120000,32116,87884,129,0.925198862275054,0.06706937352098642,0.01002615518744551,0.048946640449099084,0.028195906538637332,0.002803459964396354,0.3331257783312578,0.07565379825653798,0.2577833125778331,0.04561021170610212,0.9145387047608965,0.010660157514157498
2024,imports,imports_benign_mass_injection,random,ratio,0.1,5,pooled,all,480000,240000,240000,129,0.9490977138194444,0.11751666666666667,0.012225,0.059241048921877974,0.015346842577886955,-0.013981233526293593,0.17729166666666665,0.1155,0.5744791666666667,0.058083333333333334,0.9291685660069444,0.019929147812499992
2024,imports,imports_benign_mass_injection,random,ratio,0.1,5,density_restricted,high_density,172296,78363,93933,129,0.9526171276025582,0.3011497773183773,0.0,0.10344614941795087,0.08943497211611756,-0.0008092301216831261,0.39594232486921016,0.0,0.697951891788426,0.0,0.8389786808970672,0.11363844670549106
2024,imports,imports_benign_mass_injection,random,ratio,0.1,5,density_restricted,mid_density,187704,129521,58183,129,0.9641004361529251,0.023069618054215146,0.014406930150323113,0.03601476907695651,-0.020797502103707642,-0.0209286993531497,0.2177873851617386,0.13726549834015286,0.11333719359197066,0.07029530978575564,0.9664264507207783,-0.0023260145678531963
2024,imports,imports_benign_mass_injection,random,ratio,0.1,5,density_restricted,low_density,120000,32116,87884,129,0.9149146266606636,0.0503487358326068,0.033254452609291316,0.04505020017422291,-0.019661141837966516,-0.018102387512943872,0.3035491905354919,0.21980074719800746,0.20859277708592777,0.14881693648816938,0.9145387047608965,0.00037592189976709545
2024,imports,imports_benign_mass_injection,random,ratio,0.1,6,pooled,all,480000,240000,240000,129,0.9520647770572915,0.12606666666666666,0.022358333333333334,0.07097485993789479,0.031293628977574865,0.004526234284919785,0.12470833333333334,0.07841666666666666,0.5480208333333333,0.03960416666666667,0.9291685660069444,0.022896211050347115
2024,imports,imports_benign_mass_injection,random,ratio,0.1,6,density_restricted,high_density,172296,78363,93933,129,0.974534865682448,0.3011497773183773,0.0,0.14351751896451678,0.13972298021827717,0.05022891896530975,0.39594232486921016,0.0,0.697951891788426,0.0,0.8389786808970672,0.13555618478538078
2024,imports,imports_benign_mass_injection,random,ratio,0.1,6,density_restricted,mid_density,187704,129521,58183,129,0.9617934385058294,0.041522224195304235,0.03637248013835594,0.03685346449551749,-0.02436974757273686,-0.019073067550841857,0.141048405774724,0.10182969196325176,0.07693495464196101,0.05608955800038603,0.9664264507207783,-0.004633012214948828
2024,imports,imports_benign_mass_injection,random,ratio,0.1,6,density_restricted,low_density,120000,32116,87884,129,0.9163507790324884,0.03982438659858015,0.020394818781915555,0.03157944549615155,-0.008788356858214963,-0.011814353164940556,0.27303860523038603,0.1404109589041096,0.17372353673723537,0.09293275217932752,0.9145387047608965,0.0018120742715919125
2024,imports,imports_benign_mass_injection,random,ratio,0.1,7,pooled,all,480000,240000,240000,129,0.9460211731944445,0.013283333333333333,0.0106625,0.02029763005909602,-0.00583991275056931,-0.011810153641287232,0.13254166666666667,0.10641666666666667,0.06627083333333333,0.05320833333333334,0.9291685660069444,0.016852607187500035
2024,imports,imports_benign_mass_injection,random,ratio,0.1,7,density_restricted,high_density,172296,78363,93933,129,0.9719685455747504,0.0008039508441483864,0.0,0.016839549535903223,0.010626069444494181,-0.01434220070455067,0.008038790353451576,0.0,0.00401965163019205,0.0,0.8389786808970672,0.13298986467768326
2024,imports,imports_benign_mass_injection,random,ratio,0.1,7,density_restricted,mid_density,187704,129521,58183,129,0.963993748918532,0.0164297681457061,0.013889639517916014,0.02028813925511627,-0.013240536740446186,-0.010462245799277396,0.16390025476723538,0.13857793561337142,0.08214630380235476,0.06944605288554333,0.9664264507207783,-0.0024327018022463065
2024,imports,imports_benign_mass_injection,random,ratio,0.1,7,density_restricted,low_density,120000,32116,87884,129,0.912793600434044,0.031043716527587497,0.02366421721260431,0.02877361780542866,-0.016170823915064192,-0.011067955596276748,0.26183063511830634,0.200186799501868,0.15333125778331258,0.1175280199252802,0.9145387047608965,-0.0017451043268524868
2024,imports,imports_benign_mass_injection,random,ratio,0.1,8,pooled,all,480000,240000,240000,129,0.9407062136197917,0.039325,0.0376,0.04836588494765432,-0.027972834155040566,-0.03615311163310965,0.23504166666666668,0.21845833333333334,0.11979166666666667,0.1115,0.9291685660069444,0.011537647612847257
2024,imports,imports_benign_mass_injection,random,ratio,0.1,8,density_restricted,high_density,172296,78363,93933,129,0.9797803035441286,0.00010208899608233478,0.00010208899608233478,0.03664380227137597,0.01625694491769717,-0.03595360044644606,0.0010207987750414699,0.0010207987750414699,0.0005104319530402603,0.0005104319530402603,0.8389786808970672,0.14080162264706142
2024,imports,imports_benign_mass_injection,random,ratio,0.1,8,density_restricted,mid_density,187704,129521,58183,129,0.9555783867446328,0.05755051304421677,0.05592143358991978,0.053801519567681894,-0.050772888275533466,-0.03956414317002179,0.31452173241720066,0.2988496873311202,0.17664543524416135,0.16853889210577108,0.9664264507207783,-0.010848063976145461
2024,imports,imports_benign_mass_injection,random,ratio,0.1,8,density_restricted,low_density,120000,32116,87884,129,0.9065306171473703,0.0615269647527712,0.055206127786772946,0.05504631629466544,-0.04394282941399513,-0.022883528852816946,0.3184931506849315,0.2736612702366127,0.2400373599003736,0.2101494396014944,0.9145387047608965,-0.008008087613526227
2024,imports,imports_benign_mass_injection,random,ratio,0.1,9,pooled,all,480000,240000,240000,129,0.8977457402256945,0.03317916666666667,0.032120833333333335,0.05433974274134313,-0.052619486827389,-0.02500167245018397,0.26775,0.25733333333333336,0.13489583333333333,0.1296875,0.9291685660069444,-0.031422825781249886
2024,imports,imports_benign_mass_injection,random,ratio,0.1,9,density_restricted,high_density,172296,78363,93933,129,0.6959355966786717,0.01056621109452165,0.01056621109452165,0.0508176469118893,-0.05078048681786317,0.005904094347059818,0.09761388286334056,0.09761388286334056,0.04881005550947489,0.04881005550947489,0.8389786808970672,-0.1430430842183955
2024,imports,imports_benign_mass_injection,random,ratio,0.1,9,density_restricted,mid_density,187704,129521,58183,129,0.955604417672651,0.03604820839863806,0.03495958184387088,0.052741908909036794,-0.05114224300702895,-0.040919162353583026,0.3007797421446769,0.29020304176638617,0.17494692144373672,0.16950395676510327,0.9664264507207783,-0.010822033048127233
2024,imports,imports_benign_mass_injection,random,ratio,0.1,9,density_restricted,low_density,120000,32116,87884,129,0.9035982181436656,0.07678415742931873,0.07326566197533939,0.06937757532565116,-0.06306423880781384,-0.036217869789649186,0.32471980074719803,0.2957658779576588,0.25280199252801994,0.23552303860523038,0.9145387047608965,-0.010940486617230905
2024,imports,imports_benign_mass_injection,random,ratio,0.1,10,pooled,all,480000,240000,240000,129,0.9483912740711805,0.018908333333333333,0.012279166666666667,0.01904735290845324,0.0026735420850525376,-0.009477551149562008,0.18816666666666668,0.12275,0.09408333333333334,0.061375,0.9291685660069444,0.019222708064236094
2024,imports,imports_benign_mass_injection,random,ratio,0.1,10,density_restricted,high_density,172296,78363,93933,129,0.9793404110094933,0.010898000331789236,0.0,0.026241029360373033,0.022850254473606436,-0.018457507779891566,0.10897026923567692,0.0,0.05448861098704779,0.0,0.8389786808970672,0.14036173011242614
2024,imports,imports_benign_mass_injection,random,ratio,0.1,10,density_restricted,mid_density,187704,129521,58183,129,0.9646779041730112,0.021919225453787418,0.01805112684429552,0.014122530919204955,-0.006786889706683897,-0.005453251862754841,0.2189454180498726,0.18049872616382306,0.10955414012738854,0.09025284694074504,0.9664264507207783,-0.001748546547767016
2024,imports,imports_benign_mass_injection,random,ratio,0.1,10,density_restricted,low_density,120000,32116,87884,129,0.9136079424057548,0.026310873085066633,0.01896251089799477,0.021356164748895252,-0.008404522643019281,-0.003796112816769496,0.237546699875467,0.1740348692403487,0.1284246575342466,0.09464508094645081,0.9145387047608965,-0.0009307623551416677
2024,imports,imports_benign_mass_injection,random,ratio,0.1,11,pooled,all,480000,240000,240000,129,0.9640846225347223,0.1346375,0.0012916666666666667,0.058721274346602396,0.052577591744551545,0.007735168398738169,0.253875,0.012708333333333334,0.6135833333333334,0.006354166666666667,0.9291685660069444,0.03491605652777785
2024,imports,imports_benign_mass_injection,random,ratio,0.1,11,density_restricted,high_density,172296,78363,93933,129,0.976507440756868,0.3113586769266108,0.0,0.09322520413836476,0.09088485482839612,-0.0036228152705274643,0.49687380375143547,0.0,0.7484208511452817,0.0,0.8389786808970672,0.13752875985980084
2024,imports,imports_benign_mass_injection,random,ratio,0.1,11,density_restricted,mid_density,187704,129521,58183,129,0.9762075795869384,0.037275808556141474,0.0015055473629758882,0.0354092488320921,0.027505985637288094,0.012586135263891437,0.24488535474407472,0.014668416583030959,0.17054622659718202,0.007527504342790967,0.9664264507207783,0.009781128866160116
2024,imports,imports_benign_mass_injection,random,ratio,0.1,11,density_restricted,low_density,120000,32116,87884,129,0.9339529458220097,0.09608917673433802,0.0035807697098019678,0.06854707476984981,0.06021949726141413,0.015885112194140658,0.38387297633872974,0.029887920298879204,0.3030821917808219,0.017590286425902865,0.9145387047608965,0.019414241061113224
2024,imports,imports_benign_mass_injection,random,ratio,0.1,12,pooled,all,480000,240000,240000,129,0.8831050994618055,0.057625,0.0572875,0.07250259733459985,-0.07192015365660766,-0.02841959292083878,0.34791666666666665,0.34458333333333335,0.1785,0.1768125,0.9291685660069444,-0.04606346654513893
2024,imports,imports_benign_mass_injection,random,ratio,0.1,12,density_restricted,high_density,172296,78363,93933,129,0.673854444121196,0.010515166596480482,0.010515166596480482,0.05691708457313033,-0.05691708457313033,0.011450774429144333,0.09761388286334056,0.09761388286334056,0.04881005550947489,0.04881005550947489,0.8389786808970672,-0.16512423677587118
2024,imports,imports_benign_mass_injection,random,ratio,0.1,12,density_restricted,mid_density,187704,129521,58183,129,0.9463784890089304,0.0706989600142062,0.07053682414434725,0.07594335872967983,-0.07569001144264537,-0.049571915128138105,0.40724156566046477,0.4056203196170771,0.3468442385639838,0.34603358425014474,0.9664264507207783,-0.02004796171184786
2024,imports,imports_benign_mass_injection,random,ratio,0.1,12,density_restricted,low_density,120000,32116,87884,129,0.8926972678205518,0.11984680533067629,0.11797857765599701,0.0966549413336932,-0.09332411904093783,-0.04039778671941617,0.39103362391033625,0.3742216687422167,0.35336239103362393,0.3443337484433375,0.9145387047608965,-0.021841436940344683
2024,imports,imports_benign_mass_injection,random,ratio,0.1,13,pooled,all,480000,240000,240000,129,0.9572554789583332,0.03315,0.0082625,0.0375437635496914,0.007540180814704936,-0.011366227032457562,0.25175,0.07675,0.1271875,0.0385,0.9291685660069444,0.028086912951388765
2024,imports,imports_benign_mass_injection,random,ratio,0.1,13,density_restricted,high_density,172296,78363,93933,129,0.9811954848506741,0.010578972219031941,0.009660171254290929,0.025648158869996038,0.005309699028101392,-0.021570928725961468,0.10463187444175066,0.0965930840882991,0.052319275186626685,0.048299623556434634,0.8389786808970672,0.14221680395360692
2024,imports,imports_benign_mass_injection,random,ratio,0.1,13,density_restricted,mid_density,187704,129521,58183,129,0.9710469210037933,0.031006554921595725,0.006192046077470063,0.03851271856229889,0.0021482705295210844,-0.008137313119025888,0.23562109163900255,0.05435034354975681,0.140822235089751,0.02798687512063308,0.9664264507207783,0.0046204702830150435
2024,imports,imports_benign_mass_injection,random,ratio,0.1,13,density_restricted,low_density,120000,32116,87884,129,0.9294355331183937,0.09686760493212106,0.0132021422344003,0.06266131390860998,0.03472765298717071,0.0005113069016084002,0.4041095890410959,0.09620174346201743,0.33655043586550437,0.05930884184308842,0.9145387047608965,0.014896828357497172
2024,imports,imports_benign_mass_injection,random,ratio,0.1,14,pooled,all,480000,240000,240000,129,0.9110651493749999,0.009683333333333334,0.007233333333333333,0.01143348685601595,-0.00753386623898774,-0.004664381669986429,0.09629166666666666,0.07233333333333333,0.04816666666666667,0.036166666666666666,0.9291685660069444,-0.01810341663194448
2024,imports,imports_benign_mass_injection,random,ratio,0.1,14,density_restricted,high_density,172296,78363,93933,129,0.7080726896611343,0.0008039508441483864,0.0,0.007455571326525042,-0.006444645093330753,0.001157588883321864,0.008038790353451576,0.0,0.00401965163019205,0.0,0.8389786808970672,-0.13090599123593283
2024,imports,imports_benign_mass_injection,random,ratio,0.1,14,density_restricted,mid_density,187704,129521,58183,129,0.9650448125099031,0.0113803939129562,0.009843963527150038,0.012022942478264983,-0.008800225131743932,-0.008122258686800724,0.1136416274222188,0.09843279549139196,0.05682300714147848,0.04921829762594094,0.9664264507207783,-0.0013816382108751135
2024,imports,imports_benign_mass_injection,random,ratio,0.1,14,density_restricted,low_density,120000,32116,87884,129,0.9150292619134796,0.02450491966620999,0.014354215967119194,0.018762373173993874,-0.005084450573538849,-0.004924669046188121,0.2026774595267746,0.12702366127023662,0.11457036114570361,0.06724782067247821,0.9145387047608965,0.0004905571525830599
2024,imports,imports_benign_mass_injection,random,ratio,0.1,15,pooled,all,480000,240000,240000,129,0.9078342609722223,0.023020833333333334,0.021791666666666668,0.018662156393542323,-0.0165137247521907,-0.009525331641057667,0.08304166666666667,0.07166666666666667,0.041666666666666664,0.035958333333333335,0.9291685660069444,-0.021334305034722112
2024,imports,imports_benign_mass_injection,random,ratio,0.1,15,density_restricted,high_density,172296,78363,93933,129,0.7075493934174315,0.0,0.0,0.0048434869551978255,-0.004687133944804767,0.0009620203641434785,0.0,0.0,0.0,0.0,0.8389786808970672,-0.13142928747963567
2024,imports,imports_benign_mass_injection,random,ratio,0.1,15,density_restricted,mid_density,187704,129521,58183,129,0.9596344448116999,0.03783942372279399,0.037275808556141474,0.027829604338269524,-0.026390362349650774,-0.017296223967329112,0.11557168223577549,0.11063074191307033,0.062343176992858525,0.05952518818760857,0.9664264507207783,-0.006792005909078358
2024,imports,imports_benign_mass_injection,random,ratio,0.1,15,density_restricted,low_density,120000,32116,87884,129,0.9143975481748807,0.019429567816664592,0.012517125420351227,0.015408182298012892,-0.005538981857015634,-0.0037751329921777706,0.1444582814445828,0.08904109589041095,0.08001245330012453,0.04872353673723537,0.9145387047608965,-0.00014115658601576708
2024,imports,imports_benign_mass_injection,random,ratio,0.1,16,pooled,all,480000,240000,240000,129,0.8961853403906249,0.0372875,0.0362125,0.054470981902623276,-0.05323251823605089,-0.02397034391250552,0.28175,0.271125,0.141875,0.13654166666666667,0.9291685660069444,-0.0329832256163195
2024,imports,imports_benign_mass_injection,random,ratio,0.1,16,density_restricted,high_density,172296,78363,93933,129,0.6960522474691547,0.011217028444546534,0.010413077600398148,0.04304370592429356,-0.042991085806383694,0.015599214131330872,0.10463187444175066,0.0965930840882991,0.052319275186626685,0.048299623556434634,0.8389786808970672,-0.14292643342791245
2024,imports,imports_benign_mass_injection,random,ratio,0.1,16,density_restricted,mid_density,187704,129521,58183,129,0.9533790194151471,0.044224488692953264,0.04362999050347048,0.05931600030442608,-0.05840866505022039,-0.04625689683599293,0.3260248591059986,0.3202346946653285,0.1777649102489867,0.1747925110982436,0.9664264507207783,-0.01304743130563113
2024,imports,imports_benign_mass_injection,random,ratio,0.1,16,density_restricted,low_density,120000,32116,87884,129,0.9042945344075792,0.07292315356831486,0.06924897247477893,0.06281398847473527,-0.05734665629707843,-0.03064031077594234,0.33499377334993774,0.3013698630136986,0.2612079701120797,0.24408468244084683,0.9145387047608965,-0.010244170353317261
2024,imports,imports_benign_mass_injection,random,ratio,0.1,17,pooled,all,480000,240000,240000,129,0.899667659140625,0.0349625,0.03005,0.06029951171540496,-0.05578844760342343,-0.04438680338538846,0.24175,0.19341666666666665,0.12191666666666667,0.09775,0.9291685660069444,-0.029500906866319454
2024,imports,imports_benign_mass_injection,random,ratio,0.1,17,density_restricted,high_density,172296,78363,93933,129,0.6772892546439945,0.012072023786736087,0.0018503630539923178,0.043421576017963995,-0.04045372525776859,-0.02963106145434217,0.11943345667985199,0.01850197779762664,0.059720538505710456,0.009251579148854718,0.8389786808970672,-0.1616894262530727
2024,imports,imports_benign_mass_injection,random,ratio,0.1,17,density_restricted,mid_density,187704,129521,58183,129,0.9540451910002361,0.04018653345789486,0.03860377853784328,0.0681921985398862,-0.06409789215115143,-0.05491387397567353,0.2439589284335675,0.2282096811549448,0.16834587917390464,0.16043234896738082,0.9664264507207783,-0.01238125972054216
2024,imports,imports_benign_mass_injection,random,ratio,0.1,17,density_restricted,low_density,120000,32116,87884,129,0.9059900867893551,0.06974716652136007,0.06436044339270146,0.06965114282964491,-0.05969389286143411,-0.03793604659806336,0.31787048567870485,0.2836239103362391,0.2475093399750934,0.22244707347447074,0.9145387047608965,-0.008548617971541383
2024,imports,imports_benign_mass_injection,random,ratio,0.1,18,pooled,all,480000,240000,240000,129,0.947752503888889,0.1277125,0.024,0.08311004861597258,0.016751969634915816,-0.006600434770316316,0.20833333333333334,0.16225,0.5904375,0.082125,0.9291685660069444,0.018583937881944568
2024,imports,imports_benign_mass_injection,random,ratio,0.1,18,density_restricted,high_density,172296,78363,93933,129,0.9733462072760037,0.30044791547031124,0.00010208899608233478,0.1458428763498633,0.1307679698645639,0.04392303515322352,0.38892433329080006,0.0010207987750414699,0.6944426721112742,0.0005104319530402603,0.8389786808970672,0.13436752637893656
2024,imports,imports_benign_mass_injection,random,ratio,0.1,18,density_restricted,mid_density,187704,129521,58183,129,0.9599389043064357,0.033840072266273426,0.02736235822762332,0.0490539941852628,-0.03656104580022492,-0.03202397214094087,0.24635219640237782,0.19478113178414266,0.13333333333333333,0.10600270218104613,0.9664264507207783,-0.006487546414342571
2024,imports,imports_benign_mass_injection,random,ratio,0.1,18,density_restricted,low_density,120000,32116,87884,129,0.9068569530894501,0.08481753643043966,0.06875077842819778,0.06738709576409464,-0.04644023219037526,-0.02734675093165926,0.3468244084682441,0.2556039850560399,0.26650062266500624,0.2043897882938979,0.9145387047608965,-0.007681751671446357
2024,imports,imports_benign_mass_injection,random,ratio,0.1,19,pooled,all,480000,240000,240000,129,0.9013761702430556,0.027433333333333334,0.0259125,0.029558648065970108,-0.026905649363198524,-0.006227866827011959,0.099375,0.08479166666666667,0.0498125,0.042520833333333334,0.9291685660069444,-0.02779239576388881
2024,imports,imports_benign_mass_injection,random,ratio,0.1,19,density_restricted,high_density,172296,78363,93933,129,0.7048906810592426,0.009762260250373262,0.009762260250373262,0.028481620393932292,-0.028221751448705625,0.013643069220120884,0.09761388286334056,0.09761388286334056,0.04881005550947489,0.04881005550947489,0.8389786808970672,-0.1340879998378246
2024,imports,imports_benign_mass_injection,random,ratio,0.1,19,density_restricted,mid_density,187704,129521,58183,129,0.9575921744187683,0.040557129731858155,0.03912878992595795,0.03402654276024029,-0.0316388720254627,-0.018547792534830222,0.09187060912529915,0.07789701227514861,0.05049218297625941,0.04342790966994789,0.9664264507207783,-0.008834276302009947
2024,imports,imports_benign_mass_injection,random,ratio,0.1,19,density_restricted,low_density,120000,32116,87884,129,0.9153090347686488,0.017623614397807946,0.012018931373770083,0.014167968366360292,-0.004605691704532746,-0.005027750494316182,0.12733499377334995,0.07938978829389788,0.07082814445828145,0.04467621419676214,0.9145387047608965,0.0007703300077522846
2024,imports,imports_benign_mass_injection,random,ratio,0.1,20,pooled,all,480000,240000,240000,129,0.9490145682986112,0.1588125,0.039966666666666664,0.08692334914451998,-0.022781356782523878,-0.05307235749013525,0.3516666666666667,0.20225,0.6637083333333333,0.10316666666666667,0.9291685660069444,0.019846002291666776
2024,imports,imports_benign_mass_injection,random,ratio,0.1,20,density_restricted,high_density,172296,78363,93933,129,0.9951378204157388,0.3447673008945548,0.01015785511019231,0.09933345828383645,0.06010028685988931,-0.0456631170399718,0.6266428480285824,0.0,0.8133095131755248,0.0,0.8389786808970672,0.15615913951867166
2024,imports,imports_benign_mass_injection,random,ratio,0.1,20,density_restricted,mid_density,187704,129521,58183,129,0.9579408512731409,0.056353795909543626,0.0435759452135175,0.07646324802140719,-0.05963504831938943,-0.05734393537839063,0.33104300162124606,0.2250443912607118,0.26558579424821466,0.2020845396641575,0.9664264507207783,-0.008485599447637382
2024,imports,imports_benign_mass_injection,random,ratio,0.1,20,density_restricted,low_density,120000,32116,87884,129,0.9037189292533672,0.11828994893511023,0.09814422717648524,0.09882736505815909,-0.0763847712551874,-0.053923997474299934,0.40379825653798257,0.3057285180572852,0.34059775840597756,0.2644769613947696,0.9145387047608965,-0.010819775507529328
42,imports,imports_benign_mass_injection,important,ratio,0.1,0,pooled,all,480000,240000,240000,129,0.765457377439236,0.3491458333333333,0.34836666666666666,0.27329344419775364,-0.2689527336887658,-0.09943005795016846,0.421125,0.4139583333333333,0.2243125,0.2206875,0.9290305733593747,-0.16357319592013864
42,imports,imports_benign_mass_injection,important,ratio,0.1,0,density_restricted,high_density,200006,100170,99836,129,0.6141340545624704,0.2093141659179395,0.2093141659179395,0.2233322753076615,-0.21831655571679803,-0.08630953847718238,0.023260457222721374,0.023260457222721374,0.011630228611360687,0.011630228611360687,0.8707533420097969,-0.25661928744732654
42,imports,imports_benign_mass_injection,important,ratio,0.1,0,density_restricted,mid_density,159987,107035,52952,129,0.8491973143254787,0.4417994114074835,0.4410800205540244,0.32199506294078883,-0.3201667312716829,-0.12490969522035549,0.5169095665171899,0.5103699551569507,0.5371607418134255,0.5335637875461298,0.961978427939663,-0.1127811136141843
42,imports,imports_benign_mass_injection,important,ratio,0.1,0,density_restricted,low_density,120007,32795,87212,129,0.848296822094941,0.47385272145144075,0.4704985516084769,0.26694590724272294,-0.256467163210476,-0.05634633971246596,0.4402439024390244,0.41859756097560974,0.4535752401280683,0.439701173959445,0.9165652863343512,-0.06826846423941024
42,imports,imports_benign_mass_injection,random,ratio,0.1,1,pooled,all,480000,240000,240000,129,0.9501895367534721,0.019854166666666666,0.0014875,0.016297678788878372,0.006199372030746497,-0.009184403311133654,0.19791666666666666,0.014791666666666667,0.09908333333333333,0.007395833333333333,0.9290305733593747,0.021158963394097396
42,imports,imports_benign_mass_injection,random,ratio,0.1,1,density_restricted,high_density,200006,100170,99836,129,0.9692990596621989,0.020934411500449238,0.0,0.0191942048100536,0.012829190857323461,-0.016360884798744257,0.20934411500449238,0.0,0.10467205750224619,0.0,0.8707533420097969,0.09854571765240194
42,imports,imports_benign_mass_injection,random,ratio,0.1,1,density_restricted,mid_density,159987,107035,52952,129,0.9643914757731777,0.018358480870743214,0.0011491568178633158,0.012288906313246072,0.0014092999707001326,-0.0033025727945151418,0.18301569506726456,0.011304185351270554,0.09179240435371608,0.005745784089316579,0.961978427939663,0.002413047833514703
42,imports,imports_benign_mass_injection,random,ratio,0.1,1,density_restricted,low_density,120007,32795,87212,129,0.9201933145027319,0.021436194541850893,0.0071352340295776796,0.020534115757568142,0.0015827051939984757,-0.006461231447505304,0.18140243902439024,0.05731707317073171,0.10352187833511206,0.035371245616709866,0.9165652863343512,0.0036280281683807036
42,imports,imports_benign_mass_injection,random,ratio,0.1,2,pooled,all,480000,240000,240000,129,0.910421465954861,0.008883333333333333,0.0083625,0.008346811188679203,-0.006928466796933849,-0.002873989782775084,0.05516666666666667,0.050041666666666665,0.027583333333333335,0.025020833333333332,0.9290305733593747,-0.018609107404513714
42,imports,imports_benign_mass_injection,random,ratio,0.1,2,density_restricted,high_density,200006,100170,99836,129,0.7746434577984925,0.007537186782469801,0.007537186782469801,0.006262413655567529,-0.005959689386272216,-0.0009579109327154516,0.0,0.0,0.0,0.0,0.8707533420097969,-0.0961098842113044
42,imports,imports_benign_mass_injection,random,ratio,0.1,2,density_restricted,mid_density,159987,107035,52952,129,0.96002783656825,0.007586303545569206,0.007203251272948101,0.008502598230611232,-0.007284030967634936,-0.004517940511486003,0.07557922272047833,0.07174887892376682,0.03793151772784603,0.036016256364740505,0.961978427939663,-0.0019505913714130685
42,imports,imports_benign_mass_injection,random,ratio,0.1,2,density_restricted,low_density,120007,32795,87212,129,0.9146861039494202,0.01722823601158713,0.014666869949687453,0.0142050040491336,-0.008727052624498549,-0.0033610564747372723,0.1445121951219512,0.12164634146341463,0.07806067998170453,0.06571123646897394,0.9165652863343512,-0.0018791823849310108
42,imports,imports_benign_mass_injection,random,ratio,0.1,3,pooled,all,480000,240000,240000,129,0.9464358177083334,0.016075,0.0101875,0.02501147593826794,0.0041107506883390835,-0.01203042834653049,0.15808333333333333,0.09979166666666667,0.0795,0.050354166666666665,0.9290305733593747,0.017405244348958737
42,imports,imports_benign_mass_injection,random,ratio,0.1,3,density_restricted,high_density,200006,100170,99836,129,0.9701277011039643,0.008056304282719378,0.0,0.02969534041673865,0.02326871194698893,-0.022727925927353492,0.08056304282719377,0.0,0.04028152141359689,0.0,0.8707533420097969,0.09937435909416736
42,imports,imports_benign_mass_injection,random,ratio,0.1,3,density_restricted,mid_density,159987,107035,52952,129,0.9591267587247982,0.019330125659830895,0.016181622833652543,0.019672899938175382,-0.008886183780407172,-0.004483187739528754,0.18507100149476832,0.1546150971599402,0.09632363245667305,0.08058111832578128,0.961978427939663,-0.0028516692148647937
42,imports,imports_benign_mass_injection,random,ratio,0.1,3,density_restricted,low_density,120007,32795,87212,129,0.913413699774031,0.029943588961731972,0.021741119073029426,0.028128773616618193,-0.011987011117323353,-0.003988061086258807,0.22896341463414635,0.17652439024390243,0.1407226711388931,0.10367434060070133,0.9165652863343512,-0.0031515865603202187
42,imports,imports_benign_mass_injection,random,ratio,0.1,4,pooled,all,480000,240000,240000,129,0.8828033362065972,0.08800416666666666,0.08725,0.10254443437275157,-0.10108790978798209,-0.051555277170756406,0.277,0.26945833333333336,0.14114583333333333,0.137375,0.9290305733593747,-0.046227237152777434
42,imports,imports_benign_mass_injection,random,ratio,0.1,4,density_restricted,high_density,200006,100170,99836,129,0.7544400832739557,0.04598183088749126,0.04598183088749126,0.09717846834379622,-0.09651985263343002,-0.026644371149190233,0.023260457222721374,0.023260457222721374,0.011630228611360687,0.011630228611360687,0.8707533420097969,-0.1163132587358412
42,imports,imports_benign_mass_injection,random,ratio,0.1,4,density_restricted,mid_density,159987,107035,52952,129,0.9348544947368687,0.11072079226421264,0.1094782080627832,0.10686782443560572,-0.1051333792839066,-0.07637741719900816,0.32249626307922274,0.3100710014947683,0.28065586023263417,0.274442939225487,0.961978427939663,-0.02712393320279438
42,imports,imports_benign_mass_injection,random,ratio,0.1,4,density_restricted,low_density,120007,32795,87212,129,0.89236693747908,0.14221680134166795,0.14075316359201098,0.10482389044053195,-0.1018372757789929,-0.04663037088188167,0.3448170731707317,0.3307926829268293,0.3244397011739594,0.31712151242567466,0.9165652863343512,-0.024198348855271168
42,imports,imports_benign_mass_injection,random,ratio,0.1,5,pooled,all,480000,240000,240000,129,0.8931708024826388,0.04296666666666667,0.041008333333333334,0.06748263193464425,-0.06478436709460937,-0.024658528466566996,0.23945833333333333,0.2205,0.121875,0.1121875,0.9290305733593747,-0.035859770876735864
42,imports,imports_benign_mass_injection,random,ratio,0.1,5,density_restricted,high_density,200006,100170,99836,129,0.7610683066600393,0.016931216931216932,0.016931216931216932,0.07465670044684429,-0.07453268051358125,-0.004585473789470347,0.021164021164021163,0.021164021164021163,0.010582010582010581,0.010582010582010581,0.8707533420097969,-0.1096850353497576
42,imports,imports_benign_mass_injection,random,ratio,0.1,5,density_restricted,mid_density,159987,107035,52952,129,0.9491567282328752,0.049974307469519315,0.0475358527584435,0.057542441812705285,-0.05465120318101521,-0.04061392880492617,0.288957399103139,0.26597533632286996,0.21684495725697203,0.20465268370159292,0.961978427939663,-0.012821699706787815
42,imports,imports_benign_mass_injection,random,ratio,0.1,5,density_restricted,low_density,120007,32795,87212,129,0.900480541439566,0.09961884433602683,0.09324592163439549,0.07801234094012259,-0.06808104781768123,-0.033895656436943505,0.32195121951219513,0.2725609756097561,0.2814453422777862,0.2518676627534685,0.9165652863343512,-0.016084744894785175
42,imports,imports_benign_mass_injection,random,ratio,0.1,6,pooled,all,480000,240000,240000,129,0.8783153378038195,0.08782916666666667,0.08755,0.09824253561641748,-0.09679778545004664,-0.06258400453227266,0.360125,0.35733333333333334,0.191625,0.19022916666666667,0.9290305733593747,-0.05071523555555513
42,imports,imports_benign_mass_injection,random,ratio,0.1,6,density_restricted,high_density,200006,100170,99836,129,0.731811388906818,0.03639812319057602,0.03639812319057602,0.06159053300674193,-0.06095057169718143,-0.03875199372477367,0.023260457222721374,0.023260457222721374,0.011630228611360687,0.011630228611360687,0.8707533420097969,-0.13894195310297897
42,imports,imports_benign_mass_injection,random,ratio,0.1,6,density_restricted,mid_density,159987,107035,52952,129,0.9304307961675125,0.10799271266408184,0.10785257158873265,0.12174564779088047,-0.12040398421060816,-0.08584265847890271,0.4732810164424514,0.4718796711509716,0.4002429111972719,0.399542205820526,0.961978427939663,-0.031547631772150586
42,imports,imports_benign_mass_injection,random,ratio,0.1,6,density_restricted,low_density,120007,32795,87212,129,0.8857856740391166,0.17911266961427047,0.17752706205214208,0.1334849655544432,-0.12924559509443767,-0.059466532277649295,0.37926829268292683,0.36402439024390243,0.36895868272602533,0.36103064491538345,0.9165652863343512,-0.030779612295234626
42,imports,imports_benign_mass_injection,random,ratio,0.1,7,pooled,all,480000,240000,240000,129,0.896423186484375,0.07910416666666667,0.0562625,0.07225310730319333,-0.049352966091663425,-0.005272418125061549,0.28125,0.09141666666666666,0.14275,0.04635416666666667,0.9290305733593747,-0.032607386874999644
42,imports,imports_benign_mass_injection,random,ratio,0.1,7,density_restricted,high_density,200006,100170,99836,129,0.747131745298588,0.0907058001397624,0.09021663172606569,0.09571293740450396,-0.08900485650635265,0.019092524098434472,0.02605570530098832,0.021164021164021163,0.01302785265049416,0.010582010582010581,0.8707533420097969,-0.12362159671120898
42,imports,imports_benign_mass_injection,random,ratio,0.1,7,density_restricted,mid_density,159987,107035,52952,129,0.9577852935333055,0.06552062409492222,0.03063483907133181,0.054131337240013754,-0.027043098541620795,-0.026495552101330044,0.3771487294469357,0.1047272047832586,0.27182697248563553,0.09819218012799552,0.961978427939663,-0.0041931344063574905
42,imports,imports_benign_mass_injection,random,ratio,0.1,7,density_restricted,low_density,120007,32795,87212,129,0.9197612862791646,0.08800121969812472,0.0361945418508919,0.059741824408366055,-0.0010531280181580417,-0.010426195145268857,0.400609756097561,0.1329268292682927,0.299588351882909,0.10032017075773746,0.9165652863343512,0.0031959999448134546
42,imports,imports_benign_mass_injection,random,ratio,0.1,8,pooled,all,480000,240000,240000,129,0.9011626914930556,0.022125,0.0210375,0.04075803079236989,-0.038696826484338094,-0.00988103803428798,0.12520833333333334,0.11433333333333333,0.06322916666666667,0.057791666666666665,0.9290305733593747,-0.027867881866319055
42,imports,imports_benign_mass_injection,random,ratio,0.1,8,density_restricted,high_density,200006,100170,99836,129,0.7657023440374929,0.01645203154637117,0.01645203154637117,0.05520289082723655,-0.05500040345827616,0.004331529378773288,0.01637216731556354,0.01637216731556354,0.00818608365778177,0.00818608365778177,0.8707533420097969,-0.105050997972304
42,imports,imports_benign_mass_injection,random,ratio,0.1,8,density_restricted,mid_density,159987,107035,52952,129,0.9555269197864653,0.023515672443593216,0.022469285747652636,0.030513212814226042,-0.028397072514759755,-0.02190217149048574,0.17002989536621824,0.15956651718983558,0.11370112579997198,0.10846919232026907,0.961978427939663,-0.006451508153197727
42,imports,imports_benign_mass_injection,random,ratio,0.1,8,density_restricted,low_density,120007,32795,87212,129,0.9121544305483333,0.034913858819942065,0.030370483305381918,0.03007385523506037,-0.02251462982797106,-0.014058225358033053,0.21128048780487804,0.16890243902439026,0.13553895410885805,0.1129745388016466,0.9165652863343512,-0.004410855786017853
42,imports,imports_benign_mass_injection,random,ratio,0.1,9,pooled,all,480000,240000,240000,129,0.9230444311458333,0.07412083333333333,0.0723125,0.08483137064113576,-0.07980086087653178,-0.060437165122872435,0.270375,0.252875,0.1384375,0.12964583333333332,0.9290305733593747,-0.005986142213541323
42,imports,imports_benign_mass_injection,random,ratio,0.1,9,density_restricted,high_density,200006,100170,99836,129,0.9518855532237291,0.029140461215932913,0.029140461215932913,0.05336655805269112,-0.048770177285305506,-0.046485850111504544,0.01637216731556354,0.01637216731556354,0.00818608365778177,0.00818608365778177,0.8707533420097969,0.08113221121393221
42,imports,imports_benign_mass_injection,random,ratio,0.1,9,density_restricted,mid_density,159987,107035,52952,129,0.936223076665369,0.09165226327836688,0.08901761106180221,0.1062983720253399,-0.10276838842294077,-0.07577236461668202,0.32613976083707025,0.2997944693572496,0.29140000934273835,0.278226748259915,0.961978427939663,-0.02575535127429407
42,imports,imports_benign_mass_injection,random,ratio,0.1,9,density_restricted,low_density,120007,32795,87212,129,0.8978488509951238,0.15429181277633786,0.14965695990242414,0.11087527318195618,-0.0996213903597837,-0.05300006028581842,0.33658536585365856,0.2966463414634146,0.304162219850587,0.28312242719926817,0.9165652863343512,-0.0187164353392274
42,imports,imports_benign_mass_injection,random,ratio,0.1,10,pooled,all,480000,240000,240000,129,0.9475441713541665,0.018591666666666666,0.0041916666666666665,0.013891409905262036,0.00286984606717629,-0.00838867130573028,0.176125,0.032875,0.0881875,0.0165625,0.9290305733593747,0.018513597994791797
42,imports,imports_benign_mass_injection,random,ratio,0.1,10,density_restricted,high_density,200006,100170,99836,129,0.9687971100297411,0.020934411500449238,0.0,0.01702937177871515,0.011341070608743724,-0.015863228174510406,0.20934411500449238,0.0,0.10467205750224619,0.0,0.8707533420097969,0.09804376801994419
42,imports,imports_benign_mass_injection,random,ratio,0.1,10,density_restricted,mid_density,159987,107035,52952,129,0.9618362176891349,0.01439715980753959,0.003998692016630074,0.009169575931452944,-0.0023978863228312436,-0.0027115204744411502,0.13910687593423018,0.035127055306427506,0.07198579903769795,0.019993460083150373,0.961978427939663,-0.00014221025052818526
42,imports,imports_benign_mass_injection,random,ratio,0.1,10,density_restricted,low_density,120007,32795,87212,129,0.9162601090163588,0.025125781369111144,0.017624637902119225,0.019717659593411378,-0.005812295294749418,-0.0040870240327108166,0.16402439024390245,0.09847560975609757,0.09300198200945266,0.058545509986278395,0.9165652863343512,-0.0003051773179924
42,imports,imports_benign_mass_injection,random,ratio,0.1,11,pooled,all,480000,240000,240000,129,0.8915002841059028,0.054966666666666664,0.054191666666666666,0.06152093002680076,-0.059233385892058205,-0.025287759188179406,0.26358333333333334,0.25583333333333336,0.13460416666666666,0.13072916666666667,0.9290305733593747,-0.037530289253471905
42,imports,imports_benign_mass_injection,random,ratio,0.1,11,density_restricted,high_density,200006,100170,99836,129,0.765685488901809,0.028821004292702405,0.028821004292702405,0.05307102805194932,-0.050575071446502105,-0.009268350862956775,0.01637216731556354,0.01637216731556354,0.00818608365778177,0.00818608365778177,0.8707533420097969,-0.10506785310798794
42,imports,imports_benign_mass_injection,random,ratio,0.1,11,density_restricted,mid_density,159987,107035,52952,129,0.9445572318169178,0.06534311206614658,0.06433409632363246,0.06262251814808577,-0.061034495033129146,-0.03707696031431251,0.31754484304932734,0.30745515695067266,0.28046900546550196,0.27542392675293126,0.961978427939663,-0.017421196122745286
42,imports,imports_benign_mass_injection,random,ratio,0.1,11,density_restricted,low_density,120007,32795,87212,129,0.8973882734203993,0.10096051227321239,0.09858210093001982,0.0837352369717353,-0.07980120541018075,-0.03574078524098913,0.33902439024390246,0.3204268292682927,0.30705900289678306,0.29516694618082023,0.9165652863343512,-0.019177012913951907
42,imports,imports_benign_mass_injection,random,ratio,0.1,12,pooled,all,480000,240000,240000,129,0.9468200021006944,0.0124375,0.0096,0.021738029416876962,0.0008023138500785057,-0.01477739986756862,0.11166666666666666,0.0835,0.05589583333333333,0.0418125,0.9290305733593747,0.017789428741319724
42,imports,imports_benign_mass_injection,random,ratio,0.1,12,density_restricted,high_density,200006,100170,99836,129,0.9703405901741549,0.0004791853848457622,0.0004791853848457622,0.027178801030100196,0.01697057931266993,-0.025198831662362337,0.004791853848457622,0.004791853848457622,0.002395926924228811,0.002395926924228811,0.8707533420097969,0.09958724816435793
42,imports,imports_benign_mass_injection,random,ratio,0.1,12,density_restricted,mid_density,159987,107035,52952,129,0.9598271955630985,0.01745223525015182,0.013089176437613865,0.014963961000385531,-0.009511313659023843,-0.006837301020208405,0.16302316890881913,0.11995515695067265,0.0872611762507591,0.06544588218806932,0.961978427939663,-0.0021512323765645602
42,imports,imports_benign_mass_injection,random,ratio,0.1,12,density_restricted,low_density,120007,32795,87212,129,0.9144900385807221,0.032596432382985215,0.0260710474157646,0.027228510296968125,-0.014921303498633577,-0.008860450858351182,0.21859756097560976,0.16097560975609757,0.12852568989175178,0.09711846318036287,0.9165652863343512,-0.002075247753629106
42,imports,imports_benign_mass_injection,random,ratio,0.1,13,pooled,all,480000,240000,240000,129,0.9490138345659722,0.11829583333333334,0.015766666666666665,0.054455866925435685,0.01343468637427326,-0.010463056221651284,0.20416666666666666,0.13608333333333333,0.5800833333333333,0.06841666666666667,0.9290305733593747,0.019983261206597547
42,imports,imports_benign_mass_injection,random,ratio,0.1,13,density_restricted,high_density,200006,100170,99836,129,0.9711697470364326,0.23494060097833683,0.0,0.07970795757410304,0.06477773196283541,5.704831754294918e-05,0.652890086852351,0.0,0.8264450434261755,0.0,0.8707533420097969,0.10041640502663562
42,imports,imports_benign_mass_injection,random,ratio,0.1,13,density_restricted,mid_density,159987,107035,52952,129,0.9583753457203119,0.028682206754799832,0.02167515298734059,0.03334520041040705,-0.021345519452975595,-0.018041665959431432,0.24000373692077728,0.17853139013452915,0.14228990517120568,0.10725463633390947,0.961978427939663,-0.003603082219351128
42,imports,imports_benign_mass_injection,random,ratio,0.1,13,density_restricted,low_density,120007,32795,87212,129,0.9122192478145497,0.054490013721603905,0.04464095136453728,0.04622529123277158,-0.02987476768539101,-0.01786120772059284,0.3067073170731707,0.24115853658536585,0.2259490776032932,0.1814300960512273,0.9165652863343512,-0.004346038519801532
42,imports,imports_benign_mass_injection,random,ratio,0.1,14,pooled,all,480000,240000,240000,129,0.8743479448697917,0.13889583333333333,0.13407083333333333,0.12669088429370168,-0.1226871539596092,-0.07884686374781855,0.37033333333333335,0.32254166666666667,0.19666666666666666,0.17270833333333332,0.9290305733593747,-0.05468262848958294
42,imports,imports_benign_mass_injection,random,ratio,0.1,14,density_restricted,high_density,200006,100170,99836,129,0.7426493044479938,0.0642607567135869,0.06418089248277928,0.08830056606810445,-0.08440674542198227,-0.05441341521732177,0.023260457222721374,0.023260457222721374,0.011630228611360687,0.011630228611360687,0.8707533420097969,-0.1281040375618031
42,imports,imports_benign_mass_injection,random,ratio,0.1,14,density_restricted,mid_density,159987,107035,52952,129,0.9191083960941087,0.19277806325033867,0.18291213154575606,0.15957930951056706,-0.1558590868813492,-0.1055849285988988,0.5171898355754858,0.41918908819133033,0.4049142803755781,0.35558462185266504,0.961978427939663,-0.04287003184555438
42,imports,imports_benign_mass_injection,random,ratio,0.1,14,density_restricted,low_density,120007,32795,87212,129,0.8870776401727881,0.19100472633023327,0.18813843573715505,0.13661146924783765,-0.13134672654493162,-0.06621047917591702,0.37134146341463414,0.34573170731707314,0.3581338618691874,0.3442597957005641,0.9165652863343512,-0.029487646161563075
42,imports,imports_benign_mass_injection,random,ratio,0.1,15,pooled,all,480000,240000,240000,129,0.9018551790017363,0.0340125,0.0326875,0.06170605441180602,-0.059044870139432534,-0.041889558479823744,0.18354166666666666,0.17066666666666666,0.09272916666666667,0.08629166666666667,0.9290305733593747,-0.027175394357638383
42,imports,imports_benign_mass_injection,random,ratio,0.1,15,density_restricted,high_density,200006,100170,99836,129,0.7726416384765796,0.014175900968353798,0.014096036737546171,0.056968270556340725,-0.05504872296811906,-0.030728830478275477,0.028052311071178997,0.028052311071178997,0.014026155535589498,0.014026155535589498,0.8707533420097969,-0.0981117035332173
42,imports,imports_benign_mass_injection,random,ratio,0.1,15,density_restricted,mid_density,159987,107035,52952,129,0.9481669451891437,0.04208903629653851,0.039828093614238336,0.06641032074512537,-0.06366227415916148,-0.054389102901280524,0.22449551569506726,0.20216741405082211,0.1633110664735834,0.1520063530620825,0.961978427939663,-0.013811482750519355
42,imports,imports_benign_mass_injection,random,ratio,0.1,15,density_restricted,low_density,120007,32795,87212,129,0.9064934158265398,0.06824211007775575,0.06616862326574173,0.060823683983848194,-0.056180720814803194,-0.035183700475995845,0.2304878048780488,0.21402439024390243,0.20826345479493824,0.19820094526604665,0.9165652863343512,-0.010071870507811442
42,imports,imports_benign_mass_injection,random,ratio,0.1,16,pooled,all,480000,240000,240000,129,0.9476973694791666,0.011083333333333334,0.006654166666666667,0.025090321329059858,-0.0004069013135962115,-0.01628488007257146,0.10733333333333334,0.06579166666666666,0.05389583333333333,0.03289583333333333,0.9290305733593747,0.01866679611979194
42,imports,imports_benign_mass_injection,random,ratio,0.1,16,density_restricted,high_density,200006,100170,99836,129,0.9695251209787784,0.0004791853848457622,0.0004791853848457622,0.029377319284226863,0.0129857635621653,-0.025209093783986346,0.004791853848457622,0.004791853848457622,0.002395926924228811,0.002395926924228811,0.8707533420097969,0.09877177896898148
42,imports,imports_benign_mass_injection,random,ratio,0.1,16,density_restricted,mid_density,159987,107035,52952,129,0.9605601275823685,0.01351894240201803,0.008782174055215584,0.020133978839878795,-0.011460023866980584,-0.010949428762122872,0.12303811659192825,0.08090433482810165,0.06759471201009015,0.043910870276077915,0.961978427939663,-0.0014183003572945108
42,imports,imports_benign_mass_injection,random,ratio,0.1,16,density_restricted,low_density,120007,32795,87212,129,0.9169349548830081,0.03552370788229913,0.018569903948772677,0.028172301300409663,-0.005239109519223104,-0.006440133725306243,0.2426829268292683,0.1225609756097561,0.16862326574172892,0.09071504802561366,0.9165652863343512,0.0003696685486569429
42,imports,imports_benign_mass_injection,random,ratio,0.1,17,pooled,all,480000,240000,240000,129,0.8910106093402779,0.0452375,0.04500833333333333,0.05455546358056914,-0.053849419415086426,-0.02445671778381295,0.24120833333333333,0.23891666666666667,0.12404166666666666,0.12289583333333333,0.9290305733593747,-0.0380199640190968
42,imports,imports_benign_mass_injection,random,ratio,0.1,17,density_restricted,high_density,200006,100170,99836,129,0.7723662259834791,0.0035938903863432167,0.0035938903863432167,0.03383345961101933,-0.03379868933032331,-0.007618992116918947,0.027453329340121794,0.027453329340121794,0.013726664670060897,0.013726664670060897,0.8707533420097969,-0.09838711602631778
42,imports,imports_benign_mass_injection,random,ratio,0.1,17,density_restricted,mid_density,159987,107035,52952,129,0.9402258774790131,0.07656374083243798,0.07633017237352267,0.0723035954657182,-0.07164072609351166,-0.040135809759206616,0.2982062780269058,0.29587070254110615,0.21002475825664502,0.20885691596206848,0.961978427939663,-0.021752550460649944
42,imports,imports_benign_mass_injection,random,ratio,0.1,17,density_restricted,low_density,120007,32795,87212,129,0.9022221581494865,0.07019362707729837,0.06927885348376277,0.05992371609780873,-0.0570264013411567,-0.02471356701285745,0.32134146341463415,0.3128048780487805,0.2738222289983229,0.2692483610306449,0.9165652863343512,-0.014343128184864717
42,imports,imports_benign_mass_injection,random,ratio,0.1,18,pooled,all,480000,240000,240000,129,0.8685313578906251,0.11415833333333333,0.11332916666666666,0.11038054520837776,-0.10872875042006569,-0.04190393531935734,0.24170833333333333,0.23341666666666666,0.12272916666666667,0.11858333333333333,0.9290305733593747,-0.06049921546874959
42,imports,imports_benign_mass_injection,random,ratio,0.1,18,density_restricted,high_density,200006,100170,99836,129,0.6917086451649928,0.1177298592392932,0.1177298592392932,0.11782061835202222,-0.11667902364903661,-0.003094881440039823,0.023260457222721374,0.023260457222721374,0.011630228611360687,0.011630228611360687,0.8707533420097969,-0.17904469684480417
42,imports,imports_benign_mass_injection,random,ratio,0.1,18,density_restricted,mid_density,159987,107035,52952,129,0.934886553322317,0.10781520063530621,0.10656327369552016,0.10715929556663058,-0.1053720928763733,-0.0764019629147051,0.2875560538116592,0.27522421524663676,0.26229737936189096,0.2560377446629607,0.961978427939663,-0.02709187461734608
42,imports,imports_benign_mass_injection,random,ratio,0.1,18,density_restricted,low_density,120007,32795,87212,129,0.8944709156953039,0.1239518219240738,0.12196981247141332,0.09816875464901031,-0.09540052876563976,-0.04785016320236358,0.3100609756097561,0.29115853658536583,0.28784875743253546,0.2779387101692331,0.9165652863343512,-0.02209437063904729
42,imports,imports_benign_mass_injection,random,ratio,0.1,19,pooled,all,480000,240000,240000,129,0.9525705815538194,0.123075,0.009525,0.03236757116634467,0.018532484950528876,-0.011697781034513452,0.26779166666666665,0.09525,0.6117083333333333,0.047625,0.9290305733593747,0.023540008194444684
42,imports,imports_benign_mass_injection,random,ratio,0.1,19,density_restricted,high_density,200006,100170,99836,129,0.9707934431655295,0.2431466506938205,0.0,0.04277648741194264,0.03811115135552661,-0.02797446959215962,0.7357492263152641,0.0,0.867874613157632,0.0,0.8707533420097969,0.10004010115573259
42,imports,imports_benign_mass_injection,random,ratio,0.1,19,density_restricted,mid_density,159987,107035,52952,129,0.9641100766825118,0.03683841734012239,0.0172093240528799,0.02224786781103973,0.003461136847564735,-0.0002592983430822985,0.3454783258594918,0.1712443946188341,0.18381837716634747,0.08604662026439949,0.961978427939663,0.0021316487428487685
42,imports,imports_benign_mass_injection,random,ratio,0.1,19,density_restricted,low_density,120007,32795,87212,129,0.9208538511672495,0.03778014941302028,0.013538649184326878,0.033602555411306245,0.00792009679416797,0.000685749928806654,0.25182926829268293,0.1225609756097561,0.16633633175788992,0.06693093459368807,0.9165652863343512,0.004288564832898301
42,imports,imports_benign_mass_injection,random,ratio,0.1,20,pooled,all,480000,240000,240000,129,0.8634736628124999,0.15982916666666666,0.15866666666666668,0.1269748971628835,-0.12459009824495823,-0.0468421578131006,0.3305,0.3192083333333333,0.16747916666666668,0.1618125,0.9290305733593747,-0.06555691054687474
42,imports,imports_benign_mass_injection,random,ratio,0.1,20,density_restricted,high_density,200006,100170,99836,129,0.7341717682647944,0.1280722771288809,0.1280722771288809,0.12206975833698178,-0.1213420892651194,-0.011234878929584692,0.023260457222721374,0.023260457222721374,0.011630228611360687,0.011630228611360687,0.8707533420097969,-0.13658157374500257
42,imports,imports_benign_mass_injection,random,ratio,0.1,20,density_restricted,mid_density,159987,107035,52952,129,0.9243179727777955,0.18109029756621667,0.1803615639744009,0.13128952050062664,-0.12945320487629516,-0.07886275736336261,0.42713004484304934,0.4198430493273543,0.37469052179193724,0.3710468538328584,0.961978427939663,-0.037660455161867556
42,imports,imports_benign_mass_injection,random,ratio,0.1,20,density_restricted,low_density,120007,32795,87212,129,0.8895832929649458,0.18743710931544444,0.18130812623875592,0.12787540172867792,-0.11863889962398907,-0.05109452106662989,0.35121951219512193,0.30853658536585366,0.3319103521878335,0.30431468211617624,0.9165652863343512,-0.026981993369405433
77,imports,imports_benign_mass_injection,important,ratio,0.1,0,pooled,all,480000,240000,240000,129,0.9036653472743055,0.263075,0.2602583333333333,0.19537349438148016,-0.18171517305768156,-0.11611638301407916,0.4277916666666667,0.40491666666666665,0.2364375,0.2245625,0.9294109595052082,-0.02574561223090277
77,imports,imports_benign_mass_injection,important,ratio,0.1,0,density_restricted,high_density,171506,75336,96170,129,0.9668405792991904,0.10543432090899438,0.10543432090899438,0.09869678612945443,-0.08361147470411906,-0.0723495642092398,0.09968144411998939,0.09968144411998939,0.049840722059994694,0.049840722059994694,0.824588932635828,0.14225164666336243
77,imports,imports_benign_mass_injection,important,ratio,0.1,0,density_restricted,mid_density,188494,132521,55973,129,0.904132172648997,0.32771409814293584,0.3254427600153938,0.2450172371130905,-0.2344612681231114,-0.14649585261502632,0.46895042631856937,0.4485776805251641,0.3886813808715337,0.37732503301263914,0.9650900737895253,-0.06095790114052824
77,imports,imports_benign_mass_injection,important,ratio,0.1,0,density_restricted,low_density,120000,32143,87857,129,0.88151795786723,0.3660517064368603,0.35438509162181503,0.21728800336753817,-0.19418367179762971,-0.09344579752094734,0.48304821150855365,0.4146189735614308,0.44657022865142326,0.404573028464769,0.9182755697990681,-0.03675761193183813
77,imports,imports_benign_mass_injection,random,ratio,0.1,1,pooled,all,480000,240000,240000,129,0.899410637612847,0.016308333333333334,0.014320833333333333,0.04406354381058868,-0.040954721451841265,-0.00700626431753313,0.12,0.10020833333333333,0.06441666666666666,0.05447916666666667,0.9294109595052082,-0.030000321892361237
77,imports,imports_benign_mass_injection,random,ratio,0.1,1,density_restricted,high_density,171506,75336,96170,129,0.6825227410165061,0.009968673675268132,0.009968673675268132,0.06461198959849866,-0.06314486004473223,0.03616490619797894,0.09968144411998939,0.09968144411998939,0.049840722059994694,0.049840722059994694,0.824588932635828,-0.14206619161932188
77,imports,imports_benign_mass_injection,random,ratio,0.1,1,density_restricted,mid_density,188494,132521,55973,129,0.9588745956904914,0.014548637574422167,0.012828155537612906,0.03592290259138416,-0.03335877120504931,-0.02971852030081853,0.08533916849015317,0.06813551648683316,0.07206187511790228,0.06345972458026787,0.9650900737895253,-0.006215478099033889
77,imports,imports_benign_mass_injection,random,ratio,0.1,1,density_restricted,low_density,120000,32143,87857,129,0.9155412328515609,0.03842205145754908,0.03067541922035902,0.029465286122514093,-0.02026302004317012,-0.014550439621507682,0.2093312597200622,0.14183514774494557,0.1410794835899829,0.1029709130502411,0.9182755697990681,-0.002734336947507243
77,imports,imports_benign_mass_injection,random,ratio,0.1,2,pooled,all,480000,240000,240000,129,0.9569694253559028,0.10906666666666667,0.0015166666666666666,0.04650573025522068,0.04175939107077068,0.0061873671681926005,0.09991666666666667,0.014916666666666667,0.46008333333333334,0.0075,0.9294109595052082,0.027558465850694547
77,imports,imports_benign_mass_injection,random,ratio,0.1,2,density_restricted,high_density,171506,75336,96170,129,0.9722544605656933,0.3189842837421684,0.0,0.09973460902100702,0.09805130334536849,-0.003561604044291455,0.6279532784709317,0.0,0.8139766392354659,0.0,0.824588932635828,0.14766552792986531
77,imports,imports_benign_mass_injection,random,ratio,0.1,2,density_restricted,mid_density,188494,132521,55973,129,0.9691011190455151,0.008504312524052792,0.0013733672399091465,0.02095102818325835,0.015785286149177572,0.01186354165531759,0.07583188711989738,0.013581830528936845,0.04202980569703829,0.006866628937936239,0.9650900737895253,0.004011045255989831
77,imports,imports_benign_mass_injection,random,ratio,0.1,2,density_restricted,low_density,120000,32143,87857,129,0.9244291436679921,0.03167097035124288,0.005662197056901969,0.027107536638546505,0.01691127033516222,0.005634717323915722,0.20217729393468117,0.04758942457231726,0.1284803235339866,0.027687043086016487,0.9182755697990681,0.006153573868924012
77,imports,imports_benign_mass_injection,random,ratio,0.1,3,pooled,all,480000,240000,240000,129,0.9013230883593748,0.034675,0.031133333333333332,0.04295845390037115,-0.0386129539540223,-0.02466528973384098,0.14975,0.11541666666666667,0.0764375,0.058916666666666666,0.9294109595052082,-0.028087871145833443
77,imports,imports_benign_mass_injection,random,ratio,0.1,3,density_restricted,high_density,171506,75336,96170,129,0.6864805952166777,0.0,0.0,0.019437451949158812,-0.018444427756515804,-0.002538003057833404,0.0,0.0,0.0,0.0,0.824588932635828,-0.1381083374191503
77,imports,imports_benign_mass_injection,random,ratio,0.1,3,density_restricted,mid_density,188494,132521,55973,129,0.9528907950179671,0.05009772036130123,0.04553995215852582,0.05675699268069071,-0.052339149934822034,-0.038087285931888475,0.16086923715385196,0.11529465026786388,0.09058668175815884,0.0677985285795133,0.9650900737895253,-0.01219927877155813
77,imports,imports_benign_mass_injection,random,ratio,0.1,3,density_restricted,low_density,120000,32143,87857,129,0.9146609031917791,0.052359767289923156,0.04470646797125346,0.04119701424911917,-0.02929232028708982,-0.02118972462984492,0.2914463452566096,0.23390357698289269,0.21263026909317156,0.17981023487323067,0.9182755697990681,-0.003614666607289041
77,imports,imports_benign_mass_injection,random,ratio,0.1,4,pooled,all,480000,240000,240000,129,0.9098344327517361,0.009979166666666667,0.0081125,0.019341335249763218,-0.01534865462759807,-0.012529064132563602,0.09791666666666667,0.0795,0.049625,0.04033333333333333,0.9294109595052082,-0.0195765267534721
77,imports,imports_benign_mass_injection,random,ratio,0.1,4,density_restricted,high_density,171506,75336,96170,129,0.6926949973901676,0.0,0.0,0.007895316174318795,-0.006481441595460729,-0.005548693278121566,0.0,0.0,0.0,0.0,0.824588932635828,-0.1318939352456604
77,imports,imports_benign_mass_injection,random,ratio,0.1,4,density_restricted,mid_density,188494,132521,55973,129,0.9612286829782797,0.009009892771711653,0.007591249688728579,0.02340619693139601,-0.019848751718066646,-0.01620559189913576,0.08835735305213914,0.0741718856108051,0.04504810413129598,0.03795510281079042,0.9650900737895253,-0.003861390811245591
77,imports,imports_benign_mass_injection,random,ratio,0.1,4,density_restricted,low_density,120000,32143,87857,129,0.917015460844714,0.037364278380984974,0.02927542544255359,0.029409398534335975,-0.0175781601019817,-0.013731692466457019,0.287402799377916,0.22021772939346812,0.17763260227095973,0.13921294135946494,0.9182755697990681,-0.0012601089543541333
77,imports,imports_benign_mass_injection,random,ratio,0.1,5,pooled,all,480000,240000,240000,129,0.9546304860156248,0.11472916666666666,0.005795833333333333,0.0548878029337166,0.03373659963288175,0.0013432654514168672,0.14083333333333334,0.0515,0.480375,0.026270833333333334,0.9294109595052082,0.02521952651041659
77,imports,imports_benign_mass_injection,random,ratio,0.1,5,density_restricted,high_density,171506,75336,96170,129,0.9631505973684326,0.3121880641393225,0.0,0.11510548199923579,0.10810640527154747,0.013111056940493452,0.5590655694186355,0.0,0.7795327847093177,0.0,0.824588932635828,0.13856166473260456
77,imports,imports_benign_mass_injection,random,ratio,0.1,5,density_restricted,mid_density,188494,132521,55973,129,0.9670846661270498,0.01846499800031693,0.003410780178235902,0.02468161338616194,0.0014812827537121522,-0.0024901069889676592,0.1523428657662416,0.02965366332151211,0.09047349556687417,0.01660064138841728,0.9650900737895253,0.0019945923375245256
77,imports,imports_benign_mass_injection,random,ratio,0.1,5,density_restricted,low_density,120000,32143,87857,129,0.9196282367039372,0.048813116386149394,0.029213203496873348,0.0382868439364712,-0.007585518073931162,-0.010433357466446292,0.2755832037325039,0.1692068429237947,0.19832011199253383,0.12241406128480324,0.9182755697990681,0.0013526669048691264
77,imports,imports_benign_mass_injection,random,ratio,0.1,6,pooled,all,480000,240000,240000,129,0.9505746885329862,0.022691666666666666,0.0184625,0.030866243214262765,-0.0005751555182142795,-0.01809776316116706,0.0625,0.021416666666666667,0.033729166666666664,0.0128125,0.9294109595052082,0.021163729027777967
77,imports,imports_benign_mass_injection,random,ratio,0.1,6,density_restricted,high_density,171506,75336,96170,129,0.9710082855013138,7.964319847085059e-05,0.0,0.03353333432086798,0.02976935175145282,-0.028394997457180583,0.0007963897000265463,0.0,0.00039819485001327314,0.0,0.824588932635828,0.1464193528654858
77,imports,imports_benign_mass_injection,random,ratio,0.1,6,density_restricted,mid_density,188494,132521,55973,129,0.9618722219032952,0.03449264644848741,0.03003297590570551,0.03214841058281001,-0.018011048387060573,-0.015648802664371304,0.05945823587112352,0.014940013581830528,0.042256178079607624,0.019958498396528957,0.9650900737895253,-0.0032178518862300276
77,imports,imports_benign_mass_injection,random,ratio,0.1,6,density_restricted,low_density,120000,32143,87857,129,0.9208508901107404,0.027035435398064897,0.014031048750894441,0.019328985414603102,0.00018980603499291318,-0.004060064473160237,0.17076205287713841,0.07216174183514774,0.10654845232540053,0.047907917249961116,0.9182755697990681,0.002575320311672291
77,imports,imports_benign_mass_injection,random,ratio,0.1,7,pooled,all,480000,240000,240000,129,0.9149545209201388,0.0099625,0.0053625,0.019805157595128037,-0.011349018635083738,-0.012705007915320999,0.095125,0.049958333333333334,0.04852083333333333,0.025666666666666667,0.9294109595052082,-0.014456438585069398
77,imports,imports_benign_mass_injection,random,ratio,0.1,7,density_restricted,high_density,171506,75336,96170,129,0.7029599833217187,0.0007964319847085059,0.0,0.014005790662569427,-0.00844574462493464,-0.007236495205976027,0.007963897000265464,0.0,0.003981948500132732,0.0,0.824588932635828,-0.12162894931410928
77,imports,imports_benign_mass_injection,random,ratio,0.1,7,density_restricted,mid_density,188494,132521,55973,129,0.9642738406161061,0.009477743150142241,0.004618135993540646,0.021147831762558786,-0.013476734165121075,-0.01616777216963079,0.08964008149098317,0.04134912849920773,0.04738728541784569,0.023089983022071308,0.9650900737895253,-0.0008162331734191675
77,imports,imports_benign_mass_injection,random,ratio,0.1,7,density_restricted,low_density,120000,32143,87857,129,0.9193299351056523,0.03344429580312976,0.02099990666708148,0.027861922174947765,-0.009381375946862799,-0.011245495477957512,0.22706065318818042,0.1312597200622084,0.15476745994711463,0.09612692487167522,0.9182755697990681,0.001054365306584204
77,imports,imports_benign_mass_injection,random,ratio,0.1,8,pooled,all,480000,240000,240000,129,0.8639609931510415,0.12303333333333333,0.12252083333333333,0.10781842773333053,-0.10621553914285382,-0.03770977062573338,0.35291666666666666,0.34779166666666667,0.19122916666666667,0.18866666666666668,0.9294109595052082,-0.06544996635416678
77,imports,imports_benign_mass_injection,random,ratio,0.1,8,density_restricted,high_density,171506,75336,96170,129,0.6367537310703237,0.058258999681427205,0.058258999681427205,0.0958165597467731,-0.09460641891250177,0.02646901831815452,0.09968144411998939,0.09968144411998939,0.049840722059994694,0.049840722059994694,0.824588932635828,-0.18783520156550426
77,imports,imports_benign_mass_injection,random,ratio,0.1,8,density_restricted,mid_density,188494,132521,55973,129,0.9344218030697082,0.15575644614815765,0.15552252095894237,0.11712125005181041,-0.115571014616241,-0.07215205063965272,0.39560854146231045,0.3932694484267713,0.29828334276551594,0.29711375212224106,0.9650900737895253,-0.030668270719817037
77,imports,imports_benign_mass_injection,random,ratio,0.1,8,density_restricted,low_density,120000,32143,87857,129,0.8966452947369951,0.13993715583486296,0.13707494633357184,0.09759391260306946,-0.09485342970891981,-0.04612988866549742,0.4488335925349922,0.42208398133748054,0.3465546741328356,0.3322445170321979,0.9182755697990681,-0.021630275062073046
77,imports,imports_benign_mass_injection,random,ratio,0.1,9,pooled,all,480000,240000,240000,129,0.9563097018142359,0.10620833333333334,0.0015833333333333333,0.033040787555645115,0.026192441424636805,-0.010084633492602756,0.07729166666666666,0.015583333333333333,0.4476041666666667,0.007854166666666667,0.9294109595052082,0.026898742309027668
77,imports,imports_benign_mass_injection,random,ratio,0.1,9,density_restricted,high_density,171506,75336,96170,129,0.9705175131034608,0.3121747902729107,0.0,0.06981989113370672,0.06662877126570618,-0.035503567658030026,0.5598619591186621,0.0,0.779930979559331,0.0,0.824588932635828,0.1459285804676328
77,imports,imports_benign_mass_injection,random,ratio,0.1,9,density_restricted,mid_density,188494,132521,55973,129,0.9685818268791303,0.00907026056247689,0.0006942295938002279,0.015260451759880082,0.008682685304131592,0.0025730820398819298,0.08435825850750774,0.00694182449256772,0.04534993397472175,0.00347104319939634,0.9650900737895253,0.003491753089605032
77,imports,imports_benign_mass_injection,random,ratio,0.1,9,density_restricted,low_density,120000,32143,87857,129,0.9210589473310322,0.023955449086892948,0.008959960177954765,0.020144584115820846,0.0036089565582170715,-0.0026942933188098366,0.19097978227060652,0.08055987558320374,0.11292580494633692,0.04355265204541919,0.9182755697990681,0.002783377531964115
77,imports,imports_benign_mass_injection,random,ratio,0.1,10,pooled,all,480000,240000,240000,129,0.9514060558680555,0.0167625,0.008175,0.0349598754363128,-0.00850186254312146,-0.02617765778832997,0.12333333333333334,0.04695833333333333,0.0640625,0.024375,0.9294109595052082,0.021995096362847244
77,imports,imports_benign_mass_injection,random,ratio,0.1,10,density_restricted,high_density,171506,75336,96170,129,0.9642403488128617,7.964319847085059e-05,0.0,0.029765170575100194,0.014268476372078091,-0.02772740543571803,0.0007963897000265463,0.0,0.00039819485001327314,0.0,0.824588932635828,0.1396514161770337
77,imports,imports_benign_mass_injection,random,ratio,0.1,10,density_restricted,mid_density,188494,132521,55973,129,0.9637831246143926,0.01726518815885784,0.009206088091698674,0.037158258359676316,-0.022910732661197634,-0.028356463629756343,0.10805100731909756,0.03644457858598053,0.06855310318807772,0.028258819090737596,0.9650900737895253,-0.0013069491751326323
77,imports,imports_benign_mass_injection,random,ratio,0.1,10,density_restricted,low_density,120000,32143,87857,129,0.9230024774992359,0.05379087204056871,0.023084341847369568,0.038071482381441,-0.0024647277267664395,-0.013562490639174914,0.31695178849144634,0.11446345256609643,0.22631824545030332,0.09472701819878675,0.9182755697990681,0.004726907700167815
77,imports,imports_benign_mass_injection,random,ratio,0.1,11,pooled,all,480000,240000,240000,129,0.8566967239496528,0.1253,0.12169583333333334,0.121554903714652,-0.11559460007991522,-0.031176061724599424,0.33770833333333333,0.3025833333333333,0.18145833333333333,0.16358333333333333,0.9294109595052082,-0.07271423555555545
77,imports,imports_benign_mass_injection,random,ratio,0.1,11,density_restricted,high_density,171506,75336,96170,129,0.6223852051823119,0.06299776999044282,0.06299776999044282,0.10850472652711331,-0.10715666904881467,0.0367420705970875,0.09968144411998939,0.09968144411998939,0.049840722059994694,0.049840722059994694,0.824588932635828,-0.2022037274535161
77,imports,imports_benign_mass_injection,random,ratio,0.1,11,density_restricted,mid_density,188494,132521,55973,129,0.9234218912064616,0.16041985798477224,0.15758257181880608,0.13508677202853567,-0.1297198600570365,-0.06574420246108932,0.38474307703916094,0.35690032445484043,0.2939445387662705,0.27975853612525936,0.9650900737895253,-0.041668182583063706
77,imports,imports_benign_mass_injection,random,ratio,0.1,11,density_restricted,low_density,120000,32143,87857,129,0.9055204590383126,0.12652832654077092,0.1113150608219519,0.0963516379266498,-0.07713479218180079,-0.04784145817316453,0.4255054432348367,0.30793157076205285,0.3190231762326956,0.24622802924249496,0.9182755697990681,-0.012755110760755528
77,imports,imports_benign_mass_injection,random,ratio,0.1,12,pooled,all,480000,240000,240000,129,0.9528913648003473,0.013370833333333334,0.000925,0.023478143740587192,0.01570156405415277,-0.011702831515688879,0.12975,0.00925,0.06677083333333333,0.004625,0.9294109595052082,0.023480405295139062
77,imports,imports_benign_mass_injection,random,ratio,0.1,12,density_restricted,high_density,171506,75336,96170,129,0.9610075788408038,0.0,0.0,0.04143895628545001,0.03561557257304134,-0.036001727029513125,0.0,0.0,0.0,0.0,0.824588932635828,0.1364186462049758
77,imports,imports_benign_mass_injection,random,ratio,0.1,12,density_restricted,mid_density,188494,132521,55973,129,0.9682730953300918,0.01805751541265158,0.00040748258766535114,0.013959655335203543,0.006685431135078433,0.00040194885459495774,0.1738474307703916,0.004074549158681054,0.09028485191473307,0.0020373514431239388,0.9650900737895253,0.0031830215405664886
77,imports,imports_benign_mass_injection,random,ratio,0.1,12,density_restricted,low_density,120000,32143,87857,129,0.9230178336221709,0.0253865538375385,0.005226643437140279,0.02062538662675412,0.006199812655392887,-0.004657938600308267,0.20870917573872472,0.04665629860031104,0.1253694198164567,0.026131591227251515,0.9182755697990681,0.0047422638231028325
77,imports,imports_benign_mass_injection,random,ratio,0.1,13,pooled,all,480000,240000,240000,129,0.9152892167708331,0.021858333333333334,0.006591666666666667,0.033548932976948366,-0.012417167930528756,-0.010128158097266051,0.17958333333333334,0.05975,0.09677083333333333,0.030875,0.9294109595052082,-0.014121742734375164
77,imports,imports_benign_mass_injection,random,ratio,0.1,13,density_restricted,high_density,171506,75336,96170,129,0.692278274243662,0.00010619093129446746,0.0,0.02854996242201706,-0.022452747375098017,0.004598748891893024,0.0007963897000265463,0.0,0.00039819485001327314,0.0,0.824588932635828,-0.13231065839216605
77,imports,imports_benign_mass_injection,random,ratio,0.1,13,density_restricted,mid_density,188494,132521,55973,129,0.9663491252485495,0.0266901094920805,0.007991186302548275,0.03522919423049898,-0.011871450306908522,-0.019613626959559458,0.2088583716894288,0.07085188259262054,0.13318241841162046,0.03995472552348613,0.9650900737895253,0.001259051459024274
77,imports,imports_benign_mass_injection,random,ratio,0.1,13,density_restricted,low_density,120000,32143,87857,129,0.9247747602765548,0.05291976480104533,0.016271038795383132,0.03833792417703936,0.008854068974436347,-0.005537499037293535,0.3300155520995334,0.11477449455676517,0.22942914916783325,0.07543941515010111,0.9182755697990681,0.006499190477486705
77,imports,imports_benign_mass_injection,random,ratio,0.1,14,pooled,all,480000,240000,240000,129,0.9517790730295137,0.11463333333333334,0.007254166666666667,0.04575939260630535,0.026964401857702998,-0.003904480424354375,0.13725,0.06358333333333334,0.47929166666666667,0.033,0.9294109595052082,0.022368113524305455
77,imports,imports_benign_mass_injection,random,ratio,0.1,14,density_restricted,high_density,171506,75336,96170,129,0.956638619457604,0.3123871721354996,0.0,0.09499083354164825,0.08729263084323068,-0.006966720253374359,0.5590655694186355,0.0,0.7795327847093177,0.0,0.824588932635828,0.13204968682177598
77,imports,imports_benign_mass_injection,random,ratio,0.1,14,density_restricted,mid_density,188494,132521,55973,129,0.965593398859679,0.01982327329253477,0.008036462145622203,0.021857648179466962,-0.0014167088231689033,-0.0024347946686603724,0.157851052591866,0.06602278729344299,0.0967741935483871,0.039275608375778155,0.9650900737895253,0.0005033250701537151
77,imports,imports_benign_mass_injection,random,ratio,0.1,14,density_restricted,low_density,120000,32143,87857,129,0.9218917211862737,0.04203092430700308,0.0210310176399216,0.028915390456041086,0.0025797989795059853,-0.002786579987907107,0.26158631415241057,0.14805598755832036,0.1787214185720952,0.09846010265982268,0.9182755697990681,0.003616151387205613
77,imports,imports_benign_mass_injection,random,ratio,0.1,15,pooled,all,480000,240000,240000,129,0.9094888844357638,0.0081875,0.005916666666666666,0.02040372450245086,-0.016389689148594667,-0.005058406087954227,0.08170833333333333,0.059,0.04089583333333333,0.029541666666666667,0.9294109595052082,-0.019922075069444434
77,imports,imports_benign_mass_injection,random,ratio,0.1,15,density_restricted,high_density,171506,75336,96170,129,0.6949578669785279,7.964319847085059e-05,0.0,0.024831521032945586,-0.02202226141707408,0.0120005640230372,0.0007963897000265463,0.0,0.00039819485001327314,0.0,0.824588932635828,-0.1296310656573001
77,imports,imports_benign_mass_injection,random,ratio,0.1,15,density_restricted,mid_density,188494,132521,55973,129,0.9631437848250382,0.00733468657797632,0.0050029806596690336,0.017672468472043644,-0.013910207199415454,-0.013655957389082703,0.07334188485625896,0.050026409114917375,0.0366723259762309,0.02501414827391058,0.9650900737895253,-0.0019462889644871195
77,imports,imports_benign_mass_injection,random,ratio,0.1,15,density_restricted,low_density,120000,32143,87857,129,0.9166220272760686,0.03070653019319914,0.023551006439971378,0.021286538831674775,-0.013410750125137436,-0.009594338524403926,0.2553654743390358,0.1884914463452566,0.15258982734484366,0.11681443459324933,0.9182755697990681,-0.0016535425229995404
77,imports,imports_benign_mass_injection,random,ratio,0.1,16,pooled,all,480000,240000,240000,129,0.9439173025781251,0.04443333333333333,0.03468333333333333,0.06564778313994028,-0.0405968264769143,-0.05179021049182843,0.34708333333333335,0.24983333333333332,0.181375,0.13266666666666665,0.9294109595052082,0.014506343072916872
77,imports,imports_benign_mass_injection,random,ratio,0.1,16,density_restricted,high_density,171506,75336,96170,129,0.9697212281844136,0.0,0.0,0.04724460150718735,0.008665690431356576,-0.04346040550900066,0.0,0.0,0.0,0.0,0.824588932635828,0.14513229554858564
77,imports,imports_benign_mass_injection,random,ratio,0.1,16,density_restricted,mid_density,188494,132521,55973,129,0.9549850763662309,0.05621750515012715,0.040295500335795834,0.07114894967522072,-0.06061441267128605,-0.0573174334435194,0.45310495736814305,0.2938957217233834,0.2610073571024335,0.181399735898887,0.9650900737895253,-0.010104997423294404
77,imports,imports_benign_mass_injection,random,ratio,0.1,16,density_restricted,low_density,120000,32143,87857,129,0.9059096135512674,0.09999066670814796,0.0928351429549202,0.08610019894005777,-0.07352749361243857,-0.048525458458890364,0.376049766718507,0.32161741835147745,0.31871208586094263,0.28386996422460725,0.9182755697990681,-0.01236595624780068
77,imports,imports_benign_mass_injection,random,ratio,0.1,17,pooled,all,480000,240000,240000,129,0.8753422313975695,0.145025,0.14407083333333334,0.12535459107709115,-0.12188508148908762,-0.08019510173956008,0.385125,0.375875,0.21485416666666668,0.2101875,0.9294109595052082,-0.05406872810763874
77,imports,imports_benign_mass_injection,random,ratio,0.1,17,density_restricted,high_density,171506,75336,96170,129,0.6680085361354312,0.04383030689179144,0.04383030689179144,0.05259608783737315,-0.05085431065856629,-0.03227626343979794,0.0,0.0,0.0,0.0,0.824588932635828,-0.1565803965003968
77,imports,imports_benign_mass_injection,random,ratio,0.1,17,density_restricted,mid_density,188494,132521,55973,129,0.9244554715608093,0.1848839051923846,0.18397084235706038,0.16148462920054268,-0.15772974076072996,-0.11022621149704039,0.4600467818607108,0.45106768278880255,0.3817770232031692,0.37721184682135445,0.9650900737895253,-0.040634602228715955
77,imports,imports_benign_mass_injection,random,ratio,0.1,17,density_restricted,low_density,120000,32143,87857,129,0.8885047962097055,0.21787014279936534,0.2145101577326323,0.14692525398688427,-0.14058290247502062,-0.06869215882756774,0.4640746500777605,0.4379471228615863,0.4224607248405662,0.40643957069528697,0.9182755697990681,-0.029770773589362642
77,imports,imports_benign_mass_injection,random,ratio,0.1,18,pooled,all,480000,240000,240000,129,0.8799062166319443,0.13634166666666667,0.121725,0.11461406314931086,-0.09815397005223642,-0.05285945377934497,0.401375,0.26629166666666665,0.21270833333333333,0.1424375,0.9294109595052082,-0.049504742873263896
77,imports,imports_benign_mass_injection,random,ratio,0.1,18,density_restricted,high_density,171506,75336,96170,129,0.6664179637954624,0.058590846341722416,0.0585642986088988,0.07586886252077268,-0.06993421947829763,0.0004914448127530134,0.09968144411998939,0.09968144411998939,0.049840722059994694,0.049840722059994694,0.824588932635828,-0.15817096884036563
77,imports,imports_benign_mass_injection,random,ratio,0.1,18,density_restricted,mid_density,188494,132521,55973,129,0.9375934396577923,0.1780925287312954,0.15703171572807328,0.13681575832562864,-0.11704360609975996,-0.08154998843587188,0.48826680751527957,0.2940466309514827,0.34359554800980946,0.23829466138464442,0.9650900737895253,-0.027496634131732978
77,imports,imports_benign_mass_injection,random,ratio,0.1,18,density_restricted,low_density,120000,32143,87857,129,0.9048489640455926,0.1464393491584482,0.12419500357776188,0.11388972466474914,-0.08641547864149038,-0.05961504451812758,0.39751166407465005,0.25225505443234836,0.3322445170321979,0.2312956913983512,0.9182755697990681,-0.01342660575347554
77,imports,imports_benign_mass_injection,random,ratio,0.1,19,pooled,all,480000,240000,240000,129,0.9121321069184027,0.013854166666666667,0.006995833333333333,0.01796570169456804,-0.012040399274338547,-0.01101400499067298,0.12779166666666666,0.06783333333333333,0.0683125,0.034895833333333334,0.9294109595052082,-0.017278852586805504
77,imports,imports_benign_mass_injection,random,ratio,0.1,19,density_restricted,high_density,171506,75336,96170,129,0.6923912700156021,0.0,0.0,0.008328967937979506,-0.0076954800203484705,-0.002210483425673228,0.0,0.0,0.0,0.0,0.824588932635828,-0.13219766262022592
77,imports,imports_benign_mass_injection,random,ratio,0.1,19,density_restricted,mid_density,188494,132521,55973,129,0.9640831163394901,0.016721878041970707,0.005968865311912829,0.019940285981534574,-0.01205311059780941,-0.014062485072783801,0.15015468195880177,0.058175507432279484,0.08360686662893793,0.029843425768722884,0.9650900737895253,-0.0010069574500352063
77,imports,imports_benign_mass_injection,random,ratio,0.1,19,density_restricted,low_density,120000,32143,87857,129,0.9163117895415963,0.03450206887969387,0.02762654388202719,0.032411120292497965,-0.0221715108576044,-0.01907904159769205,0.24976671850699844,0.18942457231726284,0.162389174055063,0.1292580494633691,0.9182755697990681,-0.001963780257471792
77,imports,imports_benign_mass_injection,random,ratio,0.1,20,pooled,all,480000,240000,240000,129,0.9502173759635418,0.156575,0.0429875,0.09723223342815575,-0.03325257751767884,-0.06335224365391948,0.369125,0.2597083333333333,0.6021458333333334,0.13779166666666667,0.9294109595052082,0.020806416458333588
77,imports,imports_benign_mass_injection,random,ratio,0.1,20,density_restricted,high_density,171506,75336,96170,129,0.982543087975195,0.3305723691196772,0.007818307316555166,0.10912323673949201,0.054927475072731144,-0.04644635404866335,0.5594637642686487,0.0,0.7797318821343244,0.0,0.824588932635828,0.15795415533936696
77,imports,imports_benign_mass_injection,random,ratio,0.1,20,density_restricted,mid_density,188494,132521,55973,129,0.9548285723995172,0.06574807011718897,0.04885263467676821,0.08938540110577405,-0.07269341750808674,-0.0733755220827951,0.4818531653210594,0.3303403003093639,0.30156574231277117,0.21709111488398417,0.9650900737895253,-0.010261501390008032
77,imports,imports_benign_mass_injection,random,ratio,0.1,20,density_restricted,low_density,120000,32143,87857,129,0.9086431535759981,0.12323056341971814,0.1012351056217528,0.10171375166638874,-0.07731793811196942,-0.06165132023757833,0.4329704510108865,0.29455676516329704,0.3568206564006844,0.26240472857365066,0.9182755697990681,-0.009632416223069984
