seed,mix_k,test_week,n_test_samples,n_benign,n_malware,header_acc,header_f1,header_auc,header_positive_rate,header_score_std,header_degenerate_prediction,header_mix_at_k,header_silhouette,header_js_divergence,header_auc_rank,header_acc_rank,header_mix_at_k_rank,header_silhouette_rank,header_js_divergence_rank,section_acc,section_f1,section_auc,section_positive_rate,section_score_std,section_degenerate_prediction,section_mix_at_k,section_silhouette,section_js_divergence,section_auc_rank,section_acc_rank,section_mix_at_k_rank,section_silhouette_rank,section_js_divergence_rank,imports_acc,imports_f1,imports_auc,imports_positive_rate,imports_score_std,imports_degenerate_prediction,imports_mix_at_k,imports_silhouette,imports_js_divergence,imports_auc_rank,imports_acc_rank,imports_mix_at_k_rank,imports_silhouette_rank,imports_js_divergence_rank,strings_acc,strings_f1,strings_auc,strings_positive_rate,strings_score_std,strings_degenerate_prediction,strings_mix_at_k,strings_silhouette,strings_js_divergence,strings_auc_rank,strings_acc_rank,strings_mix_at_k_rank,strings_silhouette_rank,strings_js_divergence_rank,all_acc,all_f1,all_auc,all_positive_rate,all_score_std,all_degenerate_prediction,all_mix_at_k,all_silhouette,all_js_divergence,all_auc_rank,all_acc_rank,all_mix_at_k_rank,all_silhouette_rank,all_js_divergence_rank
13,5,2024-09-22_2024-09-28,40000,20000,20000,0.946625,0.9454480414952603,0.9895923499999999,0.478425,0.4520275084462202,0.0,0.057365,0.17743895001652382,0.09400095758191013,3,3,2,1,2,0.953575,0.9524053617653844,0.99253524375,0.475425,0.45124176954480416,0.0,0.059195,0.10010332832272902,0.06397049816122019,2,2,3,2,3,0.88995,0.8800741023265951,0.93047052,0.41765,0.36147508386981536,0.0,0.19554,0.05784136964757298,0.04213796068387148,5,5,5,5,4,0.932875,0.9307257669186512,0.9855818150000001,0.468975,0.40820281015169946,0.0,0.07089,0.06271510115143125,0.00039771105996732156,4,4,4,3,5,0.955,0.9539689034369886,0.99362455,0.4776,0.4386284657725003,0.0,0.056675,0.06177673203795771,0.09412224894702009,1,1,1,4,1
13,10,2024-09-22_2024-09-28,40000,20000,20000,0.946625,0.9454480414952603,0.9895923499999999,0.478425,0.4520275084462202,0.0,0.071925,0.17743895001652382,0.09400095758191013,3,3,1,1,2,0.953575,0.9524053617653844,0.99253524375,0.475425,0.45124176954480416,0.0,0.07582,0.10010332832272902,0.06397049816122019,2,2,3,2,3,0.88995,0.8800741023265951,0.93047052,0.41765,0.36147508386981536,0.0,0.1695775,0.05784136964757298,0.04213796068387148,5,5,5,5,4,0.932875,0.9307257669186512,0.9855818150000001,0.468975,0.40820281015169946,0.0,0.0885225,0.06271510115143125,0.00039771105996732156,4,4,4,3,5,0.955,0.9539689034369886,0.99362455,0.4776,0.4386284657725003,0.0,0.0722325,0.06177673203795771,0.09412224894702009,1,1,2,4,1
13,15,2024-09-22_2024-09-28,40000,20000,20000,0.946625,0.9454480414952603,0.9895923499999999,0.478425,0.4520275084462202,0.0,0.08152333333333334,0.17743895001652382,0.09400095758191013,3,3,2,1,2,0.953575,0.9524053617653844,0.99253524375,0.475425,0.45124176954480416,0.0,0.08632,0.10010332832272902,0.06397049816122019,2,2,3,2,3,0.88995,0.8800741023265951,0.93047052,0.41765,0.36147508386981536,0.0,0.17786,0.05784136964757298,0.04213796068387148,5,5,5,5,4,0.932875,0.9307257669186512,0.9855818150000001,0.468975,0.40820281015169946,0.0,0.098065,0.06271510115143125,0.00039771105996732156,4,4,4,3,5,0.955,0.9539689034369886,0.99362455,0.4776,0.4386284657725003,0.0,0.08148166666666666,0.06177673203795771,0.09412224894702009,1,1,1,4,1
13,20,2024-09-22_2024-09-28,40000,20000,20000,0.946625,0.9454480414952603,0.9895923499999999,0.478425,0.4520275084462202,0.0,0.0880125,0.17743895001652382,0.09400095758191013,3,3,2,1,2,0.953575,0.9524053617653844,0.99253524375,0.475425,0.45124176954480416,0.0,0.09414375,0.10010332832272902,0.06397049816122019,2,2,3,2,3,0.88995,0.8800741023265951,0.93047052,0.41765,0.36147508386981536,0.0,0.18380125,0.05784136964757298,0.04213796068387148,5,5,5,5,4,0.932875,0.9307257669186512,0.9855818150000001,0.468975,0.40820281015169946,0.0,0.105045,0.06271510115143125,0.00039771105996732156,4,4,4,3,5,0.955,0.9539689034369886,0.99362455,0.4776,0.4386284657725003,0.0,0.08795875,0.06177673203795771,0.09412224894702009,1,1,1,4,1
13,5,2024-09-29_2024-10-05,40000,20000,20000,0.948275,0.9471128038649319,0.98962385875,0.478025,0.45435570656560814,0.0,0.055815,0.1990746682013069,0.09869504455689923,3,3,2,1,3,0.9559,0.9549540347293156,0.9931251887499999,0.479,0.4530932505301881,0.0,0.05638,0.11661282082280176,0.13321401270363437,2,2,3,2,1,0.894525,0.8857413676371022,0.9386638062499999,0.423125,0.3692474509867203,0.0,0.11158,0.07666906488051152,0.05281725352870709,5,5,5,5,4,0.934,0.931867451223289,0.9867076850000001,0.4687,0.4095927009802744,0.0,0.06829,0.08324492641986357,0.000791403807793952,4,4,4,3,5,0.960575,0.9598451862602806,0.9947124137499999,0.481825,0.44170461671453864,0.0,0.053555,0.08310154272268297,0.09899502566930794,1,1,1,4,2
13,10,2024-09-29_2024-10-05,40000,20000,20000,0.948275,0.9471128038649319,0.98962385875,0.478025,0.45435570656560814,0.0,0.069965,0.1990746682013069,0.09869504455689923,3,3,2,1,3,0.9559,0.9549540347293156,0.9931251887499999,0.479,0.4530932505301881,0.0,0.07233,0.11661282082280176,0.13321401270363437,2,2,3,2,1,0.894525,0.8857413676371022,0.9386638062499999,0.423125,0.3692474509867203,0.0,0.143585,0.07666906488051152,0.05281725352870709,5,5,5,5,4,0.934,0.931867451223289,0.9867076850000001,0.4687,0.4095927009802744,0.0,0.086095,0.08324492641986357,0.000791403807793952,4,4,4,3,5,0.960575,0.9598451862602806,0.9947124137499999,0.481825,0.44170461671453864,0.0,0.0691675,0.08310154272268297,0.09899502566930794,1,1,1,4,2
13,15,2024-09-29_2024-10-05,40000,20000,20000,0.948275,0.9471128038649319,0.98962385875,0.478025,0.45435570656560814,0.0,0.07848,0.1990746682013069,0.09869504455689923,3,3,1,1,3,0.9559,0.9549540347293156,0.9931251887499999,0.479,0.4530932505301881,0.0,0.08137166666666666,0.11661282082280176,0.13321401270363437,2,2,3,2,1,0.894525,0.8857413676371022,0.9386638062499999,0.423125,0.3692474509867203,0.0,0.15801333333333334,0.07666906488051152,0.05281725352870709,5,5,5,5,4,0.934,0.931867451223289,0.9867076850000001,0.4687,0.4095927009802744,0.0,0.09613333333333333,0.08324492641986357,0.000791403807793952,4,4,4,3,5,0.960575,0.9598451862602806,0.9947124137499999,0.481825,0.44170461671453864,0.0,0.07883166666666666,0.08310154272268297,0.09899502566930794,1,1,2,4,2
13,20,2024-09-29_2024-10-05,40000,20000,20000,0.948275,0.9471128038649319,0.98962385875,0.478025,0.45435570656560814,0.0,0.08478125,0.1990746682013069,0.09869504455689923,3,3,1,1,3,0.9559,0.9549540347293156,0.9931251887499999,0.479,0.4530932505301881,0.0,0.0875625,0.11661282082280176,0.13321401270363437,2,2,3,2,1,0.894525,0.8857413676371022,0.9386638062499999,0.423125,0.3692474509867203,0.0,0.1676875,0.07666906488051152,0.05281725352870709,5,5,5,5,4,0.934,0.931867451223289,0.9867076850000001,0.4687,0.4095927009802744,0.0,0.1027875,0.08324492641986357,0.000791403807793952,4,4,4,3,5,0.960575,0.9598451862602806,0.9947124137499999,0.481825,0.44170461671453864,0.0,0.0859025,0.08310154272268297,0.09899502566930794,1,1,2,4,2
13,5,2024-10-06_2024-10-12,40000,20000,20000,0.935325,0.9331818064416147,0.98563439,0.467925,0.4403087803532718,0.0,0.066895,0.13778586620167374,0.09360360276882404,3,3,3,1,2,0.9529,0.9516724810178535,0.99168986625,0.4746,0.4425695182259181,0.0,0.06281,0.07945247153550078,0.06734898082938515,2,2,1,2,3,0.8406,0.8166235260281852,0.914607805,0.36925,0.3484831904093035,0.0,0.15329,0.028046488084226683,0.03235215219939562,5,5,5,5,4,0.915625,0.9116792714521236,0.9798800300000001,0.455325,0.3921613934555574,0.0,0.083735,0.06369503456760917,0.00041862082606939667,4,4,4,3,5,0.9546,0.9534883720930233,0.9929071825,0.4761,0.42441674462196943,0.0,0.065925,0.04727826590570177,0.09373108525292395,1,1,2,4,1
13,10,2024-10-06_2024-10-12,40000,20000,20000,0.935325,0.9331818064416147,0.98563439,0.467925,0.4403087803532718,0.0,0.0810875,0.13778586620167374,0.09360360276882404,3,3,1,1,2,0.9529,0.9516724810178535,0.99168986625,0.4746,0.4425695182259181,0.0,0.0813625,0.07945247153550078,0.06734898082938515,2,2,2,2,3,0.8406,0.8166235260281852,0.914607805,0.36925,0.3484831904093035,0.0,0.16905,0.028046488084226683,0.03235215219939562,5,5,5,5,4,0.915625,0.9116792714521236,0.9798800300000001,0.455325,0.3921613934555574,0.0,0.10427,0.06369503456760917,0.00041862082606939667,4,4,4,3,5,0.9546,0.9534883720930233,0.9929071825,0.4761,0.42441674462196943,0.0,0.0827525,0.04727826590570177,0.09373108525292395,1,1,3,4,1
13,15,2024-10-06_2024-10-12,40000,20000,20000,0.935325,0.9331818064416147,0.98563439,0.467925,0.4403087803532718,0.0,0.09072833333333333,0.13778586620167374,0.09360360276882404,3,3,1,1,2,0.9529,0.9516724810178535,0.99168986625,0.4746,0.4425695182259181,0.0,0.09192166666666667,0.07945247153550078,0.06734898082938515,2,2,2,2,3,0.8406,0.8166235260281852,0.914607805,0.36925,0.3484831904093035,0.0,0.18704666666666667,0.028046488084226683,0.03235215219939562,5,5,5,5,4,0.915625,0.9116792714521236,0.9798800300000001,0.455325,0.3921613934555574,0.0,0.11483166666666667,0.06369503456760917,0.00041862082606939667,4,4,4,3,5,0.9546,0.9534883720930233,0.9929071825,0.4761,0.42441674462196943,0.0,0.092475,0.04727826590570177,0.09373108525292395,1,1,3,4,1
13,20,2024-10-06_2024-10-12,40000,20000,20000,0.935325,0.9331818064416147,0.98563439,0.467925,0.4403087803532718,0.0,0.09747125,0.13778586620167374,0.09360360276882404,3,3,1,1,2,0.9529,0.9516724810178535,0.99168986625,0.4746,0.4425695182259181,0.0,0.09911125,0.07945247153550078,0.06734898082938515,2,2,2,2,3,0.8406,0.8166235260281852,0.914607805,0.36925,0.3484831904093035,0.0,0.1920425,0.028046488084226683,0.03235215219939562,5,5,5,5,4,0.915625,0.9116792714521236,0.9798800300000001,0.455325,0.3921613934555574,0.0,0.12278625,0.06369503456760917,0.00041862082606939667,4,4,4,3,5,0.9546,0.9534883720930233,0.9929071825,0.4761,0.42441674462196943,0.0,0.09959,0.04727826590570177,0.09373108525292395,1,1,3,4,1
13,5,2024-10-13_2024-10-19,40000,20000,20000,0.942675,0.9417325235687242,0.986014415,0.483825,0.44514515076118993,0.0,0.06181,0.14195482000263976,0.10080397314125852,3,3,2,1,3,0.95215,0.951275393309913,0.9917420650000001,0.48205,0.4446450368899897,0.0,0.06258,0.08309949131443163,0.12474184030130084,2,2,3,2,1,0.8814,0.87086939953182,0.9409143737500001,0.41845,0.37201096361832586,0.0,0.14751,0.04451917938277204,0.04964332648784086,5,5,5,5,4,0.9229,0.9206259329798734,0.9798446675,0.47135,0.39811827928198174,0.0,0.080605,0.055196263500918386,0.0008217195979142073,4,4,4,3,5,0.9556,0.9547769403137095,0.9928630337500001,0.4818,0.43184972266268734,0.0,0.059445,0.04754118993207101,0.10107935941052396,1,1,1,4,2
13,10,2024-10-13_2024-10-19,40000,20000,20000,0.942675,0.9417325235687242,0.986014415,0.483825,0.44514515076118993,0.0,0.0769525,0.14195482000263976,0.10080397314125852,3,3,2,1,3,0.95215,0.951275393309913,0.9917420650000001,0.48205,0.4446450368899897,0.0,0.0785925,0.08309949131443163,0.12474184030130084,2,2,3,2,1,0.8814,0.87086939953182,0.9409143737500001,0.41845,0.37201096361832586,0.0,0.1516525,0.04451917938277204,0.04964332648784086,5,5,5,5,4,0.9229,0.9206259329798734,0.9798446675,0.47135,0.39811827928198174,0.0,0.09949,0.055196263500918386,0.0008217195979142073,4,4,4,3,5,0.9556,0.9547769403137095,0.9928630337500001,0.4818,0.43184972266268734,0.0,0.074965,0.04754118993207101,0.10107935941052396,1,1,1,4,2
13,15,2024-10-13_2024-10-19,40000,20000,20000,0.942675,0.9417325235687242,0.986014415,0.483825,0.44514515076118993,0.0,0.08688333333333334,0.14195482000263976,0.10080397314125852,3,3,2,1,3,0.95215,0.951275393309913,0.9917420650000001,0.48205,0.4446450368899897,0.0,0.088775,0.08309949131443163,0.12474184030130084,2,2,3,2,1,0.8814,0.87086939953182,0.9409143737500001,0.41845,0.37201096361832586,0.0,0.16477166666666668,0.04451917938277204,0.04964332648784086,5,5,5,5,4,0.9229,0.9206259329798734,0.9798446675,0.47135,0.39811827928198174,0.0,0.11038,0.055196263500918386,0.0008217195979142073,4,4,4,3,5,0.9556,0.9547769403137095,0.9928630337500001,0.4818,0.43184972266268734,0.0,0.08547166666666667,0.04754118993207101,0.10107935941052396,1,1,1,4,2
13,20,2024-10-13_2024-10-19,40000,20000,20000,0.942675,0.9417325235687242,0.986014415,0.483825,0.44514515076118993,0.0,0.09313125,0.14195482000263976,0.10080397314125852,3,3,1,1,3,0.95215,0.951275393309913,0.9917420650000001,0.48205,0.4446450368899897,0.0,0.096125,0.08309949131443163,0.12474184030130084,2,2,3,2,1,0.8814,0.87086939953182,0.9409143737500001,0.41845,0.37201096361832586,0.0,0.17404375,0.04451917938277204,0.04964332648784086,5,5,5,5,4,0.9229,0.9206259329798734,0.9798446675,0.47135,0.39811827928198174,0.0,0.1182125,0.055196263500918386,0.0008217195979142073,4,4,4,3,5,0.9556,0.9547769403137095,0.9928630337500001,0.4818,0.43184972266268734,0.0,0.0933375,0.04754118993207101,0.10107935941052396,1,1,2,4,2
13,5,2024-10-20_2024-10-26,40000,20000,20000,0.9433,0.9420660059262287,0.9875270424999998,0.4787,0.4452372086056247,0.0,0.058405,0.1291637169353205,0.09068596184999388,3,3,3,1,3,0.95185,0.9509149294051684,0.99182581125,0.48095,0.4439783192300179,0.0,0.05756,0.07694098788401846,0.2168778254599622,2,2,2,2,1,0.86975,0.8558064873242555,0.9330068149999999,0.4033,0.36551011027872643,0.0,0.17752,0.03394898146047535,0.041727573330375335,5,5,5,5,4,0.925625,0.9235120195397866,0.9807290674999999,0.472375,0.39912146507266427,0.0,0.075185,0.05801322750370575,0.00029355564038819633,4,4,4,3,5,0.95695,0.9561229169851705,0.99357878875,0.48115,0.4323666075501668,0.0,0.054655,0.041464020100595675,0.09113798499980294,1,1,1,4,2
13,10,2024-10-20_2024-10-26,40000,20000,20000,0.9433,0.9420660059262287,0.9875270424999998,0.4787,0.4452372086056247,0.0,0.0719225,0.1291637169353205,0.09068596184999388,3,3,2,1,3,0.95185,0.9509149294051684,0.99182581125,0.48095,0.4439783192300179,0.0,0.0748225,0.07694098788401846,0.2168778254599622,2,2,3,2,1,0.86975,0.8558064873242555,0.9330068149999999,0.4033,0.36551011027872643,0.0,0.1730175,0.03394898146047535,0.041727573330375335,5,5,5,5,4,0.925625,0.9235120195397866,0.9807290674999999,0.472375,0.39912146507266427,0.0,0.0942575,0.05801322750370575,0.00029355564038819633,4,4,4,3,5,0.95695,0.9561229169851705,0.99357878875,0.48115,0.4323666075501668,0.0,0.0705525,0.041464020100595675,0.09113798499980294,1,1,1,4,2
13,15,2024-10-20_2024-10-26,40000,20000,20000,0.9433,0.9420660059262287,0.9875270424999998,0.4787,0.4452372086056247,0.0,0.08108166666666666,0.1291637169353205,0.09068596184999388,3,3,2,1,3,0.95185,0.9509149294051684,0.99182581125,0.48095,0.4439783192300179,0.0,0.08568833333333334,0.07694098788401846,0.2168778254599622,2,2,3,2,1,0.86975,0.8558064873242555,0.9330068149999999,0.4033,0.36551011027872643,0.0,0.18485833333333335,0.03394898146047535,0.041727573330375335,5,5,5,5,4,0.925625,0.9235120195397866,0.9807290674999999,0.472375,0.39912146507266427,0.0,0.10494166666666667,0.05801322750370575,0.00029355564038819633,4,4,4,3,5,0.95695,0.9561229169851705,0.99357878875,0.48115,0.4323666075501668,0.0,0.08092166666666667,0.041464020100595675,0.09113798499980294,1,1,1,4,2
13,20,2024-10-20_2024-10-26,40000,20000,20000,0.9433,0.9420660059262287,0.9875270424999998,0.4787,0.4452372086056247,0.0,0.08824625,0.1291637169353205,0.09068596184999388,3,3,1,1,3,0.95185,0.9509149294051684,0.99182581125,0.48095,0.4439783192300179,0.0,0.092535,0.07694098788401846,0.2168778254599622,2,2,3,2,1,0.86975,0.8558064873242555,0.9330068149999999,0.4033,0.36551011027872643,0.0,0.19809,0.03394898146047535,0.041727573330375335,5,5,5,5,4,0.925625,0.9235120195397866,0.9807290674999999,0.472375,0.39912146507266427,0.0,0.1124325,0.05801322750370575,0.00029355564038819633,4,4,4,3,5,0.95695,0.9561229169851705,0.99357878875,0.48115,0.4323666075501668,0.0,0.0889075,0.041464020100595675,0.09113798499980294,1,1,2,4,2
13,5,2024-10-27_2024-11-02,40000,20000,20000,0.924925,0.9215660668111891,0.9805675762500001,0.457175,0.4305209861905316,0.0,0.070665,0.08954155079596797,0.07097682306249119,3,3,3,1,3,0.93995,0.9379231922261849,0.98815720375,0.46735,0.42900851754432656,0.0,0.070065,0.06016169585191149,0.1392470856086477,2,2,2,2,1,0.840125,0.8160506256292248,0.9244233887500002,0.369125,0.3557867470396023,0.0,0.16623,0.02298951487938121,0.03258029592321232,5,5,5,5,4,0.90885,0.905022402834219,0.9736418075,0.4597,0.3802647920663124,0.0,0.08501,0.03893953056085841,0.00042737403093489793,4,4,4,3,5,0.943075,0.9411369335366957,0.99064505125,0.467075,0.4141872225561648,0.0,0.065085,0.02486290945253211,0.0719641886983373,1,1,1,4,2
13,10,2024-10-27_2024-11-02,40000,20000,20000,0.924925,0.9215660668111891,0.9805675762500001,0.457175,0.4305209861905316,0.0,0.0866425,0.08954155079596797,0.07097682306249119,3,3,2,1,3,0.93995,0.9379231922261849,0.98815720375,0.46735,0.42900851754432656,0.0,0.0881575,0.06016169585191149,0.1392470856086477,2,2,3,2,1,0.840125,0.8160506256292248,0.9244233887500002,0.369125,0.3557867470396023,0.0,0.185305,0.02298951487938121,0.03258029592321232,5,5,5,5,4,0.90885,0.905022402834219,0.9736418075,0.4597,0.3802647920663124,0.0,0.1056525,0.03893953056085841,0.00042737403093489793,4,4,4,3,5,0.943075,0.9411369335366957,0.99064505125,0.467075,0.4141872225561648,0.0,0.082835,0.02486290945253211,0.0719641886983373,1,1,1,4,2
13,15,2024-10-27_2024-11-02,40000,20000,20000,0.924925,0.9215660668111891,0.9805675762500001,0.457175,0.4305209861905316,0.0,0.09630666666666667,0.08954155079596797,0.07097682306249119,3,3,2,1,3,0.93995,0.9379231922261849,0.98815720375,0.46735,0.42900851754432656,0.0,0.09861,0.06016169585191149,0.1392470856086477,2,2,3,2,1,0.840125,0.8160506256292248,0.9244233887500002,0.369125,0.3557867470396023,0.0,0.19064833333333334,0.02298951487938121,0.03258029592321232,5,5,5,5,4,0.90885,0.905022402834219,0.9736418075,0.4597,0.3802647920663124,0.0,0.11766,0.03893953056085841,0.00042737403093489793,4,4,4,3,5,0.943075,0.9411369335366957,0.99064505125,0.467075,0.4141872225561648,0.0,0.094305,0.02486290945253211,0.0719641886983373,1,1,1,4,2
13,20,2024-10-27_2024-11-02,40000,20000,20000,0.924925,0.9215660668111891,0.9805675762500001,0.457175,0.4305209861905316,0.0,0.1034425,0.08954155079596797,0.07097682306249119,3,3,2,1,3,0.93995,0.9379231922261849,0.98815720375,0.46735,0.42900851754432656,0.0,0.10571125,0.06016169585191149,0.1392470856086477,2,2,3,2,1,0.840125,0.8160506256292248,0.9244233887500002,0.369125,0.3557867470396023,0.0,0.19674625,0.02298951487938121,0.03258029592321232,5,5,5,5,4,0.90885,0.905022402834219,0.9736418075,0.4597,0.3802647920663124,0.0,0.12671875,0.03893953056085841,0.00042737403093489793,4,4,4,3,5,0.943075,0.9411369335366957,0.99064505125,0.467075,0.4141872225561648,0.0,0.10234875,0.02486290945253211,0.0719641886983373,1,1,1,4,2
13,5,2024-11-03_2024-11-09,40000,20000,20000,0.93645,0.9345587478117598,0.98493815875,0.4711,0.4352940664505577,0.0,0.058805,0.08316924700200592,0.061188087026957175,3,3,2,1,3,0.943475,0.9421605996265126,0.9892578,0.477275,0.43455769824104085,0.0,0.05964,0.06054509786745768,0.0940073085702035,2,2,3,2,1,0.880575,0.8693130522802506,0.94417325875,0.413825,0.3645307081578469,0.0,0.162295,0.025807079179249792,0.03469842090958752,5,5,5,5,4,0.9126,0.9106887390149193,0.9745841150000001,0.4786,0.38976942813154825,0.0,0.07985,0.04843507578761167,0.000490138438995385,4,4,4,3,5,0.950425,0.9493292449214258,0.9915261025,0.478375,0.4196212730136278,0.0,0.057455,0.03185800653886435,0.0615022047632488,1,1,1,4,2
13,10,2024-11-03_2024-11-09,40000,20000,20000,0.93645,0.9345587478117598,0.98493815875,0.4711,0.4352940664505577,0.0,0.0737725,0.08316924700200592,0.061188087026957175,3,3,1,1,3,0.943475,0.9421605996265126,0.9892578,0.477275,0.43455769824104085,0.0,0.076405,0.06054509786745768,0.0940073085702035,2,2,3,2,1,0.880575,0.8693130522802506,0.94417325875,0.413825,0.3645307081578469,0.0,0.1661,0.025807079179249792,0.03469842090958752,5,5,5,5,4,0.9126,0.9106887390149193,0.9745841150000001,0.4786,0.38976942813154825,0.0,0.1014875,0.04843507578761167,0.000490138438995385,4,4,4,3,5,0.950425,0.9493292449214258,0.9915261025,0.478375,0.4196212730136278,0.0,0.0738,0.03185800653886435,0.0615022047632488,1,1,2,4,2
13,15,2024-11-03_2024-11-09,40000,20000,20000,0.93645,0.9345587478117598,0.98493815875,0.4711,0.4352940664505577,0.0,0.08323666666666667,0.08316924700200592,0.061188087026957175,3,3,2,1,3,0.943475,0.9421605996265126,0.9892578,0.477275,0.43455769824104085,0.0,0.08595666666666667,0.06054509786745768,0.0940073085702035,2,2,3,2,1,0.880575,0.8693130522802506,0.94417325875,0.413825,0.3645307081578469,0.0,0.17281166666666667,0.025807079179249792,0.03469842090958752,5,5,5,5,4,0.9126,0.9106887390149193,0.9745841150000001,0.4786,0.38976942813154825,0.0,0.11291666666666667,0.04843507578761167,0.000490138438995385,4,4,4,3,5,0.950425,0.9493292449214258,0.9915261025,0.478375,0.4196212730136278,0.0,0.083055,0.03185800653886435,0.0615022047632488,1,1,1,4,2
13,20,2024-11-03_2024-11-09,40000,20000,20000,0.93645,0.9345587478117598,0.98493815875,0.4711,0.4352940664505577,0.0,0.09079875,0.08316924700200592,0.061188087026957175,3,3,2,1,3,0.943475,0.9421605996265126,0.9892578,0.477275,0.43455769824104085,0.0,0.09330375,0.06054509786745768,0.0940073085702035,2,2,3,2,1,0.880575,0.8693130522802506,0.94417325875,0.413825,0.3645307081578469,0.0,0.1738125,0.025807079179249792,0.03469842090958752,5,5,5,5,4,0.9126,0.9106887390149193,0.9745841150000001,0.4786,0.38976942813154825,0.0,0.12060875,0.04843507578761167,0.000490138438995385,4,4,4,3,5,0.950425,0.9493292449214258,0.9915261025,0.478375,0.4196212730136278,0.0,0.09073625,0.03185800653886435,0.0615022047632488,1,1,1,4,2
13,5,2024-11-10_2024-11-16,40000,20000,20000,0.931225,0.9284432305891533,0.98352651375,0.461125,0.43382158555427575,0.0,0.063995,0.0948612141689352,0.07004058014335401,3,3,3,1,3,0.938425,0.9365222545810675,0.9882364100000002,0.470025,0.43392983146519093,0.0,0.062625,0.05984917423675863,0.102553098166581,2,2,2,2,1,0.867025,0.8511959714645405,0.9295868675,0.393625,0.35929898036610164,0.0,0.151825,0.024175755598538864,0.02804438915444707,5,5,5,5,4,0.90925,0.9061093580259687,0.97465715875,0.46655,0.3868065592407021,0.0,0.081795,0.046725816275658846,0.0004310328108984721,4,4,4,3,5,0.9468,0.9452674897119342,0.9912683824999999,0.472,0.4177849105170955,0.0,0.062405,0.031295995924162656,0.07055074044627274,1,1,1,4,2
13,10,2024-11-10_2024-11-16,40000,20000,20000,0.931225,0.9284432305891533,0.98352651375,0.461125,0.43382158555427575,0.0,0.080735,0.0948612141689352,0.07004058014335401,3,3,3,1,3,0.938425,0.9365222545810675,0.9882364100000002,0.470025,0.43392983146519093,0.0,0.079485,0.05984917423675863,0.102553098166581,2,2,2,2,1,0.867025,0.8511959714645405,0.9295868675,0.393625,0.35929898036610164,0.0,0.1833975,0.024175755598538864,0.02804438915444707,5,5,5,5,4,0.90925,0.9061093580259687,0.97465715875,0.46655,0.3868065592407021,0.0,0.102355,0.046725816275658846,0.0004310328108984721,4,4,4,3,5,0.9468,0.9452674897119342,0.9912683824999999,0.472,0.4177849105170955,0.0,0.078315,0.031295995924162656,0.07055074044627274,1,1,1,4,2
13,15,2024-11-10_2024-11-16,40000,20000,20000,0.931225,0.9284432305891533,0.98352651375,0.461125,0.43382158555427575,0.0,0.089985,0.0948612141689352,0.07004058014335401,3,3,3,1,3,0.938425,0.9365222545810675,0.9882364100000002,0.470025,0.43392983146519093,0.0,0.08983666666666666,0.05984917423675863,0.102553098166581,2,2,2,2,1,0.867025,0.8511959714645405,0.9295868675,0.393625,0.35929898036610164,0.0,0.19879,0.024175755598538864,0.02804438915444707,5,5,5,5,4,0.90925,0.9061093580259687,0.97465715875,0.46655,0.3868065592407021,0.0,0.11438333333333334,0.046725816275658846,0.0004310328108984721,4,4,4,3,5,0.9468,0.9452674897119342,0.9912683824999999,0.472,0.4177849105170955,0.0,0.087915,0.031295995924162656,0.07055074044627274,1,1,1,4,2
13,20,2024-11-10_2024-11-16,40000,20000,20000,0.931225,0.9284432305891533,0.98352651375,0.461125,0.43382158555427575,0.0,0.0968425,0.0948612141689352,0.07004058014335401,3,3,2,1,3,0.938425,0.9365222545810675,0.9882364100000002,0.470025,0.43392983146519093,0.0,0.097725,0.05984917423675863,0.102553098166581,2,2,3,2,1,0.867025,0.8511959714645405,0.9295868675,0.393625,0.35929898036610164,0.0,0.20098625,0.024175755598538864,0.02804438915444707,5,5,5,5,4,0.90925,0.9061093580259687,0.97465715875,0.46655,0.3868065592407021,0.0,0.122565,0.046725816275658846,0.0004310328108984721,4,4,4,3,5,0.9468,0.9452674897119342,0.9912683824999999,0.472,0.4177849105170955,0.0,0.09615,0.031295995924162656,0.07055074044627274,1,1,1,4,2
13,5,2024-11-17_2024-11-23,40000,20000,20000,0.916825,0.9120376490495201,0.979006285,0.445575,0.43085149163140074,0.0,0.06731,0.10216435153541888,0.07952495163018608,3,3,3,1,3,0.93215,0.92961253177032,0.98655898375,0.46395,0.42588925184875337,0.0,0.063935,0.06682048982013424,0.13981396543872673,2,2,2,2,1,0.86435,0.8476013931018986,0.9236291525,0.3901,0.36078340316576735,0.0,0.17991,0.021411324005986707,0.02421196264680528,5,5,5,5,4,0.89625,0.8912245753826799,0.96899012375,0.4538,0.3762527152777777,0.0,0.0838,0.0436217586688789,0.0009452682266101143,4,4,4,3,5,0.93705,0.9342558746736292,0.98939281125,0.4575,0.4108900723605737,0.0,0.063155,0.030379042262186563,0.08030688085273886,1,1,1,4,2
13,10,2024-11-17_2024-11-23,40000,20000,20000,0.916825,0.9120376490495201,0.979006285,0.445575,0.43085149163140074,0.0,0.08268,0.10216435153541888,0.07952495163018608,3,3,3,1,3,0.93215,0.92961253177032,0.98655898375,0.46395,0.42588925184875337,0.0,0.0810625,0.06682048982013424,0.13981396543872673,2,2,2,2,1,0.86435,0.8476013931018986,0.9236291525,0.3901,0.36078340316576735,0.0,0.16701,0.021411324005986707,0.02421196264680528,5,5,5,5,4,0.89625,0.8912245753826799,0.96899012375,0.4538,0.3762527152777777,0.0,0.1047175,0.0436217586688789,0.0009452682266101143,4,4,4,3,5,0.93705,0.9342558746736292,0.98939281125,0.4575,0.4108900723605737,0.0,0.07962,0.030379042262186563,0.08030688085273886,1,1,1,4,2
13,15,2024-11-17_2024-11-23,40000,20000,20000,0.916825,0.9120376490495201,0.979006285,0.445575,0.43085149163140074,0.0,0.09274333333333333,0.10216435153541888,0.07952495163018608,3,3,3,1,3,0.93215,0.92961253177032,0.98655898375,0.46395,0.42588925184875337,0.0,0.09177833333333334,0.06682048982013424,0.13981396543872673,2,2,2,2,1,0.86435,0.8476013931018986,0.9236291525,0.3901,0.36078340316576735,0.0,0.17743,0.021411324005986707,0.02421196264680528,5,5,5,5,4,0.89625,0.8912245753826799,0.96899012375,0.4538,0.3762527152777777,0.0,0.11660666666666666,0.0436217586688789,0.0009452682266101143,4,4,4,3,5,0.93705,0.9342558746736292,0.98939281125,0.4575,0.4108900723605737,0.0,0.08951333333333333,0.030379042262186563,0.08030688085273886,1,1,1,4,2
13,20,2024-11-17_2024-11-23,40000,20000,20000,0.916825,0.9120376490495201,0.979006285,0.445575,0.43085149163140074,0.0,0.099405,0.10216435153541888,0.07952495163018608,3,3,2,1,3,0.93215,0.92961253177032,0.98655898375,0.46395,0.42588925184875337,0.0,0.09993375,0.06682048982013424,0.13981396543872673,2,2,3,2,1,0.86435,0.8476013931018986,0.9236291525,0.3901,0.36078340316576735,0.0,0.18550875,0.021411324005986707,0.02421196264680528,5,5,5,5,4,0.89625,0.8912245753826799,0.96899012375,0.4538,0.3762527152777777,0.0,0.12521375,0.0436217586688789,0.0009452682266101143,4,4,4,3,5,0.93705,0.9342558746736292,0.98939281125,0.4575,0.4108900723605737,0.0,0.0979225,0.030379042262186563,0.08030688085273886,1,1,1,4,2
13,5,2024-11-24_2024-11-30,40000,20000,20000,0.92925,0.9267939365719903,0.9820606900000001,0.46645,0.4313096751247677,0.0,0.06326,0.08962703089990715,0.07093790809337674,3,3,2,1,3,0.9406,0.9392078599938594,0.9878976850000002,0.4771,0.43062734497945065,0.0,0.06518,0.061916817301432794,0.10519595481246313,2,2,3,2,1,0.876,0.86331569664903,0.9377128587500001,0.4072,0.36961111562730803,0.0,0.14651,0.025223753321394593,0.03411346476896929,5,5,5,4,4,0.89935,0.8952380952380953,0.9698444424999999,0.46075,0.3772926587828993,0.0,0.08124,0.03278077048062703,0.00031192476224044913,4,4,4,3,5,0.948925,0.9475602556533792,0.9911614737500001,0.473975,0.41362309465381647,0.0,0.062835,0.024442994526748446,0.07142986341205743,1,1,1,5,2
13,10,2024-11-24_2024-11-30,40000,20000,20000,0.92925,0.9267939365719903,0.9820606900000001,0.46645,0.4313096751247677,0.0,0.07942,0.08962703089990715,0.07093790809337674,3,3,2,1,3,0.9406,0.9392078599938594,0.9878976850000002,0.4771,0.43062734497945065,0.0,0.0830825,0.061916817301432794,0.10519595481246313,2,2,3,2,1,0.876,0.86331569664903,0.9377128587500001,0.4072,0.36961111562730803,0.0,0.148485,0.025223753321394593,0.03411346476896929,5,5,5,4,4,0.89935,0.8952380952380953,0.9698444424999999,0.46075,0.3772926587828993,0.0,0.1033675,0.03278077048062703,0.00031192476224044913,4,4,4,3,5,0.948925,0.9475602556533792,0.9911614737500001,0.473975,0.41362309465381647,0.0,0.0788375,0.024442994526748446,0.07142986341205743,1,1,1,5,2
13,15,2024-11-24_2024-11-30,40000,20000,20000,0.92925,0.9267939365719903,0.9820606900000001,0.46645,0.4313096751247677,0.0,0.08897666666666666,0.08962703089990715,0.07093790809337674,3,3,2,1,3,0.9406,0.9392078599938594,0.9878976850000002,0.4771,0.43062734497945065,0.0,0.09331333333333333,0.061916817301432794,0.10519595481246313,2,2,3,2,1,0.876,0.86331569664903,0.9377128587500001,0.4072,0.36961111562730803,0.0,0.16243833333333332,0.025223753321394593,0.03411346476896929,5,5,5,4,4,0.89935,0.8952380952380953,0.9698444424999999,0.46075,0.3772926587828993,0.0,0.11601833333333333,0.03278077048062703,0.00031192476224044913,4,4,4,3,5,0.948925,0.9475602556533792,0.9911614737500001,0.473975,0.41362309465381647,0.0,0.08889833333333333,0.024442994526748446,0.07142986341205743,1,1,1,5,2
13,20,2024-11-24_2024-11-30,40000,20000,20000,0.92925,0.9267939365719903,0.9820606900000001,0.46645,0.4313096751247677,0.0,0.09628875,0.08962703089990715,0.07093790809337674,3,3,1,1,3,0.9406,0.9392078599938594,0.9878976850000002,0.4771,0.43062734497945065,0.0,0.101505,0.061916817301432794,0.10519595481246313,2,2,3,2,1,0.876,0.86331569664903,0.9377128587500001,0.4072,0.36961111562730803,0.0,0.17168125,0.025223753321394593,0.03411346476896929,5,5,5,4,4,0.89935,0.8952380952380953,0.9698444424999999,0.46075,0.3772926587828993,0.0,0.12427875,0.03278077048062703,0.00031192476224044913,4,4,4,3,5,0.948925,0.9475602556533792,0.9911614737500001,0.473975,0.41362309465381647,0.0,0.09708875,0.024442994526748446,0.07142986341205743,1,1,2,5,2
13,5,2024-12-01_2024-12-07,40000,20000,20000,0.923,0.9209283220373793,0.976515865,0.4738,0.4265295560484857,0.0,0.06739,0.06832454133074779,0.07713579450649091,3,3,3,1,3,0.93375,0.9326556543837357,0.9843860625,0.48375,0.42799838429980946,0.0,0.06342,0.05236187826692238,0.11299918856425287,2,2,2,2,1,0.87785,0.8679744920017294,0.9446460050000001,0.4252,0.37801899997631216,0.0,0.13825,0.03194030725528522,0.03596371326955812,5,5,5,3,4,0.906825,0.9046290846746334,0.9690793687500001,0.476975,0.36789382224759637,0.0,0.08281,0.031497130270741885,0.00041659188899964404,4,4,4,4,5,0.940775,0.9397614870190963,0.987509645,0.483175,0.40817582729355434,0.0,0.060985,0.020173415212643125,0.07757254892769172,1,1,1,5,2
13,10,2024-12-01_2024-12-07,40000,20000,20000,0.923,0.9209283220373793,0.976515865,0.4738,0.4265295560484857,0.0,0.0852925,0.06832454133074779,0.07713579450649091,3,3,3,1,3,0.93375,0.9326556543837357,0.9843860625,0.48375,0.42799838429980946,0.0,0.0816775,0.05236187826692238,0.11299918856425287,2,2,2,2,1,0.87785,0.8679744920017294,0.9446460050000001,0.4252,0.37801899997631216,0.0,0.1580975,0.03194030725528522,0.03596371326955812,5,5,5,3,4,0.906825,0.9046290846746334,0.9690793687500001,0.476975,0.36789382224759637,0.0,0.104865,0.031497130270741885,0.00041659188899964404,4,4,4,4,5,0.940775,0.9397614870190963,0.987509645,0.483175,0.40817582729355434,0.0,0.0784925,0.020173415212643125,0.07757254892769172,1,1,1,5,2
13,15,2024-12-01_2024-12-07,40000,20000,20000,0.923,0.9209283220373793,0.976515865,0.4738,0.4265295560484857,0.0,0.096085,0.06832454133074779,0.07713579450649091,3,3,3,1,3,0.93375,0.9326556543837357,0.9843860625,0.48375,0.42799838429980946,0.0,0.09386166666666666,0.05236187826692238,0.11299918856425287,2,2,2,2,1,0.87785,0.8679744920017294,0.9446460050000001,0.4252,0.37801899997631216,0.0,0.16397833333333334,0.03194030725528522,0.03596371326955812,5,5,5,3,4,0.906825,0.9046290846746334,0.9690793687500001,0.476975,0.36789382224759637,0.0,0.11717333333333334,0.031497130270741885,0.00041659188899964404,4,4,4,4,5,0.940775,0.9397614870190963,0.987509645,0.483175,0.40817582729355434,0.0,0.090765,0.020173415212643125,0.07757254892769172,1,1,1,5,2
13,20,2024-12-01_2024-12-07,40000,20000,20000,0.923,0.9209283220373793,0.976515865,0.4738,0.4265295560484857,0.0,0.1033925,0.06832454133074779,0.07713579450649091,3,3,3,1,3,0.93375,0.9326556543837357,0.9843860625,0.48375,0.42799838429980946,0.0,0.10280625,0.05236187826692238,0.11299918856425287,2,2,2,2,1,0.87785,0.8679744920017294,0.9446460050000001,0.4252,0.37801899997631216,0.0,0.17377375,0.03194030725528522,0.03596371326955812,5,5,5,3,4,0.906825,0.9046290846746334,0.9690793687500001,0.476975,0.36789382224759637,0.0,0.12625125,0.031497130270741885,0.00041659188899964404,4,4,4,4,5,0.940775,0.9397614870190963,0.987509645,0.483175,0.40817582729355434,0.0,0.0990375,0.020173415212643125,0.07757254892769172,1,1,1,5,2
13,5,2024-12-08_2024-12-14,40000,20000,20000,0.92115,0.9185686254260044,0.9781166275000001,0.4683,0.42800944702710897,0.0,0.06876,0.09068306686989852,0.07368163191456413,3,3,2,1,3,0.934525,0.9327961817761925,0.9850530712500001,0.474275,0.4301279107621324,0.0,0.068855,0.06610309261000104,0.15669155876528523,2,2,3,2,1,0.87745,0.8660069975945769,0.94387158125,0.4146,0.3732945420791133,0.0,0.132425,0.033792081681499005,0.03734446927240709,5,5,5,4,4,0.912625,0.908906091172101,0.975870655,0.459175,0.37969523861341364,0.0,0.08084,0.04160309944930778,0.0003564701191199827,4,4,4,3,5,0.942675,0.9412247199651398,0.988788905,0.475325,0.41364301739422604,0.0,0.06382,0.026614629705610633,0.07427574999480877,1,1,1,5,2
13,10,2024-12-08_2024-12-14,40000,20000,20000,0.92115,0.9185686254260044,0.9781166275000001,0.4683,0.42800944702710897,0.0,0.0859675,0.09068306686989852,0.07368163191456413,3,3,3,1,3,0.934525,0.9327961817761925,0.9850530712500001,0.474275,0.4301279107621324,0.0,0.0851125,0.06610309261000104,0.15669155876528523,2,2,2,2,1,0.87745,0.8660069975945769,0.94387158125,0.4146,0.3732945420791133,0.0,0.1575775,0.033792081681499005,0.03734446927240709,5,5,5,4,4,0.912625,0.908906091172101,0.975870655,0.459175,0.37969523861341364,0.0,0.0989675,0.04160309944930778,0.0003564701191199827,4,4,4,3,5,0.942675,0.9412247199651398,0.988788905,0.475325,0.41364301739422604,0.0,0.0815475,0.026614629705610633,0.07427574999480877,1,1,1,5,2
13,15,2024-12-08_2024-12-14,40000,20000,20000,0.92115,0.9185686254260044,0.9781166275000001,0.4683,0.42800944702710897,0.0,0.09566333333333334,0.09068306686989852,0.07368163191456413,3,3,2,1,3,0.934525,0.9327961817761925,0.9850530712500001,0.474275,0.4301279107621324,0.0,0.09645333333333334,0.06610309261000104,0.15669155876528523,2,2,3,2,1,0.87745,0.8660069975945769,0.94387158125,0.4146,0.3732945420791133,0.0,0.16020833333333334,0.033792081681499005,0.03734446927240709,5,5,5,4,4,0.912625,0.908906091172101,0.975870655,0.459175,0.37969523861341364,0.0,0.10948,0.04160309944930778,0.0003564701191199827,4,4,4,3,5,0.942675,0.9412247199651398,0.988788905,0.475325,0.41364301739422604,0.0,0.09192666666666667,0.026614629705610633,0.07427574999480877,1,1,1,5,2
13,20,2024-12-08_2024-12-14,40000,20000,20000,0.92115,0.9185686254260044,0.9781166275000001,0.4683,0.42800944702710897,0.0,0.10270125,0.09068306686989852,0.07368163191456413,3,3,2,1,3,0.934525,0.9327961817761925,0.9850530712500001,0.474275,0.4301279107621324,0.0,0.1052075,0.06610309261000104,0.15669155876528523,2,2,3,2,1,0.87745,0.8660069975945769,0.94387158125,0.4146,0.3732945420791133,0.0,0.16885125,0.033792081681499005,0.03734446927240709,5,5,5,4,4,0.912625,0.908906091172101,0.975870655,0.459175,0.37969523861341364,0.0,0.11684375,0.04160309944930778,0.0003564701191199827,4,4,4,3,5,0.942675,0.9412247199651398,0.988788905,0.475325,0.41364301739422604,0.0,0.101185,0.026614629705610633,0.07427574999480877,1,1,1,5,2
42,5,2024-09-22_2024-09-28,40000,20000,20000,0.9474,0.9462305136723741,0.98970944,0.47825,0.4522641891170177,0.0,0.05618,0.17925194181483803,0.09414723362459561,3,3,2,1,2,0.95325,0.9521151285465533,0.9927922924999999,0.4763,0.4506267959426742,0.0,0.05789,0.10147004324140574,0.07051702489229586,2,2,3,2,3,0.89,0.8795642415284393,0.9291736412500001,0.41335,0.3596554912651801,0.0,0.15318,0.05850457379192317,0.04301335641743624,5,5,5,5,4,0.932375,0.9301593039167592,0.98565729125,0.468275,0.4080814120144415,0.0,0.070505,0.0644597304442975,0.0003704880113277963,4,4,4,3,5,0.9546,0.9535668626949629,0.9937778637500001,0.47775,0.43780453529161845,0.0,0.05547,0.06285953281054427,0.09425071105064797,1,1,1,4,1
42,10,2024-09-22_2024-09-28,40000,20000,20000,0.9474,0.9462305136723741,0.98970944,0.47825,0.4522641891170177,0.0,0.0705175,0.17925194181483803,0.09414723362459561,3,3,1,1,2,0.95325,0.9521151285465533,0.9927922924999999,0.4763,0.4506267959426742,0.0,0.07487,0.10147004324140574,0.07051702489229586,2,2,3,2,3,0.89,0.8795642415284393,0.9291736412500001,0.41335,0.3596554912651801,0.0,0.1472575,0.05850457379192317,0.04301335641743624,5,5,5,5,4,0.932375,0.9301593039167592,0.98565729125,0.468275,0.4080814120144415,0.0,0.0885125,0.0644597304442975,0.0003704880113277963,4,4,4,3,5,0.9546,0.9535668626949629,0.9937778637500001,0.47775,0.43780453529161845,0.0,0.07065,0.06285953281054427,0.09425071105064797,1,1,2,4,1
42,15,2024-09-22_2024-09-28,40000,20000,20000,0.9474,0.9462305136723741,0.98970944,0.47825,0.4522641891170177,0.0,0.08003,0.17925194181483803,0.09414723362459561,3,3,2,1,2,0.95325,0.9521151285465533,0.9927922924999999,0.4763,0.4506267959426742,0.0,0.08490666666666667,0.10147004324140574,0.07051702489229586,2,2,3,2,3,0.89,0.8795642415284393,0.9291736412500001,0.41335,0.3596554912651801,0.0,0.16143833333333332,0.05850457379192317,0.04301335641743624,5,5,5,5,4,0.932375,0.9301593039167592,0.98565729125,0.468275,0.4080814120144415,0.0,0.098485,0.0644597304442975,0.0003704880113277963,4,4,4,3,5,0.9546,0.9535668626949629,0.9937778637500001,0.47775,0.43780453529161845,0.0,0.079505,0.06285953281054427,0.09425071105064797,1,1,1,4,1
42,20,2024-09-22_2024-09-28,40000,20000,20000,0.9474,0.9462305136723741,0.98970944,0.47825,0.4522641891170177,0.0,0.0871,0.17925194181483803,0.09414723362459561,3,3,2,1,2,0.95325,0.9521151285465533,0.9927922924999999,0.4763,0.4506267959426742,0.0,0.09255,0.10147004324140574,0.07051702489229586,2,2,3,2,3,0.89,0.8795642415284393,0.9291736412500001,0.41335,0.3596554912651801,0.0,0.16080125,0.05850457379192317,0.04301335641743624,5,5,5,5,4,0.932375,0.9301593039167592,0.98565729125,0.468275,0.4080814120144415,0.0,0.10509875,0.0644597304442975,0.0003704880113277963,4,4,4,3,5,0.9546,0.9535668626949629,0.9937778637500001,0.47775,0.43780453529161845,0.0,0.0863175,0.06285953281054427,0.09425071105064797,1,1,1,4,1
42,5,2024-09-29_2024-10-05,40000,20000,20000,0.947475,0.9462920831309594,0.989752105,0.477975,0.4548127906076244,0.0,0.054025,0.20279649232774138,0.09646786830625172,3,3,2,1,3,0.9577,0.9568235174032867,0.9934368712499999,0.4797,0.45316472893335635,0.0,0.05584,0.11695816275085992,0.12244037780693905,2,2,3,2,1,0.8955,0.8867454210469274,0.9397480549999999,0.4227,0.3690250616238482,0.0,0.109975,0.0781192130559892,0.05363247201200757,5,5,5,5,4,0.934275,0.932327730443512,0.9870155537499999,0.471225,0.4105017397216175,0.0,0.068495,0.08406233551341229,0.0007988917452528912,4,4,4,4,5,0.959925,0.9591602761713077,0.99495704,0.481275,0.4422764889821637,0.0,0.0532,0.08408425108021224,0.0966871587003825,1,1,1,3,2
42,10,2024-09-29_2024-10-05,40000,20000,20000,0.947475,0.9462920831309594,0.989752105,0.477975,0.4548127906076244,0.0,0.068365,0.20279649232774138,0.09646786830625172,3,3,2,1,3,0.9577,0.9568235174032867,0.9934368712499999,0.4797,0.45316472893335635,0.0,0.0713975,0.11695816275085992,0.12244037780693905,2,2,3,2,1,0.8955,0.8867454210469274,0.9397480549999999,0.4227,0.3690250616238482,0.0,0.141165,0.0781192130559892,0.05363247201200757,5,5,5,5,4,0.934275,0.932327730443512,0.9870155537499999,0.471225,0.4105017397216175,0.0,0.0852875,0.08406233551341229,0.0007988917452528912,4,4,4,4,5,0.959925,0.9591602761713077,0.99495704,0.481275,0.4422764889821637,0.0,0.0683625,0.08408425108021224,0.0966871587003825,1,1,1,3,2
42,15,2024-09-29_2024-10-05,40000,20000,20000,0.947475,0.9462920831309594,0.989752105,0.477975,0.4548127906076244,0.0,0.07676,0.20279649232774138,0.09646786830625172,3,3,1,1,3,0.9577,0.9568235174032867,0.9934368712499999,0.4797,0.45316472893335635,0.0,0.07989333333333333,0.11695816275085992,0.12244037780693905,2,2,3,2,1,0.8955,0.8867454210469274,0.9397480549999999,0.4227,0.3690250616238482,0.0,0.14370166666666667,0.0781192130559892,0.05363247201200757,5,5,5,5,4,0.934275,0.932327730443512,0.9870155537499999,0.471225,0.4105017397216175,0.0,0.09508,0.08406233551341229,0.0007988917452528912,4,4,4,4,5,0.959925,0.9591602761713077,0.99495704,0.481275,0.4422764889821637,0.0,0.07763666666666667,0.08408425108021224,0.0966871587003825,1,1,2,3,2
42,20,2024-09-29_2024-10-05,40000,20000,20000,0.947475,0.9462920831309594,0.989752105,0.477975,0.4548127906076244,0.0,0.0827175,0.20279649232774138,0.09646786830625172,3,3,1,1,3,0.9577,0.9568235174032867,0.9934368712499999,0.4797,0.45316472893335635,0.0,0.086095,0.11695816275085992,0.12244037780693905,2,2,3,2,1,0.8955,0.8867454210469274,0.9397480549999999,0.4227,0.3690250616238482,0.0,0.16478125,0.0781192130559892,0.05363247201200757,5,5,5,5,4,0.934275,0.932327730443512,0.9870155537499999,0.471225,0.4105017397216175,0.0,0.10182125,0.08406233551341229,0.0007988917452528912,4,4,4,4,5,0.959925,0.9591602761713077,0.99495704,0.481275,0.4422764889821637,0.0,0.0846325,0.08408425108021224,0.0966871587003825,1,1,2,3,2
42,5,2024-10-06_2024-10-12,40000,20000,20000,0.938675,0.9366787991429826,0.98600525875,0.468475,0.44040406639510615,0.0,0.06617,0.1392728092019682,0.09444656174167992,3,3,3,1,3,0.953325,0.9522200895713372,0.99170388,0.476875,0.4431452721846574,0.0,0.063225,0.07968059877479586,0.10798102242948807,2,1,1,2,1,0.841625,0.8170608449565393,0.9140653525,0.365725,0.3462383801506663,0.0,0.177895,0.028407389983903606,0.03219254620396581,5,5,5,5,4,0.912625,0.9084767067326577,0.97920794,0.454675,0.39209342444798123,0.0,0.08257,0.06481400763984818,0.0003300890945486467,4,4,4,3,5,0.95225,0.9509829081763589,0.9926987087500001,0.47415,0.42457695757223746,0.0,0.065115,0.04774989878684058,0.09466166457111794,1,2,2,4,2
42,10,2024-10-06_2024-10-12,40000,20000,20000,0.938675,0.9366787991429826,0.98600525875,0.468475,0.44040406639510615,0.0,0.081745,0.1392728092019682,0.09444656174167992,3,3,2,1,3,0.953325,0.9522200895713372,0.99170388,0.476875,0.4431452721846574,0.0,0.081335,0.07968059877479586,0.10798102242948807,2,1,1,2,1,0.841625,0.8170608449565393,0.9140653525,0.365725,0.3462383801506663,0.0,0.19379,0.028407389983903606,0.03219254620396581,5,5,5,5,4,0.912625,0.9084767067326577,0.97920794,0.454675,0.39209342444798123,0.0,0.10291,0.06481400763984818,0.0003300890945486467,4,4,4,3,5,0.95225,0.9509829081763589,0.9926987087500001,0.47415,0.42457695757223746,0.0,0.08225,0.04774989878684058,0.09466166457111794,1,2,3,4,2
42,15,2024-10-06_2024-10-12,40000,20000,20000,0.938675,0.9366787991429826,0.98600525875,0.468475,0.44040406639510615,0.0,0.09144166666666667,0.1392728092019682,0.09444656174167992,3,3,1,1,3,0.953325,0.9522200895713372,0.99170388,0.476875,0.4431452721846574,0.0,0.09192166666666667,0.07968059877479586,0.10798102242948807,2,1,3,2,1,0.841625,0.8170608449565393,0.9140653525,0.365725,0.3462383801506663,0.0,0.22049333333333335,0.028407389983903606,0.03219254620396581,5,5,5,5,4,0.912625,0.9084767067326577,0.97920794,0.454675,0.39209342444798123,0.0,0.11425333333333333,0.06481400763984818,0.0003300890945486467,4,4,4,3,5,0.95225,0.9509829081763589,0.9926987087500001,0.47415,0.42457695757223746,0.0,0.091755,0.04774989878684058,0.09466166457111794,1,2,2,4,2
42,20,2024-10-06_2024-10-12,40000,20000,20000,0.938675,0.9366787991429826,0.98600525875,0.468475,0.44040406639510615,0.0,0.09855,0.1392728092019682,0.09444656174167992,3,3,1,1,3,0.953325,0.9522200895713372,0.99170388,0.476875,0.4431452721846574,0.0,0.09954625,0.07968059877479586,0.10798102242948807,2,1,3,2,1,0.841625,0.8170608449565393,0.9140653525,0.365725,0.3462383801506663,0.0,0.22857125,0.028407389983903606,0.03219254620396581,5,5,5,5,4,0.912625,0.9084767067326577,0.97920794,0.454675,0.39209342444798123,0.0,0.12238125,0.06481400763984818,0.0003300890945486467,4,4,4,3,5,0.95225,0.9509829081763589,0.9926987087500001,0.47415,0.42457695757223746,0.0,0.09858,0.04774989878684058,0.09466166457111794,1,2,2,4,2
42,5,2024-10-13_2024-10-19,40000,20000,20000,0.939775,0.9387941766813181,0.98546417375,0.483975,0.44449565554527265,0.0,0.06099,0.14048863404137088,0.09982019748926454,3,3,2,1,3,0.9531,0.9521818923327896,0.9916496387500001,0.4808,0.44395967227579164,0.0,0.062225,0.082242521275856,0.13481216702993443,2,1,3,2,1,0.8802,0.8690424136423262,0.94183702625,0.4148,0.37226264997309827,0.0,0.16683,0.04464317900222621,0.0490973740530317,5,5,5,5,4,0.92,0.9176149528860512,0.9791369799999999,0.47105,0.39792225274205445,0.0,0.07967,0.05512414316532956,0.0005226593334812179,4,4,4,3,5,0.95185,0.9508096235378249,0.99288324625,0.47885,0.43151048691659855,0.0,0.060035,0.04719883284703708,0.10022886760958007,1,2,1,4,2
42,10,2024-10-13_2024-10-19,40000,20000,20000,0.939775,0.9387941766813181,0.98546417375,0.483975,0.44449565554527265,0.0,0.0768825,0.14048863404137088,0.09982019748926454,3,3,2,1,3,0.9531,0.9521818923327896,0.9916496387500001,0.4808,0.44395967227579164,0.0,0.07747,0.082242521275856,0.13481216702993443,2,1,3,2,1,0.8802,0.8690424136423262,0.94183702625,0.4148,0.37226264997309827,0.0,0.173805,0.04464317900222621,0.0490973740530317,5,5,5,5,4,0.92,0.9176149528860512,0.9791369799999999,0.47105,0.39792225274205445,0.0,0.0990825,0.05512414316532956,0.0005226593334812179,4,4,4,3,5,0.95185,0.9508096235378249,0.99288324625,0.47885,0.43151048691659855,0.0,0.0761625,0.04719883284703708,0.10022886760958007,1,2,1,4,2
42,15,2024-10-13_2024-10-19,40000,20000,20000,0.939775,0.9387941766813181,0.98546417375,0.483975,0.44449565554527265,0.0,0.08689333333333334,0.14048863404137088,0.09982019748926454,3,3,2,1,3,0.9531,0.9521818923327896,0.9916496387500001,0.4808,0.44395967227579164,0.0,0.08742333333333334,0.082242521275856,0.13481216702993443,2,1,3,2,1,0.8802,0.8690424136423262,0.94183702625,0.4148,0.37226264997309827,0.0,0.17987333333333333,0.04464317900222621,0.0490973740530317,5,5,5,5,4,0.92,0.9176149528860512,0.9791369799999999,0.47105,0.39792225274205445,0.0,0.110685,0.05512414316532956,0.0005226593334812179,4,4,4,3,5,0.95185,0.9508096235378249,0.99288324625,0.47885,0.43151048691659855,0.0,0.086715,0.04719883284703708,0.10022886760958007,1,2,1,4,2
42,20,2024-10-13_2024-10-19,40000,20000,20000,0.939775,0.9387941766813181,0.98546417375,0.483975,0.44449565554527265,0.0,0.0942875,0.14048863404137088,0.09982019748926454,3,3,2,1,3,0.9531,0.9521818923327896,0.9916496387500001,0.4808,0.44395967227579164,0.0,0.09467125,0.082242521275856,0.13481216702993443,2,1,3,2,1,0.8802,0.8690424136423262,0.94183702625,0.4148,0.37226264997309827,0.0,0.1909075,0.04464317900222621,0.0490973740530317,5,5,5,5,4,0.92,0.9176149528860512,0.9791369799999999,0.47105,0.39792225274205445,0.0,0.119205,0.05512414316532956,0.0005226593334812179,4,4,4,3,5,0.95185,0.9508096235378249,0.99288324625,0.47885,0.43151048691659855,0.0,0.09419625,0.04719883284703708,0.10022886760958007,1,2,1,4,2
42,5,2024-10-20_2024-10-26,40000,20000,20000,0.942375,0.940874695395665,0.9875269774999998,0.474625,0.4452799676808694,0.0,0.060495,0.12774644833949583,0.09039919594082019,3,3,3,1,3,0.9539,0.9529615835926738,0.991837015,0.48005,0.44328691479208976,0.0,0.05827,0.0746311095725192,0.23417991120241338,2,2,2,2,1,0.868375,0.8534038702491995,0.9326787575000002,0.397875,0.36464007630031103,0.0,0.13719,0.03319633745041349,0.04099753045143616,5,5,5,5,4,0.924,0.9218267846122197,0.9806792849999999,0.4722,0.3981283936427382,0.0,0.075865,0.05796824655803107,0.0002634932591522163,4,4,4,3,5,0.95575,0.9549251298767444,0.99363134375,0.4817,0.4319131400763092,0.0,0.054385,0.040854463233146565,0.09081089128261816,1,1,1,4,2
42,10,2024-10-20_2024-10-26,40000,20000,20000,0.942375,0.940874695395665,0.9875269774999998,0.474625,0.4452799676808694,0.0,0.0738725,0.12774644833949583,0.09039919594082019,3,3,2,1,3,0.9539,0.9529615835926738,0.991837015,0.48005,0.44328691479208976,0.0,0.0746725,0.0746311095725192,0.23417991120241338,2,2,3,2,1,0.868375,0.8534038702491995,0.9326787575000002,0.397875,0.36464007630031103,0.0,0.152965,0.03319633745041349,0.04099753045143616,5,5,5,5,4,0.924,0.9218267846122197,0.9806792849999999,0.4722,0.3981283936427382,0.0,0.093565,0.05796824655803107,0.0002634932591522163,4,4,4,3,5,0.95575,0.9549251298767444,0.99363134375,0.4817,0.4319131400763092,0.0,0.0702975,0.040854463233146565,0.09081089128261816,1,1,1,4,2
42,15,2024-10-20_2024-10-26,40000,20000,20000,0.942375,0.940874695395665,0.9875269774999998,0.474625,0.4452799676808694,0.0,0.082975,0.12774644833949583,0.09039919594082019,3,3,2,1,3,0.9539,0.9529615835926738,0.991837015,0.48005,0.44328691479208976,0.0,0.08474166666666667,0.0746311095725192,0.23417991120241338,2,2,3,2,1,0.868375,0.8534038702491995,0.9326787575000002,0.397875,0.36464007630031103,0.0,0.17702833333333334,0.03319633745041349,0.04099753045143616,5,5,5,5,4,0.924,0.9218267846122197,0.9806792849999999,0.4722,0.3981283936427382,0.0,0.10378833333333333,0.05796824655803107,0.0002634932591522163,4,4,4,3,5,0.95575,0.9549251298767444,0.99363134375,0.4817,0.4319131400763092,0.0,0.08096666666666667,0.040854463233146565,0.09081089128261816,1,1,1,4,2
42,20,2024-10-20_2024-10-26,40000,20000,20000,0.942375,0.940874695395665,0.9875269774999998,0.474625,0.4452799676808694,0.0,0.08971625,0.12774644833949583,0.09039919594082019,3,3,2,1,3,0.9539,0.9529615835926738,0.991837015,0.48005,0.44328691479208976,0.0,0.0916825,0.0746311095725192,0.23417991120241338,2,2,3,2,1,0.868375,0.8534038702491995,0.9326787575000002,0.397875,0.36464007630031103,0.0,0.18629375,0.03319633745041349,0.04099753045143616,5,5,5,5,4,0.924,0.9218267846122197,0.9806792849999999,0.4722,0.3981283936427382,0.0,0.11170625,0.05796824655803107,0.0002634932591522163,4,4,4,3,5,0.95575,0.9549251298767444,0.99363134375,0.4817,0.4319131400763092,0.0,0.089265,0.040854463233146565,0.09081089128261816,1,1,1,4,2
42,5,2024-10-27_2024-11-02,40000,20000,20000,0.92715,0.9242369091570901,0.98201978625,0.46155,0.4305960129856214,0.0,0.068075,0.08993315426003919,0.07084047953222615,3,3,2,1,3,0.943275,0.9416033972461717,0.98837165875,0.471375,0.4307199286625391,0.0,0.068185,0.06062509667967642,0.10605763227971282,2,2,3,2,1,0.839925,0.8152252330245577,0.92414248375,0.366325,0.353747956452827,0.0,0.19827,0.023183437183122668,0.032674190438553824,5,5,5,5,4,0.90745,0.9040286203142013,0.973506025,0.46435,0.3800351868161775,0.0,0.083765,0.039159095382793045,0.00038236251976766215,4,4,4,3,5,0.94555,0.9439584191025113,0.99073213875,0.4716,0.41411786092606234,0.0,0.06445,0.024765294239736467,0.07180905373311838,1,1,1,4,2
42,10,2024-10-27_2024-11-02,40000,20000,20000,0.92715,0.9242369091570901,0.98201978625,0.46155,0.4305960129856214,0.0,0.0866725,0.08993315426003919,0.07084047953222615,3,3,3,1,3,0.943275,0.9416033972461717,0.98837165875,0.471375,0.4307199286625391,0.0,0.0866425,0.06062509667967642,0.10605763227971282,2,2,2,2,1,0.839925,0.8152252330245577,0.92414248375,0.366325,0.353747956452827,0.0,0.208345,0.023183437183122668,0.032674190438553824,5,5,5,5,4,0.90745,0.9040286203142013,0.973506025,0.46435,0.3800351868161775,0.0,0.105535,0.039159095382793045,0.00038236251976766215,4,4,4,3,5,0.94555,0.9439584191025113,0.99073213875,0.4716,0.41411786092606234,0.0,0.0827675,0.024765294239736467,0.07180905373311838,1,1,1,4,2
42,15,2024-10-27_2024-11-02,40000,20000,20000,0.92715,0.9242369091570901,0.98201978625,0.46155,0.4305960129856214,0.0,0.096285,0.08993315426003919,0.07084047953222615,3,3,2,1,3,0.943275,0.9416033972461717,0.98837165875,0.471375,0.4307199286625391,0.0,0.09750833333333334,0.06062509667967642,0.10605763227971282,2,2,3,2,1,0.839925,0.8152252330245577,0.92414248375,0.366325,0.353747956452827,0.0,0.212125,0.023183437183122668,0.032674190438553824,5,5,5,5,4,0.90745,0.9040286203142013,0.973506025,0.46435,0.3800351868161775,0.0,0.11796166666666667,0.039159095382793045,0.00038236251976766215,4,4,4,3,5,0.94555,0.9439584191025113,0.99073213875,0.4716,0.41411786092606234,0.0,0.09462166666666667,0.024765294239736467,0.07180905373311838,1,1,1,4,2
42,20,2024-10-27_2024-11-02,40000,20000,20000,0.92715,0.9242369091570901,0.98201978625,0.46155,0.4305960129856214,0.0,0.10408375,0.08993315426003919,0.07084047953222615,3,3,2,1,3,0.943275,0.9416033972461717,0.98837165875,0.471375,0.4307199286625391,0.0,0.105715,0.06062509667967642,0.10605763227971282,2,2,3,2,1,0.839925,0.8152252330245577,0.92414248375,0.366325,0.353747956452827,0.0,0.2196075,0.023183437183122668,0.032674190438553824,5,5,5,5,4,0.90745,0.9040286203142013,0.973506025,0.46435,0.3800351868161775,0.0,0.12697125,0.039159095382793045,0.00038236251976766215,4,4,4,3,5,0.94555,0.9439584191025113,0.99073213875,0.4716,0.41411786092606234,0.0,0.10215625,0.024765294239736467,0.07180905373311838,1,1,1,4,2
42,5,2024-11-03_2024-11-09,40000,20000,20000,0.9396,0.937933514874377,0.98635188375,0.47315,0.4343518499129457,0.0,0.0594,0.08367756012672928,0.060800673814961,3,3,3,1,3,0.949175,0.9480197386924395,0.9896929587499999,0.477775,0.4343412365430047,0.0,0.059165,0.0608985887375611,0.08910468441519989,2,2,2,2,1,0.88355,0.8728434155929242,0.94292754375,0.4158,0.36139812120924625,0.0,0.16348,0.026195371284094847,0.03441673002961838,5,5,5,5,4,0.90965,0.9077637690776377,0.9742714737500001,0.47955,0.3895414215305259,0.0,0.08023,0.04911541673843027,0.00048115703739214164,4,4,4,3,5,0.952,0.9509753855581656,0.9917396162500002,0.4791,0.419519138838933,0.0,0.05765,0.03228947215567549,0.06109456164874976,1,1,1,4,2
42,10,2024-11-03_2024-11-09,40000,20000,20000,0.9396,0.937933514874377,0.98635188375,0.47315,0.4343518499129457,0.0,0.0746375,0.08367756012672928,0.060800673814961,3,3,2,1,3,0.949175,0.9480197386924395,0.9896929587499999,0.477775,0.4343412365430047,0.0,0.0751325,0.0608985887375611,0.08910468441519989,2,2,3,2,1,0.88355,0.8728434155929242,0.94292754375,0.4158,0.36139812120924625,0.0,0.169605,0.026195371284094847,0.03441673002961838,5,5,5,5,4,0.90965,0.9077637690776377,0.9742714737500001,0.47955,0.3895414215305259,0.0,0.1001125,0.04911541673843027,0.00048115703739214164,4,4,4,3,5,0.952,0.9509753855581656,0.9917396162500002,0.4791,0.419519138838933,0.0,0.073415,0.03228947215567549,0.06109456164874976,1,1,1,4,2
42,15,2024-11-03_2024-11-09,40000,20000,20000,0.9396,0.937933514874377,0.98635188375,0.47315,0.4343518499129457,0.0,0.083615,0.08367756012672928,0.060800673814961,3,3,1,1,3,0.949175,0.9480197386924395,0.9896929587499999,0.477775,0.4343412365430047,0.0,0.08516166666666666,0.0608985887375611,0.08910468441519989,2,2,3,2,1,0.88355,0.8728434155929242,0.94292754375,0.4158,0.36139812120924625,0.0,0.17626666666666665,0.026195371284094847,0.03441673002961838,5,5,5,5,4,0.90965,0.9077637690776377,0.9742714737500001,0.47955,0.3895414215305259,0.0,0.11174333333333333,0.04911541673843027,0.00048115703739214164,4,4,4,3,5,0.952,0.9509753855581656,0.9917396162500002,0.4791,0.419519138838933,0.0,0.08418666666666667,0.03228947215567549,0.06109456164874976,1,1,2,4,2
42,20,2024-11-03_2024-11-09,40000,20000,20000,0.9396,0.937933514874377,0.98635188375,0.47315,0.4343518499129457,0.0,0.0907075,0.08367756012672928,0.060800673814961,3,3,1,1,3,0.949175,0.9480197386924395,0.9896929587499999,0.477775,0.4343412365430047,0.0,0.09236625,0.0608985887375611,0.08910468441519989,2,2,3,2,1,0.88355,0.8728434155929242,0.94292754375,0.4158,0.36139812120924625,0.0,0.18878125,0.026195371284094847,0.03441673002961838,5,5,5,5,4,0.90965,0.9077637690776377,0.9742714737500001,0.47955,0.3895414215305259,0.0,0.11956125,0.04911541673843027,0.00048115703739214164,4,4,4,3,5,0.952,0.9509753855581656,0.9917396162500002,0.4791,0.419519138838933,0.0,0.09186,0.03228947215567549,0.06109456164874976,1,1,2,4,2
42,5,2024-11-10_2024-11-16,40000,20000,20000,0.929975,0.9269488563753489,0.9835530762500001,0.458575,0.43227791951775646,0.0,0.06422,0.09390649492024786,0.06893268890819607,3,3,3,1,3,0.943475,0.9418482034927085,0.98902394,0.472025,0.4328464600808525,0.0,0.06329,0.05979422625522365,0.08890646805521606,2,2,2,2,1,0.8629,0.8455646296817798,0.9281209062500002,0.38775,0.35636367071318464,0.0,0.125015,0.02415568142554008,0.028866815209445937,5,5,5,5,4,0.906975,0.9036883654717225,0.9740030112499999,0.465875,0.3862837681161897,0.0,0.081315,0.04704895367973701,0.00039020777180346424,4,4,4,3,5,0.945575,0.9437801823205847,0.9914765600000001,0.468075,0.4168492464197069,0.0,0.062145,0.03129563232728029,0.06948068467629762,1,1,1,4,2
42,10,2024-11-10_2024-11-16,40000,20000,20000,0.929975,0.9269488563753489,0.9835530762500001,0.458575,0.43227791951775646,0.0,0.0814575,0.09390649492024786,0.06893268890819607,3,3,3,1,3,0.943475,0.9418482034927085,0.98902394,0.472025,0.4328464600808525,0.0,0.0798925,0.05979422625522365,0.08890646805521606,2,2,2,2,1,0.8629,0.8455646296817798,0.9281209062500002,0.38775,0.35636367071318464,0.0,0.1671575,0.02415568142554008,0.028866815209445937,5,5,5,5,4,0.906975,0.9036883654717225,0.9740030112499999,0.465875,0.3862837681161897,0.0,0.10118,0.04704895367973701,0.00039020777180346424,4,4,4,3,5,0.945575,0.9437801823205847,0.9914765600000001,0.468075,0.4168492464197069,0.0,0.077655,0.03129563232728029,0.06948068467629762,1,1,1,4,2
42,15,2024-11-10_2024-11-16,40000,20000,20000,0.929975,0.9269488563753489,0.9835530762500001,0.458575,0.43227791951775646,0.0,0.09039166666666666,0.09390649492024786,0.06893268890819607,3,3,3,1,3,0.943475,0.9418482034927085,0.98902394,0.472025,0.4328464600808525,0.0,0.08992,0.05979422625522365,0.08890646805521606,2,2,2,2,1,0.8629,0.8455646296817798,0.9281209062500002,0.38775,0.35636367071318464,0.0,0.16718,0.02415568142554008,0.028866815209445937,5,5,5,5,4,0.906975,0.9036883654717225,0.9740030112499999,0.465875,0.3862837681161897,0.0,0.11273833333333333,0.04704895367973701,0.00039020777180346424,4,4,4,3,5,0.945575,0.9437801823205847,0.9914765600000001,0.468075,0.4168492464197069,0.0,0.08748666666666667,0.03129563232728029,0.06948068467629762,1,1,1,4,2
42,20,2024-11-10_2024-11-16,40000,20000,20000,0.929975,0.9269488563753489,0.9835530762500001,0.458575,0.43227791951775646,0.0,0.09786,0.09390649492024786,0.06893268890819607,3,3,3,1,3,0.943475,0.9418482034927085,0.98902394,0.472025,0.4328464600808525,0.0,0.09783375,0.05979422625522365,0.08890646805521606,2,2,2,2,1,0.8629,0.8455646296817798,0.9281209062500002,0.38775,0.35636367071318464,0.0,0.170075,0.02415568142554008,0.028866815209445937,5,5,5,5,4,0.906975,0.9036883654717225,0.9740030112499999,0.465875,0.3862837681161897,0.0,0.12106375,0.04704895367973701,0.00039020777180346424,4,4,4,3,5,0.945575,0.9437801823205847,0.9914765600000001,0.468075,0.4168492464197069,0.0,0.0947725,0.03129563232728029,0.06948068467629762,1,1,1,4,2
42,5,2024-11-17_2024-11-23,40000,20000,20000,0.918875,0.9142192497819134,0.97908072375,0.445725,0.4308103351591568,0.0,0.068135,0.10168671134642511,0.08030644482749981,3,3,3,1,3,0.94055,0.9385021206165305,0.98787021125,0.4667,0.4275122912742255,0.0,0.064785,0.06640152850875829,0.15166380444050842,2,1,2,2,1,0.85735,0.8381276595744681,0.9213147162500002,0.38125,0.3601947603438646,0.0,0.18093,0.021289945229214288,0.02390193354153535,5,5,5,5,4,0.898275,0.8936848431008805,0.968648755,0.456825,0.3764845049307155,0.0,0.08369,0.043641971023952716,0.0010678721289805282,4,4,4,3,5,0.9366,0.9337374581939799,0.989713915,0.4568,0.41094443585355916,0.0,0.06322,0.030345120871146724,0.08107935061971847,1,2,1,4,2
42,10,2024-11-17_2024-11-23,40000,20000,20000,0.918875,0.9142192497819134,0.97908072375,0.445725,0.4308103351591568,0.0,0.084435,0.10168671134642511,0.08030644482749981,3,3,3,1,3,0.94055,0.9385021206165305,0.98787021125,0.4667,0.4275122912742255,0.0,0.08185,0.06640152850875829,0.15166380444050842,2,1,2,2,1,0.85735,0.8381276595744681,0.9213147162500002,0.38125,0.3601947603438646,0.0,0.20829,0.021289945229214288,0.02390193354153535,5,5,5,5,4,0.898275,0.8936848431008805,0.968648755,0.456825,0.3764845049307155,0.0,0.10384,0.043641971023952716,0.0010678721289805282,4,4,4,3,5,0.9366,0.9337374581939799,0.989713915,0.4568,0.41094443585355916,0.0,0.0792575,0.030345120871146724,0.08107935061971847,1,2,1,4,2
42,15,2024-11-17_2024-11-23,40000,20000,20000,0.918875,0.9142192497819134,0.97908072375,0.445725,0.4308103351591568,0.0,0.09427833333333334,0.10168671134642511,0.08030644482749981,3,3,3,1,3,0.94055,0.9385021206165305,0.98787021125,0.4667,0.4275122912742255,0.0,0.09258666666666666,0.06640152850875829,0.15166380444050842,2,1,2,2,1,0.85735,0.8381276595744681,0.9213147162500002,0.38125,0.3601947603438646,0.0,0.22242666666666666,0.021289945229214288,0.02390193354153535,5,5,5,5,4,0.898275,0.8936848431008805,0.968648755,0.456825,0.3764845049307155,0.0,0.11555666666666667,0.043641971023952716,0.0010678721289805282,4,4,4,3,5,0.9366,0.9337374581939799,0.989713915,0.4568,0.41094443585355916,0.0,0.089575,0.030345120871146724,0.08107935061971847,1,2,1,4,2
42,20,2024-11-17_2024-11-23,40000,20000,20000,0.918875,0.9142192497819134,0.97908072375,0.445725,0.4308103351591568,0.0,0.101,0.10168671134642511,0.08030644482749981,3,3,3,1,3,0.94055,0.9385021206165305,0.98787021125,0.4667,0.4275122912742255,0.0,0.1008225,0.06640152850875829,0.15166380444050842,2,1,2,2,1,0.85735,0.8381276595744681,0.9213147162500002,0.38125,0.3601947603438646,0.0,0.2128625,0.021289945229214288,0.02390193354153535,5,5,5,5,4,0.898275,0.8936848431008805,0.968648755,0.456825,0.3764845049307155,0.0,0.12461375,0.043641971023952716,0.0010678721289805282,4,4,4,3,5,0.9366,0.9337374581939799,0.989713915,0.4568,0.41094443585355916,0.0,0.09781,0.030345120871146724,0.08107935061971847,1,2,1,4,2
42,5,2024-11-24_2024-11-30,40000,20000,20000,0.929075,0.9266261476787793,0.9822264150000001,0.466625,0.4329686944737176,0.0,0.063825,0.08976906216063647,0.07371765354347598,3,3,2,1,3,0.944725,0.9432975149385787,0.98809255,0.474825,0.4313943090101333,0.0,0.064925,0.060145976718045356,0.10417442619777897,2,2,3,2,1,0.870175,0.8556738278535894,0.9365014300000001,0.399525,0.36802013415584645,0.0,0.126345,0.025594056023514843,0.034487508966699124,5,5,5,4,4,0.898275,0.8938290932811481,0.96897704375,0.458125,0.37642973187908246,0.0,0.082015,0.033179976453580784,0.00026728800397163944,4,4,4,3,5,0.945225,0.943485774716913,0.99106786375,0.469225,0.4128340980342467,0.0,0.06285,0.024583595041498176,0.07423108924190783,1,1,1,5,2
42,10,2024-11-24_2024-11-30,40000,20000,20000,0.929075,0.9266261476787793,0.9822264150000001,0.466625,0.4329686944737176,0.0,0.0798175,0.08976906216063647,0.07371765354347598,3,3,2,1,3,0.944725,0.9432975149385787,0.98809255,0.474825,0.4313943090101333,0.0,0.082615,0.060145976718045356,0.10417442619777897,2,2,3,2,1,0.870175,0.8556738278535894,0.9365014300000001,0.399525,0.36802013415584645,0.0,0.153715,0.025594056023514843,0.034487508966699124,5,5,5,4,4,0.898275,0.8938290932811481,0.96897704375,0.458125,0.37642973187908246,0.0,0.1040875,0.033179976453580784,0.00026728800397163944,4,4,4,3,5,0.945225,0.943485774716913,0.99106786375,0.469225,0.4128340980342467,0.0,0.079695,0.024583595041498176,0.07423108924190783,1,1,1,5,2
42,15,2024-11-24_2024-11-30,40000,20000,20000,0.929075,0.9266261476787793,0.9822264150000001,0.466625,0.4329686944737176,0.0,0.09014833333333333,0.08976906216063647,0.07371765354347598,3,3,2,1,3,0.944725,0.9432975149385787,0.98809255,0.474825,0.4313943090101333,0.0,0.09301166666666667,0.060145976718045356,0.10417442619777897,2,2,3,2,1,0.870175,0.8556738278535894,0.9365014300000001,0.399525,0.36802013415584645,0.0,0.15896833333333332,0.025594056023514843,0.034487508966699124,5,5,5,4,4,0.898275,0.8938290932811481,0.96897704375,0.458125,0.37642973187908246,0.0,0.11644666666666667,0.033179976453580784,0.00026728800397163944,4,4,4,3,5,0.945225,0.943485774716913,0.99106786375,0.469225,0.4128340980342467,0.0,0.08994166666666667,0.024583595041498176,0.07423108924190783,1,1,1,5,2
42,20,2024-11-24_2024-11-30,40000,20000,20000,0.929075,0.9266261476787793,0.9822264150000001,0.466625,0.4329686944737176,0.0,0.09718,0.08976906216063647,0.07371765354347598,3,3,1,1,3,0.944725,0.9432975149385787,0.98809255,0.474825,0.4313943090101333,0.0,0.100265,0.060145976718045356,0.10417442619777897,2,2,3,2,1,0.870175,0.8556738278535894,0.9365014300000001,0.399525,0.36802013415584645,0.0,0.1699475,0.025594056023514843,0.034487508966699124,5,5,5,4,4,0.898275,0.8938290932811481,0.96897704375,0.458125,0.37642973187908246,0.0,0.12482,0.033179976453580784,0.00026728800397163944,4,4,4,3,5,0.945225,0.943485774716913,0.99106786375,0.469225,0.4128340980342467,0.0,0.0980975,0.024583595041498176,0.07423108924190783,1,1,2,5,2
42,5,2024-12-01_2024-12-07,40000,20000,20000,0.9163,0.9137335738211801,0.9751240375,0.47025,0.428141247442233,0.0,0.06738,0.06835369753257801,0.0767456773826036,3,3,3,1,3,0.9362,0.935431636474041,0.984603685,0.4881,0.4274635740685318,0.0,0.06422,0.052524193256149876,0.10588805138724051,2,1,2,2,1,0.868625,0.8587023742303246,0.94218601625,0.429775,0.37605485595937194,0.0,0.136825,0.031810291162545586,0.035991652312938105,5,5,5,4,4,0.90135,0.8992184706543392,0.9669346625,0.47885,0.36669004947679634,0.0,0.08109,0.03211300756532168,0.0003935809390448542,4,4,4,3,5,0.93525,0.9342238927265339,0.98621743125,0.4844,0.40618207914603705,0.0,0.0612,0.020147834125039486,0.07722078632204717,1,2,1,5,2
42,10,2024-12-01_2024-12-07,40000,20000,20000,0.9163,0.9137335738211801,0.9751240375,0.47025,0.428141247442233,0.0,0.0843675,0.06835369753257801,0.0767456773826036,3,3,3,1,3,0.9362,0.935431636474041,0.984603685,0.4881,0.4274635740685318,0.0,0.0826,0.052524193256149876,0.10588805138724051,2,1,2,2,1,0.868625,0.8587023742303246,0.94218601625,0.429775,0.37605485595937194,0.0,0.1565325,0.031810291162545586,0.035991652312938105,5,5,5,4,4,0.90135,0.8992184706543392,0.9669346625,0.47885,0.36669004947679634,0.0,0.1031775,0.03211300756532168,0.0003935809390448542,4,4,4,3,5,0.93525,0.9342238927265339,0.98621743125,0.4844,0.40618207914603705,0.0,0.0796,0.020147834125039486,0.07722078632204717,1,2,1,5,2
42,15,2024-12-01_2024-12-07,40000,20000,20000,0.9163,0.9137335738211801,0.9751240375,0.47025,0.428141247442233,0.0,0.09542,0.06835369753257801,0.0767456773826036,3,3,3,1,3,0.9362,0.935431636474041,0.984603685,0.4881,0.4274635740685318,0.0,0.09380333333333334,0.052524193256149876,0.10588805138724051,2,1,2,2,1,0.868625,0.8587023742303246,0.94218601625,0.429775,0.37605485595937194,0.0,0.16853333333333334,0.031810291162545586,0.035991652312938105,5,5,5,4,4,0.90135,0.8992184706543392,0.9669346625,0.47885,0.36669004947679634,0.0,0.11594666666666667,0.03211300756532168,0.0003935809390448542,4,4,4,3,5,0.93525,0.9342238927265339,0.98621743125,0.4844,0.40618207914603705,0.0,0.09109333333333333,0.020147834125039486,0.07722078632204717,1,2,1,5,2
42,20,2024-12-01_2024-12-07,40000,20000,20000,0.9163,0.9137335738211801,0.9751240375,0.47025,0.428141247442233,0.0,0.10337125,0.06835369753257801,0.0767456773826036,3,3,3,1,3,0.9362,0.935431636474041,0.984603685,0.4881,0.4274635740685318,0.0,0.10284875,0.052524193256149876,0.10588805138724051,2,1,2,2,1,0.868625,0.8587023742303246,0.94218601625,0.429775,0.37605485595937194,0.0,0.17204625,0.031810291162545586,0.035991652312938105,5,5,5,4,4,0.90135,0.8992184706543392,0.9669346625,0.47885,0.36669004947679634,0.0,0.12467375,0.03211300756532168,0.0003935809390448542,4,4,4,3,5,0.93525,0.9342238927265339,0.98621743125,0.4844,0.40618207914603705,0.0,0.099455,0.020147834125039486,0.07722078632204717,1,2,1,5,2
42,5,2024-12-08_2024-12-14,40000,20000,20000,0.916475,0.9131869559568663,0.9785355300000002,0.462125,0.4268015417466657,0.0,0.068445,0.08992630935845546,0.07022485910992234,3,3,3,1,3,0.9361,0.934568912553758,0.985402945,0.4766,0.42963540255589044,0.0,0.067495,0.06703875027439823,0.12250316903464101,2,2,2,2,1,0.874,0.8615156344452383,0.9423391987499999,0.40985,0.37277781436316615,0.0,0.147755,0.03331619991992779,0.037640442936429264,5,5,5,4,4,0.90855,0.9046998749478949,0.9742520112499999,0.4596,0.37925509272766683,0.0,0.08073,0.04163045307795946,0.00034679477352614953,4,4,4,3,5,0.9393,0.9375450149192304,0.9883878012500001,0.4719,0.412561552617664,0.0,0.063905,0.026325508572522444,0.07081210360597706,1,1,1,5,2
42,10,2024-12-08_2024-12-14,40000,20000,20000,0.916475,0.9131869559568663,0.9785355300000002,0.462125,0.4268015417466657,0.0,0.0860625,0.08992630935845546,0.07022485910992234,3,3,3,1,3,0.9361,0.934568912553758,0.985402945,0.4766,0.42963540255589044,0.0,0.0846775,0.06703875027439823,0.12250316903464101,2,2,2,2,1,0.874,0.8615156344452383,0.9423391987499999,0.40985,0.37277781436316615,0.0,0.1565225,0.03331619991992779,0.037640442936429264,5,5,5,4,4,0.90855,0.9046998749478949,0.9742520112499999,0.4596,0.37925509272766683,0.0,0.09921,0.04163045307795946,0.00034679477352614953,4,4,4,3,5,0.9393,0.9375450149192304,0.9883878012500001,0.4719,0.412561552617664,0.0,0.08105,0.026325508572522444,0.07081210360597706,1,1,1,5,2
42,15,2024-12-08_2024-12-14,40000,20000,20000,0.916475,0.9131869559568663,0.9785355300000002,0.462125,0.4268015417466657,0.0,0.09499,0.08992630935845546,0.07022485910992234,3,3,2,1,3,0.9361,0.934568912553758,0.985402945,0.4766,0.42963540255589044,0.0,0.09552333333333334,0.06703875027439823,0.12250316903464101,2,2,3,2,1,0.874,0.8615156344452383,0.9423391987499999,0.40985,0.37277781436316615,0.0,0.15965,0.03331619991992779,0.037640442936429264,5,5,5,4,4,0.90855,0.9046998749478949,0.9742520112499999,0.4596,0.37925509272766683,0.0,0.10918833333333333,0.04163045307795946,0.00034679477352614953,4,4,4,3,5,0.9393,0.9375450149192304,0.9883878012500001,0.4719,0.412561552617664,0.0,0.09143833333333333,0.026325508572522444,0.07081210360597706,1,1,1,5,2
42,20,2024-12-08_2024-12-14,40000,20000,20000,0.916475,0.9131869559568663,0.9785355300000002,0.462125,0.4268015417466657,0.0,0.10124125,0.08992630935845546,0.07022485910992234,3,3,2,1,3,0.9361,0.934568912553758,0.985402945,0.4766,0.42963540255589044,0.0,0.1037875,0.06703875027439823,0.12250316903464101,2,2,3,2,1,0.874,0.8615156344452383,0.9423391987499999,0.40985,0.37277781436316615,0.0,0.16373875,0.03331619991992779,0.037640442936429264,5,5,5,4,4,0.90855,0.9046998749478949,0.9742520112499999,0.4596,0.37925509272766683,0.0,0.11657625,0.04163045307795946,0.00034679477352614953,4,4,4,3,5,0.9393,0.9375450149192304,0.9883878012500001,0.4719,0.412561552617664,0.0,0.1000625,0.026325508572522444,0.07081210360597706,1,1,1,5,2
77,5,2024-09-22_2024-09-28,40000,20000,20000,0.94545,0.9440713589993336,0.9900176950000003,0.47535,0.4522177528836379,0.0,0.05774,0.17922864103172126,0.09590279398594734,3,3,2,1,2,0.953175,0.9520444478582585,0.9927493074999999,0.476425,0.4503557684750717,0.0,0.058335,0.10100558540493373,0.06540370088920341,2,2,3,2,3,0.89165,0.8821001088139282,0.9318533525,0.419,0.36149117856344104,0.0,0.233235,0.058285574991233526,0.042411807555974804,5,5,5,5,4,0.93275,0.9306450781209715,0.98608178125,0.46965,0.40914639663887886,0.0,0.070725,0.0639112937152835,0.00042001788136327947,4,4,4,3,5,0.95345,0.9523419503455337,0.99389585375,0.47675,0.4385751196926702,0.0,0.05699,0.06236697903008974,0.09601362348175577,1,1,1,4,1
77,10,2024-09-22_2024-09-28,40000,20000,20000,0.94545,0.9440713589993336,0.9900176950000003,0.47535,0.4522177528836379,0.0,0.07158,0.17922864103172126,0.09590279398594734,3,3,1,1,2,0.953175,0.9520444478582585,0.9927493074999999,0.476425,0.4503557684750717,0.0,0.075445,0.10100558540493373,0.06540370088920341,2,2,3,2,3,0.89165,0.8821001088139282,0.9318533525,0.419,0.36149117856344104,0.0,0.207885,0.058285574991233526,0.042411807555974804,5,5,5,5,4,0.93275,0.9306450781209715,0.98608178125,0.46965,0.40914639663887886,0.0,0.0882875,0.0639112937152835,0.00042001788136327947,4,4,4,3,5,0.95345,0.9523419503455337,0.99389585375,0.47675,0.4385751196926702,0.0,0.072685,0.06236697903008974,0.09601362348175577,1,1,2,4,1
77,15,2024-09-22_2024-09-28,40000,20000,20000,0.94545,0.9440713589993336,0.9900176950000003,0.47535,0.4522177528836379,0.0,0.080985,0.17922864103172126,0.09590279398594734,3,3,1,1,2,0.953175,0.9520444478582585,0.9927493074999999,0.476425,0.4503557684750717,0.0,0.08511,0.10100558540493373,0.06540370088920341,2,2,3,2,3,0.89165,0.8821001088139282,0.9318533525,0.419,0.36149117856344104,0.0,0.18931,0.058285574991233526,0.042411807555974804,5,5,5,5,4,0.93275,0.9306450781209715,0.98608178125,0.46965,0.40914639663887886,0.0,0.09781,0.0639112937152835,0.00042001788136327947,4,4,4,3,5,0.95345,0.9523419503455337,0.99389585375,0.47675,0.4385751196926702,0.0,0.08127833333333333,0.06236697903008974,0.09601362348175577,1,1,2,4,1
77,20,2024-09-22_2024-09-28,40000,20000,20000,0.94545,0.9440713589993336,0.9900176950000003,0.47535,0.4522177528836379,0.0,0.0885,0.17922864103172126,0.09590279398594734,3,3,2,1,2,0.953175,0.9520444478582585,0.9927493074999999,0.476425,0.4503557684750717,0.0,0.0935075,0.10100558540493373,0.06540370088920341,2,2,3,2,3,0.89165,0.8821001088139282,0.9318533525,0.419,0.36149117856344104,0.0,0.18167375,0.058285574991233526,0.042411807555974804,5,5,5,5,4,0.93275,0.9306450781209715,0.98608178125,0.46965,0.40914639663887886,0.0,0.104615,0.0639112937152835,0.00042001788136327947,4,4,4,3,5,0.95345,0.9523419503455337,0.99389585375,0.47675,0.4385751196926702,0.0,0.08784,0.06236697903008974,0.09601362348175577,1,1,1,4,1
77,5,2024-09-29_2024-10-05,40000,20000,20000,0.946925,0.9455989750160154,0.9901241125000001,0.475625,0.4541257956896679,0.0,0.056225,0.20101606382223935,0.09709684891654066,3,3,2,1,3,0.955875,0.9549618515399729,0.9931748525,0.479725,0.45231136977672703,0.0,0.05701,0.11691279399611842,0.12238042717168834,2,2,3,2,1,0.8953,0.8865286658718977,0.9398896649999999,0.4227,0.3706921176392252,0.0,0.18193,0.07583250965912632,0.053917900403113166,5,5,5,5,4,0.93355,0.9314064516129033,0.9866929449999999,0.46875,0.4098911337507077,0.0,0.069225,0.08264412173161552,0.0009694760641397785,4,4,4,3,5,0.961375,0.9604990668064326,0.99505796125,0.477825,0.4415029520215578,0.0,0.053525,0.08240982487210431,0.09735975365026403,1,1,1,4,2
77,10,2024-09-29_2024-10-05,40000,20000,20000,0.946925,0.9455989750160154,0.9901241125000001,0.475625,0.4541257956896679,0.0,0.069965,0.20101606382223935,0.09709684891654066,3,3,2,1,3,0.955875,0.9549618515399729,0.9931748525,0.479725,0.45231136977672703,0.0,0.07246,0.11691279399611842,0.12238042717168834,2,2,3,2,1,0.8953,0.8865286658718977,0.9398896649999999,0.4227,0.3706921176392252,0.0,0.160865,0.07583250965912632,0.053917900403113166,5,5,5,5,4,0.93355,0.9314064516129033,0.9866929449999999,0.46875,0.4098911337507077,0.0,0.087175,0.08264412173161552,0.0009694760641397785,4,4,4,3,5,0.961375,0.9604990668064326,0.99505796125,0.477825,0.4415029520215578,0.0,0.06867,0.08240982487210431,0.09735975365026403,1,1,1,4,2
77,15,2024-09-29_2024-10-05,40000,20000,20000,0.946925,0.9455989750160154,0.9901241125000001,0.475625,0.4541257956896679,0.0,0.07879166666666666,0.20101606382223935,0.09709684891654066,3,3,2,1,3,0.955875,0.9549618515399729,0.9931748525,0.479725,0.45231136977672703,0.0,0.08152666666666666,0.11691279399611842,0.12238042717168834,2,2,3,2,1,0.8953,0.8865286658718977,0.9398896649999999,0.4227,0.3706921176392252,0.0,0.19272666666666666,0.07583250965912632,0.053917900403113166,5,5,5,5,4,0.93355,0.9314064516129033,0.9866929449999999,0.46875,0.4098911337507077,0.0,0.09687166666666666,0.08264412173161552,0.0009694760641397785,4,4,4,3,5,0.961375,0.9604990668064326,0.99505796125,0.477825,0.4415029520215578,0.0,0.07808666666666667,0.08240982487210431,0.09735975365026403,1,1,1,4,2
77,20,2024-09-29_2024-10-05,40000,20000,20000,0.946925,0.9455989750160154,0.9901241125000001,0.475625,0.4541257956896679,0.0,0.08509375,0.20101606382223935,0.09709684891654066,3,3,1,1,3,0.955875,0.9549618515399729,0.9931748525,0.479725,0.45231136977672703,0.0,0.08812625,0.11691279399611842,0.12238042717168834,2,2,3,2,1,0.8953,0.8865286658718977,0.9398896649999999,0.4227,0.3706921176392252,0.0,0.18340375,0.07583250965912632,0.053917900403113166,5,5,5,5,4,0.93355,0.9314064516129033,0.9866929449999999,0.46875,0.4098911337507077,0.0,0.1034025,0.08264412173161552,0.0009694760641397785,4,4,4,3,5,0.961375,0.9604990668064326,0.99505796125,0.477825,0.4415029520215578,0.0,0.0854525,0.08240982487210431,0.09735975365026403,1,1,2,4,2
77,5,2024-10-06_2024-10-12,40000,20000,20000,0.935725,0.9334196555742587,0.9869792025000002,0.465375,0.4403937855219573,0.0,0.06562,0.14049226805257195,0.09397310057842906,3,3,3,1,2,0.952925,0.9519139916749662,0.9918533062499999,0.478975,0.4426780790689831,0.0,0.062945,0.0805507805892787,0.08852407000247649,2,2,1,2,3,0.8382,0.8128397917871603,0.9156015237500001,0.3645,0.3479075133679537,0.0,0.177645,0.02805011500607239,0.03241658178808846,5,5,5,5,4,0.9144,0.9104321439782358,0.9798590824999999,0.4557,0.3926716239512718,0.0,0.083765,0.06549757640503619,0.00026105276929801516,4,4,4,3,5,0.95585,0.9547063349576814,0.9932424412499999,0.47475,0.4242376127431301,0.0,0.06486,0.04793280374455916,0.09414344124862309,1,1,2,4,1
77,10,2024-10-06_2024-10-12,40000,20000,20000,0.935725,0.9334196555742587,0.9869792025000002,0.465375,0.4403937855219573,0.0,0.080785,0.14049226805257195,0.09397310057842906,3,3,1,1,2,0.952925,0.9519139916749662,0.9918533062499999,0.478975,0.4426780790689831,0.0,0.0813675,0.0805507805892787,0.08852407000247649,2,2,2,2,3,0.8382,0.8128397917871603,0.9156015237500001,0.3645,0.3479075133679537,0.0,0.2180875,0.02805011500607239,0.03241658178808846,5,5,5,5,4,0.9144,0.9104321439782358,0.9798590824999999,0.4557,0.3926716239512718,0.0,0.103345,0.06549757640503619,0.00026105276929801516,4,4,4,3,5,0.95585,0.9547063349576814,0.9932424412499999,0.47475,0.4242376127431301,0.0,0.08179,0.04793280374455916,0.09414344124862309,1,1,3,4,1
77,15,2024-10-06_2024-10-12,40000,20000,20000,0.935725,0.9334196555742587,0.9869792025000002,0.465375,0.4403937855219573,0.0,0.09002833333333334,0.14049226805257195,0.09397310057842906,3,3,1,1,2,0.952925,0.9519139916749662,0.9918533062499999,0.478975,0.4426780790689831,0.0,0.09289,0.0805507805892787,0.08852407000247649,2,2,3,2,3,0.8382,0.8128397917871603,0.9156015237500001,0.3645,0.3479075133679537,0.0,0.21920666666666666,0.02805011500607239,0.03241658178808846,5,5,5,5,4,0.9144,0.9104321439782358,0.9798590824999999,0.4557,0.3926716239512718,0.0,0.11453833333333334,0.06549757640503619,0.00026105276929801516,4,4,4,3,5,0.95585,0.9547063349576814,0.9932424412499999,0.47475,0.4242376127431301,0.0,0.09160666666666667,0.04793280374455916,0.09414344124862309,1,1,2,4,1
77,20,2024-10-06_2024-10-12,40000,20000,20000,0.935725,0.9334196555742587,0.9869792025000002,0.465375,0.4403937855219573,0.0,0.09644625,0.14049226805257195,0.09397310057842906,3,3,1,1,2,0.952925,0.9519139916749662,0.9918533062499999,0.478975,0.4426780790689831,0.0,0.100655,0.0805507805892787,0.08852407000247649,2,2,3,2,3,0.8382,0.8128397917871603,0.9156015237500001,0.3645,0.3479075133679537,0.0,0.21539875,0.02805011500607239,0.03241658178808846,5,5,5,5,4,0.9144,0.9104321439782358,0.9798590824999999,0.4557,0.3926716239512718,0.0,0.12254625,0.06549757640503619,0.00026105276929801516,4,4,4,3,5,0.95585,0.9547063349576814,0.9932424412499999,0.47475,0.4242376127431301,0.0,0.09887,0.04793280374455916,0.09414344124862309,1,1,2,4,1
77,5,2024-10-13_2024-10-19,40000,20000,20000,0.9412,0.9401313444993127,0.9863243350000002,0.48215,0.4442197155498003,0.0,0.062605,0.14191155343689438,0.10044227523522836,3,3,3,1,3,0.953725,0.9528947703270136,0.9913656875,0.482375,0.444724223536224,0.0,0.06223,0.08339022842339965,0.12370619652740994,2,2,2,2,1,0.8793,0.8680225247389427,0.93952065375,0.41455,0.37282102891519703,0.0,0.169825,0.04480798241745742,0.048799956963085506,5,5,5,5,4,0.9213,0.9188534309429294,0.9794859125,0.46985,0.397857049012161,0.0,0.08033,0.05528833067608809,0.0007435651622660586,4,4,4,3,5,0.95465,0.9536985042625964,0.99288010875,0.47945,0.4315998638301424,0.0,0.060335,0.047299837114808105,0.10077732658983209,1,1,1,4,2
77,10,2024-10-13_2024-10-19,40000,20000,20000,0.9412,0.9401313444993127,0.9863243350000002,0.48215,0.4442197155498003,0.0,0.077675,0.14191155343689438,0.10044227523522836,3,3,2,1,3,0.953725,0.9528947703270136,0.9913656875,0.482375,0.444724223536224,0.0,0.0782625,0.08339022842339965,0.12370619652740994,2,2,3,2,1,0.8793,0.8680225247389427,0.93952065375,0.41455,0.37282102891519703,0.0,0.185615,0.04480798241745742,0.048799956963085506,5,5,5,5,4,0.9213,0.9188534309429294,0.9794859125,0.46985,0.397857049012161,0.0,0.099745,0.05528833067608809,0.0007435651622660586,4,4,4,3,5,0.95465,0.9536985042625964,0.99288010875,0.47945,0.4315998638301424,0.0,0.07603,0.047299837114808105,0.10077732658983209,1,1,1,4,2
77,15,2024-10-13_2024-10-19,40000,20000,20000,0.9412,0.9401313444993127,0.9863243350000002,0.48215,0.4442197155498003,0.0,0.08755333333333333,0.14191155343689438,0.10044227523522836,3,3,2,1,3,0.953725,0.9528947703270136,0.9913656875,0.482375,0.444724223536224,0.0,0.08814333333333334,0.08339022842339965,0.12370619652740994,2,2,3,2,1,0.8793,0.8680225247389427,0.93952065375,0.41455,0.37282102891519703,0.0,0.21010666666666666,0.04480798241745742,0.048799956963085506,5,5,5,5,4,0.9213,0.9188534309429294,0.9794859125,0.46985,0.397857049012161,0.0,0.11166833333333333,0.05528833067608809,0.0007435651622660586,4,4,4,3,5,0.95465,0.9536985042625964,0.99288010875,0.47945,0.4315998638301424,0.0,0.08673166666666667,0.047299837114808105,0.10077732658983209,1,1,1,4,2
77,20,2024-10-13_2024-10-19,40000,20000,20000,0.9412,0.9401313444993127,0.9863243350000002,0.48215,0.4442197155498003,0.0,0.0945925,0.14191155343689438,0.10044227523522836,3,3,2,1,3,0.953725,0.9528947703270136,0.9913656875,0.482375,0.444724223536224,0.0,0.09555125,0.08339022842339965,0.12370619652740994,2,2,3,2,1,0.8793,0.8680225247389427,0.93952065375,0.41455,0.37282102891519703,0.0,0.2145275,0.04480798241745742,0.048799956963085506,5,5,5,5,4,0.9213,0.9188534309429294,0.9794859125,0.46985,0.397857049012161,0.0,0.11943625,0.05528833067608809,0.0007435651622660586,4,4,4,3,5,0.95465,0.9536985042625964,0.99288010875,0.47945,0.4315998638301424,0.0,0.09415,0.047299837114808105,0.10077732658983209,1,1,1,4,2
77,5,2024-10-20_2024-10-26,40000,20000,20000,0.943225,0.9418214422953759,0.98745844625,0.475875,0.4446959570087407,0.0,0.05968,0.12846208683594365,0.09236433990250043,3,3,3,1,3,0.953775,0.9529312934348191,0.9920393575,0.482075,0.4442238434868538,0.0,0.057055,0.07617301879541888,0.23061789477051703,2,2,2,2,1,0.869925,0.8557006961200322,0.93315125375,0.401425,0.3667164464912596,0.0,0.155955,0.03391325180293289,0.0419546426155615,5,5,5,5,4,0.92445,0.9221976211317646,0.98019604125,0.47105,0.39829180479073856,0.0,0.075345,0.05838527341337554,0.0006888481740956882,4,4,4,3,5,0.956125,0.9552215956931085,0.9934762062499999,0.479825,0.4322751984534823,0.0,0.054355,0.04092786115434204,0.09285280195076562,1,1,1,4,2
77,10,2024-10-20_2024-10-26,40000,20000,20000,0.943225,0.9418214422953759,0.98745844625,0.475875,0.4446959570087407,0.0,0.07329,0.12846208683594365,0.09236433990250043,3,3,3,1,3,0.953775,0.9529312934348191,0.9920393575,0.482075,0.4442238434868538,0.0,0.0730375,0.07617301879541888,0.23061789477051703,2,2,2,2,1,0.869925,0.8557006961200322,0.93315125375,0.401425,0.3667164464912596,0.0,0.1704075,0.03391325180293289,0.0419546426155615,5,5,5,5,4,0.92445,0.9221976211317646,0.98019604125,0.47105,0.39829180479073856,0.0,0.0934675,0.05838527341337554,0.0006888481740956882,4,4,4,3,5,0.956125,0.9552215956931085,0.9934762062499999,0.479825,0.4322751984534823,0.0,0.069345,0.04092786115434204,0.09285280195076562,1,1,1,4,2
77,15,2024-10-20_2024-10-26,40000,20000,20000,0.943225,0.9418214422953759,0.98745844625,0.475875,0.4446959570087407,0.0,0.08272333333333333,0.12846208683594365,0.09236433990250043,3,3,2,1,3,0.953775,0.9529312934348191,0.9920393575,0.482075,0.4442238434868538,0.0,0.084095,0.07617301879541888,0.23061789477051703,2,2,3,2,1,0.869925,0.8557006961200322,0.93315125375,0.401425,0.3667164464912596,0.0,0.188665,0.03391325180293289,0.0419546426155615,5,5,5,5,4,0.92445,0.9221976211317646,0.98019604125,0.47105,0.39829180479073856,0.0,0.10402,0.05838527341337554,0.0006888481740956882,4,4,4,3,5,0.956125,0.9552215956931085,0.9934762062499999,0.479825,0.4322751984534823,0.0,0.07952166666666667,0.04092786115434204,0.09285280195076562,1,1,1,4,2
77,20,2024-10-20_2024-10-26,40000,20000,20000,0.943225,0.9418214422953759,0.98745844625,0.475875,0.4446959570087407,0.0,0.08927375,0.12846208683594365,0.09236433990250043,3,3,2,1,3,0.953775,0.9529312934348191,0.9920393575,0.482075,0.4442238434868538,0.0,0.0910625,0.07617301879541888,0.23061789477051703,2,2,3,2,1,0.869925,0.8557006961200322,0.93315125375,0.401425,0.3667164464912596,0.0,0.19991125,0.03391325180293289,0.0419546426155615,5,5,5,5,4,0.92445,0.9221976211317646,0.98019604125,0.47105,0.39829180479073856,0.0,0.11107625,0.05838527341337554,0.0006888481740956882,4,4,4,3,5,0.956125,0.9552215956931085,0.9934762062499999,0.479825,0.4322751984534823,0.0,0.0875625,0.04092786115434204,0.09285280195076562,1,1,1,4,2
77,5,2024-10-27_2024-11-02,40000,20000,20000,0.92075,0.9170547909362081,0.98048367625,0.45545,0.42946177368838234,0.0,0.068475,0.09070759156198235,0.07069187014213414,3,3,2,1,3,0.94205,0.9402854345921995,0.9875786275000001,0.47045,0.42985055005156136,0.0,0.06938,0.06052758775948988,0.10597084232883454,2,2,3,2,1,0.842425,0.8189053296940095,0.92291876,0.370125,0.35465149483529246,0.0,0.16615,0.023217922811305358,0.0319990193932953,5,5,5,5,4,0.906,0.902093531923758,0.9738481999999999,0.4601,0.37979873057825253,0.0,0.084135,0.03936838298829044,0.0005055328809427555,4,4,4,3,5,0.94375,0.9418334108887855,0.9906658862500001,0.46705,0.4137778470282816,0.0,0.06345,0.024691771247295925,0.07157633170628219,1,1,1,4,2
77,10,2024-10-27_2024-11-02,40000,20000,20000,0.92075,0.9170547909362081,0.98048367625,0.45545,0.42946177368838234,0.0,0.0864175,0.09070759156198235,0.07069187014213414,3,3,2,1,3,0.94205,0.9402854345921995,0.9875786275000001,0.47045,0.42985055005156136,0.0,0.08804,0.06052758775948988,0.10597084232883454,2,2,3,2,1,0.842425,0.8189053296940095,0.92291876,0.370125,0.35465149483529246,0.0,0.192305,0.023217922811305358,0.0319990193932953,5,5,5,5,4,0.906,0.902093531923758,0.9738481999999999,0.4601,0.37979873057825253,0.0,0.10667,0.03936838298829044,0.0005055328809427555,4,4,4,3,5,0.94375,0.9418334108887855,0.9906658862500001,0.46705,0.4137778470282816,0.0,0.0820775,0.024691771247295925,0.07157633170628219,1,1,1,4,2
77,15,2024-10-27_2024-11-02,40000,20000,20000,0.92075,0.9170547909362081,0.98048367625,0.45545,0.42946177368838234,0.0,0.096005,0.09070759156198235,0.07069187014213414,3,3,2,1,3,0.94205,0.9402854345921995,0.9875786275000001,0.47045,0.42985055005156136,0.0,0.099385,0.06052758775948988,0.10597084232883454,2,2,3,2,1,0.842425,0.8189053296940095,0.92291876,0.370125,0.35465149483529246,0.0,0.19526166666666667,0.023217922811305358,0.0319990193932953,5,5,5,5,4,0.906,0.902093531923758,0.9738481999999999,0.4601,0.37979873057825253,0.0,0.11909166666666667,0.03936838298829044,0.0005055328809427555,4,4,4,3,5,0.94375,0.9418334108887855,0.9906658862500001,0.46705,0.4137778470282816,0.0,0.09400333333333333,0.024691771247295925,0.07157633170628219,1,1,1,4,2
77,20,2024-10-27_2024-11-02,40000,20000,20000,0.92075,0.9170547909362081,0.98048367625,0.45545,0.42946177368838234,0.0,0.1029675,0.09070759156198235,0.07069187014213414,3,3,2,1,3,0.94205,0.9402854345921995,0.9875786275000001,0.47045,0.42985055005156136,0.0,0.10730125,0.06052758775948988,0.10597084232883454,2,2,3,2,1,0.842425,0.8189053296940095,0.92291876,0.370125,0.35465149483529246,0.0,0.21137,0.023217922811305358,0.0319990193932953,5,5,5,5,4,0.906,0.902093531923758,0.9738481999999999,0.4601,0.37979873057825253,0.0,0.12721875,0.03936838298829044,0.0005055328809427555,4,4,4,3,5,0.94375,0.9418334108887855,0.9906658862500001,0.46705,0.4137778470282816,0.0,0.10191125,0.024691771247295925,0.07157633170628219,1,1,1,4,2
77,5,2024-11-03_2024-11-09,40000,20000,20000,0.933125,0.9313169178627365,0.9848208,0.473675,0.43495600886428704,0.0,0.059005,0.08435540449088687,0.062008154472991434,3,3,2,1,3,0.947175,0.9459576971278038,0.9893488324999999,0.477475,0.43409477415477543,0.0,0.05958,0.06179396329876945,0.08872028258662508,2,2,3,2,1,0.884825,0.8749015667852391,0.94418469125,0.420675,0.3627527574229201,0.0,0.11334,0.025966529468303048,0.03418122581789308,5,5,5,5,4,0.912625,0.9107940478317466,0.9741802075,0.479475,0.38992501053922235,0.0,0.07959,0.049401794883423306,0.0004621925591645235,4,4,4,3,5,0.951775,0.9508071302884248,0.9916135112500001,0.480325,0.41953412867126794,0.0,0.057565,0.03215282360960797,0.06230277955215325,1,1,1,4,2
77,10,2024-11-03_2024-11-09,40000,20000,20000,0.933125,0.9313169178627365,0.9848208,0.473675,0.43495600886428704,0.0,0.07507,0.08435540449088687,0.062008154472991434,3,3,2,1,3,0.947175,0.9459576971278038,0.9893488324999999,0.477475,0.43409477415477543,0.0,0.075485,0.06179396329876945,0.08872028258662508,2,2,3,2,1,0.884825,0.8749015667852391,0.94418469125,0.420675,0.3627527574229201,0.0,0.12982,0.025966529468303048,0.03418122581789308,5,5,5,5,4,0.912625,0.9107940478317466,0.9741802075,0.479475,0.38992501053922235,0.0,0.100835,0.049401794883423306,0.0004621925591645235,4,4,4,3,5,0.951775,0.9508071302884248,0.9916135112500001,0.480325,0.41953412867126794,0.0,0.07461,0.03215282360960797,0.06230277955215325,1,1,1,4,2
77,15,2024-11-03_2024-11-09,40000,20000,20000,0.933125,0.9313169178627365,0.9848208,0.473675,0.43495600886428704,0.0,0.08397666666666667,0.08435540449088687,0.062008154472991434,3,3,1,1,3,0.947175,0.9459576971278038,0.9893488324999999,0.477475,0.43409477415477543,0.0,0.085085,0.06179396329876945,0.08872028258662508,2,2,3,2,1,0.884825,0.8749015667852391,0.94418469125,0.420675,0.3627527574229201,0.0,0.14160166666666665,0.025966529468303048,0.03418122581789308,5,5,5,5,4,0.912625,0.9107940478317466,0.9741802075,0.479475,0.38992501053922235,0.0,0.11231333333333333,0.049401794883423306,0.0004621925591645235,4,4,4,3,5,0.951775,0.9508071302884248,0.9916135112500001,0.480325,0.41953412867126794,0.0,0.08432333333333333,0.03215282360960797,0.06230277955215325,1,1,2,4,2
77,20,2024-11-03_2024-11-09,40000,20000,20000,0.933125,0.9313169178627365,0.9848208,0.473675,0.43495600886428704,0.0,0.09098875,0.08435540449088687,0.062008154472991434,3,3,1,1,3,0.947175,0.9459576971278038,0.9893488324999999,0.477475,0.43409477415477543,0.0,0.092405,0.06179396329876945,0.08872028258662508,2,2,3,2,1,0.884825,0.8749015667852391,0.94418469125,0.420675,0.3627527574229201,0.0,0.16359125,0.025966529468303048,0.03418122581789308,5,5,5,5,4,0.912625,0.9107940478317466,0.9741802075,0.479475,0.38992501053922235,0.0,0.12041625,0.049401794883423306,0.0004621925591645235,4,4,4,3,5,0.951775,0.9508071302884248,0.9916135112500001,0.480325,0.41953412867126794,0.0,0.0918925,0.03215282360960797,0.06230277955215325,1,1,2,4,2
77,5,2024-11-10_2024-11-16,40000,20000,20000,0.927975,0.9246068092010572,0.98389308875,0.455325,0.43450940556805706,0.0,0.06477,0.0944778023319427,0.06930333275007182,3,3,3,1,3,0.94255,0.9407976092333058,0.98885291125,0.4704,0.43300184976320744,0.0,0.063555,0.05925782422266494,0.08273894673687174,2,2,2,2,1,0.870225,0.8553434582694719,0.9301737425,0.397125,0.35931696342974323,0.0,0.178465,0.02430801272805439,0.028929011789930483,5,5,5,5,4,0.907975,0.9048763470036437,0.9742709775000001,0.467425,0.38693803839399493,0.0,0.08078,0.0472040205264336,0.0004125745616608961,4,4,4,3,5,0.9483,0.9467010309278351,0.9915964037499999,0.47,0.41750210973835505,0.0,0.06191,0.031159083451251915,0.06972351995151524,1,1,1,4,2
77,10,2024-11-10_2024-11-16,40000,20000,20000,0.927975,0.9246068092010572,0.98389308875,0.455325,0.43450940556805706,0.0,0.0811725,0.0944778023319427,0.06930333275007182,3,3,3,1,3,0.94255,0.9407976092333058,0.98885291125,0.4704,0.43300184976320744,0.0,0.08035,0.05925782422266494,0.08273894673687174,2,2,2,2,1,0.870225,0.8553434582694719,0.9301737425,0.397125,0.35931696342974323,0.0,0.195465,0.02430801272805439,0.028929011789930483,5,5,5,5,4,0.907975,0.9048763470036437,0.9742709775000001,0.467425,0.38693803839399493,0.0,0.1011025,0.0472040205264336,0.0004125745616608961,4,4,4,3,5,0.9483,0.9467010309278351,0.9915964037499999,0.47,0.41750210973835505,0.0,0.07888,0.031159083451251915,0.06972351995151524,1,1,1,4,2
77,15,2024-11-10_2024-11-16,40000,20000,20000,0.927975,0.9246068092010572,0.98389308875,0.455325,0.43450940556805706,0.0,0.09027,0.0944778023319427,0.06930333275007182,3,3,2,1,3,0.94255,0.9407976092333058,0.98885291125,0.4704,0.43300184976320744,0.0,0.09053,0.05925782422266494,0.08273894673687174,2,2,3,2,1,0.870225,0.8553434582694719,0.9301737425,0.397125,0.35931696342974323,0.0,0.196075,0.02430801272805439,0.028929011789930483,5,5,5,5,4,0.907975,0.9048763470036437,0.9742709775000001,0.467425,0.38693803839399493,0.0,0.11314166666666667,0.0472040205264336,0.0004125745616608961,4,4,4,3,5,0.9483,0.9467010309278351,0.9915964037499999,0.47,0.41750210973835505,0.0,0.088525,0.031159083451251915,0.06972351995151524,1,1,1,4,2
77,20,2024-11-10_2024-11-16,40000,20000,20000,0.927975,0.9246068092010572,0.98389308875,0.455325,0.43450940556805706,0.0,0.09813375,0.0944778023319427,0.06930333275007182,3,3,2,1,3,0.94255,0.9407976092333058,0.98885291125,0.4704,0.43300184976320744,0.0,0.09863375,0.05925782422266494,0.08273894673687174,2,2,3,2,1,0.870225,0.8553434582694719,0.9301737425,0.397125,0.35931696342974323,0.0,0.199105,0.02430801272805439,0.028929011789930483,5,5,5,5,4,0.907975,0.9048763470036437,0.9742709775000001,0.467425,0.38693803839399493,0.0,0.12149125,0.0472040205264336,0.0004125745616608961,4,4,4,3,5,0.9483,0.9467010309278351,0.9915964037499999,0.47,0.41750210973835505,0.0,0.096555,0.031159083451251915,0.06972351995151524,1,1,1,4,2
77,5,2024-11-17_2024-11-23,40000,20000,20000,0.916875,0.9118434658111727,0.9793744750000001,0.442925,0.431376683795716,0.0,0.06778,0.10449371603900898,0.07837823127865497,3,3,3,1,3,0.93805,0.9357231790827972,0.9873356262499999,0.4638,0.42743138261369573,0.0,0.06467,0.06698672966794186,0.13139215449889607,2,1,2,2,1,0.864625,0.8473486877343331,0.9242962950000001,0.386825,0.36041148926871086,0.0,0.155085,0.021540182272976733,0.02467995709971211,5,5,5,5,4,0.89435,0.8892499606897636,0.9688330924999999,0.45395,0.3772711281065612,0.0,0.084175,0.04439728073147815,0.0008971268362212453,4,4,4,3,5,0.937425,0.9344438333202378,0.98954124625,0.454525,0.41180901220074095,0.0,0.064595,0.03077272431328713,0.07916344483905728,1,2,1,4,2
77,10,2024-11-17_2024-11-23,40000,20000,20000,0.916875,0.9118434658111727,0.9793744750000001,0.442925,0.431376683795716,0.0,0.08318,0.10449371603900898,0.07837823127865497,3,3,3,1,3,0.93805,0.9357231790827972,0.9873356262499999,0.4638,0.42743138261369573,0.0,0.0805975,0.06698672966794186,0.13139215449889607,2,1,2,2,1,0.864625,0.8473486877343331,0.9242962950000001,0.386825,0.36041148926871086,0.0,0.169555,0.021540182272976733,0.02467995709971211,5,5,5,5,4,0.89435,0.8892499606897636,0.9688330924999999,0.45395,0.3772711281065612,0.0,0.1053575,0.04439728073147815,0.0008971268362212453,4,4,4,3,5,0.937425,0.9344438333202378,0.98954124625,0.454525,0.41180901220074095,0.0,0.0800825,0.03077272431328713,0.07916344483905728,1,2,1,4,2
77,15,2024-11-17_2024-11-23,40000,20000,20000,0.916875,0.9118434658111727,0.9793744750000001,0.442925,0.431376683795716,0.0,0.09260333333333333,0.10449371603900898,0.07837823127865497,3,3,3,1,3,0.93805,0.9357231790827972,0.9873356262499999,0.4638,0.42743138261369573,0.0,0.09162666666666666,0.06698672966794186,0.13139215449889607,2,1,2,2,1,0.864625,0.8473486877343331,0.9242962950000001,0.386825,0.36041148926871086,0.0,0.17030833333333334,0.021540182272976733,0.02467995709971211,5,5,5,5,4,0.89435,0.8892499606897636,0.9688330924999999,0.45395,0.3772711281065612,0.0,0.116985,0.04439728073147815,0.0008971268362212453,4,4,4,3,5,0.937425,0.9344438333202378,0.98954124625,0.454525,0.41180901220074095,0.0,0.09086833333333333,0.03077272431328713,0.07916344483905728,1,2,1,4,2
77,20,2024-11-17_2024-11-23,40000,20000,20000,0.916875,0.9118434658111727,0.9793744750000001,0.442925,0.431376683795716,0.0,0.0985475,0.10449371603900898,0.07837823127865497,3,3,1,1,3,0.93805,0.9357231790827972,0.9873356262499999,0.4638,0.42743138261369573,0.0,0.10036875,0.06698672966794186,0.13139215449889607,2,1,3,2,1,0.864625,0.8473486877343331,0.9242962950000001,0.386825,0.36041148926871086,0.0,0.1730125,0.021540182272976733,0.02467995709971211,5,5,5,5,4,0.89435,0.8892499606897636,0.9688330924999999,0.45395,0.3772711281065612,0.0,0.12542375,0.04439728073147815,0.0008971268362212453,4,4,4,3,5,0.937425,0.9344438333202378,0.98954124625,0.454525,0.41180901220074095,0.0,0.0988825,0.03077272431328713,0.07916344483905728,1,2,2,4,2
77,5,2024-11-24_2024-11-30,40000,20000,20000,0.925475,0.9225372242288803,0.9811386374999999,0.462075,0.43111223939159077,0.0,0.063555,0.0906508518005114,0.07025088037092847,3,3,1,1,3,0.94615,0.9446215549156726,0.9883711150000001,0.4724,0.43080904129112046,0.0,0.065315,0.060615791019417796,0.116313069572304,2,2,3,2,1,0.87605,0.8637762391471591,0.937904155,0.4099,0.36852350062061784,0.0,0.146495,0.025373383669056393,0.03429943751440798,5,5,5,4,4,0.898475,0.8941869251413533,0.96785090375,0.459475,0.37664619553977635,0.0,0.08282,0.03271363749042314,0.0002694514729529575,4,4,4,3,5,0.9468,0.9451320132013201,0.9903588999999999,0.4696,0.41320347720813955,0.0,0.06377,0.024498711334162277,0.07079661979837167,1,1,2,5,2
77,10,2024-11-24_2024-11-30,40000,20000,20000,0.925475,0.9225372242288803,0.9811386374999999,0.462075,0.43111223939159077,0.0,0.0805425,0.0906508518005114,0.07025088037092847,3,3,1,1,3,0.94615,0.9446215549156726,0.9883711150000001,0.4724,0.43080904129112046,0.0,0.0834,0.060615791019417796,0.116313069572304,2,2,3,2,1,0.87605,0.8637762391471591,0.937904155,0.4099,0.36852350062061784,0.0,0.1632775,0.025373383669056393,0.03429943751440798,5,5,5,4,4,0.898475,0.8941869251413533,0.96785090375,0.459475,0.37664619553977635,0.0,0.1049175,0.03271363749042314,0.0002694514729529575,4,4,4,3,5,0.9468,0.9451320132013201,0.9903588999999999,0.4696,0.41320347720813955,0.0,0.0808975,0.024498711334162277,0.07079661979837167,1,1,2,5,2
77,15,2024-11-24_2024-11-30,40000,20000,20000,0.925475,0.9225372242288803,0.9811386374999999,0.462075,0.43111223939159077,0.0,0.09072333333333334,0.0906508518005114,0.07025088037092847,3,3,1,1,3,0.94615,0.9446215549156726,0.9883711150000001,0.4724,0.43080904129112046,0.0,0.09381333333333333,0.060615791019417796,0.116313069572304,2,2,3,2,1,0.87605,0.8637762391471591,0.937904155,0.4099,0.36852350062061784,0.0,0.164835,0.025373383669056393,0.03429943751440798,5,5,5,4,4,0.898475,0.8941869251413533,0.96785090375,0.459475,0.37664619553977635,0.0,0.11751666666666667,0.03271363749042314,0.0002694514729529575,4,4,4,3,5,0.9468,0.9451320132013201,0.9903588999999999,0.4696,0.41320347720813955,0.0,0.09132333333333334,0.024498711334162277,0.07079661979837167,1,1,2,5,2
77,20,2024-11-24_2024-11-30,40000,20000,20000,0.925475,0.9225372242288803,0.9811386374999999,0.462075,0.43111223939159077,0.0,0.0983575,0.0906508518005114,0.07025088037092847,3,3,1,1,3,0.94615,0.9446215549156726,0.9883711150000001,0.4724,0.43080904129112046,0.0,0.10130125,0.060615791019417796,0.116313069572304,2,2,3,2,1,0.87605,0.8637762391471591,0.937904155,0.4099,0.36852350062061784,0.0,0.16870625,0.025373383669056393,0.03429943751440798,5,5,5,4,4,0.898475,0.8941869251413533,0.96785090375,0.459475,0.37664619553977635,0.0,0.12583375,0.03271363749042314,0.0002694514729529575,4,4,4,3,5,0.9468,0.9451320132013201,0.9903588999999999,0.4696,0.41320347720813955,0.0,0.09943125,0.024498711334162277,0.07079661979837167,1,1,2,5,2
77,5,2024-12-01_2024-12-07,40000,20000,20000,0.917675,0.9148237241664726,0.9757108199999999,0.466525,0.4258744333629126,0.0,0.066535,0.06989161707999032,0.07618121521080642,3,3,3,1,3,0.940925,0.9399140539578407,0.985620605,0.483175,0.4272107827647738,0.0,0.063955,0.053158656219042574,0.10251450336818027,2,1,2,2,1,0.877,0.867321072218327,0.9432358137499999,0.42705,0.3770027155981121,0.0,0.156255,0.03272029740027897,0.03650305972454966,5,5,5,3,4,0.9012,0.899013645423417,0.9677778949999999,0.47835,0.3676543361610414,0.0,0.08117,0.03226440648972088,0.0003895560505165996,4,4,4,4,5,0.938175,0.9367891010403088,0.9869198437499999,0.478075,0.4074570412675396,0.0,0.06123,0.020622431372046446,0.07667549671400309,1,2,1,5,2
77,10,2024-12-01_2024-12-07,40000,20000,20000,0.917675,0.9148237241664726,0.9757108199999999,0.466525,0.4258744333629126,0.0,0.0839375,0.06989161707999032,0.07618121521080642,3,3,3,1,3,0.940925,0.9399140539578407,0.985620605,0.483175,0.4272107827647738,0.0,0.0808725,0.053158656219042574,0.10251450336818027,2,1,2,2,1,0.877,0.867321072218327,0.9432358137499999,0.42705,0.3770027155981121,0.0,0.16036,0.03272029740027897,0.03650305972454966,5,5,5,3,4,0.9012,0.899013645423417,0.9677778949999999,0.47835,0.3676543361610414,0.0,0.1041175,0.03226440648972088,0.0003895560505165996,4,4,4,4,5,0.938175,0.9367891010403088,0.9869198437499999,0.478075,0.4074570412675396,0.0,0.0785925,0.020622431372046446,0.07667549671400309,1,2,1,5,2
77,15,2024-12-01_2024-12-07,40000,20000,20000,0.917675,0.9148237241664726,0.9757108199999999,0.466525,0.4258744333629126,0.0,0.094045,0.06989161707999032,0.07618121521080642,3,3,3,1,3,0.940925,0.9399140539578407,0.985620605,0.483175,0.4272107827647738,0.0,0.09253833333333333,0.053158656219042574,0.10251450336818027,2,1,2,2,1,0.877,0.867321072218327,0.9432358137499999,0.42705,0.3770027155981121,0.0,0.17065333333333332,0.03272029740027897,0.03650305972454966,5,5,5,3,4,0.9012,0.899013645423417,0.9677778949999999,0.47835,0.3676543361610414,0.0,0.11664333333333333,0.03226440648972088,0.0003895560505165996,4,4,4,4,5,0.938175,0.9367891010403088,0.9869198437499999,0.478075,0.4074570412675396,0.0,0.09018,0.020622431372046446,0.07667549671400309,1,2,1,5,2
77,20,2024-12-01_2024-12-07,40000,20000,20000,0.917675,0.9148237241664726,0.9757108199999999,0.466525,0.4258744333629126,0.0,0.1013425,0.06989161707999032,0.07618121521080642,3,3,2,1,3,0.940925,0.9399140539578407,0.985620605,0.483175,0.4272107827647738,0.0,0.1013475,0.053158656219042574,0.10251450336818027,2,1,3,2,1,0.877,0.867321072218327,0.9432358137499999,0.42705,0.3770027155981121,0.0,0.1734575,0.03272029740027897,0.03650305972454966,5,5,5,3,4,0.9012,0.899013645423417,0.9677778949999999,0.47835,0.3676543361610414,0.0,0.12574625,0.03226440648972088,0.0003895560505165996,4,4,4,4,5,0.938175,0.9367891010403088,0.9869198437499999,0.478075,0.4074570412675396,0.0,0.09871125,0.020622431372046446,0.07667549671400309,1,2,1,5,2
77,5,2024-12-08_2024-12-14,40000,20000,20000,0.917525,0.914251553037195,0.9768887337499998,0.461825,0.427704073059345,0.0,0.06768,0.09069435804748884,0.0706438854777794,3,3,2,1,3,0.936225,0.9346282961330498,0.9855060462499999,0.475575,0.43006485373758546,0.0,0.06873,0.0669188786053715,0.13612591448598346,2,2,3,2,1,0.88075,0.8699492884017668,0.944218545,0.41695,0.3729727040416406,0.0,0.133935,0.03389066330446385,0.036977013516311774,5,5,5,4,4,0.908825,0.9049245287937642,0.9738645575,0.458975,0.3794779512357043,0.0,0.08112,0.04258003852236687,0.00031951949971129246,4,4,4,3,5,0.94125,0.939598005449031,0.9885496725000001,0.47265,0.4134828646996118,0.0,0.065165,0.026642761558218125,0.07125383287912977,1,1,1,5,2
77,10,2024-12-08_2024-12-14,40000,20000,20000,0.917525,0.914251553037195,0.9768887337499998,0.461825,0.427704073059345,0.0,0.08504,0.09069435804748884,0.0706438854777794,3,3,2,1,3,0.936225,0.9346282961330498,0.9855060462499999,0.475575,0.43006485373758546,0.0,0.085545,0.0669188786053715,0.13612591448598346,2,2,3,2,1,0.88075,0.8699492884017668,0.944218545,0.41695,0.3729727040416406,0.0,0.1585375,0.03389066330446385,0.036977013516311774,5,5,5,4,4,0.908825,0.9049245287937642,0.9738645575,0.458975,0.3794779512357043,0.0,0.100705,0.04258003852236687,0.00031951949971129246,4,4,4,3,5,0.94125,0.939598005449031,0.9885496725000001,0.47265,0.4134828646996118,0.0,0.0815225,0.026642761558218125,0.07125383287912977,1,1,1,5,2
77,15,2024-12-08_2024-12-14,40000,20000,20000,0.917525,0.914251553037195,0.9768887337499998,0.461825,0.427704073059345,0.0,0.094565,0.09069435804748884,0.0706438854777794,3,3,2,1,3,0.936225,0.9346282961330498,0.9855060462499999,0.475575,0.43006485373758546,0.0,0.09686833333333333,0.0669188786053715,0.13612591448598346,2,2,3,2,1,0.88075,0.8699492884017668,0.944218545,0.41695,0.3729727040416406,0.0,0.16588833333333333,0.03389066330446385,0.036977013516311774,5,5,5,4,4,0.908825,0.9049245287937642,0.9738645575,0.458975,0.3794779512357043,0.0,0.110855,0.04258003852236687,0.00031951949971129246,4,4,4,3,5,0.94125,0.939598005449031,0.9885496725000001,0.47265,0.4134828646996118,0.0,0.09181666666666667,0.026642761558218125,0.07125383287912977,1,1,1,5,2
77,20,2024-12-08_2024-12-14,40000,20000,20000,0.917525,0.914251553037195,0.9768887337499998,0.461825,0.427704073059345,0.0,0.10113875,0.09069435804748884,0.0706438854777794,3,3,2,1,3,0.936225,0.9346282961330498,0.9855060462499999,0.475575,0.43006485373758546,0.0,0.1045025,0.0669188786053715,0.13612591448598346,2,2,3,2,1,0.88075,0.8699492884017668,0.944218545,0.41695,0.3729727040416406,0.0,0.1727575,0.03389066330446385,0.036977013516311774,5,5,5,4,4,0.908825,0.9049245287937642,0.9738645575,0.458975,0.3794779512357043,0.0,0.11872125,0.04258003852236687,0.00031951949971129246,4,4,4,3,5,0.94125,0.939598005449031,0.9885496725000001,0.47265,0.4134828646996118,0.0,0.100505,0.026642761558218125,0.07125383287912977,1,1,1,5,2
123,5,2024-09-22_2024-09-28,40000,20000,20000,0.946975,0.9458389724470775,0.9898036437500001,0.479025,0.4529390977131176,0.0,0.057555,0.1767165558035143,0.09271362629699581,3,3,2,1,2,0.955225,0.9542330002810927,0.99284124625,0.478325,0.450361717682595,0.0,0.058975,0.10093361509775886,0.06659210108272577,2,2,3,2,3,0.892125,0.8827286316075553,0.93125674625,0.419875,0.36126839934921506,0.0,0.112585,0.05690730375994434,0.04357480664434657,5,5,5,5,4,0.93245,0.930335688134894,0.9853617949999998,0.46965,0.4079657213391583,0.0,0.07076,0.06274131010680128,0.000458036212200581,4,4,4,3,5,0.956975,0.9560801327038407,0.99391616,0.479625,0.43824312837098767,0.0,0.057025,0.06124102765532446,0.09284229794394808,1,1,1,4,1
123,10,2024-09-22_2024-09-28,40000,20000,20000,0.946975,0.9458389724470775,0.9898036437500001,0.479025,0.4529390977131176,0.0,0.071925,0.1767165558035143,0.09271362629699581,3,3,1,1,2,0.955225,0.9542330002810927,0.99284124625,0.478325,0.450361717682595,0.0,0.0755625,0.10093361509775886,0.06659210108272577,2,2,3,2,3,0.892125,0.8827286316075553,0.93125674625,0.419875,0.36126839934921506,0.0,0.1478525,0.05690730375994434,0.04357480664434657,5,5,5,5,4,0.93245,0.930335688134894,0.9853617949999998,0.46965,0.4079657213391583,0.0,0.088655,0.06274131010680128,0.000458036212200581,4,4,4,3,5,0.956975,0.9560801327038407,0.99391616,0.479625,0.43824312837098767,0.0,0.0719425,0.06124102765532446,0.09284229794394808,1,1,2,4,1
123,15,2024-09-22_2024-09-28,40000,20000,20000,0.946975,0.9458389724470775,0.9898036437500001,0.479025,0.4529390977131176,0.0,0.081025,0.1767165558035143,0.09271362629699581,3,3,2,1,2,0.955225,0.9542330002810927,0.99284124625,0.478325,0.450361717682595,0.0,0.08544666666666667,0.10093361509775886,0.06659210108272577,2,2,3,2,3,0.892125,0.8827286316075553,0.93125674625,0.419875,0.36126839934921506,0.0,0.16224166666666667,0.05690730375994434,0.04357480664434657,5,5,5,5,4,0.93245,0.930335688134894,0.9853617949999998,0.46965,0.4079657213391583,0.0,0.09808,0.06274131010680128,0.000458036212200581,4,4,4,3,5,0.956975,0.9560801327038407,0.99391616,0.479625,0.43824312837098767,0.0,0.08028666666666667,0.06124102765532446,0.09284229794394808,1,1,1,4,1
123,20,2024-09-22_2024-09-28,40000,20000,20000,0.946975,0.9458389724470775,0.9898036437500001,0.479025,0.4529390977131176,0.0,0.08801,0.1767165558035143,0.09271362629699581,3,3,2,1,2,0.955225,0.9542330002810927,0.99284124625,0.478325,0.450361717682595,0.0,0.09326625,0.10093361509775886,0.06659210108272577,2,2,3,2,3,0.892125,0.8827286316075553,0.93125674625,0.419875,0.36126839934921506,0.0,0.17198125,0.05690730375994434,0.04357480664434657,5,5,5,5,4,0.93245,0.930335688134894,0.9853617949999998,0.46965,0.4079657213391583,0.0,0.10518625,0.06274131010680128,0.000458036212200581,4,4,4,3,5,0.956975,0.9560801327038407,0.99391616,0.479625,0.43824312837098767,0.0,0.08715375,0.06124102765532446,0.09284229794394808,1,1,1,4,1
123,5,2024-09-29_2024-10-05,40000,20000,20000,0.94845,0.9473845368716509,0.9897328149999998,0.47975,0.4545913880577121,0.0,0.055725,0.1996288819956907,0.0968243783642192,3,3,2,1,3,0.95765,0.9568385650224215,0.9933341175,0.4812,0.452744520697256,0.0,0.056555,0.11677124473743904,0.10879882535360885,2,2,3,2,1,0.8967,0.8883363960652902,0.94010983625,0.4251,0.37101330273192745,0.0,0.10887,0.07620479178474891,0.05317913641185408,5,5,5,5,4,0.93595,0.9341286573764591,0.98658179,0.47235,0.4101337536878741,0.0,0.069275,0.08235894004843008,0.0007353746237089026,4,4,4,4,5,0.962125,0.9613747036177753,0.9947354375,0.480575,0.44168446672759504,0.0,0.053475,0.0823945184718449,0.09698377699316721,1,1,1,3,2
123,10,2024-09-29_2024-10-05,40000,20000,20000,0.94845,0.9473845368716509,0.9897328149999998,0.47975,0.4545913880577121,0.0,0.0686775,0.1996288819956907,0.0968243783642192,3,3,2,1,3,0.95765,0.9568385650224215,0.9933341175,0.4812,0.452744520697256,0.0,0.071435,0.11677124473743904,0.10879882535360885,2,2,3,2,1,0.8967,0.8883363960652902,0.94010983625,0.4251,0.37101330273192745,0.0,0.140175,0.07620479178474891,0.05317913641185408,5,5,5,5,4,0.93595,0.9341286573764591,0.98658179,0.47235,0.4101337536878741,0.0,0.0862975,0.08235894004843008,0.0007353746237089026,4,4,4,4,5,0.962125,0.9613747036177753,0.9947354375,0.480575,0.44168446672759504,0.0,0.067575,0.0823945184718449,0.09698377699316721,1,1,1,3,2
123,15,2024-09-29_2024-10-05,40000,20000,20000,0.94845,0.9473845368716509,0.9897328149999998,0.47975,0.4545913880577121,0.0,0.07721333333333333,0.1996288819956907,0.0968243783642192,3,3,1,1,3,0.95765,0.9568385650224215,0.9933341175,0.4812,0.452744520697256,0.0,0.07987,0.11677124473743904,0.10879882535360885,2,2,3,2,1,0.8967,0.8883363960652902,0.94010983625,0.4251,0.37101330273192745,0.0,0.15497,0.07620479178474891,0.05317913641185408,5,5,5,5,4,0.93595,0.9341286573764591,0.98658179,0.47235,0.4101337536878741,0.0,0.096405,0.08235894004843008,0.0007353746237089026,4,4,4,4,5,0.962125,0.9613747036177753,0.9947354375,0.480575,0.44168446672759504,0.0,0.07730333333333334,0.0823945184718449,0.09698377699316721,1,1,2,3,2
123,20,2024-09-29_2024-10-05,40000,20000,20000,0.94845,0.9473845368716509,0.9897328149999998,0.47975,0.4545913880577121,0.0,0.08370625,0.1996288819956907,0.0968243783642192,3,3,1,1,3,0.95765,0.9568385650224215,0.9933341175,0.4812,0.452744520697256,0.0,0.0864025,0.11677124473743904,0.10879882535360885,2,2,3,2,1,0.8967,0.8883363960652902,0.94010983625,0.4251,0.37101330273192745,0.0,0.15549375,0.07620479178474891,0.05317913641185408,5,5,5,5,4,0.93595,0.9341286573764591,0.98658179,0.47235,0.4101337536878741,0.0,0.10317375,0.08235894004843008,0.0007353746237089026,4,4,4,4,5,0.962125,0.9613747036177753,0.9947354375,0.480575,0.44168446672759504,0.0,0.08436,0.0823945184718449,0.09698377699316721,1,1,2,3,2
123,5,2024-10-06_2024-10-12,40000,20000,20000,0.93685,0.9347522859947306,0.9860396825,0.46785,0.4405047391822805,0.0,0.0652,0.13946153851852094,0.09493115510974262,3,3,3,1,2,0.953325,0.952356648888662,0.9916445237500001,0.479675,0.4423667291993892,0.0,0.06349,0.08035589112873673,0.0846517346886841,2,2,1,2,3,0.8405,0.8162548240308738,0.9161180275,0.36805,0.34783525471614274,0.0,0.17971,0.028093516163195664,0.03261243915344633,5,5,5,5,4,0.916475,0.9129108776685869,0.97938713625,0.459075,0.392328815361832,0.0,0.082365,0.06554779025466309,0.0003323247257089044,4,4,4,3,5,0.9553,0.9541890853189854,0.9928291674999999,0.47575,0.4247366868836944,0.0,0.06516,0.048247334467179846,0.09509305123735262,1,1,2,4,1
123,10,2024-10-06_2024-10-12,40000,20000,20000,0.93685,0.9347522859947306,0.9860396825,0.46785,0.4405047391822805,0.0,0.081155,0.13946153851852094,0.09493115510974262,3,3,1,1,2,0.953325,0.952356648888662,0.9916445237500001,0.479675,0.4423667291993892,0.0,0.08199,0.08035589112873673,0.0846517346886841,2,2,3,2,3,0.8405,0.8162548240308738,0.9161180275,0.36805,0.34783525471614274,0.0,0.206555,0.028093516163195664,0.03261243915344633,5,5,5,5,4,0.916475,0.9129108776685869,0.97938713625,0.459075,0.392328815361832,0.0,0.1025875,0.06554779025466309,0.0003323247257089044,4,4,4,3,5,0.9553,0.9541890853189854,0.9928291674999999,0.47575,0.4247366868836944,0.0,0.0816975,0.048247334467179846,0.09509305123735262,1,1,2,4,1
123,15,2024-10-06_2024-10-12,40000,20000,20000,0.93685,0.9347522859947306,0.9860396825,0.46785,0.4405047391822805,0.0,0.090805,0.13946153851852094,0.09493115510974262,3,3,2,1,2,0.953325,0.952356648888662,0.9916445237500001,0.479675,0.4423667291993892,0.0,0.09203333333333333,0.08035589112873673,0.0846517346886841,2,2,3,2,3,0.8405,0.8162548240308738,0.9161180275,0.36805,0.34783525471614274,0.0,0.21110833333333334,0.028093516163195664,0.03261243915344633,5,5,5,5,4,0.916475,0.9129108776685869,0.97938713625,0.459075,0.392328815361832,0.0,0.11337833333333333,0.06554779025466309,0.0003323247257089044,4,4,4,3,5,0.9553,0.9541890853189854,0.9928291674999999,0.47575,0.4247366868836944,0.0,0.09026833333333334,0.048247334467179846,0.09509305123735262,1,1,1,4,1
123,20,2024-10-06_2024-10-12,40000,20000,20000,0.93685,0.9347522859947306,0.9860396825,0.46785,0.4405047391822805,0.0,0.0975375,0.13946153851852094,0.09493115510974262,3,3,2,1,2,0.953325,0.952356648888662,0.9916445237500001,0.479675,0.4423667291993892,0.0,0.0996,0.08035589112873673,0.0846517346886841,2,2,3,2,3,0.8405,0.8162548240308738,0.9161180275,0.36805,0.34783525471614274,0.0,0.2222425,0.028093516163195664,0.03261243915344633,5,5,5,5,4,0.916475,0.9129108776685869,0.97938713625,0.459075,0.392328815361832,0.0,0.12065,0.06554779025466309,0.0003323247257089044,4,4,4,3,5,0.9553,0.9541890853189854,0.9928291674999999,0.47575,0.4247366868836944,0.0,0.09742375,0.048247334467179846,0.09509305123735262,1,1,1,4,1
123,5,2024-10-13_2024-10-19,40000,20000,20000,0.941625,0.9406199933880934,0.9858803162499999,0.483075,0.444904437251126,0.0,0.06151,0.14277750593484695,0.10071516214576348,3,3,2,1,3,0.951675,0.9508054869824142,0.99154214,0.482325,0.44371369050685766,0.0,0.06246,0.08327510390022135,0.1173113557022191,2,2,3,2,1,0.881375,0.8705426568084468,0.9400678687499999,0.416325,0.3725709161401359,0.0,0.16934,0.04503900932913646,0.049003072224625396,5,5,5,5,4,0.921325,0.9190232354681831,0.97911157375,0.471575,0.39711990850611234,0.0,0.07827,0.05519957483651532,0.0006946713620028874,4,4,4,3,5,0.954,0.9529916713504675,0.9927409175,0.47855,0.43103914758522804,0.0,0.05914,0.047977914804859856,0.10109806106333613,1,1,1,4,2
123,10,2024-10-13_2024-10-19,40000,20000,20000,0.941625,0.9406199933880934,0.9858803162499999,0.483075,0.444904437251126,0.0,0.0771575,0.14277750593484695,0.10071516214576348,3,3,2,1,3,0.951675,0.9508054869824142,0.99154214,0.482325,0.44371369050685766,0.0,0.0777925,0.08327510390022135,0.1173113557022191,2,2,3,2,1,0.881375,0.8705426568084468,0.9400678687499999,0.416325,0.3725709161401359,0.0,0.1843,0.04503900932913646,0.049003072224625396,5,5,5,5,4,0.921325,0.9190232354681831,0.97911157375,0.471575,0.39711990850611234,0.0,0.09904,0.05519957483651532,0.0006946713620028874,4,4,4,3,5,0.954,0.9529916713504675,0.9927409175,0.47855,0.43103914758522804,0.0,0.075235,0.047977914804859856,0.10109806106333613,1,1,1,4,2
123,15,2024-10-13_2024-10-19,40000,20000,20000,0.941625,0.9406199933880934,0.9858803162499999,0.483075,0.444904437251126,0.0,0.08672666666666666,0.14277750593484695,0.10071516214576348,3,3,2,1,3,0.951675,0.9508054869824142,0.99154214,0.482325,0.44371369050685766,0.0,0.08763166666666666,0.08327510390022135,0.1173113557022191,2,2,3,2,1,0.881375,0.8705426568084468,0.9400678687499999,0.416325,0.3725709161401359,0.0,0.19399833333333333,0.04503900932913646,0.049003072224625396,5,5,5,5,4,0.921325,0.9190232354681831,0.97911157375,0.471575,0.39711990850611234,0.0,0.11076833333333333,0.05519957483651532,0.0006946713620028874,4,4,4,3,5,0.954,0.9529916713504675,0.9927409175,0.47855,0.43103914758522804,0.0,0.086015,0.047977914804859856,0.10109806106333613,1,1,1,4,2
123,20,2024-10-13_2024-10-19,40000,20000,20000,0.941625,0.9406199933880934,0.9858803162499999,0.483075,0.444904437251126,0.0,0.09394125,0.14277750593484695,0.10071516214576348,3,3,2,1,3,0.951675,0.9508054869824142,0.99154214,0.482325,0.44371369050685766,0.0,0.0946725,0.08327510390022135,0.1173113557022191,2,2,3,2,1,0.881375,0.8705426568084468,0.9400678687499999,0.416325,0.3725709161401359,0.0,0.20673,0.04503900932913646,0.049003072224625396,5,5,5,5,4,0.921325,0.9190232354681831,0.97911157375,0.471575,0.39711990850611234,0.0,0.11918,0.05519957483651532,0.0006946713620028874,4,4,4,3,5,0.954,0.9529916713504675,0.9927409175,0.47855,0.43103914758522804,0.0,0.09328125,0.047977914804859856,0.10109806106333613,1,1,1,4,2
123,5,2024-10-20_2024-10-26,40000,20000,20000,0.942725,0.9415128538970157,0.98737097625,0.479275,0.4442033550012985,0.0,0.060015,0.12897134281634628,0.089288810037352,3,3,3,1,3,0.9522,0.9513733468972533,0.9919691425,0.483,0.4434421715305915,0.0,0.058475,0.07591146501476988,0.20741076535318703,2,2,2,2,1,0.868775,0.8548917701047742,0.9319210137499999,0.404325,0.36596078090765694,0.0,0.17935,0.03361685869355582,0.04130223086855139,5,5,5,5,4,0.9253,0.923250796260146,0.980102845,0.4733,0.39724020378782693,0.0,0.07515,0.05725560152414562,0.00031788561411760444,4,4,4,3,5,0.9583,0.9575118447195476,0.99342121625,0.48145,0.4313624860367178,0.0,0.054185,0.04083532994870334,0.0897603346762931,1,1,1,4,2
123,10,2024-10-20_2024-10-26,40000,20000,20000,0.942725,0.9415128538970157,0.98737097625,0.479275,0.4442033550012985,0.0,0.07417,0.12897134281634628,0.089288810037352,3,3,2,1,3,0.9522,0.9513733468972533,0.9919691425,0.483,0.4434421715305915,0.0,0.07526,0.07591146501476988,0.20741076535318703,2,2,3,2,1,0.868775,0.8548917701047742,0.9319210137499999,0.404325,0.36596078090765694,0.0,0.1839425,0.03361685869355582,0.04130223086855139,5,5,5,5,4,0.9253,0.923250796260146,0.980102845,0.4733,0.39724020378782693,0.0,0.09295,0.05725560152414562,0.00031788561411760444,4,4,4,3,5,0.9583,0.9575118447195476,0.99342121625,0.48145,0.4313624860367178,0.0,0.06979,0.04083532994870334,0.0897603346762931,1,1,1,4,2
123,15,2024-10-20_2024-10-26,40000,20000,20000,0.942725,0.9415128538970157,0.98737097625,0.479275,0.4442033550012985,0.0,0.08320333333333334,0.12897134281634628,0.089288810037352,3,3,2,1,3,0.9522,0.9513733468972533,0.9919691425,0.483,0.4434421715305915,0.0,0.08578166666666667,0.07591146501476988,0.20741076535318703,2,2,3,2,1,0.868775,0.8548917701047742,0.9319210137499999,0.404325,0.36596078090765694,0.0,0.19116666666666668,0.03361685869355582,0.04130223086855139,5,5,5,5,4,0.9253,0.923250796260146,0.980102845,0.4733,0.39724020378782693,0.0,0.10383,0.05725560152414562,0.00031788561411760444,4,4,4,3,5,0.9583,0.9575118447195476,0.99342121625,0.48145,0.4313624860367178,0.0,0.08012,0.04083532994870334,0.0897603346762931,1,1,1,4,2
123,20,2024-10-20_2024-10-26,40000,20000,20000,0.942725,0.9415128538970157,0.98737097625,0.479275,0.4442033550012985,0.0,0.09019625,0.12897134281634628,0.089288810037352,3,3,2,1,3,0.9522,0.9513733468972533,0.9919691425,0.483,0.4434421715305915,0.0,0.09282125,0.07591146501476988,0.20741076535318703,2,2,3,2,1,0.868775,0.8548917701047742,0.9319210137499999,0.404325,0.36596078090765694,0.0,0.20338375,0.03361685869355582,0.04130223086855139,5,5,5,5,4,0.9253,0.923250796260146,0.980102845,0.4733,0.39724020378782693,0.0,0.11098125,0.05725560152414562,0.00031788561411760444,4,4,4,3,5,0.9583,0.9575118447195476,0.99342121625,0.48145,0.4313624860367178,0.0,0.08851375,0.04083532994870334,0.0897603346762931,1,1,1,4,2
123,5,2024-10-27_2024-11-02,40000,20000,20000,0.925175,0.9222132702653534,0.9816845887500001,0.461925,0.4305476235189639,0.0,0.06884,0.08957469872121339,0.07140506387742405,3,3,3,1,3,0.941475,0.9397006928882363,0.9879280800000001,0.470575,0.42862682414716285,0.0,0.068795,0.060686928384507545,0.13538303639397914,2,2,2,2,1,0.845425,0.8231559076738266,0.9252866599999999,0.374075,0.35557380943036315,0.0,0.19831,0.023288384911644554,0.032592279014414444,5,5,5,5,4,0.91015,0.9068236026132946,0.97369422875,0.4643,0.3790254349115574,0.0,0.085165,0.0385616110604127,0.0005649337235059317,4,4,4,3,5,0.9461,0.9443899922620583,0.9905216000000001,0.46925,0.4136413538640418,0.0,0.065255,0.024678152270950153,0.07240858420069116,1,1,1,4,2
123,10,2024-10-27_2024-11-02,40000,20000,20000,0.925175,0.9222132702653534,0.9816845887500001,0.461925,0.4305476235189639,0.0,0.0862,0.08957469872121339,0.07140506387742405,3,3,2,1,3,0.941475,0.9397006928882363,0.9879280800000001,0.470575,0.42862682414716285,0.0,0.0880125,0.060686928384507545,0.13538303639397914,2,2,3,2,1,0.845425,0.8231559076738266,0.9252866599999999,0.374075,0.35557380943036315,0.0,0.1996775,0.023288384911644554,0.032592279014414444,5,5,5,5,4,0.91015,0.9068236026132946,0.97369422875,0.4643,0.3790254349115574,0.0,0.1075375,0.0385616110604127,0.0005649337235059317,4,4,4,3,5,0.9461,0.9443899922620583,0.9905216000000001,0.46925,0.4136413538640418,0.0,0.0834175,0.024678152270950153,0.07240858420069116,1,1,1,4,2
123,15,2024-10-27_2024-11-02,40000,20000,20000,0.925175,0.9222132702653534,0.9816845887500001,0.461925,0.4305476235189639,0.0,0.09580166666666666,0.08957469872121339,0.07140506387742405,3,3,2,1,3,0.941475,0.9397006928882363,0.9879280800000001,0.470575,0.42862682414716285,0.0,0.09829,0.060686928384507545,0.13538303639397914,2,2,3,2,1,0.845425,0.8231559076738266,0.9252866599999999,0.374075,0.35557380943036315,0.0,0.20569166666666666,0.023288384911644554,0.032592279014414444,5,5,5,5,4,0.91015,0.9068236026132946,0.97369422875,0.4643,0.3790254349115574,0.0,0.11909333333333333,0.0385616110604127,0.0005649337235059317,4,4,4,3,5,0.9461,0.9443899922620583,0.9905216000000001,0.46925,0.4136413538640418,0.0,0.09473,0.024678152270950153,0.07240858420069116,1,1,1,4,2
123,20,2024-10-27_2024-11-02,40000,20000,20000,0.925175,0.9222132702653534,0.9816845887500001,0.461925,0.4305476235189639,0.0,0.1028275,0.08957469872121339,0.07140506387742405,3,3,2,1,3,0.941475,0.9397006928882363,0.9879280800000001,0.470575,0.42862682414716285,0.0,0.10557375,0.060686928384507545,0.13538303639397914,2,2,3,2,1,0.845425,0.8231559076738266,0.9252866599999999,0.374075,0.35557380943036315,0.0,0.21811375,0.023288384911644554,0.032592279014414444,5,5,5,5,4,0.91015,0.9068236026132946,0.97369422875,0.4643,0.3790254349115574,0.0,0.12821875,0.0385616110604127,0.0005649337235059317,4,4,4,3,5,0.9461,0.9443899922620583,0.9905216000000001,0.46925,0.4136413538640418,0.0,0.1025925,0.024678152270950153,0.07240858420069116,1,1,1,4,2
123,5,2024-11-03_2024-11-09,40000,20000,20000,0.939125,0.937664797890587,0.9856775725,0.476575,0.4359061866077409,0.0,0.05986,0.08417474143807042,0.06035469125537132,3,3,2,1,3,0.9469,0.9457498978340826,0.9899481712499999,0.4788,0.4337903732622414,0.0,0.06006,0.06088474267321808,0.09125190367469725,2,2,3,2,1,0.884475,0.8741454911893674,0.9436765849999998,0.417925,0.36413102955739857,0.0,0.112865,0.025958454096062338,0.0342110675987423,5,5,5,5,4,0.912625,0.9110754904205786,0.9728338712500001,0.482575,0.3887827636280062,0.0,0.081245,0.04901039602008228,0.00036717010337879223,4,4,4,3,5,0.953225,0.9523081236777039,0.9916535049999999,0.480775,0.41903851640189055,0.0,0.056945,0.03234423506292559,0.06064969021501569,1,1,1,4,2
123,10,2024-11-03_2024-11-09,40000,20000,20000,0.939125,0.937664797890587,0.9856775725,0.476575,0.4359061866077409,0.0,0.0752075,0.08417474143807042,0.06035469125537132,3,3,2,1,3,0.9469,0.9457498978340826,0.9899481712499999,0.4788,0.4337903732622414,0.0,0.0766375,0.06088474267321808,0.09125190367469725,2,2,3,2,1,0.884475,0.8741454911893674,0.9436765849999998,0.417925,0.36413102955739857,0.0,0.156935,0.025958454096062338,0.0342110675987423,5,5,5,5,4,0.912625,0.9110754904205786,0.9728338712500001,0.482575,0.3887827636280062,0.0,0.1021525,0.04901039602008228,0.00036717010337879223,4,4,4,3,5,0.953225,0.9523081236777039,0.9916535049999999,0.480775,0.41903851640189055,0.0,0.07425,0.03234423506292559,0.06064969021501569,1,1,1,4,2
123,15,2024-11-03_2024-11-09,40000,20000,20000,0.939125,0.937664797890587,0.9856775725,0.476575,0.4359061866077409,0.0,0.08407833333333334,0.08417474143807042,0.06035469125537132,3,3,1,1,3,0.9469,0.9457498978340826,0.9899481712499999,0.4788,0.4337903732622414,0.0,0.08668166666666667,0.06088474267321808,0.09125190367469725,2,2,3,2,1,0.884475,0.8741454911893674,0.9436765849999998,0.417925,0.36413102955739857,0.0,0.18576333333333334,0.025958454096062338,0.0342110675987423,5,5,5,5,4,0.912625,0.9110754904205786,0.9728338712500001,0.482575,0.3887827636280062,0.0,0.11321,0.04901039602008228,0.00036717010337879223,4,4,4,3,5,0.953225,0.9523081236777039,0.9916535049999999,0.480775,0.41903851640189055,0.0,0.08453833333333333,0.03234423506292559,0.06064969021501569,1,1,2,4,2
123,20,2024-11-03_2024-11-09,40000,20000,20000,0.939125,0.937664797890587,0.9856775725,0.476575,0.4359061866077409,0.0,0.09125625,0.08417474143807042,0.06035469125537132,3,3,1,1,3,0.9469,0.9457498978340826,0.9899481712499999,0.4788,0.4337903732622414,0.0,0.09399875,0.06088474267321808,0.09125190367469725,2,2,3,2,1,0.884475,0.8741454911893674,0.9436765849999998,0.417925,0.36413102955739857,0.0,0.19758625,0.025958454096062338,0.0342110675987423,5,5,5,5,4,0.912625,0.9110754904205786,0.9728338712500001,0.482575,0.3887827636280062,0.0,0.12077875,0.04901039602008228,0.00036717010337879223,4,4,4,3,5,0.953225,0.9523081236777039,0.9916535049999999,0.480775,0.41903851640189055,0.0,0.0924825,0.03234423506292559,0.06064969021501569,1,1,2,4,2
123,5,2024-11-10_2024-11-16,40000,20000,20000,0.9311,0.9282291666666667,0.98390937,0.46,0.4352826822525534,0.0,0.063485,0.09409942336374282,0.06883798051884883,3,3,3,1,3,0.94285,0.9412218451095341,0.98941364625,0.4723,0.43273802190412647,0.0,0.063225,0.060036125231499156,0.08382114694390896,2,2,2,2,1,0.863625,0.8466016141278366,0.9288148625000001,0.389025,0.35983895971248486,0.0,0.17992,0.02401772874562889,0.028700920638522164,5,5,5,5,4,0.908625,0.9055433518542447,0.97397667625,0.467375,0.3857112169906314,0.0,0.080565,0.04659542301745613,0.000416823343133966,4,4,4,3,5,0.94925,0.9476507297952447,0.9915939599999999,0.46945,0.41669458022062156,0.0,0.06188,0.031058601858683095,0.0693030958274914,1,1,1,4,2
123,10,2024-11-10_2024-11-16,40000,20000,20000,0.9311,0.9282291666666667,0.98390937,0.46,0.4352826822525534,0.0,0.0799825,0.09409942336374282,0.06883798051884883,3,3,2,1,3,0.94285,0.9412218451095341,0.98941364625,0.4723,0.43273802190412647,0.0,0.08037,0.060036125231499156,0.08382114694390896,2,2,3,2,1,0.863625,0.8466016141278366,0.9288148625000001,0.389025,0.35983895971248486,0.0,0.2237175,0.02401772874562889,0.028700920638522164,5,5,5,5,4,0.908625,0.9055433518542447,0.97397667625,0.467375,0.3857112169906314,0.0,0.1010375,0.04659542301745613,0.000416823343133966,4,4,4,3,5,0.94925,0.9476507297952447,0.9915939599999999,0.46945,0.41669458022062156,0.0,0.0783125,0.031058601858683095,0.0693030958274914,1,1,1,4,2
123,15,2024-11-10_2024-11-16,40000,20000,20000,0.9311,0.9282291666666667,0.98390937,0.46,0.4352826822525534,0.0,0.09,0.09409942336374282,0.06883798051884883,3,3,2,1,3,0.94285,0.9412218451095341,0.98941364625,0.4723,0.43273802190412647,0.0,0.09075333333333334,0.060036125231499156,0.08382114694390896,2,2,3,2,1,0.863625,0.8466016141278366,0.9288148625000001,0.389025,0.35983895971248486,0.0,0.20727833333333334,0.02401772874562889,0.028700920638522164,5,5,5,5,4,0.908625,0.9055433518542447,0.97397667625,0.467375,0.3857112169906314,0.0,0.11327,0.04659542301745613,0.000416823343133966,4,4,4,3,5,0.94925,0.9476507297952447,0.9915939599999999,0.46945,0.41669458022062156,0.0,0.08815833333333334,0.031058601858683095,0.0693030958274914,1,1,1,4,2
123,20,2024-11-10_2024-11-16,40000,20000,20000,0.9311,0.9282291666666667,0.98390937,0.46,0.4352826822525534,0.0,0.09716625,0.09409942336374282,0.06883798051884883,3,3,2,1,3,0.94285,0.9412218451095341,0.98941364625,0.4723,0.43273802190412647,0.0,0.09891875,0.060036125231499156,0.08382114694390896,2,2,3,2,1,0.863625,0.8466016141278366,0.9288148625000001,0.389025,0.35983895971248486,0.0,0.2151575,0.02401772874562889,0.028700920638522164,5,5,5,5,4,0.908625,0.9055433518542447,0.97397667625,0.467375,0.3857112169906314,0.0,0.12182125,0.04659542301745613,0.000416823343133966,4,4,4,3,5,0.94925,0.9476507297952447,0.9915939599999999,0.46945,0.41669458022062156,0.0,0.096695,0.031058601858683095,0.0693030958274914,1,1,1,4,2
123,5,2024-11-17_2024-11-23,40000,20000,20000,0.91245,0.9068567476993457,0.9782117699999999,0.43995,0.4309474645661649,0.0,0.067865,0.10278050593781643,0.08035452578839404,3,3,3,1,3,0.938175,0.9360072454392547,0.98776598,0.466125,0.4259193784676592,0.0,0.064225,0.06801138991527192,0.13100221799652792,2,2,2,2,1,0.86095,0.8430409752793769,0.9241914887500001,0.3859,0.360081692817157,0.0,0.127715,0.021368676601053856,0.024545835501873288,5,5,5,5,4,0.8947,0.8899053792670814,0.96675575625,0.45645,0.37444996744006515,0.0,0.083765,0.043083630907990014,0.0007648140796609191,4,4,4,3,5,0.938425,0.935659987983595,0.9893754450000001,0.457025,0.409347814191303,0.0,0.064185,0.03036724159263106,0.08111893247457494,1,1,1,4,2
123,10,2024-11-17_2024-11-23,40000,20000,20000,0.91245,0.9068567476993457,0.9782117699999999,0.43995,0.4309474645661649,0.0,0.083745,0.10278050593781643,0.08035452578839404,3,3,3,1,3,0.938175,0.9360072454392547,0.98776598,0.466125,0.4259193784676592,0.0,0.0809225,0.06801138991527192,0.13100221799652792,2,2,2,2,1,0.86095,0.8430409752793769,0.9241914887500001,0.3859,0.360081692817157,0.0,0.1428025,0.021368676601053856,0.024545835501873288,5,5,5,5,4,0.8947,0.8899053792670814,0.96675575625,0.45645,0.37444996744006515,0.0,0.1052275,0.043083630907990014,0.0007648140796609191,4,4,4,3,5,0.938425,0.935659987983595,0.9893754450000001,0.457025,0.409347814191303,0.0,0.0807625,0.03036724159263106,0.08111893247457494,1,1,1,4,2
123,15,2024-11-17_2024-11-23,40000,20000,20000,0.91245,0.9068567476993457,0.9782117699999999,0.43995,0.4309474645661649,0.0,0.093215,0.10278050593781643,0.08035452578839404,3,3,3,1,3,0.938175,0.9360072454392547,0.98776598,0.466125,0.4259193784676592,0.0,0.09150666666666667,0.06801138991527192,0.13100221799652792,2,2,2,2,1,0.86095,0.8430409752793769,0.9241914887500001,0.3859,0.360081692817157,0.0,0.15243833333333334,0.021368676601053856,0.024545835501873288,5,5,5,5,4,0.8947,0.8899053792670814,0.96675575625,0.45645,0.37444996744006515,0.0,0.11758333333333333,0.043083630907990014,0.0007648140796609191,4,4,4,3,5,0.938425,0.935659987983595,0.9893754450000001,0.457025,0.409347814191303,0.0,0.09071833333333333,0.03036724159263106,0.08111893247457494,1,1,1,4,2
123,20,2024-11-17_2024-11-23,40000,20000,20000,0.91245,0.9068567476993457,0.9782117699999999,0.43995,0.4309474645661649,0.0,0.09972125,0.10278050593781643,0.08035452578839404,3,3,2,1,3,0.938175,0.9360072454392547,0.98776598,0.466125,0.4259193784676592,0.0,0.10035,0.06801138991527192,0.13100221799652792,2,2,3,2,1,0.86095,0.8430409752793769,0.9241914887500001,0.3859,0.360081692817157,0.0,0.16658375,0.021368676601053856,0.024545835501873288,5,5,5,5,4,0.8947,0.8899053792670814,0.96675575625,0.45645,0.37444996744006515,0.0,0.12654375,0.043083630907990014,0.0007648140796609191,4,4,4,3,5,0.938425,0.935659987983595,0.9893754450000001,0.457025,0.409347814191303,0.0,0.0983375,0.03036724159263106,0.08111893247457494,1,1,1,4,2
123,5,2024-11-24_2024-11-30,40000,20000,20000,0.9234,0.9201625931523268,0.9818549,0.45945,0.4313406380178993,0.0,0.063805,0.09002588230875817,0.07193019309238555,3,3,2,1,3,0.94245,0.9409531626737804,0.9886781325,0.47465,0.4306176914612223,0.0,0.064635,0.0610928682087794,0.10374662399665974,2,2,3,2,1,0.87495,0.8619299988958816,0.9374236425,0.4057,0.36851850505941075,0.0,0.19169,0.024705346202217465,0.03361170916043046,5,5,5,4,4,0.898975,0.8950416872289031,0.96823649625,0.462525,0.3752714319630915,0.0,0.082415,0.032489384783406454,0.0002659732202910492,4,4,4,3,5,0.95105,0.9496191848497324,0.9909754187500001,0.4716,0.41226155743156245,0.0,0.06229,0.02457589503899777,0.07245898747066949,1,1,1,5,2
123,10,2024-11-24_2024-11-30,40000,20000,20000,0.9234,0.9201625931523268,0.9818549,0.45945,0.4313406380178993,0.0,0.07998,0.09002588230875817,0.07193019309238555,3,3,2,1,3,0.94245,0.9409531626737804,0.9886781325,0.47465,0.4306176914612223,0.0,0.082935,0.0610928682087794,0.10374662399665974,2,2,3,2,1,0.87495,0.8619299988958816,0.9374236425,0.4057,0.36851850505941075,0.0,0.19571,0.024705346202217465,0.03361170916043046,5,5,5,4,4,0.898975,0.8950416872289031,0.96823649625,0.462525,0.3752714319630915,0.0,0.104485,0.032489384783406454,0.0002659732202910492,4,4,4,3,5,0.95105,0.9496191848497324,0.9909754187500001,0.4716,0.41226155743156245,0.0,0.0790975,0.02457589503899777,0.07245898747066949,1,1,1,5,2
123,15,2024-11-24_2024-11-30,40000,20000,20000,0.9234,0.9201625931523268,0.9818549,0.45945,0.4313406380178993,0.0,0.08964666666666667,0.09002588230875817,0.07193019309238555,3,3,2,1,3,0.94245,0.9409531626737804,0.9886781325,0.47465,0.4306176914612223,0.0,0.09327,0.0610928682087794,0.10374662399665974,2,2,3,2,1,0.87495,0.8619299988958816,0.9374236425,0.4057,0.36851850505941075,0.0,0.187495,0.024705346202217465,0.03361170916043046,5,5,5,4,4,0.898975,0.8950416872289031,0.96823649625,0.462525,0.3752714319630915,0.0,0.11659,0.032489384783406454,0.0002659732202910492,4,4,4,3,5,0.95105,0.9496191848497324,0.9909754187500001,0.4716,0.41226155743156245,0.0,0.08931833333333333,0.02457589503899777,0.07245898747066949,1,1,1,5,2
123,20,2024-11-24_2024-11-30,40000,20000,20000,0.9234,0.9201625931523268,0.9818549,0.45945,0.4313406380178993,0.0,0.09646625,0.09002588230875817,0.07193019309238555,3,3,1,1,3,0.94245,0.9409531626737804,0.9886781325,0.47465,0.4306176914612223,0.0,0.10089125,0.0610928682087794,0.10374662399665974,2,2,3,2,1,0.87495,0.8619299988958816,0.9374236425,0.4057,0.36851850505941075,0.0,0.190865,0.024705346202217465,0.03361170916043046,5,5,5,4,4,0.898975,0.8950416872289031,0.96823649625,0.462525,0.3752714319630915,0.0,0.1251625,0.032489384783406454,0.0002659732202910492,4,4,4,3,5,0.95105,0.9496191848497324,0.9909754187500001,0.4716,0.41226155743156245,0.0,0.09710875,0.02457589503899777,0.07245898747066949,1,1,2,5,2
123,5,2024-12-01_2024-12-07,40000,20000,20000,0.92185,0.9196731421523281,0.9751476349999999,0.4729,0.42569453768473947,0.0,0.066935,0.06929809151412712,0.07650946928809266,3,3,3,1,3,0.934725,0.9335031198268178,0.98460625125,0.481625,0.42726265324627166,0.0,0.063725,0.052866720136977664,0.09580153422756849,2,2,2,2,1,0.877725,0.8680924512527306,0.9444344149999999,0.426975,0.3784210123972637,0.0,0.14749,0.03204712747009749,0.03574664207748167,5,5,5,3,4,0.903975,0.9020727634296204,0.96692093,0.480575,0.3650718946313196,0.0,0.08184,0.03163929388629674,0.0004306056884575684,4,4,4,4,5,0.9433,0.9422224486676517,0.9868353225000001,0.48135,0.4057705246264691,0.0,0.061885,0.020459058035180062,0.0769850846583942,1,1,1,5,2
123,10,2024-12-01_2024-12-07,40000,20000,20000,0.92185,0.9196731421523281,0.9751476349999999,0.4729,0.42569453768473947,0.0,0.08416,0.06929809151412712,0.07650946928809266,3,3,3,1,3,0.934725,0.9335031198268178,0.98460625125,0.481625,0.42726265324627166,0.0,0.0817525,0.052866720136977664,0.09580153422756849,2,2,2,2,1,0.877725,0.8680924512527306,0.9444344149999999,0.426975,0.3784210123972637,0.0,0.1593,0.03204712747009749,0.03574664207748167,5,5,5,3,4,0.903975,0.9020727634296204,0.96692093,0.480575,0.3650718946313196,0.0,0.1032325,0.03163929388629674,0.0004306056884575684,4,4,4,4,5,0.9433,0.9422224486676517,0.9868353225000001,0.48135,0.4057705246264691,0.0,0.080015,0.020459058035180062,0.0769850846583942,1,1,1,5,2
123,15,2024-12-01_2024-12-07,40000,20000,20000,0.92185,0.9196731421523281,0.9751476349999999,0.4729,0.42569453768473947,0.0,0.09545166666666667,0.06929809151412712,0.07650946928809266,3,3,3,1,3,0.934725,0.9335031198268178,0.98460625125,0.481625,0.42726265324627166,0.0,0.09352833333333334,0.052866720136977664,0.09580153422756849,2,2,2,2,1,0.877725,0.8680924512527306,0.9444344149999999,0.426975,0.3784210123972637,0.0,0.167645,0.03204712747009749,0.03574664207748167,5,5,5,3,4,0.903975,0.9020727634296204,0.96692093,0.480575,0.3650718946313196,0.0,0.11607333333333333,0.03163929388629674,0.0004306056884575684,4,4,4,4,5,0.9433,0.9422224486676517,0.9868353225000001,0.48135,0.4057705246264691,0.0,0.09133666666666666,0.020459058035180062,0.0769850846583942,1,1,1,5,2
123,20,2024-12-01_2024-12-07,40000,20000,20000,0.92185,0.9196731421523281,0.9751476349999999,0.4729,0.42569453768473947,0.0,0.10302625,0.06929809151412712,0.07650946928809266,3,3,3,1,3,0.934725,0.9335031198268178,0.98460625125,0.481625,0.42726265324627166,0.0,0.1022075,0.052866720136977664,0.09580153422756849,2,2,2,2,1,0.877725,0.8680924512527306,0.9444344149999999,0.426975,0.3784210123972637,0.0,0.1738375,0.03204712747009749,0.03574664207748167,5,5,5,3,4,0.903975,0.9020727634296204,0.96692093,0.480575,0.3650718946313196,0.0,0.12510875,0.03163929388629674,0.0004306056884575684,4,4,4,4,5,0.9433,0.9422224486676517,0.9868353225000001,0.48135,0.4057705246264691,0.0,0.09977625,0.020459058035180062,0.0769850846583942,1,1,1,5,2
123,5,2024-12-08_2024-12-14,40000,20000,20000,0.92,0.9175512728022261,0.9776843525000001,0.4703,0.42785911193922505,0.0,0.068645,0.09150190936969584,0.0725452587175878,3,3,3,1,3,0.93245,0.9307463604675005,0.9855162049999999,0.4754,0.42878623065667754,0.0,0.067445,0.06768703517413963,0.13301887702220816,2,2,2,2,1,0.878225,0.8670034129692833,0.9433301624999999,0.415625,0.3733030813740993,0.0,0.11723,0.03380890590085736,0.03715378418111499,5,5,5,4,4,0.9111,0.9074825684254345,0.97438251625,0.4609,0.37850186355086496,0.0,0.079915,0.041869868926140585,0.00034912132794570166,4,4,4,3,5,0.942475,0.9408315976240068,0.988681935,0.472225,0.4124443578195609,0.0,0.06528,0.02664986035507774,0.07311654025847084,1,1,1,5,2
123,10,2024-12-08_2024-12-14,40000,20000,20000,0.92,0.9175512728022261,0.9776843525000001,0.4703,0.42785911193922505,0.0,0.08527,0.09150190936969584,0.0725452587175878,3,3,3,1,3,0.93245,0.9307463604675005,0.9855162049999999,0.4754,0.42878623065667754,0.0,0.0846775,0.06768703517413963,0.13301887702220816,2,2,2,2,1,0.878225,0.8670034129692833,0.9433301624999999,0.415625,0.3733030813740993,0.0,0.142935,0.03380890590085736,0.03715378418111499,5,5,5,4,4,0.9111,0.9074825684254345,0.97438251625,0.4609,0.37850186355086496,0.0,0.0986725,0.041869868926140585,0.00034912132794570166,4,4,4,3,5,0.942475,0.9408315976240068,0.988681935,0.472225,0.4124443578195609,0.0,0.0823975,0.02664986035507774,0.07311654025847084,1,1,1,5,2
123,15,2024-12-08_2024-12-14,40000,20000,20000,0.92,0.9175512728022261,0.9776843525000001,0.4703,0.42785911193922505,0.0,0.09454833333333333,0.09150190936969584,0.0725452587175878,3,3,2,1,3,0.93245,0.9307463604675005,0.9855162049999999,0.4754,0.42878623065667754,0.0,0.09541666666666666,0.06768703517413963,0.13301887702220816,2,2,3,2,1,0.878225,0.8670034129692833,0.9433301624999999,0.415625,0.3733030813740993,0.0,0.15754333333333334,0.03380890590085736,0.03715378418111499,5,5,5,4,4,0.9111,0.9074825684254345,0.97438251625,0.4609,0.37850186355086496,0.0,0.10884333333333333,0.041869868926140585,0.00034912132794570166,4,4,4,3,5,0.942475,0.9408315976240068,0.988681935,0.472225,0.4124443578195609,0.0,0.09324666666666667,0.02664986035507774,0.07311654025847084,1,1,1,5,2
123,20,2024-12-08_2024-12-14,40000,20000,20000,0.92,0.9175512728022261,0.9776843525000001,0.4703,0.42785911193922505,0.0,0.101085,0.09150190936969584,0.0725452587175878,3,3,1,1,3,0.93245,0.9307463604675005,0.9855162049999999,0.4754,0.42878623065667754,0.0,0.103455,0.06768703517413963,0.13301887702220816,2,2,3,2,1,0.878225,0.8670034129692833,0.9433301624999999,0.415625,0.3733030813740993,0.0,0.16639,0.03380890590085736,0.03715378418111499,5,5,5,4,4,0.9111,0.9074825684254345,0.97438251625,0.4609,0.37850186355086496,0.0,0.11615125,0.041869868926140585,0.00034912132794570166,4,4,4,3,5,0.942475,0.9408315976240068,0.988681935,0.472225,0.4124443578195609,0.0,0.10174,0.02664986035507774,0.07311654025847084,1,1,2,5,2
2024,5,2024-09-22_2024-09-28,40000,20000,20000,0.946075,0.9447701958776085,0.9897222387500002,0.476375,0.4530643566471514,0.0,0.057155,0.17867799165733686,0.09664806911101427,3,3,2,1,2,0.953625,0.9525441940187777,0.9930304237500001,0.477225,0.4506332963614125,0.0,0.05725,0.10074410688795046,0.07175112036606798,2,2,3,2,3,0.88795,0.8773466148541404,0.9270824225000001,0.41355,0.36080850524108826,0.0,0.154015,0.05846935734129059,0.04297790519110063,5,5,5,5,4,0.933125,0.9309338772559449,0.985714315,0.468275,0.4077844423454869,0.0,0.07007,0.0640856591426517,0.0004965544298205142,4,4,4,3,5,0.954075,0.9529396695273472,0.9939096350000001,0.475875,0.43840833727941064,0.0,0.0553,0.06269232525553461,0.09678959223860689,1,1,1,4,1
2024,10,2024-09-22_2024-09-28,40000,20000,20000,0.946075,0.9447701958776085,0.9897222387500002,0.476375,0.4530643566471514,0.0,0.07106,0.17867799165733686,0.09664806911101427,3,3,2,1,2,0.953625,0.9525441940187777,0.9930304237500001,0.477225,0.4506332963614125,0.0,0.0736825,0.10074410688795046,0.07175112036606798,2,2,3,2,3,0.88795,0.8773466148541404,0.9270824225000001,0.41355,0.36080850524108826,0.0,0.167185,0.05846935734129059,0.04297790519110063,5,5,5,5,4,0.933125,0.9309338772559449,0.985714315,0.468275,0.4077844423454869,0.0,0.088575,0.0640856591426517,0.0004965544298205142,4,4,4,3,5,0.954075,0.9529396695273472,0.9939096350000001,0.475875,0.43840833727941064,0.0,0.070505,0.06269232525553461,0.09678959223860689,1,1,1,4,1
2024,15,2024-09-22_2024-09-28,40000,20000,20000,0.946075,0.9447701958776085,0.9897222387500002,0.476375,0.4530643566471514,0.0,0.08001166666666666,0.17867799165733686,0.09664806911101427,3,3,2,1,2,0.953625,0.9525441940187777,0.9930304237500001,0.477225,0.4506332963614125,0.0,0.084385,0.10074410688795046,0.07175112036606798,2,2,3,2,3,0.88795,0.8773466148541404,0.9270824225000001,0.41355,0.36080850524108826,0.0,0.161865,0.05846935734129059,0.04297790519110063,5,5,5,5,4,0.933125,0.9309338772559449,0.985714315,0.468275,0.4077844423454869,0.0,0.09808666666666667,0.0640856591426517,0.0004965544298205142,4,4,4,3,5,0.954075,0.9529396695273472,0.9939096350000001,0.475875,0.43840833727941064,0.0,0.07897,0.06269232525553461,0.09678959223860689,1,1,1,4,1
2024,20,2024-09-22_2024-09-28,40000,20000,20000,0.946075,0.9447701958776085,0.9897222387500002,0.476375,0.4530643566471514,0.0,0.086855,0.17867799165733686,0.09664806911101427,3,3,2,1,2,0.953625,0.9525441940187777,0.9930304237500001,0.477225,0.4506332963614125,0.0,0.09202375,0.10074410688795046,0.07175112036606798,2,2,3,2,3,0.88795,0.8773466148541404,0.9270824225000001,0.41355,0.36080850524108826,0.0,0.18103125,0.05846935734129059,0.04297790519110063,5,5,5,5,4,0.933125,0.9309338772559449,0.985714315,0.468275,0.4077844423454869,0.0,0.10481,0.0640856591426517,0.0004965544298205142,4,4,4,3,5,0.954075,0.9529396695273472,0.9939096350000001,0.475875,0.43840833727941064,0.0,0.08519625,0.06269232525553461,0.09678959223860689,1,1,1,4,1
2024,5,2024-09-29_2024-10-05,40000,20000,20000,0.944325,0.9429720109600266,0.9894556662499998,0.476275,0.45470960736742566,0.0,0.056395,0.20026286237829918,0.09612877914319104,3,3,2,1,3,0.955625,0.9547020543575347,0.9928820125,0.479625,0.45247151497233634,0.0,0.05708,0.1171711570300041,0.1359797777014286,2,2,3,2,1,0.892525,0.8832142566080791,0.935871905,0.420275,0.3702753374107339,0.0,0.135995,0.0772330415923714,0.05284324861252525,5,5,5,5,4,0.931725,0.9294807240426576,0.9862437424999999,0.468175,0.40968099642528377,0.0,0.07068,0.08271219310061717,0.0007183434141153643,4,4,4,4,5,0.958325,0.9573886148104599,0.994424505,0.478025,0.4417910492268234,0.0,0.05495,0.0830623880648625,0.09640844418937694,1,1,1,3,2
2024,10,2024-09-29_2024-10-05,40000,20000,20000,0.944325,0.9429720109600266,0.9894556662499998,0.476275,0.45470960736742566,0.0,0.0700125,0.20026286237829918,0.09612877914319104,3,3,2,1,3,0.955625,0.9547020543575347,0.9928820125,0.479625,0.45247151497233634,0.0,0.072325,0.1171711570300041,0.1359797777014286,2,2,3,2,1,0.892525,0.8832142566080791,0.935871905,0.420275,0.3702753374107339,0.0,0.1802625,0.0772330415923714,0.05284324861252525,5,5,5,5,4,0.931725,0.9294807240426576,0.9862437424999999,0.468175,0.40968099642528377,0.0,0.087485,0.08271219310061717,0.0007183434141153643,4,4,4,4,5,0.958325,0.9573886148104599,0.994424505,0.478025,0.4417910492268234,0.0,0.06991,0.0830623880648625,0.09640844418937694,1,1,1,3,2
2024,15,2024-09-29_2024-10-05,40000,20000,20000,0.944325,0.9429720109600266,0.9894556662499998,0.476275,0.45470960736742566,0.0,0.07953,0.20026286237829918,0.09612877914319104,3,3,2,1,3,0.955625,0.9547020543575347,0.9928820125,0.479625,0.45247151497233634,0.0,0.08113,0.1171711570300041,0.1359797777014286,2,2,3,2,1,0.892525,0.8832142566080791,0.935871905,0.420275,0.3702753374107339,0.0,0.16955666666666666,0.0772330415923714,0.05284324861252525,5,5,5,5,4,0.931725,0.9294807240426576,0.9862437424999999,0.468175,0.40968099642528377,0.0,0.09774333333333333,0.08271219310061717,0.0007183434141153643,4,4,4,4,5,0.958325,0.9573886148104599,0.994424505,0.478025,0.4417910492268234,0.0,0.07935833333333334,0.0830623880648625,0.09640844418937694,1,1,1,3,2
2024,20,2024-09-29_2024-10-05,40000,20000,20000,0.944325,0.9429720109600266,0.9894556662499998,0.476275,0.45470960736742566,0.0,0.085265,0.20026286237829918,0.09612877914319104,3,3,1,1,3,0.955625,0.9547020543575347,0.9928820125,0.479625,0.45247151497233634,0.0,0.087285,0.1171711570300041,0.1359797777014286,2,2,3,2,1,0.892525,0.8832142566080791,0.935871905,0.420275,0.3702753374107339,0.0,0.18581625,0.0772330415923714,0.05284324861252525,5,5,5,5,4,0.931725,0.9294807240426576,0.9862437424999999,0.468175,0.40968099642528377,0.0,0.10435125,0.08271219310061717,0.0007183434141153643,4,4,4,4,5,0.958325,0.9573886148104599,0.994424505,0.478025,0.4417910492268234,0.0,0.0866275,0.0830623880648625,0.09640844418937694,1,1,2,3,2
2024,5,2024-10-06_2024-10-12,40000,20000,20000,0.93555,0.933443486342748,0.9863023062499998,0.46835,0.44066542233852724,0.0,0.065955,0.1379508336199967,0.09316406047088549,3,3,3,1,2,0.952875,0.9519120385724126,0.9919454725,0.479975,0.4421203057606139,0.0,0.06294,0.07921049917062405,0.08772845360944646,2,2,1,2,3,0.836275,0.8099370229561482,0.90967831,0.361425,0.3485316097280024,0.0,0.20169,0.027934511446866445,0.03233407829951868,5,5,5,5,4,0.91445,0.9103906986487902,0.9799627374999998,0.4547,0.3926418589605599,0.0,0.08189,0.06344200691341773,0.00030387477171118637,4,4,4,3,5,0.9534,0.9522051282051283,0.992993025,0.475,0.4244487308706406,0.0,0.06434,0.046977460683715,0.0933471655849202,1,1,2,4,1
2024,10,2024-10-06_2024-10-12,40000,20000,20000,0.93555,0.933443486342748,0.9863023062499998,0.46835,0.44066542233852724,0.0,0.0812825,0.1379508336199967,0.09316406047088549,3,3,2,1,2,0.952875,0.9519120385724126,0.9919454725,0.479975,0.4421203057606139,0.0,0.08087,0.07921049917062405,0.08772845360944646,2,2,1,2,3,0.836275,0.8099370229561482,0.90967831,0.361425,0.3485316097280024,0.0,0.2184925,0.027934511446866445,0.03233407829951868,5,5,5,5,4,0.91445,0.9103906986487902,0.9799627374999998,0.4547,0.3926418589605599,0.0,0.1019125,0.06344200691341773,0.00030387477171118637,4,4,4,3,5,0.9534,0.9522051282051283,0.992993025,0.475,0.4244487308706406,0.0,0.0814025,0.046977460683715,0.0933471655849202,1,1,3,4,1
2024,15,2024-10-06_2024-10-12,40000,20000,20000,0.93555,0.933443486342748,0.9863023062499998,0.46835,0.44066542233852724,0.0,0.090415,0.1379508336199967,0.09316406047088549,3,3,1,1,2,0.952875,0.9519120385724126,0.9919454725,0.479975,0.4421203057606139,0.0,0.09221333333333333,0.07921049917062405,0.08772845360944646,2,2,3,2,3,0.836275,0.8099370229561482,0.90967831,0.361425,0.3485316097280024,0.0,0.21137,0.027934511446866445,0.03233407829951868,5,5,5,5,4,0.91445,0.9103906986487902,0.9799627374999998,0.4547,0.3926418589605599,0.0,0.11289333333333333,0.06344200691341773,0.00030387477171118637,4,4,4,3,5,0.9534,0.9522051282051283,0.992993025,0.475,0.4244487308706406,0.0,0.09073666666666666,0.046977460683715,0.0933471655849202,1,1,2,4,1
2024,20,2024-10-06_2024-10-12,40000,20000,20000,0.93555,0.933443486342748,0.9863023062499998,0.46835,0.44066542233852724,0.0,0.0969925,0.1379508336199967,0.09316406047088549,3,3,1,1,2,0.952875,0.9519120385724126,0.9919454725,0.479975,0.4421203057606139,0.0,0.099785,0.07921049917062405,0.08772845360944646,2,2,3,2,3,0.836275,0.8099370229561482,0.90967831,0.361425,0.3485316097280024,0.0,0.21577875,0.027934511446866445,0.03233407829951868,5,5,5,5,4,0.91445,0.9103906986487902,0.9799627374999998,0.4547,0.3926418589605599,0.0,0.12042625,0.06344200691341773,0.00030387477171118637,4,4,4,3,5,0.9534,0.9522051282051283,0.992993025,0.475,0.4244487308706406,0.0,0.09822875,0.046977460683715,0.0933471655849202,1,1,2,4,1
2024,5,2024-10-13_2024-10-19,40000,20000,20000,0.941025,0.9399699722625137,0.9859504537499999,0.482425,0.44642580019757827,0.0,0.06063,0.14161879186923712,0.10003834776446219,3,3,2,1,3,0.9521,0.95123441079155,0.99140032,0.48225,0.4448446498928718,0.0,0.06168,0.08381627201372242,0.13706402843566742,2,1,3,2,1,0.88105,0.8699573630698589,0.93800923125,0.4147,0.3733661943510234,0.0,0.169175,0.044715937503227304,0.049265940214868895,5,5,5,5,4,0.9203,0.917588667149209,0.9792837925,0.4671,0.3978816756227975,0.0,0.079305,0.055016755048840175,0.0006293070775455052,4,4,4,3,5,0.9519,0.9508908060646281,0.99254637,0.47945,0.43221896920030883,0.0,0.059545,0.04766729278292736,0.10037833203765663,1,2,1,4,2
2024,10,2024-10-13_2024-10-19,40000,20000,20000,0.941025,0.9399699722625137,0.9859504537499999,0.482425,0.44642580019757827,0.0,0.076775,0.14161879186923712,0.10003834776446219,3,3,2,1,3,0.9521,0.95123441079155,0.99140032,0.48225,0.4448446498928718,0.0,0.077705,0.08381627201372242,0.13706402843566742,2,1,3,2,1,0.88105,0.8699573630698589,0.93800923125,0.4147,0.3733661943510234,0.0,0.195675,0.044715937503227304,0.049265940214868895,5,5,5,5,4,0.9203,0.917588667149209,0.9792837925,0.4671,0.3978816756227975,0.0,0.09923,0.055016755048840175,0.0006293070775455052,4,4,4,3,5,0.9519,0.9508908060646281,0.99254637,0.47945,0.43221896920030883,0.0,0.0765925,0.04766729278292736,0.10037833203765663,1,2,1,4,2
2024,15,2024-10-13_2024-10-19,40000,20000,20000,0.941025,0.9399699722625137,0.9859504537499999,0.482425,0.44642580019757827,0.0,0.0868,0.14161879186923712,0.10003834776446219,3,3,1,1,3,0.9521,0.95123441079155,0.99140032,0.48225,0.4448446498928718,0.0,0.08764,0.08381627201372242,0.13706402843566742,2,1,3,2,1,0.88105,0.8699573630698589,0.93800923125,0.4147,0.3733661943510234,0.0,0.19518333333333332,0.044715937503227304,0.049265940214868895,5,5,5,5,4,0.9203,0.917588667149209,0.9792837925,0.4671,0.3978816756227975,0.0,0.11108833333333333,0.055016755048840175,0.0006293070775455052,4,4,4,3,5,0.9519,0.9508908060646281,0.99254637,0.47945,0.43221896920030883,0.0,0.08690666666666666,0.04766729278292736,0.10037833203765663,1,2,2,4,2
2024,20,2024-10-13_2024-10-19,40000,20000,20000,0.941025,0.9399699722625137,0.9859504537499999,0.482425,0.44642580019757827,0.0,0.0941175,0.14161879186923712,0.10003834776446219,3,3,1,1,3,0.9521,0.95123441079155,0.99140032,0.48225,0.4448446498928718,0.0,0.09512,0.08381627201372242,0.13706402843566742,2,1,3,2,1,0.88105,0.8699573630698589,0.93800923125,0.4147,0.3733661943510234,0.0,0.1914125,0.044715937503227304,0.049265940214868895,5,5,5,5,4,0.9203,0.917588667149209,0.9792837925,0.4671,0.3978816756227975,0.0,0.1193275,0.055016755048840175,0.0006293070775455052,4,4,4,3,5,0.9519,0.9508908060646281,0.99254637,0.47945,0.43221896920030883,0.0,0.09424125,0.04766729278292736,0.10037833203765663,1,2,2,4,2
2024,5,2024-10-20_2024-10-26,40000,20000,20000,0.9428,0.9415013295152382,0.9875337125,0.4778,0.44606931005225936,0.0,0.05982,0.1285065586168087,0.09332819956340466,3,3,3,1,3,0.95495,0.9541732363562382,0.99235545,0.48305,0.4428810533450484,0.0,0.05686,0.07601316067419905,0.21604159208567597,2,2,2,2,1,0.868875,0.8545358737554428,0.9309387325,0.401425,0.36698357733815734,0.0,0.15623,0.03333688993214161,0.04091215469114716,5,5,5,5,4,0.9245,0.9223370878979581,0.9805308975,0.47215,0.3979809403001314,0.0,0.0738,0.05764835955591541,0.00045404038431098924,4,4,4,3,5,0.956975,0.9561495146125819,0.99365815625,0.481175,0.432276936784268,0.0,0.05406,0.0408190334743577,0.09385765664604068,1,1,1,4,2
2024,10,2024-10-20_2024-10-26,40000,20000,20000,0.9428,0.9415013295152382,0.9875337125,0.4778,0.44606931005225936,0.0,0.073395,0.1285065586168087,0.09332819956340466,3,3,2,1,3,0.95495,0.9541732363562382,0.99235545,0.48305,0.4428810533450484,0.0,0.07361,0.07601316067419905,0.21604159208567597,2,2,3,2,1,0.868875,0.8545358737554428,0.9309387325,0.401425,0.36698357733815734,0.0,0.182455,0.03333688993214161,0.04091215469114716,5,5,5,5,4,0.9245,0.9223370878979581,0.9805308975,0.47215,0.3979809403001314,0.0,0.0923675,0.05764835955591541,0.00045404038431098924,4,4,4,3,5,0.956975,0.9561495146125819,0.99365815625,0.481175,0.432276936784268,0.0,0.0692525,0.0408190334743577,0.09385765664604068,1,1,1,4,2
2024,15,2024-10-20_2024-10-26,40000,20000,20000,0.9428,0.9415013295152382,0.9875337125,0.4778,0.44606931005225936,0.0,0.08209833333333333,0.1285065586168087,0.09332819956340466,3,3,2,1,3,0.95495,0.9541732363562382,0.99235545,0.48305,0.4428810533450484,0.0,0.083705,0.07601316067419905,0.21604159208567597,2,2,3,2,1,0.868875,0.8545358737554428,0.9309387325,0.401425,0.36698357733815734,0.0,0.18892,0.03333688993214161,0.04091215469114716,5,5,5,5,4,0.9245,0.9223370878979581,0.9805308975,0.47215,0.3979809403001314,0.0,0.10302333333333333,0.05764835955591541,0.00045404038431098924,4,4,4,3,5,0.956975,0.9561495146125819,0.99365815625,0.481175,0.432276936784268,0.0,0.07929166666666666,0.0408190334743577,0.09385765664604068,1,1,1,4,2
2024,20,2024-10-20_2024-10-26,40000,20000,20000,0.9428,0.9415013295152382,0.9875337125,0.4778,0.44606931005225936,0.0,0.08827625,0.1285065586168087,0.09332819956340466,3,3,2,1,3,0.95495,0.9541732363562382,0.99235545,0.48305,0.4428810533450484,0.0,0.09086625,0.07601316067419905,0.21604159208567597,2,2,3,2,1,0.868875,0.8545358737554428,0.9309387325,0.401425,0.36698357733815734,0.0,0.2066725,0.03333688993214161,0.04091215469114716,5,5,5,5,4,0.9245,0.9223370878979581,0.9805308975,0.47215,0.3979809403001314,0.0,0.110415,0.05764835955591541,0.00045404038431098924,4,4,4,3,5,0.956975,0.9561495146125819,0.99365815625,0.481175,0.432276936784268,0.0,0.08792375,0.0408190334743577,0.09385765664604068,1,1,1,4,2
2024,5,2024-10-27_2024-11-02,40000,20000,20000,0.9222,0.9185340314136126,0.98076191625,0.455,0.43063794334609407,0.0,0.06914,0.08919214698321706,0.07056712187533624,3,3,2,1,3,0.940075,0.9381626809070506,0.9879966287500002,0.469075,0.4281088295959293,0.0,0.069455,0.05964844753344627,0.11344213355796293,2,2,3,2,1,0.8414,0.8172495246874459,0.9231548387500002,0.36785,0.3553157961083113,0.0,0.1673,0.0231475114033152,0.03272088961227801,5,5,5,5,4,0.90755,0.9037330140053106,0.9734137850000001,0.46035,0.3795488511131574,0.0,0.08496,0.03818740121983897,0.00047117444464585506,4,4,4,3,5,0.942425,0.940356874627716,0.99054161375,0.465325,0.413586395207939,0.0,0.06425,0.02468333760482499,0.07157604000168874,1,1,1,4,2
2024,10,2024-10-27_2024-11-02,40000,20000,20000,0.9222,0.9185340314136126,0.98076191625,0.455,0.43063794334609407,0.0,0.0863,0.08919214698321706,0.07056712187533624,3,3,2,1,3,0.940075,0.9381626809070506,0.9879966287500002,0.469075,0.4281088295959293,0.0,0.0875375,0.05964844753344627,0.11344213355796293,2,2,3,2,1,0.8414,0.8172495246874459,0.9231548387500002,0.36785,0.3553157961083113,0.0,0.1861,0.0231475114033152,0.03272088961227801,5,5,5,5,4,0.90755,0.9037330140053106,0.9734137850000001,0.46035,0.3795488511131574,0.0,0.107695,0.03818740121983897,0.00047117444464585506,4,4,4,3,5,0.942425,0.940356874627716,0.99054161375,0.465325,0.413586395207939,0.0,0.0832425,0.02468333760482499,0.07157604000168874,1,1,1,4,2
2024,15,2024-10-27_2024-11-02,40000,20000,20000,0.9222,0.9185340314136126,0.98076191625,0.455,0.43063794334609407,0.0,0.09611833333333333,0.08919214698321706,0.07056712187533624,3,3,2,1,3,0.940075,0.9381626809070506,0.9879966287500002,0.469075,0.4281088295959293,0.0,0.09920166666666666,0.05964844753344627,0.11344213355796293,2,2,3,2,1,0.8414,0.8172495246874459,0.9231548387500002,0.36785,0.3553157961083113,0.0,0.20636333333333334,0.0231475114033152,0.03272088961227801,5,5,5,5,4,0.90755,0.9037330140053106,0.9734137850000001,0.46035,0.3795488511131574,0.0,0.12026166666666667,0.03818740121983897,0.00047117444464585506,4,4,4,3,5,0.942425,0.940356874627716,0.99054161375,0.465325,0.413586395207939,0.0,0.094635,0.02468333760482499,0.07157604000168874,1,1,1,4,2
2024,20,2024-10-27_2024-11-02,40000,20000,20000,0.9222,0.9185340314136126,0.98076191625,0.455,0.43063794334609407,0.0,0.10387,0.08919214698321706,0.07056712187533624,3,3,2,1,3,0.940075,0.9381626809070506,0.9879966287500002,0.469075,0.4281088295959293,0.0,0.10739625,0.05964844753344627,0.11344213355796293,2,2,3,2,1,0.8414,0.8172495246874459,0.9231548387500002,0.36785,0.3553157961083113,0.0,0.20782125,0.0231475114033152,0.03272088961227801,5,5,5,5,4,0.90755,0.9037330140053106,0.9734137850000001,0.46035,0.3795488511131574,0.0,0.1289875,0.03818740121983897,0.00047117444464585506,4,4,4,3,5,0.942425,0.940356874627716,0.99054161375,0.465325,0.413586395207939,0.0,0.10289875,0.02468333760482499,0.07157604000168874,1,1,1,4,2
2024,5,2024-11-03_2024-11-09,40000,20000,20000,0.931775,0.9298547744505847,0.9849250424999999,0.472625,0.437275235277959,0.0,0.058225,0.08442293836358336,0.062403186792601345,3,3,2,1,3,0.9479,0.9466598413104684,0.9899080875,0.47675,0.4345608265434076,0.0,0.058885,0.0616482335118425,0.09146882558733285,2,2,3,2,1,0.881725,0.8702804968331003,0.941248965,0.411775,0.36386678523442567,0.0,0.110975,0.02614256669321303,0.034446749565643225,5,5,5,5,4,0.910775,0.9089378205291762,0.9739792625,0.479825,0.38982692005914393,0.0,0.078245,0.04847332150784703,0.00044991547471916155,4,4,4,3,5,0.94835,0.9472770887561884,0.99109377,0.47965,0.41977373386465894,0.0,0.055585,0.03232149703784125,0.06271039636066501,1,1,1,4,2
2024,10,2024-11-03_2024-11-09,40000,20000,20000,0.931775,0.9298547744505847,0.9849250424999999,0.472625,0.437275235277959,0.0,0.0735875,0.08442293836358336,0.062403186792601345,3,3,2,1,3,0.9479,0.9466598413104684,0.9899080875,0.47675,0.4345608265434076,0.0,0.07502,0.0616482335118425,0.09146882558733285,2,2,3,2,1,0.881725,0.8702804968331003,0.941248965,0.411775,0.36386678523442567,0.0,0.14105,0.02614256669321303,0.034446749565643225,5,5,5,5,4,0.910775,0.9089378205291762,0.9739792625,0.479825,0.38982692005914393,0.0,0.09893,0.04847332150784703,0.00044991547471916155,4,4,4,3,5,0.94835,0.9472770887561884,0.99109377,0.47965,0.41977373386465894,0.0,0.072365,0.03232149703784125,0.06271039636066501,1,1,1,4,2
2024,15,2024-11-03_2024-11-09,40000,20000,20000,0.931775,0.9298547744505847,0.9849250424999999,0.472625,0.437275235277959,0.0,0.08226833333333333,0.08442293836358336,0.062403186792601345,3,3,1,1,3,0.9479,0.9466598413104684,0.9899080875,0.47675,0.4345608265434076,0.0,0.08479833333333334,0.0616482335118425,0.09146882558733285,2,2,3,2,1,0.881725,0.8702804968331003,0.941248965,0.411775,0.36386678523442567,0.0,0.15674,0.02614256669321303,0.034446749565643225,5,5,5,5,4,0.910775,0.9089378205291762,0.9739792625,0.479825,0.38982692005914393,0.0,0.110435,0.04847332150784703,0.00044991547471916155,4,4,4,3,5,0.94835,0.9472770887561884,0.99109377,0.47965,0.41977373386465894,0.0,0.08242666666666666,0.03232149703784125,0.06271039636066501,1,1,2,4,2
2024,20,2024-11-03_2024-11-09,40000,20000,20000,0.931775,0.9298547744505847,0.9849250424999999,0.472625,0.437275235277959,0.0,0.08914625,0.08442293836358336,0.062403186792601345,3,3,1,1,3,0.9479,0.9466598413104684,0.9899080875,0.47675,0.4345608265434076,0.0,0.0925325,0.0616482335118425,0.09146882558733285,2,2,3,2,1,0.881725,0.8702804968331003,0.941248965,0.411775,0.36386678523442567,0.0,0.168205,0.02614256669321303,0.034446749565643225,5,5,5,5,4,0.910775,0.9089378205291762,0.9739792625,0.479825,0.38982692005914393,0.0,0.11832,0.04847332150784703,0.00044991547471916155,4,4,4,3,5,0.94835,0.9472770887561884,0.99109377,0.47965,0.41977373386465894,0.0,0.090095,0.03232149703784125,0.06271039636066501,1,1,2,4,2
2024,5,2024-11-10_2024-11-16,40000,20000,20000,0.926225,0.922770929836958,0.98416660625,0.455275,0.4365385162076961,0.0,0.063315,0.09406234787894811,0.06972149550300577,3,3,3,1,3,0.940525,0.9386555271911503,0.98904356125,0.469525,0.4326914899352486,0.0,0.06265,0.05972234099942261,0.09698321384145756,2,2,2,2,1,0.8628,0.8450592885375494,0.9250022587500001,0.3855,0.3603534327953625,0.0,0.15114,0.02421081193316327,0.028673545518561855,5,5,5,5,4,0.9054,0.9018417639429313,0.97367605625,0.46375,0.3869018758867278,0.0,0.079685,0.046394198942067866,0.00042200833196576675,4,4,4,3,5,0.944975,0.9430574599642977,0.9909197525,0.466325,0.41724651275798275,0.0,0.061205,0.031185007610654254,0.07023614991557092,1,1,1,4,2
2024,10,2024-11-10_2024-11-16,40000,20000,20000,0.926225,0.922770929836958,0.98416660625,0.455275,0.4365385162076961,0.0,0.080325,0.09406234787894811,0.06972149550300577,3,3,3,1,3,0.940525,0.9386555271911503,0.98904356125,0.469525,0.4326914899352486,0.0,0.078705,0.05972234099942261,0.09698321384145756,2,2,2,2,1,0.8628,0.8450592885375494,0.9250022587500001,0.3855,0.3603534327953625,0.0,0.1664975,0.02421081193316327,0.028673545518561855,5,5,5,5,4,0.9054,0.9018417639429313,0.97367605625,0.46375,0.3869018758867278,0.0,0.10105,0.046394198942067866,0.00042200833196576675,4,4,4,3,5,0.944975,0.9430574599642977,0.9909197525,0.466325,0.41724651275798275,0.0,0.07734,0.031185007610654254,0.07023614991557092,1,1,1,4,2
2024,15,2024-11-10_2024-11-16,40000,20000,20000,0.926225,0.922770929836958,0.98416660625,0.455275,0.4365385162076961,0.0,0.08952,0.09406234787894811,0.06972149550300577,3,3,2,1,3,0.940525,0.9386555271911503,0.98904356125,0.469525,0.4326914899352486,0.0,0.089545,0.05972234099942261,0.09698321384145756,2,2,3,2,1,0.8628,0.8450592885375494,0.9250022587500001,0.3855,0.3603534327953625,0.0,0.17723666666666665,0.02421081193316327,0.028673545518561855,5,5,5,5,4,0.9054,0.9018417639429313,0.97367605625,0.46375,0.3869018758867278,0.0,0.113435,0.046394198942067866,0.00042200833196576675,4,4,4,3,5,0.944975,0.9430574599642977,0.9909197525,0.466325,0.41724651275798275,0.0,0.08736833333333334,0.031185007610654254,0.07023614991557092,1,1,1,4,2
2024,20,2024-11-10_2024-11-16,40000,20000,20000,0.926225,0.922770929836958,0.98416660625,0.455275,0.4365385162076961,0.0,0.0969375,0.09406234787894811,0.06972149550300577,3,3,2,1,3,0.940525,0.9386555271911503,0.98904356125,0.469525,0.4326914899352486,0.0,0.0976425,0.05972234099942261,0.09698321384145756,2,2,3,2,1,0.8628,0.8450592885375494,0.9250022587500001,0.3855,0.3603534327953625,0.0,0.18084375,0.02421081193316327,0.028673545518561855,5,5,5,5,4,0.9054,0.9018417639429313,0.97367605625,0.46375,0.3869018758867278,0.0,0.12223375,0.046394198942067866,0.00042200833196576675,4,4,4,3,5,0.944975,0.9430574599642977,0.9909197525,0.466325,0.41724651275798275,0.0,0.09542,0.031185007610654254,0.07023614991557092,1,1,1,4,2
2024,5,2024-11-17_2024-11-23,40000,20000,20000,0.9104,0.9044521460943749,0.97764663,0.43775,0.4320649726063881,0.0,0.068,0.10348201631936725,0.07992888071517422,3,3,3,1,3,0.935725,0.9331843343122223,0.98758666625,0.461975,0.42546466810349187,0.0,0.064705,0.066630397251057,0.147693670574359,2,2,2,2,1,0.8617,0.8434369162845984,0.9192864825,0.38335,0.36215584734901823,0.0,0.180725,0.021759360490338872,0.024954223674516985,5,5,5,5,4,0.89575,0.8909632883589582,0.9669841924999999,0.4561,0.3759117496823193,0.0,0.083845,0.04327150376262248,0.0008142221788828379,4,4,4,3,5,0.937875,0.9350988534566064,0.9888812287500001,0.457225,0.41023020570150304,0.0,0.063775,0.030497782793583287,0.080733959223282,1,1,1,4,2
2024,10,2024-11-17_2024-11-23,40000,20000,20000,0.9104,0.9044521460943749,0.97764663,0.43775,0.4320649726063881,0.0,0.082685,0.10348201631936725,0.07992888071517422,3,3,3,1,3,0.935725,0.9331843343122223,0.98758666625,0.461975,0.42546466810349187,0.0,0.0816725,0.066630397251057,0.147693670574359,2,2,2,2,1,0.8617,0.8434369162845984,0.9192864825,0.38335,0.36215584734901823,0.0,0.16793,0.021759360490338872,0.024954223674516985,5,5,5,5,4,0.89575,0.8909632883589582,0.9669841924999999,0.4561,0.3759117496823193,0.0,0.104715,0.04327150376262248,0.0008142221788828379,4,4,4,3,5,0.937875,0.9350988534566064,0.9888812287500001,0.457225,0.41023020570150304,0.0,0.07969,0.030497782793583287,0.080733959223282,1,1,1,4,2
2024,15,2024-11-17_2024-11-23,40000,20000,20000,0.9104,0.9044521460943749,0.97764663,0.43775,0.4320649726063881,0.0,0.09217166666666667,0.10348201631936725,0.07992888071517422,3,3,2,1,3,0.935725,0.9331843343122223,0.98758666625,0.461975,0.42546466810349187,0.0,0.09226166666666667,0.066630397251057,0.147693670574359,2,2,3,2,1,0.8617,0.8434369162845984,0.9192864825,0.38335,0.36215584734901823,0.0,0.18588666666666667,0.021759360490338872,0.024954223674516985,5,5,5,5,4,0.89575,0.8909632883589582,0.9669841924999999,0.4561,0.3759117496823193,0.0,0.11674833333333333,0.04327150376262248,0.0008142221788828379,4,4,4,3,5,0.937875,0.9350988534566064,0.9888812287500001,0.457225,0.41023020570150304,0.0,0.08957833333333333,0.030497782793583287,0.080733959223282,1,1,1,4,2
2024,20,2024-11-17_2024-11-23,40000,20000,20000,0.9104,0.9044521460943749,0.97764663,0.43775,0.4320649726063881,0.0,0.09960625,0.10348201631936725,0.07992888071517422,3,3,2,1,3,0.935725,0.9331843343122223,0.98758666625,0.461975,0.42546466810349187,0.0,0.100285,0.066630397251057,0.147693670574359,2,2,3,2,1,0.8617,0.8434369162845984,0.9192864825,0.38335,0.36215584734901823,0.0,0.1911825,0.021759360490338872,0.024954223674516985,5,5,5,5,4,0.89575,0.8909632883589582,0.9669841924999999,0.4561,0.3759117496823193,0.0,0.12540375,0.04327150376262248,0.0008142221788828379,4,4,4,3,5,0.937875,0.9350988534566064,0.9888812287500001,0.457225,0.41023020570150304,0.0,0.09797625,0.030497782793583287,0.080733959223282,1,1,1,4,2
2024,5,2024-11-24_2024-11-30,40000,20000,20000,0.922325,0.9187903499830106,0.9817390974999999,0.456475,0.43206745953505443,0.0,0.06309,0.09005738486789346,0.07215541742765202,3,3,2,1,3,0.9427,0.9409065126592069,0.9882667387499999,0.46965,0.42979917662765393,0.0,0.064495,0.06203004117646325,0.10205548552709795,2,2,3,2,1,0.872325,0.858229464508786,0.9315331775000001,0.400575,0.36994132062788315,0.0,0.168335,0.025370377798708967,0.03474117292938268,5,5,5,4,4,0.898425,0.894029889674239,0.9683296175,0.458525,0.37624869936098443,0.0,0.08243,0.032893327528231875,0.00030175936406462737,4,4,4,3,5,0.947975,0.9463286307482011,0.9904063324999999,0.469325,0.4126149449429789,0.0,0.061115,0.024642700546518813,0.07267623358928739,1,1,1,5,2
2024,10,2024-11-24_2024-11-30,40000,20000,20000,0.922325,0.9187903499830106,0.9817390974999999,0.456475,0.43206745953505443,0.0,0.0790725,0.09005738486789346,0.07215541742765202,3,3,2,1,3,0.9427,0.9409065126592069,0.9882667387499999,0.46965,0.42979917662765393,0.0,0.083075,0.06203004117646325,0.10205548552709795,2,2,3,2,1,0.872325,0.858229464508786,0.9315331775000001,0.400575,0.36994132062788315,0.0,0.17167,0.025370377798708967,0.03474117292938268,5,5,5,4,4,0.898425,0.894029889674239,0.9683296175,0.458525,0.37624869936098443,0.0,0.10457,0.032893327528231875,0.00030175936406462737,4,4,4,3,5,0.947975,0.9463286307482011,0.9904063324999999,0.469325,0.4126149449429789,0.0,0.0774975,0.024642700546518813,0.07267623358928739,1,1,1,5,2
2024,15,2024-11-24_2024-11-30,40000,20000,20000,0.922325,0.9187903499830106,0.9817390974999999,0.456475,0.43206745953505443,0.0,0.0885,0.09005738486789346,0.07215541742765202,3,3,2,1,3,0.9427,0.9409065126592069,0.9882667387499999,0.46965,0.42979917662765393,0.0,0.09315666666666667,0.06203004117646325,0.10205548552709795,2,2,3,2,1,0.872325,0.858229464508786,0.9315331775000001,0.400575,0.36994132062788315,0.0,0.17764333333333332,0.025370377798708967,0.03474117292938268,5,5,5,4,4,0.898425,0.894029889674239,0.9683296175,0.458525,0.37624869936098443,0.0,0.117545,0.032893327528231875,0.00030175936406462737,4,4,4,3,5,0.947975,0.9463286307482011,0.9904063324999999,0.469325,0.4126149449429789,0.0,0.08803666666666667,0.024642700546518813,0.07267623358928739,1,1,1,5,2
2024,20,2024-11-24_2024-11-30,40000,20000,20000,0.922325,0.9187903499830106,0.9817390974999999,0.456475,0.43206745953505443,0.0,0.0953275,0.09005738486789346,0.07215541742765202,3,3,1,1,3,0.9427,0.9409065126592069,0.9882667387499999,0.46965,0.42979917662765393,0.0,0.1009525,0.06203004117646325,0.10205548552709795,2,2,3,2,1,0.872325,0.858229464508786,0.9315331775000001,0.400575,0.36994132062788315,0.0,0.1885125,0.025370377798708967,0.03474117292938268,5,5,5,4,4,0.898425,0.894029889674239,0.9683296175,0.458525,0.37624869936098443,0.0,0.12578,0.032893327528231875,0.00030175936406462737,4,4,4,3,5,0.947975,0.9463286307482011,0.9904063324999999,0.469325,0.4126149449429789,0.0,0.0960525,0.024642700546518813,0.07267623358928739,1,1,2,5,2
2024,5,2024-12-01_2024-12-07,40000,20000,20000,0.921025,0.9185257782477497,0.9769821299999999,0.469325,0.42665404511813765,0.0,0.06657,0.06943466693615978,0.07672369449508483,3,3,3,1,3,0.930925,0.9299637525031051,0.98306629875,0.486275,0.4262699478932669,0.0,0.063745,0.052845734988740206,0.1008994936102129,2,2,2,2,1,0.875075,0.8642230252968508,0.94086662125,0.420075,0.3781348600985097,0.0,0.116915,0.03181614338118577,0.03607766275069184,5,5,5,3,4,0.9002,0.8981476756646426,0.96535429625,0.47985,0.3671437259752916,0.0,0.08089,0.031749823440050194,0.00042393104902797163,4,4,4,4,5,0.933325,0.9322769863639826,0.9848893200000002,0.484525,0.40697466483721073,0.0,0.06065,0.02040209027684454,0.07717539946508724,1,1,1,5,2
2024,10,2024-12-01_2024-12-07,40000,20000,20000,0.921025,0.9185257782477497,0.9769821299999999,0.469325,0.42665404511813765,0.0,0.083875,0.06943466693615978,0.07672369449508483,3,3,3,1,3,0.930925,0.9299637525031051,0.98306629875,0.486275,0.4262699478932669,0.0,0.08123,0.052845734988740206,0.1008994936102129,2,2,2,2,1,0.875075,0.8642230252968508,0.94086662125,0.420075,0.3781348600985097,0.0,0.14105,0.03181614338118577,0.03607766275069184,5,5,5,3,4,0.9002,0.8981476756646426,0.96535429625,0.47985,0.3671437259752916,0.0,0.1028525,0.031749823440050194,0.00042393104902797163,4,4,4,4,5,0.933325,0.9322769863639826,0.9848893200000002,0.484525,0.40697466483721073,0.0,0.0783825,0.02040209027684454,0.07717539946508724,1,1,1,5,2
2024,15,2024-12-01_2024-12-07,40000,20000,20000,0.921025,0.9185257782477497,0.9769821299999999,0.469325,0.42665404511813765,0.0,0.09481333333333333,0.06943466693615978,0.07672369449508483,3,3,3,1,3,0.930925,0.9299637525031051,0.98306629875,0.486275,0.4262699478932669,0.0,0.09245166666666667,0.052845734988740206,0.1008994936102129,2,2,2,2,1,0.875075,0.8642230252968508,0.94086662125,0.420075,0.3781348600985097,0.0,0.15445333333333333,0.03181614338118577,0.03607766275069184,5,5,5,3,4,0.9002,0.8981476756646426,0.96535429625,0.47985,0.3671437259752916,0.0,0.11601,0.031749823440050194,0.00042393104902797163,4,4,4,4,5,0.933325,0.9322769863639826,0.9848893200000002,0.484525,0.40697466483721073,0.0,0.090085,0.02040209027684454,0.07717539946508724,1,1,1,5,2
2024,20,2024-12-01_2024-12-07,40000,20000,20000,0.921025,0.9185257782477497,0.9769821299999999,0.469325,0.42665404511813765,0.0,0.10289875,0.06943466693615978,0.07672369449508483,3,3,3,1,3,0.930925,0.9299637525031051,0.98306629875,0.486275,0.4262699478932669,0.0,0.101605,0.052845734988740206,0.1008994936102129,2,2,2,2,1,0.875075,0.8642230252968508,0.94086662125,0.420075,0.3781348600985097,0.0,0.162585,0.03181614338118577,0.03607766275069184,5,5,5,3,4,0.9002,0.8981476756646426,0.96535429625,0.47985,0.3671437259752916,0.0,0.124825,0.031749823440050194,0.00042393104902797163,4,4,4,4,5,0.933325,0.9322769863639826,0.9848893200000002,0.484525,0.40697466483721073,0.0,0.0985675,0.02040209027684454,0.07717539946508724,1,1,1,5,2
2024,5,2024-12-08_2024-12-14,40000,20000,20000,0.91895,0.9157090114918621,0.9785683137499999,0.46155,0.4271667091768602,0.0,0.068065,0.08983607756605994,0.07228235665388864,3,3,3,1,3,0.933025,0.9308698681392409,0.9851035450000001,0.468825,0.428174015176649,0.0,0.067545,0.06641142399436605,0.12401117478342383,2,2,2,2,1,0.876075,0.8634322395790286,0.9382685725,0.407425,0.37279581101251896,0.0,0.16764,0.03337420427186031,0.037148735708966873,5,5,5,4,4,0.90925,0.905202130993419,0.9735502975000001,0.4573,0.3786099294386322,0.0,0.080965,0.041691739987298596,0.00042267109271838414,4,4,4,3,5,0.94115,0.9393111271527277,0.98814210625,0.4697,0.4125449079957205,0.0,0.063615,0.026573759402407353,0.07286543070093672,1,1,1,5,2
2024,10,2024-12-08_2024-12-14,40000,20000,20000,0.91895,0.9157090114918621,0.9785683137499999,0.46155,0.4271667091768602,0.0,0.085185,0.08983607756605994,0.07228235665388864,3,3,3,1,3,0.933025,0.9308698681392409,0.9851035450000001,0.468825,0.428174015176649,0.0,0.0848975,0.06641142399436605,0.12401117478342383,2,2,2,2,1,0.876075,0.8634322395790286,0.9382685725,0.407425,0.37279581101251896,0.0,0.1598875,0.03337420427186031,0.037148735708966873,5,5,5,4,4,0.90925,0.905202130993419,0.9735502975000001,0.4573,0.3786099294386322,0.0,0.0991625,0.041691739987298596,0.00042267109271838414,4,4,4,3,5,0.94115,0.9393111271527277,0.98814210625,0.4697,0.4125449079957205,0.0,0.080905,0.026573759402407353,0.07286543070093672,1,1,1,5,2
2024,15,2024-12-08_2024-12-14,40000,20000,20000,0.91895,0.9157090114918621,0.9785683137499999,0.46155,0.4271667091768602,0.0,0.09457333333333333,0.08983607756605994,0.07228235665388864,3,3,2,1,3,0.933025,0.9308698681392409,0.9851035450000001,0.468825,0.428174015176649,0.0,0.09636833333333333,0.06641142399436605,0.12401117478342383,2,2,3,2,1,0.876075,0.8634322395790286,0.9382685725,0.407425,0.37279581101251896,0.0,0.16193666666666667,0.03337420427186031,0.037148735708966873,5,5,5,4,4,0.90925,0.905202130993419,0.9735502975000001,0.4573,0.3786099294386322,0.0,0.10935833333333334,0.041691739987298596,0.00042267109271838414,4,4,4,3,5,0.94115,0.9393111271527277,0.98814210625,0.4697,0.4125449079957205,0.0,0.09124,0.026573759402407353,0.07286543070093672,1,1,1,5,2
2024,20,2024-12-08_2024-12-14,40000,20000,20000,0.91895,0.9157090114918621,0.9785683137499999,0.46155,0.4271667091768602,0.0,0.10167,0.08983607756605994,0.07228235665388864,3,3,2,1,3,0.933025,0.9308698681392409,0.9851035450000001,0.468825,0.428174015176649,0.0,0.10432875,0.06641142399436605,0.12401117478342383,2,2,3,2,1,0.876075,0.8634322395790286,0.9382685725,0.407425,0.37279581101251896,0.0,0.17457375,0.03337420427186031,0.037148735708966873,5,5,5,4,4,0.90925,0.905202130993419,0.9735502975000001,0.4573,0.3786099294386322,0.0,0.11692875,0.041691739987298596,0.00042267109271838414,4,4,4,3,5,0.94115,0.9393111271527277,0.98814210625,0.4697,0.4125449079957205,0.0,0.0999075,0.026573759402407353,0.07286543070093672,1,1,1,5,2
