seed,feature_group,density_bin,density_definition,perturbation_type,strength,n_rows,n_samples,n_masked_features,thresholds_json,flip_rate_mean,flip_rate_std,flip_rate_min,flip_rate_max,benign_to_malware_rate_overall_mean,benign_to_malware_rate_overall_std,benign_to_malware_rate_overall_min,benign_to_malware_rate_overall_max,malware_to_benign_rate_overall_mean,malware_to_benign_rate_overall_std,malware_to_benign_rate_overall_min,malware_to_benign_rate_overall_max,benign_to_malware_rate_cond_mean,benign_to_malware_rate_cond_std,benign_to_malware_rate_cond_min,benign_to_malware_rate_cond_max,malware_to_benign_rate_cond_mean,malware_to_benign_rate_cond_std,malware_to_benign_rate_cond_min,malware_to_benign_rate_cond_max,mean_abs_probability_shift_mean,mean_abs_probability_shift_std,mean_abs_probability_shift_min,mean_abs_probability_shift_max,mean_signed_probability_shift_mean,mean_signed_probability_shift_std,mean_signed_probability_shift_min,mean_signed_probability_shift_max,mean_margin_shift_mean,mean_margin_shift_std,mean_margin_shift_min,mean_margin_shift_max,baseline_auc_mean,baseline_auc_std,baseline_auc_min,baseline_auc_max,perturbed_auc_mean,perturbed_auc_std,perturbed_auc_min,perturbed_auc_max,delta_auc_mean,delta_auc_std,delta_auc_min,delta_auc_max,auc_drop_mean,auc_drop_std,auc_drop_min,auc_drop_max
13,header,high_density,class_conditional,important,0.01,1,120487,1,"{""high_quantile"": 0.75, ""label_0_q_high"": -0.000111033019493334, ""label_0_q_low"": -0.013253951445221901, ""label_1_q_high"": -1.1920928955078125e-07, ""label_1_q_low"": -0.029621761292219162, ""low_quantile"": 0.25}",0.0006971706491156722,0.0,0.0006971706491156722,0.0006971706491156722,0.0005311776374214645,0.0,0.0005311776374214645,0.0005311776374214645,0.0,0.0,0.0,0.0,0.0010666666666666667,0.0,0.0010666666666666667,0.0010666666666666667,0.0,0.0,0.0,0.0,0.015532234795294675,0.0,0.015532234795294675,0.015532234795294675,-0.0036710652760400986,0.0,-0.0036710652760400986,-0.0036710652760400986,-0.013009631661553353,0.0,-0.013009631661553353,-0.013009631661553353,0.9994898898385879,0.0,0.9994898898385879,0.9994898898385879,0.9997424476884841,0.0,0.9997424476884841,0.9997424476884841,-0.00025255784989619556,0.0,-0.00025255784989619556,-0.00025255784989619556,-0.00025255784989619556,0.0,-0.00025255784989619556,-0.00025255784989619556
13,header,high_density,class_conditional,important,0.05,1,120487,4,"{""high_quantile"": 0.75, ""label_0_q_high"": -0.000111033019493334, ""label_0_q_low"": -0.013253951445221901, ""label_1_q_high"": -1.1920928955078125e-07, ""label_1_q_low"": -0.029621761292219162, ""low_quantile"": 0.25}",0.018466722550980603,0.0,0.018466722550980603,0.018466722550980603,0.01801854141940624,0.0,0.01801854141940624,0.01801854141940624,9.959580701652461e-05,0.0,9.959580701652461e-05,9.959580701652461e-05,0.03618333333333333,0.0,0.03618333333333333,0.03618333333333333,0.0001983897366376246,0.0,0.0001983897366376246,0.0001983897366376246,0.14732996680325308,0.0,0.14732996680325308,0.14732996680325308,0.10844498093901069,0.0,0.10844498093901069,0.10844498093901069,-0.13947918892312774,0.0,-0.13947918892312774,-0.13947918892312774,0.9994898898385879,0.0,0.9994898898385879,0.9994898898385879,0.9988193767531316,0.0,0.9988193767531316,0.9988193767531316,0.0006705130854562924,0.0,0.0006705130854562924,0.0006705130854562924,0.0006705130854562924,0.0,0.0006705130854562924,0.0006705130854562924
13,header,high_density,class_conditional,important,0.1,1,120487,8,"{""high_quantile"": 0.75, ""label_0_q_high"": -0.000111033019493334, ""label_0_q_low"": -0.013253951445221901, ""label_1_q_high"": -1.1920928955078125e-07, ""label_1_q_low"": -0.029621761292219162, ""low_quantile"": 0.25}",0.0892793413397296,0.0,0.0892793413397296,0.0892793413397296,0.039639131192576796,0.0,0.039639131192576796,0.039639131192576796,0.04758189680214463,0.0,0.04758189680214463,0.04758189680214463,0.0796,0.0,0.0796,0.0796,0.09478069667862515,0.0,0.09478069667862515,0.09478069667862515,0.3617311210173085,0.0,0.3617311210173085,0.3617311210173085,0.027784832146831976,0.0,0.027784832146831976,0.027784832146831976,-0.3558996003646644,0.0,-0.3558996003646644,-0.3558996003646644,0.9994898898385879,0.0,0.9994898898385879,0.9994898898385879,0.9879393686522173,0.0,0.9879393686522173,0.9879393686522173,0.011550521186370566,0.0,0.011550521186370566,0.011550521186370566,0.011550521186370566,0.0,0.011550521186370566,0.011550521186370566
13,header,high_density,class_conditional,random,0.01,20,120487,1,"{""high_quantile"": 0.75, ""label_0_q_high"": -0.000111033019493334, ""label_0_q_low"": -0.013253951445221901, ""label_1_q_high"": -1.1920928955078125e-07, ""label_1_q_low"": -0.029621761292219162, ""low_quantile"": 0.25}",0.0010129723538639024,0.002181093023555092,0.0,0.007004905093495564,0.00033364595350535744,0.000783262787040625,0.0,0.003153867222189946,0.0005452870434154723,0.0014281287165510486,0.0,0.004722501182700209,0.0006699999999999998,0.0015728830570360631,0.0,0.006333333333333333,0.0010861838080909948,0.0028447591163570053,0.0,0.009406980012234034,0.020653052885142565,0.027300027378846334,6.784148512953858e-20,0.08193681726561128,-0.0033614038997188066,0.026457565478049148,-0.05564892989033636,0.06713994317505899,-0.02044169669996348,0.027233021561324195,-0.08154438814325637,7.141208961004062e-20,0.999489889838588,1.1102230246251565e-16,0.9994898898385879,0.9994898898385879,0.9994962511710506,0.0002512589420341293,0.9989245339218895,0.9998950496249883,-6.36133246262327e-06,0.0002512589420341293,-0.00040515978640043304,0.0005653559166983735,-6.36133246262327e-06,0.0002512589420341293,-0.00040515978640043304,0.0005653559166983735
13,header,high_density,class_conditional,random,0.05,20,120487,4,"{""high_quantile"": 0.75, ""label_0_q_high"": -0.000111033019493334, ""label_0_q_low"": -0.013253951445221901, ""label_1_q_high"": -1.1920928955078125e-07, ""label_1_q_low"": -0.029621761292219162, ""low_quantile"": 0.25}",0.008258567314316068,0.013772900538347312,3.3198602338841534e-05,0.05191431440736345,0.0065919974769062225,0.013679902160450563,1.6599301169420767e-05,0.0501132902304813,0.001001352843045308,0.0018396906617142497,0.0,0.004722501182700209,0.013237499999999996,0.027470839526770117,3.3333333333333335e-05,0.10063333333333334,0.001994643477110784,0.003664569391075186,0.0,0.009406980012234034,0.07628408220914425,0.04051526057735872,0.020030286798179697,0.15969666019317438,0.008312141465039474,0.05512137594460694,-0.09797480288218287,0.12173061529950749,-0.07497956280156434,0.04056498867366986,-0.1588084966365162,-0.018826155507070497,0.999489889838588,1.1102230246251565e-16,0.9994898898385879,0.9994898898385879,0.9994979589553677,0.00041430310174137686,0.9984100141352688,0.9998961513768799,-8.069116779968466e-06,0.00041430310174137686,-0.0004062615382920409,0.001079875703319133,-8.069116779968466e-06,0.00041430310174137686,-0.0004062615382920409,0.001079875703319133
13,header,high_density,class_conditional,random,0.1,20,120487,8,"{""high_quantile"": 0.75, ""label_0_q_high"": -0.000111033019493334, ""label_0_q_low"": -0.013253951445221901, ""label_1_q_high"": -1.1920928955078125e-07, ""label_1_q_low"": -0.029621761292219162, ""low_quantile"": 0.25}",0.012293027463543785,0.014397933113603864,2.4898951754131152e-05,0.043988148098965035,0.005626333131375169,0.008280309325380352,0.0,0.03055101380231892,0.005776141824429192,0.012970997990958478,0.0,0.04026160498643007,0.011298333333333334,0.016627827161451707,0.0,0.06135,0.01150577810107957,0.025837562367725532,0.0,0.08019905103575975,0.13821641290380632,0.0635098799175316,0.0459680135945319,0.29545900674035774,-0.041243110862281364,0.05087766825046891,-0.1643673325656919,0.04199099576487577,-0.13616840110995224,0.062319749652537205,-0.287082363749494,-0.04593458202052585,0.999489889838588,1.1102230246251565e-16,0.9994898898385879,0.9994898898385879,0.998948267306749,0.0016581840322199089,0.9920482556857947,0.9998421764180732,0.0005416225318388146,0.0016581840322199089,-0.00035228657948527253,0.007441634152793197,0.0005416225318388146,0.0016581840322199089,-0.00035228657948527253,0.007441634152793197
13,header,low_density,class_conditional,important,0.01,1,120005,1,"{""high_quantile"": 0.75, ""label_0_q_high"": -0.000111033019493334, ""label_0_q_low"": -0.013253951445221901, ""label_1_q_high"": -1.1920928955078125e-07, ""label_1_q_low"": -0.029621761292219162, ""low_quantile"": 0.25}",0.012257822590725387,0.0,0.012257822590725387,0.012257822590725387,0.00513311945335611,0.0,0.00513311945335611,0.00513311945335611,0.0019249197950085414,0.0,0.0019249197950085414,0.0019249197950085414,0.010266495558407359,0.0,0.010266495558407359,0.010266495558407359,0.003849743350443304,0.0,0.003849743350443304,0.003849743350443304,0.022427202043497532,0.0,0.022427202043497532,0.022427202043497532,-0.009965647643350681,0.0,-0.009965647643350681,-0.009965647643350681,-0.017923570460896775,0.0,-0.017923570460896775,-0.017923570460896775,0.9629920602860961,0.0,0.9629920602860961,0.9629920602860961,0.960970552636202,0.0,0.960970552636202,0.960970552636202,0.002021507649894061,0.0,0.002021507649894061,0.002021507649894061,0.002021507649894061,0.0,0.002021507649894061,0.002021507649894061
13,header,low_density,class_conditional,important,0.05,1,120005,4,"{""high_quantile"": 0.75, ""label_0_q_high"": -0.000111033019493334, ""label_0_q_low"": -0.013253951445221901, ""label_1_q_high"": -1.1920928955078125e-07, ""label_1_q_low"": -0.029621761292219162, ""low_quantile"": 0.25}",0.18940877463439024,0.0,0.18940877463439024,0.18940877463439024,0.14124411482854882,0.0,0.14124411482854882,0.14124411482854882,0.00460814132744469,0.0,0.00460814132744469,0.00460814132744469,0.2824952917451376,0.0,0.2824952917451376,0.2824952917451376,0.009216052263182454,0.0,0.009216052263182454,0.009216052263182454,0.202140856930942,0.0,0.202140856930942,0.202140856930942,0.13676554192317758,0.0,0.13676554192317758,0.13676554192317758,-0.14094576162014844,0.0,-0.14094576162014844,-0.14094576162014844,0.9629920602860961,0.0,0.9629920602860961,0.9629920602860961,0.9249518740938789,0.0,0.9249518740938789,0.9249518740938789,0.03804018619221716,0.0,0.03804018619221716,0.03804018619221716,0.03804018619221716,0.0,0.03804018619221716,0.03804018619221716
13,header,low_density,class_conditional,important,0.1,1,120005,8,"{""high_quantile"": 0.75, ""label_0_q_high"": -0.000111033019493334, ""label_0_q_low"": -0.013253951445221901, ""label_1_q_high"": -1.1920928955078125e-07, ""label_1_q_low"": -0.029621761292219162, ""low_quantile"": 0.25}",0.2764634806883047,0.0,0.2764634806883047,0.2764634806883047,0.09462939044206492,0.0,0.09462939044206492,0.09462939044206492,0.13606933044456482,0.0,0.13606933044456482,0.13606933044456482,0.18926351227479543,0.0,0.18926351227479543,0.18926351227479543,0.2721318578761416,0.0,0.2721318578761416,0.2721318578761416,0.287503373732461,0.0,0.287503373732461,0.287503373732461,0.021933518954590087,0.0,0.021933518954590087,0.021933518954590087,-0.25946230034428786,0.0,-0.25946230034428786,-0.25946230034428786,0.9629920602860961,0.0,0.9629920602860961,0.9629920602860961,0.8076212563590576,0.0,0.8076212563590576,0.8076212563590576,0.1553708039270385,0.0,0.1553708039270385,0.1553708039270385,0.1553708039270385,0.0,0.1553708039270385,0.1553708039270385
13,header,low_density,class_conditional,random,0.01,20,120005,1,"{""high_quantile"": 0.75, ""label_0_q_high"": -0.000111033019493334, ""label_0_q_low"": -0.013253951445221901, ""label_1_q_high"": -1.1920928955078125e-07, ""label_1_q_low"": -0.029621761292219162, ""low_quantile"": 0.25}",0.009172534477730096,0.014098465151064646,0.0,0.0423899004208158,0.0035111037040123335,0.00751407740167963,0.0,0.027607183034040247,0.0025132286154743552,0.005630852457962032,0.0,0.023265697262614057,0.0070223829602839944,0.015028530500967719,0.0,0.0552157464042266,0.005026331577894806,0.011261423392069422,0.0,0.04653023131791214,0.017800181832266813,0.025517219652848908,3.29986250572895e-06,0.07488317597158088,0.0012790311060751033,0.02350142593951276,-0.04491051695662825,0.07152310898676006,-0.013974122862859284,0.021245950325177076,-0.06625259906248655,-2.9665430607058108e-06,0.9629920602860963,2.220446049250313e-16,0.9629920602860961,0.9629920602860961,0.9611709832598161,0.0035345578952905425,0.9508052355905838,0.9631951623884729,0.0018210770262799437,0.0035345578952905433,-0.0002031021023768398,0.012186824695512244,0.0018210770262799437,0.0035345578952905433,-0.0002031021023768398,0.012186824695512244
13,header,low_density,class_conditional,random,0.05,20,120005,4,"{""high_quantile"": 0.75, ""label_0_q_high"": -0.000111033019493334, ""label_0_q_low"": -0.013253951445221901, ""label_1_q_high"": -1.1920928955078125e-07, ""label_1_q_low"": -0.029621761292219162, ""low_quantile"": 0.25}",0.046429732094496065,0.03890356688619011,0.005858089246281405,0.16450981209116286,0.026022665722261577,0.030108642018492917,0.0009666263905670598,0.12123661514103579,0.005704762301570768,0.007220340090498587,0.0005916420149160451,0.026032248656305986,0.05204663255612406,0.06021878944399664,0.0019333011116481392,0.2424792920117998,0.011409239384041061,0.014440319188058845,0.001183254449703353,0.052063195786947535,0.07097466011541179,0.043538353300542856,0.009051643304477983,0.17419203471538117,0.031762655657850594,0.049646431574707744,-0.048830101039372416,0.15749641804219924,-0.05168057592886967,0.03221901196750604,-0.10586894321756599,-0.005770813183160909,0.9629920602860963,2.220446049250313e-16,0.9629920602860961,0.9629920602860961,0.9546763604231021,0.0067050666644744945,0.9384874986101298,0.9628541010884049,0.008315699862993936,0.0067050666644744945,0.00013795919769121756,0.024504561675966263,0.008315699862993936,0.0067050666644744945,0.00013795919769121756,0.024504561675966263
13,header,low_density,class_conditional,random,0.1,20,120005,8,"{""high_quantile"": 0.75, ""label_0_q_high"": -0.000111033019493334, ""label_0_q_low"": -0.013253951445221901, ""label_1_q_high"": -1.1920928955078125e-07, ""label_1_q_low"": -0.029621761292219162, ""low_quantile"": 0.25}",0.06460730802883212,0.034369164598738663,0.02101579100870797,0.1554768551310362,0.023218199241698267,0.020309376827834406,0.0016915961834923544,0.06808882963209867,0.023382359068372154,0.02950931117048659,0.0021249114620224157,0.12121994916878463,0.04643755937401044,0.040619769107585996,0.0033832769453842437,0.13618106364893917,0.04676354909672688,0.059017146973772465,0.004249716685554296,0.2424338377441504,0.11579684987094677,0.04386466544365389,0.046441109018231626,0.19862285217070832,-0.0030442168006890686,0.047114157662939096,-0.09189255503158458,0.08576996018504243,-0.09847701060769423,0.04112920573109395,-0.18929303497073088,-0.03747060794058413,0.9629920602860963,2.220446049250313e-16,0.9629920602860961,0.9629920602860961,0.9488466288933181,0.008658451813621959,0.9315547545409497,0.9599001500320528,0.01414543139277787,0.00865845181362196,0.0030919102540433174,0.03143730574514636,0.01414543139277787,0.00865845181362196,0.0030919102540433174,0.03143730574514636
13,header,mid_density,class_conditional,important,0.01,1,239508,1,"{""high_quantile"": 0.75, ""label_0_q_high"": -0.000111033019493334, ""label_0_q_low"": -0.013253951445221901, ""label_1_q_high"": -1.1920928955078125e-07, ""label_1_q_low"": -0.029621761292219162, ""low_quantile"": 0.25}",0.00951116455400237,0.0,0.00951116455400237,0.00951116455400237,0.0029769360522404263,0.0,0.0029769360522404263,0.0029769360522404263,0.0017661205471215993,0.0,0.0017661205471215993,0.0017661205471215993,0.005941716180968175,0.0,0.005941716180968175,0.005941716180968175,0.003539482382080011,0.0,0.003539482382080011,0.003539482382080011,0.02021433802247986,0.0,0.02021433802247986,0.02021433802247986,-0.006869721184750294,0.0,-0.006869721184750294,-0.006869721184750294,-0.016920431659404142,0.0,-0.016920431659404142,-0.016920431659404142,0.9755852735094185,0.0,0.9755852735094185,0.9755852735094185,0.975660465683658,0.0,0.975660465683658,0.975660465683658,-7.519217423956892e-05,0.0,-7.519217423956892e-05,-7.519217423956892e-05,-7.519217423956892e-05,0.0,-7.519217423956892e-05,-7.519217423956892e-05
13,header,mid_density,class_conditional,important,0.05,1,239508,4,"{""high_quantile"": 0.75, ""label_0_q_high"": -0.000111033019493334, ""label_0_q_low"": -0.013253951445221901, ""label_1_q_high"": -1.1920928955078125e-07, ""label_1_q_low"": -0.029621761292219162, ""low_quantile"": 0.25}",0.15541860814670075,0.0,0.15541860814670075,0.15541860814670075,0.10587537785794211,0.0,0.10587537785794211,0.10587537785794211,0.008889055897924077,0.0,0.008889055897924077,0.008889055897924077,0.2113184276535638,0.0,0.2113184276535638,0.2113184276535638,0.017814557899405066,0.0,0.017814557899405066,0.017814557899405066,0.2229024083557338,0.0,0.2229024083557338,0.2229024083557338,0.1354365969493772,0.0,0.1354365969493772,0.1354365969493772,-0.1736669886596557,0.0,-0.1736669886596557,-0.1736669886596557,0.9755852735094185,0.0,0.9755852735094185,0.9755852735094185,0.945722221640001,0.0,0.945722221640001,0.945722221640001,0.029863051869417512,0.0,0.029863051869417512,0.029863051869417512,0.029863051869417512,0.0,0.029863051869417512,0.029863051869417512
13,header,mid_density,class_conditional,important,0.1,1,239508,8,"{""high_quantile"": 0.75, ""label_0_q_high"": -0.000111033019493334, ""label_0_q_low"": -0.013253951445221901, ""label_1_q_high"": -1.1920928955078125e-07, ""label_1_q_low"": -0.029621761292219162, ""low_quantile"": 0.25}",0.25741520116238287,0.0,0.25741520116238287,0.25741520116238287,0.12253452911802529,0.0,0.12253452911802529,0.12253452911802529,0.08981745912453863,0.0,0.08981745912453863,0.08981745912453863,0.24456870473920617,0.0,0.24456870473920617,0.24456870473920617,0.18000317967684443,0.0,0.18000317967684443,0.18000317967684443,0.35586584017845674,0.0,0.35586584017845674,0.35586584017845674,0.05414116085714643,0.0,0.05414116085714643,0.05414116085714643,-0.33220207067942464,0.0,-0.33220207067942464,-0.33220207067942464,0.9755852735094185,0.0,0.9755852735094185,0.9755852735094185,0.8463611557689773,0.0,0.8463611557689773,0.8463611557689773,0.12922411774044118,0.0,0.12922411774044118,0.12922411774044118,0.12922411774044118,0.0,0.12922411774044118,0.12922411774044118
13,header,mid_density,class_conditional,random,0.01,20,239508,1,"{""high_quantile"": 0.75, ""label_0_q_high"": -0.000111033019493334, ""label_0_q_low"": -0.013253951445221901, ""label_1_q_high"": -1.1920928955078125e-07, ""label_1_q_low"": -0.029621761292219162, ""low_quantile"": 0.25}",0.007491816557275749,0.011576255795594442,0.0,0.04049551580740518,0.002320173021360455,0.005600790938847796,0.0,0.02197838903084657,0.0025276817475825444,0.005032079404114458,0.0,0.01850042587303973,0.004630871923932699,0.011178711790777908,0.0,0.04386703222526855,0.005065727267402455,0.010084790885378055,0.0,0.03707670552008635,0.02112766885603717,0.029630865540025367,4.5927484676924204e-07,0.09107596017223442,-0.00020630974661441033,0.02452411679583012,-0.05147196346518248,0.06673195941769515,-0.0184541779015128,0.026047599371954187,-0.08080907445584558,-4.59274846769206e-07,0.9755852735094187,2.220446049250313e-16,0.9755852735094185,0.9755852735094185,0.9742544132412394,0.004454573292021201,0.9557722784050589,0.9764262165555672,0.0013308602681792014,0.004454573292021201,-0.0008409430461486789,0.019812995104359632,0.0013308602681792014,0.004454573292021201,-0.0008409430461486789,0.019812995104359632
13,header,mid_density,class_conditional,random,0.05,20,239508,4,"{""high_quantile"": 0.75, ""label_0_q_high"": -0.000111033019493334, ""label_0_q_low"": -0.013253951445221901, ""label_1_q_high"": -1.1920928955078125e-07, ""label_1_q_low"": -0.029621761292219162, ""low_quantile"": 0.25}",0.03887845082418958,0.03014255202172649,0.0032149239273844715,0.11648880204419058,0.01829688361140338,0.021458311836170113,0.0002839153598209663,0.08156721278621173,0.006398951183259014,0.006447192776343972,0.0004133473620922892,0.019097483173839705,0.03651905432545271,0.042829001502157786,0.0005666713889282411,0.16280135667797233,0.012824138767791546,0.012920819749781121,0.0008283894936783004,0.03827326812206612,0.09049570407698489,0.04850882194088087,0.01591288965253846,0.19015636627943067,0.02882174707744887,0.05170080128674473,-0.05637234330235939,0.14923405536039802,-0.07702232997668022,0.04152071267652994,-0.14585911027060747,-0.014829221858418557,0.9755852735094187,2.220446049250313e-16,0.9755852735094185,0.9755852735094185,0.9682400852623617,0.008551504562906462,0.9404883210203664,0.9772234616569101,0.007345188247056838,0.008551504562906462,-0.001638188147491615,0.03509695248905209,0.007345188247056838,0.008551504562906462,-0.001638188147491615,0.03509695248905209
13,header,mid_density,class_conditional,random,0.1,20,239508,8,"{""high_quantile"": 0.75, ""label_0_q_high"": -0.000111033019493334, ""label_0_q_low"": -0.013253951445221901, ""label_1_q_high"": -1.1920928955078125e-07, ""label_1_q_low"": -0.029621761292219162, ""low_quantile"": 0.25}",0.058142107988042147,0.031079315090329476,0.009557092038679292,0.11888955692502964,0.01945342118008584,0.018772953951154844,0.0010605073734489036,0.05809826811630509,0.019913531072030997,0.023349887347019045,0.0012776191191943484,0.09485695676136079,0.03882740689505746,0.037469251034868575,0.0021166843057025477,0.1159592996608305,0.03990870980428252,0.04679551179166286,0.0025604766168238376,0.1901028374432051,0.150758248013867,0.05582382169751498,0.05048086829814767,0.248031817937358,-0.004094235498967479,0.04977748401698638,-0.09477584603942035,0.08242346374757326,-0.1370164932143185,0.052448083619745296,-0.23609057039132594,-0.045985017963632635,0.9755852735094187,2.220446049250313e-16,0.9755852735094185,0.9755852735094185,0.9666984453987781,0.005666242022378843,0.9545523172657069,0.9752430770782186,0.008886828110640222,0.005666242022378844,0.00034219643119992593,0.021032956243711598,0.008886828110640222,0.005666242022378844,0.00034219643119992593,0.021032956243711598
13,imports,high_density,class_conditional,important,0.01,1,171815,13,"{""high_quantile"": 0.75, ""label_0_q_high"": 0.0, ""label_0_q_low"": -0.4215264916419983, ""label_1_q_high"": 0.0, ""label_1_q_low"": -0.14120173454284668, ""low_quantile"": 0.25}",0.03375141867706545,0.0,0.03375141867706545,0.03375141867706545,0.01998661350871577,0.0,0.01998661350871577,0.01998661350871577,0.007839827721677385,0.0,0.007839827721677385,0.007839827721677385,0.036001090306753615,0.0,0.036001090306753615,0.036001090306753615,0.017624200238129505,0.0,0.017624200238129505,0.017624200238129505,0.08915281196343187,0.0,0.08915281196343187,0.08915281196343187,-0.05166372338405602,0.0,-0.05166372338405602,-0.05166372338405602,-0.08326992715456707,0.0,-0.08326992715456707,-0.08326992715456707,0.8409141296954463,0.0,0.8409141296954463,0.8409141296954463,0.834415106528142,0.0,0.834415106528142,0.834415106528142,0.00649902316730433,0.0,0.00649902316730433,0.00649902316730433,0.00649902316730433,0.0,0.00649902316730433,0.00649902316730433
13,imports,high_density,class_conditional,important,0.05,1,171815,65,"{""high_quantile"": 0.75, ""label_0_q_high"": 0.0, ""label_0_q_low"": -0.4215264916419983, ""label_1_q_high"": 0.0, ""label_1_q_low"": -0.14120173454284668, ""low_quantile"": 0.25}",0.024386694991706197,0.0,0.024386694991706197,0.024386694991706197,0.001152402293164159,0.0,0.001152402293164159,0.001152402293164159,0.020848005121787968,0.0,0.020848005121787968,0.020848005121787968,0.0020757763193760092,0.0,0.0020757763193760092,0.0020757763193760092,0.04686702691386777,0.0,0.04686702691386777,0.04686702691386777,0.14183950635482387,0.0,0.14183950635482387,0.14183950635482387,-0.09052421116724406,0.0,-0.09052421116724406,-0.09052421116724406,-0.13636146999185383,0.0,-0.13636146999185383,-0.13636146999185383,0.8409141296954463,0.0,0.8409141296954463,0.8409141296954463,0.8343276918409109,0.0,0.8343276918409109,0.8343276918409109,0.0065864378545353874,0.0,0.0065864378545353874,0.0065864378545353874,0.0065864378545353874,0.0,0.0065864378545353874,0.0065864378545353874
13,imports,high_density,class_conditional,important,0.1,1,171815,129,"{""high_quantile"": 0.75, ""label_0_q_high"": 0.0, ""label_0_q_low"": -0.4215264916419983, ""label_1_q_high"": 0.0, ""label_1_q_low"": -0.14120173454284668, ""low_quantile"": 0.25}",0.05266711288304281,0.0,0.05266711288304281,0.05266711288304281,0.0,0.0,0.0,0.0,0.050827925384861625,0.0,0.050827925384861625,0.050827925384861625,0.0,0.0,0.0,0.0,0.11426291067526724,0.0,0.11426291067526724,0.11426291067526724,0.1583336835237269,0.0,0.1583336835237269,0.1583336835237269,-0.100421765506813,0.0,-0.100421765506813,-0.100421765506813,-0.153514037732063,0.0,-0.153514037732063,-0.153514037732063,0.8409141296954463,0.0,0.8409141296954463,0.8409141296954463,0.8329710010478681,0.0,0.8329710010478681,0.8329710010478681,0.00794312864757818,0.0,0.00794312864757818,0.00794312864757818,0.00794312864757818,0.0,0.00794312864757818,0.00794312864757818
13,imports,high_density,class_conditional,random,0.01,20,171815,13,"{""high_quantile"": 0.75, ""label_0_q_high"": 0.0, ""label_0_q_low"": -0.4215264916419983, ""label_1_q_high"": 0.0, ""label_1_q_low"": -0.14120173454284668, ""low_quantile"": 0.25}",0.0002400838110758665,0.0010465010704598131,0.0,0.00480167622151733,8.293804382620842e-05,0.0003615185516133899,0.0,0.0016587608765241684,0.0,0.0,0.0,0.0,0.0001493929926823643,0.0006511889579755374,0.0,0.002987859853647286,0.0,0.0,0.0,0.0,0.004980662257255309,0.0048262861967676264,0.0008655334803199562,0.02219738834403302,-0.0030156916896546763,0.0022281776558405538,-0.008637288487436523,-0.0004639688004828056,-0.004668940086501023,0.004804032674307636,-0.021528767929083398,-0.0007924037183070044,0.8409141296954464,1.1102230246251565e-16,0.8409141296954463,0.8409141296954463,0.8412861174046625,0.0014351291714073807,0.8407806950916766,0.8474274512620813,-0.00037198770921622606,0.0014351291714073807,-0.0065133215666349775,0.00013343460376968874,-0.00037198770921622606,0.0014351291714073807,-0.0065133215666349775,0.00013343460376968874
13,imports,high_density,class_conditional,random,0.05,20,171815,65,"{""high_quantile"": 0.75, ""label_0_q_high"": 0.0, ""label_0_q_low"": -0.4215264916419983, ""label_1_q_high"": 0.0, ""label_1_q_low"": -0.14120173454284668, ""low_quantile"": 0.25}",0.0031699793382417136,0.007537165889675504,0.0,0.03394930593952798,0.001970433314902657,0.005448672931260155,0.0,0.024241189651660215,0.0002226231702703489,0.0009703919016990993,0.0,0.004452463405406978,0.003549262994569434,0.009814477383310585,0.0,0.04366468873838928,0.0005004644833767287,0.002181474107870452,0.0,0.010009289667534574,0.027860790873418185,0.0077960518367374484,0.012695008452703894,0.04249924790448896,-0.017635385712614866,0.008149222917458955,-0.038798324683501896,0.00018728921613308725,-0.026099907168544177,0.007502506476818817,-0.042385748285159855,-0.011762375559526753,0.8409141296954464,1.1102230246251565e-16,0.8409141296954463,0.8409141296954463,0.841700238603426,0.002307063795170609,0.8355318381404012,0.846329838181276,-0.0007861089079796823,0.002307063795170609,-0.005415708485829729,0.0053822915550451045,-0.0007861089079796823,0.002307063795170609,-0.005415708485829729,0.0053822915550451045
13,imports,high_density,class_conditional,random,0.1,20,171815,129,"{""high_quantile"": 0.75, ""label_0_q_high"": 0.0, ""label_0_q_low"": -0.4215264916419983, ""label_1_q_high"": 0.0, ""label_1_q_low"": -0.14120173454284668, ""low_quantile"": 0.25}",0.007260716468294385,0.011363784475800009,0.0,0.034339260250851204,0.0036385065331897685,0.0069733774548413775,0.0,0.01998661350871577,0.0016218025201524895,0.003356246384967912,0.0,0.011448360154817682,0.006553896798272283,0.012560866871486082,0.0,0.036001090306753615,0.0036458674063509925,0.007544956399184365,0.0,0.025736304282405892,0.05561391588295424,0.011315907531056869,0.03878726350902917,0.07348735030318021,-0.0363161218119345,0.010269393739998077,-0.04953845496159853,-0.006857421254260788,-0.053514505985598926,0.011457089713575603,-0.0724921953557915,-0.03309053524526357,0.8409141296954464,1.1102230246251565e-16,0.8409141296954463,0.8409141296954463,0.8428646435925436,0.005073956754615148,0.8236320532862714,0.8467823565470514,-0.001950513897097217,0.005073956754615147,-0.005868226851605041,0.017282076409174896,-0.001950513897097217,0.005073956754615147,-0.005868226851605041,0.017282076409174896
13,imports,low_density,class_conditional,important,0.01,1,120001,13,"{""high_quantile"": 0.75, ""label_0_q_high"": 0.0, ""label_0_q_low"": -0.4215264916419983, ""label_1_q_high"": 0.0, ""label_1_q_low"": -0.14120173454284668, ""low_quantile"": 0.25}",0.08194931708902425,0.0,0.08194931708902425,0.08194931708902425,7.499937500520829e-05,0.0,7.499937500520829e-05,7.499937500520829e-05,0.0747410438246348,0.0,0.0747410438246348,0.0747410438246348,0.00014999750004166597,0.0,0.00014999750004166597,0.00014999750004166597,0.14948333333333333,0.0,0.14948333333333333,0.14948333333333333,0.09213167788457442,0.0,0.09213167788457442,0.09213167788457442,-0.0637048305300095,0.0,-0.0637048305300095,-0.0637048305300095,-0.0707967563534165,0.0,-0.0707967563534165,-0.0707967563534165,0.9351196116175842,0.0,0.9351196116175842,0.9351196116175842,0.9331192309294847,0.0,0.9331192309294847,0.9331192309294847,0.00200038068809949,0.0,0.00200038068809949,0.00200038068809949,0.00200038068809949,0.0,0.00200038068809949,0.00200038068809949
13,imports,low_density,class_conditional,important,0.05,1,120001,65,"{""high_quantile"": 0.75, ""label_0_q_high"": 0.0, ""label_0_q_low"": -0.4215264916419983, ""label_1_q_high"": 0.0, ""label_1_q_low"": -0.14120173454284668, ""low_quantile"": 0.25}",0.1528737260522829,0.0,0.1528737260522829,0.1528737260522829,0.0008166598611678236,0.0,0.0008166598611678236,0.0008166598611678236,0.14332380563495303,0.0,0.14332380563495303,0.14332380563495303,0.0016333061115648073,0.0,0.0016333061115648073,0.0016333061115648073,0.28665,0.0,0.28665,0.28665,0.15921747816497692,0.0,0.15921747816497692,0.15921747816497692,-0.03899564904975033,0.0,-0.03899564904975033,-0.03899564904975033,-0.14148408312507174,0.0,-0.14148408312507174,-0.14148408312507174,0.9351196116175842,0.0,0.9351196116175842,0.9351196116175842,0.9226436166341672,0.0,0.9226436166341672,0.9226436166341672,0.012475994983417005,0.0,0.012475994983417005,0.012475994983417005,0.012475994983417005,0.0,0.012475994983417005,0.012475994983417005
13,imports,low_density,class_conditional,important,0.1,1,120001,129,"{""high_quantile"": 0.75, ""label_0_q_high"": 0.0, ""label_0_q_low"": -0.4215264916419983, ""label_1_q_high"": 0.0, ""label_1_q_low"": -0.14120173454284668, ""low_quantile"": 0.25}",0.17764018633178058,0.0,0.17764018633178058,0.17764018633178058,0.0027166440279664337,0.0,0.0027166440279664337,0.0027166440279664337,0.1606153282055983,0.0,0.1606153282055983,0.1606153282055983,0.005433242779287012,0.0,0.005433242779287012,0.005433242779287012,0.3212333333333333,0.0,0.3212333333333333,0.3212333333333333,0.1861988451958424,0.0,0.1861988451958424,0.1861988451958424,-0.019663586865467486,0.0,-0.019663586865467486,-0.019663586865467486,-0.16624304126831793,0.0,-0.16624304126831793,-0.16624304126831793,0.9351196116175842,0.0,0.9351196116175842,0.9351196116175842,0.9029071918245808,0.0,0.9029071918245808,0.9029071918245808,0.03221241979300338,0.0,0.03221241979300338,0.03221241979300338,0.03221241979300338,0.0,0.03221241979300338,0.03221241979300338
13,imports,low_density,class_conditional,random,0.01,20,120001,13,"{""high_quantile"": 0.75, ""label_0_q_high"": 0.0, ""label_0_q_low"": -0.4215264916419983, ""label_1_q_high"": 0.0, ""label_1_q_low"": -0.14120173454284668, ""low_quantile"": 0.25}",0.003931633903050807,0.003223779546507481,0.0012249897917517355,0.016341530487245938,0.00035791368405263296,0.0006993265672176019,4.999958333680553e-05,0.0033833051391238406,0.0018687344272131062,0.0012835333206860635,0.0005583286805943284,0.004958292014233215,0.0007158214029766172,0.001398641479186671,9.999833336111065e-05,0.006766553890768487,0.0037375000000000004,0.0025670880335941387,0.0011166666666666666,0.009916666666666667,0.007148544047983483,0.008469554599866896,0.002133000106919462,0.04313723375019649,-9.306668897840127e-05,0.0029673115150300167,-0.003864833453598656,0.009986516730864004,-0.004711921748577303,0.008289981341100486,-0.040160298126312215,-0.000743709254690145,0.9351196116175841,1.1102230246251565e-16,0.9351196116175842,0.9351196116175842,0.9352798827102882,0.0005375304695602084,0.9341143147614206,0.936194642311517,-0.00016027109270398964,0.0005375304695602084,-0.001075030693932777,0.0010052968561635733,-0.00016027109270398964,0.0005375304695602084,-0.001075030693932777,0.0010052968561635733
13,imports,low_density,class_conditional,random,0.05,20,120001,65,"{""high_quantile"": 0.75, ""label_0_q_high"": 0.0, ""label_0_q_low"": -0.4215264916419983, ""label_1_q_high"": 0.0, ""label_1_q_low"": -0.14120173454284668, ""low_quantile"": 0.25}",0.014716960691994232,0.002745714313874223,0.01191656736193865,0.02214148215431538,0.0009887417604853292,0.0006392937407597647,0.0002583311805734952,0.003216639861334489,0.009499920833993048,0.0023950009183947465,0.00618328180598495,0.014216548195431705,0.001977467042215963,0.0012785768268014286,0.0005166580556990717,0.006433226112898118,0.019,0.004790041753471467,0.012366666666666666,0.028433333333333335,0.026136520419926652,0.007931659381851267,0.019226003464812926,0.05613016180790926,-0.00440724550126499,0.004991782656045403,-0.011628847559025643,0.006012878740987117,-0.01940452702162419,0.008673331449303818,-0.05172874110623515,-0.011027526124287444,0.9351196116175841,1.1102230246251565e-16,0.9351196116175842,0.9351196116175842,0.9364576830663932,0.0012665204727256062,0.9343520553824103,0.9389460318716911,-0.0013380714488091584,0.0012665204727256064,-0.0038264202541069547,0.0007675562351738829,-0.0013380714488091584,0.0012665204727256064,-0.0038264202541069547,0.0007675562351738829
13,imports,low_density,class_conditional,random,0.1,20,120001,129,"{""high_quantile"": 0.75, ""label_0_q_high"": 0.0, ""label_0_q_low"": -0.4215264916419983, ""label_1_q_high"": 0.0, ""label_1_q_low"": -0.14120173454284668, ""low_quantile"": 0.25}",0.027596436696360867,0.00676124304654681,0.017616519862334482,0.043874634378046846,0.0015408204931625573,0.0011677156814891418,0.00039166340280497665,0.004174965208623261,0.020384830126415614,0.006247363293096707,0.011074907709102425,0.038783010141582155,0.0030816153064115595,0.0023354119013746185,0.0007833202779953667,0.008349860835652739,0.04077,0.012494830708914965,0.02215,0.07756666666666667,0.04943534908722611,0.016071383398560832,0.030252854902966555,0.09516361911954056,-0.011325685263424111,0.008982601136195945,-0.029162103137678017,0.003079758477975087,-0.039476536364483214,0.017735044897042005,-0.08931975337958221,-0.019651598483156427,0.9351196116175841,1.1102230246251565e-16,0.9351196116175842,0.9351196116175842,0.9369974606395448,0.0021014078272112075,0.9312241862635622,0.9411296385338023,-0.0018778490219607535,0.0021014078272112075,-0.006010026916218103,0.0038954253540219863,-0.0018778490219607535,0.0021014078272112075,-0.006010026916218103,0.0038954253540219863
13,imports,mid_density,class_conditional,important,0.01,1,188184,13,"{""high_quantile"": 0.75, ""label_0_q_high"": 0.0, ""label_0_q_low"": -0.4215264916419983, ""label_1_q_high"": 0.0, ""label_1_q_low"": -0.14120173454284668, ""low_quantile"": 0.25}",0.0594949623772478,0.0,0.0594949623772478,0.0594949623772478,0.006026017089656932,0.0,0.006026017089656932,0.006026017089656932,0.03416868596692599,0.0,0.03416868596692599,0.03416868596692599,0.013402195880065712,0.0,0.013402195880065712,0.013402195880065712,0.06208301551592627,0.0,0.06208301551592627,0.06208301551592627,0.1733324639523159,0.0,0.1733324639523159,0.1733324639523159,-0.1102576716994749,0.0,-0.1102576716994749,-0.1102576716994749,-0.16443383149842777,0.0,-0.16443383149842777,-0.16443383149842777,0.9754154901116538,0.0,0.9754154901116538,0.9754154901116538,0.9706352813982558,0.0,0.9706352813982558,0.9706352813982558,0.004780208713398015,0.0,0.004780208713398015,0.004780208713398015,0.004780208713398015,0.0,0.004780208713398015,0.004780208713398015
13,imports,mid_density,class_conditional,important,0.05,1,188184,65,"{""high_quantile"": 0.75, ""label_0_q_high"": 0.0, ""label_0_q_low"": -0.4215264916419983, ""label_1_q_high"": 0.0, ""label_1_q_low"": -0.14120173454284668, ""low_quantile"": 0.25}",0.17486608850911872,0.0,0.17486608850911872,0.17486608850911872,0.002529439272201675,0.0,0.002529439272201675,0.002529439272201675,0.14764273264464567,0.0,0.14764273264464567,0.14764273264464567,0.005625613085459681,0.0,0.005625613085459681,0.005625613085459681,0.26826042038794645,0.0,0.26826042038794645,0.26826042038794645,0.2982772054463836,0.0,0.2982772054463836,0.2982772054463836,-0.13666161758605386,0.0,-0.13666161758605386,-0.13666161758605386,-0.2673368313215032,0.0,-0.2673368313215032,-0.2673368313215032,0.9754154901116538,0.0,0.9754154901116538,0.9754154901116538,0.9222268994640334,0.0,0.9222268994640334,0.9222268994640334,0.05318859064762049,0.0,0.05318859064762049,0.05318859064762049,0.05318859064762049,0.0,0.05318859064762049,0.05318859064762049
13,imports,mid_density,class_conditional,important,0.1,1,188184,129,"{""high_quantile"": 0.75, ""label_0_q_high"": 0.0, ""label_0_q_low"": -0.4215264916419983, ""label_1_q_high"": 0.0, ""label_1_q_low"": -0.14120173454284668, ""low_quantile"": 0.25}",0.21023572673553542,0.0,0.21023572673553542,0.21023572673553542,0.010372826595247206,0.0,0.010372826595247206,0.010372826595247206,0.17436126344428857,0.0,0.17436126344428857,0.17436126344428857,0.023069741056338862,0.0,0.023069741056338862,0.023069741056338862,0.3168068281661855,0.0,0.3168068281661855,0.3168068281661855,0.333681444229595,0.0,0.333681444229595,0.333681444229595,-0.1315692962578338,0.0,-0.1315692962578338,-0.1315692962578338,-0.2996514488063024,0.0,-0.2996514488063024,-0.2996514488063024,0.9754154901116538,0.0,0.9754154901116538,0.9754154901116538,0.884201809054417,0.0,0.884201809054417,0.884201809054417,0.09121368105723682,0.0,0.09121368105723682,0.09121368105723682,0.09121368105723682,0.0,0.09121368105723682,0.09121368105723682
13,imports,mid_density,class_conditional,random,0.01,20,188184,13,"{""high_quantile"": 0.75, ""label_0_q_high"": 0.0, ""label_0_q_low"": -0.4215264916419983, ""label_1_q_high"": 0.0, ""label_1_q_low"": -0.14120173454284668, ""low_quantile"": 0.25}",0.002216979126812056,0.003406281984991726,0.00038260425966075756,0.016823959528971644,0.00046895591548697026,0.0008379236348506157,0.00011690685711856481,0.004081112103048081,0.00045965650639799344,0.0004109901690082918,1.0627896101687709e-05,0.0018598818177953493,0.0010429839386382708,0.0018635885892324853,0.00026000732747922893,0.009076619432002175,0.000835175869693254,0.0007467512524225544,1.9310424732791997e-05,0.0033793243282385995,0.010106759124288309,0.01204064762474827,0.0023841745440638645,0.06019726604074177,-0.0021212261051516443,0.0030274764016543004,-0.010274424742307572,0.0027507735337948783,-0.009135797827975153,0.011440268699417873,-0.05664404063133297,-0.002023538655551406,0.975415490111654,1.1102230246251565e-16,0.9754154901116538,0.9754154901116538,0.9756684938670436,0.000552180780537942,0.9748889568504051,0.9776841198341869,-0.000253003755389708,0.0005521807805379419,-0.0022686297225330554,0.0005265332612487406,-0.000253003755389708,0.0005521807805379419,-0.0022686297225330554,0.0005265332612487406
13,imports,mid_density,class_conditional,random,0.05,20,188184,65,"{""high_quantile"": 0.75, ""label_0_q_high"": 0.0, ""label_0_q_low"": -0.4215264916419983, ""label_1_q_high"": 0.0, ""label_1_q_low"": -0.14120173454284668, ""low_quantile"": 0.25}",0.01173027462483527,0.005021819933343219,0.00420333290821749,0.023822429111933,0.002515623007269481,0.002085872109107674,0.000770522467372359,0.008374782128129915,0.0021556030268248096,0.0013045372052491672,0.0010893593504229904,0.006483016622029503,0.005594884946757591,0.004639095138812222,0.0017136846583858272,0.01862597945942113,0.0039166368964285376,0.0023702873336417466,0.0019793185351111796,0.011779359087003118,0.05027408312350816,0.01562834731311606,0.030947164367099284,0.09480275903376417,-0.014183265367173584,0.009947450785310917,-0.036958419299892374,0.005321376770324509,-0.04633139514802387,0.01531190180538803,-0.0888939894956635,-0.029579161507553017,0.975415490111654,1.1102230246251565e-16,0.9754154901116538,0.9754154901116538,0.9756803944842691,0.0010580043842854795,0.9727894024337032,0.9770749611514178,-0.00026490437261516566,0.0010580043842854795,-0.0016594710397639378,0.0026260876779506948,-0.00026490437261516566,0.0010580043842854795,-0.0016594710397639378,0.0026260876779506948
13,imports,mid_density,class_conditional,random,0.1,20,188184,129,"{""high_quantile"": 0.75, ""label_0_q_high"": 0.0, ""label_0_q_low"": -0.4215264916419983, ""label_1_q_high"": 0.0, ""label_1_q_low"": -0.14120173454284668, ""low_quantile"": 0.25}",0.022189452875908684,0.009138451033043959,0.011153976958721251,0.04228308464056455,0.004164009692641245,0.0030227511514052115,0.0011956383114398673,0.01185541810143264,0.006506663690855759,0.004513343982306642,0.0019980444671172893,0.01886982952854653,0.009260988264214717,0.006722766036850582,0.002659165849219387,0.0263671067093709,0.011822324782033582,0.008200549612984262,0.0036303598497648957,0.034285659113072194,0.09963267926978324,0.027045481671289555,0.06518244374133511,0.16997142734843246,-0.034475395105233446,0.01306364663611718,-0.06678910891176613,-0.013737851944821095,-0.09375767470258627,0.02627227200097337,-0.1625799332592837,-0.061571524997485826,0.975415490111654,1.1102230246251565e-16,0.9754154901116538,0.9754154901116538,0.9747045598415139,0.001957815960233741,0.971016460083328,0.9777336618353663,0.0007109302701398645,0.001957815960233741,-0.0023181717237124033,0.004399030028325868,0.0007109302701398645,0.001957815960233741,-0.0023181717237124033,0.004399030028325868
42,header,high_density,class_conditional,important,0.01,1,124539,1,"{""high_quantile"": 0.75, ""label_0_q_high"": -0.0001105964183807373, ""label_0_q_low"": -0.01350836269557476, ""label_1_q_high"": -1.1920928955078125e-07, ""label_1_q_low"": -0.029636161401867867, ""low_quantile"": 0.25}",8.029613213531504e-06,0.0,8.029613213531504e-06,8.029613213531504e-06,8.029613213531504e-06,0.0,8.029613213531504e-06,8.029613213531504e-06,0.0,0.0,0.0,0.0,1.666638889351844e-05,0.0,1.666638889351844e-05,1.666638889351844e-05,0.0,0.0,0.0,0.0,0.07672904055345757,0.0,0.07672904055345757,0.07672904055345757,0.07459778849586919,0.0,0.07459778849586919,0.07459778849586919,-0.07672688861711632,0.0,-0.07672688861711632,-0.07672688861711632,0.9993311088477324,0.0,0.9993311088477324,0.9993311088477324,0.9984860423853122,0.0,0.9984860423853122,0.9984860423853122,0.0008450664624201076,0.0,0.0008450664624201076,0.0008450664624201076,0.0008450664624201076,0.0,0.0008450664624201076,0.0008450664624201076
42,header,high_density,class_conditional,important,0.05,1,124539,4,"{""high_quantile"": 0.75, ""label_0_q_high"": -0.0001105964183807373, ""label_0_q_low"": -0.01350836269557476, ""label_1_q_high"": -1.1920928955078125e-07, ""label_1_q_low"": -0.029636161401867867, ""low_quantile"": 0.25}",0.02251503545074234,0.0,0.02251503545074234,0.02251503545074234,0.019776937344928094,0.0,0.019776937344928094,0.019776937344928094,0.0012365604348838516,0.0,0.0012365604348838516,0.0012365604348838516,0.04104931584473592,0.0,0.04104931584473592,0.04104931584473592,0.002386191081223465,0.0,0.002386191081223465,0.002386191081223465,0.157226574042061,0.0,0.157226574042061,0.157226574042061,0.11052713212907282,0.0,0.11052713212907282,0.11052713212907282,-0.1511367270877308,0.0,-0.1511367270877308,-0.1511367270877308,0.9993311088477324,0.0,0.9993311088477324,0.9993311088477324,0.9986091981363875,0.0,0.9986091981363875,0.9986091981363875,0.0007219107113448642,0.0,0.0007219107113448642,0.0007219107113448642,0.0007219107113448642,0.0,0.0007219107113448642,0.0007219107113448642
42,header,high_density,class_conditional,important,0.1,1,124539,8,"{""high_quantile"": 0.75, ""label_0_q_high"": -0.0001105964183807373, ""label_0_q_low"": -0.01350836269557476, ""label_1_q_high"": -1.1920928955078125e-07, ""label_1_q_low"": -0.029636161401867867, ""low_quantile"": 0.25}",0.06409237267040846,0.0,0.06409237267040846,0.06409237267040846,0.04555199576036422,0.0,0.04555199576036422,0.04555199576036422,0.01665341780486434,0.0,0.01665341780486434,0.01665341780486434,0.09454842419293012,0.0,0.09454842419293012,0.09454842419293012,0.03213610586011342,0.0,0.03213610586011342,0.03213610586011342,0.38709666697677,0.0,0.38709666697677,0.38709666697677,0.024583905396351927,0.0,0.024583905396351927,0.024583905396351927,-0.37662310267444665,0.0,-0.37662310267444665,-0.37662310267444665,0.9993311088477324,0.0,0.9993311088477324,0.9993311088477324,0.9667422159272749,0.0,0.9667422159272749,0.9667422159272749,0.03258889292045741,0.0,0.03258889292045741,0.03258889292045741,0.03258889292045741,0.0,0.03258889292045741,0.03258889292045741
42,header,high_density,class_conditional,random,0.01,20,124539,1,"{""high_quantile"": 0.75, ""label_0_q_high"": -0.0001105964183807373, ""label_0_q_low"": -0.01350836269557476, ""label_1_q_high"": -1.1920928955078125e-07, ""label_1_q_low"": -0.029636161401867867, ""low_quantile"": 0.25}",0.0013252876608933748,0.0033227947007153586,0.0,0.01441315571828905,0.0009659624695878401,0.0029165839960323655,0.0,0.01318462489661873,0.0001184367948995897,0.00032331409852141016,0.0,0.0012365604348838516,0.0020049665838902686,0.006053706676253308,0.0,0.02736621056315728,0.00022854752238990985,0.0006238993231237084,0.0,0.002386191081223465,0.023641171753040136,0.028300454580721023,4.0115976608236816e-21,0.08685080071751844,-0.012579979682970168,0.02301001502793558,-0.08209990534826071,0.006053510484948858,-0.02325148102722865,0.028034762020010727,-0.08682838602989414,3.1201315139739742e-21,0.9993311088477327,3.3306690738754696e-16,0.9993311088477324,0.9993311088477324,0.9993436282076512,0.00035478737602055596,0.9985310165600766,0.9997772987420057,-1.2519359918611306e-05,0.000354787376020556,-0.0004461898942733633,0.0008000922876557626,-1.2519359918611306e-05,0.000354787376020556,-0.0004461898942733633,0.0008000922876557626
42,header,high_density,class_conditional,random,0.05,20,124539,4,"{""high_quantile"": 0.75, ""label_0_q_high"": -0.0001105964183807373, ""label_0_q_low"": -0.01350836269557476, ""label_1_q_high"": -1.1920928955078125e-07, ""label_1_q_low"": -0.029636161401867867, ""low_quantile"": 0.25}",0.00462706461429753,0.0063649573855078774,0.0,0.025534170019030182,0.003036799717357615,0.004619777514869489,0.0,0.013232802575899918,0.001120934004608998,0.0027244613708256515,0.0,0.01110495507431407,0.006303228279528674,0.00958888138404912,0.0,0.02746620889651839,0.0021630667203817906,0.005257394010679843,0.0,0.021429235489169172,0.06297513020459211,0.0493454842138909,0.002283701484141126,0.1756662640951362,-0.006833065976914496,0.023046739714423625,-0.05919566055688725,0.027695768717043212,-0.06170830866296838,0.04905110885836881,-0.17483544970719203,-0.0022313544928598203,0.9993311088477327,3.3306690738754696e-16,0.9993311088477324,0.9993311088477324,0.9992052459253564,0.0005322372192820754,0.998100017721099,0.9997670444891595,0.00012586292237608542,0.0005322372192820754,-0.00043593564142718755,0.0012310911266333324,0.00012586292237608542,0.0005322372192820754,-0.00043593564142718755,0.0012310911266333324
42,header,high_density,class_conditional,random,0.1,20,124539,8,"{""high_quantile"": 0.75, ""label_0_q_high"": -0.0001105964183807373, ""label_0_q_low"": -0.01350836269557476, ""label_1_q_high"": -1.1920928955078125e-07, ""label_1_q_low"": -0.029636161401867867, ""low_quantile"": 0.25}",0.01056576654702543,0.01118665796472831,8.832574534884655e-05,0.037024546527593766,0.008434305719493492,0.010603355653559302,0.0,0.03602887448911586,0.0013879186439589206,0.0030375510737015595,0.0,0.012341515509197922,0.017506374893751772,0.022008488354171126,0.0,0.07478208696521725,0.0026782670674641296,0.005861563314136145,0.0,0.023815426570392637,0.11278180667715718,0.05430547876151838,0.02698204138083701,0.21458073204290123,-0.02200548047282338,0.03720268811570699,-0.10187821532876745,0.04291698706966654,-0.11033448448934133,0.054156902751128846,-0.210380699985432,-0.02650156691662551,0.9993311088477327,3.3306690738754696e-16,0.9993311088477324,0.9993311088477324,0.9988636354392494,0.0007819194614527863,0.9968552452188852,0.9998421542830187,0.0004674734084831211,0.0007819194614527865,-0.0005110454352863503,0.002475863628847108,0.0004674734084831211,0.0007819194614527865,-0.0005110454352863503,0.002475863628847108
42,header,low_density,class_conditional,important,0.01,1,120000,1,"{""high_quantile"": 0.75, ""label_0_q_high"": -0.0001105964183807373, ""label_0_q_low"": -0.01350836269557476, ""label_1_q_high"": -1.1920928955078125e-07, ""label_1_q_low"": -0.029636161401867867, ""low_quantile"": 0.25}",0.052991666666666666,0.0,0.052991666666666666,0.052991666666666666,0.03564166666666667,0.0,0.03564166666666667,0.03564166666666667,0.00028333333333333335,0.0,0.00028333333333333335,0.00028333333333333335,0.07128333333333334,0.0,0.07128333333333334,0.07128333333333334,0.0005666666666666667,0.0,0.0005666666666666667,0.0005666666666666667,0.07931852089807735,0.0,0.07931852089807735,0.07931852089807735,0.07702257414786848,0.0,0.07702257414786848,0.07702257414786848,-0.06722755923006363,0.0,-0.06722755923006363,-0.06722755923006363,0.9605950248611111,0.0,0.9605950248611111,0.9605950248611111,0.9442019555555555,0.0,0.9442019555555555,0.9442019555555555,0.01639306930555562,0.0,0.01639306930555562,0.01639306930555562,0.01639306930555562,0.0,0.01639306930555562,0.01639306930555562
42,header,low_density,class_conditional,important,0.05,1,120000,4,"{""high_quantile"": 0.75, ""label_0_q_high"": -0.0001105964183807373, ""label_0_q_low"": -0.01350836269557476, ""label_1_q_high"": -1.1920928955078125e-07, ""label_1_q_low"": -0.029636161401867867, ""low_quantile"": 0.25}",0.176425,0.0,0.176425,0.176425,0.130675,0.0,0.130675,0.130675,0.0037416666666666666,0.0,0.0037416666666666666,0.0037416666666666666,0.26135,0.0,0.26135,0.26135,0.007483333333333333,0.0,0.007483333333333333,0.007483333333333333,0.1985051612347396,0.0,0.1985051612347396,0.1985051612347396,0.12441257887247482,0.0,0.12441257887247482,0.12441257887247482,-0.14082185914022366,0.0,-0.14082185914022366,-0.14082185914022366,0.9605950248611111,0.0,0.9605950248611111,0.9605950248611111,0.9199406404166667,0.0,0.9199406404166667,0.9199406404166667,0.04065438444444447,0.0,0.04065438444444447,0.04065438444444447,0.04065438444444447,0.0,0.04065438444444447,0.04065438444444447
42,header,low_density,class_conditional,important,0.1,1,120000,8,"{""high_quantile"": 0.75, ""label_0_q_high"": -0.0001105964183807373, ""label_0_q_low"": -0.01350836269557476, ""label_1_q_high"": -1.1920928955078125e-07, ""label_1_q_low"": -0.029636161401867867, ""low_quantile"": 0.25}",0.23814166666666667,0.0,0.23814166666666667,0.23814166666666667,0.13681666666666667,0.0,0.13681666666666667,0.13681666666666667,0.048,0.0,0.048,0.048,0.27363333333333334,0.0,0.27363333333333334,0.27363333333333334,0.096,0.0,0.096,0.096,0.2864205570311346,0.0,0.2864205570311346,0.2864205570311346,0.04914566429489843,0.0,0.04914566429489843,0.04914566429489843,-0.2563167033102495,0.0,-0.2563167033102495,-0.2563167033102495,0.9605950248611111,0.0,0.9605950248611111,0.9605950248611111,0.8355664005555555,0.0,0.8355664005555555,0.8355664005555555,0.1250286243055556,0.0,0.1250286243055556,0.1250286243055556,0.1250286243055556,0.0,0.1250286243055556,0.1250286243055556
42,header,low_density,class_conditional,random,0.01,20,120000,1,"{""high_quantile"": 0.75, ""label_0_q_high"": -0.0001105964183807373, ""label_0_q_low"": -0.01350836269557476, ""label_1_q_high"": -1.1920928955078125e-07, ""label_1_q_low"": -0.029636161401867867, ""low_quantile"": 0.25}",0.011987916666666666,0.014236802727779937,0.0,0.046325,0.003705,0.00596294017709012,0.0,0.020375,0.003813749999999999,0.005017070356819583,0.0,0.017883333333333334,0.00741,0.01192588035418024,0.0,0.04075,0.007627499999999998,0.010034140713639166,0.0,0.03576666666666667,0.024792214737396002,0.02716884327579945,1.1066666666666699e-05,0.07308308106917086,-0.001654997996518731,0.016825002287118623,-0.03831324470089629,0.03359892665757781,-0.01950862194204505,0.0216924334191347,-0.06189197777496051,-8.899999999999991e-06,0.960595024861111,1.1102230246251565e-16,0.9605950248611111,0.9605950248611111,0.9587405019583335,0.0031868115797106045,0.9470981512500001,0.9605946315277776,0.0018545229027778277,0.003186811579710605,3.9333333357038924e-07,0.013496873611111071,0.0018545229027778277,0.003186811579710605,3.9333333357038924e-07,0.013496873611111071
42,header,low_density,class_conditional,random,0.05,20,120000,4,"{""high_quantile"": 0.75, ""label_0_q_high"": -0.0001105964183807373, ""label_0_q_low"": -0.01350836269557476, ""label_1_q_high"": -1.1920928955078125e-07, ""label_1_q_low"": -0.029636161401867867, ""low_quantile"": 0.25}",0.028789583333333334,0.022246425879446845,0.003025,0.079975,0.012066666666666668,0.014617094729573772,0.00036666666666666667,0.05513333333333333,0.005895416666666667,0.005756632934542166,2.5e-05,0.020741666666666665,0.024133333333333336,0.029234189459147544,0.0007333333333333333,0.11026666666666667,0.011790833333333334,0.011513265869084332,5e-05,0.04148333333333333,0.05559488499716986,0.03640913867383481,0.005283104730121242,0.12306565122546317,0.005847018634337596,0.025475396598131226,-0.0374350326870005,0.06483146166340743,-0.044596237321445006,0.03167729534766739,-0.10962592522043124,-0.002921318006141175,0.960595024861111,1.1102230246251565e-16,0.9605950248611111,0.9605950248611111,0.9563070519305553,0.005714942795026427,0.9386676125,0.9611335526388889,0.0042879729305555555,0.005714942795026426,-0.000538527777777742,0.021927412361111176,0.0042879729305555555,0.005714942795026426,-0.000538527777777742,0.021927412361111176
42,header,low_density,class_conditional,random,0.1,20,120000,8,"{""high_quantile"": 0.75, ""label_0_q_high"": -0.0001105964183807373, ""label_0_q_low"": -0.01350836269557476, ""label_1_q_high"": -1.1920928955078125e-07, ""label_1_q_low"": -0.029636161401867867, ""low_quantile"": 0.25}",0.05588208333333333,0.03284571586251141,0.0082,0.12015,0.027019583333333336,0.02383072279919232,0.0015166666666666666,0.08039166666666667,0.011027083333333333,0.010936903277372947,0.0009,0.03581666666666666,0.05403916666666667,0.04766144559838464,0.003033333333333333,0.16078333333333333,0.022054166666666666,0.021873806554745894,0.0018,0.07163333333333333,0.09687477380434753,0.048963363625329555,0.013592757490597454,0.19352204715562776,0.011963369505834537,0.03727048238645144,-0.05985137596261544,0.0772839233029991,-0.07978945061085933,0.044340309887187304,-0.16540253572816022,-0.008353639456186003,0.960595024861111,1.1102230246251565e-16,0.9605950248611111,0.9605950248611111,0.9492613849444445,0.010387605946968815,0.9318665104166667,0.9607298752777779,0.011333639916666704,0.010387605946968817,-0.00013485041666672082,0.028728514444444464,0.011333639916666704,0.010387605946968817,-0.00013485041666672082,0.028728514444444464
42,header,mid_density,class_conditional,important,0.01,1,235461,1,"{""high_quantile"": 0.75, ""label_0_q_high"": -0.0001105964183807373, ""label_0_q_low"": -0.01350836269557476, ""label_1_q_high"": -1.1920928955078125e-07, ""label_1_q_low"": -0.029636161401867867, ""low_quantile"": 0.25}",0.027308131707586395,0.0,0.027308131707586395,0.027308131707586395,0.021294396948963946,0.0,0.021294396948963946,0.021294396948963946,0.00021234939119429546,0.0,0.00021234939119429546,0.00021234939119429546,0.04178368153067942,0.0,0.04178368153067942,0.04178368153067942,0.00043304290589111567,0.0,0.00043304290589111567,0.00043304290589111567,0.07640292046884353,0.0,0.07640292046884353,0.07640292046884353,0.07381236718542648,0.0,0.07381236718542648,0.07381236718542648,-0.07145387703284557,0.0,-0.07145387703284557,-0.07145387703284557,0.9774363407264419,0.0,0.9774363407264419,0.9774363407264419,0.9573685563712344,0.0,0.9573685563712344,0.9573685563712344,0.020067784355207507,0.0,0.020067784355207507,0.020067784355207507,0.020067784355207507,0.0,0.020067784355207507,0.020067784355207507
42,header,mid_density,class_conditional,important,0.05,1,235461,4,"{""high_quantile"": 0.75, ""label_0_q_high"": -0.0001105964183807373, ""label_0_q_low"": -0.01350836269557476, ""label_1_q_high"": -1.1920928955078125e-07, ""label_1_q_low"": -0.029636161401867867, ""low_quantile"": 0.25}",0.14965535693809165,0.0,0.14965535693809165,0.14965535693809165,0.09995285843515486,0.0,0.09995285843515486,0.09995285843515486,0.013751746573742573,0.0,0.013751746573742573,0.013751746573742573,0.1961266343886199,0.0,0.1961266343886199,0.1961266343886199,0.028043858585508653,0.0,0.028043858585508653,0.028043858585508653,0.21705661760431655,0.0,0.21705661760431655,0.21705661760431655,0.12707803980415364,0.0,0.12707803980415364,0.12707803980415364,-0.17104418343376668,0.0,-0.17104418343376668,-0.17104418343376668,0.9774363407264419,0.0,0.9774363407264419,0.9774363407264419,0.9384303516557586,0.0,0.9384303516557586,0.9384303516557586,0.03900598907068331,0.0,0.03900598907068331,0.03900598907068331,0.03900598907068331,0.0,0.03900598907068331,0.03900598907068331
42,header,mid_density,class_conditional,important,0.1,1,235461,8,"{""high_quantile"": 0.75, ""label_0_q_high"": -0.0001105964183807373, ""label_0_q_low"": -0.01350836269557476, ""label_1_q_high"": -1.1920928955078125e-07, ""label_1_q_low"": -0.029636161401867867, ""low_quantile"": 0.25}",0.21632457179745265,0.0,0.21632457179745265,0.21632457179745265,0.1262884299310714,0.0,0.1262884299310714,0.1262884299310714,0.04336174568187513,0.0,0.04336174568187513,0.04336174568187513,0.24780206501720847,0.0,0.24780206501720847,0.24780206501720847,0.08842736138296582,0.0,0.08842736138296582,0.08842736138296582,0.35697077009396544,0.0,0.35697077009396544,0.35697077009396544,0.07800420249028721,0.0,0.07800420249028721,0.07800420249028721,-0.3279871218057034,0.0,-0.3279871218057034,-0.3279871218057034,0.9774363407264419,0.0,0.9774363407264419,0.9774363407264419,0.8743158906726433,0.0,0.8743158906726433,0.8743158906726433,0.10312045005379866,0.0,0.10312045005379866,0.10312045005379866,0.10312045005379866,0.0,0.10312045005379866,0.10312045005379866
42,header,mid_density,class_conditional,random,0.01,20,235461,1,"{""high_quantile"": 0.75, ""label_0_q_high"": -0.0001105964183807373, ""label_0_q_low"": -0.01350836269557476, ""label_1_q_high"": -1.1920928955078125e-07, ""label_1_q_low"": -0.029636161401867867, ""low_quantile"": 0.25}",0.01160064724094436,0.015112128242982463,0.0,0.052157257465142846,0.002754171603790012,0.004876978035820676,0.0,0.016478312756677327,0.004983203163156531,0.007363512961698037,0.0,0.026203914873376057,0.005404211701764181,0.009569564123804135,0.0,0.03233360278002317,0.010162217872546812,0.0150163701085585,0.0,0.053437494586963674,0.030297758398365442,0.03280980283464014,1.6690662147871677e-05,0.09525422847289998,-0.0023156169410297506,0.01940668319401316,-0.03821474792578252,0.04242205616671604,-0.02635272921692588,0.028392396675572754,-0.08637566669133215,-1.66906621478716e-05,0.9774363407264419,0.0,0.9774363407264419,0.9774363407264419,0.9762454690633676,0.0022867126427992446,0.967923561676156,0.9781037252380526,0.0011908716630741334,0.002286712642799245,-0.0006673845116106358,0.009512779050285913,0.0011908716630741334,0.002286712642799245,-0.0006673845116106358,0.009512779050285913
42,header,mid_density,class_conditional,random,0.05,20,235461,4,"{""high_quantile"": 0.75, ""label_0_q_high"": -0.0001105964183807373, ""label_0_q_low"": -0.01350836269557476, ""label_1_q_high"": -1.1920928955078125e-07, ""label_1_q_low"": -0.029636161401867867, ""low_quantile"": 0.25}",0.02501773117416472,0.021031618605711705,0.0018304517520948268,0.07306517852213318,0.00860928136719032,0.011645075756546145,4.246987823885909e-05,0.04101740840309011,0.007008591656367721,0.0083488716272147,0.00011466867124491955,0.03371258934600634,0.016893057442145348,0.02284986693815874,8.333402778356486e-05,0.08048400403336695,0.014292581108936275,0.01702580643168835,0.00023384316918120248,0.06874989173927352,0.0689027895950924,0.046047246927818176,0.006211768814476268,0.15849187555895136,0.007168011570384217,0.02735298716815706,-0.03821135492652197,0.050511958020644475,-0.06067783791514657,0.042176294486882426,-0.14824384160171686,-0.005740847096395618,0.9774363407264419,0.0,0.9774363407264419,0.9774363407264419,0.972618999428016,0.0063279655018121895,0.9560795170238691,0.9781616174222307,0.004817341298425776,0.0063279655018121895,-0.0007252766957888124,0.021356823702572858,0.004817341298425776,0.0063279655018121895,-0.0007252766957888124,0.021356823702572858
42,header,mid_density,class_conditional,random,0.1,20,235461,8,"{""high_quantile"": 0.75, ""label_0_q_high"": -0.0001105964183807373, ""label_0_q_low"": -0.01350836269557476, ""label_1_q_high"": -1.1920928955078125e-07, ""label_1_q_low"": -0.029636161401867867, ""low_quantile"": 0.25}",0.05189394422006192,0.03373321174661086,0.004854307082701594,0.11305481587184289,0.022499479743991576,0.021425773364232934,0.0006243072101112286,0.07175710627237632,0.012676621606125853,0.012164004174111315,0.0017115360930260214,0.047850811811722536,0.04414828456903807,0.04204146719652373,0.0012250102084184035,0.14080117334311118,0.02585136235298193,0.024805984538986196,0.0034903258214823924,0.09758188841350401,0.1219004286059491,0.05871353870624526,0.020624488855853326,0.24557829446173943,0.011137705162910775,0.0385025536477844,-0.05053293390882262,0.08205408643255536,-0.10781849523659533,0.05292793500015258,-0.21297461046328395,-0.019268596188144353,0.9774363407264419,0.0,0.9774363407264419,0.9774363407264419,0.9662823593851065,0.010018612053581727,0.9449470365773109,0.9787095689681637,0.01115398134133545,0.010018612053581727,-0.0012732282417218244,0.03248930414913098,0.01115398134133545,0.010018612053581727,-0.0012732282417218244,0.03248930414913098
42,imports,high_density,class_conditional,important,0.01,1,175353,13,"{""high_quantile"": 0.75, ""label_0_q_high"": -1.1920928955078125e-07, ""label_0_q_low"": -0.4243742525577545, ""label_1_q_high"": -1.1920928955078125e-07, ""label_1_q_low"": -0.140329048037529, ""low_quantile"": 0.25}",0.07159273009301238,0.0,0.07159273009301238,0.07159273009301238,0.025457220577919968,0.0,0.025457220577919968,0.025457220577919968,0.0320838537122262,0.0,0.0320838537122262,0.0320838537122262,0.04676353198755487,0.0,0.04676353198755487,0.04676353198755487,0.0704183042531354,0.0,0.0704183042531354,0.0704183042531354,0.09803540282902266,0.0,0.09803540282902266,0.09803540282902266,-0.053894541284114764,0.0,-0.053894541284114764,-0.053894541284114764,-0.08796854858766273,0.0,-0.08796854858766273,-0.08796854858766273,0.8470444833055522,0.0,0.8470444833055522,0.8470444833055522,0.830302890136143,0.0,0.830302890136143,0.830302890136143,0.016741593169409152,0.0,0.016741593169409152,0.016741593169409152,0.016741593169409152,0.0,0.016741593169409152,0.016741593169409152
42,imports,high_density,class_conditional,important,0.05,1,175353,65,"{""high_quantile"": 0.75, ""label_0_q_high"": -1.1920928955078125e-07, ""label_0_q_low"": -0.4243742525577545, ""label_1_q_high"": -1.1920928955078125e-07, ""label_1_q_low"": -0.140329048037529, ""low_quantile"": 0.25}",0.16779866897059076,0.0,0.16779866897059076,0.16779866897059076,0.025457220577919968,0.0,0.025457220577919968,0.025457220577919968,0.12690401646963553,0.0,0.12690401646963553,0.12690401646963553,0.04676353198755487,0.0,0.04676353198755487,0.04676353198755487,0.27853155430946,0.0,0.27853155430946,0.27853155430946,0.16568110682754517,0.0,0.16568110682754517,0.16568110682754517,-0.11582347959870996,0.0,-0.11582347959870996,-0.11582347959870996,-0.14705416358201404,0.0,-0.14705416358201404,-0.14705416358201404,0.8470444833055522,0.0,0.8470444833055522,0.8470444833055522,0.7853287286533358,0.0,0.7853287286533358,0.7853287286533358,0.06171575465221635,0.0,0.06171575465221635,0.06171575465221635,0.06171575465221635,0.0,0.06171575465221635,0.06171575465221635
42,imports,high_density,class_conditional,important,0.1,1,175353,129,"{""high_quantile"": 0.75, ""label_0_q_high"": -1.1920928955078125e-07, ""label_0_q_low"": -0.4243742525577545, ""label_1_q_high"": -1.1920928955078125e-07, ""label_1_q_low"": -0.140329048037529, ""low_quantile"": 0.25}",0.16035653795486818,0.0,0.16035653795486818,0.16035653795486818,0.021294189435025347,0.0,0.021294189435025347,0.021294189435025347,0.1250734233232394,0.0,0.1250734233232394,0.1250734233232394,0.03911626981217067,0.0,0.03911626981217067,0.03911626981217067,0.2745137306931684,0.0,0.2745137306931684,0.2745137306931684,0.16917993817776986,0.0,0.16917993817776986,0.16917993817776986,-0.11655419987834656,0.0,-0.11655419987834656,-0.11655419987834656,-0.15098148764757024,0.0,-0.15098148764757024,-0.15098148764757024,0.8470444833055522,0.0,0.8470444833055522,0.8470444833055522,0.7889905617862092,0.0,0.7889905617862092,0.7889905617862092,0.058053921519342966,0.0,0.058053921519342966,0.058053921519342966,0.058053921519342966,0.0,0.058053921519342966,0.058053921519342966
42,imports,high_density,class_conditional,random,0.01,20,175353,13,"{""high_quantile"": 0.75, ""label_0_q_high"": -1.1920928955078125e-07, ""label_0_q_low"": -0.4243742525577545, ""label_1_q_high"": -1.1920928955078125e-07, ""label_1_q_low"": -0.140329048037529, ""low_quantile"": 0.25}",0.000666084982863139,0.0012829734470094938,0.0,0.006079166025103648,4.2200589667698875e-05,0.00018394810571932608,0.0,0.0008440117933539774,0.00027031188516877386,0.00026582796919558924,0.0,0.0005360615444275262,7.752019191485349e-05,0.0003379026826407252,0.0,0.00155040383829707,0.0005932861040879165,0.0005834447127738523,0.0,0.0011765589405962902,0.007737815298807999,0.008619728828395814,0.0007883929983578809,0.03219013257746764,-0.003625404584288571,0.004293148655965686,-0.018432952729071177,0.0005307973469081245,-0.007040635564505339,0.007999684068207119,-0.029445351470162317,-0.0006088012498304134,0.8470444833055522,0.0,0.8470444833055522,0.8470444833055522,0.847603552979128,0.0021116795301704097,0.8462175710658943,0.8539033722951328,-0.0005590696735758738,0.0021116795301704097,-0.006858888989580647,0.0008269122396578066,-0.0005590696735758738,0.0021116795301704097,-0.006858888989580647,0.0008269122396578066
42,imports,high_density,class_conditional,random,0.05,20,175353,65,"{""high_quantile"": 0.75, ""label_0_q_high"": -1.1920928955078125e-07, ""label_0_q_low"": -0.4243742525577545, ""label_1_q_high"": -1.1920928955078125e-07, ""label_1_q_low"": -0.140329048037529, ""low_quantile"": 0.25}",0.0031992609194025764,0.0029136736898138214,0.0,0.008970476695579774,0.0006598119222368593,0.0011262845065157564,0.0,0.0038950003706808554,0.00047047954697096716,0.00019156171489819368,0.0,0.0005588726739776337,0.0012120386762903446,0.0020689234862198164,0.0,0.007154904199708776,0.001032618219140361,0.0004204436051836553,0.0,0.0012266252784940046,0.027944219901214457,0.01055309863141516,0.010366134203454114,0.04937186557323846,-0.014515637194533845,0.00607016035389394,-0.026469425637129194,-0.003048384634566323,-0.026414235080738112,0.00991381883815256,-0.04740333999278774,-0.010347412861618983,0.8470444833055522,0.0,0.8470444833055522,0.8470444833055522,0.8480264602059089,0.002650052812665811,0.844538638810347,0.8538369752229604,-0.000981976900356707,0.002650052812665811,-0.006792491917408272,0.0025058444952051895,-0.000981976900356707,0.002650052812665811,-0.006792491917408272,0.0025058444952051895
42,imports,high_density,class_conditional,random,0.1,20,175353,129,"{""high_quantile"": 0.75, ""label_0_q_high"": -1.1920928955078125e-07, ""label_0_q_low"": -0.4243742525577545, ""label_1_q_high"": -1.1920928955078125e-07, ""label_1_q_low"": -0.140329048037529, ""low_quantile"": 0.25}",0.007677085650088679,0.008573726529220503,0.0011861787366055899,0.03638375163242146,0.002709391912314018,0.005486656952390648,0.0,0.02493826738065502,0.0009221399120630955,0.001583445180313658,0.0005588726739776337,0.007824217435686872,0.0049770058349657975,0.010078690920421931,0.0,0.04581024314103437,0.002023931709515108,0.003475378159856071,0.0012266252784940046,0.017172753898916066,0.04092121058689398,0.011390347131620205,0.026470006097333992,0.06262144493923404,-0.01796871061137527,0.008424081754315338,-0.04500308072959475,-0.009071184282799693,-0.03902019074561244,0.010989391144508911,-0.060329906099325314,-0.02448840438822907,0.8470444833055522,0.0,0.8470444833055522,0.8470444833055522,0.8514810886019267,0.0030746119010305693,0.8427792319145038,0.853996008315812,-0.00443660529637459,0.0030746119010305693,-0.0069515250102598625,0.004265251391048386,-0.00443660529637459,0.0030746119010305693,-0.0069515250102598625,0.004265251391048386
42,imports,low_density,class_conditional,important,0.01,1,120001,13,"{""high_quantile"": 0.75, ""label_0_q_high"": -1.1920928955078125e-07, ""label_0_q_low"": -0.4243742525577545, ""label_1_q_high"": -1.1920928955078125e-07, ""label_1_q_low"": -0.140329048037529, ""low_quantile"": 0.25}",0.07779101840817994,0.0,0.07779101840817994,0.07779101840817994,0.0006083282639311339,0.0,0.0006083282639311339,0.0006083282639311339,0.06917442354647045,0.0,0.06917442354647045,0.06917442354647045,0.0012166666666666667,0.0,0.0012166666666666667,0.0012166666666666667,0.13834769420509657,0.0,0.13834769420509657,0.13834769420509657,0.10393456445290802,0.0,0.10393456445290802,0.10393456445290802,-0.03911415733227479,0.0,-0.03911415733227479,-0.03911415733227479,-0.09189157413821675,0.0,-0.09189157413821675,-0.09189157413821675,0.9304969378288139,0.0,0.9304969378288139,0.9304969378288139,0.9249858781520307,0.0,0.9249858781520307,0.9249858781520307,0.005511059676783225,0.0,0.005511059676783225,0.005511059676783225,0.005511059676783225,0.0,0.005511059676783225,0.005511059676783225
42,imports,low_density,class_conditional,important,0.05,1,120001,65,"{""high_quantile"": 0.75, ""label_0_q_high"": -1.1920928955078125e-07, ""label_0_q_low"": -0.4243742525577545, ""label_1_q_high"": -1.1920928955078125e-07, ""label_1_q_low"": -0.140329048037529, ""low_quantile"": 0.25}",0.19505670786076781,0.0,0.19505670786076781,0.19505670786076781,0.0014166548612094898,0.0,0.0014166548612094898,0.0014166548612094898,0.1822318147348772,0.0,0.1822318147348772,0.1822318147348772,0.0028333333333333335,0.0,0.0028333333333333335,0.0028333333333333335,0.3644605923234613,0.0,0.3644605923234613,0.3644605923234613,0.1746785694516376,0.0,0.1746785694516376,0.1746785694516376,-0.03334310844002841,0.0,-0.03334310844002841,-0.03334310844002841,-0.15030692069109253,0.0,-0.15030692069109253,-0.15030692069109253,0.9304969378288139,0.0,0.9304969378288139,0.9304969378288139,0.9000848821964078,0.0,0.9000848821964078,0.9000848821964078,0.03041205563240612,0.0,0.03041205563240612,0.03041205563240612,0.03041205563240612,0.0,0.03041205563240612,0.03041205563240612
42,imports,low_density,class_conditional,important,0.1,1,120001,129,"{""high_quantile"": 0.75, ""label_0_q_high"": -1.1920928955078125e-07, ""label_0_q_low"": -0.4243742525577545, ""label_1_q_high"": -1.1920928955078125e-07, ""label_1_q_low"": -0.140329048037529, ""low_quantile"": 0.25}",0.21132323897300856,0.0,0.21132323897300856,0.21132323897300856,0.0032916392363396972,0.0,0.0032916392363396972,0.0032916392363396972,0.19595670036083032,0.0,0.19595670036083032,0.19595670036083032,0.006583333333333333,0.0,0.006583333333333333,0.006583333333333333,0.39191013483108617,0.0,0.39191013483108617,0.39191013483108617,0.1950497786501507,0.0,0.1950497786501507,0.1950497786501507,-0.01775413444116655,0.0,-0.01775413444116655,-0.01775413444116655,-0.1695719901438901,0.0,-0.1695719901438901,-0.1695719901438901,0.9304969378288139,0.0,0.9304969378288139,0.9304969378288139,0.8772422895729516,0.0,0.8772422895729516,0.8772422895729516,0.05325464825586235,0.0,0.05325464825586235,0.05325464825586235,0.05325464825586235,0.0,0.05325464825586235,0.05325464825586235
42,imports,low_density,class_conditional,random,0.01,20,120001,13,"{""high_quantile"": 0.75, ""label_0_q_high"": -1.1920928955078125e-07, ""label_0_q_low"": -0.4243742525577545, ""label_1_q_high"": -1.1920928955078125e-07, ""label_1_q_low"": -0.140329048037529, ""low_quantile"": 0.25}",0.005867451104574129,0.004233302074843006,0.002358313680719327,0.017283189306755778,0.0005595786701777485,0.0007620735655447745,8.333263889467587e-05,0.0027583103474137717,0.0031845567953600385,0.002145499532856476,0.0007499937500520828,0.0076749360421996485,0.0011191666666666667,0.0015241598323156413,0.00016666666666666666,0.005516666666666666,0.006369060515658072,0.0042909633079833654,0.0014999750004166597,0.015349744170930485,0.01167393363436066,0.012489110050018548,0.003140536942740819,0.046127951195744595,-0.0006467836803960665,0.003543802806611095,-0.010302789749417169,0.005252326616277288,-0.00894207685377416,0.012387548205767105,-0.04337727960167126,-0.0011283044877748098,0.9304969378288138,1.1102230246251565e-16,0.9304969378288139,0.9304969378288139,0.9307222772398237,0.0008966256715601648,0.9290098108087087,0.9327339658227918,-0.000225339411009845,0.0008966256715601648,-0.002237027993977847,0.0014871270201052278,-0.000225339411009845,0.0008966256715601648,-0.002237027993977847,0.0014871270201052278
42,imports,low_density,class_conditional,random,0.05,20,120001,65,"{""high_quantile"": 0.75, ""label_0_q_high"": -1.1920928955078125e-07, ""label_0_q_low"": -0.4243742525577545, ""label_1_q_high"": -1.1920928955078125e-07, ""label_1_q_low"": -0.140329048037529, ""low_quantile"": 0.25}",0.01593070057749519,0.005290363966053685,0.009108257431188073,0.030549745418788177,0.0015712369063591136,0.001461276435435902,0.0003416638194681711,0.005474954375380205,0.010055332872226066,0.0026842273132247634,0.006358280347663769,0.01814151548737094,0.0031425000000000003,0.0029225772254790616,0.0006833333333333333,0.01095,0.020110498158364028,0.005368409890073245,0.012716454725754571,0.03628272862118965,0.03336286956000737,0.016827898420325626,0.012659232141368045,0.07061569978074117,-0.0031233524635530105,0.005902373974781927,-0.011861397723038363,0.008562566241668793,-0.02734029945361559,0.017897515872568794,-0.06581145264552522,-0.007439983048397368,0.9304969378288138,1.1102230246251565e-16,0.9304969378288139,0.9304969378288139,0.931230455186858,0.00150267324834242,0.927426937745482,0.9335831877802037,-0.0007335173580440724,0.00150267324834242,-0.00308624995138973,0.003070000083331914,-0.0007335173580440724,0.00150267324834242,-0.00308624995138973,0.003070000083331914
42,imports,low_density,class_conditional,random,0.1,20,120001,129,"{""high_quantile"": 0.75, ""label_0_q_high"": -1.1920928955078125e-07, ""label_0_q_low"": -0.4243742525577545, ""label_1_q_high"": -1.1920928955078125e-07, ""label_1_q_low"": -0.140329048037529, ""low_quantile"": 0.25}",0.02551228739760502,0.0057082617376709634,0.01540820493162557,0.03764135298872509,0.0019487337605519953,0.0011461382087378832,0.0010416579861834486,0.006316614028216432,0.017865267789435087,0.005631352687782097,0.009508254097882517,0.03119974000216665,0.0038975000000000004,0.0022922955197792454,0.0020833333333333333,0.012633333333333333,0.035730237829369516,0.011262611521250302,0.01901634972750454,0.06239896001733304,0.04263816791431786,0.010866913875044223,0.028837390878235152,0.07950860613841243,-0.00739945368762279,0.007704405324088476,-0.02572104676866245,0.009313675898631536,-0.0322674227547264,0.011028447160069068,-0.07314456484119734,-0.01902649878998766,0.9304969378288138,1.1102230246251565e-16,0.9304969378288139,0.9304969378288139,0.9328218105601016,0.0012201341277046033,0.9307354491314033,0.9347167030549491,-0.002324872731287836,0.0012201341277046035,-0.004219765226135208,-0.00023851130258933928,-0.002324872731287836,0.0012201341277046035,-0.004219765226135208,-0.00023851130258933928
42,imports,mid_density,class_conditional,important,0.01,1,184646,13,"{""high_quantile"": 0.75, ""label_0_q_high"": -1.1920928955078125e-07, ""label_0_q_low"": -0.4243742525577545, ""label_1_q_high"": -1.1920928955078125e-07, ""label_1_q_low"": -0.140329048037529, ""low_quantile"": 0.25}",0.06401438428127336,0.0,0.06401438428127336,0.06401438428127336,0.0012889529153082115,0.0,0.0012889529153082115,0.0012889529153082115,0.047371727521852626,0.0,0.047371727521852626,0.047371727521852626,0.002815202091292982,0.0,0.002815202091292982,0.002815202091292982,0.08737825283452375,0.0,0.08737825283452375,0.08737825283452375,0.1697140138477361,0.0,0.1697140138477361,0.1697140138477361,-0.07790479346856999,0.0,-0.07790479346856999,-0.07790479346856999,-0.15755689304418694,0.0,-0.15755689304418694,-0.15755689304418694,0.9759676066487812,0.0,0.9759676066487812,0.9759676066487812,0.9689328365115377,0.0,0.9689328365115377,0.9689328365115377,0.007034770137243518,0.0,0.007034770137243518,0.007034770137243518,0.007034770137243518,0.0,0.007034770137243518,0.007034770137243518
42,imports,mid_density,class_conditional,important,0.05,1,184646,65,"{""high_quantile"": 0.75, ""label_0_q_high"": -1.1920928955078125e-07, ""label_0_q_low"": -0.4243742525577545, ""label_1_q_high"": -1.1920928955078125e-07, ""label_1_q_low"": -0.140329048037529, ""low_quantile"": 0.25}",0.21685278857922727,0.0,0.21685278857922727,0.21685278857922727,0.0012618740725496354,0.0,0.0012618740725496354,0.0012618740725496354,0.19242225664244011,0.0,0.19242225664244011,0.19242225664244011,0.0027560591902153985,0.0,0.0027560591902153985,0.0027560591902153985,0.3549273263073773,0.0,0.3549273263073773,0.3549273263073773,0.30705421190215176,0.0,0.30705421190215176,0.30705421190215176,-0.14275183968875788,0.0,-0.14275183968875788,-0.14275183968875788,-0.2872843557680649,0.0,-0.2872843557680649,-0.2872843557680649,0.9759676066487812,0.0,0.9759676066487812,0.9759676066487812,0.9458124211413339,0.0,0.9458124211413339,0.9458124211413339,0.030155185507447335,0.0,0.030155185507447335,0.030155185507447335,0.030155185507447335,0.0,0.030155185507447335,0.030155185507447335
42,imports,mid_density,class_conditional,important,0.1,1,184646,129,"{""high_quantile"": 0.75, ""label_0_q_high"": -1.1920928955078125e-07, ""label_0_q_low"": -0.4243742525577545, ""label_1_q_high"": -1.1920928955078125e-07, ""label_1_q_low"": -0.140329048037529, ""low_quantile"": 0.25}",0.22523098252873064,0.0,0.22523098252873064,0.22523098252873064,0.0023287804772375246,0.0,0.0023287804772375246,0.0023287804772375246,0.19871537969953315,0.0,0.19871537969953315,0.19871537969953315,0.005086289492672195,0.0,0.005086289492672195,0.005086289492672195,0.3665351381049898,0.0,0.3665351381049898,0.3665351381049898,0.32911271775304973,0.0,0.32911271775304973,0.32911271775304973,-0.1314021430086509,0.0,-0.1314021430086509,-0.1314021430086509,-0.30653899049615335,0.0,-0.30653899049615335,-0.30653899049615335,0.9759676066487812,0.0,0.9759676066487812,0.9759676066487812,0.9291572799601925,0.0,0.9291572799601925,0.9291572799601925,0.046810326688588755,0.0,0.046810326688588755,0.046810326688588755,0.046810326688588755,0.0,0.046810326688588755,0.046810326688588755
42,imports,mid_density,class_conditional,random,0.01,20,184646,13,"{""high_quantile"": 0.75, ""label_0_q_high"": -1.1920928955078125e-07, ""label_0_q_low"": -0.4243742525577545, ""label_1_q_high"": -1.1920928955078125e-07, ""label_1_q_low"": -0.140329048037529, ""low_quantile"": 0.25}",0.002771248767912655,0.0028344044958213805,0.0008340283569641367,0.010956099780119797,0.0009965014135155919,0.0022376714398411606,0.00017330459365488558,0.01059324328715488,0.0006750755499712964,0.0008671274195507416,1.624730565514552e-05,0.003336113427856547,0.0021764587596550785,0.004887298242047184,0.0003785145668965354,0.02313670290155073,0.0012451925478247842,0.0015994366865827504,2.9968533040307675e-05,0.006153538784276509,0.017781404136876164,0.01743392904594281,0.003786229050049698,0.06856298476067975,-0.0045510038417848,0.005580627747314952,-0.020779548165356408,0.0038977607652661587,-0.01617949365046409,0.016992681391188397,-0.06558248811185682,-0.002895769873998411,0.975967606648781,2.220446049250313e-16,0.9759676066487812,0.9759676066487812,0.9760943664756981,0.0007413692747051537,0.9733291910517058,0.9769775600253462,-0.0001267598269165615,0.0007413692747051537,-0.0010099533765649538,0.0026384155970754497,-0.0001267598269165615,0.0007413692747051537,-0.0010099533765649538,0.0026384155970754497
42,imports,mid_density,class_conditional,random,0.05,20,184646,65,"{""high_quantile"": 0.75, ""label_0_q_high"": -1.1920928955078125e-07, ""label_0_q_low"": -0.4243742525577545, ""label_1_q_high"": -1.1920928955078125e-07, ""label_1_q_low"": -0.140329048037529, ""low_quantile"": 0.25}",0.0076532933288562975,0.005051094946284049,0.002854110026753897,0.02417057504630482,0.001974047637100181,0.0027073732498748807,0.0004765876325509353,0.013436521776805346,0.002144644346479209,0.001490705419566965,0.0005036664753095112,0.00562156775668035,0.0043115174885558485,0.005913173975898053,0.0010409150589654724,0.02934670751469701,0.003955846361320613,0.002749640806167143,0.000929024524249538,0.010369112431946456,0.05886814362709295,0.025118222583567586,0.022266916323700384,0.1154506237793672,-0.019069202344695987,0.006438820656912391,-0.03885245831825513,-0.009704497448202874,-0.05577753169720858,0.024683964527182786,-0.11009772121039753,-0.020677086690997104,0.975967606648781,2.220446049250313e-16,0.9759676066487812,0.9759676066487812,0.9760226487085355,0.001156244474540215,0.9728281795757562,0.9777389783357677,-5.504205975434551e-05,0.0011562444745402151,-0.0017713716869864893,0.0031394270730250584,-5.504205975434551e-05,0.0011562444745402151,-0.0017713716869864893,0.0031394270730250584
42,imports,mid_density,class_conditional,random,0.1,20,184646,129,"{""high_quantile"": 0.75, ""label_0_q_high"": -1.1920928955078125e-07, ""label_0_q_low"": -0.4243742525577545, ""label_1_q_high"": -1.1920928955078125e-07, ""label_1_q_low"": -0.140329048037529, ""low_quantile"": 0.25}",0.0160176770685528,0.006045947114542915,0.007511670981228946,0.03149269412822374,0.0026217735558853156,0.001194333410941437,0.0011968848499290534,0.005394105477508313,0.006947347898140226,0.004331715256521987,0.0019063505302037412,0.01885229032852052,0.005726215682331651,0.002608543629679003,0.0026141162276291977,0.011781265894654665,0.012814544728035565,0.007989949505576731,0.003516307876729434,0.03477348783777034,0.08735382873643516,0.020361843797509212,0.05741370387037246,0.1422895520067296,-0.03127974952367552,0.012676355040888583,-0.0703907434774149,-0.009780101247912286,-0.08113405763035983,0.019960395666474173,-0.1380407175762948,-0.05264007766034795,0.975967606648781,2.220446049250313e-16,0.9759676066487812,0.9759676066487812,0.9745259644812414,0.001462357897507784,0.9710919142120938,0.9771708046173713,0.0014416421675398083,0.001462357897507784,-0.0012031979685900307,0.0048756924366873955,0.0014416421675398083,0.001462357897507784,-0.0012031979685900307,0.0048756924366873955
77,header,high_density,class_conditional,important,0.01,1,123083,1,"{""high_quantile"": 0.75, ""label_0_q_high"": -0.00011218190047657117, ""label_0_q_low"": -0.013048851862549782, ""label_1_q_high"": -1.7881393432617188e-07, ""label_1_q_low"": -0.03223206847906113, ""low_quantile"": 0.25}",0.01082196566544527,0.0,0.01082196566544527,0.01082196566544527,0.010537604705767653,0.0,0.010537604705767653,0.010537604705767653,0.0,0.0,0.0,0.0,0.02161630639489342,0.0,0.02161630639489342,0.02161630639489342,0.0,0.0,0.0,0.0,0.03872777671242009,0.0,0.03872777671242009,0.03872777671242009,0.027481633639543843,0.0,0.027481633639543843,0.027481633639543843,-0.035180460440135335,0.0,-0.035180460440135335,-0.035180460440135335,0.9996622150027353,0.0,0.9996622150027353,0.9996622150027353,0.9984315400171186,0.0,0.9984315400171186,0.9984315400171186,0.0012306749856166865,0.0,0.0012306749856166865,0.0012306749856166865,0.0012306749856166865,0.0,0.0012306749856166865,0.0012306749856166865
77,header,high_density,class_conditional,important,0.05,1,123083,4,"{""high_quantile"": 0.75, ""label_0_q_high"": -0.00011218190047657117, ""label_0_q_low"": -0.013048851862549782, ""label_1_q_high"": -1.7881393432617188e-07, ""label_1_q_low"": -0.03223206847906113, ""low_quantile"": 0.25}",0.021505813150475696,0.0,0.021505813150475696,0.021505813150475696,0.01798786184932119,0.0,0.01798786184932119,0.01798786184932119,6.499679078345506e-05,0.0,6.499679078345506e-05,6.499679078345506e-05,0.03689938501024983,0.0,0.03689938501024983,0.03689938501024983,0.000126819060904854,0.0,0.000126819060904854,0.000126819060904854,0.1726661670378477,0.0,0.1726661670378477,0.1726661670378477,0.12565943654718897,0.0,0.12565943654718897,0.12565943654718897,-0.16661114904813368,0.0,-0.16661114904813368,-0.16661114904813368,0.9996622150027353,0.0,0.9996622150027353,0.9996622150027353,0.9983777496842192,0.0,0.9983777496842192,0.9983777496842192,0.0012844653185161148,0.0,0.0012844653185161148,0.0012844653185161148,0.0012844653185161148,0.0,0.0012844653185161148,0.0012844653185161148
77,header,high_density,class_conditional,important,0.1,1,123083,8,"{""high_quantile"": 0.75, ""label_0_q_high"": -0.00011218190047657117, ""label_0_q_low"": -0.013048851862549782, ""label_1_q_high"": -1.7881393432617188e-07, ""label_1_q_low"": -0.03223206847906113, ""low_quantile"": 0.25}",0.0800922954429125,0.0,0.0800922954429125,0.0800922954429125,0.07503879495949888,0.0,0.07503879495949888,0.07503879495949888,0.0,0.0,0.0,0.0,0.15393076782053633,0.0,0.15393076782053633,0.15393076782053633,0.0,0.0,0.0,0.0,0.3828353208313467,0.0,0.3828353208313467,0.3828353208313467,0.06604785398742696,0.0,0.06604785398742696,0.06604785398742696,-0.37019601167086597,0.0,-0.37019601167086597,-0.37019601167086597,0.9996622150027353,0.0,0.9996622150027353,0.9996622150027353,0.9852637059950802,0.0,0.9852637059950802,0.9852637059950802,0.014398509007655158,0.0,0.014398509007655158,0.014398509007655158,0.014398509007655158,0.0,0.014398509007655158,0.014398509007655158
77,header,high_density,class_conditional,random,0.01,20,123083,1,"{""high_quantile"": 0.75, ""label_0_q_high"": -0.00011218190047657117, ""label_0_q_low"": -0.013048851862549782, ""label_1_q_high"": -1.7881393432617188e-07, ""label_1_q_low"": -0.03223206847906113, ""low_quantile"": 0.25}",0.0003680443278113143,0.0010070213311620143,0.0,0.0033798331207396635,6.377810095626528e-05,0.00015276136414978128,0.0,0.0004956005297238449,0.0,0.0,0.0,0.0,0.00013083115281411974,0.0003133668936125653,0.0,0.0010166497225046248,0.0,0.0,0.0,0.0,0.011447405068291231,0.02075520529558375,5.987102464149782e-20,0.08684304596613146,-0.003306703163192213,0.020245128819452608,-0.08161221645109445,0.035990739389640355,-0.011247791777908921,0.02071317894666031,-0.08676426547579902,5.051265355817519e-20,0.9996622150027354,1.1102230246251565e-16,0.9996622150027353,0.9996622150027353,0.9996306831775161,0.00016812008114639045,0.9989960335574362,0.9998036666257417,3.153182521932196e-05,0.00016812008114639048,-0.00014145162300638336,0.0006661814452991743,3.153182521932196e-05,0.00016812008114639048,-0.00014145162300638336,0.0006661814452991743
77,header,high_density,class_conditional,random,0.05,20,123083,4,"{""high_quantile"": 0.75, ""label_0_q_high"": -0.00011218190047657117, ""label_0_q_low"": -0.013048851862549782, ""label_1_q_high"": -1.7881393432617188e-07, ""label_1_q_low"": -0.03223206847906113, ""low_quantile"": 0.25}",0.006436307207331636,0.010614547452492318,0.0,0.03874621190578715,0.005465011415061382,0.010406397207578246,0.0,0.03747064988666184,0.0002965478579495137,0.0006533637515210134,0.0,0.002161143293549881,0.01121064648922518,0.02134715400577246,0.0,0.07686538557690706,0.0005786119653783964,0.0012748164393719431,0.0,0.0042167337750863955,0.07464678211369483,0.041368230203648694,0.007327124353421925,0.16252215872149514,-0.021324345362157916,0.03766343593494743,-0.11253049395210822,0.03718379999207132,-0.07326603176232235,0.04052943949150645,-0.16234786902485612,-0.007304767047439201,0.9996622150027354,1.1102230246251565e-16,0.9996622150027353,0.9996622150027353,0.9990073976703181,0.0008616604633679659,0.9957752236526378,0.9997989271065387,0.0006548173324172791,0.000861660463367966,-0.0001367121038033936,0.003886991350097513,0.0006548173324172791,0.000861660463367966,-0.0001367121038033936,0.003886991350097513
77,header,high_density,class_conditional,random,0.1,20,123083,8,"{""high_quantile"": 0.75, ""label_0_q_high"": -0.00011218190047657117, ""label_0_q_low"": -0.013048851862549782, ""label_1_q_high"": -1.7881393432617188e-07, ""label_1_q_low"": -0.03223206847906113, ""low_quantile"": 0.25}",0.014391101939341743,0.01742442866157377,0.000138118180414842,0.05991079190464971,0.012448104124858837,0.01666466299932221,4.062299423965942e-05,0.05708343150556941,0.00015599229788029216,0.00048184830665589295,0.0,0.002161143293549881,0.02553540774320428,0.034185042181723226,8.333194446759221e-05,0.11709804836586057,0.00030436574617164955,0.0009401625682148203,0.0,0.0042167337750863955,0.10100852245190624,0.041185219870527146,0.03097309588639438,0.1810970777787798,-0.007835771592929277,0.03948177332660447,-0.09283773562666975,0.09562456806871322,-0.09789169633216302,0.0404265128813883,-0.17894091741711807,-0.030532159321826048,0.9996622150027354,1.1102230246251565e-16,0.9996622150027353,0.9996622150027353,0.9989354929697939,0.0013290515439755713,0.9942956656523306,0.9998379225252241,0.0007267220329414181,0.0013290515439755715,-0.00017570752248874388,0.0053665493504047035,0.0007267220329414181,0.0013290515439755715,-0.00017570752248874388,0.0053665493504047035
77,header,low_density,class_conditional,important,0.01,1,120039,1,"{""high_quantile"": 0.75, ""label_0_q_high"": -0.00011218190047657117, ""label_0_q_low"": -0.013048851862549782, ""label_1_q_high"": -1.7881393432617188e-07, ""label_1_q_low"": -0.03223206847906113, ""low_quantile"": 0.25}",0.07771640883379569,0.0,0.07771640883379569,0.07771640883379569,0.050808487241646466,0.0,0.050808487241646466,0.050808487241646466,0.0020576645923408225,0.0,0.0020576645923408225,0.0020576645923408225,0.10164830586156898,0.0,0.10164830586156898,0.10164830586156898,0.004114061094640061,0.0,0.004114061094640061,0.004114061094640061,0.08596479866589621,0.0,0.08596479866589621,0.08596479866589621,0.0722657947011622,0.0,0.0722657947011622,0.0722657947011622,-0.03587540699405981,0.0,-0.03587540699405981,-0.03587540699405981,0.9653600507770832,0.0,0.9653600507770832,0.9653600507770832,0.949844329631827,0.0,0.949844329631827,0.949844329631827,0.015515721145256234,0.0,0.015515721145256234,0.015515721145256234,0.015515721145256234,0.0,0.015515721145256234,0.015515721145256234
77,header,low_density,class_conditional,important,0.05,1,120039,4,"{""high_quantile"": 0.75, ""label_0_q_high"": -0.00011218190047657117, ""label_0_q_low"": -0.013048851862549782, ""label_1_q_high"": -1.7881393432617188e-07, ""label_1_q_low"": -0.03223206847906113, ""low_quantile"": 0.25}",0.21828738993160557,0.0,0.21828738993160557,0.21828738993160557,0.16717900015828188,0.0,0.16717900015828188,0.16717900015828188,0.003065670323811428,0.0,0.003065670323811428,0.003065670323811428,0.3344610923151281,0.0,0.3344610923151281,0.3344610923151281,0.0061294513474799295,0.0,0.0061294513474799295,0.0061294513474799295,0.21038385119763733,0.0,0.21038385119763733,0.21038385119763733,0.15086035669600942,0.0,0.15086035669600942,0.15086035669600942,-0.14145490152617646,0.0,-0.14145490152617646,-0.14145490152617646,0.9653600507770832,0.0,0.9653600507770832,0.9653600507770832,0.9290400204301869,0.0,0.9290400204301869,0.9290400204301869,0.03632003034689635,0.0,0.03632003034689635,0.03632003034689635,0.03632003034689635,0.0,0.03632003034689635,0.03632003034689635
77,header,low_density,class_conditional,important,0.1,1,120039,8,"{""high_quantile"": 0.75, ""label_0_q_high"": -0.00011218190047657117, ""label_0_q_low"": -0.013048851862549782, ""label_1_q_high"": -1.7881393432617188e-07, ""label_1_q_low"": -0.03223206847906113, ""low_quantile"": 0.25}",0.23970542906888595,0.0,0.23970542906888595,0.23970542906888595,0.16243887403260607,0.0,0.16243887403260607,0.16243887403260607,0.025974891493597912,0.0,0.025974891493597912,0.025974891493597912,0.32497791703471607,0.0,0.32497791703471607,0.32497791703471607,0.05193377527565875,0.0,0.05193377527565875,0.05193377527565875,0.28232873556967486,0.0,0.28232873556967486,0.28232873556967486,0.07610213250085934,0.0,0.07610213250085934,0.07610213250085934,-0.25143328057147407,0.0,-0.25143328057147407,-0.25143328057147407,0.9653600507770832,0.0,0.9653600507770832,0.9653600507770832,0.8634279808929021,0.0,0.8634279808929021,0.8634279808929021,0.10193206988418113,0.0,0.10193206988418113,0.10193206988418113,0.10193206988418113,0.0,0.10193206988418113,0.10193206988418113
77,header,low_density,class_conditional,random,0.01,20,120039,1,"{""high_quantile"": 0.75, ""label_0_q_high"": -0.00011218190047657117, ""label_0_q_low"": -0.013048851862549782, ""label_1_q_high"": -1.7881393432617188e-07, ""label_1_q_low"": -0.03223206847906113, ""low_quantile"": 0.25}",0.005570689525904082,0.008288837994227825,0.0,0.03128983080498838,0.0019314556102599991,0.00352558078761722,0.0,0.01582818917185248,0.0013416472979614956,0.002901732277440526,0.0,0.013237364523196628,0.0038641022649622504,0.007053335647152273,0.0,0.03166613889768504,0.0026824677704120727,0.00580167628588033,0.0,0.026466571171591326,0.01024853426743072,0.015481007363958755,1.7804041373248915e-20,0.05663292756713692,-0.0005702495099926094,0.013770446451302465,-0.0465944814194492,0.036637820467176986,-0.008027041505947439,0.012687973943007632,-0.04846290891446889,9.248852661428006e-21,0.9653600507770831,1.1102230246251565e-16,0.9653600507770832,0.9653600507770832,0.9647184396019529,0.000936732590193647,0.9620904048314608,0.9653600507770833,0.0006416111751302245,0.0009367325901936471,-1.1102230246251565e-16,0.0032696459456224014,0.0006416111751302245,0.0009367325901936471,-1.1102230246251565e-16,0.0032696459456224014
77,header,low_density,class_conditional,random,0.05,20,120039,4,"{""high_quantile"": 0.75, ""label_0_q_high"": -0.00011218190047657117, ""label_0_q_low"": -0.013048851862549782, ""label_1_q_high"": -1.7881393432617188e-07, ""label_1_q_low"": -0.03223206847906113, ""low_quantile"": 0.25}",0.03797849032397804,0.026971961789266315,0.006431243179300061,0.11549579719924358,0.015202975699564308,0.019005850080749575,0.0006164663151142545,0.07778305384083506,0.008972500603970377,0.010834082720837293,0.0004581844233957297,0.042077991319487834,0.03041532641122649,0.03802342024038097,0.0012333127781203647,0.1556140730987817,0.017939471667943636,0.021661488652629797,0.0009160864785635764,0.08413005096772044,0.06696773254578622,0.0362278166635564,0.011985696525617926,0.12179981727089606,0.007212823216988925,0.0363521216124479,-0.06791253390617155,0.09551812028232713,-0.05378411388321469,0.031042492969067075,-0.10637867654558862,-0.008262972547767696,0.9653600507770831,1.1102230246251565e-16,0.9653600507770832,0.9653600507770832,0.9600386668161613,0.003920506106105595,0.9509506884036137,0.9653025299717695,0.005321383960921832,0.0039205061061055955,5.752080531373771e-05,0.014409362373469459,0.005321383960921832,0.0039205061061055955,5.752080531373771e-05,0.014409362373469459
77,header,low_density,class_conditional,random,0.1,20,120039,8,"{""high_quantile"": 0.75, ""label_0_q_high"": -0.00011218190047657117, ""label_0_q_low"": -0.013048851862549782, ""label_1_q_high"": -1.7881393432617188e-07, ""label_1_q_low"": -0.03223206847906113, ""low_quantile"": 0.25}",0.06989561725772458,0.04178997776476122,0.01218770566232641,0.16407167670507086,0.039483834420480014,0.034457493771915405,0.0033572422296087104,0.11912795008288973,0.007818708919601128,0.004483269699586828,0.000791409458592624,0.017169419938519982,0.07899201679972001,0.06893623597751626,0.0067165547240879316,0.2383293611773137,0.01563259935374263,0.008963776466049888,0.0015823311902461775,0.034328258769446014,0.10214783775619365,0.042914186067714445,0.028467122384675154,0.18879957542171727,0.03400994553903345,0.04627705765162304,-0.023469119460129532,0.13241074901133054,-0.07861607551433356,0.03208464983617736,-0.14852281541836576,-0.022708394176792462,0.9653600507770831,1.1102230246251565e-16,0.9653600507770832,0.9653600507770832,0.9527739172925352,0.007850160760057458,0.9329374885625387,0.9635193920857729,0.012586133484547995,0.007850160760057458,0.0018406586913103373,0.03242256221454454,0.012586133484547995,0.007850160760057458,0.0018406586913103373,0.03242256221454454
77,header,mid_density,class_conditional,important,0.01,1,236878,1,"{""high_quantile"": 0.75, ""label_0_q_high"": -0.00011218190047657117, ""label_0_q_low"": -0.013048851862549782, ""label_1_q_high"": -1.7881393432617188e-07, ""label_1_q_low"": -0.03223206847906113, ""low_quantile"": 0.25}",0.06817011288511386,0.0,0.06817011288511386,0.06817011288511386,0.0395857783331504,0.0,0.0395857783331504,0.0395857783331504,0.0037487651871427486,0.0,0.0037487651871427486,0.0037487651871427486,0.07814296904948416,0.0,0.07814296904948416,0.07814296904948416,0.0075975359342915815,0.0,0.0075975359342915815,0.0075975359342915815,0.08996580156918824,0.0,0.08996580156918824,0.08996580156918824,0.06320565098567256,0.0,0.06320565098567256,0.06320565098567256,-0.05465938941118433,0.0,-0.05465938941118433,-0.05465938941118433,0.9756760967120386,0.0,0.9756760967120386,0.9756760967120386,0.9567084198651201,0.0,0.9567084198651201,0.9567084198651201,0.01896767684691847,0.0,0.01896767684691847,0.01896767684691847,0.01896767684691847,0.0,0.01896767684691847,0.01896767684691847
77,header,mid_density,class_conditional,important,0.05,1,236878,4,"{""high_quantile"": 0.75, ""label_0_q_high"": -0.00011218190047657117, ""label_0_q_low"": -0.013048851862549782, ""label_1_q_high"": -1.7881393432617188e-07, ""label_1_q_low"": -0.03223206847906113, ""low_quantile"": 0.25}",0.17755975649912614,0.0,0.17755975649912614,0.17755975649912614,0.1226369692415505,0.0,0.1226369692415505,0.1226369692415505,0.005065898901544255,0.0,0.005065898901544255,0.005065898901544255,0.24208736812280204,0.0,0.24208736812280204,0.24208736812280204,0.01026694045174538,0.0,0.01026694045174538,0.01026694045174538,0.23402503569407115,0.0,0.23402503569407115,0.23402503569407115,0.15469843960777538,0.0,0.15469843960777538,0.15469843960777538,-0.1790505732598023,0.0,-0.1790505732598023,-0.1790505732598023,0.9756760967120386,0.0,0.9756760967120386,0.9756760967120386,0.9414523371120181,0.0,0.9414523371120181,0.9414523371120181,0.03422375960002044,0.0,0.03422375960002044,0.03422375960002044,0.03422375960002044,0.0,0.03422375960002044,0.03422375960002044
77,header,mid_density,class_conditional,important,0.1,1,236878,8,"{""high_quantile"": 0.75, ""label_0_q_high"": -0.00011218190047657117, ""label_0_q_low"": -0.013048851862549782, ""label_1_q_high"": -1.7881393432617188e-07, ""label_1_q_low"": -0.03223206847906113, ""low_quantile"": 0.25}",0.21469279544744552,0.0,0.21469279544744552,0.21469279544744552,0.13540725605586,0.0,0.13540725605586,0.13540725605586,0.025126858551659505,0.0,0.025126858551659505,0.025126858551659505,0.2672961216020267,0.0,0.2672961216020267,0.2672961216020267,0.05092402464065708,0.0,0.05092402464065708,0.05092402464065708,0.3525792518357199,0.0,0.3525792518357199,0.3525792518357199,0.10108715923029127,0.0,0.10108715923029127,0.10108715923029127,-0.32252496933044117,0.0,-0.32252496933044117,-0.32252496933044117,0.9756760967120386,0.0,0.9756760967120386,0.9756760967120386,0.8956309037174919,0.0,0.8956309037174919,0.8956309037174919,0.08004519299454671,0.0,0.08004519299454671,0.08004519299454671,0.08004519299454671,0.0,0.08004519299454671,0.08004519299454671
77,header,mid_density,class_conditional,random,0.01,20,236878,1,"{""high_quantile"": 0.75, ""label_0_q_high"": -0.00011218190047657117, ""label_0_q_low"": -0.013048851862549782, ""label_1_q_high"": -1.7881393432617188e-07, ""label_1_q_low"": -0.03223206847906113, ""low_quantile"": 0.25}",0.004033722000354613,0.0067022879374289655,0.0,0.026216026815491518,0.0012913820616519895,0.0029577537115013613,0.0,0.013268433539627995,0.0008943422352434586,0.002569407199546651,0.0,0.011993515649406023,0.0025492091534858917,0.005838653841505854,0.0,0.026192103201720027,0.0018125427789185491,0.00520735830436526,0.0,0.024306981519507186,0.012464339467903533,0.020126145879489413,1.9567799153192903e-20,0.07096409783875787,-0.0003291696337596458,0.01758740542253348,-0.0579779858677214,0.050858747373097014,-0.011022582720183593,0.018112711190659738,-0.06311746447791587,-2.3434490003823837e-21,0.9756760967120387,1.1102230246251565e-16,0.9756760967120386,0.9756760967120386,0.9754682448224612,0.002113723729413211,0.9667932546266257,0.9775977047141979,0.00020785188957756496,0.0021137237294132105,-0.0019216080021593474,0.008882842085412901,0.00020785188957756496,0.0021137237294132105,-0.0019216080021593474,0.008882842085412901
77,header,mid_density,class_conditional,random,0.05,20,236878,4,"{""high_quantile"": 0.75, ""label_0_q_high"": -0.00011218190047657117, ""label_0_q_low"": -0.013048851862549782, ""label_1_q_high"": -1.7881393432617188e-07, ""label_1_q_low"": -0.03223206847906113, ""low_quantile"": 0.25}",0.031015754945583805,0.02827400938407039,0.0033603796046910222,0.11527030792222157,0.011488403313097882,0.018510418275203413,0.00018574962638995602,0.07206663345688498,0.008110715220493248,0.008703826895304521,0.0003799424176158191,0.02923867982674626,0.02267829463824397,0.03653986616604972,0.00036667277787963133,0.14226070434507243,0.01643779945242984,0.017639845202822933,0.0007700205338809035,0.05925735797399042,0.08357549351338542,0.04212263180132786,0.014000591565911762,0.14370774096441497,0.004646105874166197,0.03986630760261031,-0.06716895062164849,0.10223501632977745,-0.0740107492173082,0.03730175597628435,-0.1318506389616755,-0.012542558868266267,0.9756760967120387,1.1102230246251565e-16,0.9756760967120386,0.9756760967120386,0.9708703923352948,0.005067557746832241,0.9583963587107012,0.9767693775745566,0.004805704376743686,0.005067557746832241,-0.0010932808625180312,0.01727973800133742,0.004805704376743686,0.005067557746832241,-0.0010932808625180312,0.01727973800133742
77,header,mid_density,class_conditional,random,0.1,20,236878,8,"{""high_quantile"": 0.75, ""label_0_q_high"": -0.00011218190047657117, ""label_0_q_low"": -0.013048851862549782, ""label_1_q_high"": -1.7881393432617188e-07, ""label_1_q_low"": -0.03223206847906113, ""low_quantile"": 0.25}",0.06254358783846536,0.039520154317654516,0.007632621011660011,0.1485532637053673,0.031669466983003915,0.029233088487056563,0.001152492000101318,0.09667001578871824,0.007901113653441856,0.005928474231679821,0.0009878502858011297,0.019005564045626862,0.06251604193403223,0.05770659123182874,0.0022750379172986218,0.1908281804696745,0.01601300479123888,0.012015101976829676,0.002002053388090349,0.03851813826146475,0.12887996406144628,0.05157381784056801,0.03424090908662735,0.23010389971304662,0.03261941270638042,0.04980293395214956,-0.027440944469502484,0.14800114748003376,-0.11064118933562125,0.04291879284231025,-0.19749325088331873,-0.03029775660394537,0.9756760967120387,1.1102230246251565e-16,0.9756760967120386,0.9756760967120386,0.9658963842430113,0.007569179477829785,0.9503639476440511,0.9779294308823695,0.009779712469027197,0.007569179477829786,-0.0022533341703309118,0.02531214906798751,0.009779712469027197,0.007569179477829786,-0.0022533341703309118,0.02531214906798751
77,imports,high_density,class_conditional,important,0.01,1,172856,13,"{""high_quantile"": 0.75, ""label_0_q_high"": 0.0, ""label_0_q_low"": -0.4245266020298004, ""label_1_q_high"": 0.0, ""label_1_q_low"": -0.14400406181812286, ""low_quantile"": 0.25}",0.0335886518257972,0.0,0.0335886518257972,0.0335886518257972,0.00596450224464294,0.0,0.00596450224464294,0.00596450224464294,0.01919516823251724,0.0,0.01919516823251724,0.01919516823251724,0.011480557658901607,0.0,0.011480557658901607,0.011480557658901607,0.03995087415113423,0.0,0.03995087415113423,0.03995087415113423,0.06254595884071638,0.0,0.06254595884071638,0.06254595884071638,-0.04263816556289802,0.0,-0.04263816556289802,-0.04263816556289802,-0.05868241524477432,0.0,-0.05868241524477432,-0.05868241524477432,0.851995768340616,0.0,0.851995768340616,0.851995768340616,0.8529309176768343,0.0,0.8529309176768343,0.8529309176768343,-0.0009351493362182994,0.0,-0.0009351493362182994,-0.0009351493362182994,-0.0009351493362182994,0.0,-0.0009351493362182994,-0.0009351493362182994
77,imports,high_density,class_conditional,important,0.05,1,172856,65,"{""high_quantile"": 0.75, ""label_0_q_high"": 0.0, ""label_0_q_low"": -0.4245266020298004, ""label_1_q_high"": 0.0, ""label_1_q_low"": -0.14400406181812286, ""low_quantile"": 0.25}",0.046182949969917154,0.0,0.046182949969917154,0.046182949969917154,0.00956287314296293,0.0,0.00956287314296293,0.00956287314296293,0.023707594760957098,0.0,0.023707594760957098,0.023707594760957098,0.018406752483185605,0.0,0.018406752483185605,0.018406752483185605,0.04934258055194336,0.0,0.04934258055194336,0.04934258055194336,0.12296912752004517,0.0,0.12296912752004517,0.12296912752004517,-0.09198483372049077,0.0,-0.09198483372049077,-0.09198483372049077,-0.11834652517350353,0.0,-0.11834652517350353,-0.11834652517350353,0.851995768340616,0.0,0.851995768340616,0.851995768340616,0.8454095309315091,0.0,0.8454095309315091,0.8454095309315091,0.00658623740910691,0.0,0.00658623740910691,0.00658623740910691,0.00658623740910691,0.0,0.00658623740910691,0.00658623740910691
77,imports,high_density,class_conditional,important,0.1,1,172856,129,"{""high_quantile"": 0.75, ""label_0_q_high"": 0.0, ""label_0_q_low"": -0.4245266020298004, ""label_1_q_high"": 0.0, ""label_1_q_low"": -0.14400406181812286, ""low_quantile"": 0.25}",0.04005067802101171,0.0,0.04005067802101171,0.04005067802101171,0.007561207016244736,0.0,0.007561207016244736,0.007561207016244736,0.023233211459249316,0.0,0.023233211459249316,0.023233211459249316,0.014553917420159459,0.0,0.014553917420159459,0.014553917420159459,0.04835524731493522,0.0,0.04835524731493522,0.04835524731493522,0.13753027417501926,0.0,0.13753027417501926,0.13753027417501926,-0.10260884467560073,0.0,-0.10260884467560073,-0.10260884467560073,-0.13275508192275434,0.0,-0.13275508192275434,-0.13275508192275434,0.851995768340616,0.0,0.851995768340616,0.851995768340616,0.8364976806167803,0.0,0.8364976806167803,0.8364976806167803,0.015498087723835652,0.0,0.015498087723835652,0.015498087723835652,0.015498087723835652,0.0,0.015498087723835652,0.015498087723835652
77,imports,high_density,class_conditional,random,0.01,20,172856,13,"{""high_quantile"": 0.75, ""label_0_q_high"": 0.0, ""label_0_q_low"": -0.4245266020298004, ""label_1_q_high"": 0.0, ""label_1_q_low"": -0.14400406181812286, ""low_quantile"": 0.25}",0.0014257532281205163,0.0024583253482706943,0.0,0.009649650576202156,3.586800573888092e-05,5.499252389649718e-05,0.0,0.00013884389318276485,0.0009768246401629104,0.0019840401484343337,0.0,0.007081038552321007,6.90392410137633e-05,0.00010585038206152193,0.0,0.000267248674891987,0.002033063622790541,0.0041293797126832,0.0,0.014737754659731253,0.005906692887229299,0.004991446653017146,0.0001270405318160929,0.023326831268826755,-0.004331425016097105,0.0031712474540163847,-0.010428656144942138,-9.475932665110003e-05,-0.00556452873111619,0.00477663785445599,-0.02199244590582403,-0.0001270405318160254,0.851995768340616,0.0,0.851995768340616,0.851995768340616,0.8518260507680602,0.0025171664813605182,0.844739488524483,0.8549406897279891,0.00016971757255576647,0.0025171664813605187,-0.002944921387373123,0.007256279816132971,0.00016971757255576647,0.0025171664813605187,-0.002944921387373123,0.007256279816132971
77,imports,high_density,class_conditional,random,0.05,20,172856,65,"{""high_quantile"": 0.75, ""label_0_q_high"": 0.0, ""label_0_q_low"": -0.4245266020298004, ""label_1_q_high"": 0.0, ""label_1_q_low"": -0.14400406181812286, ""low_quantile"": 0.25}",0.010076017031517564,0.006600556003910418,0.0002603322997176841,0.02295552367288379,0.0005226894062109502,0.0011719734555335356,0.0,0.0038644883602536213,0.007437983061045032,0.005043419712114631,0.0,0.01919516823251724,0.0010060799073537928,0.0022558309610897606,0.0,0.007438421451160305,0.015480662717333718,0.010496861698180494,0.0,0.03995087415113423,0.023797310292442884,0.008783039747159226,0.008885575245089415,0.040755968994338435,-0.0168379928882414,0.0070244767143054065,-0.032602663993210566,-0.004077649091054526,-0.02270091921238604,0.008465999709498037,-0.03964339892647831,-0.007898667608773774,0.851995768340616,0.0,0.851995768340616,0.851995768340616,0.8529687113231483,0.002607556580289102,0.8448354869727339,0.856405245108779,-0.0009729429825325042,0.002607556580289102,-0.0044094767681630564,0.007160281367882049,-0.0009729429825325042,0.002607556580289102,-0.0044094767681630564,0.007160281367882049
77,imports,high_density,class_conditional,random,0.1,20,172856,129,"{""high_quantile"": 0.75, ""label_0_q_high"": 0.0, ""label_0_q_low"": -0.4245266020298004, ""label_1_q_high"": 0.0, ""label_1_q_low"": -0.14400406181812286, ""low_quantile"": 0.25}",0.01576080668301939,0.005295462786526355,0.009325681492109038,0.02855556069792197,0.0014925718517147218,0.002091312536190083,0.0,0.006936409496922293,0.011113296616837137,0.0031949948291426183,0.007439718609709816,0.01780672930068959,0.00287292325508886,0.004025387730565153,0.0,0.013351298383145516,0.023130087174300436,0.006649737829146517,0.01548427491210326,0.03706111833550065,0.04705316508329602,0.012604862932667545,0.026735584673549608,0.07610128657447775,-0.034961172004371335,0.011071743507360215,-0.06310755982055012,-0.018771551534617435,-0.04496743490360209,0.012800920763944285,-0.07584612768245884,-0.026111135738798398,0.851995768340616,0.0,0.851995768340616,0.851995768340616,0.8521391269585246,0.0033631810353999107,0.8443455995821029,0.8561770686114798,-0.00014335861790850112,0.0033631810353999107,-0.00418130027086383,0.007650168758513098,-0.00014335861790850112,0.0033631810353999107,-0.00418130027086383,0.007650168758513098
77,imports,low_density,class_conditional,important,0.01,1,120002,13,"{""high_quantile"": 0.75, ""label_0_q_high"": 0.0, ""label_0_q_low"": -0.4245266020298004, ""label_1_q_high"": 0.0, ""label_1_q_low"": -0.14400406181812286, ""low_quantile"": 0.25}",0.04178263695605073,0.0,0.04178263695605073,0.04178263695605073,0.0006499891668472192,0.0,0.0006499891668472192,0.0006499891668472192,0.034791086815219745,0.0,0.034791086815219745,0.034791086815219745,0.0012999783336944384,0.0,0.0012999783336944384,0.0012999783336944384,0.06958217363043949,0.0,0.06958217363043949,0.06958217363043949,0.06290863127051947,0.0,0.06290863127051947,0.06290863127051947,-0.03682877409112042,0.0,-0.03682877409112042,-0.03682877409112042,-0.05013765036393524,0.0,-0.05013765036393524,-0.05013765036393524,0.9311833816841708,0.0,0.9311833816841708,0.9311833816841708,0.9314622146118846,0.0,0.9314622146118846,0.9314622146118846,-0.0002788329277138013,0.0,-0.0002788329277138013,-0.0002788329277138013,-0.0002788329277138013,0.0,-0.0002788329277138013,-0.0002788329277138013
77,imports,low_density,class_conditional,important,0.05,1,120002,65,"{""high_quantile"": 0.75, ""label_0_q_high"": 0.0, ""label_0_q_low"": -0.4245266020298004, ""label_1_q_high"": 0.0, ""label_1_q_low"": -0.14400406181812286, ""low_quantile"": 0.25}",0.08565690571823803,0.0,0.08565690571823803,0.08565690571823803,0.0036166063898935017,0.0,0.0036166063898935017,0.0036166063898935017,0.07224879585340244,0.0,0.07224879585340244,0.07224879585340244,0.007233212779787003,0.0,0.007233212779787003,0.007233212779787003,0.14449759170680487,0.0,0.14449759170680487,0.14449759170680487,0.14212207507462643,0.0,0.14212207507462643,0.14212207507462643,-0.022983524126821725,0.0,-0.022983524126821725,-0.022983524126821725,-0.12998230614458237,0.0,-0.12998230614458237,-0.12998230614458237,0.9311833816841708,0.0,0.9311833816841708,0.9311833816841708,0.9181539046148035,0.0,0.9181539046148035,0.9181539046148035,0.013029477069367301,0.0,0.013029477069367301,0.013029477069367301,0.013029477069367301,0.0,0.013029477069367301,0.013029477069367301
77,imports,low_density,class_conditional,important,0.1,1,120002,129,"{""high_quantile"": 0.75, ""label_0_q_high"": 0.0, ""label_0_q_low"": -0.4245266020298004, ""label_1_q_high"": 0.0, ""label_1_q_low"": -0.14400406181812286, ""low_quantile"": 0.25}",0.09691505141580974,0.0,0.09691505141580974,0.09691505141580974,0.006883218613023117,0.0,0.006883218613023117,0.006883218613023117,0.07564873918768021,0.0,0.07564873918768021,0.07564873918768021,0.013766437226046233,0.0,0.013766437226046233,0.013766437226046233,0.15129747837536042,0.0,0.15129747837536042,0.15129747837536042,0.1659768866178082,0.0,0.1659768866178082,0.1659768866178082,-0.0025612249349749043,0.0,-0.0025612249349749043,-0.0025612249349749043,-0.15350331148764657,0.0,-0.15350331148764657,-0.15350331148764657,0.9311833816841708,0.0,0.9311833816841708,0.9311833816841708,0.9047455278144213,0.0,0.9047455278144213,0.9047455278144213,0.026437853869749506,0.0,0.026437853869749506,0.026437853869749506,0.026437853869749506,0.0,0.026437853869749506,0.026437853869749506
77,imports,low_density,class_conditional,random,0.01,20,120002,13,"{""high_quantile"": 0.75, ""label_0_q_high"": 0.0, ""label_0_q_low"": -0.4245266020298004, ""label_1_q_high"": 0.0, ""label_1_q_low"": -0.14400406181812286, ""low_quantile"": 0.25}",0.00457117381376977,0.004144382937202556,0.0015749737504374927,0.020999650005833235,0.0005095748404193264,0.000896371614458964,8.333194446759221e-05,0.004333261112314794,0.0021341310978150365,0.0013961269440051303,0.0005333244445925901,0.005491575140414326,0.0010191496808386528,0.001792743228917928,0.00016666388893518441,0.008666522224629589,0.004268262195630073,0.0027922538880102606,0.0010666488891851802,0.010983150280828653,0.008532538119033112,0.009993922154345481,0.002611246765385027,0.049860373941508836,-0.00024618280003390914,0.004100138554541624,-0.005950599508466865,0.013206272547976563,-0.0059540847817463795,0.009749371827600271,-0.046718445629129246,-0.0011877894364283634,0.9311833816841709,1.1102230246251565e-16,0.9311833816841708,0.9311833816841708,0.931306701622083,0.0006721251876872201,0.9294302040128024,0.9327067497936994,-0.0001233199379121197,0.0006721251876872201,-0.0015233681095285778,0.0017531776713684,-0.0001233199379121197,0.0006721251876872201,-0.0015233681095285778,0.0017531776713684
77,imports,low_density,class_conditional,random,0.05,20,120002,65,"{""high_quantile"": 0.75, ""label_0_q_high"": 0.0, ""label_0_q_low"": -0.4245266020298004, ""label_1_q_high"": 0.0, ""label_1_q_low"": -0.14400406181812286, ""low_quantile"": 0.25}",0.014574340427659541,0.004496988501767565,0.007308211529807837,0.025049582506958216,0.0015783070282161965,0.0010279440374237362,0.000716654722421293,0.005299911668138865,0.007778203696605058,0.0030124807968986275,0.0030749487508541524,0.015583073615439742,0.003156614056432393,0.0020558880748474725,0.001433309444842586,0.01059982333627773,0.015556407393210117,0.006024961593797255,0.006149897501708305,0.031166147230879484,0.02822885763149826,0.01132820664201099,0.012993433867156947,0.06842760853810477,-0.003959812828510571,0.006283546367270762,-0.012789403790316714,0.014862701893936523,-0.02176360076433522,0.011485674764389654,-0.06432103777046648,-0.007898112039090353,0.9311833816841709,1.1102230246251565e-16,0.9311833816841708,0.9311833816841708,0.9329902775788057,0.0019210638559464495,0.926633225579527,0.9358236875615746,-0.0018068958946348356,0.0019210638559464498,-0.0046403058774038275,0.004550156104643821,-0.0018068958946348356,0.0019210638559464498,-0.0046403058774038275,0.004550156104643821
77,imports,low_density,class_conditional,random,0.1,20,120002,129,"{""high_quantile"": 0.75, ""label_0_q_high"": 0.0, ""label_0_q_low"": -0.4245266020298004, ""label_1_q_high"": 0.0, ""label_1_q_low"": -0.14400406181812286, ""low_quantile"": 0.25}",0.02431459475675405,0.005741903324406177,0.015041415976400394,0.04031599473342111,0.0021641305978233696,0.000992486957005228,0.0011166480558657355,0.005783236946050899,0.015865985566907218,0.006456125645168249,0.006908218196363394,0.03326611223146281,0.004328261195646739,0.001984973914010456,0.002233296111731471,0.011566473892101798,0.031731971133814436,0.012912251290336497,0.013816436392726788,0.06653222446292562,0.04825238534521142,0.0105156633722789,0.03475650741772729,0.07944809915833592,-0.010269955946029351,0.009620291196617422,-0.026808406805082022,0.0045672425059873675,-0.03936067546918582,0.010863227432765184,-0.06982060822702678,-0.02607485978693209,0.9311833816841709,1.1102230246251565e-16,0.9311833816841708,0.9311833816841708,0.9332502049144888,0.00175096986398504,0.9289478907844884,0.9356650915981508,-0.0020668232303181155,0.00175096986398504,-0.004481709913980003,0.0022354908996824463,-0.0020668232303181155,0.00175096986398504,-0.004481709913980003,0.0022354908996824463
77,imports,mid_density,class_conditional,important,0.01,1,187142,13,"{""high_quantile"": 0.75, ""label_0_q_high"": 0.0, ""label_0_q_low"": -0.4245266020298004, ""label_1_q_high"": 0.0, ""label_1_q_low"": -0.14400406181812286, ""low_quantile"": 0.25}",0.02445736392685768,0.0,0.02445736392685768,0.02445736392685768,0.008977140353314596,0.0,0.008977140353314596,0.008977140353314596,0.007422171399258317,0.0,0.007422171399258317,0.007422171399258317,0.018626309662398137,0.0,0.018626309662398137,0.018626309662398137,0.01432741601081003,0.0,0.01432741601081003,0.01432741601081003,0.122750566119065,0.0,0.122750566119065,0.122750566119065,-0.0549635908246553,0.0,-0.0549635908246553,-0.0549635908246553,-0.11669792320163101,0.0,-0.11669792320163101,-0.11669792320163101,0.9712927144174992,0.0,0.9712927144174992,0.9712927144174992,0.9706211122264321,0.0,0.9706211122264321,0.9706211122264321,0.0006716021910671,0.0,0.0006716021910671,0.0006716021910671,0.0006716021910671,0.0,0.0006716021910671,0.0006716021910671
77,imports,mid_density,class_conditional,important,0.05,1,187142,65,"{""high_quantile"": 0.75, ""label_0_q_high"": 0.0, ""label_0_q_low"": -0.4245266020298004, ""label_1_q_high"": 0.0, ""label_1_q_low"": -0.14400406181812286, ""low_quantile"": 0.25}",0.0654957198277244,0.0,0.0654957198277244,0.0654957198277244,0.00555193382565111,0.0,0.00555193382565111,0.00555193382565111,0.04427119513524489,0.0,0.04427119513524489,0.04427119513524489,0.011519485559066468,0.0,0.011519485559066468,0.011519485559066468,0.085459065262463,0.0,0.085459065262463,0.085459065262463,0.255241031990557,0.0,0.255241031990557,0.255241031990557,-0.07938418867268592,0.0,-0.07938418867268592,-0.07938418867268592,-0.24776931505367508,0.0,-0.24776931505367508,-0.24776931505367508,0.9712927144174992,0.0,0.9712927144174992,0.9712927144174992,0.9613961241526695,0.0,0.9613961241526695,0.9613961241526695,0.009896590264829697,0.0,0.009896590264829697,0.009896590264829697,0.009896590264829697,0.0,0.009896590264829697,0.009896590264829697
77,imports,mid_density,class_conditional,important,0.1,1,187142,129,"{""high_quantile"": 0.75, ""label_0_q_high"": 0.0, ""label_0_q_low"": -0.4245266020298004, ""label_1_q_high"": 0.0, ""label_1_q_low"": -0.14400406181812286, ""low_quantile"": 0.25}",0.10645392268972224,0.0,0.10645392268972224,0.10645392268972224,0.010013786322685448,0.0,0.010013786322685448,0.010013786322685448,0.07906830107618813,0.0,0.07906830107618813,0.07906830107618813,0.020777204944841733,0.0,0.020777204944841733,0.020777204944841733,0.15262978740961555,0.0,0.15262978740961555,0.15262978740961555,0.2953705208565293,0.0,0.2953705208565293,0.2953705208565293,-0.07843315069131357,0.0,-0.07843315069131357,-0.07843315069131357,-0.28466457121697164,0.0,-0.28466457121697164,-0.28466457121697164,0.9712927144174992,0.0,0.9712927144174992,0.9712927144174992,0.9399222597059581,0.0,0.9399222597059581,0.9399222597059581,0.031370454711541096,0.0,0.031370454711541096,0.031370454711541096,0.031370454711541096,0.0,0.031370454711541096,0.031370454711541096
77,imports,mid_density,class_conditional,random,0.01,20,187142,13,"{""high_quantile"": 0.75, ""label_0_q_high"": 0.0, ""label_0_q_low"": -0.4245266020298004, ""label_1_q_high"": 0.0, ""label_1_q_low"": -0.14400406181812286, ""low_quantile"": 0.25}",0.002997456476899894,0.0018606921593620654,0.00042748287396736167,0.009180194718449093,0.0004213378076540808,0.0006380420759868318,4.274828739673617e-05,0.003125968515886332,0.0007750798858620727,0.00038344654938554684,8.015303886888031e-05,0.0015496254181316862,0.0008742169743333889,0.0013238479980523057,8.869671267808636e-05,0.006485947114585066,0.0014961783242390173,0.0007401874647499149,0.00015472371501954677,0.002991325157044571,0.012496331196507547,0.013976838200989565,0.0019946592957493132,0.07069813476964693,-0.0021884048023059787,0.004474635305508934,-0.010037821231859024,0.009267907885149227,-0.01125753722944783,0.013623509910475777,-0.06799053892125621,-0.0014529973679991259,0.9712927144174989,3.3306690738754696e-16,0.9712927144174992,0.9712927144174992,0.9714483422385627,0.0012799409988757235,0.9689687208173846,0.9760181876727765,-0.00015562782106351425,0.0012799409988757235,-0.004725473255277279,0.0023239936001145933,-0.00015562782106351425,0.0012799409988757235,-0.004725473255277279,0.0023239936001145933
77,imports,mid_density,class_conditional,random,0.05,20,187142,65,"{""high_quantile"": 0.75, ""label_0_q_high"": 0.0, ""label_0_q_low"": -0.4245266020298004, ""label_1_q_high"": 0.0, ""label_1_q_low"": -0.14400406181812286, ""low_quantile"": 0.25}",0.009465272360026079,0.0031888466875429184,0.005717583439313462,0.020850477177758064,0.0021849718395656774,0.00234348131896785,0.0006465678468756345,0.011584785884515501,0.0025256222547584187,0.0007244646014455011,0.0014106934840922936,0.003943529512348912,0.00453351072675869,0.004862395709233121,0.0013415377792560562,0.024036809135761405,0.004875344260265918,0.0013984729227692857,0.0027231373843440232,0.007612406778961701,0.0500850958557057,0.017136411004785898,0.023394806889640223,0.09702471981014187,-0.008747622125431646,0.007938216115829956,-0.023206806108621237,0.010713104692706971,-0.04665543315907908,0.016460897802887783,-0.09192986417702752,-0.02062114065135856,0.9712927144174989,3.3306690738754696e-16,0.9712927144174992,0.9712927144174992,0.9728526209288427,0.0006520920495942935,0.9718170359971234,0.9743536742523395,-0.0015599065113437115,0.0006520920495942935,-0.0030609598348403377,-0.0005243215796242318,-0.0015599065113437115,0.0006520920495942935,-0.0030609598348403377,-0.0005243215796242318
77,imports,mid_density,class_conditional,random,0.1,20,187142,129,"{""high_quantile"": 0.75, ""label_0_q_high"": 0.0, ""label_0_q_low"": -0.4245266020298004, ""label_1_q_high"": 0.0, ""label_1_q_low"": -0.14400406181812286, ""low_quantile"": 0.25}",0.015690758888972013,0.0025919467522908597,0.01025424543929209,0.020588643917453058,0.0035908561413258385,0.002656455463067668,0.0013198533733742293,0.010083252289705144,0.00452063139220485,0.0008937421260563269,0.002853448183732139,0.00613437924143164,0.007450523864959255,0.005511773249841006,0.0027385110039359166,0.02092133710294362,0.008726417527102437,0.0017252384184599126,0.0055081642546958645,0.011841521656162646,0.09408297443944269,0.021127092099636535,0.06824128520254946,0.14721796237620188,-0.02382300474379308,0.015026310328253807,-0.05338108144487511,-0.0018520669439675915,-0.08885509956093264,0.020878212542083982,-0.14176005933979247,-0.06376724727007305,0.9712927144174989,3.3306690738754696e-16,0.9712927144174992,0.9712927144174992,0.9716204169901127,0.0019756989721923745,0.9674321088466449,0.9764840513237909,-0.0003277025726135474,0.0019756989721923745,-0.005191336906291699,0.003860605570854325,-0.0003277025726135474,0.0019756989721923745,-0.005191336906291699,0.003860605570854325
123,header,high_density,class_conditional,important,0.01,1,122082,1,"{""high_quantile"": 0.75, ""label_0_q_high"": -0.00011348724365234375, ""label_0_q_low"": -0.013165402226150036, ""label_1_q_high"": -1.1920928955078125e-07, ""label_1_q_low"": -0.0315205454826355, ""low_quantile"": 0.25}",0.0010484756147507413,0.0,0.0010484756147507413,0.0010484756147507413,0.0008273127897642568,0.0,0.0008273127897642568,0.0008273127897642568,0.0,0.0,0.0,0.0,0.0016833052782453625,0.0,0.0016833052782453625,0.0016833052782453625,0.0,0.0,0.0,0.0,0.014883769006963123,0.0,0.014883769006963123,0.014883769006963123,-0.004159774776979347,0.0,-0.004159774776979347,-0.004159774776979347,-0.013947083467430892,0.0,-0.013947083467430892,-0.013947083467430892,0.9996852417380808,0.0,0.9996852417380808,0.9996852417380808,0.9998447183625798,0.0,0.9998447183625798,0.9998447183625798,-0.0001594766244989998,0.0,-0.0001594766244989998,-0.0001594766244989998,-0.0001594766244989998,0.0,-0.0001594766244989998,-0.0001594766244989998
123,header,high_density,class_conditional,important,0.05,1,122082,4,"{""high_quantile"": 0.75, ""label_0_q_high"": -0.00011348724365234375, ""label_0_q_low"": -0.013165402226150036, ""label_1_q_high"": -1.1920928955078125e-07, ""label_1_q_low"": -0.0315205454826355, ""low_quantile"": 0.25}",0.02017496436821153,0.0,0.02017496436821153,0.02017496436821153,0.01972444750249832,0.0,0.01972444750249832,0.01972444750249832,6.552972592192133e-05,0.0,6.552972592192133e-05,6.552972592192133e-05,0.04013266445559241,0.0,0.04013266445559241,0.04013266445559241,0.0001288639036098001,0.0,0.0001288639036098001,0.0001288639036098001,0.1572685697000438,0.0,0.1572685697000438,0.1572685697000438,0.10889408456609191,0.0,0.10889408456609191,0.10889408456609191,-0.15053193413400479,0.0,-0.15053193413400479,-0.15053193413400479,0.9996852417380808,0.0,0.9996852417380808,0.9996852417380808,0.9988624849304599,0.0,0.9988624849304599,0.9988624849304599,0.0008227568076208946,0.0,0.0008227568076208946,0.0008227568076208946,0.0008227568076208946,0.0,0.0008227568076208946,0.0008227568076208946
123,header,high_density,class_conditional,important,0.1,1,122082,8,"{""high_quantile"": 0.75, ""label_0_q_high"": -0.00011348724365234375, ""label_0_q_low"": -0.013165402226150036, ""label_1_q_high"": -1.1920928955078125e-07, ""label_1_q_low"": -0.0315205454826355, ""low_quantile"": 0.25}",0.0794302190331089,0.0,0.0794302190331089,0.0794302190331089,0.07136187152897233,0.0,0.07136187152897233,0.07136187152897233,0.005717468586687636,0.0,0.005717468586687636,0.005717468586687636,0.14519758004033267,0.0,0.14519758004033267,0.14519758004033267,0.011243375589955059,0.0,0.011243375589955059,0.011243375589955059,0.3044449871794312,0.0,0.3044449871794312,0.3044449871794312,0.0627998900984284,0.0,0.0627998900984284,0.0627998900984284,-0.28768544175703725,0.0,-0.28768544175703725,-0.28768544175703725,0.9996852417380808,0.0,0.9996852417380808,0.9996852417380808,0.9894476140318491,0.0,0.9894476140318491,0.9894476140318491,0.010237627706231711,0.0,0.010237627706231711,0.010237627706231711,0.010237627706231711,0.0,0.010237627706231711,0.010237627706231711
123,header,high_density,class_conditional,random,0.01,20,122082,1,"{""high_quantile"": 0.75, ""label_0_q_high"": -0.00011348724365234375, ""label_0_q_low"": -0.013165402226150036, ""label_1_q_high"": -1.1920928955078125e-07, ""label_1_q_low"": -0.0315205454826355, ""low_quantile"": 0.25}",0.0009219213315640306,0.0025447992515122042,0.0,0.01175439458724464,0.0008269032289772449,0.0025057134800039794,0.0,0.011549614193738634,0.0,0.0,0.0,0.0,0.0016824719588006865,0.005098290246259993,0.0,0.023499608339861002,0.0,0.0,0.0,0.0,0.01556964785796663,0.024916865078813754,2.6009058259431757e-19,0.08517696928668239,-0.00654759625937878,0.022112906074642058,-0.07543939254962383,0.023212033609174478,-0.015252408792981112,0.024709963168710297,-0.08506272170126951,9.366898603921227e-20,0.9996852417380809,1.1102230246251565e-16,0.9996852417380808,0.9996852417380808,0.9995538453385437,0.0003726129651700479,0.9983882801117848,0.9998447183625798,0.0001313963995371814,0.0003726129651700479,-0.0001594766244989998,0.0012969616262960004,0.0001313963995371814,0.0003726129651700479,-0.0001594766244989998,0.0012969616262960004
123,header,high_density,class_conditional,random,0.05,20,122082,4,"{""high_quantile"": 0.75, ""label_0_q_high"": -0.00011348724365234375, ""label_0_q_low"": -0.013165402226150036, ""label_1_q_high"": -1.1920928955078125e-07, ""label_1_q_low"": -0.0315205454826355, ""low_quantile"": 0.25}",0.0062892154453564,0.00957993186397928,1.6382431480480333e-05,0.03834308088006422,0.004423666060516701,0.007088966726286075,0.0,0.02415589521796825,0.001292164283022886,0.0038881673321701825,0.0,0.01421175930931669,0.009000683321944633,0.014423680203304224,0.0,0.049149180846985885,0.0025410350993057456,0.007646063115059362,0.0,0.027947359095375397,0.06238036343796247,0.03498606838117612,0.01692300004162698,0.15653508387714196,-0.0005820327743888063,0.025688482619058584,-0.05683193742426343,0.06416500788697059,-0.061211153797663176,0.034151162406982585,-0.1560600354671865,-0.01678124945543227,0.9996852417380809,1.1102230246251565e-16,0.9996852417380808,0.9996852417380808,0.9993099898819067,0.0007889575279272827,0.9963134156362504,0.9998828682881111,0.0003752518561743634,0.0007889575279272828,-0.00019762655003030538,0.0033718261018303997,0.0003752518561743634,0.0007889575279272828,-0.00019762655003030538,0.0033718261018303997
123,header,high_density,class_conditional,random,0.1,20,122082,8,"{""high_quantile"": 0.75, ""label_0_q_high"": -0.00011348724365234375, ""label_0_q_low"": -0.013165402226150036, ""label_1_q_high"": -1.1920928955078125e-07, ""label_1_q_low"": -0.0315205454826355, ""low_quantile"": 0.25}",0.010755066266935339,0.013688342804767639,0.000344031061090087,0.052513884110679705,0.009339624187021838,0.013085536392029517,0.0,0.05040055044969775,0.0004517455480742452,0.00106095146781993,0.0,0.0031700004914729444,0.019003016616389725,0.026624697151909925,0.0,0.10254829086181896,0.0008883555355100594,0.0020863561652420663,0.0,0.00623379133712408,0.1137270018783763,0.04293327507742695,0.041388203586766335,0.20917212202976748,-0.016110581608374912,0.05613425596616641,-0.12126781130007784,0.11728041248404182,-0.11028834337694564,0.04210166197076994,-0.20805851074517873,-0.04106995567495646,0.9996852417380809,1.1102230246251565e-16,0.9996852417380808,0.9996852417380808,0.9988709517652861,0.0011844817967112706,0.9956056700934788,0.9998251821149974,0.0008142899727947462,0.0011844817967112706,-0.00013994037691655858,0.0040795716446020425,0.0008142899727947462,0.0011844817967112706,-0.00013994037691655858,0.0040795716446020425
123,header,low_density,class_conditional,important,0.01,1,120001,1,"{""high_quantile"": 0.75, ""label_0_q_high"": -0.00011348724365234375, ""label_0_q_low"": -0.013165402226150036, ""label_1_q_high"": -1.1920928955078125e-07, ""label_1_q_low"": -0.0315205454826355, ""low_quantile"": 0.25}",0.014774876876026032,0.0,0.014774876876026032,0.014774876876026032,0.005208289930917242,0.0,0.005208289930917242,0.005208289930917242,0.004566628611428238,0.0,0.004566628611428238,0.004566628611428238,0.010416493058449026,0.0,0.010416493058449026,0.010416493058449026,0.009133333333333334,0.0,0.009133333333333334,0.009133333333333334,0.021795415018788063,0.0,0.021795415018788063,0.021795415018788063,-0.00927008306121786,0.0,-0.00927008306121786,-0.00927008306121786,-0.016750819533908834,0.0,-0.016750819533908834,-0.016750819533908834,0.9638350360827321,0.0,0.9638350360827321,0.9638350360827321,0.9618058662911173,0.0,0.9618058662911173,0.9618058662911173,0.0020291697916148266,0.0,0.0020291697916148266,0.0020291697916148266,0.0020291697916148266,0.0,0.0020291697916148266,0.0020291697916148266
123,header,low_density,class_conditional,important,0.05,1,120001,4,"{""high_quantile"": 0.75, ""label_0_q_high"": -0.00011348724365234375, ""label_0_q_low"": -0.013165402226150036, ""label_1_q_high"": -1.1920928955078125e-07, ""label_1_q_low"": -0.0315205454826355, ""low_quantile"": 0.25}",0.18749010424913126,0.0,0.18749010424913126,0.18749010424913126,0.13526553945383787,0.0,0.13526553945383787,0.13526553945383787,0.0036916359030341414,0.0,0.0036916359030341414,0.0036916359030341414,0.2705288245195913,0.0,0.2705288245195913,0.2705288245195913,0.007383333333333334,0.0,0.007383333333333334,0.007383333333333334,0.19856111310007749,0.0,0.19856111310007749,0.19856111310007749,0.13527323083460427,0.0,0.13527323083460427,0.13527323083460427,-0.13944126075822075,0.0,-0.13944126075822075,-0.13944126075822075,0.9638350360827321,0.0,0.9638350360827321,0.9638350360827321,0.9304432453903545,0.0,0.9304432453903545,0.9304432453903545,0.03339179069237763,0.0,0.03339179069237763,0.03339179069237763,0.03339179069237763,0.0,0.03339179069237763,0.03339179069237763
123,header,low_density,class_conditional,important,0.1,1,120001,8,"{""high_quantile"": 0.75, ""label_0_q_high"": -0.00011348724365234375, ""label_0_q_low"": -0.013165402226150036, ""label_1_q_high"": -1.1920928955078125e-07, ""label_1_q_low"": -0.0315205454826355, ""low_quantile"": 0.25}",0.21362321980650162,0.0,0.21362321980650162,0.21362321980650162,0.14375713535720536,0.0,0.14375713535720536,0.14375713535720536,0.022616478196015033,0.0,0.022616478196015033,0.022616478196015033,0.2875118748020866,0.0,0.2875118748020866,0.2875118748020866,0.045233333333333334,0.0,0.045233333333333334,0.045233333333333334,0.26165769150875884,0.0,0.26165769150875884,0.26165769150875884,0.08312095802700518,0.0,0.08312095802700518,0.08312095802700518,-0.2280503502167909,0.0,-0.2280503502167909,-0.2280503502167909,0.9638350360827321,0.0,0.9638350360827321,0.9638350360827321,0.8790589365177248,0.0,0.8790589365177248,0.8790589365177248,0.08477609956500731,0.0,0.08477609956500731,0.08477609956500731,0.08477609956500731,0.0,0.08477609956500731,0.08477609956500731
123,header,low_density,class_conditional,random,0.01,20,120001,1,"{""high_quantile"": 0.75, ""label_0_q_high"": -0.00011348724365234375, ""label_0_q_low"": -0.013165402226150036, ""label_1_q_high"": -1.1920928955078125e-07, ""label_1_q_low"": -0.0315205454826355, ""low_quantile"": 0.25}",0.010035749702085815,0.018979145096460717,8.333263889467588e-06,0.08227431438071349,0.0044353797051691225,0.01145004707204719,0.0,0.051141240489662586,0.0017733185556787028,0.0030072815508177405,0.0,0.012249897917517355,0.00887068548857519,0.02289990331315702,0.0,0.10228162863952267,0.0035466666666666667,0.006014613222994661,0.0,0.0245,0.01623714222773007,0.024204788769049166,1.8136515529037323e-05,0.08449583124019563,0.0023860163706253125,0.0207644661489185,-0.04613449715928403,0.06853266334058343,-0.011084477606170977,0.015829050662998508,-0.05010506721525287,-6.336613861551206e-06,0.9638350360827319,2.220446049250313e-16,0.9638350360827321,0.9638350360827321,0.9622215764042821,0.004162593579255596,0.9450237072437682,0.9640088079087571,0.0016134596784499688,0.004162593579255594,-0.00017377182602495989,0.01881132883896397,0.0016134596784499688,0.004162593579255594,-0.00017377182602495989,0.01881132883896397
123,header,low_density,class_conditional,random,0.05,20,120001,4,"{""high_quantile"": 0.75, ""label_0_q_high"": -0.00011348724365234375, ""label_0_q_low"": -0.013165402226150036, ""label_1_q_high"": -1.1920928955078125e-07, ""label_1_q_low"": -0.0315205454826355, ""low_quantile"": 0.25}",0.03762010316580695,0.024442814438643063,0.00835826368113599,0.08909092424229798,0.018709844084632627,0.015894128742480272,0.0006999941667152773,0.05374121882317647,0.004864126132282231,0.005091241723920009,5.8332847226273116e-05,0.019399838334680543,0.037419376343727606,0.0317879925872298,0.001399976667055549,0.10748154197430043,0.009728333333333335,0.01018256830186875,0.00011666666666666667,0.0388,0.06396416685247645,0.03445316748558767,0.017524366708390027,0.13354025931526392,0.020822093729711815,0.025885588792799345,-0.026305777553061075,0.06842980510718856,-0.05057529281551739,0.02880365592440329,-0.12062214205604023,-0.012423051592861604,0.9638350360827319,2.220446049250313e-16,0.9638350360827321,0.9638350360827321,0.956943642571235,0.006081695322098896,0.942558005699905,0.9634430906707111,0.006891393511497224,0.006081695322098896,0.00039194541202103306,0.021277030382827133,0.006891393511497224,0.006081695322098896,0.00039194541202103306,0.021277030382827133
123,header,low_density,class_conditional,random,0.1,20,120001,8,"{""high_quantile"": 0.75, ""label_0_q_high"": -0.00011348724365234375, ""label_0_q_low"": -0.013165402226150036, ""label_1_q_high"": -1.1920928955078125e-07, ""label_1_q_low"": -0.0315205454826355, ""low_quantile"": 0.25}",0.06064407796601695,0.03317147205894447,0.012141565486954276,0.14874876042699645,0.029606419946500446,0.027087157252978396,0.00014999875001041658,0.10697410854909542,0.010351997066691111,0.007792379264906894,0.0011416571528570596,0.03484970958575345,0.059212346460892316,0.05417386306085999,0.00029999500008333195,0.21394643422609624,0.020704166666666666,0.015584888402801535,0.0022833333333333334,0.0697,0.10329092693385744,0.03445163968779619,0.029236232824986597,0.1480958444865547,0.02239896499852415,0.04697227611537873,-0.056630740268080355,0.1205813810269199,-0.08316523188048702,0.02927218423792928,-0.12821636439759604,-0.02372335860615474,0.9638350360827319,2.220446049250313e-16,0.9638350360827321,0.9638350360827321,0.9523471651097483,0.008316199048614383,0.9365914381982523,0.9627667519430232,0.01148787097298395,0.008316199048614385,0.0010682841397089415,0.02724359788447983,0.01148787097298395,0.008316199048614385,0.0010682841397089415,0.02724359788447983
123,header,mid_density,class_conditional,important,0.01,1,237917,1,"{""high_quantile"": 0.75, ""label_0_q_high"": -0.00011348724365234375, ""label_0_q_low"": -0.013165402226150036, ""label_1_q_high"": -1.1920928955078125e-07, ""label_1_q_low"": -0.0315205454826355, ""low_quantile"": 0.25}",0.008372667779099435,0.0,0.008372667779099435,0.008372667779099435,0.003543252478805634,0.0,0.003543252478805634,0.003543252478805634,0.0006809097290231467,0.0,0.0006809097290231467,0.0006809097290231467,0.007025117085284755,0.0,0.007025117085284755,0.007025117085284755,0.0013738244048881012,0.0,0.0013738244048881012,0.0013738244048881012,0.019821870174352316,0.0,0.019821870174352316,0.019821870174352316,-0.0035364995185503856,0.0,-0.0035364995185503856,-0.0035364995185503856,-0.01608573761690517,0.0,-0.01608573761690517,-0.01608573761690517,0.975153691467327,0.0,0.975153691467327,0.975153691467327,0.9756046074098466,0.0,0.9756046074098466,0.9756046074098466,-0.0004509159425195586,0.0,-0.0004509159425195586,-0.0004509159425195586,-0.0004509159425195586,0.0,-0.0004509159425195586,-0.0004509159425195586
123,header,mid_density,class_conditional,important,0.05,1,237917,4,"{""high_quantile"": 0.75, ""label_0_q_high"": -0.00011348724365234375, ""label_0_q_low"": -0.013165402226150036, ""label_1_q_high"": -1.1920928955078125e-07, ""label_1_q_low"": -0.0315205454826355, ""low_quantile"": 0.25}",0.17514931677854043,0.0,0.17514931677854043,0.17514931677854043,0.12092452409874031,0.0,0.12092452409874031,0.12092452409874031,0.008877045356153617,0.0,0.008877045356153617,0.008877045356153617,0.23975399589993165,0.0,0.23975399589993165,0.23975399589993165,0.017910599648911542,0.0,0.017910599648911542,0.017910599648911542,0.22901959942497332,0.0,0.22901959942497332,0.22901959942497332,0.14287968405004645,0.0,0.14287968405004645,0.14287968405004645,-0.1730544370323515,0.0,-0.1730544370323515,-0.1730544370323515,0.975153691467327,0.0,0.975153691467327,0.975153691467327,0.9363147778068398,0.0,0.9363147778068398,0.9363147778068398,0.038838913660487195,0.0,0.038838913660487195,0.038838913660487195,0.038838913660487195,0.0,0.038838913660487195,0.038838913660487195
123,header,mid_density,class_conditional,important,0.1,1,237917,8,"{""high_quantile"": 0.75, ""label_0_q_high"": -0.00011348724365234375, ""label_0_q_low"": -0.013165402226150036, ""label_1_q_high"": -1.1920928955078125e-07, ""label_1_q_low"": -0.0315205454826355, ""low_quantile"": 0.25}",0.21131318905332533,0.0,0.21131318905332533,0.21131318905332533,0.14531958624226096,0.0,0.14531958624226096,0.14531958624226096,0.016459521597868162,0.0,0.016459521597868162,0.016459521597868162,0.28812146869114486,0.0,0.28812146869114486,0.28812146869114486,0.03320923684902348,0.0,0.03320923684902348,0.03320923684902348,0.3230560235469545,0.0,0.3230560235469545,0.3230560235469545,0.10697614837331029,0.0,0.10697614837331029,0.10697614837331029,-0.28314333866355795,0.0,-0.28314333866355795,-0.28314333866355795,0.975153691467327,0.0,0.975153691467327,0.975153691467327,0.9112937712328251,0.0,0.9112937712328251,0.9112937712328251,0.06385992023450193,0.0,0.06385992023450193,0.06385992023450193,0.06385992023450193,0.0,0.06385992023450193,0.06385992023450193
123,header,mid_density,class_conditional,random,0.01,20,237917,1,"{""high_quantile"": 0.75, ""label_0_q_high"": -0.00011348724365234375, ""label_0_q_low"": -0.013165402226150036, ""label_1_q_high"": -1.1920928955078125e-07, ""label_1_q_low"": -0.0315205454826355, ""low_quantile"": 0.25}",0.007888465305127417,0.01675082114789829,0.0,0.07539604147664943,0.003450152784374383,0.010552798955640787,0.0,0.048096605118591776,0.0015526423080317927,0.0029196709762985508,0.0,0.012109264995775838,0.006840530675511258,0.020922767622203613,0.0,0.09535992266537775,0.0031326588590473124,0.005890817931529458,0.0,0.024432025373349504,0.018731070547472695,0.02741636109826901,7.136942715316718e-06,0.09187028184883679,0.001241028149781301,0.02174310708858487,-0.053373450797699916,0.0630605112036413,-0.015138512476301907,0.02124110146973395,-0.0586940322478081,4.2031464754526464e-08,0.975153691467327,0.0,0.975153691467327,0.975153691467327,0.9741305162472186,0.004324526165559734,0.9556499639283599,0.977195112198548,0.0010231752201085409,0.004324526165559734,-0.002041420731221044,0.01950372753896712,0.0010231752201085409,0.004324526165559734,-0.002041420731221044,0.01950372753896712
123,header,mid_density,class_conditional,random,0.05,20,237917,4,"{""high_quantile"": 0.75, ""label_0_q_high"": -0.00011348724365234375, ""label_0_q_low"": -0.013165402226150036, ""label_1_q_high"": -1.1920928955078125e-07, ""label_1_q_low"": -0.0315205454826355, ""low_quantile"": 0.25}",0.031534106432075056,0.025200444102188854,0.0028245144315034235,0.08569795348798111,0.014337142785088916,0.014981844340080642,0.00017232900549351245,0.05113548002034323,0.005062900087005133,0.005593954281352701,3.7828318279063706e-05,0.02323919686277147,0.02842589043150719,0.029704123900889733,0.0003416723612060201,0.10138502308371806,0.010215062882147914,0.011286534152736968,7.632357804933895e-05,0.04688811811497723,0.07932940644745141,0.04450617954336426,0.019344264581224496,0.16810913138784925,0.02123195567461749,0.02811154512196367,-0.02748827276743338,0.06498015047696021,-0.06953861931832164,0.039145844048216506,-0.15726280790737007,-0.016653168491668032,0.975153691467327,0.0,0.975153691467327,0.975153691467327,0.9695603003288351,0.006511903416837931,0.9527156965490748,0.9773060166934057,0.0055933911384918825,0.0065119034168379325,-0.0021523252260786663,0.022437994918252158,0.0055933911384918825,0.0065119034168379325,-0.0021523252260786663,0.022437994918252158
123,header,mid_density,class_conditional,random,0.1,20,237917,8,"{""high_quantile"": 0.75, ""label_0_q_high"": -0.00011348724365234375, ""label_0_q_low"": -0.013165402226150036, ""label_1_q_high"": -1.1920928955078125e-07, ""label_1_q_low"": -0.0315205454826355, ""low_quantile"": 0.25}",0.0529289626214184,0.03592471695314123,0.007246224523678426,0.15926142310133365,0.02363996687920577,0.026329323274608272,0.00021856361672347918,0.10508706817923898,0.010620930828818455,0.006805174378039113,0.00107600549771559,0.025260910317463654,0.0468703645060751,0.052202483420765146,0.00043334055567592795,0.20835347255787595,0.02142911659698607,0.01373032906062578,0.002170981775625641,0.05096718934183635,0.12902569475167353,0.046780226122122334,0.03610028923295434,0.19621957001023407,0.018957075309523452,0.0564278695633033,-0.06483509240035977,0.14981133135725574,-0.11280839894265593,0.04082111701311506,-0.1769047343384838,-0.03337263497615616,0.975153691467327,0.0,0.975153691467327,0.975153691467327,0.9673049455638865,0.006835050803721515,0.9552637205048463,0.9746615497170772,0.007848745903440518,0.006835050803721515,0.0004921417502498082,0.019889970962480685,0.007848745903440518,0.006835050803721515,0.0004921417502498082,0.019889970962480685
123,imports,high_density,class_conditional,important,0.01,1,167531,13,"{""high_quantile"": 0.75, ""label_0_q_high"": 0.0, ""label_0_q_low"": -0.4222457706928253, ""label_1_q_high"": 0.0, ""label_1_q_low"": -0.13195593655109406, ""low_quantile"": 0.25}",0.014898735159463024,0.0,0.014898735159463024,0.014898735159463024,0.0044051548668604616,0.0,0.0044051548668604616,0.0044051548668604616,0.006100363514812184,0.0,0.006100363514812184,0.006100363514812184,0.007935569199668814,0.0,0.007935569199668814,0.007935569199668814,0.013712230988031987,0.0,0.013712230988031987,0.013712230988031987,0.07502449083150656,0.0,0.07502449083150656,0.07502449083150656,-0.056036181702566766,0.0,-0.056036181702566766,-0.056036181702566766,-0.07174715921076326,0.0,-0.07174715921076326,-0.07174715921076326,0.8184678097482837,0.0,0.8184678097482837,0.8184678097482837,0.8355938900291672,0.0,0.8355938900291672,0.8355938900291672,-0.01712608028088347,0.0,-0.01712608028088347,-0.01712608028088347,-0.01712608028088347,0.0,-0.01712608028088347,-0.01712608028088347
123,imports,high_density,class_conditional,important,0.05,1,167531,65,"{""high_quantile"": 0.75, ""label_0_q_high"": 0.0, ""label_0_q_low"": -0.4222457706928253, ""label_1_q_high"": 0.0, ""label_1_q_low"": -0.13195593655109406, ""low_quantile"": 0.25}",0.02437160883657353,0.0,0.02437160883657353,0.02437160883657353,0.0044051548668604616,0.0,0.0044051548668604616,0.0044051548668604616,0.013979502301066668,0.0,0.013979502301066668,0.013979502301066668,0.007935569199668814,0.0,0.007935569199668814,0.007935569199668814,0.03142274459292653,0.0,0.03142274459292653,0.03142274459292653,0.12000332168753158,0.0,0.12000332168753158,0.12000332168753158,-0.08809944236651358,0.0,-0.08809944236651358,-0.08809944236651358,-0.11731986767299386,0.0,-0.11731986767299386,-0.11731986767299386,0.8184678097482837,0.0,0.8184678097482837,0.8184678097482837,0.8348855790154903,0.0,0.8348855790154903,0.8348855790154903,-0.016417769267206617,0.0,-0.016417769267206617,-0.016417769267206617,-0.016417769267206617,0.0,-0.016417769267206617,-0.016417769267206617
123,imports,high_density,class_conditional,important,0.1,1,167531,129,"{""high_quantile"": 0.75, ""label_0_q_high"": 0.0, ""label_0_q_low"": -0.4222457706928253, ""label_1_q_high"": 0.0, ""label_1_q_low"": -0.13195593655109406, ""low_quantile"": 0.25}",0.06792772680876973,0.0,0.06792772680876973,0.06792772680876973,0.0044051548668604616,0.0,0.0044051548668604616,0.0044051548668604616,0.05753562027326286,0.0,0.05753562027326286,0.05753562027326286,0.007935569199668814,0.0,0.007935569199668814,0.007935569199668814,0.12932700048301402,0.0,0.12932700048301402,0.12932700048301402,0.1311776029232974,0.0,0.1311776029232974,0.1311776029232974,-0.09341068553546202,0.0,-0.09341068553546202,-0.09341068553546202,-0.1263209924344247,0.0,-0.1263209924344247,-0.1263209924344247,0.8184678097482837,0.0,0.8184678097482837,0.8184678097482837,0.8297362423099512,0.0,0.8297362423099512,0.8297362423099512,-0.01126843256166754,0.0,-0.01126843256166754,-0.01126843256166754,-0.01126843256166754,0.0,-0.01126843256166754,-0.01126843256166754
123,imports,high_density,class_conditional,random,0.01,20,167531,13,"{""high_quantile"": 0.75, ""label_0_q_high"": 0.0, ""label_0_q_low"": -0.4222457706928253, ""label_1_q_high"": 0.0, ""label_1_q_low"": -0.13195593655109406, ""low_quantile"": 0.25}",0.0005315434158454257,0.0021582545280662995,0.0,0.00991458297270356,0.0004921477219141532,0.002145222185117551,0.0,0.009842954438283064,1.9100942512132085e-05,8.325907813676367e-05,0.0,0.0003820188502426417,0.0008865686727814277,0.003864463251163223,0.0,0.017731373455628554,4.293457843610798e-05,0.00018714748858651527,0.0,0.0008586915687221596,0.004652764959656663,0.003316350790926756,0.0008589128114566942,0.014025144112409443,-0.002293895603636906,0.0031660566014873937,-0.011087037225401193,0.005223359256480679,-0.004230337363962628,0.003157299600181696,-0.014012104126135384,-0.0004735545273495279,0.8184678097482838,1.1102230246251565e-16,0.8184678097482837,0.8184678097482837,0.8207042954029624,0.0058698697688685944,0.8112061668132482,0.8390435349689948,-0.0022364856546787824,0.0058698697688685944,-0.02057572522071105,0.007261642935035506,-0.0022364856546787824,0.0058698697688685944,-0.02057572522071105,0.007261642935035506
123,imports,high_density,class_conditional,random,0.05,20,167531,65,"{""high_quantile"": 0.75, ""label_0_q_high"": 0.0, ""label_0_q_low"": -0.4222457706928253, ""label_1_q_high"": 0.0, ""label_1_q_low"": -0.13195593655109406, ""low_quantile"": 0.25}",0.003854212056276152,0.008888875395682967,0.0,0.03786761853030186,0.0007124054652571763,0.0023036786943557777,0.0,0.009842954438283064,0.0027997803391611106,0.008085204563239107,0.0,0.03718117840877211,0.0012833471327648685,0.004149911239304914,0.0,0.017731373455628554,0.00629327000483014,0.018173702646970574,0.0,0.08357484033703644,0.02385226077463604,0.010470752240956222,0.011108027545471542,0.05936250747162023,-0.015531030737901116,0.009475681838561636,-0.04717967552258951,-0.005760069608992487,-0.022148142142638386,0.009959519738000439,-0.05733900699491365,-0.010655515456005682,0.8184678097482838,1.1102230246251565e-16,0.8184678097482837,0.8184678097482837,0.8233082409878959,0.010374572041141837,0.8043811563563583,0.8414381883557058,-0.004840431239612248,0.010374572041141839,-0.022970378607422126,0.014086653391925386,-0.004840431239612248,0.010374572041141839,-0.022970378607422126,0.014086653391925386
123,imports,high_density,class_conditional,random,0.1,20,167531,129,"{""high_quantile"": 0.75, ""label_0_q_high"": 0.0, ""label_0_q_low"": -0.4222457706928253, ""label_1_q_high"": 0.0, ""label_1_q_low"": -0.13195593655109406, ""low_quantile"": 0.25}",0.006004261897798019,0.009564672787094419,0.0,0.042356340020652895,0.0006885292871170112,0.0022674720301512964,0.0,0.009842954438283064,0.0045881060818594764,0.009080084231977653,0.0,0.04166989989912315,0.0012403359175905116,0.004084687541621703,0.0,0.017731373455628554,0.010313019910910748,0.020409966074537763,0.0,0.09366446626952181,0.044604247292285376,0.01314392328326019,0.020750106855812436,0.07203685015918589,-0.03076758311499757,0.011174664542620973,-0.054118659749084135,-0.012404743042827817,-0.04310387533983907,0.012940210768015905,-0.07002774061246413,-0.018397014745936215,0.8184678097482838,1.1102230246251565e-16,0.8184678097482837,0.8184678097482837,0.8260083977110932,0.01121978793106865,0.8107020015998877,0.8473060519021721,-0.0075405879628095696,0.01121978793106865,-0.028838242153888416,0.007765808148396003,-0.0075405879628095696,0.01121978793106865,-0.028838242153888416,0.007765808148396003
123,imports,low_density,class_conditional,important,0.01,1,120001,13,"{""high_quantile"": 0.75, ""label_0_q_high"": 0.0, ""label_0_q_low"": -0.4222457706928253, ""label_1_q_high"": 0.0, ""label_1_q_low"": -0.13195593655109406, ""low_quantile"": 0.25}",0.04644961291989234,0.0,0.04644961291989234,0.04644961291989234,0.0002666644444629628,0.0,0.0002666644444629628,0.0002666644444629628,0.04133298889175924,0.0,0.04133298889175924,0.04133298889175924,0.0005333333333333334,0.0,0.0005333333333333334,0.0005333333333333334,0.08266528891185147,0.0,0.08266528891185147,0.08266528891185147,0.06505493956163293,0.0,0.06505493956163293,0.06505493956163293,-0.04299122569851027,0.0,-0.04299122569851027,-0.04299122569851027,-0.04932769687602259,0.0,-0.04932769687602259,-0.04932769687602259,0.9295030563379498,0.0,0.9295030563379498,0.9295030563379498,0.9296657464042266,0.0,0.9296657464042266,0.9296657464042266,-0.00016269006627678273,0.0,-0.00016269006627678273,-0.00016269006627678273,-0.00016269006627678273,0.0,-0.00016269006627678273,-0.00016269006627678273
123,imports,low_density,class_conditional,important,0.05,1,120001,65,"{""high_quantile"": 0.75, ""label_0_q_high"": 0.0, ""label_0_q_low"": -0.4222457706928253, ""label_1_q_high"": 0.0, ""label_1_q_low"": -0.13195593655109406, ""low_quantile"": 0.25}",0.07034108049099591,0.0,0.07034108049099591,0.07034108049099591,0.0017416521528987258,0.0,0.0017416521528987258,0.0017416521528987258,0.06149115424038133,0.0,0.06149115424038133,0.06149115424038133,0.0034833333333333335,0.0,0.0034833333333333335,0.0034833333333333335,0.12298128364527258,0.0,0.12298128364527258,0.12298128364527258,0.10089242056677628,0.0,0.10089242056677628,0.10089242056677628,-0.033089244912026805,0.0,-0.033089244912026805,-0.033089244912026805,-0.08794960690057801,0.0,-0.08794960690057801,-0.08794960690057801,0.9295030563379498,0.0,0.9295030563379498,0.9295030563379498,0.9269649273900991,0.0,0.9269649273900991,0.9269649273900991,0.0025381289478507707,0.0,0.0025381289478507707,0.0025381289478507707,0.0025381289478507707,0.0,0.0025381289478507707,0.0025381289478507707
123,imports,low_density,class_conditional,important,0.1,1,120001,129,"{""high_quantile"": 0.75, ""label_0_q_high"": 0.0, ""label_0_q_low"": -0.4222457706928253, ""label_1_q_high"": 0.0, ""label_1_q_low"": -0.13195593655109406, ""low_quantile"": 0.25}",0.09193256722860643,0.0,0.09193256722860643,0.09193256722860643,0.003149973750218748,0.0,0.003149973750218748,0.003149973750218748,0.07834101382488479,0.0,0.07834101382488479,0.07834101382488479,0.0063,0.0,0.0063,0.0063,0.15668072198796687,0.0,0.15668072198796687,0.15668072198796687,0.12374171639372905,0.0,0.12374171639372905,0.12374171639372905,-0.01768603402549352,0.0,-0.01768603402549352,-0.01768603402549352,-0.10911458663217936,0.0,-0.10911458663217936,-0.10911458663217936,0.9295030563379498,0.0,0.9295030563379498,0.9295030563379498,0.9206798563079505,0.0,0.9206798563079505,0.9206798563079505,0.008823200029999367,0.0,0.008823200029999367,0.008823200029999367,0.008823200029999367,0.0,0.008823200029999367,0.008823200029999367
123,imports,low_density,class_conditional,random,0.01,20,120001,13,"{""high_quantile"": 0.75, ""label_0_q_high"": 0.0, ""label_0_q_low"": -0.4222457706928253, ""label_1_q_high"": 0.0, ""label_1_q_low"": -0.13195593655109406, ""low_quantile"": 0.25}",0.0042020483162640305,0.002143479855249531,0.0016249864584461796,0.009199923333972217,0.00025833118057349517,0.000242353320976137,4.999958333680553e-05,0.0010416579861834486,0.0024124798960008667,0.0016859749856940865,0.0006833276389363422,0.0071582736810526576,0.0005166666666666668,0.0004847106811742902,0.0001,0.0020833333333333333,0.0048249195846735895,0.0033719218722733963,0.0013666438892685122,0.014316428059532342,0.007228660007042765,0.0038889941026898317,0.002324699720831733,0.017201081416809164,-0.001002320449050838,0.0026371580500768573,-0.006369443515164847,0.005399600871244459,-0.004398204776927699,0.0030751327879733406,-0.011431196523566308,-0.0007214084853911207,0.9295030563379498,0.0,0.9295030563379498,0.9295030563379498,0.9298956266006678,0.0005950306966827578,0.9286121714638089,0.9311175692905118,-0.0003925702627179395,0.0005950306966827577,-0.0016145129525619861,0.000890884874140907,-0.0003925702627179395,0.0005950306966827577,-0.0016145129525619861,0.000890884874140907
123,imports,low_density,class_conditional,random,0.05,20,120001,65,"{""high_quantile"": 0.75, ""label_0_q_high"": 0.0, ""label_0_q_low"": -0.4222457706928253, ""label_1_q_high"": 0.0, ""label_1_q_low"": -0.13195593655109406, ""low_quantile"": 0.25}",0.016079866001116654,0.007584311908992572,0.009274922708977425,0.04146632111399072,0.001014574878542679,0.0013576876047572421,0.0002749977083524304,0.0067832768060266165,0.010709910750743745,0.0074965189721287115,0.0038333013891550904,0.036041366321947314,0.002029166666666666,0.0027153978376412294,0.00055,0.013566666666666666,0.021419643005949902,0.014992913004356886,0.007666538891018483,0.07208213196446726,0.029603146139199066,0.013724033658668994,0.016588393531807848,0.06634682623507983,-0.0048037921931885896,0.010988039274710424,-0.03235359656306222,0.025230298603342364,-0.02272905142654353,0.013388111495131123,-0.05947303190376264,-0.01095888700806748,0.9295030563379498,0.0,0.9295030563379498,0.9295030563379498,0.9317233152572456,0.00178549215066883,0.9255507417931923,0.9333069919668004,-0.0022202589192958865,0.0017854921506688297,-0.0038039356288506188,0.003952314544757529,-0.0022202589192958865,0.0017854921506688297,-0.0038039356288506188,0.003952314544757529
123,imports,low_density,class_conditional,random,0.1,20,120001,129,"{""high_quantile"": 0.75, ""label_0_q_high"": 0.0, ""label_0_q_low"": -0.4222457706928253, ""label_1_q_high"": 0.0, ""label_1_q_low"": -0.13195593655109406, ""low_quantile"": 0.25}",0.027180606828276437,0.0044245535837164444,0.018741510487412606,0.03881634319714002,0.0013379055174540214,0.0014743436819573336,0.0004083299305839118,0.00759993666719444,0.019944000466662778,0.005561152381259559,0.0102582478479346,0.03350805409954917,0.0026758333333333334,0.0029487119363093665,0.0008166666666666667,0.0152,0.03988766853885769,0.011122212078190837,0.0205163247279212,0.06701554974083765,0.049865180206404916,0.00947305068348594,0.03831956915576222,0.0704265419320184,-0.009305831183858016,0.00944601808854996,-0.030819762875766814,0.01530444204769394,-0.04101142829088759,0.01030675205843457,-0.06510574458070441,-0.029886572819924195,0.9295030563379498,0.0,0.9295030563379498,0.9295030563379498,0.9325916515558074,0.001577792970662054,0.9296882363071726,0.9361813565607241,-0.0030885952178575705,0.001577792970662054,-0.006678300222774269,-0.00018517996922273738,-0.0030885952178575705,0.001577792970662054,-0.006678300222774269,-0.00018517996922273738
123,imports,mid_density,class_conditional,important,0.01,1,192468,13,"{""high_quantile"": 0.75, ""label_0_q_high"": 0.0, ""label_0_q_low"": -0.4222457706928253, ""label_1_q_high"": 0.0, ""label_1_q_low"": -0.13195593655109406, ""low_quantile"": 0.25}",0.029210050501901615,0.0,0.029210050501901615,0.029210050501901615,0.00920672527381175,0.0,0.00920672527381175,0.00920672527381175,0.007944177733441403,0.0,0.007944177733441403,0.007944177733441403,0.0203675819818163,0.0,0.0203675819818163,0.0203675819818163,0.014497425735064049,0.0,0.014497425735064049,0.014497425735064049,0.1367099733208076,0.0,0.1367099733208076,0.1367099733208076,-0.06535995089327168,0.0,-0.06535995089327168,-0.06535995089327168,-0.13005232029443337,0.0,-0.13005232029443337,-0.13005232029443337,0.9752393857061687,0.0,0.9752393857061687,0.9752393857061687,0.9753220379998602,0.0,0.9753220379998602,0.9753220379998602,-8.265229369142091e-05,0.0,-8.265229369142091e-05,-8.265229369142091e-05,-8.265229369142091e-05,0.0,-8.265229369142091e-05,-8.265229369142091e-05
123,imports,mid_density,class_conditional,important,0.05,1,192468,65,"{""high_quantile"": 0.75, ""label_0_q_high"": 0.0, ""label_0_q_low"": -0.4222457706928253, ""label_1_q_high"": 0.0, ""label_1_q_low"": -0.13195593655109406, ""low_quantile"": 0.25}",0.046568780264771285,0.0,0.046568780264771285,0.046568780264771285,0.011362927863333126,0.0,0.011362927863333126,0.011362927863333126,0.015545441320115552,0.0,0.015545441320115552,0.015545441320115552,0.02513764209606786,0.0,0.02513764209606786,0.02513764209606786,0.02836906330890231,0.0,0.02836906330890231,0.02836906330890231,0.24776253935222364,0.0,0.24776253935222364,0.24776253935222364,-0.11613178013001006,0.0,-0.11613178013001006,-0.11613178013001006,-0.24087435560742243,0.0,-0.24087435560742243,-0.24087435560742243,0.9752393857061687,0.0,0.9752393857061687,0.9752393857061687,0.9579949114279441,0.0,0.9579949114279441,0.9579949114279441,0.01724447427822462,0.0,0.01724447427822462,0.01724447427822462,0.01724447427822462,0.0,0.01724447427822462,0.01724447427822462
123,imports,mid_density,class_conditional,important,0.1,1,192468,129,"{""high_quantile"": 0.75, ""label_0_q_high"": 0.0, ""label_0_q_low"": -0.4222457706928253, ""label_1_q_high"": 0.0, ""label_1_q_low"": -0.13195593655109406, ""low_quantile"": 0.25}",0.17102583286572312,0.0,0.17102583286572312,0.17102583286572312,0.014584242575389155,0.0,0.014584242575389155,0.014584242575389155,0.1334611467880375,0.0,0.1334611467880375,0.1334611467880375,0.03226399696555212,0.0,0.03226399696555212,0.03226399696555212,0.24355485602131471,0.0,0.24355485602131471,0.24355485602131471,0.2873414105265028,0.0,0.2873414105265028,0.2873414105265028,-0.1175591662247869,0.0,-0.1175591662247869,-0.1175591662247869,-0.2739800876489214,0.0,-0.2739800876489214,-0.2739800876489214,0.9752393857061687,0.0,0.9752393857061687,0.9752393857061687,0.9398454388054601,0.0,0.9398454388054601,0.9398454388054601,0.03539394690070863,0.0,0.03539394690070863,0.03539394690070863,0.03539394690070863,0.0,0.03539394690070863,0.03539394690070863
123,imports,mid_density,class_conditional,random,0.01,20,192468,13,"{""high_quantile"": 0.75, ""label_0_q_high"": 0.0, ""label_0_q_low"": -0.4222457706928253, ""label_1_q_high"": 0.0, ""label_1_q_low"": -0.13195593655109406, ""low_quantile"": 0.25}",0.0033140574017499007,0.002052850974074725,0.0010183511025209386,0.007923395057879751,0.0005382712970467818,0.0004199772004331147,8.313070224660723e-05,0.0018756364694390757,0.0009092420558222663,0.0006233806752416896,6.754369557536837e-05,0.002582247438535237,0.001190790910449305,0.0009290947438875496,0.00018390593211572282,0.004149377593360996,0.0016592867911289784,0.001137614910848109,0.000123261304483867,0.004712374486806299,0.012843810369353299,0.007582447533419199,0.002899759394398967,0.027490345563372563,-0.004439130603735079,0.004906080476907671,-0.020092318557393053,0.0020397291736125125,-0.011457402159986882,0.007140243814416093,-0.02641942453147985,-0.0017282081829226793,0.9752393857061685,2.220446049250313e-16,0.9752393857061687,0.9752393857061687,0.9752674061361327,0.0010123259198102875,0.973877668064389,0.9780654750065143,-2.8020429963931947e-05,0.0010123259198102877,-0.002826089300345558,0.001361717641779725,-2.8020429963931947e-05,0.0010123259198102877,-0.002826089300345558,0.001361717641779725
123,imports,mid_density,class_conditional,random,0.05,20,192468,65,"{""high_quantile"": 0.75, ""label_0_q_high"": 0.0, ""label_0_q_low"": -0.4222457706928253, ""label_1_q_high"": 0.0, ""label_1_q_low"": -0.13195593655109406, ""low_quantile"": 0.25}",0.01253195336367604,0.004842636003566202,0.0056113224016459875,0.023141509237899288,0.002325581395348837,0.0019494509714525813,0.000639067273520793,0.008105243469044204,0.0031301307230292828,0.0024507037049273017,0.000753371989109878,0.01302554190826527,0.005144768450937346,0.004312673757468712,0.0014137768531396191,0.017930828381282973,0.00571221329894659,0.0044723187412171374,0.0013748376269354396,0.023770468487773425,0.0601682925877076,0.019478119973668894,0.03656260766104669,0.10842459341193368,-0.019904991249816633,0.01401022677980064,-0.050469394529244545,0.00677558791220481,-0.056501340818541114,0.01909216764095649,-0.10324341575186524,-0.03379589687139645,0.9752393857061685,2.220446049250313e-16,0.9752393857061687,0.9752393857061687,0.9758184204520093,0.0014640474233792217,0.9720196745096155,0.9784040367326815,-0.0005790347458406008,0.0014640474233792219,-0.0031646510265127548,0.0032197111965532876,-0.0005790347458406008,0.0014640474233792219,-0.0031646510265127548,0.0032197111965532876
123,imports,mid_density,class_conditional,random,0.1,20,192468,129,"{""high_quantile"": 0.75, ""label_0_q_high"": 0.0, ""label_0_q_low"": -0.4222457706928253, ""label_1_q_high"": 0.0, ""label_1_q_low"": -0.13195593655109406, ""low_quantile"": 0.25}",0.019594945653303403,0.002937871390909136,0.014682960284307002,0.024669035891680693,0.0029794563252073074,0.001683466054786218,0.0008728723735893759,0.006146476297358522,0.007018049753725294,0.0027698061027589998,0.003023879294220338,0.01402830600411497,0.006591303548235078,0.003724248510161881,0.0019310122872150896,0.013597544855806255,0.012807323617814104,0.005054652554693118,0.005518313785354661,0.02560042477741853,0.10755975296593565,0.018512286988071704,0.06799347719952192,0.14371100291889718,-0.038621827922942754,0.016904926878662786,-0.07047263270965627,-0.00867236309274371,-0.10196428764655492,0.018309239631760007,-0.13624328824794035,-0.06279637619572083,0.9752393857061685,2.220446049250313e-16,0.9752393857061687,0.9752393857061687,0.9746251588701298,0.0027204195958664364,0.9659402294035455,0.9787119623281924,0.000614226836039028,0.0027204195958664364,-0.0034725766220236043,0.009299156302623235,0.000614226836039028,0.0027204195958664364,-0.0034725766220236043,0.009299156302623235
2024,header,high_density,class_conditional,important,0.01,1,123491,1,"{""high_quantile"": 0.75, ""label_0_q_high"": -0.00011450648162281141, ""label_0_q_low"": -0.013619941659271717, ""label_1_q_high"": -1.1920928955078125e-07, ""label_1_q_low"": -0.032022006809711456, ""low_quantile"": 0.25}",8.097756111781425e-05,0.0,8.097756111781425e-05,8.097756111781425e-05,8.097756111781425e-05,0.0,8.097756111781425e-05,8.097756111781425e-05,0.0,0.0,0.0,0.0,0.00016666388893518441,0.0,0.00016666388893518441,0.00016666388893518441,0.0,0.0,0.0,0.0,0.060464628954360236,0.0,0.060464628954360236,0.060464628954360236,0.059836528121101136,0.0,0.059836528121101136,0.059836528121101136,-0.060460903986548804,0.0,-0.060460903986548804,-0.060460903986548804,0.9997620474635392,0.0,0.9997620474635392,0.9997620474635392,0.9988266452712478,0.0,0.9988266452712478,0.9988266452712478,0.0009354021922914901,0.0,0.0009354021922914901,0.0009354021922914901,0.0009354021922914901,0.0,0.0009354021922914901,0.0009354021922914901
2024,header,high_density,class_conditional,important,0.05,1,123491,4,"{""high_quantile"": 0.75, ""label_0_q_high"": -0.00011450648162281141, ""label_0_q_low"": -0.013619941659271717, ""label_1_q_high"": -1.1920928955078125e-07, ""label_1_q_low"": -0.032022006809711456, ""low_quantile"": 0.25}",0.019774720424970242,0.0,0.019774720424970242,0.019774720424970242,0.019280757302151574,0.0,0.019280757302151574,0.019280757302151574,0.000267225951688787,0.0,0.000267225951688787,0.000267225951688787,0.03968267195546741,0.0,0.03968267195546741,0.03968267195546741,0.0005197668924240038,0.0,0.0005197668924240038,0.0005197668924240038,0.15363472311115364,0.0,0.15363472311115364,0.15363472311115364,0.10686199601661467,0.0,0.10686199601661467,0.10686199601661467,-0.1478459371705116,0.0,-0.1478459371705116,-0.1478459371705116,0.9997620474635392,0.0,0.9997620474635392,0.9997620474635392,0.9986899615882656,0.0,0.9986899615882656,0.9986899615882656,0.0010720858752736317,0.0,0.0010720858752736317,0.0010720858752736317,0.0010720858752736317,0.0,0.0010720858752736317,0.0010720858752736317
2024,header,high_density,class_conditional,important,0.1,1,123491,8,"{""high_quantile"": 0.75, ""label_0_q_high"": -0.00011450648162281141, ""label_0_q_low"": -0.013619941659271717, ""label_1_q_high"": -1.1920928955078125e-07, ""label_1_q_low"": -0.032022006809711456, ""low_quantile"": 0.25}",0.05506474156011369,0.0,0.05506474156011369,0.05506474156011369,0.054352139022276924,0.0,0.054352139022276924,0.054352139022276924,0.0,0.0,0.0,0.0,0.11186480225329577,0.0,0.11186480225329577,0.11186480225329577,0.0,0.0,0.0,0.0,0.3133412226564926,0.0,0.3133412226564926,0.3133412226564926,0.07299314695806987,0.0,0.07299314695806987,0.07299314695806987,-0.29887812412721626,0.0,-0.29887812412721626,-0.29887812412721626,0.9997620474635392,0.0,0.9997620474635392,0.9997620474635392,0.989271997984157,0.0,0.989271997984157,0.989271997984157,0.010490049479382257,0.0,0.010490049479382257,0.010490049479382257,0.010490049479382257,0.0,0.010490049479382257,0.010490049479382257
2024,header,high_density,class_conditional,random,0.01,20,123491,1,"{""high_quantile"": 0.75, ""label_0_q_high"": -0.00011450648162281141, ""label_0_q_low"": -0.013619941659271717, ""label_1_q_high"": -1.1920928955078125e-07, ""label_1_q_low"": -0.032022006809711456, ""low_quantile"": 0.25}",0.00036439902503016414,0.0004835723396691135,0.0,0.0012713477095496837,0.00028261168830117175,0.0003938365975168075,0.0,0.001101294831202274,3.3605687863892915e-05,0.00010313995327578045,0.0,0.00040488780558907124,0.0005816569723837934,0.0008105744114922764,0.0,0.002266628889518508,6.536462435029139e-05,0.0002006120014172217,0.0,0.000787525594581824,0.020378663152495376,0.02235938673769251,9.439831047253762e-21,0.06928436852867721,0.00019066659008253148,0.020844677154488005,-0.040455476419546554,0.059836528121101136,-0.020276899656268665,0.022320717771178483,-0.0691235746122874,9.439831047253762e-21,0.999762047463539,2.220446049250313e-16,0.9997620474635392,0.9997620474635392,0.9996509246896601,0.00026523736043745086,0.9988266452712478,0.9999004228545578,0.00011112277387910763,0.00026523736043745086,-0.00013837539101857477,0.0009354021922914901,0.00011112277387910763,0.00026523736043745086,-0.00013837539101857477,0.0009354021922914901
2024,header,high_density,class_conditional,random,0.05,20,123491,4,"{""high_quantile"": 0.75, ""label_0_q_high"": -0.00011450648162281141, ""label_0_q_low"": -0.013619941659271717, ""label_1_q_high"": -1.1920928955078125e-07, ""label_1_q_low"": -0.032022006809711456, ""low_quantile"": 0.25}",0.004204354973236916,0.006926667690240785,0.0,0.024722449409268692,0.003458551635341847,0.006512290732910007,0.0,0.023880282773643423,0.0006202881181624571,0.0025516534488651873,0.0,0.011733648605971285,0.007118214696421726,0.01340326486054882,0.0,0.049149180846985885,0.0012064892108993544,0.0049630845180943595,0.0,0.02282249173098126,0.07300106010842501,0.04723247646776417,0.0010861365697740614,0.1920106936240007,-0.02302086244410937,0.038642006868995125,-0.09445559290012696,0.046552254864855806,-0.07199716134492772,0.04655972620778679,-0.19001056117485898,-0.0010543436346262154,0.999762047463539,2.220446049250313e-16,0.9997620474635392,0.9997620474635392,0.9989992274082669,0.0008200724598935788,0.9972828072700599,0.9998599285696264,0.0007628200552723896,0.0008200724598935788,-9.788110608710543e-05,0.0024792401934793373,0.0007628200552723896,0.0008200724598935788,-9.788110608710543e-05,0.0024792401934793373
2024,header,high_density,class_conditional,random,0.1,20,123491,8,"{""high_quantile"": 0.75, ""label_0_q_high"": -0.00011450648162281141, ""label_0_q_low"": -0.013619941659271717, ""label_1_q_high"": -1.1920928955078125e-07, ""label_1_q_low"": -0.032022006809711456, ""low_quantile"": 0.25}",0.0128333238859512,0.012068960908147497,1.619551222356285e-05,0.04567134447044724,0.012421148099861527,0.012017208642208975,0.0,0.04545270505542914,0.00010729526848110387,0.00018317537799772133,0.0,0.0006721137572778583,0.02556457392376794,0.02473320632047847,0.0,0.09354844085931902,0.00020869428256418336,0.00035628462126817775,0.0,0.0013072924870058276,0.11480426760769721,0.04081513321397352,0.030786512860140836,0.1863033775257067,-0.024846842894969582,0.03517179816043236,-0.10120911654679991,0.037841198012954026,-0.11221720545696627,0.04033720731831963,-0.1852721562339595,-0.030409139624187304,0.999762047463539,2.220446049250313e-16,0.9997620474635392,0.9997620474635392,0.9987531812255274,0.001713359261103105,0.9937582637128778,0.9998546086603918,0.0010088662380118851,0.001713359261103105,-9.256119685252528e-05,0.006003783750661462,0.0010088662380118851,0.001713359261103105,-9.256119685252528e-05,0.006003783750661462
2024,header,low_density,class_conditional,important,0.01,1,120001,1,"{""high_quantile"": 0.75, ""label_0_q_high"": -0.00011450648162281141, ""label_0_q_low"": -0.013619941659271717, ""label_1_q_high"": -1.1920928955078125e-07, ""label_1_q_low"": -0.032022006809711456, ""low_quantile"": 0.25}",0.05569953583720136,0.0,0.05569953583720136,0.05569953583720136,0.04004133298889176,0.0,0.04004133298889176,0.04004133298889176,0.00011666569445254623,0.0,0.00011666569445254623,0.00011666569445254623,0.0800819986333561,0.0,0.0800819986333561,0.0800819986333561,0.00023333333333333333,0.0,0.00023333333333333333,0.00023333333333333333,0.08047705616073052,0.0,0.08047705616073052,0.08047705616073052,0.07945586212848868,0.0,0.07945586212848868,0.07945586212848868,-0.06839365508767463,0.0,-0.06839365508767463,-0.06839365508767463,0.9587905451575807,0.0,0.9587905451575807,0.9587905451575807,0.938774897918368,0.0,0.938774897918368,0.938774897918368,0.020015647239212675,0.0,0.020015647239212675,0.020015647239212675,0.020015647239212675,0.0,0.020015647239212675,0.020015647239212675
2024,header,low_density,class_conditional,important,0.05,1,120001,4,"{""high_quantile"": 0.75, ""label_0_q_high"": -0.00011450648162281141, ""label_0_q_low"": -0.013619941659271717, ""label_1_q_high"": -1.1920928955078125e-07, ""label_1_q_low"": -0.032022006809711456, ""low_quantile"": 0.25}",0.20716494029216423,0.0,0.20716494029216423,0.20716494029216423,0.15016541528820593,0.0,0.15016541528820593,0.15016541528820593,0.007266606111615737,0.0,0.007266606111615737,0.007266606111615737,0.30032832786120234,0.0,0.30032832786120234,0.30032832786120234,0.014533333333333334,0.0,0.014533333333333334,0.014533333333333334,0.21093089769451304,0.0,0.21093089769451304,0.21093089769451304,0.1438859326810426,0.0,0.1438859326810426,0.1438859326810426,-0.14019824378898738,0.0,-0.14019824378898738,-0.14019824378898738,0.9587905451575807,0.0,0.9587905451575807,0.9587905451575807,0.9176937569096071,0.0,0.9176937569096071,0.9176937569096071,0.04109678824797358,0.0,0.04109678824797358,0.04109678824797358,0.04109678824797358,0.0,0.04109678824797358,0.04109678824797358
2024,header,low_density,class_conditional,important,0.1,1,120001,8,"{""high_quantile"": 0.75, ""label_0_q_high"": -0.00011450648162281141, ""label_0_q_low"": -0.013619941659271717, ""label_1_q_high"": -1.1920928955078125e-07, ""label_1_q_low"": -0.032022006809711456, ""low_quantile"": 0.25}",0.2719894000883326,0.0,0.2719894000883326,0.2719894000883326,0.20168998591678403,0.0,0.20168998591678403,0.20168998591678403,0.010499912500729161,0.0,0.010499912500729161,0.010499912500729161,0.40337661038982686,0.0,0.40337661038982686,0.40337661038982686,0.021,0.0,0.021,0.021,0.2698408193991348,0.0,0.2698408193991348,0.2698408193991348,0.11179157679496048,0.0,0.11179157679496048,0.11179157679496048,-0.2189056104678441,0.0,-0.2189056104678441,-0.2189056104678441,0.9587905451575807,0.0,0.9587905451575807,0.9587905451575807,0.8835868934128874,0.0,0.8835868934128874,0.8835868934128874,0.07520365174469323,0.0,0.07520365174469323,0.07520365174469323,0.07520365174469323,0.0,0.07520365174469323,0.07520365174469323
2024,header,low_density,class_conditional,random,0.01,20,120001,1,"{""high_quantile"": 0.75, ""label_0_q_high"": -0.00011450648162281141, ""label_0_q_low"": -0.013619941659271717, ""label_1_q_high"": -1.1920928955078125e-07, ""label_1_q_low"": -0.032022006809711456, ""low_quantile"": 0.25}",0.010758660344497128,0.016414403573699134,0.0,0.05569953583720136,0.0048020433163056975,0.009441849041220599,0.0,0.04004133298889176,0.0022687310939075505,0.005639951445907752,0.0,0.025833118057349523,0.009604006599890002,0.018883540720913198,0.0,0.0800819986333561,0.0045375,0.011279996891006271,0.0,0.051666666666666666,0.02025232383665639,0.025600458806002032,3.3537707721320593e-21,0.08047705616073052,0.005485960702248835,0.02086126232887072,-0.013450653431410196,0.07945586212848868,-0.016689140276885076,0.02140580936132119,-0.06839365508767463,3.8122176487690036e-06,0.9587905451575806,1.1102230246251565e-16,0.9587905451575807,0.9587905451575807,0.9563035364896695,0.004992654320487744,0.9387748979183681,0.9589378902018298,0.0024870086679110335,0.004992654320487744,-0.00014734504424918082,0.020015647239212564,0.0024870086679110335,0.004992654320487744,-0.00014734504424918082,0.020015647239212564
2024,header,low_density,class_conditional,random,0.05,20,120001,4,"{""high_quantile"": 0.75, ""label_0_q_high"": -0.00011450648162281141, ""label_0_q_low"": -0.013619941659271717, ""label_1_q_high"": -1.1920928955078125e-07, ""label_1_q_low"": -0.032022006809711456, ""low_quantile"": 0.25}",0.036252197898350845,0.034316482494840685,0.0017249856251197906,0.14034049716252364,0.01779568503595803,0.024506745117509537,0.0003249972916892359,0.09654919542337147,0.006067032774726877,0.008471200495121855,0.0001333322222314814,0.03306639111340739,0.03559107348210863,0.04901308179607444,0.0006499891668472192,0.19309678172030467,0.012134166666666668,0.01694254217691863,0.0002666666666666667,0.06613333333333334,0.06217049926744511,0.04055229705383158,0.0021856266981976403,0.1555368573953556,0.015739449130959777,0.040948556314848415,-0.025876744237173392,0.12282305559665123,-0.04747199242374528,0.029633841083794774,-0.13214738968266324,-0.0015894684831131449,0.9587905451575806,1.1102230246251565e-16,0.9587905451575807,0.9587905451575807,0.9529271245062583,0.006896479728258762,0.9377432523346833,0.9599870616045287,0.005863420651322465,0.006896479728258761,-0.0011965164469480705,0.021047292822897412,0.005863420651322465,0.006896479728258761,-0.0011965164469480705,0.021047292822897412
2024,header,low_density,class_conditional,random,0.1,20,120001,8,"{""high_quantile"": 0.75, ""label_0_q_high"": -0.00011450648162281141, ""label_0_q_low"": -0.013619941659271717, ""label_1_q_high"": -1.1920928955078125e-07, ""label_1_q_low"": -0.032022006809711456, ""low_quantile"": 0.25}",0.06469071091074241,0.037656551667551406,0.009166590278414346,0.14334880542662146,0.03206931608903259,0.030248201550874786,0.001699985833451388,0.09782418479846001,0.011798651677902684,0.01073457023134846,0.0011916567361938651,0.041432988058432846,0.06413809769837168,0.0604958989734592,0.003399943334277762,0.19564673922101297,0.023597500000000004,0.021469319372200778,0.0023833333333333332,0.08286666666666667,0.11201187310999512,0.03917918039687213,0.031148064406713333,0.16889276442490989,0.029075947273701008,0.04811468760646606,-0.054307498548779504,0.12770790550955877,-0.09087915095843545,0.030114734553005867,-0.13216610438810591,-0.027994836909404897,0.9587905451575806,1.1102230246251565e-16,0.9587905451575807,0.9587905451575807,0.946515665141692,0.007368123097946998,0.9347365668905518,0.9586760669266623,0.012274880015888579,0.007368123097946998,0.00011447823091836895,0.02405397826702882,0.012274880015888579,0.007368123097946998,0.00011447823091836895,0.02405397826702882
2024,header,mid_density,class_conditional,important,0.01,1,236508,1,"{""high_quantile"": 0.75, ""label_0_q_high"": -0.00011450648162281141, ""label_0_q_low"": -0.013619941659271717, ""label_1_q_high"": -1.1920928955078125e-07, ""label_1_q_low"": -0.032022006809711456, ""low_quantile"": 0.25}",0.03233294434014917,0.0,0.03233294434014917,0.03233294434014917,0.02501818120317283,0.0,0.02501818120317283,0.02501818120317283,0.00016912747137517547,0.0,0.00016912747137517547,0.00016912747137517547,0.049309155152585875,0.0,0.049309155152585875,0.049309155152585875,0.0003433181701141533,0.0,0.0003433181701141533,0.0003433181701141533,0.073784664407053,0.0,0.073784664407053,0.073784664407053,0.07038783172163895,0.0,0.07038783172163895,0.07038783172163895,-0.06778404308352337,0.0,-0.06778404308352337,-0.06778404308352337,0.9768004302231746,0.0,0.9768004302231746,0.9768004302231746,0.9554463086214943,0.0,0.9554463086214943,0.9554463086214943,0.021354121601680376,0.0,0.021354121601680376,0.021354121601680376,0.021354121601680376,0.0,0.021354121601680376,0.021354121601680376
2024,header,mid_density,class_conditional,important,0.05,1,236508,4,"{""high_quantile"": 0.75, ""label_0_q_high"": -0.00011450648162281141, ""label_0_q_low"": -0.013619941659271717, ""label_1_q_high"": -1.1920928955078125e-07, ""label_1_q_low"": -0.032022006809711456, ""low_quantile"": 0.25}",0.17489894633585334,0.0,0.17489894633585334,0.17489894633585334,0.11838077358905406,0.0,0.11838077358905406,0.11838077358905406,0.008202682361696011,0.0,0.008202682361696011,0.008202682361696011,0.23332055534258905,0.0,0.23332055534258905,0.23332055534258905,0.016650931250536436,0.0,0.016650931250536436,0.016650931250536436,0.22984680115639708,0.0,0.22984680115639708,0.22984680115639708,0.14164111000369575,0.0,0.14164111000369575,0.14164111000369575,-0.17521651057394524,0.0,-0.17521651057394524,-0.17521651057394524,0.9768004302231746,0.0,0.9768004302231746,0.9768004302231746,0.9375531044276882,0.0,0.9375531044276882,0.9375531044276882,0.0392473257954864,0.0,0.0392473257954864,0.0392473257954864,0.0392473257954864,0.0,0.0392473257954864,0.0392473257954864
2024,header,mid_density,class_conditional,important,0.1,1,236508,8,"{""high_quantile"": 0.75, ""label_0_q_high"": -0.00011450648162281141, ""label_0_q_low"": -0.013619941659271717, ""label_1_q_high"": -1.1920928955078125e-07, ""label_1_q_low"": -0.032022006809711456, ""low_quantile"": 0.25}",0.29634938353036683,0.0,0.29634938353036683,0.29634938353036683,0.22601772455900013,0.0,0.22601772455900013,0.22601772455900013,0.005957515179190556,0.0,0.005957515179190556,0.005957515179190556,0.44546575776262937,0.0,0.44546575776262937,0.44546575776262937,0.012093382542271049,0.0,0.012093382542271049,0.012093382542271049,0.34344612969392163,0.0,0.34344612969392163,0.34344612969392163,0.1355673708475938,0.0,0.1355673708475938,0.1355673708475938,-0.2870543223948948,0.0,-0.2870543223948948,-0.2870543223948948,0.9768004302231746,0.0,0.9768004302231746,0.9768004302231746,0.8968566710326354,0.0,0.8968566710326354,0.8968566710326354,0.0799437591905392,0.0,0.0799437591905392,0.0799437591905392,0.0799437591905392,0.0,0.0799437591905392,0.0799437591905392
2024,header,mid_density,class_conditional,random,0.01,20,236508,1,"{""high_quantile"": 0.75, ""label_0_q_high"": -0.00011450648162281141, ""label_0_q_low"": -0.013619941659271717, ""label_1_q_high"": -1.1920928955078125e-07, ""label_1_q_low"": -0.032022006809711456, ""low_quantile"": 0.25}",0.009322940450217329,0.013123110685319893,0.0,0.0426454919072505,0.0033284286366634538,0.007034135944154998,0.0,0.02501818120317283,0.002170539685761158,0.0037197592547391907,0.0,0.01289174150557275,0.006560109335155585,0.01386380959582835,0.0,0.049309155152585875,0.004406059565702515,0.007550878223498896,0.0,0.026169427516951334,0.02641209054777154,0.03282967035019849,5.04042980656579e-20,0.10008476378338307,0.0050738938575358205,0.02351061175140144,-0.014488124480137,0.07296851782479319,-0.023872964374674822,0.02966191567929765,-0.08896786201433408,4.248278439992587e-20,0.9768004302231746,0.0,0.9768004302231746,0.9768004302231746,0.9743411051869174,0.005552596690138731,0.9554463088360715,0.9785147584620072,0.002459325036257154,0.005552596690138731,-0.001714328238832552,0.02135412138710313,0.002459325036257154,0.005552596690138731,-0.001714328238832552,0.02135412138710313
2024,header,mid_density,class_conditional,random,0.05,20,236508,4,"{""high_quantile"": 0.75, ""label_0_q_high"": -0.00011450648162281141, ""label_0_q_low"": -0.013619941659271717, ""label_1_q_high"": -1.1920928955078125e-07, ""label_1_q_low"": -0.032022006809711456, ""low_quantile"": 0.25}",0.030805511864292118,0.03242000661555662,0.00068919444585384,0.1358474131953253,0.013214563566560113,0.020611606477379796,0.00010147648282510528,0.08479205777394422,0.004899622845738834,0.0057610039677405776,0.00017335565815955486,0.02476026180932569,0.026045017416956945,0.04062409227447242,0.00020000333338888982,0.1671194519908665,0.009945927388207019,0.011694477095548779,0.00035190112436700715,0.050261780104712044,0.07832317821108205,0.050979666384003225,0.002459020469313167,0.18936482194363619,0.01024887135888787,0.04145989021436943,-0.046341224602141094,0.10881915529002467,-0.06729606037232473,0.0420868254813096,-0.17489432349092535,-0.00228670101675177,0.9768004302231746,0.0,0.9768004302231746,0.9768004302231746,0.9707261175238824,0.0069972622622225525,0.955443164096508,0.9774127030017491,0.00607431269929215,0.0069972622622225525,-0.000612272778574452,0.021357266126666663,0.00607431269929215,0.0069972622622225525,-0.000612272778574452,0.021357266126666663
2024,header,mid_density,class_conditional,random,0.1,20,236508,8,"{""high_quantile"": 0.75, ""label_0_q_high"": -0.00011450648162281141, ""label_0_q_low"": -0.013619941659271717, ""label_1_q_high"": -1.1920928955078125e-07, ""label_1_q_low"": -0.032022006809711456, ""low_quantile"": 0.25}",0.0626883657212441,0.04283450304603251,0.005221810678708543,0.15966901753851878,0.02810560319312666,0.031712737824236885,0.00024523483349400444,0.110723527322543,0.01031360461379742,0.008890447279504898,0.0013530197710014038,0.03155918615860774,0.05539425657094286,0.06250367670573358,0.00048334138902315037,0.2182286371439524,0.020935971161273707,0.018047050941388244,0.0027465453609132264,0.064063170543301,0.14570764761245014,0.05027771621677004,0.03131347506961045,0.2180886251313803,0.02794672464149866,0.05155154717871059,-0.06671709039938455,0.12034640044253986,-0.12849777858788342,0.042820086297647476,-0.1866234063283214,-0.02857673756011102,0.9768004302231746,0.0,0.9768004302231746,0.9768004302231746,0.9671847567334716,0.0070568222020930315,0.9546744654424468,0.9773121367103036,0.009615673489702986,0.0070568222020930315,-0.000511706487128949,0.022125964780727814,0.009615673489702986,0.0070568222020930315,-0.000511706487128949,0.022125964780727814
2024,imports,high_density,class_conditional,important,0.01,1,156979,13,"{""high_quantile"": 0.75, ""label_0_q_high"": -2.980232238769531e-07, ""label_0_q_low"": -0.4241471290588379, ""label_1_q_high"": 0.0, ""label_1_q_low"": -0.13810329139232635, ""low_quantile"": 0.25}",0.0054211072818657275,0.0,0.0054211072818657275,0.0054211072818657275,0.0018346403022060276,0.0,0.0018346403022060276,0.0018346403022060276,0.0,0.0,0.0,0.0,0.0030803127373070795,0.0,0.0030803127373070795,0.0030803127373070795,0.0,0.0,0.0,0.0,0.07274575522937375,0.0,0.07274575522937375,0.07274575522937375,-0.046933700314229,0.0,-0.046933700314229,-0.046933700314229,-0.07226962659358746,0.0,-0.07226962659358746,-0.07226962659358746,0.9516707222549036,0.0,0.9516707222549036,0.9516707222549036,0.9916386283079959,0.0,0.9916386283079959,0.9916386283079959,-0.039967906053092306,0.0,-0.039967906053092306,-0.039967906053092306,-0.039967906053092306,0.0,-0.039967906053092306,-0.039967906053092306
2024,imports,high_density,class_conditional,important,0.05,1,156979,65,"{""high_quantile"": 0.75, ""label_0_q_high"": -2.980232238769531e-07, ""label_0_q_low"": -0.4241471290588379, ""label_1_q_high"": 0.0, ""label_1_q_low"": -0.13810329139232635, ""low_quantile"": 0.25}",0.024442759859599053,0.0,0.024442759859599053,0.024442759859599053,0.0018346403022060276,0.0,0.0018346403022060276,0.0018346403022060276,0.016906720007134713,0.0,0.016906720007134713,0.016906720007134713,0.0030803127373070795,0.0,0.0030803127373070795,0.0030803127373070795,0.041807126429539085,0.0,0.041807126429539085,0.041807126429539085,0.12928140748830352,0.0,0.12928140748830352,0.12928140748830352,-0.08964931911914155,0.0,-0.08964931911914155,-0.08964931911914155,-0.1283499324303104,0.0,-0.1283499324303104,-0.1283499324303104,0.9516707222549036,0.0,0.9516707222549036,0.9516707222549036,0.9944491072806835,0.0,0.9944491072806835,0.9944491072806835,-0.04277838502577991,0.0,-0.04277838502577991,-0.04277838502577991,-0.04277838502577991,0.0,-0.04277838502577991,-0.04277838502577991
2024,imports,high_density,class_conditional,important,0.1,1,156979,129,"{""high_quantile"": 0.75, ""label_0_q_high"": -2.980232238769531e-07, ""label_0_q_low"": -0.4241471290588379, ""label_1_q_high"": 0.0, ""label_1_q_low"": -0.13810329139232635, ""low_quantile"": 0.25}",0.02927780148937119,0.0,0.02927780148937119,0.02927780148937119,0.005382885608903102,0.0,0.005382885608903102,0.005382885608903102,0.01724434478497124,0.0,0.01724434478497124,0.01724434478497124,0.009037723135501673,0.0,0.009037723135501673,0.009037723135501673,0.0426420087583882,0.0,0.0426420087583882,0.0426420087583882,0.14214728710764563,0.0,0.14214728710764563,0.14214728710764563,-0.0966785665590096,0.0,-0.0966785665590096,-0.0966785665590096,-0.13951190601849264,0.0,-0.13951190601849264,-0.13951190601849264,0.9516707222549036,0.0,0.9516707222549036,0.9516707222549036,0.994617341088752,0.0,0.994617341088752,0.994617341088752,-0.04294661883384843,0.0,-0.04294661883384843,-0.04294661883384843,-0.04294661883384843,0.0,-0.04294661883384843,-0.04294661883384843
2024,imports,high_density,class_conditional,random,0.01,20,156979,13,"{""high_quantile"": 0.75, ""label_0_q_high"": -2.980232238769531e-07, ""label_0_q_low"": -0.4241471290588379, ""label_1_q_high"": 0.0, ""label_1_q_low"": -0.13810329139232635, ""low_quantile"": 0.25}",0.0008029736461564923,0.0019118219004822415,0.0,0.0054211072818657275,0.00018346403022060276,0.0005503920906618084,0.0,0.0018346403022060276,0.00024111505360589633,0.0010509961524344945,0.0,0.004822301072117926,0.000308031273730708,0.0009240938211921239,0.0,0.0030803127373070795,0.0005962320027724394,0.002598915046989926,0.0,0.011924640055448788,0.00862507777762179,0.0062891571599436305,0.0010072526582208196,0.025618598756194676,-0.00581214666489638,0.005650662187647364,-0.020891805758195273,0.00238408473803018,-0.0077556471356407435,0.006112084221629633,-0.024997604506099547,-0.0009183437480994121,0.9516707222549036,0.0,0.9516707222549036,0.9516707222549036,0.9544135524151954,0.006124711950302919,0.9510894268697481,0.9711730954315457,-0.0027428301602917147,0.006124711950302919,-0.019502373176642163,0.0005812953851555003,-0.0027428301602917147,0.006124711950302919,-0.019502373176642163,0.0005812953851555003
2024,imports,high_density,class_conditional,random,0.05,20,156979,65,"{""high_quantile"": 0.75, ""label_0_q_high"": -2.980232238769531e-07, ""label_0_q_low"": -0.4241471290588379, ""label_1_q_high"": 0.0, ""label_1_q_low"": -0.13810329139232635, ""low_quantile"": 0.25}",0.004507927812000332,0.005675346895286504,0.0,0.018779581982303364,0.00010638365641264119,0.00046371560754705565,0.0,0.002127673128252824,0.003474350072302665,0.004918092648952589,0.0,0.016855757776517877,0.00017861535664245913,0.0007785662893689557,0.0,0.0035723071328491824,0.008591411738760593,0.012161514538608245,0.0,0.04168110645537318,0.030666036424610278,0.010622343133463153,0.013807746459274888,0.059943633177339216,-0.020923194523513218,0.010122016968163854,-0.05106444332560976,-0.0061521216803188524,-0.029408949936457606,0.010698738981446963,-0.05783724413100814,-0.012591879485542088,0.9516707222549036,0.0,0.9516707222549036,0.9516707222549036,0.9585179140051239,0.009200376204903429,0.951116174877824,0.9906738692993798,-0.006847191750220205,0.009200376204903427,-0.03900314704447627,0.0005545473770796061,-0.006847191750220205,0.009200376204903427,-0.03900314704447627,0.0005545473770796061
2024,imports,high_density,class_conditional,random,0.1,20,156979,129,"{""high_quantile"": 0.75, ""label_0_q_high"": -2.980232238769531e-07, ""label_0_q_low"": -0.4241471290588379, ""label_1_q_high"": 0.0, ""label_1_q_low"": -0.13810329139232635, ""low_quantile"": 0.25}",0.004726109861828653,0.005085962914939309,0.0,0.018193516330209773,0.0005847915963281713,0.0008422356652265235,0.0,0.002127673128252824,0.002751641939367686,0.0031223416424508575,0.0,0.010631995362437014,0.0009818496850166317,0.0014140914948243734,0.0,0.0035723071328491824,0.006804290980120349,0.007720961354246766,0.0,0.02629091711036199,0.060248858755144165,0.014710947487445851,0.03239217066049679,0.0868651093376877,-0.04279289037737017,0.013743932645904058,-0.06757864474844265,-0.015760543592577364,-0.05850959844011964,0.014461063090416391,-0.0827245343538517,-0.02990779770985585,0.9516707222549036,0.0,0.9516707222549036,0.9516707222549036,0.9712663680057391,0.011597421245668392,0.9535980913773039,0.9937055145263155,-0.01959564575083551,0.01159742124566839,-0.042034792271411936,-0.0019273691224003242,-0.01959564575083551,0.01159742124566839,-0.042034792271411936,-0.0019273691224003242
2024,imports,low_density,class_conditional,important,0.01,1,120047,13,"{""high_quantile"": 0.75, ""label_0_q_high"": -2.980232238769531e-07, ""label_0_q_low"": -0.4241471290588379, ""label_1_q_high"": 0.0, ""label_1_q_low"": -0.13810329139232635, ""low_quantile"": 0.25}",0.03194582122002216,0.0,0.03194582122002216,0.03194582122002216,0.002782243621248344,0.0,0.002782243621248344,0.002782243621248344,0.022299599323598256,0.0,0.022299599323598256,0.022299599323598256,0.00556657389043516,0.0,0.00556657389043516,0.00556657389043516,0.04458248676015055,0.0,0.04458248676015055,0.04458248676015055,0.08430164431363475,0.0,0.08430164431363475,0.08430164431363475,-0.006634436684523818,0.0,-0.006634436684523818,-0.006634436684523818,-0.07982692882641829,0.0,-0.07982692882641829,-0.07982692882641829,0.9317386200642894,0.0,0.9317386200642894,0.9317386200642894,0.9263596102185117,0.0,0.9263596102185117,0.9263596102185117,0.005379009845777771,0.0,0.005379009845777771,0.005379009845777771,0.005379009845777771,0.0,0.005379009845777771,0.005379009845777771
2024,imports,low_density,class_conditional,important,0.05,1,120047,65,"{""high_quantile"": 0.75, ""label_0_q_high"": -2.980232238769531e-07, ""label_0_q_low"": -0.4241471290588379, ""label_1_q_high"": 0.0, ""label_1_q_low"": -0.13810329139232635, ""low_quantile"": 0.25}",0.061101068748073674,0.0,0.061101068748073674,0.061101068748073674,0.009279698784642682,0.0,0.009279698784642682,0.009279698784642682,0.036260797854173785,0.0,0.036260797854173785,0.036260797854173785,0.018566357227379544,0.0,0.018566357227379544,0.018566357227379544,0.07249442094394298,0.0,0.07249442094394298,0.07249442094394298,0.14646668965044093,0.0,0.14646668965044093,0.14646668965044093,0.012962790460567735,0.0,0.012962790460567735,0.012962790460567735,-0.13972234533559058,0.0,-0.13972234533559058,-0.13972234533559058,0.9317386200642894,0.0,0.9317386200642894,0.9317386200642894,0.915113353818616,0.0,0.915113353818616,0.915113353818616,0.016625266245673398,0.0,0.016625266245673398,0.016625266245673398,0.016625266245673398,0.0,0.016625266245673398,0.016625266245673398
2024,imports,low_density,class_conditional,important,0.1,1,120047,129,"{""high_quantile"": 0.75, ""label_0_q_high"": -2.980232238769531e-07, ""label_0_q_low"": -0.4241471290588379, ""label_1_q_high"": 0.0, ""label_1_q_low"": -0.13810329139232635, ""low_quantile"": 0.25}",0.10058560397177772,0.0,0.10058560397177772,0.10058560397177772,0.019209143085624797,0.0,0.019209143085624797,0.019209143085624797,0.054262080685065016,0.0,0.054262080685065016,0.054262080685065016,0.03843269278845353,0.0,0.03843269278845353,0.03843269278845353,0.10848349598641042,0.0,0.10848349598641042,0.10848349598641042,0.163449660756316,0.0,0.163449660756316,0.163449660756316,0.026785914964434027,0.0,0.026785914964434027,0.026785914964434027,-0.15454853846125804,0.0,-0.15454853846125804,-0.15454853846125804,0.9317386200642894,0.0,0.9317386200642894,0.9317386200642894,0.9050803461916788,0.0,0.9050803461916788,0.9050803461916788,0.02665827387261066,0.0,0.02665827387261066,0.02665827387261066,0.02665827387261066,0.0,0.02665827387261066,0.02665827387261066
2024,imports,low_density,class_conditional,random,0.01,20,120047,13,"{""high_quantile"": 0.75, ""label_0_q_high"": -2.980232238769531e-07, ""label_0_q_low"": -0.4241471290588379, ""label_1_q_high"": 0.0, ""label_1_q_low"": -0.13810329139232635, ""low_quantile"": 0.25}",0.00450615175722842,0.0025648401044297917,0.0014910826592917773,0.013236482377735387,0.0002436545686272876,0.00015225753762462414,9.163077794530476e-05,0.0007746965771739402,0.002754337884328638,0.0021229496569280127,0.0006080951627279315,0.010137696069039626,0.00048749187513541444,0.00030462926649927924,0.00018333027782870286,0.001549974167097215,0.0055066115977750385,0.0042443083213742315,0.0012157346034706725,0.0202677946907371,0.0077365759355450345,0.003871003115897865,0.0024401205658540564,0.019801479102869047,-0.0020447934736595444,0.0031813155889525587,-0.012825126710207881,0.0025491894632586293,-0.004832011735699572,0.0027757285196150752,-0.012218877554745976,-0.0011841657867323148,0.9317386200642895,1.1102230246251565e-16,0.9317386200642894,0.9317386200642894,0.9324587655314159,0.0005724421475274341,0.9313680035797158,0.9338297017458086,-0.0007201454671267426,0.000572442147527434,-0.002091081681519169,0.00037061648457359375,-0.0007201454671267426,0.000572442147527434,-0.002091081681519169,0.00037061648457359375
2024,imports,low_density,class_conditional,random,0.05,20,120047,65,"{""high_quantile"": 0.75, ""label_0_q_high"": -2.980232238769531e-07, ""label_0_q_low"": -0.4241471290588379, ""label_1_q_high"": 0.0, ""label_1_q_low"": -0.13810329139232635, ""low_quantile"": 0.25}",0.013447649670545703,0.003015666550722246,0.008821544894916157,0.01890926053962198,0.0010525044357626598,0.0005005899497292605,0.00042483360683732204,0.0020908477512974087,0.008895266020808517,0.0026896097919005763,0.004548218614376036,0.014236090864411438,0.002105798236696055,0.0010015553356635478,0.0008499858335694405,0.0041832636122731285,0.017783865702961067,0.005377203921798095,0.009093028678013523,0.02846151284015588,0.026966312093958784,0.006314255091821292,0.016053924951969032,0.04058238918521595,-0.005334464497857037,0.005317273242079639,-0.01970565304247229,0.0036932608808545766,-0.020521508565735987,0.006555613172675416,-0.03722730279428729,-0.010943622102341606,0.9317386200642895,1.1102230246251565e-16,0.9317386200642894,0.9317386200642894,0.9334849290374466,0.0008910012910476216,0.9313722778703559,0.9348976331026,-0.001746308973157168,0.0008910012910476216,-0.0031590130383105652,0.00036634219393349987,-0.001746308973157168,0.0008910012910476216,-0.0031590130383105652,0.00036634219393349987
2024,imports,low_density,class_conditional,random,0.1,20,120047,129,"{""high_quantile"": 0.75, ""label_0_q_high"": -2.980232238769531e-07, ""label_0_q_low"": -0.4241471290588379, ""label_1_q_high"": 0.0, ""label_1_q_low"": -0.13810329139232635, ""low_quantile"": 0.25}",0.030444742475863616,0.010119314438922361,0.018559397569285364,0.06118436945529668,0.002767665997484318,0.0027911528515272344,0.0006247553041725324,0.010512549251543145,0.020420751872183392,0.011003415354760251,0.008746574258415454,0.052704357459994834,0.005537407709871502,0.005584399032804286,0.001249979167013883,0.02103298278362027,0.04082619991339972,0.021998584470121298,0.017486593611564467,0.10536921693368417,0.054772656542007504,0.014532610370856385,0.034588625234547934,0.0867044215690158,-0.004953450094525967,0.015513503971258677,-0.025821767615850394,0.031370065844000566,-0.045028643420781736,0.015050192798534623,-0.07781368861208114,-0.02756760651465815,0.9317386200642895,1.1102230246251565e-16,0.9317386200642894,0.9317386200642894,0.9327785314815026,0.002245684959516527,0.9267645610574023,0.936441857329446,-0.001039911417213274,0.0022456849595165265,-0.004703237265156535,0.004974059006887077,-0.001039911417213274,0.0022456849595165265,-0.004703237265156535,0.004974059006887077
2024,imports,mid_density,class_conditional,important,0.01,1,202974,13,"{""high_quantile"": 0.75, ""label_0_q_high"": -2.980232238769531e-07, ""label_0_q_low"": -0.4241471290588379, ""label_1_q_high"": 0.0, ""label_1_q_low"": -0.13810329139232635, ""low_quantile"": 0.25}",0.0324228718949225,0.0,0.0324228718949225,0.0324228718949225,0.00913910155980569,0.0,0.00913910155980569,0.00913910155980569,0.011228039059189846,0.0,0.011228039059189846,0.011228039059189846,0.021444590876511526,0.0,0.021444590876511526,0.021444590876511526,0.019566934542207568,0.0,0.019566934542207568,0.019566934542207568,0.1404629675517564,0.0,0.1404629675517564,0.1404629675517564,-0.03368325384032063,0.0,-0.03368325384032063,-0.03368325384032063,-0.13428530624819807,0.0,-0.13428530624819807,-0.13428530624819807,0.9516203648087829,0.0,0.9516203648087829,0.9516203648087829,0.9279599095693569,0.0,0.9279599095693569,0.9279599095693569,0.023660455239425948,0.0,0.023660455239425948,0.023660455239425948,0.023660455239425948,0.0,0.023660455239425948,0.023660455239425948
2024,imports,mid_density,class_conditional,important,0.05,1,202974,65,"{""high_quantile"": 0.75, ""label_0_q_high"": -2.980232238769531e-07, ""label_0_q_low"": -0.4241471290588379, ""label_1_q_high"": 0.0, ""label_1_q_low"": -0.13810329139232635, ""low_quantile"": 0.25}",0.06287012129632366,0.0,0.06287012129632366,0.06287012129632366,0.010607269896637008,0.0,0.010607269896637008,0.010607269896637008,0.03772404347354834,0.0,0.03772404347354834,0.03772404347354834,0.024889597928371598,0.0,0.024889597928371598,0.024889597928371598,0.06574112232983034,0.0,0.06574112232983034,0.06574112232983034,0.22928752140749095,0.0,0.22928752140749095,0.22928752140749095,-0.04858016938039654,0.0,-0.04858016938039654,-0.04858016938039654,-0.22044155130072496,0.0,-0.22044155130072496,-0.22044155130072496,0.9516203648087829,0.0,0.9516203648087829,0.9516203648087829,0.872974680638319,0.0,0.872974680638319,0.872974680638319,0.07864568417046391,0.0,0.07864568417046391,0.07864568417046391,0.07864568417046391,0.0,0.07864568417046391,0.07864568417046391
2024,imports,mid_density,class_conditional,important,0.1,1,202974,129,"{""high_quantile"": 0.75, ""label_0_q_high"": -2.980232238769531e-07, ""label_0_q_low"": -0.4241471290588379, ""label_1_q_high"": 0.0, ""label_1_q_low"": -0.13810329139232635, ""low_quantile"": 0.25}",0.10262398139663208,0.0,0.10262398139663208,0.10262398139663208,0.01721895415176328,0.0,0.01721895415176328,0.01721895415176328,0.07145742804497128,0.0,0.07145742804497128,0.07145742804497128,0.04040369008809045,0.0,0.04040369008809045,0.04040369008809045,0.12452778350161413,0.0,0.12452778350161413,0.12452778350161413,0.25666201837884883,0.0,0.25666201837884883,0.25666201837884883,-0.050748324943657115,0.0,-0.050748324943657115,-0.050748324943657115,-0.23806376400021212,0.0,-0.23806376400021212,-0.23806376400021212,0.9516203648087829,0.0,0.9516203648087829,0.9516203648087829,0.8169479944835161,0.0,0.8169479944835161,0.8169479944835161,0.1346723703252668,0.0,0.1346723703252668,0.1346723703252668,0.1346723703252668,0.0,0.1346723703252668,0.1346723703252668
2024,imports,mid_density,class_conditional,random,0.01,20,202974,13,"{""high_quantile"": 0.75, ""label_0_q_high"": -2.980232238769531e-07, ""label_0_q_low"": -0.4241471290588379, ""label_1_q_high"": 0.0, ""label_1_q_low"": -0.13810329139232635, ""low_quantile"": 0.25}",0.001761555667228315,0.0014922494822254722,0.00035472523574447956,0.007040310581650852,0.0004468552622503375,0.0004860350134776917,0.00014287544217485984,0.0019411353178239578,0.0004993250367042084,0.0004765822080308144,9.85347877067999e-06,0.0021184979356961976,0.0010485306698111026,0.0011404646230794779,0.00033525236410718827,0.004554807981318351,0.0008701662202074318,0.0008305326352500731,1.7171509032213752e-05,0.0036918744419259563,0.011556288027166784,0.0066417424174984785,0.0029441401908577264,0.030570890606048964,-0.00395899166724332,0.004441398958140136,-0.01688745815090628,0.0017985291736072975,-0.010521663498650649,0.006144149963304038,-0.0272754351205541,-0.002579417353338039,0.9516203648087828,1.1102230246251565e-16,0.9516203648087829,0.9516203648087829,0.9514136199253942,0.0006905924596455833,0.9498893498703189,0.9530652777558026,0.00020674488338860432,0.0006905924596455833,-0.0014449129470197608,0.0017310149384639484,0.00020674488338860432,0.0006905924596455833,-0.0014449129470197608,0.0017310149384639484
2024,imports,mid_density,class_conditional,random,0.05,20,202974,65,"{""high_quantile"": 0.75, ""label_0_q_high"": -2.980232238769531e-07, ""label_0_q_low"": -0.4241471290588379, ""label_1_q_high"": 0.0, ""label_1_q_low"": -0.13810329139232635, ""low_quantile"": 0.25}",0.0071836786977642455,0.003479383171672737,0.003266428212480416,0.01684944869786278,0.00193029649117621,0.002239502808301762,0.0004976006779193394,0.010592489678480988,0.001828066648930405,0.0008970866975669913,0.0004976006779193394,0.0039069043325746155,0.004529375043351599,0.005254917146565881,0.0011676030612008971,0.024854916649326028,0.003185744213201456,0.0015633394751696761,0.0008671612061267944,0.006808503331272752,0.04793184024982784,0.012713254265973657,0.028071644954087087,0.0762181801168135,-0.013013811649095675,0.01056590542026666,-0.04034566911155577,-0.0002646799559932799,-0.04496541616472049,0.012617085312515718,-0.07332658817230434,-0.023957098655517515,0.9516203648087828,1.1102230246251565e-16,0.9516203648087829,0.9516203648087829,0.9499383431546018,0.002582962542304648,0.9440163601356771,0.9536581563530838,0.0016820216541808986,0.0025829625423046485,-0.0020377915443009487,0.007604004673105735,0.0016820216541808986,0.0025829625423046485,-0.0020377915443009487,0.007604004673105735
2024,imports,mid_density,class_conditional,random,0.1,20,202974,129,"{""high_quantile"": 0.75, ""label_0_q_high"": -2.980232238769531e-07, ""label_0_q_low"": -0.4241471290588379, ""label_1_q_high"": 0.0, ""label_1_q_low"": -0.13810329139232635, ""low_quantile"": 0.25}",0.015216973602530373,0.005249626408383186,0.007897563234700011,0.02509681042892193,0.004732872190526865,0.0032387390494102624,0.0012267581069496586,0.011021116005005568,0.004315577364588567,0.002608259511538453,0.0019657690147506577,0.012558258693231645,0.011105523571709323,0.007599590989977094,0.0028785461607824096,0.02586067374164759,0.0075206916683838165,0.0045453745629422185,0.003425716051926643,0.021885088261556426,0.09498786238507057,0.023310793602502555,0.063282326589555,0.14793948740220536,-0.023542475572200107,0.01784124881604576,-0.06344078496784927,0.005578643217202084,-0.08999947785698223,0.02308592787002325,-0.14306609756916253,-0.059296549071544996,0.9516203648087828,1.1102230246251565e-16,0.9516203648087829,0.9516203648087829,0.9434082577892943,0.007308207148171389,0.9228516537199818,0.9520158047492602,0.008212107019488846,0.007308207148171389,-0.0003954399404773046,0.02876871108880108,0.008212107019488846,0.007308207148171389,-0.0003954399404773046,0.02876871108880108
