seed,feature_group,density_bin,perturbation_type,strength,n_rows,n_samples,n_masked_features,flip_rate_mean,flip_rate_std,flip_rate_min,flip_rate_max,benign_to_malware_rate_overall_mean,benign_to_malware_rate_overall_std,benign_to_malware_rate_overall_min,benign_to_malware_rate_overall_max,malware_to_benign_rate_overall_mean,malware_to_benign_rate_overall_std,malware_to_benign_rate_overall_min,malware_to_benign_rate_overall_max,benign_to_malware_rate_cond_mean,benign_to_malware_rate_cond_std,benign_to_malware_rate_cond_min,benign_to_malware_rate_cond_max,malware_to_benign_rate_cond_mean,malware_to_benign_rate_cond_std,malware_to_benign_rate_cond_min,malware_to_benign_rate_cond_max,mean_abs_probability_shift_mean,mean_abs_probability_shift_std,mean_abs_probability_shift_min,mean_abs_probability_shift_max,mean_signed_probability_shift_mean,mean_signed_probability_shift_std,mean_signed_probability_shift_min,mean_signed_probability_shift_max,mean_margin_shift_mean,mean_margin_shift_std,mean_margin_shift_min,mean_margin_shift_max,baseline_auc_mean,baseline_auc_std,baseline_auc_min,baseline_auc_max,perturbed_auc_mean,perturbed_auc_std,perturbed_auc_min,perturbed_auc_max,delta_auc_mean,delta_auc_std,delta_auc_min,delta_auc_max,auc_drop_mean,auc_drop_std,auc_drop_min,auc_drop_max
13,header,high_density,important,0.01,1,180000,1,0.0001,0.0,0.0001,0.0001,0.0001,0.0,0.0001,0.0001,0.0,0.0,0.0,0.0,0.0003979483551467987,0.0,0.0003979483551467987,0.0003979483551467987,0.0,0.0,0.0,0.0,0.005293436412535711,0.0,0.005293436412535711,0.005293436412535711,0.00527831414513931,0.0,0.00527831414513931,0.00527831414513931,-0.0034308810284641835,0.0,-0.0034308810284641835,-0.0034308810284641835,0.9995641883604784,0.0,0.9995641883604784,0.9995641883604784,0.9995092307566481,0.0,0.9995092307566481,0.9995092307566481,5.4957603830341206e-05,0.0,5.4957603830341206e-05,5.4957603830341206e-05,5.4957603830341206e-05,0.0,5.4957603830341206e-05,5.4957603830341206e-05
13,header,high_density,important,0.05,1,180000,4,0.023322222222222223,0.0,0.023322222222222223,0.023322222222222223,0.01852222222222222,0.0,0.01852222222222222,0.01852222222222222,0.0,0.0,0.0,0.0,0.07370887866996817,0.0,0.07370887866996817,0.07370887866996817,0.0,0.0,0.0,0.0,0.06259217449594758,0.0,0.06259217449594758,0.06259217449594758,0.04850766177790457,0.0,0.04850766177790457,0.04850766177790457,-0.048281198374663756,0.0,-0.048281198374663756,-0.048281198374663756,0.9995641883604784,0.0,0.9995641883604784,0.9995641883604784,0.9959167526629946,0.0,0.9959167526629946,0.9959167526629946,0.003647435697483825,0.0,0.003647435697483825,0.003647435697483825,0.003647435697483825,0.0,0.003647435697483825,0.003647435697483825
13,header,high_density,important,0.1,1,180000,8,0.05265555555555555,0.0,0.05265555555555555,0.05265555555555555,0.009533333333333333,0.0,0.009533333333333333,0.009533333333333333,0.03892222222222222,0.0,0.03892222222222222,0.03892222222222222,0.037937743190661476,0.0,0.037937743190661476,0.037937743190661476,0.051985634572005224,0.0,0.051985634572005224,0.051985634572005224,0.2358111756849864,0.0,0.2358111756849864,0.2358111756849864,-0.11876427320929504,0.0,-0.11876427320929504,-0.11876427320929504,-0.21360514313876153,0.0,-0.21360514313876153,-0.21360514313876153,0.9995641883604784,0.0,0.9995641883604784,0.9995641883604784,0.95651745532975,0.0,0.95651745532975,0.95651745532975,0.04304673303072848,0.0,0.04304673303072848,0.04304673303072848,0.04304673303072848,0.0,0.04304673303072848,0.04304673303072848
13,header,high_density,random,0.01,20,180000,1,0.0026605555555555558,0.007366505340113854,0.0,0.03361111111111111,8.5e-05,0.0001983037637465547,0.0,0.0008777777777777778,0.0019538888888888887,0.0068055127209536315,0.0,0.031144444444444443,0.0003382561018747789,0.0007891465660236081,0.0,0.003493102228510789,0.0026096699513237565,0.00908963767193736,0.0,0.041597411848510034,0.004846341008569467,0.00982573588751938,0.0,0.044982792377716053,-0.0013672034380579645,0.010469677999863883,-0.0442018592421083,0.00961772847154486,-0.0026647516375553912,0.0057143579623707905,-0.025850794058138345,0.0009850071250551249,0.9995641883604781,3.3306690738754696e-16,0.9995641883604784,0.9995641883604784,0.9995027000750223,0.00013876786674343994,0.9989798285219345,0.9995688079147748,6.148828545590179e-05,0.0001387678667434399,-4.619554296314554e-06,0.0005843598385439908,6.148828545590179e-05,0.0001387678667434399,-4.619554296314554e-06,0.0005843598385439908
13,header,high_density,random,0.05,20,180000,4,0.010084444444444444,0.012621061859809412,0.0002,0.04108888888888889,0.004077777777777778,0.00814976482278272,0.0,0.03233333333333333,0.003284444444444445,0.00916229417601843,0.0,0.03336666666666667,0.01622744959320835,0.03243185506059625,0.0,0.1286699681641316,0.004386798052950254,0.01223742247182801,0.0,0.04456547548379437,0.019769284701064507,0.015853676578678127,0.0010613559736619546,0.05098685869886411,0.006356352785635249,0.02108354349790779,-0.04797688273445638,0.04784030122178108,-0.0108399842938673,0.01081570463402203,-0.03275812261418747,0.0009708085998053237,0.9995641883604781,3.3306690738754696e-16,0.9995641883604784,0.9995641883604784,0.9990031617331997,0.0007862308681104003,0.9967089940853329,0.9995852375171138,0.0005610266272787878,0.0007862308681104003,-2.104915663536655e-05,0.0028551942751455783,0.0005610266272787878,0.0007862308681104003,-2.104915663536655e-05,0.0028551942751455783
13,header,high_density,random,0.1,20,180000,8,0.026458333333333327,0.03039041594274154,0.0004111111111111111,0.11066666666666666,0.006931666666666667,0.012203454416326469,0.0,0.04792222222222222,0.015170555555555553,0.030905845920101222,0.0,0.10816666666666666,0.027584453484258926,0.048563446120860554,0.0,0.19070569508312699,0.02026222842217737,0.04127873282691899,0.0,0.14447049744746526,0.045716151644872215,0.049238372804280936,0.006516793165363488,0.21950319236855761,-0.015794581406202678,0.06046365826328282,-0.21456534432955837,0.048217185005673784,-0.027514534190382266,0.0424683778928107,-0.18588232738944374,0.0001436885341155671,0.9995641883604781,3.3306690738754696e-16,0.9995641883604784,0.9995641883604784,0.9986201138685488,0.0013510169904041949,0.9948907949306985,0.9995751010732232,0.0009440744919297361,0.001351016990404195,-1.0912712744781672e-05,0.004673393429779904,0.0009440744919297361,0.001351016990404195,-1.0912712744781672e-05,0.004673393429779904
13,header,low_density,important,0.01,1,180000,1,0.06363333333333333,0.0,0.06363333333333333,0.06363333333333333,0.042166666666666665,0.0,0.042166666666666665,0.042166666666666665,3.3333333333333335e-05,0.0,3.3333333333333335e-05,3.3333333333333335e-05,0.10305219138652039,0.0,0.10305219138652039,0.10305219138652039,5.641855041937789e-05,0.0,5.641855041937789e-05,5.641855041937789e-05,0.06504705316279916,0.0,0.06504705316279916,0.06504705316279916,0.06490257362649753,0.0,0.06490257362649753,0.06490257362649753,-0.036415239464063616,0.0,-0.036415239464063616,-0.036415239464063616,0.9570703082605049,0.0,0.9570703082605049,0.9570703082605049,0.94089275798438,0.0,0.94089275798438,0.94089275798438,0.016177550276124886,0.0,0.016177550276124886,0.016177550276124886,0.016177550276124886,0.0,0.016177550276124886,0.016177550276124886
13,header,low_density,important,0.05,1,180000,4,0.3007111111111111,0.0,0.3007111111111111,0.3007111111111111,0.22713333333333333,0.0,0.22713333333333333,0.22713333333333333,0.0039,0.0,0.0039,0.0039,0.5550969423776679,0.0,0.5550969423776679,0.5550969423776679,0.006600970399067214,0.0,0.006600970399067214,0.006600970399067214,0.24312427672720968,0.0,0.24312427672720968,0.24312427672720968,0.21768485140869348,0.0,0.21768485140869348,0.21768485140869348,-0.043866534360987114,0.0,-0.043866534360987114,-0.043866534360987114,0.9570703082605049,0.0,0.9570703082605049,0.9570703082605049,0.8746471057410282,0.0,0.8746471057410282,0.8746471057410282,0.08242320251947666,0.0,0.08242320251947666,0.08242320251947666,0.08242320251947666,0.0,0.08242320251947666,0.08242320251947666
13,header,low_density,important,0.1,1,180000,8,0.3003,0.0,0.3003,0.3003,0.10394444444444445,0.0,0.10394444444444445,0.10394444444444445,0.13896666666666666,0.0,0.13896666666666666,0.13896666666666666,0.25403247705425513,0.0,0.25403247705425513,0.25403247705425513,0.23520893669838644,0.0,0.23520893669838644,0.23520893669838644,0.2733706955307186,0.0,0.2733706955307186,0.2733706955307186,-0.03446501249039873,0.0,-0.03446501249039873,-0.03446501249039873,-0.18510208000070255,0.0,-0.18510208000070255,-0.18510208000070255,0.9570703082605049,0.0,0.9570703082605049,0.9570703082605049,0.7819432946187693,0.0,0.7819432946187693,0.7819432946187693,0.17512701364173555,0.0,0.17512701364173555,0.17512701364173555,0.17512701364173555,0.0,0.17512701364173555,0.17512701364173555
13,header,low_density,random,0.01,20,180000,1,0.01635111111111111,0.0293639294137771,0.0,0.1221,0.004246666666666668,0.010018782730821515,0.0,0.042166666666666665,0.007269444444444445,0.021176508611556077,0.0,0.09628888888888888,0.010378536903274858,0.024485158468851794,0.0,0.10305219138652039,0.012303945537292662,0.03584243756422399,0.0,0.1629743859781096,0.01661318891966566,0.029636654371517617,0.0,0.12269724934494446,-0.0032488265138505847,0.032609416657387334,-0.12007259683704677,0.06490257362649753,-0.004678155865892142,0.010147560298299768,-0.036415239464063616,0.004180931727321783,0.9570703082605048,1.1102230246251565e-16,0.9570703082605049,0.9570703082605049,0.9545688679655597,0.004651518132849544,0.94089275798438,0.9571511759729283,0.0025014402949451397,0.004651518132849544,-8.086771242343804e-05,0.016177550276124886,0.0025014402949451397,0.004651518132849544,-8.086771242343804e-05,0.016177550276124886
13,header,low_density,random,0.05,20,180000,4,0.07398722222222222,0.06341852830041173,0.002022222222222222,0.21632222222222222,0.03649666666666666,0.045642138600742434,0.00018888888888888888,0.1506888888888889,0.013058888888888889,0.027912696810051815,1.1111111111111112e-05,0.09482222222222222,0.08919513387280727,0.11154598582704664,0.00046163036984739044,0.3682724162276652,0.022102907435964943,0.0472438167695615,1.8806183473125963e-05,0.160491969759657,0.07185081784504785,0.06057791506622134,0.0016287815520520765,0.2093300848596184,0.03583122313413934,0.08099773857645272,-0.11867931154890486,0.2075110952715444,-0.010817781093595009,0.02073912777033664,-0.05132439477752575,0.029533014819817738,0.9570703082605048,1.1102230246251565e-16,0.9570703082605049,0.9570703082605049,0.9455732359710532,0.012271702115371728,0.9128340606776888,0.9568591357476366,0.011497072289451482,0.012271702115371728,0.0002111725128682851,0.04423624758281608,0.011497072289451482,0.012271702115371728,0.0002111725128682851,0.04423624758281608
13,header,low_density,random,0.1,20,180000,8,0.11518555555555557,0.07542133102825802,0.02868888888888889,0.33115555555555554,0.036728333333333335,0.03605718614272146,4.4444444444444447e-05,0.12898888888888888,0.04697166666666667,0.07918144614284084,7.777777777777778e-05,0.29664444444444443,0.08976130994406126,0.08812107621910963,0.00010861891055232716,0.3152392331504915,0.07950220032346636,0.13401907234467364,0.00013164328431188174,0.502087486365517,0.11253227201179275,0.06502940707832286,0.02727934151897417,0.2819137028203851,0.0015672958225155815,0.1170090504108237,-0.2814907402871574,0.1756035491584537,-0.01772708794204575,0.02680954327502165,-0.07157215791119416,0.02226706705567745,0.9570703082605048,1.1102230246251565e-16,0.9570703082605049,0.9570703082605049,0.9383704852936615,0.01416573009217426,0.9052957310294435,0.9552111232734122,0.018699822966843326,0.01416573009217426,0.001859184987092699,0.05177457723106138,0.018699822966843326,0.01416573009217426,0.001859184987092699,0.05177457723106138
13,header,mid_density,important,0.01,1,360000,1,0.04825555555555556,0.0,0.04825555555555556,0.04825555555555556,0.03865,0.0,0.03865,0.03865,5.555555555555556e-06,0.0,5.555555555555556e-06,5.555555555555556e-06,0.057706664012342604,0.0,0.057706664012342604,0.057706664012342604,1.6823121698462368e-05,0.0,1.6823121698462368e-05,1.6823121698462368e-05,0.058620839366158806,0.0,0.058620839366158806,0.058620839366158806,0.058597152178946926,0.0,0.058597152178946926,0.058597152178946926,-0.04083458309009017,0.0,-0.04083458309009017,-0.04083458309009017,0.9737330370128509,0.0,0.9737330370128509,0.9737330370128509,0.9582710762148677,0.0,0.9582710762148677,0.9582710762148677,0.01546196079798312,0.0,0.01546196079798312,0.01546196079798312,0.01546196079798312,0.0,0.01546196079798312,0.01546196079798312
13,header,mid_density,important,0.05,1,360000,4,0.3812055555555556,0.0,0.3812055555555556,0.3812055555555556,0.3250222222222222,0.0,0.3250222222222222,0.3250222222222222,0.0004888888888888889,0.0,0.0004888888888888889,0.0004888888888888889,0.48527679623085984,0.0,0.48527679623085984,0.48527679623085984,0.0014804347094646883,0.0,0.0014804347094646883,0.0014804347094646883,0.32007829911706437,0.0,0.32007829911706437,0.32007829911706437,0.30905150206171844,0.0,0.30905150206171844,0.30905150206171844,-0.09758783247834797,0.0,-0.09758783247834797,-0.09758783247834797,0.9737330370128509,0.0,0.9737330370128509,0.9737330370128509,0.8915893067085411,0.0,0.8915893067085411,0.8915893067085411,0.08214373030430977,0.0,0.08214373030430977,0.08214373030430977,0.08214373030430977,0.0,0.08214373030430977,0.08214373030430977
13,header,mid_density,important,0.1,1,360000,8,0.2620222222222222,0.0,0.2620222222222222,0.2620222222222222,0.1570888888888889,0.0,0.1570888888888889,0.1570888888888889,0.0675111111111111,0.0,0.0675111111111111,0.0675111111111111,0.23454270973307453,0.0,0.23454270973307453,0.23454270973307453,0.20443457487971467,0.0,0.20443457487971467,0.20443457487971467,0.2752130937805144,0.0,0.2752130937805144,0.2752130937805144,0.12506992608468895,0.0,0.12506992608468895,0.12506992608468895,-0.20254925575146376,0.0,-0.20254925575146376,-0.20254925575146376,0.9737330370128509,0.0,0.9737330370128509,0.9737330370128509,0.810156204123667,0.0,0.810156204123667,0.810156204123667,0.1635768328891839,0.0,0.1635768328891839,0.1635768328891839,0.1635768328891839,0.0,0.1635768328891839,0.1635768328891839
13,header,mid_density,random,0.01,20,360000,1,0.011536111111111112,0.019744287695557375,0.0,0.07366111111111111,0.003555277777777778,0.009416549896850573,0.0,0.03865,0.004490833333333333,0.01291807235780006,0.0,0.05803333333333333,0.005308233381442958,0.014059448410168577,0.0,0.057706664012342604,0.013598970424952053,0.03911801460926636,0.0,0.1757343292621379,0.012767354810687323,0.021094927332630516,0.0,0.07491578362453019,6.119185331074763e-05,0.023391846015998072,-0.07101502617819319,0.058597152178946926,-0.0038550195781619626,0.0092185573864904,-0.04083458309009017,0.001593680196556096,0.9737330370128511,2.220446049250313e-16,0.9737330370128509,0.9737330370128509,0.9720523662479088,0.0038230602494482126,0.9582710762148677,0.9747002536893484,0.0016806707649419162,0.003823060249448213,-0.0009672166764975731,0.01546196079798312,0.0016806707649419162,0.003823060249448213,-0.0009672166764975731,0.01546196079798312
13,header,mid_density,random,0.05,20,360000,4,0.06747361111111111,0.06848865563165539,0.003911111111111111,0.2612888888888889,0.04044083333333333,0.056795319894863486,1.6666666666666667e-05,0.20491666666666666,0.007470833333333332,0.016748793200952468,5e-05,0.057433333333333336,0.06038048076444532,0.08479866604518511,2.488428806051859e-05,0.30595232170407605,0.02262289290400727,0.05071805753796044,0.0001514080952861613,0.17391743211870395,0.06934903403811095,0.06476505094424578,0.0025583151188111365,0.24073120295056716,0.04725302381800148,0.0777394144454193,-0.06961098011210017,0.23744038658292632,-0.02406429014437542,0.028611284853505232,-0.1152608252887285,-0.000739767633497491,0.9737330370128511,2.220446049250313e-16,0.9737330370128509,0.9737330370128509,0.9652632207253253,0.010108261168888808,0.9361222727733042,0.973759581174438,0.008469816287525588,0.010108261168888808,-2.6544161587094273e-05,0.03761076423954668,0.008469816287525588,0.010108261168888808,-2.6544161587094273e-05,0.03761076423954668
13,header,mid_density,random,0.1,20,360000,8,0.09198277777777777,0.05561523877177887,0.01665,0.2146,0.04098611111111111,0.04476210218104895,7.777777777777778e-05,0.16183333333333333,0.025483888888888882,0.044627721859101584,1.1111111111111112e-05,0.15787222222222222,0.061194611722158634,0.06683238269205535,0.00011612667761575342,0.2416264370676355,0.07716934154301672,0.13513996727294314,3.3646243396924736e-05,0.4780626493052051,0.09305129115127117,0.05063650679251032,0.02083846755667493,0.20641328702676748,0.031066603189001778,0.09070612366840436,-0.16451333201927035,0.2019925898953674,-0.022269995284287036,0.017118009389901795,-0.0643531588464185,0.017889842682118642,0.9737330370128511,2.220446049250313e-16,0.9737330370128509,0.9737330370128509,0.962192058581868,0.00945638359428032,0.941596940480146,0.9725656339375381,0.011540978430982913,0.009456383594280318,0.0011674030753127118,0.03213609653270488,0.011540978430982913,0.009456383594280318,0.0011674030753127118,0.03213609653270488
13,imports,high_density,important,0.01,1,288012,13,0.054004694248850744,0.0,0.054004694248850744,0.054004694248850744,0.005069233226393344,0.0,0.005069233226393344,0.005069233226393344,0.03910948154937989,0.0,0.03910948154937989,0.03910948154937989,0.00999890422967346,0.0,0.00999890422967346,0.00999890422967346,0.07932617820220288,0.0,0.07932617820220288,0.07932617820220288,0.05045325956901027,0.0,0.05045325956901027,0.05045325956901027,-0.02335086704023821,0.0,-0.02335086704023821,-0.02335086704023821,-0.04426127535777103,0.0,-0.04426127535777103,-0.04426127535777103,0.8650535917856693,0.0,0.8650535917856693,0.8650535917856693,0.862965957586987,0.0,0.862965957586987,0.862965957586987,0.0020876341986822977,0.0,0.0020876341986822977,0.0020876341986822977,0.0020876341986822977,0.0,0.0020876341986822977,0.0020876341986822977
13,imports,high_density,important,0.05,1,288012,65,0.11040512200880519,0.0,0.11040512200880519,0.11040512200880519,0.0009860700248600753,0.0,0.0009860700248600753,0.0009860700248600753,0.1058011471744233,0.0,0.1058011471744233,0.1058011471744233,0.0019449923296077142,0.0,0.0019449923296077142,0.0019449923296077142,0.21459759429843095,0.0,0.21459759429843095,0.21459759429843095,0.12840628106642657,0.0,0.12840628106642657,0.12840628106642657,-0.1146607456938328,0.0,-0.1146607456938328,-0.1146607456938328,-0.10027392828037301,0.0,-0.10027392828037301,-0.10027392828037301,0.8650535917856693,0.0,0.8650535917856693,0.8650535917856693,0.8072467099757548,0.0,0.8072467099757548,0.8072467099757548,0.057806881809914556,0.0,0.057806881809914556,0.057806881809914556,0.057806881809914556,0.0,0.057806881809914556,0.057806881809914556
13,imports,high_density,important,0.1,1,288012,129,0.23812202269349889,0.0,0.23812202269349889,0.23812202269349889,0.0,0.0,0.0,0.0,0.2347957723983723,0.0,0.2347957723983723,0.2347957723983723,0.0,0.0,0.0,0.0,0.47623876728921943,0.0,0.47623876728921943,0.47623876728921943,0.18293662281335926,0.0,0.18293662281335926,0.18293662281335926,-0.1526605568555239,0.0,-0.1526605568555239,-0.1526605568555239,-0.1350206789981076,0.0,-0.1350206789981076,-0.1350206789981076,0.8650535917856693,0.0,0.8650535917856693,0.8650535917856693,0.7755133613292942,0.0,0.7755133613292942,0.7755133613292942,0.08954023045637516,0.0,0.08954023045637516,0.08954023045637516,0.08954023045637516,0.0,0.08954023045637516,0.08954023045637516
13,imports,high_density,random,0.01,20,288012,13,0.004176214879935559,0.014161298846103102,0.0,0.065573656653195,0.0021412302265183397,0.008174627793284319,0.0,0.0377206505284502,0.00032533366665277836,0.0008840001500069181,0.0,0.003944280099440301,0.004223509752355906,0.016124198033088177,0.0,0.07440280517203594,0.0006598777430350151,0.0017930269247288125,0.0,0.008000225358460802,0.0023163389690384717,0.007473903946360605,1.0912459369961174e-05,0.034841392519313945,0.0012506032882960275,0.005671559929947595,-0.0007641861871038622,0.02589471665868084,-0.0006516595039955249,0.0010748518769694352,-0.005161002717549931,-1.091245936996121e-05,0.8650535917856693,0.0,0.8650535917856693,0.8650535917856693,0.8654625123079696,0.0009496894704395514,0.8650355575603471,0.8691755730879731,-0.00040892052230027677,0.0009496894704395513,-0.00412198130230379,1.8034225322205444e-05,-0.00040892052230027677,0.0009496894704395513,-0.00412198130230379,1.8034225322205444e-05
13,imports,high_density,random,0.05,20,288012,65,0.009368012443925945,0.015009502112891659,0.0,0.06512923072649751,0.0034654806049747933,0.00888198305794577,0.0,0.04185936697082066,0.0022398372290043473,0.008056924194448981,0.0,0.037060955793508606,0.006835552268244577,0.017519434202313975,0.0,0.08256629410475565,0.0045430857207245275,0.016341945203327126,0.0,0.0751711315811713,0.007187897192246028,0.008392054714656047,0.0015050371330511602,0.039631691330718574,0.0011300456888254861,0.007894716946834456,-0.015631719439237333,0.029948604184929624,-0.003513608093447773,0.003579730309165551,-0.016618150912780762,-0.0006566240837615124,0.8650535917856693,0.0,0.8650535917856693,0.8650535917856693,0.8654008219756009,0.0021561877828673104,0.859631321018065,0.8724049326793145,-0.0003472301899315744,0.0021561877828673104,-0.007351340893645197,0.005422270767604265,-0.0003472301899315744,0.0021561877828673104,-0.007351340893645197,0.005422270767604265
13,imports,high_density,random,0.1,20,288012,129,0.020035970723442077,0.02271353322249392,0.0,0.06899018096468203,0.007777106509450996,0.012188329028629551,0.0,0.03849145174506618,0.00518901990194853,0.010444727648385681,0.0,0.03857478160632196,0.015340099715099717,0.02404109837410732,0.0,0.07592318650010958,0.01052494436462999,0.021185152394904483,0.0,0.07824164060959464,0.016357884069692654,0.011841650376857377,0.006741299310993161,0.042949291453448425,0.0028268005184371556,0.010362865604044967,-0.021394177232459195,0.02664972584738704,-0.008803519016102487,0.005230325488160577,-0.02464197759070765,-0.004005609552361455,0.8650535917856693,0.0,0.8650535917856693,0.8650535917856693,0.8662044379290883,0.0032798786355723213,0.8577917247958332,0.8720705541538252,-0.0011508461434189988,0.0032798786355723213,-0.007016962368155855,0.007261866989836108,-0.0011508461434189988,0.0032798786355723213,-0.007016962368155855,0.007261866989836108
13,imports,low_density,important,0.01,1,180000,13,0.11787777777777778,0.0,0.11787777777777778,0.11787777777777778,0.020966666666666668,0.0,0.020966666666666668,0.020966666666666668,0.0667,0.0,0.0667,0.0667,0.028758229700073152,0.0,0.028758229700073152,0.028758229700073152,0.24618602362204725,0.0,0.24618602362204725,0.24618602362204725,0.10906197371837507,0.0,0.10906197371837507,0.10906197371837507,-0.00922098716181801,0.0,-0.00922098716181801,-0.00922098716181801,-0.049743658148907605,0.0,-0.049743658148907605,-0.049743658148907605,0.9169460960020274,0.0,0.9169460960020274,0.9169460960020274,0.8548782834449267,0.0,0.8548782834449267,0.8548782834449267,0.0620678125571007,0.0,0.0620678125571007,0.0620678125571007,0.0620678125571007,0.0,0.0620678125571007,0.0620678125571007
13,imports,low_density,important,0.05,1,180000,65,0.17295555555555556,0.0,0.17295555555555556,0.17295555555555556,0.004655555555555555,0.0,0.004655555555555555,0.004655555555555555,0.13147777777777778,0.0,0.13147777777777778,0.13147777777777778,0.006385637649353816,0.0,0.006385637649353816,0.006385637649353816,0.4852772309711286,0.0,0.4852772309711286,0.4852772309711286,0.1410799757432825,0.0,0.1410799757432825,0.1410799757432825,-0.06871938380835567,0.0,-0.06871938380835567,-0.06871938380835567,-0.034502210512360174,0.0,-0.034502210512360174,-0.034502210512360174,0.9169460960020274,0.0,0.9169460960020274,0.9169460960020274,0.8250072583382614,0.0,0.8250072583382614,0.8250072583382614,0.09193883766376598,0.0,0.09193883766376598,0.09193883766376598,0.09193883766376598,0.0,0.09193883766376598,0.09193883766376598
13,imports,low_density,important,0.1,1,180000,129,0.1972,0.0,0.1972,0.1972,0.0063,0.0,0.0063,0.0063,0.14825555555555556,0.0,0.14825555555555556,0.14825555555555556,0.008641185076810535,0.0,0.008641185076810535,0.008641185076810535,0.5472030839895013,0.0,0.5472030839895013,0.5472030839895013,0.16045898686778337,0.0,0.16045898686778337,0.16045898686778337,-0.04944555811194371,0.0,-0.04944555811194371,-0.04944555811194371,-0.05746462131945034,0.0,-0.05746462131945034,-0.05746462131945034,0.9169460960020274,0.0,0.9169460960020274,0.9169460960020274,0.807725637256249,0.0,0.807725637256249,0.807725637256249,0.10922045874577835,0.0,0.10922045874577835,0.10922045874577835,0.10922045874577835,0.0,0.10922045874577835,0.10922045874577835
13,imports,low_density,random,0.01,20,180000,13,0.008280000000000001,0.014782922078709109,0.0013444444444444445,0.0714,0.002878333333333333,0.007872092820233408,0.00018888888888888888,0.036866666666666666,0.002297777777777778,0.0021542424408193153,0.0003333333333333333,0.010255555555555556,0.003947970007315289,0.01079749380975687,0.0002590831504511095,0.05056693489392831,0.008480971128608922,0.007951190111291763,0.0012303149606299212,0.03785269028871391,0.007916908816293405,0.013884678958398048,0.0013854803776134836,0.06751133616182206,0.0021423342749141796,0.008863073900668421,-0.0054279360698189045,0.03925740017335146,-0.001465833668050312,0.0028281216759787273,-0.012859709419236547,0.00034055430377473683,0.9169460960020276,2.220446049250313e-16,0.9169460960020274,0.9169460960020274,0.9154452264545789,0.004082161257427355,0.8977295313911017,0.916805900234747,0.0015008695474486855,0.004082161257427356,0.0001401957672804155,0.01921656461092569,0.0015008695474486855,0.004082161257427356,0.0001401957672804155,0.01921656461092569
13,imports,low_density,random,0.05,20,180000,65,0.024288333333333335,0.014051029343691653,0.01368888888888889,0.08178888888888888,0.007411111111111111,0.008772183871564893,0.0022,0.04315555555555556,0.007105555555555557,0.003489102081242871,0.0013222222222222222,0.013644444444444445,0.010165203608875883,0.012032073708254695,0.003017556693489393,0.05919287978541819,0.02622621391076115,0.012878083469154296,0.004880249343832021,0.05036089238845144,0.024477184418664755,0.013205652086585062,0.014047074607269321,0.07716684224707579,0.006055637996070532,0.013799386021268161,-0.01025544427424759,0.04721573253514731,-0.007077288165677273,0.005165878325677907,-0.018020254142288326,-5.313364866191481e-05,0.9169460960020276,2.220446049250313e-16,0.9169460960020274,0.9169460960020274,0.9129145024465997,0.004761769764583969,0.8929716685354895,0.9165008565254154,0.004031593555427615,0.00476176976458397,0.0004452394766120138,0.023974427466537884,0.004031593555427615,0.00476176976458397,0.0004452394766120138,0.023974427466537884
13,imports,low_density,random,0.1,20,180000,129,0.043381666666666666,0.02080569968055703,0.021655555555555556,0.08604444444444445,0.01456388888888889,0.01345305549533242,0.0010555555555555555,0.042022222222222225,0.012925,0.005866627604036619,0.0044,0.026444444444444444,0.019976072909046575,0.018452435299011184,0.0014478176054620825,0.05763838088271153,0.047705462598425195,0.02165339912907217,0.01624015748031496,0.09760498687664042,0.04183297411505343,0.01916918721348211,0.021248602802223016,0.07846066001455852,0.0087799507298193,0.020916357669873757,-0.03400764069930165,0.04633385234955857,-0.011640259389163566,0.010330106875013052,-0.03836731400095213,0.00671063625389802,0.9169460960020276,2.220446049250313e-16,0.9169460960020274,0.9169460960020274,0.907680878540108,0.008412032518593628,0.889243109133707,0.915673876156834,0.009265217461919311,0.008412032518593628,0.001272219845193323,0.0277029868683204,0.009265217461919311,0.008412032518593628,0.001272219845193323,0.0277029868683204
13,imports,mid_density,important,0.01,1,251988,13,0.1310935441370224,0.0,0.1310935441370224,0.1310935441370224,0.013587948632474563,0.0,0.013587948632474563,0.013587948632474563,0.09174246392685366,0.0,0.09174246392685366,0.09174246392685366,0.04137664346481052,0.0,0.04137664346481052,0.04137664346481052,0.13660214138835708,0.0,0.13660214138835708,0.13660214138835708,0.1446151971038262,0.0,0.1446151971038262,0.1446151971038262,-0.07996738527278237,0.0,-0.07996738527278237,-0.07996738527278237,-0.10229986206741662,0.0,-0.10229986206741662,-0.10229986206741662,0.96432903412044,0.0,0.96432903412044,0.96432903412044,0.9280813334592164,0.0,0.9280813334592164,0.9280813334592164,0.036247700661223625,0.0,0.036247700661223625,0.036247700661223625,0.036247700661223625,0.0,0.036247700661223625,0.036247700661223625
13,imports,mid_density,important,0.05,1,251988,65,0.32300744479895865,0.0,0.32300744479895865,0.32300744479895865,0.0012778386272362175,0.0,0.0012778386272362175,0.0012778386272362175,0.29304570058891694,0.0,0.29304570058891694,0.29304570058891694,0.0038911446249033257,0.0,0.0038911446249033257,0.0038911446249033257,0.43633742229785627,0.0,0.43633742229785627,0.43633742229785627,0.2830334335076602,0.0,0.2830334335076602,0.2830334335076602,-0.2303602472609942,0.0,-0.2303602472609942,-0.2303602472609942,-0.16691486510521275,0.0,-0.16691486510521275,-0.16691486510521275,0.96432903412044,0.0,0.96432903412044,0.96432903412044,0.887372897035313,0.0,0.887372897035313,0.887372897035313,0.07695613708512705,0.0,0.07695613708512705,0.07695613708512705,0.07695613708512705,0.0,0.07695613708512705,0.07695613708512705
13,imports,mid_density,important,0.1,1,251988,129,0.47745924409098844,0.0,0.47745924409098844,0.47745924409098844,0.0015159452037398606,0.0,0.0015159452037398606,0.0015159452037398606,0.4463228407701954,0.0,0.4463228407701954,0.4463228407701954,0.0046162026295436965,0.0,0.0046162026295436965,0.0046162026295436965,0.6645630953225082,0.0,0.6645630953225082,0.6645630953225082,0.3379412931210577,0.0,0.3379412931210577,0.3379412931210577,-0.26778240426167066,0.0,-0.26778240426167066,-0.26778240426167066,-0.18907407113961777,0.0,-0.18907407113961777,-0.18907407113961777,0.96432903412044,0.0,0.96432903412044,0.96432903412044,0.8387099380246462,0.0,0.8387099380246462,0.8387099380246462,0.1256190960957938,0.0,0.1256190960957938,0.1256190960957938,0.1256190960957938,0.0,0.1256190960957938,0.1256190960957938
13,imports,mid_density,random,0.01,20,251988,13,0.007371779608552788,0.015658173549252415,0.00035715986475546457,0.07370985919964443,0.002099703160467959,0.006296250318539438,3.1747543533819074e-05,0.02936647776878264,0.0019866025366287285,0.002518653029609451,0.00011111640236836675,0.009492515516611903,0.006393803170920341,0.019172703079902795,9.667440061871617e-05,0.08942382057231245,0.0029579994800160722,0.0037502088186037626,0.0001654494315630244,0.014134108582098372,0.005883102960608934,0.011660426400118967,0.0007839403988482615,0.05616271716123121,0.0008611494329968387,0.006210725731266402,-0.0033425613872370705,0.026901437198256245,-0.0012614833671497163,0.0008215123217089845,-0.003296936375208478,-7.816526463360106e-05,0.9643290341204398,2.220446049250313e-16,0.96432903412044,0.96432903412044,0.9635202840333601,0.002355481225570415,0.9532971239444648,0.9643115548854314,0.0008087500870797515,0.0023554812255704148,1.7479235008610594e-05,0.011031910175975268,0.0008087500870797515,0.0023554812255704148,1.7479235008610594e-05,0.011031910175975268
13,imports,mid_density,random,0.05,20,251988,65,0.022571312919662842,0.016186125792658844,0.008151181802308047,0.08501198469768402,0.0060931472927282255,0.007747237812756253,0.0014445132307887678,0.03577154467673064,0.0069173928917250025,0.005884333795540136,0.0010317951648491199,0.024390050319856502,0.0185542343387471,0.02359110307860623,0.0043986852281515856,0.10892788089713844,0.01029981800562528,0.008761619894529341,0.001536316150228084,0.036316150228083856,0.020640003243184248,0.013037880646212903,0.010502811084189838,0.07068935252760156,0.002150526673755071,0.01238730068854229,-0.019448722909287494,0.039962521491008714,-0.00804718566531947,0.005054689502772809,-0.027702114777669037,-0.0033382020445088824,0.9643290341204398,2.220446049250313e-16,0.96432903412044,0.96432903412044,0.9614537045171495,0.003237057022893883,0.9503233461827183,0.9642797149582866,0.0028753296032903164,0.003237057022893883,4.931916215344945e-05,0.014005687937721722,0.0028753296032903164,0.003237057022893883,4.931916215344945e-05,0.014005687937721722
13,imports,mid_density,random,0.1,20,251988,129,0.0471875644871978,0.026643358841779454,0.01521501023858279,0.09959204406559043,0.011883105544708478,0.012832804593834868,0.0005000238106576503,0.04201787386700954,0.01880248265790434,0.01314000777958308,0.0020239059002809656,0.04964522120100957,0.036185228151585466,0.03907715540399339,0.0015226218097447795,0.12794856921887085,0.027996407383771772,0.019565129643584,0.0030135432177550874,0.07392044245905127,0.04272050283969285,0.021203493341144092,0.0182099417687307,0.08979175249490666,-0.005279555803055972,0.020021571396811665,-0.03821388520896795,0.034468950400596665,-0.01823564154978834,0.012537810424903494,-0.053396673633126356,-0.0076970365698206325,0.9643290341204398,2.220446049250313e-16,0.96432903412044,0.96432903412044,0.9568770504365836,0.005957420809067613,0.9450627356628452,0.9624121172140216,0.007451983683856717,0.005957420809067613,0.0019169169064183755,0.019266298457594866,0.007451983683856717,0.005957420809067613,0.0019169169064183755,0.019266298457594866
42,header,high_density,important,0.01,1,180000,1,0.0,0.0,0.0,0.0,0.0,0.0,0.0,0.0,0.0,0.0,0.0,0.0,0.0,0.0,0.0,0.0,0.0,0.0,0.0,0.0,0.0038940842099163308,0.0,0.0038940842099163308,0.0038940842099163308,0.003892479923651037,0.0,0.003892479923651037,0.003892479923651037,-0.002260077066131101,0.0,-0.002260077066131101,-0.002260077066131101,0.9995277775168678,0.0,0.9995277775168678,0.9995277775168678,0.9994774463998881,0.0,0.9994774463998881,0.9994774463998881,5.033111697971826e-05,0.0,5.033111697971826e-05,5.033111697971826e-05,5.033111697971826e-05,0.0,5.033111697971826e-05,5.033111697971826e-05
42,header,high_density,important,0.05,1,180000,4,0.02588888888888889,0.0,0.02588888888888889,0.02588888888888889,0.006266666666666667,0.0,0.006266666666666667,0.006266666666666667,0.015477777777777778,0.0,0.015477777777777778,0.015477777777777778,0.02351273606536874,0.0,0.02351273606536874,0.02351273606536874,0.021101904170390682,0.0,0.021101904170390682,0.021101904170390682,0.06659343064010771,0.0,0.06659343064010771,0.06659343064010771,0.013829382187649673,0.0,0.013829382187649673,0.013829382187649673,-0.05754749014737251,0.0,-0.05754749014737251,-0.05754749014737251,0.9995277775168678,0.0,0.9995277775168678,0.9995277775168678,0.9952541492824869,0.0,0.9952541492824869,0.9952541492824869,0.004273628234380933,0.0,0.004273628234380933,0.004273628234380933,0.004273628234380933,0.0,0.004273628234380933,0.004273628234380933
42,header,high_density,important,0.1,1,180000,8,0.05431111111111111,0.0,0.05431111111111111,0.05431111111111111,0.005744444444444444,0.0,0.005744444444444444,0.005744444444444444,0.045422222222222225,0.0,0.045422222222222225,0.045422222222222225,0.02155334139325468,0.0,0.02155334139325468,0.02155334139325468,0.06192719615833245,0.0,0.06192719615833245,0.06192719615833245,0.2158328846116012,0.0,0.2158328846116012,0.2158328846116012,-0.1214115180508837,0.0,-0.1214115180508837,-0.1214115180508837,-0.19344833562846325,0.0,-0.19344833562846325,-0.19344833562846325,0.9995277775168678,0.0,0.9995277775168678,0.9995277775168678,0.9749838181420271,0.0,0.9749838181420271,0.9749838181420271,0.024543959374840774,0.0,0.024543959374840774,0.024543959374840774,0.024543959374840774,0.0,0.024543959374840774,0.024543959374840774
42,header,high_density,random,0.01,20,180000,1,0.005292777777777777,0.010395338030953,0.0,0.04598888888888889,0.0005172222222222223,0.0012760204098758584,0.0,0.0053,0.0036866666666666667,0.009743155622357754,0.0,0.04293333333333333,0.0019406345103597782,0.004787669858207665,0.0,0.019885771459540586,0.005026282701892051,0.013283504855289075,0.0,0.05853392513595807,0.007938387122703098,0.011216552736671189,1.1551407067786038e-07,0.042598608601118665,-0.0006825545482719625,0.012492803439097543,-0.03964625397998341,0.02051253390433907,-0.002984999542427429,0.006656387055037514,-0.02895111338007983,0.0015111706502706085,0.9995277775168677,1.1102230246251565e-16,0.9995277775168678,0.9995277775168678,0.9994522081206167,0.0001677204473305158,0.9988026856464752,0.9995443425719939,7.556939625102954e-05,0.00016772044733051578,-1.6565055126038786e-05,0.0007250918703926024,7.556939625102954e-05,0.00016772044733051578,-1.6565055126038786e-05,0.0007250918703926024
42,header,high_density,random,0.05,20,180000,4,0.012469444444444444,0.015065464912331492,0.0,0.05902222222222222,0.0024827777777777778,0.004097354574133515,0.0,0.015433333333333334,0.007625555555555555,0.015081581072762926,0.0,0.05598888888888889,0.009315462542210363,0.015373406915079685,0.0,0.057906365948221954,0.010396437065426506,0.020561742331793184,0.0,0.07633344947207368,0.018007508299343923,0.014584698358084475,0.00033930047890319597,0.054385324414326676,-0.0022831345316739644,0.020326448203404415,-0.048419666071913385,0.03254787065974775,-0.009656970607263924,0.010343688769562789,-0.03558168915816848,0.000510439690654808,0.9995277775168677,1.1102230246251565e-16,0.9995277775168678,0.9995277775168678,0.9991975570899989,0.0005121547328539134,0.99775392219819,0.9995141879195086,0.00033022042686891575,0.0005121547328539134,1.358959735919818e-05,0.0017738553186777972,0.00033022042686891575,0.0005121547328539134,1.358959735919818e-05,0.0017738553186777972
42,header,high_density,random,0.1,20,180000,8,0.018783888888888885,0.015950621132299923,0.0003,0.057633333333333335,0.009279444444444446,0.01338682846063876,0.0,0.049933333333333337,0.005827222222222222,0.010534398958637987,0.0,0.043722222222222225,0.03481677575353316,0.050227813459686015,0.0,0.1873514820527786,0.007944647266447518,0.014362260558941704,0.0,0.05960947086179995,0.0303624806947958,0.017148247509610828,0.0014606895355904345,0.0584610412089922,0.00655235288243545,0.02634146719250656,-0.04531829287834765,0.058307527161774196,-0.014015204859445485,0.012185669411400285,-0.04189077442824248,-0.00046081200425367457,0.9995277775168677,1.1102230246251565e-16,0.9995277775168678,0.9995277775168678,0.9985827061509063,0.0010449695566220121,0.9961573786485727,0.9995298846196672,0.0009450713659614307,0.001044969556622012,-2.107102799353555e-06,0.0033703988682951547,0.0009450713659614307,0.001044969556622012,-2.107102799353555e-06,0.0033703988682951547
42,header,low_density,important,0.01,1,180000,1,0.06043333333333333,0.0,0.06043333333333333,0.06043333333333333,0.041188888888888886,0.0,0.041188888888888886,0.041188888888888886,5.555555555555556e-05,0.0,5.555555555555556e-05,5.555555555555556e-05,0.10070632980168433,0.0,0.10070632980168433,0.10070632980168433,9.400263207369807e-05,0.0,9.400263207369807e-05,9.400263207369807e-05,0.06415738192641979,0.0,0.06415738192641979,0.06415738192641979,0.06383825449883107,0.0,0.06383825449883107,0.06383825449883107,-0.0348408803021337,0.0,-0.0348408803021337,-0.0348408803021337,0.9573776478237995,0.0,0.9573776478237995,0.9573776478237995,0.9398699017362218,0.0,0.9398699017362218,0.9398699017362218,0.01750774608757777,0.0,0.01750774608757777,0.01750774608757777,0.01750774608757777,0.0,0.01750774608757777,0.01750774608757777
42,header,low_density,important,0.05,1,180000,4,0.20583333333333334,0.0,0.20583333333333334,0.20583333333333334,0.11134444444444444,0.0,0.11134444444444444,0.11134444444444444,0.03732222222222222,0.0,0.03732222222222222,0.03732222222222222,0.2722358054876392,0.0,0.2722358054876392,0.2722358054876392,0.06315096822711036,0.0,0.06315096822711036,0.06315096822711036,0.18766130350323199,0.0,0.18766130350323199,0.18766130350323199,0.08807482145029878,0.0,0.08807482145029878,0.08807482145029878,-0.08427832335943194,0.0,-0.08427832335943194,-0.08427832335943194,0.9573776478237995,0.0,0.9573776478237995,0.9573776478237995,0.8881002619662592,0.0,0.8881002619662592,0.8881002619662592,0.06927738585754029,0.0,0.06927738585754029,0.06927738585754029,0.06927738585754029,0.0,0.06927738585754029,0.06927738585754029
42,header,low_density,important,0.1,1,180000,8,0.2635888888888889,0.0,0.2635888888888889,0.2635888888888889,0.0738111111111111,0.0,0.0738111111111111,0.0738111111111111,0.14074444444444445,0.0,0.14074444444444445,0.14074444444444445,0.18046726433034502,0.0,0.18046726433034502,0.18046726433034502,0.23814626809550668,0.0,0.23814626809550668,0.23814626809550668,0.26124287308342403,0.0,0.26124287308342403,0.26124287308342403,-0.05301994851836504,0.0,-0.05301994851836504,-0.05301994851836504,-0.1734669467042816,0.0,-0.1734669467042816,-0.1734669467042816,0.9573776478237995,0.0,0.9573776478237995,0.9573776478237995,0.8026209767396986,0.0,0.8026209767396986,0.8026209767396986,0.15475667108410096,0.0,0.15475667108410096,0.15475667108410096,0.15475667108410096,0.0,0.15475667108410096,0.15475667108410096
42,header,low_density,random,0.01,20,180000,1,0.03283555555555555,0.046479584207995535,0.0,0.1789111111111111,0.00881777777777778,0.017534808908476595,0.0,0.05226666666666667,0.013814444444444449,0.0327044613372247,0.0,0.15066666666666667,0.02155935886987232,0.04287239341925817,0.0,0.12779136104319477,0.023374694491445757,0.055337498032529096,0.0,0.25493513818386915,0.031019461574531466,0.041177784903336685,1.2681923675360678e-06,0.14340961231433813,-0.0011826146995478853,0.04654076441793469,-0.14312841813298496,0.08715599391978564,-0.00198035526381202,0.0058654686323341655,-0.014693365973516188,0.006855779450263583,0.9573776478237997,2.220446049250313e-16,0.9573776478237995,0.9573776478237995,0.953534255570403,0.005985916065439593,0.9389638769923592,0.9573879960298763,0.0038433922533966046,0.005985916065439591,-1.0348206076815636e-05,0.018413770831440357,0.0038433922533966046,0.005985916065439591,-1.0348206076815636e-05,0.018413770831440357
42,header,low_density,random,0.05,20,180000,4,0.07007777777777778,0.05393849721193094,0.0018555555555555556,0.1774111111111111,0.020287777777777776,0.027711707625228958,0.00012222222222222221,0.07565555555555556,0.027573888888888887,0.043309555053713235,1.1111111111111112e-05,0.14947777777777776,0.04960336864982341,0.06775478636975296,0.00029883183917413746,0.18497690844879108,0.046656326377138554,0.07328181904181595,1.880052641473961e-05,0.252923481857492,0.06533292858081755,0.048689114171279864,0.002188069437900675,0.14196445760243478,0.0024848624919851076,0.07520875691982667,-0.1412309969810238,0.13144503923834272,-0.008043373113696293,0.01177362409013119,-0.030967749054524322,0.009410491212466093,0.9573776478237997,2.220446049250313e-16,0.9573776478237995,0.9573776478237995,0.950545559163459,0.007516970296831493,0.9301984691539851,0.9578223482026038,0.0068320886603407014,0.007516970296831495,-0.0004447003788042858,0.027179178669814452,0.0068320886603407014,0.007516970296831495,-0.0004447003788042858,0.027179178669814452
42,header,low_density,random,0.1,20,180000,8,0.10789611111111112,0.0614048464202044,0.008922222222222222,0.19766666666666666,0.04648444444444444,0.046125779380480826,0.00014444444444444444,0.13778888888888888,0.02922944444444444,0.0423934561796022,0.0,0.16036666666666666,0.1136538983971747,0.1127769667004421,0.00035316490084216247,0.33689214887258895,0.04945760481293476,0.07173173634450455,0.0,0.2713479977439368,0.1045113598481826,0.05825924084921319,0.009256872619556407,0.19311642717067842,0.03220594766845581,0.09709252063008554,-0.1550959664139537,0.18700105204182707,-0.012976527295097526,0.02071850884628828,-0.0692257890443045,0.015166381841707037,0.9573776478237997,2.220446049250313e-16,0.9573776478237995,0.9573776478237995,0.9395530642559702,0.015023034389347979,0.9078224018308372,0.9576154668217698,0.017824583567829216,0.015023034389347977,-0.00023781899797026274,0.04955524599296235,0.017824583567829216,0.015023034389347977,-0.00023781899797026274,0.04955524599296235
42,header,mid_density,important,0.01,1,360000,1,0.04135,0.0,0.04135,0.04135,0.03315,0.0,0.03315,0.03315,0.00011666666666666667,0.0,0.00011666666666666667,0.00011666666666666667,0.05005746499668633,0.0,0.05005746499668633,0.05005746499668633,0.0003454117801865224,0.0,0.0003454117801865224,0.0003454117801865224,0.056774442834037424,0.0,0.056774442834037424,0.056774442834037424,0.05665671466160212,0.0,0.05665671466160212,0.05665671466160212,-0.04162954658288078,0.0,-0.04162954658288078,-0.04162954658288078,0.9730102786611833,0.0,0.9730102786611833,0.9730102786611833,0.9575031702127327,0.0,0.9575031702127327,0.9575031702127327,0.015507108448450602,0.0,0.015507108448450602,0.015507108448450602,0.015507108448450602,0.0,0.015507108448450602,0.015507108448450602
42,header,mid_density,important,0.05,1,360000,4,0.18499444444444443,0.0,0.18499444444444443,0.18499444444444443,0.12665,0.0,0.12665,0.12665,0.022483333333333334,0.0,0.022483333333333334,0.022483333333333334,0.19124518678221186,0.0,0.19124518678221186,0.19124518678221186,0.06656578449594552,0.0,0.06656578449594552,0.06656578449594552,0.22083094259693611,0.0,0.22083094259693611,0.22083094259693611,0.15432634972148035,0.0,0.15432634972148035,0.15432634972148035,-0.15501946790370508,0.0,-0.15501946790370508,-0.15501946790370508,0.9730102786611833,0.0,0.9730102786611833,0.9730102786611833,0.895698729120484,0.0,0.895698729120484,0.895698729120484,0.0773115495406993,0.0,0.0773115495406993,0.0773115495406993,0.0773115495406993,0.0,0.0773115495406993,0.0773115495406993
42,header,mid_density,important,0.1,1,360000,8,0.1971111111111111,0.0,0.1971111111111111,0.1971111111111111,0.08348333333333334,0.0,0.08348333333333334,0.08348333333333334,0.08596666666666666,0.0,0.08596666666666666,0.08596666666666666,0.1260622635336359,0.0,0.1260622635336359,0.1260622635336359,0.2545191374574403,0.0,0.2545191374574403,0.2545191374574403,0.23878525887630608,0.0,0.23878525887630608,0.23878525887630608,0.07283668583832854,0.0,0.07283668583832854,0.07283668583832854,-0.18670594062002663,0.0,-0.18670594062002663,-0.18670594062002663,0.9730102786611833,0.0,0.9730102786611833,0.9730102786611833,0.8482834068388253,0.0,0.8482834068388253,0.8482834068388253,0.12472687182235798,0.0,0.12472687182235798,0.12472687182235798,0.12472687182235798,0.0,0.12472687182235798,0.12472687182235798
42,header,mid_density,random,0.01,20,360000,1,0.023951944444444446,0.034256719908267,0.0,0.101,0.00831222222222222,0.017135496746970368,0.0,0.048466666666666665,0.007152777777777777,0.01844971021720302,0.0,0.08442777777777778,0.012551697524391166,0.02587509890233187,0.0,0.07318607753160575,0.021177031761435598,0.05462354785756769,0.0,0.24996299159498,0.02529725559995922,0.03521468580307818,4.4023919679672303e-07,0.09542379428464495,0.005096851401919029,0.04031451995100234,-0.09367478811071754,0.0935318836322338,-0.003291759174231243,0.006556472660319747,-0.01761059026835914,0.0023369022552463176,0.9730102786611831,2.220446049250313e-16,0.9730102786611833,0.9730102786611833,0.9711154813059325,0.0032946698126438117,0.9630691404016112,0.9730911965647434,0.0018947973552506324,0.0032946698126438117,-8.091790356012929e-05,0.009941138259572102,0.0018947973552506324,0.0032946698126438117,-8.091790356012929e-05,0.009941138259572102
42,header,mid_density,random,0.05,20,360000,4,0.05295777777777777,0.039849033919544245,0.0009611111111111112,0.11076111111111112,0.019591111111111108,0.02556200512817489,0.0,0.06704444444444445,0.015357222222222222,0.02572828990708885,0.0,0.08507222222222222,0.029583148075132338,0.03859937185365705,0.0,0.10123906277526572,0.045467703998552565,0.07617303786824994,0.0,0.2518709804760103,0.05287308979998482,0.03939969466717596,0.001338554086044627,0.11832638370735697,0.012434033350882697,0.05978145033421675,-0.09360470241568372,0.11827652159088735,-0.01251203632124299,0.012449190308457933,-0.03928185795205824,0.003349690174984005,0.9730102786611831,2.220446049250313e-16,0.9730102786611833,0.9730102786611833,0.9683738675623899,0.005190089781407152,0.9552254321011697,0.9728813844730346,0.004636411098793436,0.005190089781407152,0.00012889418814865383,0.017784846560013556,0.004636411098793436,0.005190089781407152,0.00012889418814865383,0.017784846560013556
42,header,mid_density,random,0.1,20,360000,8,0.0972411111111111,0.0665330288208351,0.0054,0.20882777777777778,0.05405111111111112,0.05498536588701029,0.0,0.15245,0.0148675,0.0235877313184206,0.0,0.09273333333333333,0.08161875120592602,0.08302950311369557,0.0,0.23020393782035686,0.04401779693076961,0.06983554513077468,0.0,0.27455302070825865,0.0948204335481067,0.06300328899840191,0.005035749458301617,0.19951601012808695,0.053154061601153955,0.08813021193213964,-0.10104325965255107,0.19659732926517262,-0.022023591345888993,0.019786871968234726,-0.06380552096222826,0.0025807373590979016,0.9730102786611831,2.220446049250313e-16,0.9730102786611833,0.9730102786611833,0.9613740023094716,0.010846927490358205,0.9295534301631139,0.972389908596164,0.011636276351711883,0.010846927490358205,0.000620370065019249,0.04345684849806941,0.011636276351711883,0.010846927490358205,0.000620370065019249,0.04345684849806941
42,imports,high_density,important,0.01,1,291240,13,0.030057684384013184,0.0,0.030057684384013184,0.030057684384013184,0.017435791786842465,0.0,0.017435791786842465,0.017435791786842465,0.008941079522043675,0.0,0.008941079522043675,0.008941079522043675,0.03463138511900703,0.0,0.03463138511900703,0.03463138511900703,0.01800705345411797,0.0,0.01800705345411797,0.01800705345411797,0.030113581255669118,0.0,0.030113581255669118,0.030113581255669118,0.003920247721664701,0.0,0.003920247721664701,0.003920247721664701,-0.0225901389222012,0.0,-0.0225901389222012,-0.0225901389222012,0.8711859535063119,0.0,0.8711859535063119,0.8711859535063119,0.8642124017120544,0.0,0.8642124017120544,0.8642124017120544,0.006973551794257515,0.0,0.006973551794257515,0.006973551794257515,0.006973551794257515,0.0,0.006973551794257515,0.006973551794257515
42,imports,high_density,important,0.05,1,291240,65,0.05034335942864991,0.0,0.05034335942864991,0.05034335942864991,0.0029734926521082267,0.0,0.0029734926521082267,0.0029734926521082267,0.04167010026095316,0.0,0.04167010026095316,0.04167010026095316,0.0059060219600354635,0.0,0.0059060219600354635,0.0059060219600354635,0.08392227370168039,0.0,0.08392227370168039,0.08392227370168039,0.10965194244319722,0.0,0.10965194244319722,0.10965194244319722,-0.07829329296590433,0.0,-0.07829329296590433,-0.07829329296590433,-0.09422249258104445,0.0,-0.09422249258104445,-0.09422249258104445,0.8711859535063119,0.0,0.8711859535063119,0.8711859535063119,0.8184659958515792,0.0,0.8184659958515792,0.8184659958515792,0.052719957654732696,0.0,0.052719957654732696,0.052719957654732696,0.052719957654732696,0.0,0.052719957654732696,0.052719957654732696
42,imports,high_density,important,0.1,1,291240,129,0.1283958247493476,0.0,0.1283958247493476,0.1283958247493476,0.025504738360115367,0.0,0.025504738360115367,0.025504738360115367,0.08936959208899876,0.0,0.08936959208899876,0.08936959208899876,0.05065811907522335,0.0,0.05065811907522335,0.05065811907522335,0.1799875527280271,0.0,0.1799875527280271,0.1799875527280271,0.13311839218639132,0.0,0.13311839218639132,0.13311839218639132,-0.09355734625486309,0.0,-0.09355734625486309,-0.09355734625486309,-0.10529892249147974,0.0,-0.10529892249147974,-0.10529892249147974,0.8711859535063119,0.0,0.8711859535063119,0.8711859535063119,0.784901233009216,0.0,0.784901233009216,0.784901233009216,0.0862847204970959,0.0,0.0862847204970959,0.0862847204970959,0.0862847204970959,0.0,0.0862847204970959,0.0862847204970959
42,imports,high_density,random,0.01,20,291240,13,0.005866295838483724,0.015874202504054136,0.0,0.05315203955500618,0.003363205603625875,0.008848765891913355,0.0,0.02930229364098338,5.425078972668589e-05,0.00016035877868021155,0.0,0.0007279219887378108,0.006680079110686762,0.017575629668968463,0.0,0.05820091386482985,0.00010925938731761288,0.00032295754583240994,0.0,0.001466012032362907,0.003854568105756953,0.007921048309758727,0.0001273452162377858,0.027371880910269156,0.002667135661390613,0.007129266599956994,-0.0024490094132030827,0.0237402962968126,-0.0013538711091131438,0.0022779260532323686,-0.008099000753273612,-5.6488237601630935e-05,0.871185953506312,1.1102230246251565e-16,0.8711859535063119,0.8711859535063119,0.8713881953838662,0.0015587766672878454,0.8657440879195603,0.873973799854022,-0.00020224187755427114,0.0015587766672878454,-0.002787846347710121,0.0054418655867516375,-0.00020224187755427114,0.0015587766672878454,-0.002787846347710121,0.0054418655867516375
42,imports,high_density,random,0.05,20,291240,65,0.013705534953989837,0.023538581002014215,0.0,0.06872682323856613,0.007406606235407225,0.014265318356612242,0.0,0.04453371789589342,0.00013528361488806482,0.0002263684108536272,0.0,0.0008927345144897679,0.014711177794448613,0.028334115243672846,0.0,0.08845393166473436,0.000272456953184427,0.0004558988726713948,0.0,0.0017979392849733766,0.009820174229166367,0.011691381502628008,0.0010516388903881995,0.03912302326057756,0.005170529574716641,0.011484694977299079,-0.0071679127165620036,0.03187763251768586,-0.003994226363217774,0.002843253903597028,-0.010558330868844536,-0.00031386055507405677,0.871185953506312,1.1102230246251565e-16,0.8711859535063119,0.8711859535063119,0.8715834808825738,0.0015493868975766142,0.8666338771955281,0.8743821477557595,-0.0003975273762617415,0.0015493868975766142,-0.0031961942494476148,0.004552076310783804,-0.0003975273762617415,0.0015493868975766142,-0.0031961942494476148,0.004552076310783804
42,imports,high_density,random,0.1,20,291240,129,0.008016412580689466,0.010479668903095455,0.0,0.03892322483175388,0.003585359153962368,0.006386495673662892,0.0,0.022902073890949046,0.001146477132262052,0.0022388345742253056,0.0,0.006606235407224282,0.007121325785991952,0.012685009888819345,0.0,0.04548864488849485,0.0023089689509715786,0.004508942544757472,0.0,0.013304750708802987,0.010580368461191914,0.006438063584840888,0.0020515568038326874,0.02607921820199623,0.0026776724357946576,0.006032722852544057,-0.006375477470303421,0.02031053573557974,-0.007882702263220576,0.004500100726268173,-0.01682139206454048,-0.0017008094883926492,0.871185953506312,1.1102230246251565e-16,0.8711859535063119,0.8711859535063119,0.8711438324923751,0.005872560877830225,0.8536636865240664,0.8759484574452199,4.212101393679668e-05,0.005872560877830225,-0.00476250393890798,0.01752226698224546,4.212101393679668e-05,0.005872560877830225,-0.00476250393890798,0.01752226698224546
42,imports,low_density,important,0.01,1,180000,13,0.1075,0.0,0.1075,0.1075,0.04838888888888889,0.0,0.04838888888888889,0.04838888888888889,0.025388888888888888,0.0,0.025388888888888888,0.025388888888888888,0.06648448949682462,0.0,0.06648448949682462,0.06648448949682462,0.0932805355976486,0.0,0.0932805355976486,0.0932805355976486,0.1198964688209868,0.0,0.1198964688209868,0.1198964688209868,0.058627013250436996,0.0,0.058627013250436996,0.058627013250436996,-0.07406547049665245,0.0,-0.07406547049665245,-0.07406547049665245,0.9181625887865166,0.0,0.9181625887865166,0.9181625887865166,0.8635486155411913,0.0,0.8635486155411913,0.8635486155411913,0.05461397324532524,0.0,0.05461397324532524,0.05461397324532524,0.05461397324532524,0.0,0.05461397324532524,0.05461397324532524
42,imports,low_density,important,0.05,1,180000,65,0.15294444444444444,0.0,0.15294444444444444,0.15294444444444444,0.007011111111111111,0.0,0.007011111111111111,0.007011111111111111,0.10728888888888889,0.0,0.10728888888888889,0.10728888888888889,0.009632999511480216,0.0,0.009632999511480216,0.009632999511480216,0.39418680600914435,0.0,0.39418680600914435,0.39418680600914435,0.1320620759020999,0.0,0.1320620759020999,0.1320620759020999,-0.03315221703266074,0.0,-0.03315221703266074,-0.03315221703266074,-0.0583567371286621,0.0,-0.0583567371286621,-0.0583567371286621,0.9181625887865166,0.0,0.9181625887865166,0.9181625887865166,0.8611641073015879,0.0,0.8611641073015879,0.8611641073015879,0.0569984814849287,0.0,0.0569984814849287,0.0569984814849287,0.0569984814849287,0.0,0.0569984814849287,0.0569984814849287
42,imports,low_density,important,0.1,1,180000,129,0.1907222222222222,0.0,0.1907222222222222,0.1907222222222222,0.0018444444444444443,0.0,0.0018444444444444443,0.0018444444444444443,0.14935555555555555,0.0,0.14935555555555555,0.14935555555555555,0.0025341963849535906,0.0,0.0025341963849535906,0.0025341963849535906,0.5487426518615284,0.0,0.5487426518615284,0.5487426518615284,0.15217405905054698,0.0,0.15217405905054698,0.15217405905054698,-0.05012141898899049,0.0,-0.05012141898899049,-0.05012141898899049,-0.055770780852753936,0.0,-0.055770780852753936,-0.055770780852753936,0.9181625887865166,0.0,0.9181625887865166,0.9181625887865166,0.8366847438448023,0.0,0.8366847438448023,0.8366847438448023,0.08147784494171428,0.0,0.08147784494171428,0.08147784494171428,0.08147784494171428,0.0,0.08147784494171428,0.08147784494171428
42,imports,low_density,random,0.01,20,180000,13,0.013654444444444445,0.019713437135712882,0.0026444444444444445,0.07174444444444444,0.005417222222222223,0.010462066384070183,0.00047777777777777776,0.036477777777777776,0.0017705555555555554,0.0018242613083074622,0.0003222222222222222,0.007855555555555555,0.007443056912554957,0.014374480559451583,0.0006564484611626771,0.050119076697606256,0.0065051436969301105,0.00670246235090103,0.0011838667537557152,0.02886185499673416,0.012630416577869456,0.016407764732260396,0.0025174889240088404,0.060455385819966824,0.007589079405357735,0.01605877863135438,-0.011123663742182372,0.053545425057902864,-0.0034395531218839167,0.004801857889495344,-0.015548406264349762,0.0036666346911018036,0.9181625887865165,1.1102230246251565e-16,0.9181625887865166,0.9181625887865166,0.916845544283403,0.001437241763394413,0.913498482235278,0.9181430170712498,0.0013170445031134292,0.0014372417633944131,1.957171526678625e-05,0.0046641065512386115,0.0013170445031134292,0.0014372417633944131,1.957171526678625e-05,0.0046641065512386115
42,imports,low_density,random,0.05,20,180000,65,0.033528333333333334,0.02992739908078784,0.009733333333333333,0.10514444444444444,0.014018333333333332,0.01886144845877333,0.0016222222222222222,0.06197777777777778,0.005125555555555555,0.0027976667968456935,0.0016333333333333334,0.010177777777777779,0.01926065583781143,0.025914911475476306,0.0022288715192965314,0.08515510503175379,0.018831645983017634,0.010278821510291981,0.006000979751796211,0.03739386022207707,0.03073502913945786,0.025135663434292653,0.009754135366269897,0.09435191423416274,0.016487538047959743,0.02839276645393626,-0.0115139797331672,0.08357162240121295,-0.008959355982608238,0.010464032111824574,-0.04321060215240828,0.00046606618717238486,0.9181625887865165,1.1102230246251565e-16,0.9181625887865166,0.9181625887865166,0.9143216935578069,0.0034772670801271337,0.901476685527374,0.9173849557943041,0.0038408952287096844,0.003477267080127134,0.0007776329922124514,0.016685903259142543,0.0038408952287096844,0.003477267080127134,0.0007776329922124514,0.016685903259142543
42,imports,low_density,random,0.1,20,180000,129,0.03552111111111111,0.015267510448944909,0.019644444444444444,0.08492222222222222,0.010001111111111112,0.009186510440535846,0.0031888888888888887,0.04616666666666667,0.011043333333333334,0.00838724847831737,0.002266666666666667,0.03272222222222222,0.013741145578895941,0.012621915297511999,0.004381411822178798,0.06343124084025403,0.040573971260613975,0.030815331607142525,0.008327890267798824,0.12022370999346832,0.033943727478429206,0.012489762355725678,0.019766814996137878,0.07176836815555966,0.006624524650361815,0.01894899637937604,-0.028492191464800237,0.05956352411462077,-0.00964956846731583,0.005260001532774545,-0.02207913234418524,0.0030224588406786777,0.9181625887865165,1.1102230246251565e-16,0.9181625887865166,0.9181625887865166,0.9114261414831104,0.0034003139300841584,0.9009658855402292,0.9160724253216461,0.006736447303406124,0.003400313930084159,0.0020901634648704537,0.017196703246287415,0.006736447303406124,0.003400313930084159,0.0020901634648704537,0.017196703246287415
42,imports,mid_density,important,0.01,1,248760,13,0.10847403119472585,0.0,0.10847403119472585,0.10847403119472585,0.039065766200353756,0.0,0.039065766200353756,0.039065766200353756,0.03712815565203409,0.0,0.03712815565203409,0.03712815565203409,0.11799130667055195,0.0,0.11799130667055195,0.11799130667055195,0.05550547482541857,0.0,0.05550547482541857,0.05550547482541857,0.11882011168235178,0.0,0.11882011168235178,0.11882011168235178,-0.01481822368893444,0.0,-0.01481822368893444,-0.01481822368893444,-0.07650835369581076,0.0,-0.07650835369581076,-0.07650835369581076,0.961668869502259,0.0,0.961668869502259,0.961668869502259,0.9219999115590432,0.0,0.9219999115590432,0.9219999115590432,0.0396689579432159,0.0,0.0396689579432159,0.0396689579432159,0.0396689579432159,0.0,0.0396689579432159,0.0396689579432159
42,imports,mid_density,important,0.05,1,248760,65,0.30199388969287666,0.0,0.30199388969287666,0.30199388969287666,0.005563595433349413,0.0,0.005563595433349413,0.005563595433349413,0.2597764913973308,0.0,0.2597764913973308,0.2597764913973308,0.016803865860469634,0.0,0.016803865860469634,0.016803865860469634,0.3883580331494369,0.0,0.3883580331494369,0.3883580331494369,0.2552769897499491,0.0,0.2552769897499491,0.2552769897499491,-0.18342481347434145,0.0,-0.18342481347434145,-0.18342481347434145,-0.1617369447880755,0.0,-0.1617369447880755,-0.1617369447880755,0.961668869502259,0.0,0.961668869502259,0.961668869502259,0.881112686717208,0.0,0.881112686717208,0.881112686717208,0.08055618278505106,0.0,0.08055618278505106,0.08055618278505106,0.08055618278505106,0.0,0.08055618278505106,0.08055618278505106
42,imports,mid_density,important,0.1,1,248760,129,0.4421691590287828,0.0,0.4421691590287828,0.4421691590287828,0.006946454413892909,0.0,0.006946454413892909,0.006946454413892909,0.39790963177359706,0.0,0.39790963177359706,0.39790963177359706,0.020980549282436076,0.0,0.020980549282436076,0.020980549282436076,0.5948629190254691,0.0,0.5948629190254691,0.5948629190254691,0.3076997968725381,0.0,0.3076997968725381,0.3076997968725381,-0.23714587780364346,0.0,-0.23714587780364346,-0.23714587780364346,-0.16168062364541402,0.0,-0.16168062364541402,-0.16168062364541402,0.961668869502259,0.0,0.961668869502259,0.961668869502259,0.8437069831719894,0.0,0.8437069831719894,0.8437069831719894,0.1179618863302696,0.0,0.1179618863302696,0.1179618863302696,0.1179618863302696,0.0,0.1179618863302696,0.1179618863302696
42,imports,mid_density,random,0.01,20,248760,13,0.012928525486412606,0.022936936552258886,0.0010291043576137642,0.08063997427239106,0.004592780189741116,0.009533851326708306,0.00010451841132014794,0.032947419199228174,0.0025253256150506516,0.003229777021517401,3.215951117543013e-05,0.009141341051616016,0.013871688399990287,0.02879532862281099,0.00031567956096257985,0.09951191083266554,0.0037752857606461613,0.004828419403314153,4.807750093150158e-05,0.013666029639779325,0.01190709579116618,0.017896540890586912,0.0018077569240720155,0.06452502330657846,0.0037813091557340936,0.01183776808992994,-0.010829964518549173,0.036709653457888576,-0.0032102475019120833,0.0030107481224692038,-0.010922493623174533,-0.0005193715015918023,0.9616688695022588,2.220446049250313e-16,0.961668869502259,0.961668869502259,0.9601274575151317,0.002210057067507156,0.9542961053174008,0.9616876204981514,0.00154141198712765,0.002210057067507156,-1.8750995892324873e-05,0.007372764184858216,0.00154141198712765,0.002210057067507156,-1.8750995892324873e-05,0.007372764184858216
42,imports,mid_density,random,0.05,20,248760,65,0.032416787264833574,0.03098456520831307,0.004719408264994372,0.10068338961247789,0.011663048721659429,0.01587518513079226,0.0008763466795304711,0.048673420164013506,0.006804952564721016,0.00477902022422007,0.0018893712815565204,0.021032320308731308,0.035226196546951256,0.04794821705563102,0.002646851703455477,0.14700954323595833,0.010173199197105734,0.007144491345911516,0.002824553179725718,0.031442685609202034,0.029540429889654718,0.024063751875951715,0.008105385313866972,0.08788705631173963,0.006764405335594093,0.02117389054532612,-0.026479063859455396,0.057433428477571186,-0.010225426778994634,0.006748759775474269,-0.031931088001319385,-0.002999146930135482,0.9616688695022588,2.220446049250313e-16,0.961668869502259,0.961668869502259,0.9574808647560846,0.004547436284688739,0.9420773226048462,0.9609513881609179,0.004188004746174162,0.004547436284688739,0.0007174813413411973,0.019591546897412826,0.004188004746174162,0.004547436284688739,0.0007174813413411973,0.019591546897412826
42,imports,mid_density,random,0.1,20,248760,129,0.03578388808490111,0.019258249676062413,0.01346679530471137,0.0919520823283486,0.00954454092297797,0.0080680076617934,0.0014391381251004985,0.039684836790480786,0.012270059495095674,0.009968764816293763,0.0028863161279948546,0.04249879401833092,0.028827614676671276,0.024368004491728296,0.004346664724023215,0.11986110099317647,0.018343369511652784,0.014903003255455214,0.004314955708602267,0.06353441748097934,0.036019979245361156,0.014540456615738316,0.016328071654011223,0.07392739615273504,-0.0028164139319054463,0.016145684766107594,-0.03736630209618813,0.03263318735429985,-0.018749367070024486,0.0074511412037829156,-0.037878306298168955,-0.007690509810342726,0.9616688695022588,2.220446049250313e-16,0.961668869502259,0.961668869502259,0.9553810432662955,0.0034538306282880372,0.9476719338916068,0.9601967677644159,0.006287826235963617,0.0034538306282880372,0.0014721017378431789,0.013996935610652295,0.006287826235963617,0.0034538306282880372,0.0014721017378431789,0.013996935610652295
77,header,high_density,important,0.01,1,180000,1,8.888888888888889e-05,0.0,8.888888888888889e-05,8.888888888888889e-05,8.888888888888889e-05,0.0,8.888888888888889e-05,8.888888888888889e-05,0.0,0.0,0.0,0.0,0.0003383808476440233,0.0,0.0003383808476440233,0.0003383808476440233,0.0,0.0,0.0,0.0,0.0067511795927327235,0.0,0.0067511795927327235,0.0067511795927327235,0.006747812987382253,0.0,0.006747812987382253,0.006747812987382253,-0.004651649662907617,0.0,-0.004651649662907617,-0.004651649662907617,0.9994597168929025,0.0,0.9994597168929025,0.9994597168929025,0.999201167852466,0.0,0.999201167852466,0.999201167852466,0.0002585490404364288,0.0,0.0002585490404364288,0.0002585490404364288,0.0002585490404364288,0.0,0.0002585490404364288,0.0002585490404364288
77,header,high_density,important,0.05,1,180000,4,0.050611111111111114,0.0,0.050611111111111114,0.050611111111111114,0.036088888888888886,0.0,0.036088888888888886,0.036088888888888886,0.009066666666666667,0.0,0.009066666666666667,0.009066666666666667,0.1373826241434735,0.0,0.1373826241434735,0.1373826241434735,0.01229693480816179,0.0,0.01229693480816179,0.01229693480816179,0.09944640196095332,0.0,0.09944640196095332,0.09944640196095332,0.08655021884901355,0.0,0.08655021884901355,0.08655021884901355,-0.07746858653134353,0.0,-0.07746858653134353,-0.07746858653134353,0.9994597168929025,0.0,0.9994597168929025,0.9994597168929025,0.9931062691507768,0.0,0.9931062691507768,0.9931062691507768,0.006353447742125651,0.0,0.006353447742125651,0.006353447742125651,0.006353447742125651,0.0,0.006353447742125651,0.006353447742125651
77,header,high_density,important,0.1,1,180000,8,0.0562,0.0,0.0562,0.0562,0.03323333333333333,0.0,0.03323333333333333,0.03323333333333333,0.019366666666666667,0.0,0.019366666666666667,0.019366666666666667,0.12651213941290923,0.0,0.12651213941290923,0.12651213941290923,0.026266614424786762,0.0,0.026266614424786762,0.026266614424786762,0.1854226808582524,0.0,0.1854226808582524,0.1854226808582524,0.027260540468297744,0.0,0.027260540468297744,0.027260540468297744,-0.15422973029452552,0.0,-0.15422973029452552,-0.15422973029452552,0.9994597168929025,0.0,0.9994597168929025,0.9994597168929025,0.9514427582211348,0.0,0.9514427582211348,0.9514427582211348,0.048016958671767695,0.0,0.048016958671767695,0.048016958671767695,0.048016958671767695,0.0,0.048016958671767695,0.048016958671767695
77,header,high_density,random,0.01,20,180000,1,0.0006311111111111112,0.0013222670393898464,0.0,0.0045,0.00021777777777777776,0.0006074780898350405,0.0,0.002311111111111111,0.00014333333333333334,0.0005307913960991073,0.0,0.0024222222222222223,0.0008290330767278572,0.002312538198339973,0.0,0.008797902038744606,0.00019440007233491064,0.0007199015288121955,0.0,0.0032852105247294975,0.0016466902583390773,0.003048739832685,0.0,0.011975034183170093,0.00084693427490599,0.003312976432289431,-0.0042605756335705085,0.011975034183170093,-0.00030375581444454615,0.0016616614908254476,-0.005036784452537666,0.004122236494422325,0.9994597168929028,3.3306690738754696e-16,0.9994597168929025,0.9994597168929025,0.999446019506913,4.1261326177845296e-05,0.9992747268554873,0.9994695687841235,1.3697385989563938e-05,4.1261326177845296e-05,-9.851891221046571e-06,0.00018499003741512254,1.3697385989563938e-05,4.1261326177845296e-05,-9.851891221046571e-06,0.00018499003741512254
77,header,high_density,random,0.05,20,180000,4,0.010754444444444443,0.010757029226407158,0.0,0.04402222222222222,0.004704444444444444,0.009573320953257237,0.0,0.04005555555555555,0.004400555555555555,0.006835373205016084,0.0,0.02048888888888889,0.017908806361559938,0.03644357016297908,0.0,0.15248286946958803,0.005968383616142741,0.009270677061566767,0.0,0.02778866150275777,0.01798041749572875,0.011291787623557906,0.00029856272106216375,0.042549760126003304,0.0042526973756947676,0.017659005857881813,-0.026974281137641963,0.04254883681858394,-0.007981625964714991,0.007331124822705633,-0.02864639985314876,0.0035542407961115254,0.9994597168929028,3.3306690738754696e-16,0.9994597168929025,0.9994597168929025,0.9990816921108372,0.000413502470430065,0.9979806073858707,0.9994671051739029,0.00037802478206519496,0.00041350247043006513,-7.388281000442198e-06,0.001479109507031784,0.00037802478206519496,0.00041350247043006513,-7.388281000442198e-06,0.001479109507031784
77,header,high_density,random,0.1,20,180000,8,0.021497777777777775,0.016934596628292126,0.0007,0.06477777777777778,0.01217,0.015013235354262223,0.0,0.05853333333333333,0.006462222222222222,0.011667196495905693,0.0,0.04162222222222222,0.046328567803062354,0.057152152181862786,0.0,0.2228237881735894,0.008764580005425118,0.0158239802982536,0.0,0.056451369842370175,0.03053247970425641,0.0161162579030088,0.002435613774434218,0.06691208490370354,0.013439665337583256,0.02338994897526104,-0.0198347464288047,0.06595753778034588,-0.012182485671187605,0.00890801061447871,-0.033188039152108835,0.00650114518396995,0.9994597168929028,3.3306690738754696e-16,0.9994597168929025,0.9994597168929025,0.9979499495095675,0.0014329472342719468,0.9941905696626374,0.9994479151482106,0.0015097673833350312,0.0014329472342719468,1.1801744691841698e-05,0.005269147230265059,0.0015097673833350312,0.0014329472342719468,1.1801744691841698e-05,0.005269147230265059
77,header,low_density,important,0.01,1,180000,1,0.06592222222222222,0.0,0.06592222222222222,0.06592222222222222,0.04502222222222222,0.0,0.04502222222222222,0.04502222222222222,3.3333333333333335e-05,0.0,3.3333333333333335e-05,3.3333333333333335e-05,0.10981029810298103,0.0,0.10981029810298103,0.10981029810298103,5.649717514124294e-05,0.0,5.649717514124294e-05,5.649717514124294e-05,0.07092094857671803,0.0,0.07092094857671803,0.07092094857671803,0.07081140027580594,0.0,0.07081140027580594,0.07081140027580594,-0.03880193930023672,0.0,-0.03880193930023672,-0.03880193930023672,0.9586080851693639,0.0,0.9586080851693639,0.9586080851693639,0.938528334838904,0.0,0.938528334838904,0.938528334838904,0.020079750330459945,0.0,0.020079750330459945,0.020079750330459945,0.020079750330459945,0.0,0.020079750330459945,0.020079750330459945
77,header,low_density,important,0.05,1,180000,4,0.34552222222222223,0.0,0.34552222222222223,0.34552222222222223,0.2690111111111111,0.0,0.2690111111111111,0.2690111111111111,0.0027333333333333333,0.0,0.0027333333333333333,0.0027333333333333333,0.6561246612466125,0.0,0.6561246612466125,0.6561246612466125,0.004632768361581921,0.0,0.004632768361581921,0.004632768361581921,0.27929579329429766,0.0,0.27929579329429766,0.27929579329429766,0.2633778830220963,0.0,0.2633778830220963,0.2633778830220963,-0.028172541545013974,0.0,-0.028172541545013974,-0.028172541545013974,0.9586080851693639,0.0,0.9586080851693639,0.9586080851693639,0.8626994962717989,0.0,0.8626994962717989,0.8626994962717989,0.09590858889756504,0.0,0.09590858889756504,0.09590858889756504,0.09590858889756504,0.0,0.09590858889756504,0.09590858889756504
77,header,low_density,important,0.1,1,180000,8,0.2647111111111111,0.0,0.2647111111111111,0.2647111111111111,0.15244444444444444,0.0,0.15244444444444444,0.15244444444444444,0.05885555555555556,0.0,0.05885555555555556,0.05885555555555556,0.37181571815718156,0.0,0.37181571815718156,0.37181571815718156,0.09975517890772129,0.0,0.09975517890772129,0.09975517890772129,0.25565152245827283,0.0,0.25565152245827283,0.25565152245827283,0.07695411974519951,0.0,0.07695411974519951,0.07695411974519951,-0.13758957669848731,0.0,-0.13758957669848731,-0.13758957669848731,0.9586080851693639,0.0,0.9586080851693639,0.9586080851693639,0.79873987516523,0.0,0.79873987516523,0.79873987516523,0.15986821000413387,0.0,0.15986821000413387,0.15986821000413387,0.15986821000413387,0.0,0.15986821000413387,0.15986821000413387
77,header,low_density,random,0.01,20,180000,1,0.00932277777777778,0.017221712349083294,0.0,0.06773333333333334,0.003551666666666666,0.008701087114568422,0.0,0.036566666666666664,0.0012844444444444444,0.003165842777812436,0.0,0.012722222222222222,0.00866260162601626,0.021222163694069325,0.0,0.0891869918699187,0.002177024482109228,0.005365835216631248,0.0,0.021563088512241056,0.008735641129625516,0.016582150479221455,0.0,0.06928386425870343,0.004950002052729769,0.017690756895902448,-0.0158114436806314,0.06928386425870343,-0.0010499831848000201,0.0018503433825256153,-0.007182285749030796,0.0,0.9586080851693637,2.220446049250313e-16,0.9586080851693639,0.9586080851693639,0.9582644441382268,0.0004938181713288094,0.9567320737576491,0.9586080851693639,0.00034364103113720403,0.0004938181713288094,0.0,0.0018760114117147841,0.00034364103113720403,0.0004938181713288094,0.0,0.0018760114117147841
77,header,low_density,random,0.05,20,180000,4,0.07534722222222223,0.05709753728392222,0.002111111111111111,0.22236666666666666,0.03206111111111111,0.043453975723434554,7.777777777777778e-05,0.1516888888888889,0.017634444444444446,0.02471174881771077,0.0,0.08871111111111112,0.07819783197831978,0.1059853066425233,0.0001897018970189702,0.3699728997289973,0.02988888888888889,0.04188432003001826,0.0,0.15035781544256122,0.07090055432265792,0.051814545706185634,0.00268239479487047,0.20432255646634961,0.02589095472519533,0.07770977713693616,-0.08929890005439171,0.20354445710209737,-0.00721984628530898,0.009965169573533762,-0.02940157237005699,0.004827102335895804,0.9586080851693637,2.220446049250313e-16,0.9586080851693639,0.9586080851693639,0.951586107921343,0.006235242275743589,0.9366625962672055,0.958187907205814,0.0070219772480210494,0.006235242275743589,0.0004201779635498726,0.021945488902158417,0.0070219772480210494,0.006235242275743589,0.0004201779635498726,0.021945488902158417
77,header,low_density,random,0.1,20,180000,8,0.11760333333333332,0.08503899324195306,0.014033333333333333,0.3420222222222222,0.06614500000000001,0.07140163236670174,0.0021444444444444445,0.2634,0.014382777777777777,0.01883454092326445,0.0,0.07566666666666666,0.16132926829268293,0.174150322845614,0.0052303523035230354,0.6424390243902439,0.024377589453860638,0.03192295071739738,0.0,0.12824858757062146,0.10801653064566666,0.07452698481964236,0.014758728570582493,0.31789078267380455,0.06701693803620964,0.09557420501361831,-0.05980525466158272,0.31642309358114024,-0.0065066621092751365,0.018109231354647263,-0.04024288047099716,0.04770554987208913,0.9586080851693637,2.220446049250313e-16,0.9586080851693639,0.9586080851693639,0.9389879047177947,0.015375097231069172,0.9003811931264323,0.9569871143570192,0.019620180451569096,0.015375097231069172,0.0016209708123446909,0.05822689204293163,0.019620180451569096,0.015375097231069172,0.0016209708123446909,0.05822689204293163
77,header,mid_density,important,0.01,1,360000,1,0.04217222222222222,0.0,0.04217222222222222,0.04217222222222222,0.03362777777777778,0.0,0.03362777777777778,0.03362777777777778,0.0,0.0,0.0,0.0,0.05067052855396876,0.0,0.05067052855396876,0.05067052855396876,0.0,0.0,0.0,0.0,0.06300069778410133,0.0,0.06300069778410133,0.06300069778410133,0.06298737510405965,0.0,0.06298737510405965,0.06298737510405965,-0.04777203835060259,0.0,-0.04777203835060259,-0.04777203835060259,0.9728063704615558,0.0,0.9728063704615558,0.9728063704615558,0.9557089605541482,0.0,0.9557089605541482,0.9557089605541482,0.0170974099074076,0.0,0.0170974099074076,0.0170974099074076,0.0170974099074076,0.0,0.0170974099074076,0.0170974099074076
77,header,mid_density,important,0.05,1,360000,4,0.418,0.0,0.418,0.418,0.35701666666666665,0.0,0.35701666666666665,0.35701666666666665,0.004861111111111111,0.0,0.004861111111111111,0.004861111111111111,0.5379547623432503,0.0,0.5379547623432503,0.5379547623432503,0.014452776584850186,0.0,0.014452776584850186,0.014452776584850186,0.3649860083815731,0.0,0.3649860083815731,0.3649860083815731,0.3505672337500926,0.0,0.3505672337500926,0.3505672337500926,-0.1271573166815875,0.0,-0.1271573166815875,-0.1271573166815875,0.9728063704615558,0.0,0.9728063704615558,0.9728063704615558,0.8759462652683534,0.0,0.8759462652683534,0.8759462652683534,0.09686010519320243,0.0,0.09686010519320243,0.09686010519320243,0.09686010519320243,0.0,0.09686010519320243,0.09686010519320243
77,header,mid_density,important,0.1,1,360000,8,0.25301111111111113,0.0,0.25301111111111113,0.25301111111111113,0.1650222222222222,0.0,0.1650222222222222,0.1650222222222222,0.05265555555555555,0.0,0.05265555555555555,0.05265555555555555,0.24865643154916373,0.0,0.24865643154916373,0.24865643154916373,0.15655247596709723,0.0,0.15655247596709723,0.15655247596709723,0.29985024918401265,0.0,0.29985024918401265,0.29985024918401265,0.1863578891149486,0.0,0.1863578891149486,0.1863578891149486,-0.20818162028695955,0.0,-0.20818162028695955,-0.20818162028695955,0.9728063704615558,0.0,0.9728063704615558,0.9728063704615558,0.8028955002950215,0.0,0.8028955002950215,0.8028955002950215,0.16991087016653428,0.0,0.16991087016653428,0.16991087016653428,0.16991087016653428,0.0,0.16991087016653428,0.16991087016653428
77,header,mid_density,random,0.01,20,360000,1,0.007688611111111111,0.014849136034538248,0.0,0.051027777777777776,0.0032341666666666673,0.007652761801757876,0.0,0.02571111111111111,0.0008011111111111113,0.002057238500250659,0.0,0.008022222222222222,0.0048732608950426085,0.011531225404045083,0.0,0.03874164978486162,0.0023818175811833103,0.006116463447608579,0.0,0.023851210729741338,0.007464478905402637,0.01485454940411107,0.0,0.05556153879296909,0.005260635416522979,0.015539902486842873,-0.009559307322660802,0.05556153879296909,-0.002198295899795829,0.004571054897488516,-0.01825712767854985,0.00012225312009438776,0.9728063704615557,1.1102230246251565e-16,0.9728063704615558,0.9728063704615558,0.9725770105665703,0.000522554007516352,0.9704835050046685,0.9729061165807258,0.00022935989498538146,0.000522554007516352,-9.974611916996334e-05,0.002322865456887313,0.00022935989498538146,0.000522554007516352,-9.974611916996334e-05,0.002322865456887313
77,header,mid_density,random,0.05,20,360000,4,0.06443222222222222,0.062538001326206,0.0014,0.24407222222222222,0.03345055555555555,0.052013904744100836,2.2222222222222223e-05,0.1898277777777778,0.010994722222222225,0.016449754723958505,0.0,0.05689444444444444,0.05040348909240068,0.07837485018950718,3.3484571983458624e-05,0.2860335850256994,0.0326888771431403,0.04890746672248241,0.0,0.1691552971490866,0.06315658783031763,0.05512276289227503,0.001788641258289564,0.21580197727078124,0.032450395567549827,0.07345571086549255,-0.06483213587531189,0.21579236032791657,-0.01553148670600479,0.015736956246597572,-0.05736736124704127,0.0037809027559048357,0.9728063704615557,1.1102230246251565e-16,0.9728063704615558,0.9728063704615558,0.9677206475181952,0.005274313025903407,0.9546716492539767,0.9726444084374464,0.0050857229433605875,0.005274313025903407,0.00016196202410945215,0.018134721207579085,0.0050857229433605875,0.005274313025903407,0.00016196202410945215,0.018134721207579085
77,header,mid_density,random,0.1,20,360000,8,0.11348222222222223,0.10503604020807616,0.008694444444444444,0.41257222222222223,0.07485,0.09424279757658795,0.0011666666666666668,0.35100555555555557,0.008598055555555557,0.015058718433145811,0.0,0.05541666666666667,0.1127844095832845,0.14200558827191004,0.0017579400291315777,0.5288971856217248,0.0255632453503353,0.0447717174517896,0.0,0.16476165306729212,0.10595584953591693,0.0905700265586488,0.00847874688328746,0.36961225011133914,0.08084944065119855,0.10361576899200792,-0.023824075562825283,0.3694301325134641,-0.022840831851981127,0.021184596998181326,-0.07590206319638505,0.009074244263595424,0.9728063704615557,1.1102230246251565e-16,0.9728063704615558,0.9728063704615558,0.9593644309566647,0.012143476858703832,0.9212786274347959,0.9728629591227296,0.013441939504891264,0.012143476858703834,-5.658866117375094e-05,0.05152774302675989,0.013441939504891264,0.012143476858703834,-5.658866117375094e-05,0.05152774302675989
77,imports,high_density,important,0.01,1,252080,13,0.061274198667089816,0.0,0.061274198667089816,0.061274198667089816,0.03064900031735957,0.0,0.03064900031735957,0.03064900031735957,0.010671215487146937,0.0,0.010671215487146937,0.010671215487146937,0.05547736672794118,0.0,0.05547736672794118,0.05547736672794118,0.023844135583605163,0.0,0.023844135583605163,0.023844135583605163,0.05429900195748309,0.0,0.05429900195748309,0.05429900195748309,-0.006489667965463988,0.0,-0.006489667965463988,-0.006489667965463988,-0.039989618118747364,0.0,-0.039989618118747364,-0.039989618118747364,0.8232170423924767,0.0,0.8232170423924767,0.8232170423924767,0.8209564235207695,0.0,0.8209564235207695,0.8209564235207695,0.002260618871707254,0.0,0.002260618871707254,0.002260618871707254,0.002260618871707254,0.0,0.002260618871707254,0.002260618871707254
77,imports,high_density,important,0.05,1,252080,65,0.06152015233259283,0.0,0.06152015233259283,0.06152015233259283,0.0,0.0,0.0,0.0,0.059084417645192004,0.0,0.059084417645192004,0.059084417645192004,0.0,0.0,0.0,0.0,0.13202028081123246,0.0,0.13202028081123246,0.13202028081123246,0.10077369066046309,0.0,0.10077369066046309,0.10077369066046309,-0.08967191149812462,0.0,-0.08967191149812462,-0.08967191149812462,-0.08021615269004088,0.0,-0.08021615269004088,-0.08021615269004088,0.8232170423924767,0.0,0.8232170423924767,0.8232170423924767,0.7371996526700556,0.0,0.7371996526700556,0.7371996526700556,0.08601738972242112,0.0,0.08601738972242112,0.08601738972242112,0.08601738972242112,0.0,0.08601738972242112,0.08601738972242112
77,imports,high_density,important,0.1,1,252080,129,0.1361551888289432,0.0,0.1361551888289432,0.1361551888289432,0.0,0.0,0.0,0.0,0.13282291336083782,0.0,0.13282291336083782,0.13282291336083782,0.0,0.0,0.0,0.0,0.29678414409303644,0.0,0.29678414409303644,0.29678414409303644,0.12051827602208419,0.0,0.12051827602208419,0.12051827602208419,-0.10399043015492657,0.0,-0.10399043015492657,-0.10399043015492657,-0.08114747773797457,0.0,-0.08114747773797457,-0.08114747773797457,0.8232170423924767,0.0,0.8232170423924767,0.8232170423924767,0.7157640398039468,0.0,0.7157640398039468,0.7157640398039468,0.10745300258852997,0.0,0.10745300258852997,0.10745300258852997,0.10745300258852997,0.0,0.10745300258852997,0.10745300258852997
77,imports,high_density,random,0.01,20,252080,13,0.0030672802284988894,0.012956279297969822,0.0,0.05953665503014916,0.0017700729927007304,0.007563330843321274,0.0,0.034735004760393526,3.6893049825452236e-05,0.00011503668769575227,0.0,0.0004681053633767058,0.003203986672794118,0.01369028922754212,0.0,0.06287339154411764,8.243511558644166e-05,0.0002570419819382467,0.0,0.0010459509289462488,0.0026800667792191207,0.006962032835587931,2.4312953312777938e-05,0.032348370233191474,0.0008486244994819678,0.0060326120178459865,-0.006612021145458617,0.02617328921337997,-0.0007950182564187639,0.0017311724212060627,-0.0075471826783427105,0.001498365718588915,0.8232170423924767,0.0,0.8232170423924767,0.8232170423924767,0.8238240047310577,0.004165738899357927,0.8114501624187835,0.8341514852627028,-0.0006069623385807632,0.004165738899357927,-0.010934442870226047,0.01176687997369319,-0.0006069623385807632,0.004165738899357927,-0.010934442870226047,0.01176687997369319
77,imports,high_density,random,0.05,20,252080,65,0.0031767692795937794,0.008948808085149362,0.0,0.039701682005712474,0.0012238178356077435,0.004974773122603426,0.0,0.022889558870199937,0.0008632180260234846,0.0026102325305182774,0.0,0.011432878451285306,0.002215217141544118,0.009004773730080079,0.0,0.04143210018382353,0.0019288044249042686,0.005832394485649619,0.0,0.025546021840873633,0.005272140062414096,0.006744182615019992,0.0014293806807532425,0.03375244587309525,0.0006041507468362316,0.004305606001817085,-0.005982411461995603,0.017482849473079504,-0.0030383162799392004,0.0036433484995710965,-0.01770999514321956,-8.261744950964978e-05,0.8232170423924767,0.0,0.8232170423924767,0.8232170423924767,0.8258064817463137,0.003846801865210044,0.820478664441061,0.8314628481096172,-0.0025894393538368143,0.003846801865210044,-0.008245805717140509,0.002738377951415738,-0.0025894393538368143,0.003846801865210044,-0.008245805717140509,0.002738377951415738
77,imports,high_density,random,0.1,20,252080,129,0.006604649317676928,0.01385572814513713,0.0,0.06446366232941923,0.0036186924785782297,0.008065417265976106,0.0,0.034806410663281495,0.0009485084100285624,0.001526140462534359,0.0,0.00475245953665503,0.006550149356617648,0.014599109492814058,0.0,0.0630026424632353,0.0021193802297546443,0.003410061407917859,0.0,0.010619061126081407,0.01240887427403969,0.0066572352541280815,0.0046561341248335655,0.034945140658388406,0.0003421663582591852,0.007922108984394964,-0.014544181104882512,0.026800624939888967,-0.009246142738240535,0.004412602053400143,-0.01710323645378568,-0.0032215741542935745,0.8232170423924767,0.0,0.8232170423924767,0.8232170423924767,0.8286013887012634,0.0067362603361647766,0.8140853472828544,0.8390993015509184,-0.005384346308786814,0.0067362603361647766,-0.01588225915844166,0.009131695109622306,-0.005384346308786814,0.0067362603361647766,-0.01588225915844166,0.009131695109622306
77,imports,low_density,important,0.01,1,180000,13,0.10558888888888888,0.0,0.10558888888888888,0.10558888888888888,0.036333333333333336,0.0,0.036333333333333336,0.036333333333333336,0.03607777777777778,0.0,0.03607777777777778,0.03607777777777778,0.04948322564048242,0.0,0.04948322564048242,0.04948322564048242,0.13576117406029184,0.0,0.13576117406029184,0.13576117406029184,0.10655310857301556,0.0,0.10655310857301556,0.10655310857301556,0.02993625952687789,0.0,0.02993625952687789,0.02993625952687789,-0.05837523595422575,0.0,-0.05837523595422575,-0.05837523595422575,0.9182784157685451,0.0,0.9182784157685451,0.9182784157685451,0.8701419553435973,0.0,0.8701419553435973,0.8701419553435973,0.04813646042494779,0.0,0.04813646042494779,0.04813646042494779,0.04813646042494779,0.0,0.04813646042494779,0.04813646042494779
77,imports,low_density,important,0.05,1,180000,65,0.1665111111111111,0.0,0.1665111111111111,0.1665111111111111,0.007733333333333333,0.0,0.007733333333333333,0.007733333333333333,0.12014444444444444,0.0,0.12014444444444444,0.12014444444444444,0.01053220949412103,0.0,0.01053220949412103,0.01053220949412103,0.45210519714010955,0.0,0.45210519714010955,0.45210519714010955,0.12815866888885388,0.0,0.12815866888885388,0.12815866888885388,-0.06444766520070633,0.0,-0.06444766520070633,-0.06444766520070633,-0.03050320600486407,0.0,-0.03050320600486407,-0.03050320600486407,0.9182784157685451,0.0,0.9182784157685451,0.9182784157685451,0.8562149468241147,0.0,0.8562149468241147,0.8562149468241147,0.06206346894443038,0.0,0.06206346894443038,0.06206346894443038,0.06206346894443038,0.0,0.06206346894443038,0.06206346894443038
77,imports,low_density,important,0.1,1,180000,129,0.1935,0.0,0.1935,0.1935,0.013888888888888888,0.0,0.013888888888888888,0.013888888888888888,0.1357,0.0,0.1357,0.1357,0.018915606131682885,0.0,0.018915606131682885,0.018915606131682885,0.5106409666764227,0.0,0.5106409666764227,0.5106409666764227,0.15477300179729206,0.0,0.15477300179729206,0.15477300179729206,-0.02957766096035344,0.0,-0.02957766096035344,-0.02957766096035344,-0.071422394489871,0.0,-0.071422394489871,-0.071422394489871,0.9182784157685451,0.0,0.9182784157685451,0.9182784157685451,0.8189067252478814,0.0,0.8189067252478814,0.8189067252478814,0.09937169052066364,0.0,0.09937169052066364,0.09937169052066364,0.09937169052066364,0.0,0.09937169052066364,0.09937169052066364
77,imports,low_density,random,0.01,20,180000,13,0.010222777777777779,0.015022219951922905,0.0005444444444444444,0.06502222222222222,0.002895555555555556,0.006716390859147456,0.00011111111111111112,0.030133333333333335,0.003264444444444445,0.005182553353247727,0.00015555555555555556,0.02208888888888889,0.0039435255663332475,0.009147211496500931,0.00015132484905346308,0.04103929906329919,0.012284149349834846,0.01950201955898714,0.0005853576953631308,0.08312079274156457,0.009701039305095253,0.01334958227654789,0.0006652404465615212,0.056703368521095754,0.0010313716420417855,0.010701002199565431,-0.02968980329947048,0.02806388354962436,-0.0010258672204450192,0.0036241987008837745,-0.012931044493583222,0.008018577640935082,0.9182784157685451,0.0,0.9182784157685451,0.9182784157685451,0.9166416189253072,0.002988504261335394,0.9050684913368922,0.9184033202998984,0.0016367968432380031,0.0029885042613353946,-0.00012490453135327595,0.01320992443165292,0.0016367968432380031,0.0029885042613353946,-0.00012490453135327595,0.01320992443165292
77,imports,low_density,random,0.05,20,180000,65,0.02469722222222222,0.013035536365387249,0.011455555555555556,0.068,0.00831777777777778,0.005014075742901732,0.0021,0.020966666666666668,0.005963333333333333,0.005566854177369725,0.0011111111111111111,0.02601111111111111,0.011328178200142246,0.0068287882944351175,0.002860039647110452,0.028554999016388482,0.022440105364385166,0.020948148846564176,0.0041811263954509344,0.09788016891750638,0.02400425232901012,0.012084267686780932,0.013476533298301492,0.06577191175550849,0.007441354408226461,0.009633858869474774,-0.011525694060763102,0.03134213890429104,-0.006217099027733896,0.003971402313998492,-0.014893227448214752,0.0027801162067817137,0.9182784157685451,0.0,0.9182784157685451,0.9182784157685451,0.9144690505444995,0.0048677845420822055,0.8942162567087621,0.9178400899962798,0.0038093652240455246,0.004867784542082206,0.00043832577226532443,0.024062159059782928,0.0038093652240455246,0.004867784542082206,0.00043832577226532443,0.024062159059782928
77,imports,low_density,random,0.1,20,180000,129,0.037104444444444454,0.012552947811786366,0.0209,0.07362222222222223,0.010207222222222222,0.007697163398468039,0.0038777777777777777,0.03746666666666667,0.013223333333333333,0.007897910256501595,0.004244444444444445,0.03068888888888889,0.013901457258296385,0.010482948804717151,0.005281237231965861,0.051026739100827744,0.04975958523226157,0.029719944938125333,0.01597190283062257,0.11548271104235482,0.035673424281181323,0.010216427255198616,0.020921219998090566,0.06495593734489728,0.005714538015934457,0.016195656075802752,-0.020762665828072867,0.038985719404597545,-0.011013808758528549,0.006129739625572243,-0.024505605222655914,-0.0022491801373501334,0.9182784157685451,0.0,0.9182784157685451,0.9182784157685451,0.9100717488325175,0.003320409551052482,0.9019912340653811,0.9156949614002717,0.008206666936027484,0.003320409551052482,0.0025834543682733413,0.01628718170316401,0.008206666936027484,0.003320409551052482,0.0025834543682733413,0.01628718170316401
77,imports,mid_density,important,0.01,1,287920,13,0.1394484579049736,0.0,0.1394484579049736,0.1394484579049736,0.0319949986107252,0.0,0.0319949986107252,0.0319949986107252,0.06355237565990553,0.0,0.06355237565990553,0.06355237565990553,0.1040081291633736,0.0,0.1040081291633736,0.1040081291633736,0.09178831201404565,0.0,0.09178831201404565,0.09178831201404565,0.12432868839234026,0.0,0.12432868839234026,0.12432868839234026,-0.02868241392160586,0.0,-0.02868241392160586,-0.02868241392160586,-0.07763970867644245,0.0,-0.07763970867644245,-0.07763970867644245,0.969092803615816,0.0,0.969092803615816,0.969092803615816,0.9351946430618943,0.0,0.9351946430618943,0.9351946430618943,0.0338981605539217,0.0,0.0338981605539217,0.0338981605539217,0.0338981605539217,0.0,0.0338981605539217,0.0338981605539217
77,imports,mid_density,important,0.05,1,287920,65,0.2333425951653237,0.0,0.2333425951653237,0.2333425951653237,0.0026882467352042235,0.0,0.0026882467352042235,0.0026882467352042235,0.20956515698805223,0.0,0.20956515698805223,0.20956515698805223,0.00873885062662301,0.0,0.00873885062662301,0.00873885062662301,0.3026736894908452,0.0,0.3026736894908452,0.3026736894908452,0.25876172847455525,0.0,0.25876172847455525,0.25876172847455525,-0.20318873415067157,0.0,-0.20318873415067157,-0.20318873415067157,-0.17109082107351387,0.0,-0.17109082107351387,-0.17109082107351387,0.969092803615816,0.0,0.969092803615816,0.969092803615816,0.9058401671753623,0.0,0.9058401671753623,0.9058401671753623,0.06325263644045365,0.0,0.06325263644045365,0.06325263644045365,0.06325263644045365,0.0,0.06325263644045365,0.06325263644045365
77,imports,mid_density,important,0.1,1,287920,129,0.3335370936371214,0.0,0.3335370936371214,0.3335370936371214,0.006300361211447624,0.0,0.006300361211447624,0.006300361211447624,0.30222283967768826,0.0,0.30222283967768826,0.30222283967768826,0.02048097549960483,0.0,0.02048097549960483,0.02048097549960483,0.4364986205166792,0.0,0.4364986205166792,0.4364986205166792,0.2853064190526294,0.0,0.2853064190526294,0.2853064190526294,-0.20046743149835794,0.0,-0.20046743149835794,-0.20046743149835794,-0.18880121072687892,0.0,-0.18880121072687892,-0.18880121072687892,0.969092803615816,0.0,0.969092803615816,0.969092803615816,0.8622124783496007,0.0,0.8622124783496007,0.8622124783496007,0.10688032526621527,0.0,0.10688032526621527,0.10688032526621527,0.10688032526621527,0.0,0.10688032526621527,0.10688032526621527
77,imports,mid_density,random,0.01,20,287920,13,0.007354473464851347,0.0156632539181308,0.0001180883578771881,0.07099194220616838,0.0019119894415115305,0.005498468524001859,2.7785495971103084e-05,0.02536121144762434,0.002141219783273132,0.004442049410556105,4.1678243956654624e-05,0.01985968324534593,0.006215422829400474,0.017874213135718815,9.032403748447555e-05,0.08244326521395506,0.0030925507900677203,0.006415625113053994,6.0195635816403313e-05,0.02868322046651618,0.00738798166678301,0.011901784203358946,0.0001918984722478622,0.05191299368069561,-0.00013259633926082035,0.008495921094779346,-0.025905096212867903,0.02228942711128196,-0.0016957884959749752,0.0019404062859018243,-0.007335710312880424,4.968435047901239e-05,0.9690928036158158,1.1102230246251565e-16,0.969092803615816,0.969092803615816,0.968228309477859,0.0017381927223618786,0.9613355657212574,0.9690726353252791,0.0008644941379569282,0.0017381927223618786,2.0168290536859423e-05,0.007757237894558511,0.0008644941379569282,0.0017381927223618786,2.0168290536859423e-05,0.007757237894558511
77,imports,mid_density,random,0.05,20,287920,65,0.019301542095026394,0.014541093949826495,0.005480689080300083,0.05692553487079744,0.004541886635176439,0.003662761337536128,0.0008891358710752987,0.0159974993053626,0.0067365934981939435,0.008341101243045308,0.000666851903306474,0.02600027785495971,0.014764592977306087,0.011906765770615352,0.0028903691995032176,0.0520040645816868,0.009729621269124656,0.012047002106333611,0.000963130173062453,0.037552044143466266,0.01992111193310293,0.010661281751209211,0.007015366961024668,0.055359172186781935,0.00011755560985332871,0.008845551685691714,-0.01891447007721101,0.01942927175818546,-0.009775934088574318,0.0038740753621430033,-0.01848119007665914,-0.0037047671569823077,0.9690928036158158,1.1102230246251565e-16,0.969092803615816,0.969092803615816,0.9662484043503815,0.0030365598504777194,0.9545727554939689,0.9695493894731095,0.002844399265434688,0.00303655985047772,-0.0004565858572935788,0.01452004812184704,0.002844399265434688,0.00303655985047772,-0.0004565858572935788,0.01452004812184704
77,imports,mid_density,random,0.1,20,287920,129,0.03259620727979994,0.018990423211861826,0.014448457904973604,0.08357877188107808,0.006254167824395665,0.006323351539933007,0.0020144484579049738,0.03185607113086968,0.017539247013059183,0.014032390627106837,0.003389830508474576,0.05344540150041678,0.020330811787286893,0.020555711588320105,0.006548492717624478,0.10355650897595123,0.025331828442437927,0.020266896961909208,0.004895911713067469,0.07719087032856785,0.03645591548509438,0.015043923481562553,0.019939309553144612,0.06571502927763079,-0.008944049459504869,0.017043095939092354,-0.04448107333997708,0.028928660075979096,-0.020867143034554326,0.009569474498598803,-0.04333157125310248,-0.008835495898954444,0.9690928036158158,1.1102230246251565e-16,0.969092803615816,0.969092803615816,0.9628349011163326,0.0027800556246840636,0.9573755530811028,0.9666874109513479,0.006257902499483226,0.002780055624684064,0.0024053926644680423,0.011717250534713175,0.006257902499483226,0.002780055624684064,0.0024053926644680423,0.011717250534713175
123,header,high_density,important,0.01,1,180000,1,8.888888888888889e-05,0.0,8.888888888888889e-05,8.888888888888889e-05,8.888888888888889e-05,0.0,8.888888888888889e-05,8.888888888888889e-05,0.0,0.0,0.0,0.0,0.00033932813030200206,0.0,0.00033932813030200206,0.00033932813030200206,0.0,0.0,0.0,0.0,0.00926047695946557,0.0,0.00926047695946557,0.00926047695946557,0.00926047695946557,0.0,0.00926047695946557,0.00926047695946557,-0.0068921637008463035,0.0,-0.0068921637008463035,-0.0068921637008463035,0.9994950850396426,0.0,0.9994950850396426,0.9994950850396426,0.9993702092583412,0.0,0.9993702092583412,0.9993702092583412,0.00012487578130138122,0.0,0.00012487578130138122,0.00012487578130138122,0.00012487578130138122,0.0,0.00012487578130138122,0.00012487578130138122
123,header,high_density,important,0.05,1,180000,4,0.047933333333333335,0.0,0.047933333333333335,0.047933333333333335,0.03931111111111111,0.0,0.03931111111111111,0.03931111111111111,0.0,0.0,0.0,0.0,0.1500678656260604,0.0,0.1500678656260604,0.1500678656260604,0.0,0.0,0.0,0.0,0.08527941323544584,0.0,0.08527941323544584,0.08527941323544584,0.08227717638782066,0.0,0.08227717638782066,0.08227717638782066,-0.04254160638757545,0.0,-0.04254160638757545,-0.04254160638757545,0.9994950850396426,0.0,0.9994950850396426,0.9994950850396426,0.9971369332682808,0.0,0.9971369332682808,0.9971369332682808,0.0023581517713617828,0.0,0.0023581517713617828,0.0023581517713617828,0.0023581517713617828,0.0,0.0023581517713617828,0.0023581517713617828
123,header,high_density,important,0.1,1,180000,8,0.07071111111111111,0.0,0.07071111111111111,0.07071111111111111,0.06157777777777778,0.0,0.06157777777777778,0.06157777777777778,0.0007,0.0,0.0007,0.0007,0.2350695622667119,0.0,0.2350695622667119,0.2350695622667119,0.0009484523666144766,0.0,0.0009484523666144766,0.0009484523666144766,0.1786656071465966,0.0,0.1786656071465966,0.1786656071465966,0.02704342951231355,0.0,0.02704342951231355,0.02704342951231355,-0.13362526358141427,0.0,-0.13362526358141427,-0.13362526358141427,0.9994950850396426,0.0,0.9994950850396426,0.9994950850396426,0.9407239524842943,0.0,0.9407239524842943,0.9407239524842943,0.05877113255534827,0.0,0.05877113255534827,0.05877113255534827,0.05877113255534827,0.0,0.05877113255534827,0.05877113255534827
123,header,high_density,random,0.01,20,180000,1,0.0019205555555555556,0.0031765076618711194,0.0,0.010511111111111112,0.0007422222222222222,0.0018327392976998484,0.0,0.006966666666666667,0.0003344444444444444,0.0009876827850836608,0.0,0.004344444444444444,0.002833389888021717,0.006996374991219305,0.0,0.02659484221241941,0.00045314946404913887,0.0013382429642528229,0.0,0.005886426592797784,0.004268486367979841,0.006750578750905479,0.0,0.021612197104725415,0.001413727646795373,0.006916208240079508,-0.012341426444091119,0.021612018591889753,-0.0012416843243551754,0.0029222101176723057,-0.010253864288562542,0.001516665822962565,0.9994950850396428,2.220446049250313e-16,0.9994950850396426,0.9994950850396426,0.9994303393924211,0.0002623937879228477,0.9982891340444606,0.9995263913086798,6.474564722161458e-05,0.0002623937879228477,-3.130626903724565e-05,0.001205950995181948,6.474564722161458e-05,0.0002623937879228477,-3.130626903724565e-05,0.001205950995181948
123,header,high_density,random,0.05,20,180000,4,0.010482222222222223,0.010958716244542288,0.0,0.036477777777777776,0.005824444444444445,0.008865325434620456,0.0,0.028377777777777776,0.0012966666666666669,0.0034734799499871833,0.0,0.0158,0.022234475738038686,0.033842860922796106,0.0,0.10833050559891415,0.0017568950981572927,0.0047063289699332544,0.0,0.021407924846441044,0.01643448372666618,0.010677016775293082,0.0006108251762693266,0.03493169728096687,0.007706325510967874,0.014948183654050116,-0.03398982757334016,0.034854923840780115,-0.006333841289735083,0.007121095834000146,-0.024977601145736363,-0.00020113838102720725,0.9994950850396428,2.220446049250313e-16,0.9994950850396426,0.9994950850396426,0.999190634813972,0.0004771622156804276,0.9978300440776126,0.9995218670783504,0.0003044502256706272,0.0004771622156804277,-2.6782038707873213e-05,0.0016650409620300177,0.0003044502256706272,0.0004771622156804277,-2.6782038707873213e-05,0.0016650409620300177
123,header,high_density,random,0.1,20,180000,8,0.019347777777777776,0.01752967857275762,0.0010333333333333334,0.061422222222222225,0.01208388888888889,0.01666277453628037,0.0,0.052811111111111114,0.003295555555555556,0.005012459045120703,0.0,0.018266666666666667,0.046129538513742796,0.06360916645169806,0.0,0.20160332541567696,0.004465253522823076,0.006791540919861244,0.0,0.024750090328796822,0.02699565319985588,0.01415366162460348,0.002730514234132998,0.05785731857857916,0.00825539525705542,0.02319468752005645,-0.03559583310718566,0.05785686947501413,-0.012969404330408645,0.00944382416837632,-0.038792145014047236,0.001385252317058974,0.9994950850396428,2.220446049250313e-16,0.9994950850396426,0.9994950850396426,0.9989045412298136,0.0006465522049863639,0.9966053007642421,0.9994871390607996,0.0005905438098290194,0.0006465522049863639,7.945978843015844e-06,0.002889784275400431,0.0005905438098290194,0.0006465522049863639,7.945978843015844e-06,0.002889784275400431
123,header,low_density,important,0.01,1,180000,1,0.06963333333333334,0.0,0.06963333333333334,0.06963333333333334,0.049444444444444444,0.0,0.049444444444444444,0.049444444444444444,3.3333333333333335e-05,0.0,3.3333333333333335e-05,3.3333333333333335e-05,0.12199133724436646,0.0,0.12199133724436646,0.12199133724436646,5.6051717050932325e-05,0.0,5.6051717050932325e-05,5.6051717050932325e-05,0.06925470125039379,0.0,0.06925470125039379,0.06925470125039379,0.06915350812475393,0.0,0.06915350812475393,0.06915350812475393,-0.03594508050067273,0.0,-0.03594508050067273,-0.03594508050067273,0.958444733948405,0.0,0.958444733948405,0.958444733948405,0.938830425027723,0.0,0.938830425027723,0.938830425027723,0.019614308920682055,0.0,0.019614308920682055,0.019614308920682055,0.019614308920682055,0.0,0.019614308920682055,0.019614308920682055
123,header,low_density,important,0.05,1,180000,4,0.3413555555555556,0.0,0.3413555555555556,0.3413555555555556,0.26874444444444445,0.0,0.26874444444444445,0.26874444444444445,0.0006666666666666666,0.0,0.0006666666666666666,0.0006666666666666666,0.6630571851526947,0.0,0.6630571851526947,0.6630571851526947,0.0011210343410186466,0.0,0.0011210343410186466,0.0011210343410186466,0.29307922010251863,0.0,0.29307922010251863,0.29307922010251863,0.28786589144838876,0.0,0.28786589144838876,0.28786589144838876,0.009758125053219446,0.0,0.009758125053219446,0.009758125053219446,0.958444733948405,0.0,0.958444733948405,0.958444733948405,0.8812686247597872,0.0,0.8812686247597872,0.8812686247597872,0.07717610918861784,0.0,0.07717610918861784,0.07717610918861784,0.07717610918861784,0.0,0.07717610918861784,0.07717610918861784
123,header,low_density,important,0.1,1,180000,8,0.33118888888888887,0.0,0.33118888888888887,0.33118888888888887,0.2539,0.0,0.2539,0.2539,0.0074555555555555555,0.0,0.0074555555555555555,0.0074555555555555555,0.6264323701957344,0.0,0.6264323701957344,0.6264323701957344,0.012536900713725197,0.0,0.012536900713725197,0.012536900713725197,0.2991096227359388,0.0,0.2991096227359388,0.2991096227359388,0.22863980614843957,0.0,0.22863980614843957,0.22863980614843957,-0.040994334822304135,0.0,-0.040994334822304135,-0.040994334822304135,0.958444733948405,0.0,0.958444733948405,0.958444733948405,0.7674612228644646,0.0,0.7674612228644646,0.7674612228644646,0.1909835110839404,0.0,0.1909835110839404,0.1909835110839404,0.1909835110839404,0.0,0.1909835110839404,0.1909835110839404
123,header,low_density,random,0.01,20,180000,1,0.021472777777777778,0.03605079398022931,0.0,0.1138,0.009480555555555555,0.02005858945196469,0.0,0.06566666666666666,0.0037044444444444442,0.009012467633201585,0.0,0.03924444444444444,0.02339081089972038,0.04948936484118707,0.0,0.16201546137397885,0.006229214154926946,0.01515492857120703,0.0,0.06599155487463099,0.02184828422460688,0.03608031543624422,0.0,0.11995255564327453,0.011304631306697167,0.037909508102601325,-0.05430048964732979,0.1199410920199736,-0.0013959593081075067,0.004470043920896566,-0.013353946541972464,0.00856903295756272,0.9584447339484049,1.1102230246251565e-16,0.958444733948405,0.958444733948405,0.9562685553955698,0.005795067905286868,0.9322194834367099,0.9584595036480676,0.002176178552835295,0.005795067905286869,-1.4769699662631197e-05,0.02622525051169511,0.002176178552835295,0.005795067905286869,-1.4769699662631197e-05,0.02622525051169511
123,header,low_density,random,0.05,20,180000,4,0.07082666666666666,0.042050720021433494,0.0018333333333333333,0.14734444444444444,0.03303444444444444,0.02699457785062277,5.555555555555556e-05,0.09584444444444444,0.011709999999999998,0.021955684856794243,0.0,0.09621111111111111,0.08150392017106202,0.06660211652382393,0.00013706891825209714,0.23647129776851802,0.01969096819999253,0.036919615057574115,0.0,0.16178393931467433,0.06999915983197166,0.04107370603199545,0.002362160947076498,0.14768212279390616,0.04007338890754186,0.058905527246515675,-0.11087940993229047,0.14534111980301692,-0.005799519305699859,0.013003072521690332,-0.04018235765974579,0.01502530983074497,0.9584447339484049,1.1102230246251565e-16,0.958444733948405,0.958444733948405,0.948851315496624,0.00912522921553761,0.9266677579048271,0.9583255312140474,0.009593418451781022,0.00912522921553761,0.00011920273435761519,0.031776976043577876,0.009593418451781022,0.00912522921553761,0.00011920273435761519,0.031776976043577876
123,header,low_density,random,0.1,20,180000,8,0.09635833333333334,0.04373381307254374,0.015288888888888888,0.17247777777777779,0.04316666666666667,0.03726389739926188,0.00036666666666666667,0.11466666666666667,0.022210555555555556,0.023769614246338812,0.0,0.09098888888888888,0.10650254948187947,0.09193899791473131,0.0009046548604638412,0.28291024727232855,0.0373481932663204,0.039969830764367796,0.0,0.1530025036433616,0.09550659673249584,0.04382102248602923,0.015210773945266659,0.18252265629185083,0.03959262002469763,0.0782837747014966,-0.07995697228955556,0.18210526340951377,-0.01341826757596666,0.0180830200054209,-0.04936528641928658,0.025294546625395934,0.9584447339484049,1.1102230246251565e-16,0.958444733948405,0.958444733948405,0.9414567729346593,0.012495103368404835,0.9148871046383272,0.9574554065960741,0.01698796101374585,0.012495103368404835,0.0009893273523309265,0.04355762931007778,0.01698796101374585,0.012495103368404835,0.0009893273523309265,0.04355762931007778
123,header,mid_density,important,0.01,1,360000,1,0.05318333333333333,0.0,0.05318333333333333,0.05318333333333333,0.04362777777777778,0.0,0.04362777777777778,0.04362777777777778,8.333333333333333e-05,0.0,8.333333333333333e-05,8.333333333333333e-05,0.06547112867457022,0.0,0.06547112867457022,0.06547112867457022,0.0002497752023179139,0.0,0.0002497752023179139,0.0002497752023179139,0.06407049927334954,0.0,0.06407049927334954,0.06407049927334954,0.06402740703740258,0.0,0.06402740703740258,0.06402740703740258,-0.041339719172331375,0.0,-0.041339719172331375,-0.041339719172331375,0.9721450183910121,0.0,0.9721450183910121,0.9721450183910121,0.9536680130602238,0.0,0.9536680130602238,0.9536680130602238,0.018477005330788332,0.0,0.018477005330788332,0.018477005330788332,0.018477005330788332,0.0,0.018477005330788332,0.018477005330788332
123,header,mid_density,important,0.05,1,360000,4,0.41081666666666666,0.0,0.41081666666666666,0.41081666666666666,0.3526388888888889,0.0,0.3526388888888889,0.3526388888888889,0.00024444444444444443,0.0,0.00024444444444444443,0.00024444444444444443,0.5291964717456189,0.0,0.5291964717456189,0.5291964717456189,0.0007326739267992141,0.0,0.0007326739267992141,0.0007326739267992141,0.36568033959979873,0.0,0.36568033959979873,0.36568033959979873,0.3615538107018133,0.0,0.3615538107018133,0.3615538107018133,-0.08014439385451527,0.0,-0.08014439385451527,-0.08014439385451527,0.9721450183910121,0.0,0.9721450183910121,0.9721450183910121,0.912422361690518,0.0,0.912422361690518,0.912422361690518,0.05972265670049404,0.0,0.05972265670049404,0.05972265670049404,0.05972265670049404,0.0,0.05972265670049404,0.05972265670049404
123,header,mid_density,important,0.1,1,360000,8,0.4568833333333333,0.0,0.4568833333333333,0.4568833333333333,0.3892888888888889,0.0,0.3892888888888889,0.3892888888888889,0.006033333333333333,0.0,0.006033333333333333,0.006033333333333333,0.5841962216330682,0.0,0.5841962216330682,0.5841962216330682,0.018083724647816966,0.0,0.018083724647816966,0.018083724647816966,0.4080942454889386,0.0,0.4080942454889386,0.4080942454889386,0.38062989933757974,0.0,0.38062989933757974,0.38062989933757974,-0.08741116923750895,0.0,-0.08741116923750895,-0.08741116923750895,0.9721450183910121,0.0,0.9721450183910121,0.9721450183910121,0.830543379488188,0.0,0.830543379488188,0.830543379488188,0.14160163890282407,0.0,0.14160163890282407,0.14160163890282407,0.14160163890282407,0.0,0.14160163890282407,0.14160163890282407
123,header,mid_density,random,0.01,20,360000,1,0.017241666666666662,0.03074176299895552,0.0,0.10497222222222222,0.008920833333333333,0.019853310268732095,0.0,0.06540555555555555,0.0018808333333333329,0.005195010211316145,0.0,0.022894444444444443,0.013387274273423039,0.029793372420687445,0.0,0.09815250195921497,0.005637426316315316,0.015571016718901421,0.0,0.0686215739168082,0.018845775139685522,0.032460843039846886,0.0,0.10938000140300103,0.011668316191316842,0.03483261296160098,-0.039543816283091233,0.1093796767084222,-0.004523504830012503,0.009649619416992371,-0.03524343861587161,0.0035891496258348317,0.9721450183910119,2.220446049250313e-16,0.9721450183910121,0.9721450183910121,0.9709134157592306,0.003871823439749043,0.9548224894995001,0.9728422919142112,0.0012316026317814532,0.0038718234397490435,-0.0006972735231991489,0.01732252889151198,0.0012316026317814532,0.0038718234397490435,-0.0006972735231991489,0.01732252889151198
123,header,mid_density,random,0.05,20,360000,4,0.06306805555555556,0.03974839964458388,0.0007888888888888889,0.15035,0.034666111111111106,0.029293431873475082,0.0,0.10656666666666667,0.006551944444444445,0.014757367617461914,0.0,0.06637222222222222,0.052022576826238474,0.043959929778612995,0.0,0.15992196488419788,0.019638158990242113,0.044232293787976565,0.0,0.19893762280614113,0.06391843845261866,0.038189353617082304,0.0013698779004645931,0.14323149021797021,0.04377387262791125,0.05260724528015538,-0.0781769907329442,0.1428913047424547,-0.017484390640900564,0.013864653868885985,-0.04281920332984516,0.0016327561324841848,0.9721450183910119,2.220446049250313e-16,0.9721450183910121,0.9721450183910121,0.966016837809111,0.0070024150838194354,0.9498359348323235,0.9722939229720347,0.006128180581901299,0.0070024150838194354,-0.00014890458102256865,0.022309083558688547,0.006128180581901299,0.0070024150838194354,-0.00014890458102256865,0.022309083558688547
123,header,mid_density,random,0.1,20,360000,8,0.08808972222222222,0.06017926364167066,0.008277777777777778,0.21713888888888888,0.0501475,0.0520036938228347,1.1111111111111112e-05,0.1631277777777778,0.011989999999999999,0.013218252041667123,0.0,0.047544444444444445,0.07525511480166074,0.0780406590308159,1.6674170043186102e-05,0.24480182748903673,0.035937656109501455,0.039619098935959,0.0,0.14250507876244714,0.09034124376054473,0.05484413507753408,0.009730287745672849,0.21521402746874635,0.053009363826775825,0.08012977301462969,-0.054441772223204385,0.21423896356699967,-0.024027668219593828,0.016052019730592202,-0.05808611032873337,0.00024066645688104008,0.9721450183910119,2.220446049250313e-16,0.9721450183910121,0.9721450183910121,0.9612440917924114,0.00928442316838143,0.9392619198288212,0.9719031390137707,0.010900926598600364,0.00928442316838143,0.00024187937724140518,0.03288309856219085,0.010900926598600364,0.00928442316838143,0.00024187937724140518,0.03288309856219085
123,imports,high_density,important,0.01,1,258382,13,0.01674265235194402,0.0,0.01674265235194402,0.01674265235194402,0.002794312297296251,0.0,0.002794312297296251,0.002794312297296251,0.005666029367370792,0.0,0.005666029367370792,0.005666029367370792,0.005174662786864097,0.0,0.005174662786864097,0.005174662786864097,0.012317426129097395,0.0,0.012317426129097395,0.012317426129097395,0.03651138994789683,0.0,0.03651138994789683,0.03651138994789683,-0.020944109455798443,0.0,-0.020944109455798443,-0.020944109455798443,-0.03416974196023046,0.0,-0.03416974196023046,-0.03416974196023046,0.8462654933412758,0.0,0.8462654933412758,0.8462654933412758,0.8423563453821018,0.0,0.8423563453821018,0.8423563453821018,0.003909147959173964,0.0,0.003909147959173964,0.003909147959173964,0.003909147959173964,0.0,0.003909147959173964,0.003909147959173964
123,imports,high_density,important,0.05,1,258382,65,0.07957210641608162,0.0,0.07957210641608162,0.07957210641608162,0.0,0.0,0.0,0.0,0.07616629641383688,0.0,0.07616629641383688,0.07616629641383688,0.0,0.0,0.0,0.0,0.16557851517803054,0.0,0.16557851517803054,0.16557851517803054,0.09286386817550343,0.0,0.09286386817550343,0.09286386817550343,-0.08047940010386707,0.0,-0.08047940010386707,-0.08047940010386707,-0.06947974278898322,0.0,-0.06947974278898322,-0.06947974278898322,0.8462654933412758,0.0,0.8462654933412758,0.8462654933412758,0.7894735729458572,0.0,0.7894735729458572,0.7894735729458572,0.05679192039541858,0.0,0.05679192039541858,0.05679192039541858,0.05679192039541858,0.0,0.05679192039541858,0.05679192039541858
123,imports,high_density,important,0.1,1,258382,129,0.1538961692377952,0.0,0.1538961692377952,0.1538961692377952,0.0,0.0,0.0,0.0,0.15025040443993776,0.0,0.15025040443993776,0.15025040443993776,0.0,0.0,0.0,0.0,0.3266305445244666,0.0,0.3266305445244666,0.3266305445244666,0.14569031009834404,0.0,0.14569031009834404,0.14569031009834404,-0.13143796628675802,0.0,-0.13143796628675802,-0.13143796628675802,-0.08983350801093871,0.0,-0.08983350801093871,-0.08983350801093871,0.8462654933412758,0.0,0.8462654933412758,0.8462654933412758,0.6947078387999589,0.0,0.6947078387999589,0.6947078387999589,0.15155765454131687,0.0,0.15155765454131687,0.15155765454131687,0.15155765454131687,0.0,0.15155765454131687,0.15155765454131687
123,imports,high_density,random,0.01,20,258382,13,0.0010941164632211223,0.002433933077959173,0.0,0.008514525005611846,0.000552670077636987,0.0017266667933595182,0.0,0.00789528682338553,7.0051319364352e-05,0.00021725073623445474,0.0,0.0008746739323946714,0.0010234651606152259,0.00319753751560153,0.0,0.014620930865931797,0.00015228511812613582,0.00047228309660203,0.0,0.001901460590967221,0.0021798278401865033,0.0032056893742905034,5.125140765643714e-05,0.013552966916223303,-0.0008032434917153435,0.003597320171408671,-0.013031748357219342,0.004884041457249469,-0.000780580535009789,0.00100772780393375,-0.0033028489596911817,0.00017974265366492743,0.8462654933412758,0.0,0.8462654933412758,0.8462654933412758,0.8410186433299328,0.012250543143679874,0.8039757428908689,0.8486099349073469,0.005246850011342974,0.012250543143679876,-0.002344441566071165,0.04228975045040684,0.005246850011342974,0.012250543143679876,-0.002344441566071165,0.04228975045040684
123,imports,high_density,random,0.05,20,258382,65,0.006813168099945042,0.01537242312466064,0.0,0.0679381690675047,0.0025365544039445474,0.0062097170776967536,0.0,0.02817533729129738,0.00046597673212530287,0.0013151879542751869,0.0,0.004396591093806844,0.004697332396829265,0.011499499146893357,0.0,0.05217665524705073,0.00101299050952413,0.0028590975129697393,0.0,0.009557784209463552,0.007740035497668591,0.007648751531438056,0.0021545143169307353,0.03634520700448237,0.0006908923765701742,0.00794536622032302,-0.00930119794733279,0.03259801774374494,-0.003187116065722407,0.0048854578318128315,-0.015355194554635524,0.00881392348094984,0.8462654933412758,0.0,0.8462654933412758,0.8462654933412758,0.8445419255774365,0.011121216270857152,0.8051761592861931,0.8538426237966076,0.0017235677638393898,0.011121216270857154,-0.007577130455331815,0.04108933405508264,0.0017235677638393898,0.011121216270857154,-0.007577130455331815,0.04108933405508264
123,imports,high_density,random,0.1,20,258382,129,0.0076580411948200715,0.012831687642694531,0.0,0.059996439380452196,0.0022698949617233405,0.0046165583987738444,0.0,0.020280050467911852,0.001834880138709353,0.0036566980364010735,0.0,0.01569768791943711,0.004203517623955391,0.008549199376402847,0.0,0.037555724381118934,0.00398886046981221,0.007949324830394613,0.0,0.03412532812815508,0.013240632835299231,0.00750539637511524,0.0050459515448603425,0.03620631575550633,-0.003580616443707904,0.010666582895324614,-0.022201452707970665,0.031864596389236166,-0.007732332750409318,0.006638282319010716,-0.021902627762264093,0.012078450114071253,0.8462654933412758,0.0,0.8462654933412758,0.8462654933412758,0.8406350671527294,0.013770963688492087,0.8054712870538051,0.8530662292931277,0.005630426188546328,0.013770963688492089,-0.006800735951851933,0.04079420628747066,0.005630426188546328,0.013770963688492089,-0.006800735951851933,0.04079420628747066
123,imports,low_density,important,0.01,1,180014,13,0.11526881242570022,0.0,0.11526881242570022,0.11526881242570022,0.010254757963269523,0.0,0.010254757963269523,0.010254757963269523,0.07376092970546735,0.0,0.07376092970546735,0.07376092970546735,0.014011172505920214,0.0,0.014011172505920214,0.014011172505920214,0.27512328540052217,0.0,0.27512328540052217,0.27512328540052217,0.10411148670445339,0.0,0.10411148670445339,0.10411148670445339,-0.032701389454927815,0.0,-0.032701389454927815,-0.032701389454927815,-0.0369090807078147,0.0,-0.0369090807078147,-0.0369090807078147,0.9165459267470821,0.0,0.9165459267470821,0.9165459267470821,0.8693967898881245,0.0,0.8693967898881245,0.8693967898881245,0.04714913685895761,0.0,0.04714913685895761,0.04714913685895761,0.04714913685895761,0.0,0.04714913685895761,0.04714913685895761
123,imports,low_density,important,0.05,1,180014,65,0.17887497639072517,0.0,0.17887497639072517,0.17887497639072517,0.004899618918528559,0.0,0.004899618918528559,0.004899618918528559,0.13545613118979635,0.0,0.13545613118979635,0.13545613118979635,0.006694395530997632,0.0,0.006694395530997632,0.006694395530997632,0.5052422195516141,0.0,0.5052422195516141,0.5052422195516141,0.13656268496673032,0.0,0.13656268496673032,0.13656268496673032,-0.06934040057570791,0.0,-0.06934040057570791,-0.06934040057570791,-0.032469528079582685,0.0,-0.032469528079582685,-0.032469528079582685,0.9165459267470821,0.0,0.9165459267470821,0.9165459267470821,0.8459712248180918,0.0,0.8459712248180918,0.8459712248180918,0.07057470192899029,0.0,0.07057470192899029,0.07057470192899029,0.07057470192899029,0.0,0.07057470192899029,0.07057470192899029
123,imports,low_density,important,0.1,1,180014,129,0.20983923472618796,0.0,0.20983923472618796,0.20983923472618796,0.0015776550712722343,0.0,0.0015776550712722343,0.0015776550712722343,0.16777583965691556,0.0,0.16777583965691556,0.16777583965691556,0.002155565000910802,0.0,0.002155565000910802,0.002155565000910802,0.6257925490033567,0.0,0.6257925490033567,0.6257925490033567,0.16322700619569216,0.0,0.16322700619569216,0.16322700619569216,-0.08904783006463023,0.0,-0.08904783006463023,-0.08904783006463023,-0.020245414918117197,0.0,-0.020245414918117197,-0.020245414918117197,0.9165459267470821,0.0,0.9165459267470821,0.9165459267470821,0.8040740102525823,0.0,0.8040740102525823,0.8040740102525823,0.11247191649449984,0.0,0.11247191649449984,0.11247191649449984,0.11247191649449984,0.0,0.11247191649449984,0.11247191649449984
123,imports,low_density,random,0.01,20,180014,13,0.010396413612274603,0.01261935475582691,0.0009443709933671826,0.04865177152888109,0.0018248580665948208,0.0022234512754250586,0.00017776395169264613,0.009110402524248114,0.004714633306298399,0.008269390693610724,8.888197584632306e-05,0.028597775728554445,0.0024933207845042205,0.003037922444398312,0.00024288056348290729,0.012447628878498998,0.017585263768596412,0.03084426870663546,0.00033152376610998303,0.10666777174588703,0.009387040819491323,0.011120817801459593,0.0012362688876243182,0.04448472935687596,-0.0017673683534883942,0.01067958282262118,-0.03425754424268607,0.015259935808186237,-0.0006408450064995577,0.0032179386631721713,-0.009146758196638356,0.009077505270186975,0.9165459267470822,1.1102230246251565e-16,0.9165459267470821,0.9165459267470821,0.9152821392761206,0.002043095137652497,0.9076539419694865,0.9166270365482029,0.0012637874709616858,0.0020430951376524966,-8.110980112074895e-05,0.008891984777595674,0.0012637874709616858,0.0020430951376524966,-8.110980112074895e-05,0.008891984777595674
123,imports,low_density,random,0.05,20,180014,65,0.03232581910295866,0.02214770469178439,0.015554345773106536,0.1184241225682447,0.01140300198873421,0.01618335076325884,0.0012554579088293132,0.07789394158232138,0.008649327274545314,0.007219616390080525,0.0014776628484451208,0.02552023731487551,0.015580029145667617,0.02211146475421456,0.0017153439795980327,0.10642722691116643,0.03226140648957772,0.026928681464588194,0.005511582611578468,0.09518876134432887,0.03048531103391728,0.020070862933108887,0.01391113518659525,0.10601447877399323,0.009951600633721544,0.02609872526717065,-0.027627453332674665,0.10091192352445941,-0.009386897887623124,0.008294662590180692,-0.027758567712159246,0.004441280713628791,0.9165459267470822,1.1102230246251565e-16,0.9165459267470821,0.9165459267470821,0.911650213972759,0.00409563136508619,0.8977372117126617,0.9156013408620538,0.00489571277432313,0.004095631365086191,0.0009445858850283262,0.018808715034420387,0.00489571277432313,0.004095631365086191,0.0009445858850283262,0.018808715034420387
123,imports,low_density,random,0.1,20,180014,129,0.04913506727254548,0.02285055343684092,0.02234270667836946,0.12885664448320686,0.013844478762762898,0.017002196451182536,0.0010554734631750863,0.08328241136800471,0.017055895652560358,0.013340007100547228,0.0016332063061761863,0.04238559223171531,0.018915841884753176,0.023230261339206793,0.001442103345679762,0.11378954399174206,0.06361733869296757,0.04975732539467716,0.0060917492022709374,0.15809539596369815,0.04557251045449105,0.018821257989584894,0.021956511292247346,0.1092874650061339,0.0048377995200774545,0.03139739538146057,-0.04248223253440555,0.10321372141024455,-0.013080930203932039,0.00799681078524859,-0.026732329705068256,0.004494275871167582,0.9165459267470822,1.1102230246251565e-16,0.9165459267470821,0.9165459267470821,0.9076794955529925,0.005135949938546713,0.8947207941551267,0.9141906820997061,0.008866431194089525,0.005135949938546714,0.0023552446473760202,0.0218251325919554,0.008866431194089525,0.005135949938546714,0.0023552446473760202,0.0218251325919554
123,imports,mid_density,important,0.01,1,281604,13,0.10317325037996619,0.0,0.10317325037996619,0.10317325037996619,0.007506995639266488,0.0,0.007506995639266488,0.007506995639266488,0.07192369426570645,0.0,0.07192369426570645,0.07192369426570645,0.023827235634904534,0.0,0.023827235634904534,0.023827235634904534,0.1050072064785724,0.0,0.1050072064785724,0.1050072064785724,0.12672425984994726,0.0,0.12672425984994726,0.12672425984994726,-0.07543958027439665,0.0,-0.07543958027439665,-0.07543958027439665,-0.0901697328372863,0.0,-0.0901697328372863,-0.0901697328372863,0.9669984061436128,0.0,0.9669984061436128,0.9669984061436128,0.9456209783627683,0.0,0.9456209783627683,0.9456209783627683,0.021377427780844505,0.0,0.021377427780844505,0.021377427780844505,0.021377427780844505,0.0,0.021377427780844505,0.021377427780844505
123,imports,mid_density,important,0.05,1,281604,65,0.25550063209329416,0.0,0.25550063209329416,0.25550063209329416,0.00483657902586611,0.0,0.00483657902586611,0.00483657902586611,0.22677234698370763,0.0,0.22677234698370763,0.22677234698370763,0.015351322107256374,0.0,0.015351322107256374,0.015351322107256374,0.3310832529733205,0.0,0.3310832529733205,0.3310832529733205,0.23396596178532594,0.0,0.23396596178532594,0.23396596178532594,-0.18503867856286665,0.0,-0.18503867856286665,-0.18503867856286665,-0.14307429766653165,0.0,-0.14307429766653165,-0.14307429766653165,0.9669984061436128,0.0,0.9669984061436128,0.9669984061436128,0.9051717325738776,0.0,0.9051717325738776,0.9051717325738776,0.06182667356973515,0.0,0.06182667356973515,0.06182667356973515,0.06182667356973515,0.0,0.06182667356973515,0.06182667356973515
123,imports,mid_density,important,0.1,1,281604,129,0.36814817971335634,0.0,0.36814817971335634,0.36814817971335634,0.0012357779008820898,0.0,0.0012357779008820898,0.0012357779008820898,0.34100367892501526,0.0,0.34100367892501526,0.34100367892501526,0.003922364238858457,0.0,0.003922364238858457,0.003922364238858457,0.4978587944961168,0.0,0.4978587944961168,0.4978587944961168,0.3208209215858509,0.0,0.3208209215858509,0.3208209215858509,-0.267316409472264,0.0,-0.267316409472264,-0.267316409472264,-0.168297976364365,0.0,-0.168297976364365,-0.168297976364365,0.9669984061436128,0.0,0.9669984061436128,0.9669984061436128,0.8688047112291943,0.0,0.8688047112291943,0.8688047112291943,0.09819369491441843,0.0,0.09819369491441843,0.09819369491441843,0.09819369491441843,0.0,0.09819369491441843,0.09819369491441843
123,imports,mid_density,random,0.01,20,281604,13,0.006172852658342921,0.008380797287432904,0.0004048237951165466,0.03156205167540234,0.0009360662490589623,0.0017391355477661638,7.102171844149941e-06,0.008124884589707533,0.003122469851280522,0.0063589394958395076,0.0,0.022549395605176062,0.002971078199319222,0.0055200235205827486,2.254232321183021e-05,0.025788417754333763,0.004558745761657388,0.009283929022855367,0.0,0.03292168268682407,0.0066996912445921025,0.008803904745493422,0.0004555193590884339,0.03561861071826968,-0.00216641516376897,0.008633371444129944,-0.026767022104798747,0.009381439771363255,-0.0014816218856878512,0.0016277036574194178,-0.0058596991535295245,0.002277255772512901,0.9669984061436129,1.1102230246251565e-16,0.9669984061436128,0.9669984061436128,0.9661265785852846,0.0015513248842724315,0.9612056772450542,0.9670229117837106,0.0008718275583281587,0.0015513248842724317,-2.4505640097816084e-05,0.00579272889855853,0.0008718275583281587,0.0015513248842724317,-2.4505640097816084e-05,0.00579272889855853
123,imports,mid_density,random,0.05,20,281604,65,0.02567683697674749,0.023652193070979304,0.007634834732461186,0.11873410889049872,0.008352509197312539,0.015380893594825367,0.00041192596696069657,0.07394781324128918,0.007427806423204217,0.007392234852225311,0.00043323248249314643,0.03107910399000014,0.02651089921327292,0.048819020760095616,0.0013074547462861522,0.23471066928157616,0.010844454122209435,0.010792520314627888,0.0006325110689437065,0.04537489242127311,0.026255218263067388,0.018941518875746962,0.01007021346092265,0.08377627576684862,0.002571600499445448,0.02097000212988271,-0.04243815786060519,0.07214699931465807,-0.01226887681575119,0.01091677210796529,-0.05114609993675302,-0.0026842628312266593,0.9669984061436129,1.1102230246251565e-16,0.9669984061436128,0.9669984061436128,0.9635542575720397,0.003689535611924191,0.9496621439009805,0.9664948156544912,0.0034441485715730356,0.0036895356119241904,0.0005035904891215193,0.017336262242632294,0.0034441485715730356,0.0036895356119241904,0.0005035904891215193,0.017336262242632294
123,imports,mid_density,random,0.1,20,281604,129,0.04029701282652235,0.025792770920976992,0.017435831877388105,0.13011889035667107,0.011078322751097283,0.01698642748052795,0.0005539694038436954,0.08233547818923026,0.016312978508828,0.01638992263110551,0.0019744037726736837,0.06776182156503459,0.03516264286197336,0.05391499204511387,0.0017583012105227564,0.26133315299474763,0.023816634004209827,0.023928970938759633,0.002882591428956564,0.09893095260314597,0.04542574249963373,0.0209749639313384,0.020782490162050353,0.09350591536303736,-0.007931255123053167,0.031001981054048885,-0.07995049593759442,0.08086982159184943,-0.024888819623358708,0.013484936421101192,-0.06434738109450687,-0.010139799078123646,0.9669984061436129,1.1102230246251565e-16,0.9669984061436128,0.9669984061436128,0.9600742665698208,0.0035734307933572873,0.9525284246883543,0.9647478859978124,0.006924139573791899,0.0035734307933572873,0.0022505201458004054,0.014469981455258463,0.006924139573791899,0.0035734307933572873,0.0022505201458004054,0.014469981455258463
2024,header,high_density,important,0.01,1,180000,1,0.0,0.0,0.0,0.0,0.0,0.0,0.0,0.0,0.0,0.0,0.0,0.0,0.0,0.0,0.0,0.0,0.0,0.0,0.0,0.0,0.013265879034204954,0.0,0.013265879034204954,0.013265879034204954,0.01325811023087593,0.0,0.01325811023087593,0.01325811023087593,-0.011858852636648291,0.0,-0.011858852636648291,-0.011858852636648291,0.9994289228378688,0.0,0.9994289228378688,0.9994289228378688,0.9986757841661257,0.0,0.9986757841661257,0.9986757841661257,0.0007531386717430921,0.0,0.0007531386717430921,0.0007531386717430921,0.0007531386717430921,0.0,0.0007531386717430921,0.0007531386717430921
2024,header,high_density,important,0.05,1,180000,4,0.02712222222222222,0.0,0.02712222222222222,0.02712222222222222,0.020122222222222222,0.0,0.020122222222222222,0.020122222222222222,0.0,0.0,0.0,0.0,0.0761404246373765,0.0,0.0761404246373765,0.0761404246373765,0.0,0.0,0.0,0.0,0.0777634303177417,0.0,0.0777634303177417,0.0777634303177417,0.06846624431516553,0.0,0.06846624431516553,0.06846624431516553,-0.05464719676494349,0.0,-0.05464719676494349,-0.05464719676494349,0.9994289228378688,0.0,0.9994289228378688,0.9994289228378688,0.9959178087841108,0.0,0.9959178087841108,0.9959178087841108,0.0035111140537579244,0.0,0.0035111140537579244,0.0035111140537579244,0.0035111140537579244,0.0,0.0035111140537579244,0.0035111140537579244
2024,header,high_density,important,0.1,1,180000,8,0.06076666666666666,0.0,0.06076666666666666,0.06076666666666666,0.05078888888888889,0.0,0.05078888888888889,0.05078888888888889,0.0002,0.0,0.0002,0.0002,0.19217994534370403,0.0,0.19217994534370403,0.19217994534370403,0.0002718417277052027,0.0,0.0002718417277052027,0.0002718417277052027,0.19006325890713482,0.0,0.19006325890713482,0.19006325890713482,0.03587140671924494,0.0,0.03587140671924494,0.03587140671924494,-0.15527202969934883,0.0,-0.15527202969934883,-0.15527202969934883,0.9994289228378688,0.0,0.9994289228378688,0.9994289228378688,0.9618753713969427,0.0,0.9618753713969427,0.9618753713969427,0.03755355144092609,0.0,0.03755355144092609,0.03755355144092609,0.03755355144092609,0.0,0.03755355144092609,0.03755355144092609
2024,header,high_density,random,0.01,20,180000,1,0.0021761111111111113,0.005567280155815166,0.0,0.023822222222222224,0.0005455555555555555,0.001410082302124749,0.0,0.0051222222222222225,0.0006755555555555555,0.0027095728787366437,0.0,0.012466666666666666,0.002064326256043725,0.005335606777011874,0.0,0.019381963422324996,0.0009182209469153514,0.003682874863494645,0.0,0.016944801026957636,0.005494031943364166,0.009058994652154095,0.0,0.03295846187151117,0.00223589963338551,0.00691721891778233,-0.0050300444932411086,0.027182676541253937,-0.0027443064779218655,0.0038074978511871806,-0.012182280761123467,0.0,0.9994289228378687,1.1102230246251565e-16,0.9994289228378688,0.9994289228378688,0.9992331073610213,0.0005981244190536939,0.9967302392142756,0.9994558628718396,0.00019581547684744405,0.0005981244190536939,-2.694003397085698e-05,0.0026986836235931566,0.00019581547684744405,0.0005981244190536939,-2.694003397085698e-05,0.0026986836235931566
2024,header,high_density,random,0.05,20,180000,4,0.009657222222222223,0.01417994857771588,0.0,0.05921111111111111,0.004720555555555556,0.011769116980732788,0.0,0.050166666666666665,0.0023605555555555554,0.0044864879098724985,0.0,0.0136,0.017862097960899725,0.04453313131242174,0.0,0.18982552028589447,0.003208487502831684,0.00609807312374122,0.0,0.01848523748395379,0.01802403670029905,0.018460611480438455,3.478814441661005e-05,0.06286499830401904,0.003001050452403665,0.02239304235760075,-0.04331908465686971,0.06286495257319932,-0.010403716949145592,0.011526562675460334,-0.03901688650410415,-3.107149866432105e-05,0.9994289228378687,1.1102230246251565e-16,0.9994289228378688,0.9994289228378688,0.9988924656210744,0.0009212489966679196,0.9963334679483138,0.9994549275884796,0.000536457216794517,0.0009212489966679197,-2.600475061087515e-05,0.0030954548895549827,0.000536457216794517,0.0009212489966679197,-2.600475061087515e-05,0.0030954548895549827
2024,header,high_density,random,0.1,20,180000,8,0.032252222222222224,0.02609522710722744,0.0010666666666666667,0.09335555555555555,0.01970388888888889,0.02047884252220771,0.0,0.05676666666666667,0.00663,0.019761171274078285,0.0,0.0907,0.07455749421904562,0.07748983926839159,0.0,0.21479924322051713,0.00901155327342747,0.02685955470311932,0.0,0.12328022351430945,0.03581010449225064,0.01919875675418792,0.002949528731950564,0.06885265885003886,0.018032252907454964,0.0300911042541814,-0.058324595574005766,0.06883024291107644,-0.011828208365530498,0.014395210103750463,-0.04811271625256003,0.010537097300910849,0.9994289228378687,1.1102230246251565e-16,0.9994289228378688,0.9994289228378688,0.9982424164147246,0.0013322768632676775,0.9940695415560669,0.9994537608653473,0.001186506423144218,0.0013322768632676775,-2.4838027478546465e-05,0.0053593812818019115,0.001186506423144218,0.0013322768632676775,-2.4838027478546465e-05,0.0053593812818019115
2024,header,low_density,important,0.01,1,180004,1,0.06309859780893758,0.0,0.06309859780893758,0.06309859780893758,0.04238794693451257,0.0,0.04238794693451257,0.04238794693451257,4.4443456812070844e-05,0.0,4.4443456812070844e-05,4.4443456812070844e-05,0.10448905809208184,0.0,0.10448905809208184,0.10448905809208184,7.477893477407414e-05,0.0,7.477893477407414e-05,7.477893477407414e-05,0.06628577741884321,0.0,0.06628577741884321,0.06628577741884321,0.06615885704597753,0.0,0.06615885704597753,0.06615885704597753,-0.03579551664322034,0.0,-0.03579551664322034,-0.03579551664322034,0.9563086820725748,0.0,0.9563086820725748,0.9563086820725748,0.9375621199167694,0.0,0.9375621199167694,0.9375621199167694,0.01874656215580539,0.0,0.01874656215580539,0.01874656215580539,0.01874656215580539,0.0,0.01874656215580539,0.01874656215580539
2024,header,low_density,important,0.05,1,180004,4,0.3292149063354148,0.0,0.3292149063354148,0.3292149063354148,0.2513944134574787,0.0,0.2513944134574787,0.2513944134574787,0.001188862469722895,0.0,0.001188862469722895,0.001188862469722895,0.6197036509545069,0.0,0.6197036509545069,0.6197036509545069,0.0020003365052064835,0.0,0.0020003365052064835,0.0020003365052064835,0.27309194423017147,0.0,0.27309194423017147,0.27309194423017147,0.25780935557871737,0.0,0.25780935557871737,0.25780935557871737,-0.01733279307351316,0.0,-0.01733279307351316,-0.01733279307351316,0.9563086820725748,0.0,0.9563086820725748,0.9563086820725748,0.8675444725766395,0.0,0.8675444725766395,0.8675444725766395,0.08876420949593533,0.0,0.08876420949593533,0.08876420949593533,0.08876420949593533,0.0,0.08876420949593533,0.08876420949593533
2024,header,low_density,important,0.1,1,180004,8,0.3737694717895158,0.0,0.3737694717895158,0.3737694717895158,0.28749361125308326,0.0,0.28749361125308326,0.28749361125308326,0.005166551854403236,0.0,0.005166551854403236,0.005166551854403236,0.7086905316206075,0.0,0.7086905316206075,0.7086905316206075,0.008693051167486119,0.0,0.008693051167486119,0.008693051167486119,0.328641287125945,0.0,0.328641287125945,0.328641287125945,0.2808680653758911,0.0,0.2808680653758911,0.2808680653758911,-0.016077078647349963,0.0,-0.016077078647349963,-0.016077078647349963,0.9563086820725748,0.0,0.9563086820725748,0.9563086820725748,0.7434120427431463,0.0,0.7434120427431463,0.7434120427431463,0.21289663932942848,0.0,0.21289663932942848,0.21289663932942848,0.21289663932942848,0.0,0.21289663932942848,0.21289663932942848
2024,header,low_density,random,0.01,20,180004,1,0.02252672162840826,0.03967791262924349,0.0,0.14261905290993535,0.009865336325859425,0.021037572383851857,0.0,0.08077598275593875,0.004224350569987333,0.009281075593826066,0.0,0.03101042199062243,0.024318698474432365,0.05185899015889554,0.0,0.19911807400509435,0.007107737750275747,0.015615998309912577,0.0,0.052177001738610236,0.022434909374061632,0.03899784649740883,0.0,0.13989901363738155,0.01012973769157046,0.03505500023668052,-0.026617801319421625,0.13981362256122987,-0.003693860736759745,0.008686370421018668,-0.03579551664322034,0.003342392463156511,0.9563086820725747,1.1102230246251565e-16,0.9563086820725748,0.9563086820725748,0.9528300389553426,0.008834777534165289,0.918571820901383,0.9563472138792808,0.0034786431172321277,0.008834777534165289,-3.85318067059881e-05,0.03773686117119179,0.0034786431172321277,0.008834777534165289,-3.85318067059881e-05,0.03773686117119179
2024,header,low_density,random,0.05,20,180004,4,0.06379469345125664,0.06707062176405468,0.0009888669140685762,0.2686273638363592,0.02781382635941424,0.04764723925199947,3.333259260905313e-05,0.19264016355192107,0.01456467634052577,0.022185747930094007,0.0,0.07730939312459723,0.06856289885240063,0.11745355720627909,8.216701815891101e-05,0.4748705869463997,0.02450599166214877,0.037328927954316075,0.0,0.13007795703950198,0.060950726295021296,0.06018683529634626,0.0007890632741347487,0.2340702736432862,0.019772629316427103,0.07503505803350626,-0.09594929041791049,0.23405305017577718,-0.007525046569762947,0.00971256394922992,-0.028384794348759,0.009427926322729138,0.9563086820725747,1.1102230246251565e-16,0.9563086820725748,0.9563086820725748,0.9487222869434906,0.01004177178223354,0.9184423817214432,0.9565520571828376,0.007586395129084311,0.01004177178223354,-0.00024337511026284453,0.03786630035113159,0.007586395129084311,0.01004177178223354,-0.00024337511026284453,0.03786630035113159
2024,header,low_density,random,0.1,20,180004,8,0.12698828914913002,0.07522209061757441,0.012044176796071199,0.2764160796426746,0.06684129241572409,0.06235155154068288,0.0003999911113086376,0.1986178084931446,0.019889558009822002,0.03649018595027276,1.1110864203017711e-05,0.14984111464189684,0.16476815206376158,0.15370064752443208,0.0009860042179069323,0.48960587220289775,0.03346544278476753,0.06139705213767641,1.8694733693518535e-05,0.25211717859079097,0.1216958772859299,0.07094623566931438,0.01416535273506097,0.26808527235584895,0.07092315808462979,0.10930572633436135,-0.15870017498581693,0.26804588273995655,-0.0012619089068731774,0.02125180927071268,-0.028644494291782382,0.04342989359759768,0.9563086820725747,1.1102230246251565e-16,0.9563086820725748,0.9563086820725748,0.937569327087093,0.013180490089915163,0.9095846419367436,0.956451274283632,0.01873935498548183,0.013180490089915162,-0.00014259221105716868,0.0467240401358312,0.01873935498548183,0.013180490089915162,-0.00014259221105716868,0.0467240401358312
2024,header,mid_density,important,0.01,1,359996,1,0.04773941932688141,0.0,0.04773941932688141,0.04773941932688141,0.03873376370848565,0.0,0.03873376370848565,0.03873376370848565,5.555617284636496e-06,0.0,5.555617284636496e-06,5.555617284636496e-06,0.05824366771369378,0.0,0.05824366771369378,0.05824366771369378,1.658539821541115e-05,0.0,1.658539821541115e-05,1.658539821541115e-05,0.067294612013012,0.0,0.067294612013012,0.067294612013012,0.06726354199357225,0.0,0.06726354199357225,0.06726354199357225,-0.0498799400556678,0.0,-0.0498799400556678,-0.0498799400556678,0.9727307086668538,0.0,0.9727307086668538,0.9727307086668538,0.953664264827667,0.0,0.953664264827667,0.953664264827667,0.019066443839186875,0.0,0.019066443839186875,0.019066443839186875,0.019066443839186875,0.0,0.019066443839186875,0.019066443839186875
2024,header,mid_density,important,0.05,1,359996,4,0.3969877443082701,0.0,0.3969877443082701,0.3969877443082701,0.33924821386904297,0.0,0.33924821386904297,0.33924821386904297,0.00130001444460494,0.0,0.00130001444460494,0.00130001444460494,0.5101249749381809,0.0,0.5101249749381809,0.5101249749381809,0.0038809831824062097,0.0,0.0038809831824062097,0.0038809831824062097,0.35198292107073437,0.0,0.35198292107073437,0.35198292107073437,0.3413650338291395,0.0,0.3413650338291395,0.3413650338291395,-0.10242928591470218,0.0,-0.10242928591470218,-0.10242928591470218,0.9727307086668538,0.0,0.9727307086668538,0.9727307086668538,0.8890665931138673,0.0,0.8890665931138673,0.8890665931138673,0.08366411555298658,0.0,0.08366411555298658,0.08366411555298658,0.08366411555298658,0.0,0.08366411555298658,0.08366411555298658
2024,header,mid_density,important,0.1,1,359996,8,0.4973999711107901,0.0,0.4973999711107901,0.4973999711107901,0.4346826075845287,0.0,0.4346826075845287,0.4346826075845287,0.00034444827164746274,0.0,0.00034444827164746274,0.00034444827164746274,0.6536289514134866,0.0,0.6536289514134866,0.6536289514134866,0.0010282946893554914,0.0,0.0010282946893554914,0.0010282946893554914,0.4593682138839618,0.0,0.4593682138839618,0.4593682138839618,0.43401306482806074,0.0,0.43401306482806074,0.43401306482806074,-0.08147202789782199,0.0,-0.08147202789782199,-0.08147202789782199,0.9727307086668538,0.0,0.9727307086668538,0.9727307086668538,0.7520753912852132,0.0,0.7520753912852132,0.7520753912852132,0.22065531738164068,0.0,0.22065531738164068,0.22065531738164068,0.22065531738164068,0.0,0.22065531738164068,0.22065531738164068
2024,header,mid_density,random,0.01,20,359996,1,0.01894659940666007,0.03509892902047008,0.0,0.12904587828753653,0.010522339137101521,0.022835402816437166,0.0,0.0845009388993211,0.002005300058889543,0.004767146148833095,0.0,0.015577950866120734,0.015822361825837065,0.03433742261038107,0.0,0.12706342311033883,0.005986499485852655,0.014231544971268441,0.0,0.04650545659601287,0.020668714775932268,0.03662218988115659,0.0,0.1372126197516712,0.013938345889200423,0.036002004246004624,-0.01818936211287823,0.13721133869823007,-0.007711809892764927,0.013891298700344874,-0.0498799400556678,0.0,0.9727307086668541,2.220446049250313e-16,0.9727307086668538,0.9727307086668538,0.9704899628429887,0.005372306692486756,0.953664264827667,0.9727703314802489,0.002240745823865342,0.005372306692486756,-3.962281339509044e-05,0.019066443839186875,0.002240745823865342,0.005372306692486756,-3.962281339509044e-05,0.019066443839186875
2024,header,mid_density,random,0.05,20,359996,4,0.05582423138034868,0.06784074729101879,3.333370370781897e-05,0.2431804797831087,0.03154201713352371,0.05402729659352812,1.6666851853909487e-05,0.190707674529717,0.007626473627484749,0.012983305228063862,0.0,0.04210046778297537,0.047429492748780326,0.08124043751455151,2.5061819153912984e-05,0.2867656886987903,0.022767605400205653,0.03875956105816563,0.0,0.12568414767638572,0.057027073941295414,0.06634379305372105,0.00011839760536155941,0.2570128827302612,0.032086998665007915,0.07729327995121567,-0.05808494674298391,0.25701097694204156,-0.015742256834055404,0.02224581930249617,-0.09616237607298404,0.0010646836166277624,0.9727307086668541,2.220446049250313e-16,0.9727307086668538,0.9727307086668538,0.9676707084255713,0.007145442716852672,0.9497778181376493,0.9730723477937013,0.005060000241282442,0.007145442716852672,-0.00034163912684748166,0.022952890529204573,0.005060000241282442,0.007145442716852672,-0.00034163912684748166,0.022952890529204573
2024,header,mid_density,random,0.1,20,359996,8,0.13203230035889285,0.1026145377248638,0.008444538272647474,0.3472816364626274,0.08776597517750198,0.09245968547691549,0.00011666796297736641,0.2861698463316259,0.011285958732874808,0.026077923522889814,0.0,0.110179001988911,0.13197303348259043,0.13903093018173027,0.00017543273407739088,0.43031143487268597,0.03369240720469699,0.07785142930097723,0.0,0.32892161740803394,0.12416916387487617,0.08847771697714915,0.011209730615329655,0.31347010385645335,0.09519696582782025,0.11369368676017962,-0.10830907806166794,0.31346505702354266,-0.020473445146188547,0.014155713269310005,-0.04050178606504779,0.0013001698805104307,0.9727307086668541,2.220446049250313e-16,0.9727307086668538,0.9727307086668538,0.9615031667389328,0.009136872935795994,0.9377870932791327,0.9730961192648836,0.011227541927921053,0.009136872935795994,-0.0003654105980297473,0.03494361538772117,0.011227541927921053,0.009136872935795994,-0.0003654105980297473,0.03494361538772117
2024,imports,high_density,important,0.01,1,182462,13,0.16632504302265677,0.0,0.16632504302265677,0.16632504302265677,0.05066260372022668,0.0,0.05066260372022668,0.05066260372022668,0.06583288575155374,0.0,0.06583288575155374,0.06583288575155374,0.2946576565089889,0.0,0.2946576565089889,0.2946576565089889,0.07950228340724072,0.0,0.07950228340724072,0.07950228340724072,0.11858992697037672,0.0,0.11858992697037672,0.11858992697037672,-0.019122135031669932,0.0,-0.019122135031669932,-0.019122135031669932,-0.08065198518560378,0.0,-0.08065198518560378,-0.08065198518560378,0.9860203900447602,0.0,0.9860203900447602,0.9860203900447602,0.9462655504473182,0.0,0.9462655504473182,0.9462655504473182,0.03975483959744197,0.0,0.03975483959744197,0.03975483959744197,0.03975483959744197,0.0,0.03975483959744197,0.03975483959744197
2024,imports,high_density,important,0.05,1,182462,65,0.17343885302145104,0.0,0.17343885302145104,0.17343885302145104,0.0,0.0,0.0,0.0,0.16694983064966953,0.0,0.16694983064966953,0.16694983064966953,0.0,0.0,0.0,0.0,0.20161493149778278,0.0,0.20161493149778278,0.20161493149778278,0.22821395117914053,0.0,0.22821395117914053,0.22821395117914053,-0.1740039529691469,0.0,-0.1740039529691469,-0.1740039529691469,-0.19164848769923956,0.0,-0.19164848769923956,-0.19164848769923956,0.9860203900447602,0.0,0.9860203900447602,0.9860203900447602,0.9470564115390254,0.0,0.9470564115390254,0.9470564115390254,0.03896397850573474,0.0,0.03896397850573474,0.03896397850573474,0.03896397850573474,0.0,0.03896397850573474,0.03896397850573474
2024,imports,high_density,important,0.1,1,182462,129,0.30221087130471,0.0,0.30221087130471,0.30221087130471,0.0,0.0,0.0,0.0,0.29493264350933346,0.0,0.29493264350933346,0.29493264350933346,0.0,0.0,0.0,0.0,0.35617181812164933,0.0,0.35617181812164933,0.35617181812164933,0.3052936485125359,0.0,0.3052936485125359,0.3052936485125359,-0.23916356029168329,0.0,-0.23916356029168329,-0.23916356029168329,-0.23363200693099392,0.0,-0.23363200693099392,-0.23363200693099392,0.9860203900447602,0.0,0.9860203900447602,0.9860203900447602,0.901501756284375,0.0,0.901501756284375,0.901501756284375,0.08451863376038515,0.0,0.08451863376038515,0.08451863376038515,0.08451863376038515,0.0,0.08451863376038515,0.08451863376038515
2024,imports,high_density,random,0.01,20,182462,13,0.002737008253773388,0.009765194271492363,0.0,0.04520393287369425,0.0007294669575034802,0.0025257781662954767,0.0,0.011662702370904627,0.00014030318641689775,0.0002498236908858317,0.0,0.0008878561015444312,0.004242636746143058,0.014690122905093882,0.0,0.0678311870457733,0.00016943543583294724,0.0003016965403826238,0.0,0.0010722086173803693,0.0032394027673842717,0.005053300416294293,8.654822089733102e-05,0.022945944294804017,0.00030098847410970974,0.0021981206545485794,-0.004498100744611646,0.0073905358894021285,-0.002572261704986479,0.0040490288922046735,-0.018211247849109345,-7.279747483804665e-05,0.9860203900447603,1.1102230246251565e-16,0.9860203900447602,0.9860203900447602,0.985940547226007,0.00021329007106323265,0.9854047759556092,0.9863870996771498,7.984281875312305e-05,0.00021329007106323268,-0.00036670963238960574,0.0006156140891510065,7.984281875312305e-05,0.00021329007106323268,-0.00036670963238960574,0.0006156140891510065
2024,imports,high_density,random,0.05,20,182462,65,0.008886233845951485,0.01787249838130637,0.0,0.06586576931087021,0.0017696835505475119,0.003536044554998538,0.0,0.014666067455141344,0.005517861253302057,0.016106826785517767,0.0,0.05586916727866624,0.010292617620808362,0.020565911054256758,0.0,0.08529899273237282,0.006663577999867628,0.019451213375730646,0.0,0.06746972003441658,0.014047307940642054,0.011578740924322598,0.003147497905492818,0.04613465974937853,-0.0016739809419819389,0.010800887205978438,-0.03416242740400097,0.01300929312782317,-0.01041215128243696,0.010289503641335419,-0.039552797446133596,-0.002371196949676117,0.9860203900447603,1.1102230246251565e-16,0.9860203900447602,0.9860203900447602,0.9842190794241013,0.0025218401499215097,0.9754900770496094,0.986394841034743,0.0018013106206590745,0.0025218401499215097,-0.0003744509899827886,0.010530312995150726,0.0018013106206590745,0.0025218401499215097,-0.0003744509899827886,0.010530312995150726
2024,imports,high_density,random,0.1,20,182462,129,0.026480034198901686,0.038301785712432146,0.0,0.1284541438765332,0.010536988523637799,0.01831188879668154,0.0,0.06060439982023654,0.006995977244576954,0.015479770712368609,0.0,0.0523615876182438,0.06128394746908071,0.10650337414318842,0.0,0.35247991839857196,0.008448606790654577,0.01869395673916342,0.0,0.06323383413859289,0.03410503950554862,0.0231891348911265,0.011419286936325447,0.08138328630375861,-0.0036712147860981405,0.021286039348734152,-0.05031465416140641,0.04168252857554131,-0.023644232815345716,0.015197388992233237,-0.06153486559290377,-0.007634579383331173,0.9860203900447603,1.1102230246251565e-16,0.9860203900447602,0.9860203900447602,0.9812651562486302,0.00443945227692595,0.9732211381771191,0.9865279964359797,0.004755233796130159,0.004439452276925949,-0.000507606391219495,0.012799251867641082,0.004755233796130159,0.004439452276925949,-0.000507606391219495,0.012799251867641082
2024,imports,low_density,important,0.01,1,180000,13,0.12151111111111111,0.0,0.12151111111111111,0.12151111111111111,0.043333333333333335,0.0,0.043333333333333335,0.043333333333333335,0.038655555555555554,0.0,0.038655555555555554,0.038655555555555554,0.05932822197882439,0.0,0.05932822197882439,0.05932822197882439,0.14338114078470163,0.0,0.14338114078470163,0.14338114078470163,0.12101760386261819,0.0,0.12101760386261819,0.12101760386261819,0.044478482773136256,0.0,0.044478482773136256,0.044478482773136256,-0.07105149523732886,0.0,-0.07105149523732886,-0.07105149523732886,0.9151417976454771,0.0,0.9151417976454771,0.9151417976454771,0.8648088686761553,0.0,0.8648088686761553,0.8648088686761553,0.050332928969321844,0.0,0.050332928969321844,0.050332928969321844,0.050332928969321844,0.0,0.050332928969321844,0.050332928969321844
2024,imports,low_density,important,0.05,1,180000,65,0.15023333333333333,0.0,0.15023333333333333,0.15023333333333333,0.020655555555555555,0.0,0.020655555555555555,0.020655555555555555,0.08861111111111111,0.0,0.08861111111111111,0.08861111111111111,0.028279785809906293,0.0,0.028279785809906293,0.028279785809906293,0.3286762281569403,0.0,0.3286762281569403,0.3286762281569403,0.13840360868896093,0.0,0.13840360868896093,0.13840360868896093,-0.003766793234079332,0.0,-0.003766793234079332,-0.003766793234079332,-0.07437550439757945,0.0,-0.07437550439757945,-0.07437550439757945,0.9151417976454771,0.0,0.9151417976454771,0.9151417976454771,0.8492886828338241,0.0,0.8492886828338241,0.8492886828338241,0.06585311481165301,0.0,0.06585311481165301,0.06585311481165301,0.06585311481165301,0.0,0.06585311481165301,0.06585311481165301
2024,imports,low_density,important,0.1,1,180000,129,0.1733888888888889,0.0,0.1733888888888889,0.1733888888888889,0.009277777777777777,0.0,0.009277777777777777,0.009277777777777777,0.12377777777777778,0.0,0.12377777777777778,0.12377777777777778,0.0127023244493124,0.0,0.0127023244493124,0.0127023244493124,0.4591163864160897,0.0,0.4591163864160897,0.4591163864160897,0.15358121979093453,0.0,0.15358121979093453,0.15358121979093453,-0.016306625352128897,0.0,-0.016306625352128897,-0.016306625352128897,-0.07899324427179773,0.0,-0.07899324427179773,-0.07899324427179773,0.9151417976454771,0.0,0.9151417976454771,0.9151417976454771,0.8323648331624414,0.0,0.8323648331624414,0.8323648331624414,0.08277696448303573,0.0,0.08277696448303573,0.08277696448303573,0.08277696448303573,0.0,0.08277696448303573,0.08277696448303573
2024,imports,low_density,random,0.01,20,180000,13,0.0071538888888888885,0.007272297576215995,0.0011666666666666668,0.03041111111111111,0.0012155555555555557,0.0010449076986822484,0.0003111111111111111,0.004233333333333334,0.0027911111111111105,0.0040403346029386856,0.0001,0.015255555555555555,0.0016642326883290742,0.0014305965206492992,0.0004259462090787392,0.005795910916392844,0.010352786020441807,0.014986404313570793,0.000370919881305638,0.056585888559182326,0.006415519890469931,0.00582066975591353,0.0016293749812843772,0.025841186661551416,-0.0010629253757978283,0.005189244118497054,-0.016751059263546513,0.0053890500519570604,-0.000973871790122994,0.000992175560616269,-0.003977343377705488,0.00010360700746440582,0.9151417976454773,2.220446049250313e-16,0.9151417976454771,0.9151417976454771,0.9146378196673032,0.0010099261095112247,0.9109935910177491,0.9156848412568437,0.0005039779781737585,0.0010099261095112247,-0.0005430436113665893,0.004148206627727968,0.0005039779781737585,0.0010099261095112247,-0.0005430436113665893,0.004148206627727968
2024,imports,low_density,random,0.05,20,180000,65,0.022198888888888893,0.006686461261200192,0.01151111111111111,0.03628888888888889,0.0059144444444444435,0.003910460962376636,0.0011333333333333334,0.01501111111111111,0.0069522222222222225,0.004130294731360128,0.0013111111111111112,0.015811111111111113,0.00809754168187903,0.005353862215740191,0.001551661190215407,0.020551904588049168,0.025787174414770853,0.01532008431513401,0.004863171777118365,0.058646554566435874,0.02155730909396323,0.006114118868361129,0.01377816896489678,0.034802126165746745,0.0037819071200505434,0.010751472830053304,-0.014010639659560528,0.024396689875967752,-0.006902875687501306,0.004861092712634504,-0.017012916717845508,0.0015799588908098857,0.9151417976454773,2.220446049250313e-16,0.9151417976454771,0.9151417976454771,0.9114150312127076,0.002295451378104386,0.9045472574714728,0.9139039096569516,0.0037267664327694737,0.0022954513781043855,0.0012378879885255323,0.010594540174004297,0.0037267664327694737,0.0022954513781043855,0.0012378879885255323,0.010594540174004297
2024,imports,low_density,random,0.1,20,180000,129,0.0464938888888889,0.024877249876538866,0.02727777777777778,0.12444444444444444,0.013967222222222223,0.01729453616529913,0.0010333333333333334,0.07421111111111112,0.01577166666666667,0.01161072326571805,0.0034666666666666665,0.0571,0.019122702932943898,0.023678171091592457,0.0014147499087258123,0.10160338322988925,0.05850024727992087,0.04306648095592749,0.012858555885262116,0.2117952522255193,0.04505285604429627,0.020243063611105117,0.025952267863350795,0.10663085723996392,0.0060611373499969675,0.02846626706036883,-0.06508547680376099,0.08159653103136016,-0.012255535059539899,0.010477469281195117,-0.03856863844045152,0.013841180637970733,0.9151417976454773,2.220446049250313e-16,0.9151417976454771,0.9151417976454771,0.9035048982108733,0.007092445720748342,0.8858302738323935,0.9114225835868527,0.011636899434603637,0.007092445720748341,0.0037192140586244093,0.02931152381308355,0.011636899434603637,0.007092445720748341,0.0037192140586244093,0.02931152381308355
2024,imports,mid_density,important,0.01,1,357538,13,0.10232199094921379,0.0,0.10232199094921379,0.10232199094921379,0.015617920332943631,0.0,0.015617920332943631,0.015617920332943631,0.05929999049052129,0.0,0.05929999049052129,0.05929999049052129,0.028322749497859564,0.0,0.028322749497859564,0.028322749497859564,0.13219687994912147,0.0,0.13219687994912147,0.13219687994912147,0.09496936083841294,0.0,0.09496936083841294,0.09496936083841294,-0.028528319307837956,0.0,-0.028528319307837956,-0.028528319307837956,-0.061437422110911175,0.0,-0.061437422110911175,-0.061437422110911175,0.8661479125509269,0.0,0.8661479125509269,0.8661479125509269,0.8302688899770353,0.0,0.8302688899770353,0.8302688899770353,0.03587902257389164,0.0,0.03587902257389164,0.03587902257389164,0.03587902257389164,0.0,0.03587902257389164,0.03587902257389164
2024,imports,mid_density,important,0.05,1,357538,65,0.18162544960255972,0.0,0.18162544960255972,0.18162544960255972,0.008105432149869385,0.0,0.008105432149869385,0.008105432149869385,0.15177687406653279,0.0,0.15177687406653279,0.15177687406653279,0.014699020065328978,0.0,0.014699020065328978,0.014699020065328978,0.3383546782057837,0.0,0.3383546782057837,0.3383546782057837,0.13652628430005548,0.0,0.13652628430005548,0.13652628430005548,-0.08303917061263229,0.0,-0.08303917061263229,-0.08303917061263229,-0.08503630630823654,0.0,-0.08503630630823654,-0.08503630630823654,0.8661479125509269,0.0,0.8661479125509269,0.8661479125509269,0.7736410748890272,0.0,0.7736410748890272,0.7736410748890272,0.09250683766189971,0.0,0.09250683766189971,0.09250683766189971,0.09250683766189971,0.0,0.09250683766189971,0.09250683766189971
2024,imports,mid_density,important,0.1,1,357538,129,0.21564141433917514,0.0,0.21564141433917514,0.21564141433917514,0.0036975090759583597,0.0,0.0036975090759583597,0.0036975090759583597,0.19210825143061716,0.0,0.19210825143061716,0.19210825143061716,0.006705350078110735,0.0,0.006705350078110735,0.006705350078110735,0.42826501727126487,0.0,0.42826501727126487,0.42826501727126487,0.15754580881773364,0.0,0.15754580881773364,0.15754580881773364,-0.10952051171032748,0.0,-0.10952051171032748,-0.10952051171032748,-0.08417102926751231,0.0,-0.08417102926751231,-0.08417102926751231,0.8661479125509269,0.0,0.8661479125509269,0.8661479125509269,0.7294001767219118,0.0,0.7294001767219118,0.7294001767219118,0.13674773582901512,0.0,0.13674773582901512,0.13674773582901512,0.13674773582901512,0.0,0.13674773582901512,0.13674773582901512
2024,imports,mid_density,random,0.01,20,357538,13,0.004150887458116339,0.004938739109980809,0.0002629091173525611,0.019667839502374572,0.0006125223053213924,0.0006914536463382534,6.712573209001561e-05,0.0022710872690455282,0.0020982385089137376,0.0038895300511026525,0.0,0.017782725192846634,0.0011107955121832456,0.0012539357351766438,0.00012173101503378036,0.004118566008642902,0.004677582272324825,0.00867089071972628,0.0,0.039642852689204526,0.004099660562941612,0.004621746954227059,0.0005055434537802999,0.017942086781566433,-0.0013067722767548461,0.0035400765450574667,-0.013722627092553147,0.003406474228698437,-0.0017729921083601205,0.002266083517288217,-0.008809470200083094,-0.00013065901322034933,0.8661479125509268,1.1102230246251565e-16,0.8661479125509269,0.8661479125509269,0.8655100512958269,0.003068668049550555,0.8550395057568483,0.8727847312801958,0.0006378612551000918,0.003068668049550555,-0.006636818729268912,0.011108406794078651,0.0006378612551000918,0.003068668049550555,-0.006636818729268912,0.011108406794078651
2024,imports,mid_density,random,0.05,20,357538,65,0.012975963394100768,0.007383237032365898,0.005795188203771348,0.03305942305433269,0.003159384457036734,0.002120515995486266,0.00048106774664511185,0.007730646812366797,0.0052995765485067325,0.0055127296676209196,0.0004642863136226079,0.0184875453797918,0.005729473107589929,0.0038455083689777065,0.0008724056077420926,0.014019355231390371,0.011814293374568218,0.012289473506390045,0.0010350288685762742,0.0412141013330673,0.012909903557276989,0.006760402661516684,0.006331899684388992,0.028877979403895627,-0.0015282840997881161,0.006991551425093109,-0.01972988933665175,0.007533092563341732,-0.006280433160290103,0.004661613002287506,-0.020310551945429925,-0.0025998081097874737,0.8661479125509268,1.1102230246251565e-16,0.8661479125509269,0.8661479125509269,0.8632872353010347,0.006194215661412693,0.8413644954903527,0.8733227523049194,0.002860677249892157,0.006194215661412692,-0.007174839753992468,0.024783417060574187,0.002860677249892157,0.006194215661412692,-0.007174839753992468,0.024783417060574187
2024,imports,mid_density,random,0.1,20,357538,129,0.028128198960669915,0.01890287722690865,0.009487103468722205,0.06635378617098042,0.006628666043889041,0.008088891138829902,0.0006265068328401457,0.035772421392970814,0.013194401713943694,0.013278545384104154,0.0017228937903104005,0.05432149869384513,0.012020937734585811,0.01466902331146384,0.0011361561403152834,0.06487248676175211,0.02941414871993116,0.0296017293682697,0.003840830018331234,0.12109837762342407,0.028361092946547057,0.015098718275662509,0.01127729858079317,0.05935886042620324,-0.006430589271583707,0.01757132989231996,-0.05260519464323684,0.03140569940240362,-0.012574394020796964,0.00620319262613406,-0.028555086564502168,-0.004722544727898981,0.8661479125509268,1.1102230246251565e-16,0.8661479125509269,0.8661479125509269,0.8548212335562638,0.011342368797257406,0.8190960817794052,0.867789283548208,0.011326678994662904,0.011342368797257406,-0.0016413709972810109,0.04705183077152175,0.011326678994662904,0.011342368797257406,-0.0016413709972810109,0.04705183077152175
