seed,feature_group,density_bin,density_definition,perturbation_type,strength,n_rows,n_samples,n_masked_features,thresholds_json,flip_rate_mean,flip_rate_std,flip_rate_min,flip_rate_max,benign_to_malware_rate_overall_mean,benign_to_malware_rate_overall_std,benign_to_malware_rate_overall_min,benign_to_malware_rate_overall_max,malware_to_benign_rate_overall_mean,malware_to_benign_rate_overall_std,malware_to_benign_rate_overall_min,malware_to_benign_rate_overall_max,benign_to_malware_rate_cond_mean,benign_to_malware_rate_cond_std,benign_to_malware_rate_cond_min,benign_to_malware_rate_cond_max,malware_to_benign_rate_cond_mean,malware_to_benign_rate_cond_std,malware_to_benign_rate_cond_min,malware_to_benign_rate_cond_max,mean_abs_probability_shift_mean,mean_abs_probability_shift_std,mean_abs_probability_shift_min,mean_abs_probability_shift_max,mean_signed_probability_shift_mean,mean_signed_probability_shift_std,mean_signed_probability_shift_min,mean_signed_probability_shift_max,mean_margin_shift_mean,mean_margin_shift_std,mean_margin_shift_min,mean_margin_shift_max,baseline_auc_mean,baseline_auc_std,baseline_auc_min,baseline_auc_max,perturbed_auc_mean,perturbed_auc_std,perturbed_auc_min,perturbed_auc_max,delta_auc_mean,delta_auc_std,delta_auc_min,delta_auc_max,auc_drop_mean,auc_drop_std,auc_drop_min,auc_drop_max
13,header,high_density,class_conditional,important,0.01,1,120107,1,"{""high_quantile"": 0.75, ""label_0_q_high"": -8.815170926608219e-05, ""label_0_q_low"": -0.010971171350602521, ""label_1_q_high"": -7.327471962526033e-16, ""label_1_q_low"": -0.022870036077561863, ""low_quantile"": 0.25}",0.030339613844322145,0.0,0.030339613844322145,0.030339613844322145,0.019191221161131325,0.0,0.019191221161131325,0.019191221161131325,0.0,0.0,0.0,0.0,0.03841666666666667,0.0,0.03841666666666667,0.03841666666666667,0.0,0.0,0.0,0.0,0.09952198225428668,0.0,0.09952198225428668,0.09952198225428668,0.09952198225428668,0.0,0.09952198225428668,0.09952198225428668,-0.08308095545932566,0.0,-0.08308095545932566,-0.08308095545932566,0.99652180250775,0.0,0.99652180250775,0.99652180250775,0.9963380582405821,0.0,0.9963380582405821,0.9963380582405821,0.00018374426716794012,0.0,0.00018374426716794012,0.00018374426716794012,0.00018374426716794012,0.0,0.00018374426716794012,0.00018374426716794012
13,header,high_density,class_conditional,important,0.05,1,120107,4,"{""high_quantile"": 0.75, ""label_0_q_high"": -8.815170926608219e-05, ""label_0_q_low"": -0.010971171350602521, ""label_1_q_high"": -7.327471962526033e-16, ""label_1_q_low"": -0.022870036077561863, ""low_quantile"": 0.25}",0.11896059347082186,0.0,0.11896059347082186,0.11896059347082186,0.0,0.0,0.0,0.0,0.09591447625866935,0.0,0.09591447625866935,0.09591447625866935,0.0,0.0,0.0,0.0,0.19165820952634469,0.0,0.19165820952634469,0.19165820952634469,0.1574924552753379,0.0,0.1574924552753379,0.1574924552753379,-0.14564744179772865,0.0,-0.14564744179772865,-0.14564744179772865,-0.054918614390056096,0.0,-0.054918614390056096,-0.054918614390056096,0.99652180250775,0.0,0.99652180250775,0.99652180250775,0.9963581526832703,0.0,0.9963581526832703,0.9963581526832703,0.00016364982447969467,0.0,0.00016364982447969467,0.00016364982447969467,0.00016364982447969467,0.0,0.00016364982447969467,0.00016364982447969467
13,header,high_density,class_conditional,important,0.1,1,120107,8,"{""high_quantile"": 0.75, ""label_0_q_high"": -8.815170926608219e-05, ""label_0_q_low"": -0.010971171350602521, ""label_1_q_high"": -7.327471962526033e-16, ""label_1_q_low"": -0.022870036077561863, ""low_quantile"": 0.25}",0.08107770571240644,0.0,0.08107770571240644,0.08107770571240644,0.06741488839118452,0.0,0.06741488839118452,0.06741488839118452,0.001448708235156985,0.0,0.001448708235156985,0.001448708235156985,0.13495,0.0,0.13495,0.13495,0.0028948375397208313,0.0,0.0028948375397208313,0.0028948375397208313,0.08567875637511163,0.0,0.08567875637511163,0.08567875637511163,0.0634496564272113,0.0,0.0634496564272113,0.0634496564272113,-0.014019519889687831,0.0,-0.014019519889687831,-0.014019519889687831,0.99652180250775,0.0,0.99652180250775,0.99652180250775,0.9925462164695182,0.0,0.9925462164695182,0.9925462164695182,0.003975586038231782,0.0,0.003975586038231782,0.003975586038231782,0.003975586038231782,0.0,0.003975586038231782,0.003975586038231782
13,header,high_density,class_conditional,random,0.01,20,120107,1,"{""high_quantile"": 0.75, ""label_0_q_high"": -8.815170926608219e-05, ""label_0_q_low"": -0.010971171350602521, ""label_1_q_high"": -7.327471962526033e-16, ""label_1_q_low"": -0.022870036077561863, ""low_quantile"": 0.25}",0.03894360861565104,0.10738417338089823,0.0,0.4941010931919039,0.02856078330155611,0.10389474007535915,0.0,0.48011356540418126,0.0073913260675897334,0.022328332930936355,0.0,0.09334177025485609,0.057172499999999994,0.2079747591038527,0.0,0.9610833333333333,0.014769494401650391,0.044616917885370644,0.0,0.186517377343737,0.044076259717948006,0.10966799976739657,0.0,0.502368609238034,0.02646111802089583,0.11519373280170203,-0.11264746212075533,0.502368609238034,-0.004699081664344535,0.025845736615491763,-0.08308095545932566,0.06959800744325911,0.9965218025077501,1.1102230246251565e-16,0.99652180250775,0.99652180250775,0.9959704652952237,0.0013605870857349403,0.990602522168799,0.9967334983168905,0.0005513372125265259,0.0013605870857349405,-0.00021169580914048858,0.005919280338951061,0.0005513372125265259,0.0013605870857349405,-0.00021169580914048858,0.005919280338951061
13,header,high_density,class_conditional,random,0.05,20,120107,4,"{""high_quantile"": 0.75, ""label_0_q_high"": -8.815170926608219e-05, ""label_0_q_low"": -0.010971171350602521, ""label_1_q_high"": -7.327471962526033e-16, ""label_1_q_low"": -0.022870036077561863, ""low_quantile"": 0.25}",0.1846116379561558,0.20385063846155138,0.0005162063826421441,0.4941010931919039,0.11483010981874495,0.18669269209997996,0.0,0.48011356540418126,0.06067672991582505,0.1388249234827508,0.0,0.46923992773110645,0.22986499999999999,0.3737183195008716,0.0,0.9610833333333333,0.12124544562197415,0.27740271656783316,0.0,0.9376445339145191,0.17637726646714194,0.183020393470606,0.0018494073580302378,0.5095204101385673,0.06584750365267203,0.24488880818370257,-0.4439188428196549,0.5095204101385673,-0.008781698932775084,0.05183783781816477,-0.1568969926228245,0.07379325289967524,0.9965218025077501,1.1102230246251565e-16,0.99652180250775,0.99652180250775,0.9942417692476194,0.002001500789551221,0.9901213189256938,0.9964916221626986,0.0022800332601305095,0.0020015007895512207,3.018034505142264e-05,0.006400483582056249,0.0022800332601305095,0.0020015007895512207,3.018034505142264e-05,0.006400483582056249
13,header,high_density,class_conditional,random,0.1,20,120107,8,"{""high_quantile"": 0.75, ""label_0_q_high"": -8.815170926608219e-05, ""label_0_q_low"": -0.010971171350602521, ""label_1_q_high"": -7.327471962526033e-16, ""label_1_q_low"": -0.022870036077561863, ""low_quantile"": 0.25}",0.31041196599698606,0.19467884867673285,0.01581922785516248,0.49937139384049223,0.059367896958545274,0.1450151271141954,0.0,0.48537554014337214,0.23970709450739763,0.21054489259804143,0.0,0.48640795290865646,0.11884166666666666,0.2902888645384111,0.0,0.9716166666666667,0.4789874723409918,0.42071498187021417,0.0,0.9719500224599464,0.31519817700078,0.17508708711863993,0.029469847217787958,0.512974897102203,-0.173837441258409,0.31463404009764206,-0.48475036594654,0.512974897102203,0.01209903699018863,0.06378611203433328,-0.09315720369093544,0.07717277823559275,0.9965218025077501,1.1102230246251565e-16,0.99652180250775,0.99652180250775,0.9924196727987866,0.0036278941627015623,0.9842801418026741,0.996430704410468,0.004102129708963426,0.0036278941627015623,9.109809728202745e-05,0.01224166070507593,0.004102129708963426,0.0036278941627015623,9.109809728202745e-05,0.01224166070507593
13,header,low_density,class_conditional,important,0.01,1,120000,1,"{""high_quantile"": 0.75, ""label_0_q_high"": -8.815170926608219e-05, ""label_0_q_low"": -0.010971171350602521, ""label_1_q_high"": -7.327471962526033e-16, ""label_1_q_low"": -0.022870036077561863, ""low_quantile"": 0.25}",0.22604166666666667,0.0,0.22604166666666667,0.22604166666666667,0.19485833333333333,0.0,0.19485833333333333,0.19485833333333333,0.0,0.0,0.0,0.0,0.38971666666666666,0.0,0.38971666666666666,0.38971666666666666,0.0,0.0,0.0,0.0,0.16726175368159676,0.0,0.16726175368159676,0.16726175368159676,0.16726175368159676,0.0,0.16726175368159676,0.16726175368159676,-0.05030370939563445,0.0,-0.05030370939563445,-0.05030370939563445,0.8926097197222223,0.0,0.8926097197222223,0.8926097197222223,0.7904790930555555,0.0,0.7904790930555555,0.7904790930555555,0.10213062666666672,0.0,0.10213062666666672,0.10213062666666672,0.10213062666666672,0.0,0.10213062666666672,0.10213062666666672
13,header,low_density,class_conditional,important,0.05,1,120000,4,"{""high_quantile"": 0.75, ""label_0_q_high"": -8.815170926608219e-05, ""label_0_q_low"": -0.010971171350602521, ""label_1_q_high"": -7.327471962526033e-16, ""label_1_q_low"": -0.022870036077561863, ""low_quantile"": 0.25}",0.33858333333333335,0.0,0.33858333333333335,0.33858333333333335,0.023733333333333332,0.0,0.023733333333333332,0.023733333333333332,0.22360833333333333,0.0,0.22360833333333333,0.22360833333333333,0.047466666666666664,0.0,0.047466666666666664,0.047466666666666664,0.44721666666666665,0.0,0.44721666666666665,0.44721666666666665,0.279342770516407,0.0,0.279342770516407,0.279342770516407,-0.1995098168416025,0.0,-0.1995098168416025,-0.1995098168416025,-0.018530219847754128,0.0,-0.018530219847754128,-0.018530219847754128,0.8926097197222223,0.0,0.8926097197222223,0.8926097197222223,0.7263057365277777,0.0,0.7263057365277777,0.7263057365277777,0.1663039831944445,0.0,0.1663039831944445,0.1663039831944445,0.1663039831944445,0.0,0.1663039831944445,0.1663039831944445
13,header,low_density,class_conditional,important,0.1,1,120000,8,"{""high_quantile"": 0.75, ""label_0_q_high"": -8.815170926608219e-05, ""label_0_q_low"": -0.010971171350602521, ""label_1_q_high"": -7.327471962526033e-16, ""label_1_q_low"": -0.022870036077561863, ""low_quantile"": 0.25}",0.400525,0.0,0.400525,0.400525,0.30775833333333336,0.0,0.30775833333333336,0.30775833333333336,0.019491666666666668,0.0,0.019491666666666668,0.019491666666666668,0.6155166666666667,0.0,0.6155166666666667,0.6155166666666667,0.038983333333333335,0.0,0.038983333333333335,0.038983333333333335,0.3260758894087279,0.0,0.3260758894087279,0.3260758894087279,0.2974821044285857,0.0,0.2974821044285857,0.2974821044285857,0.008418912753176482,0.0,0.008418912753176482,0.008418912753176482,0.8926097197222223,0.0,0.8926097197222223,0.8926097197222223,0.6948118890277778,0.0,0.6948118890277778,0.6948118890277778,0.19779783069444445,0.0,0.19779783069444445,0.19779783069444445,0.19779783069444445,0.0,0.19779783069444445,0.19779783069444445
13,header,low_density,class_conditional,random,0.01,20,120000,1,"{""high_quantile"": 0.75, ""label_0_q_high"": -8.815170926608219e-05, ""label_0_q_low"": -0.010971171350602521, ""label_1_q_high"": -7.327471962526033e-16, ""label_1_q_low"": -0.022870036077561863, ""low_quantile"": 0.25}",0.06140541666666667,0.11587632395488998,4.1666666666666665e-05,0.47551666666666664,0.033239583333333336,0.09082623687397545,0.0,0.384,0.011814583333333333,0.033910621479588725,0.0,0.14459166666666667,0.06647916666666667,0.1816524737479509,0.0,0.768,0.023629166666666666,0.06782124295917745,0.0,0.28918333333333335,0.05421991576968023,0.11125806282645662,4.0054847040374276e-05,0.4845894159595201,0.02459983122354933,0.12129717273597054,-0.1789111278960191,0.4845894159595201,0.005603006196009371,0.03467586983478107,-0.05030370939563445,0.14777367211448952,0.8926097197222223,0.0,0.8926097197222223,0.8926097197222223,0.8855295406388889,0.022181771197994832,0.7904790930555555,0.8944317527777776,0.00708017908333336,0.022181771197994832,-0.0018220330555553943,0.10213062666666672,0.00708017908333336,0.022181771197994832,-0.0018220330555553943,0.10213062666666672
13,header,low_density,class_conditional,random,0.05,20,120000,4,"{""high_quantile"": 0.75, ""label_0_q_high"": -8.815170926608219e-05, ""label_0_q_low"": -0.010971171350602521, ""label_1_q_high"": -7.327471962526033e-16, ""label_1_q_low"": -0.022870036077561863, ""low_quantile"": 0.25}",0.22714208333333336,0.1710384672553996,0.004416666666666667,0.4789,0.11674333333333331,0.1470221201611059,0.0,0.38769166666666666,0.054766666666666665,0.10538162573080122,0.0,0.362425,0.23348666666666662,0.2940442403222118,0.0,0.7753833333333333,0.10953333333333333,0.21076325146160244,0.0,0.72485,0.20696553288739464,0.16982770121367563,0.0038594423763007113,0.4877314630419577,0.07420673788729536,0.25564666649599854,-0.43064713226445844,0.4877314630419577,0.03873212407739026,0.06096520681030183,-0.04806876501040907,0.1484074778761617,0.8926097197222223,0.0,0.8926097197222223,0.8926097197222223,0.8715941757708332,0.03720098715520124,0.7757511630555556,0.8952441701388888,0.02101554395138893,0.03720098715520124,-0.002634450416666545,0.11685855666666667,0.02101554395138893,0.03720098715520124,-0.002634450416666545,0.11685855666666667
13,header,low_density,class_conditional,random,0.1,20,120000,8,"{""high_quantile"": 0.75, ""label_0_q_high"": -8.815170926608219e-05, ""label_0_q_low"": -0.010971171350602521, ""label_1_q_high"": -7.327471962526033e-16, ""label_1_q_low"": -0.022870036077561863, ""low_quantile"": 0.25}",0.3702375,0.14709596887415977,0.07770833333333334,0.5060916666666667,0.06457541666666666,0.13356568550183984,0.0,0.3989333333333333,0.22225916666666662,0.1648555418747139,0.0,0.40836666666666666,0.12915083333333333,0.2671313710036797,0.0,0.7978666666666666,0.44451833333333324,0.3297110837494278,0.0,0.8167333333333333,0.348057806721855,0.15409809191408705,0.05897634531693562,0.5011825209570103,-0.18485306960361375,0.33143286530653265,-0.49393247233647725,0.5011825209570103,0.089242412332306,0.06570639862066993,-0.02092947862806,0.1573166617629918,0.8926097197222223,0.0,0.8926097197222223,0.8926097197222223,0.8694597743680557,0.02734231910331969,0.7857858455555555,0.8939138202777778,0.023149945354166694,0.027342319103319686,-0.0013041005555555207,0.10682387416666672,0.023149945354166694,0.027342319103319686,-0.0013041005555555207,0.10682387416666672
13,header,mid_density,class_conditional,important,0.01,1,239893,1,"{""high_quantile"": 0.75, ""label_0_q_high"": -8.815170926608219e-05, ""label_0_q_low"": -0.010971171350602521, ""label_1_q_high"": -7.327471962526033e-16, ""label_1_q_low"": -0.022870036077561863, ""low_quantile"": 0.25}",0.23438366271629435,0.0,0.23438366271629435,0.23438366271629435,0.20996027395547182,0.0,0.20996027395547182,0.20996027395547182,0.0,0.0,0.0,0.0,0.41973333333333335,0.0,0.41973333333333335,0.41973333333333335,0.0,0.0,0.0,0.0,0.1852011845588706,0.0,0.1852011845588706,0.1852011845588706,0.1852011845588706,0.0,0.1852011845588706,0.1852011845588706,-0.0867958022155629,0.0,-0.0867958022155629,-0.0867958022155629,0.9428736923409484,0.0,0.9428736923409484,0.9428736923409484,0.8099532072000311,0.0,0.8099532072000311,0.8099532072000311,0.13292048514091737,0.0,0.13292048514091737,0.13292048514091737,0.13292048514091737,0.0,0.13292048514091737,0.13292048514091737
13,header,mid_density,class_conditional,important,0.05,1,239893,4,"{""high_quantile"": 0.75, ""label_0_q_high"": -8.815170926608219e-05, ""label_0_q_low"": -0.010971171350602521, ""label_1_q_high"": -7.327471962526033e-16, ""label_1_q_low"": -0.022870036077561863, ""low_quantile"": 0.25}",0.2501240136227401,0.0,0.2501240136227401,0.2501240136227401,0.011471781169104559,0.0,0.011471781169104559,0.011471781169104559,0.19175632469475976,0.0,0.19175632469475976,0.19175632469475976,0.022933333333333333,0.0,0.022933333333333333,0.022933333333333333,0.38368378470803133,0.0,0.38368378470803133,0.38368378470803133,0.2449857786675403,0.0,0.2449857786675403,0.2449857786675403,-0.15590777402989142,0.0,-0.15590777402989142,-0.15590777402989142,-0.020073835712064406,0.0,-0.020073835712064406,-0.020073835712064406,0.9428736923409484,0.0,0.9428736923409484,0.9428736923409484,0.7598655017738037,0.0,0.7598655017738037,0.7598655017738037,0.18300819056714468,0.0,0.18300819056714468,0.18300819056714468,0.18300819056714468,0.0,0.18300819056714468,0.18300819056714468
13,header,mid_density,class_conditional,important,0.1,1,239893,8,"{""high_quantile"": 0.75, ""label_0_q_high"": -8.815170926608219e-05, ""label_0_q_low"": -0.010971171350602521, ""label_1_q_high"": -7.327471962526033e-16, ""label_1_q_low"": -0.022870036077561863, ""low_quantile"": 0.25}",0.3921748446182256,0.0,0.3921748446182256,0.3921748446182256,0.3132396526784858,0.0,0.3132396526784858,0.3132396526784858,0.001042131283530574,0.0,0.001042131283530574,0.001042131283530574,0.6262,0.0,0.6262,0.6262,0.0020851926300951684,0.0,0.0020851926300951684,0.0020851926300951684,0.3286650127120053,0.0,0.3286650127120053,0.3286650127120053,0.31675376494716695,0.0,0.31675376494716695,0.31675376494716695,0.01560747807994634,0.0,0.01560747807994634,0.01560747807994634,0.9428736923409484,0.0,0.9428736923409484,0.9428736923409484,0.7236804949691253,0.0,0.7236804949691253,0.7236804949691253,0.21919319737182308,0.0,0.21919319737182308,0.21919319737182308,0.21919319737182308,0.0,0.21919319737182308,0.21919319737182308
13,header,mid_density,class_conditional,random,0.01,20,239893,1,"{""high_quantile"": 0.75, ""label_0_q_high"": -8.815170926608219e-05, ""label_0_q_low"": -0.010971171350602521, ""label_1_q_high"": -7.327471962526033e-16, ""label_1_q_low"": -0.022870036077561863, ""low_quantile"": 0.25}",0.06092716336033147,0.12713370731672272,0.0,0.5432421954788177,0.034838657234683795,0.10338946304646397,0.0,0.43976272754936574,0.01165519627500594,0.034977182439826116,0.0,0.15293068159554468,0.06964624999999999,0.20668673715504485,0.0,0.8791333333333333,0.023320794374984362,0.06998558070143551,0.0,0.3059978480812057,0.0558414493524127,0.12185882873589718,9.511697770483556e-08,0.5377106707998435,0.029387159432651338,0.1307831658400374,-0.16153099204685956,0.5377106707998435,0.0022750342385928885,0.03603568417289802,-0.0867958022155629,0.13403792603320466,0.9428736923409486,2.220446049250313e-16,0.9428736923409484,0.9428736923409484,0.9358715404603828,0.02894870883134065,0.8099532072000311,0.9460609174778066,0.007002151880565693,0.028948708831340656,-0.003187225136858207,0.13292048514091737,0.007002151880565693,0.028948708831340656,-0.003187225136858207,0.13292048514091737
13,header,mid_density,class_conditional,random,0.05,20,239893,4,"{""high_quantile"": 0.75, ""label_0_q_high"": -8.815170926608219e-05, ""label_0_q_low"": -0.010971171350602521, ""label_1_q_high"": -7.327471962526033e-16, ""label_1_q_low"": -0.022870036077561863, ""low_quantile"": 0.25}",0.23987611143301385,0.19482342125477664,0.0015798710258323502,0.5500160488217664,0.1326147490756296,0.17349178163151704,0.0,0.4465365808923145,0.057124634732985125,0.10927548111520693,0.0,0.36562550803900074,0.26511125,0.34682886642441263,0.0,0.892675,0.11430025105719266,0.2186484864935429,0.0,0.7315773231131092,0.21495709232573504,0.1841639175494648,0.00180822591958619,0.5426529757400135,0.09508683873590737,0.26542316185168635,-0.39851653983137525,0.5426529757400135,0.026681731115216017,0.062487875477449266,-0.0836496549320827,0.13492835817387258,0.9428736923409486,2.220446049250313e-16,0.9428736923409484,0.9428736923409484,0.9190472237484674,0.05077691074083983,0.7709975545208366,0.9453577430500529,0.023826468592481016,0.05077691074083983,-0.0024840507091045128,0.1718761378201118,0.023826468592481016,0.05077691074083983,-0.0024840507091045128,0.1718761378201118
13,header,mid_density,class_conditional,random,0.1,20,239893,8,"{""high_quantile"": 0.75, ""label_0_q_high"": -8.815170926608219e-05, ""label_0_q_low"": -0.010971171350602521, ""label_1_q_high"": -7.327471962526033e-16, ""label_1_q_low"": -0.022870036077561863, ""low_quantile"": 0.25}",0.3343213432655392,0.1517854769655387,0.05418248969332161,0.5569024523433364,0.07118777955171682,0.1518758161647619,0.0,0.45340631031334805,0.2120280708482532,0.16031686833133704,0.0,0.3962808418753361,0.1423120833333333,0.3036162097267769,0.0,0.9064083333333334,0.4242453687871685,0.32077681344706893,0.0,0.7929153495199887,0.3274239496168725,0.15210885587574222,0.049705176585269066,0.5522073972744539,-0.1489899114233164,0.32771246262705844,-0.4442585383254337,0.5522073972744539,0.07917667805222119,0.06162533208726549,-0.02768990641664553,0.14421138699761152,0.9428736923409486,2.220446049250313e-16,0.9428736923409484,0.9428736923409484,0.9260065027027572,0.02567200441806209,0.8434568768610344,0.9433562065411103,0.016867189638191272,0.02567200441806209,-0.0004825142001618765,0.09941681547991399,0.016867189638191272,0.02567200441806209,-0.0004825142001618765,0.09941681547991399
13,imports,high_density,class_conditional,important,0.01,1,192062,13,"{""high_quantile"": 0.75, ""label_0_q_high"": 0.0, ""label_0_q_low"": -0.4080830510427167, ""label_1_q_high"": 0.0, ""label_1_q_low"": -0.12741874371180054, ""low_quantile"": 0.25}",0.05299851089752267,0.0,0.05299851089752267,0.05299851089752267,0.0,0.0,0.0,0.0,0.04851037685747311,0.0,0.04851037685747311,0.04851037685747311,0.0,0.0,0.0,0.0,0.09852169867185517,0.0,0.09852169867185517,0.09852169867185517,0.045792947956937086,0.0,0.045792947956937086,0.045792947956937086,-0.04323714056752921,0.0,-0.04323714056752921,-0.04323714056752921,-0.001262087767408822,0.0,-0.001262087767408822,-0.001262087767408822,0.8639346968301155,0.0,0.8639346968301155,0.8639346968301155,0.825099421988338,0.0,0.825099421988338,0.825099421988338,0.03883527484177751,0.0,0.03883527484177751,0.03883527484177751,0.03883527484177751,0.0,0.03883527484177751,0.03883527484177751
13,imports,high_density,class_conditional,important,0.05,1,192062,65,"{""high_quantile"": 0.75, ""label_0_q_high"": 0.0, ""label_0_q_low"": -0.4080830510427167, ""label_1_q_high"": 0.0, ""label_1_q_low"": -0.12741874371180054, ""low_quantile"": 0.25}",0.08246816132290614,0.0,0.08246816132290614,0.08246816132290614,0.0,0.0,0.0,0.0,0.07377305245181244,0.0,0.07377305245181244,0.07377305245181244,0.0,0.0,0.0,0.0,0.14982869469588023,0.0,0.14982869469588023,0.14982869469588023,0.09700890131316842,0.0,0.09700890131316842,0.09700890131316842,-0.09061698778652602,0.0,-0.09061698778652602,-0.09061698778652602,-0.04280645077718613,0.0,-0.04280645077718613,-0.04280645077718613,0.8639346968301155,0.0,0.8639346968301155,0.8639346968301155,0.7982581665364938,0.0,0.7982581665364938,0.7982581665364938,0.06567653029362164,0.0,0.06567653029362164,0.06567653029362164,0.06567653029362164,0.0,0.06567653029362164,0.06567653029362164
13,imports,high_density,class_conditional,important,0.1,1,192062,129,"{""high_quantile"": 0.75, ""label_0_q_high"": 0.0, ""label_0_q_low"": -0.4080830510427167, ""label_1_q_high"": 0.0, ""label_1_q_low"": -0.12741874371180054, ""low_quantile"": 0.25}",0.11477543709843696,0.0,0.11477543709843696,0.11477543709843696,0.0027126657017004924,0.0,0.0027126657017004924,0.0027126657017004924,0.10419552019660318,0.0,0.10419552019660318,0.10419552019660318,0.005343918600118982,0.0,0.005343918600118982,0.005343918600118982,0.2116149225953811,0.0,0.2116149225953811,0.2116149225953811,0.09254329896129504,0.0,0.09254329896129504,0.09254329896129504,-0.08104525282906752,0.0,-0.08104525282906752,-0.08104525282906752,-0.045672394140587526,0.0,-0.045672394140587526,-0.045672394140587526,0.8639346968301155,0.0,0.8639346968301155,0.8639346968301155,0.8081004651835119,0.0,0.8081004651835119,0.8081004651835119,0.055834231646603616,0.0,0.055834231646603616,0.055834231646603616,0.055834231646603616,0.0,0.055834231646603616,0.055834231646603616
13,imports,high_density,class_conditional,random,0.01,20,192062,13,"{""high_quantile"": 0.75, ""label_0_q_high"": 0.0, ""label_0_q_low"": -0.4080830510427167, ""label_1_q_high"": 0.0, ""label_1_q_low"": -0.12741874371180054, ""low_quantile"": 0.25}",0.008425924961731106,0.015048991618144682,0.0,0.07167477168830898,0.0031789213899678223,0.009409771247727877,0.0,0.04391290312503254,0.0007299726130103821,0.0015782388620602474,0.0,0.007143526569545251,0.00626243666276899,0.018537135468655624,0.0,0.08650788766488195,0.001482531088740377,0.003205309537317224,0.0,0.0145080788427375,0.006443525747615822,0.00902226626315155,0.0011702541649742768,0.042931412800023445,0.001297758498718744,0.010685207239312815,-0.016813093917515037,0.042931412800023445,-0.00029946553023987973,0.001486023916123277,-0.0026607487379198412,0.0039274945194663026,0.8639346968301155,0.0,0.8639346968301155,0.8639346968301155,0.8630827303533982,0.005484363416521487,0.8488052089356396,0.8700538196904817,0.000851966476717414,0.005484363416521486,-0.0061191228603662,0.01512948789447588,0.000851966476717414,0.005484363416521486,-0.0061191228603662,0.01512948789447588
13,imports,high_density,class_conditional,random,0.05,20,192062,65,"{""high_quantile"": 0.75, ""label_0_q_high"": 0.0, ""label_0_q_low"": -0.4080830510427167, ""label_1_q_high"": 0.0, ""label_1_q_low"": -0.12741874371180054, ""low_quantile"": 0.25}",0.02410315418979288,0.014147634405553087,0.001723401818162885,0.06783226249856818,0.006505191032062563,0.006418835574106417,0.0,0.026496652122752026,0.007000083306432299,0.014254800525240096,0.0,0.06022534389936583,0.012815147598826595,0.012645028391839775,0.0,0.05219808398465547,0.014216754081718973,0.02895065453936493,0.0,0.12231410202182556,0.018473355474929083,0.010066355122635528,0.004376532829620126,0.05371791213145486,0.0021717153475002333,0.018553319850754337,-0.0531633852708903,0.024039867806816745,-0.0025707674991719913,0.0027467608694033514,-0.006716583886216026,0.0027863446332171467,0.8639346968301155,0.0,0.8639346968301155,0.8639346968301155,0.8577534816338922,0.012672431873115448,0.8133021874009042,0.8681711830504418,0.006181215196223283,0.012672431873115446,-0.004236486220326352,0.05063250942921127,0.006181215196223283,0.012672431873115446,-0.004236486220326352,0.05063250942921127
13,imports,high_density,class_conditional,random,0.1,20,192062,129,"{""high_quantile"": 0.75, ""label_0_q_high"": 0.0, ""label_0_q_low"": -0.4080830510427167, ""label_1_q_high"": 0.0, ""label_1_q_low"": -0.12741874371180054, ""low_quantile"": 0.25}",0.04409383428267956,0.021712465456628527,0.016328060730389147,0.10299799023232081,0.012077870687590465,0.013429021686228618,0.0,0.041335610375816144,0.019598098530682805,0.0224995687793468,0.0,0.09493288625548,0.02379325907235317,0.02645501018627239,0.0,0.08143065214269596,0.03980257592420269,0.045695289938445405,0.0,0.1928030623466712,0.03241897713685987,0.015476306412239375,0.016154987031663265,0.07694638263602781,-0.004481022839296271,0.030302289002780543,-0.07693469640880742,0.04600911959997672,-0.0019178593362690851,0.005463734017062447,-0.009928141810990216,0.012026514346835465,0.8639346968301155,0.0,0.8639346968301155,0.8639346968301155,0.8396501719180497,0.029149516717684107,0.7552947412990105,0.8675912581391003,0.02428452491206574,0.0291495167176841,-0.0036565613089848403,0.10863995553110495,0.02428452491206574,0.0291495167176841,-0.0036565613089848403,0.10863995553110495
13,imports,low_density,class_conditional,important,0.01,1,120555,13,"{""high_quantile"": 0.75, ""label_0_q_high"": 0.0, ""label_0_q_low"": -0.4080830510427167, ""label_1_q_high"": 0.0, ""label_1_q_low"": -0.12741874371180054, ""low_quantile"": 0.25}",0.10822446186387956,0.0,0.10822446186387956,0.10822446186387956,0.01016963211812036,0.0,0.01016963211812036,0.01016963211812036,0.06587864460204886,0.0,0.06587864460204886,0.06587864460204886,0.020433333333333335,0.0,0.020433333333333335,0.020433333333333335,0.13115349682107175,0.0,0.13115349682107175,0.13115349682107175,0.09979331438039785,0.0,0.09979331438039785,0.09979331438039785,-0.060998505761642174,0.0,-0.060998505761642174,-0.060998505761642174,-0.014247456718176439,0.0,-0.014247456718176439,-0.014247456718176439,0.8954961056064734,0.0,0.8954961056064734,0.8954961056064734,0.8790498369251094,0.0,0.8790498369251094,0.8790498369251094,0.016446268681364007,0.0,0.016446268681364007,0.016446268681364007,0.016446268681364007,0.0,0.016446268681364007,0.016446268681364007
13,imports,low_density,class_conditional,important,0.05,1,120555,65,"{""high_quantile"": 0.75, ""label_0_q_high"": 0.0, ""label_0_q_low"": -0.4080830510427167, ""label_1_q_high"": 0.0, ""label_1_q_low"": -0.12741874371180054, ""low_quantile"": 0.25}",0.22389780598067271,0.0,0.22389780598067271,0.22389780598067271,0.03276512794989839,0.0,0.03276512794989839,0.03276512794989839,0.14672970843183608,0.0,0.14672970843183608,0.14672970843183608,0.06583333333333333,0.0,0.06583333333333333,0.06583333333333333,0.29211460655602345,0.0,0.29211460655602345,0.29211460655602345,0.1968767911330465,0.0,0.1968767911330465,0.1968767911330465,-0.09955445495832731,0.0,-0.09955445495832731,-0.09955445495832731,-0.040680362313465064,0.0,-0.040680362313465064,-0.040680362313465064,0.8954961056064734,0.0,0.8954961056064734,0.8954961056064734,0.8090815971706165,0.0,0.8090815971706165,0.8090815971706165,0.08641450843585696,0.0,0.08641450843585696,0.08641450843585696,0.08641450843585696,0.0,0.08641450843585696,0.08641450843585696
13,imports,low_density,class_conditional,important,0.1,1,120555,129,"{""high_quantile"": 0.75, ""label_0_q_high"": 0.0, ""label_0_q_low"": -0.4080830510427167, ""label_1_q_high"": 0.0, ""label_1_q_low"": -0.12741874371180054, ""low_quantile"": 0.25}",0.2474140433826884,0.0,0.2474140433826884,0.2474140433826884,0.05801501389407324,0.0,0.05801501389407324,0.05801501389407324,0.13573887437269297,0.0,0.13573887437269297,0.13573887437269297,0.11656666666666667,0.0,0.11656666666666667,0.11656666666666667,0.27023367186854924,0.0,0.27023367186854924,0.27023367186854924,0.2151185912947392,0.0,0.2151185912947392,0.2151185912947392,-0.055312590807213326,0.0,-0.055312590807213326,-0.055312590807213326,-0.06439080780398079,0.0,-0.06439080780398079,-0.06439080780398079,0.8954961056064734,0.0,0.8954961056064734,0.8954961056064734,0.7742002927091074,0.0,0.7742002927091074,0.7742002927091074,0.12129581289736602,0.0,0.12129581289736602,0.12129581289736602,0.12129581289736602,0.0,0.12129581289736602,0.12129581289736602
13,imports,low_density,class_conditional,random,0.01,20,120555,13,"{""high_quantile"": 0.75, ""label_0_q_high"": 0.0, ""label_0_q_low"": -0.4080830510427167, ""label_1_q_high"": 0.0, ""label_1_q_low"": -0.12741874371180054, ""low_quantile"": 0.25}",0.027545518642943058,0.029055748897922246,0.01265812284849239,0.15008917091783833,0.007897640081290697,0.014797222588149151,2.4884907303720294e-05,0.07151092862179088,0.006892704574675461,0.006803279844960254,0.0,0.02627846211272863,0.015868333333333335,0.029731319485238675,5e-05,0.14368333333333333,0.013722235983816366,0.013544206121859194,0.0,0.05231607629427793,0.024975540199764355,0.027471033629071447,0.01112403536709038,0.14108505993651954,0.005897507430599637,0.03344398424064499,-0.03372779936238986,0.14108505993651954,0.00016341338470032878,0.0033281990295104726,-0.0029743556105438,0.013649775623492465,0.8954961056064732,2.220446049250313e-16,0.8954961056064734,0.8954961056064734,0.8933568254341783,0.002198091945350087,0.886540058486775,0.8967316551069275,0.0021392801722951325,0.002198091945350087,-0.001235549500454125,0.00895604711969844,0.0021392801722951325,0.002198091945350087,-0.001235549500454125,0.00895604711969844
13,imports,low_density,class_conditional,random,0.05,20,120555,65,"{""high_quantile"": 0.75, ""label_0_q_high"": 0.0, ""label_0_q_low"": -0.4080830510427167, ""label_1_q_high"": 0.0, ""label_1_q_low"": -0.12741874371180054, ""low_quantile"": 0.25}",0.06678196673717389,0.027054671106532598,0.03395960350047696,0.12926050350462445,0.01674961635767907,0.014172376218476118,0.002023972460702584,0.048824188129899214,0.02116088092571855,0.025547598896731513,0.0007133673427066484,0.09383269047322798,0.03365416666666667,0.028475846916973146,0.004066666666666666,0.0981,0.042127817686400795,0.050861048385690166,0.001420196515564363,0.18680538353562876,0.06058709399861213,0.024774780176147947,0.03181498304781492,0.11545143735367702,0.0054959857170588785,0.05196117369336152,-0.10086627666062538,0.09222655885077483,-0.0014276300392057294,0.0025260455037801207,-0.005764164216833979,0.0036034954044853727,0.8954961056064732,2.220446049250313e-16,0.8954961056064734,0.8954961056064734,0.8887604423045167,0.003532858724534131,0.8779284699859633,0.8949438467784108,0.0067356633019568565,0.0035328587245341304,0.0005522588280626461,0.017567635620510114,0.0067356633019568565,0.0035328587245341304,0.0005522588280626461,0.017567635620510114
13,imports,low_density,class_conditional,random,0.1,20,120555,129,"{""high_quantile"": 0.75, ""label_0_q_high"": 0.0, ""label_0_q_low"": -0.4080830510427167, ""label_1_q_high"": 0.0, ""label_1_q_low"": -0.12741874371180054, ""low_quantile"": 0.25}",0.10886400398158518,0.03616423928621175,0.07185931732404297,0.18322757247729252,0.023748911285305464,0.025532252090103846,0.0006387126207954875,0.09165111359960185,0.04441458255567999,0.0392697663184359,0.0010534610758574925,0.13023101488946953,0.0477175,0.051300677512041155,0.0012833333333333334,0.18415,0.08842209561555611,0.07817961652248435,0.002097266947403187,0.2592684336553546,0.09979033956697338,0.034741467817833716,0.06645724013463919,0.1717776446575949,-0.011379589093059177,0.08548072469142334,-0.15816442616900903,0.1450025755079399,-0.0016811274838841664,0.00789455095848628,-0.01141327330892902,0.017866542350014943,0.8954961056064732,2.220446049250313e-16,0.8954961056064734,0.8954961056064734,0.8810347347315112,0.008807702069098375,0.8519990197616492,0.8929869921283682,0.014461370874962132,0.008807702069098375,0.0025091134781052293,0.04349708584482426,0.014461370874962132,0.008807702069098375,0.0025091134781052293,0.04349708584482426
13,imports,mid_density,class_conditional,important,0.01,1,167383,13,"{""high_quantile"": 0.75, ""label_0_q_high"": 0.0, ""label_0_q_low"": -0.4080830510427167, ""label_1_q_high"": 0.0, ""label_1_q_low"": -0.12741874371180054, ""low_quantile"": 0.25}",0.10803367128083498,0.0,0.10803367128083498,0.10803367128083498,0.011309392232186063,0.0,0.011309392232186063,0.011309392232186063,0.06385953173261323,0.0,0.06385953173261323,0.06385953173261323,0.022943785906479528,0.0,0.022943785906479528,0.022943785906479528,0.1259351767852304,0.0,0.1259351767852304,0.1259351767852304,0.10130490669100238,0.0,0.10130490669100238,0.10130490669100238,-0.06990497070606058,0.0,-0.06990497070606058,-0.06990497070606058,-0.005775596965404397,0.0,-0.005775596965404397,-0.005775596965404397,0.956589421177839,0.0,0.956589421177839,0.956589421177839,0.9291897694324357,0.0,0.9291897694324357,0.9291897694324357,0.027399651745403264,0.0,0.027399651745403264,0.027399651745403264,0.027399651745403264,0.0,0.027399651745403264,0.027399651745403264
13,imports,mid_density,class_conditional,important,0.05,1,167383,65,"{""high_quantile"": 0.75, ""label_0_q_high"": 0.0, ""label_0_q_low"": -0.4080830510427167, ""label_1_q_high"": 0.0, ""label_1_q_low"": -0.12741874371180054, ""low_quantile"": 0.25}",0.21319966782767666,0.0,0.21319966782767666,0.21319966782767666,0.033701152446783726,0.0,0.033701152446783726,0.033701152446783726,0.13872973957928822,0.0,0.13872973957928822,0.13872973957928822,0.06837078515501903,0.0,0.06837078515501903,0.06837078515501903,0.2735841276199677,0.0,0.2735841276199677,0.2735841276199677,0.1926093111387574,0.0,0.1926093111387574,0.1926093111387574,-0.11201306856019104,0.0,-0.11201306856019104,-0.11201306856019104,-0.05367976782825818,0.0,-0.05367976782825818,-0.05367976782825818,0.956589421177839,0.0,0.956589421177839,0.956589421177839,0.8691765434423836,0.0,0.8691765434423836,0.8691765434423836,0.08741287773545536,0.0,0.08741287773545536,0.08741287773545536,0.08741287773545536,0.0,0.08741287773545536,0.08741287773545536
13,imports,mid_density,class_conditional,important,0.1,1,167383,129,"{""high_quantile"": 0.75, ""label_0_q_high"": 0.0, ""label_0_q_low"": -0.4080830510427167, ""label_1_q_high"": 0.0, ""label_1_q_low"": -0.12741874371180054, ""low_quantile"": 0.25}",0.26828292000979787,0.0,0.26828292000979787,0.26828292000979787,0.0788491065400907,0.0,0.0788491065400907,0.0788491065400907,0.1406654200247337,0.0,0.1406654200247337,0.1406654200247337,0.15996412382129785,0.0,0.15996412382129785,0.15996412382129785,0.2774014161669239,0.0,0.2774014161669239,0.2774014161669239,0.21442459293808266,0.0,0.21442459293808266,0.21442459293808266,-0.058776293307027945,0.0,-0.058776293307027945,-0.058776293307027945,-0.0984507948512652,0.0,-0.0984507948512652,-0.0984507948512652,0.956589421177839,0.0,0.956589421177839,0.956589421177839,0.8251834012855956,0.0,0.8251834012855956,0.8251834012855956,0.13140601989224332,0.0,0.13140601989224332,0.13140601989224332,0.13140601989224332,0.0,0.13140601989224332,0.13140601989224332
13,imports,mid_density,class_conditional,random,0.01,20,167383,13,"{""high_quantile"": 0.75, ""label_0_q_high"": 0.0, ""label_0_q_low"": -0.4080830510427167, ""label_1_q_high"": 0.0, ""label_1_q_low"": -0.12741874371180054, ""low_quantile"": 0.25}",0.027053523954045512,0.035254857239716636,0.006141603388635644,0.17252648118387173,0.009866593381645685,0.025550990757268046,3.584593417491621e-05,0.12066936307749293,0.006226438766182946,0.008347920786748399,0.0,0.03387440779529582,0.020016726056286814,0.05183624810224465,7.272198385571959e-05,0.24480643831963736,0.01227894482604239,0.016462646241600286,0.0,0.06680254957173322,0.02224272636755523,0.0285095512198593,0.008012603471550589,0.14191937481829298,0.005064906519717403,0.03379426577015727,-0.040031422566939145,0.14191937481829298,-5.9574505721950146e-05,0.003610809390013708,-0.005218954955103807,0.010224018835943071,0.9565894211778389,1.1102230246251565e-16,0.956589421177839,0.956589421177839,0.9547601389093362,0.0025034781630140722,0.9473103703828332,0.9574916130552057,0.0018292822685026023,0.0025034781630140722,-0.0009021918773667315,0.009279050795005794,0.0018292822685026023,0.0025034781630140722,-0.0009021918773667315,0.009279050795005794
13,imports,mid_density,class_conditional,random,0.05,20,167383,65,"{""high_quantile"": 0.75, ""label_0_q_high"": 0.0, ""label_0_q_low"": -0.4080830510427167, ""label_1_q_high"": 0.0, ""label_1_q_low"": -0.12741874371180054, ""low_quantile"": 0.25}",0.06670480275774719,0.029682342252794616,0.029274179576181572,0.13167406486919223,0.025540526815745923,0.023864035599272894,0.0021208844386825425,0.08777474414964483,0.014675922883446943,0.022804776320477827,2.389728944994414e-05,0.08454263575153988,0.05181501951373233,0.048413859243122866,0.004302717378130075,0.17807189780137203,0.028941880603697113,0.04497251169163071,4.712701909822449e-05,0.16672361181474368,0.05607073899437777,0.0258960213330556,0.024967695196572423,0.11766542621696802,0.00974230941203279,0.050905170022671496,-0.10279738970461709,0.09535904312966048,-0.0020129037610922738,0.007107085191713761,-0.014160469490808947,0.012748505148103675,0.9565894211778389,1.1102230246251565e-16,0.956589421177839,0.956589421177839,0.9490442099241028,0.0055232933427031335,0.9345604344231522,0.9558434939872801,0.007545211253736178,0.0055232933427031335,0.0007459271905588816,0.022028986754686786,0.007545211253736178,0.0055232933427031335,0.0007459271905588816,0.022028986754686786
13,imports,mid_density,class_conditional,random,0.1,20,167383,129,"{""high_quantile"": 0.75, ""label_0_q_high"": 0.0, ""label_0_q_low"": -0.4080830510427167, ""label_1_q_high"": 0.0, ""label_1_q_low"": -0.12741874371180054, ""low_quantile"": 0.25}",0.10663418626742263,0.04310406346488845,0.05068615092333152,0.2048774367767336,0.03460596356858224,0.038949935806888575,0.0006213295256985476,0.13660885514060567,0.03727738181296787,0.03650680020075667,0.0005914579138861175,0.13921365969064958,0.07020640923084381,0.07901918775803493,0.0012605143868324729,0.27714348047414733,0.07351343709132038,0.07199379971020715,0.0011663937226810562,0.27453844975670677,0.09408854964227967,0.03658392753586466,0.05019548244127817,0.17142513320176675,-0.009979488232538232,0.0817648314457178,-0.1653802877143963,0.12908686574186987,0.00016981189713786887,0.012685504806335846,-0.01669679698482198,0.025649329941501157,0.9565894211778389,1.1102230246251565e-16,0.956589421177839,0.956589421177839,0.9378479153462974,0.011809990446198723,0.8929665521791005,0.951497205707657,0.01874150583154143,0.011809990446198723,0.0050922154701820155,0.06362286899873848,0.01874150583154143,0.011809990446198723,0.0050922154701820155,0.06362286899873848
42,header,high_density,class_conditional,important,0.01,1,120070,1,"{""high_quantile"": 0.75, ""label_0_q_high"": -8.766348336927132e-05, ""label_0_q_low"": -0.011107549951835868, ""label_1_q_high"": -3.941291737419306e-15, ""label_1_q_low"": -0.026472043548053614, ""low_quantile"": 0.25}",0.020079953360539686,0.0,0.020079953360539686,0.020079953360539686,0.01162655117847922,0.0,0.01162655117847922,0.01162655117847922,0.0,0.0,0.0,0.0,0.023266666666666668,0.0,0.023266666666666668,0.023266666666666668,0.0,0.0,0.0,0.0,0.09226726640174497,0.0,0.09226726640174497,0.09226726640174497,0.09226726640174497,0.0,0.09226726640174497,0.09226726640174497,-0.07931299203040741,0.0,-0.07931299203040741,-0.07931299203040741,0.9972385225570168,0.0,0.9972385225570168,0.9972385225570168,0.9968516125631207,0.0,0.9968516125631207,0.9968516125631207,0.0003869099938961229,0.0,0.0003869099938961229,0.0003869099938961229,0.0003869099938961229,0.0,0.0003869099938961229,0.0003869099938961229
42,header,high_density,class_conditional,important,0.05,1,120070,4,"{""high_quantile"": 0.75, ""label_0_q_high"": -8.766348336927132e-05, ""label_0_q_low"": -0.011107549951835868, ""label_1_q_high"": -3.941291737419306e-15, ""label_1_q_low"": -0.026472043548053614, ""low_quantile"": 0.25}",0.0349462813358874,0.0,0.0349462813358874,0.0349462813358874,0.021604064295827435,0.0,0.021604064295827435,0.021604064295827435,0.0013075705838261015,0.0,0.0013075705838261015,0.0013075705838261015,0.04323333333333333,0.0,0.04323333333333333,0.04323333333333333,0.0026136174463126352,0.0,0.0026136174463126352,0.0026136174463126352,0.13654511554107987,0.0,0.13654511554107987,0.13654511554107987,0.10606964506350872,0.0,0.10606964506350872,0.10606964506350872,-0.11395699575156747,0.0,-0.11395699575156747,-0.11395699575156747,0.9972385225570168,0.0,0.9972385225570168,0.9972385225570168,0.994052212973753,0.0,0.994052212973753,0.994052212973753,0.0031863095832638244,0.0,0.0031863095832638244,0.0031863095832638244,0.0031863095832638244,0.0,0.0031863095832638244,0.0031863095832638244
42,header,high_density,class_conditional,important,0.1,1,120070,8,"{""high_quantile"": 0.75, ""label_0_q_high"": -8.766348336927132e-05, ""label_0_q_low"": -0.011107549951835868, ""label_1_q_high"": -3.941291737419306e-15, ""label_1_q_low"": -0.026472043548053614, ""low_quantile"": 0.25}",0.48425085366869325,0.0,0.48425085366869325,0.48425085366869325,0.0,0.0,0.0,0.0,0.4725576746897643,0.0,0.4725576746897643,0.4725576746897643,0.0,0.0,0.0,0.0,0.9445646745463626,0.0,0.9445646745463626,0.9445646745463626,0.46341355022674774,0.0,0.46341355022674774,0.46341355022674774,-0.4634125721199403,0.0,-0.4634125721199403,-0.4634125721199403,0.07125694725694648,0.0,0.07125694725694648,0.07125694725694648,0.9972385225570168,0.0,0.9972385225570168,0.9972385225570168,0.9924270865934188,0.0,0.9924270865934188,0.9924270865934188,0.00481143596359801,0.0,0.00481143596359801,0.00481143596359801,0.00481143596359801,0.0,0.00481143596359801,0.00481143596359801
42,header,high_density,class_conditional,random,0.01,20,120070,1,"{""high_quantile"": 0.75, ""label_0_q_high"": -8.766348336927132e-05, ""label_0_q_low"": -0.011107549951835868, ""label_1_q_high"": -3.941291737419306e-15, ""label_1_q_low"": -0.026472043548053614, ""low_quantile"": 0.25}",0.07854876322145417,0.1411489155579377,0.0,0.48420088281835594,0.0046206379611893065,0.015369877163659312,0.0,0.06970933622053802,0.06871449987507287,0.1393483542558872,0.0,0.472507703839427,0.009246666666666667,0.030757685850676234,0.0,0.1395,0.13734892625270517,0.27853432487938035,0.0,0.9444647910770767,0.08740718966579453,0.13737682256497807,2.7831180728733948e-08,0.4656770900467036,-0.07070448237773203,0.1466740752655991,-0.4656770900467036,0.10459187828950496,-0.0035791595283218174,0.032648823816537165,-0.07824619601165302,0.07354927643231901,0.9972385225570166,2.220446049250313e-16,0.9972385225570168,0.9972385225570168,0.9969092243146884,0.0006882988986387995,0.9947442730703069,0.9974415207258199,0.0003292982423284185,0.0006882988986387994,-0.0002029981688030924,0.002494249486709954,0.0003292982423284185,0.0006882988986387994,-0.0002029981688030924,0.002494249486709954
42,header,high_density,class_conditional,random,0.05,20,120070,4,"{""high_quantile"": 0.75, ""label_0_q_high"": -8.766348336927132e-05, ""label_0_q_low"": -0.011107549951835868, ""label_1_q_high"": -3.941291737419306e-15, ""label_1_q_low"": -0.026472043548053614, ""low_quantile"": 0.25}",0.1459123844424086,0.17187666243501365,0.00473890230698759,0.4811276755226118,0.020590905305238612,0.03400828228117296,0.0,0.10209044723911052,0.11659990005829934,0.1801624104452874,0.0,0.46943449654368286,0.04120583333333334,0.06805624089167396,0.0,0.2043,0.23306392542034296,0.3601148763470229,0.0,0.938321957715998,0.160954423708289,0.15660880424711085,0.005519896571931063,0.4627136844277093,-0.08399038501646824,0.20803741209604457,-0.4627136844277093,0.22211253733589395,-0.007838355128054749,0.037533452255298035,-0.08001288571942496,0.0724176075183644,0.9972385225570166,2.220446049250313e-16,0.9972385225570168,0.9972385225570168,0.9959341549303591,0.0012836408950043436,0.9927138133288941,0.9985264366572332,0.0013043676266577986,0.0012836408950043436,-0.0012879141002163363,0.0045247092281227586,0.0013043676266577986,0.0012836408950043436,-0.0012879141002163363,0.0045247092281227586
42,header,high_density,class_conditional,random,0.1,20,120070,8,"{""high_quantile"": 0.75, ""label_0_q_high"": -8.766348336927132e-05, ""label_0_q_low"": -0.011107549951835868, ""label_1_q_high"": -3.941291737419306e-15, ""label_1_q_low"": -0.026472043548053614, ""low_quantile"": 0.25}",0.2666394603148164,0.20622564283499994,0.005663363038227701,0.49257932872491045,0.09324602315316066,0.16734599888661797,0.0,0.4815440992754227,0.16377071708170235,0.20990299030798723,0.0,0.4725160323144832,0.18660083333333333,0.334887234771937,0.0,0.96365,0.32735059097719327,0.4195613791623111,0.0,0.9444814383219577,0.26708840811976137,0.17675171677857676,0.008586646916503593,0.5037952185244479,-0.049712149509368246,0.31609184791934797,-0.4656355200564723,0.5037952185244479,-0.001268695622694289,0.05639906470200372,-0.1116293421522121,0.07350877094158492,0.9972385225570166,2.220446049250313e-16,0.9972385225570168,0.9972385225570168,0.9944941602990955,0.0022251027601519575,0.9872126994894845,0.9975893876588425,0.0027443622579213177,0.0022251027601519575,-0.0003508651018256925,0.010025823067532302,0.0027443622579213177,0.0022251027601519575,-0.0003508651018256925,0.010025823067532302
42,header,low_density,class_conditional,important,0.01,1,120002,1,"{""high_quantile"": 0.75, ""label_0_q_high"": -8.766348336927132e-05, ""label_0_q_low"": -0.011107549951835868, ""label_1_q_high"": -3.941291737419306e-15, ""label_1_q_low"": -0.026472043548053614, ""low_quantile"": 0.25}",0.21727137881035316,0.0,0.21727137881035316,0.21727137881035316,0.19053015783070282,0.0,0.19053015783070282,0.19053015783070282,0.0,0.0,0.0,0.0,0.38106666666666666,0.0,0.38106666666666666,0.38106666666666666,0.0,0.0,0.0,0.0,0.1629044799601902,0.0,0.1629044799601902,0.1629044799601902,0.1629044799601902,0.0,0.1629044799601902,0.1629044799601902,-0.05228147039622988,0.0,-0.05228147039622988,-0.05228147039622988,0.8896530842027488,0.0,0.8896530842027488,0.8896530842027488,0.7762764531460062,0.0,0.7762764531460062,0.7762764531460062,0.11337663105674256,0.0,0.11337663105674256,0.11337663105674256,0.11337663105674256,0.0,0.11337663105674256,0.11337663105674256
42,header,low_density,class_conditional,important,0.05,1,120002,4,"{""high_quantile"": 0.75, ""label_0_q_high"": -8.766348336927132e-05, ""label_0_q_low"": -0.011107549951835868, ""label_1_q_high"": -3.941291737419306e-15, ""label_1_q_low"": -0.026472043548053614, ""low_quantile"": 0.25}",0.2957950700821653,0.0,0.2957950700821653,0.2957950700821653,0.20729654505758238,0.0,0.20729654505758238,0.20729654505758238,0.04218263028949518,0.0,0.04218263028949518,0.04218263028949518,0.4146,0.0,0.4146,0.4146,0.08436385453818206,0.0,0.08436385453818206,0.08436385453818206,0.22723821277492895,0.0,0.22723821277492895,0.22723821277492895,0.13230963157479952,0.0,0.13230963157479952,0.13230963157479952,-0.07382473957511469,0.0,-0.07382473957511469,-0.07382473957511469,0.8896530842027488,0.0,0.8896530842027488,0.8896530842027488,0.6989027636578781,0.0,0.6989027636578781,0.6989027636578781,0.19075032054487073,0.0,0.19075032054487073,0.19075032054487073,0.19075032054487073,0.0,0.19075032054487073,0.19075032054487073
42,header,low_density,class_conditional,important,0.1,1,120002,8,"{""high_quantile"": 0.75, ""label_0_q_high"": -8.766348336927132e-05, ""label_0_q_low"": -0.011107549951835868, ""label_1_q_high"": -3.941291737419306e-15, ""label_1_q_low"": -0.026472043548053614, ""low_quantile"": 0.25}",0.49228346194230094,0.0,0.49228346194230094,0.49228346194230094,0.0005583240279328677,0.0,0.0005583240279328677,0.0005583240279328677,0.39638506024899584,0.0,0.39638506024899584,0.39638506024899584,0.0011166666666666666,0.0,0.0011166666666666666,0.0011166666666666666,0.7927569081030632,0.0,0.7927569081030632,0.7927569081030632,0.47794195038564824,0.0,0.47794195038564824,0.47794195038564824,-0.476735953472196,0.0,-0.476735953472196,-0.476735953472196,0.15300394321591207,0.0,0.15300394321591207,0.15300394321591207,0.8896530842027488,0.0,0.8896530842027488,0.8896530842027488,0.6828162029321245,0.0,0.6828162029321245,0.6828162029321245,0.20683688127062427,0.0,0.20683688127062427,0.20683688127062427,0.20683688127062427,0.0,0.20683688127062427,0.20683688127062427
42,header,low_density,class_conditional,random,0.01,20,120002,1,"{""high_quantile"": 0.75, ""label_0_q_high"": -8.766348336927132e-05, ""label_0_q_low"": -0.011107549951835868, ""label_1_q_high"": -3.941291737419306e-15, ""label_1_q_low"": -0.026472043548053614, ""low_quantile"": 0.25}",0.1252774953750771,0.15458095223277074,0.00011666472225462909,0.4917584706921551,0.011845635906068231,0.03479422938538299,0.0,0.15816403059949,0.07829619506341559,0.12281777980742602,0.0,0.3964683921934634,0.023691666666666666,0.06958961857841217,0.0,0.31633333333333336,0.15658978034065532,0.2456314658253181,0.0,0.7929235692143595,0.11221768957778208,0.14621379124252984,0.00019864262882926984,0.4798258122387703,-0.07696677978829472,0.16747357228144896,-0.4798258122387703,0.2291721641311478,0.023023796769415288,0.04446690251846352,-0.0006760580468433926,0.15515386010895338,0.8896530842027488,0.0,0.8896530842027488,0.8896530842027488,0.8849135606382564,0.013875181967136252,0.8271345194049088,0.8951430009277468,0.004739523564492315,0.013875181967136252,-0.00548991672499799,0.06251856479784001,0.004739523564492315,0.013875181967136252,-0.00548991672499799,0.06251856479784001
42,header,low_density,class_conditional,random,0.05,20,120002,4,"{""high_quantile"": 0.75, ""label_0_q_high"": -8.766348336927132e-05, ""label_0_q_low"": -0.011107549951835868, ""label_1_q_high"": -3.941291737419306e-15, ""label_1_q_low"": -0.026472043548053614, ""low_quantile"": 0.25}",0.22737746037566042,0.16448708877863502,0.013566440559324012,0.48576690388493526,0.05314744754254095,0.10140454718581181,0.0,0.306844885918568,0.1129702004966584,0.14051495983787038,0.0,0.3904518258029033,0.10629666666666666,0.2028124745231965,0.0,0.6137,0.22593663544548517,0.28102523599986867,0.0,0.7808906369787674,0.20391660523358746,0.15695037173046003,0.011395355306648917,0.47336591780853426,-0.07135055500386565,0.24635188803306424,-0.47336591780853426,0.35829662986447514,0.040679424302232356,0.05279795626079612,-0.015762485266127495,0.15274584905463934,0.8896530842027488,0.0,0.8896530842027488,0.8896530842027488,0.8829113273029788,0.018499845437371026,0.8272983389442574,0.8970628020732643,0.006741756899770001,0.018499845437371026,-0.007409717870515475,0.062354745258491384,0.006741756899770001,0.018499845437371026,-0.007409717870515475,0.062354745258491384
42,header,low_density,class_conditional,random,0.1,20,120002,8,"{""high_quantile"": 0.75, ""label_0_q_high"": -8.766348336927132e-05, ""label_0_q_low"": -0.011107549951835868, ""label_1_q_high"": -3.941291737419306e-15, ""label_1_q_low"": -0.026472043548053614, ""low_quantile"": 0.25}",0.3278820352994117,0.17141239059907193,0.011749804169930501,0.4934001099981667,0.11283686938551023,0.15433134765485784,0.0,0.38657689038516024,0.13907184880251994,0.1662984151518814,0.0,0.39806003233279447,0.22567750000000003,0.30866783968797085,0.0,0.7731666666666667,0.2781390620312656,0.3325912872080276,0.0,0.7961067964401186,0.3070116180196838,0.1685401179134768,0.010422469126951084,0.48851962139287236,-0.026508214312398793,0.3476387113902211,-0.4808315478261859,0.4885196213456174,0.0782958534512248,0.06110899967229711,-0.0032738265017270844,0.1553211727495901,0.8896530842027488,0.0,0.8896530842027488,0.8896530842027488,0.8711558427913515,0.026015810815122314,0.814691850966079,0.8945623384776064,0.018497241411397396,0.026015810815122314,-0.004909254274857555,0.07496123323666981,0.018497241411397396,0.026015810815122314,-0.004909254274857555,0.07496123323666981
42,header,mid_density,class_conditional,important,0.01,1,239928,1,"{""high_quantile"": 0.75, ""label_0_q_high"": -8.766348336927132e-05, ""label_0_q_low"": -0.011107549951835868, ""label_1_q_high"": -3.941291737419306e-15, ""label_1_q_low"": -0.026472043548053614, ""low_quantile"": 0.25}",0.21721099663232302,0.0,0.21721099663232302,0.21721099663232302,0.18981944583375013,0.0,0.18981944583375013,0.18981944583375013,0.0,0.0,0.0,0.0,0.379525,0.0,0.379525,0.379525,0.0,0.0,0.0,0.0,0.17577762732387373,0.0,0.17577762732387373,0.17577762732387373,0.17577762732387373,0.0,0.17577762732387373,0.17577762732387373,-0.08506401424947112,0.0,-0.08506401424947112,-0.08506401424947112,0.9416920577346408,0.0,0.9416920577346408,0.9416920577346408,0.8236276447813132,0.0,0.8236276447813132,0.8236276447813132,0.11806441295332759,0.0,0.11806441295332759,0.11806441295332759,0.11806441295332759,0.0,0.11806441295332759,0.11806441295332759
42,header,mid_density,class_conditional,important,0.05,1,239928,4,"{""high_quantile"": 0.75, ""label_0_q_high"": -8.766348336927132e-05, ""label_0_q_low"": -0.011107549951835868, ""label_1_q_high"": -3.941291737419306e-15, ""label_1_q_low"": -0.026472043548053614, ""low_quantile"": 0.25}",0.27151478776966426,0.0,0.27151478776966426,0.27151478776966426,0.20837084458670935,0.0,0.20837084458670935,0.20837084458670935,0.026603814477676638,0.0,0.026603814477676638,0.026603814477676638,0.4166166666666667,0.0,0.4166166666666667,0.4166166666666667,0.053223600827162966,0.0,0.053223600827162966,0.053223600827162966,0.22816969237449147,0.0,0.22816969237449147,0.22816969237449147,0.17025046877693592,0.0,0.17025046877693592,0.17025046877693592,-0.1062170539790805,0.0,-0.1062170539790805,-0.1062170539790805,0.9416920577346408,0.0,0.9416920577346408,0.9416920577346408,0.7714978660807595,0.0,0.7714978660807595,0.7714978660807595,0.17019419165388128,0.0,0.17019419165388128,0.17019419165388128,0.17019419165388128,0.0,0.17019419165388128,0.17019419165388128
42,header,mid_density,class_conditional,important,0.1,1,239928,8,"{""high_quantile"": 0.75, ""label_0_q_high"": -8.766348336927132e-05, ""label_0_q_low"": -0.011107549951835868, ""label_1_q_high"": -3.941291737419306e-15, ""label_1_q_low"": -0.026472043548053614, ""low_quantile"": 0.25}",0.420888766629989,0.0,0.420888766629989,0.420888766629989,0.0,0.0,0.0,0.0,0.3768463872495082,0.0,0.3768463872495082,0.3768463872495082,0.0,0.0,0.0,0.0,0.7539190180775132,0.0,0.7539190180775132,0.7539190180775132,0.42126473924143376,0.0,0.42126473924143376,0.42126473924143376,-0.4212105507336691,0.0,-0.4212105507336691,-0.4212105507336691,0.13844472937714528,0.0,0.13844472937714528,0.13844472937714528,0.9416920577346408,0.0,0.9416920577346408,0.9416920577346408,0.7409512114907835,0.0,0.7409512114907835,0.7409512114907835,0.20074084624385735,0.0,0.20074084624385735,0.20074084624385735,0.20074084624385735,0.0,0.20074084624385735,0.20074084624385735
42,header,mid_density,class_conditional,random,0.01,20,239928,1,"{""high_quantile"": 0.75, ""label_0_q_high"": -8.766348336927132e-05, ""label_0_q_low"": -0.011107549951835868, ""label_1_q_high"": -3.941291737419306e-15, ""label_1_q_low"": -0.026472043548053614, ""low_quantile"": 0.25}",0.10724467340202062,0.134126455367266,0.0,0.4205428295155213,0.009352805841752526,0.02880336126975099,0.0,0.1318979027041446,0.07610116368243806,0.11979073812554894,0.0,0.3765004501350405,0.0187,0.05758944052274012,0.0,0.26371666666666665,0.15224801547595224,0.2396533938445293,0.0,0.753226936161697,0.10264751474297658,0.132221741655626,3.161927392727157e-07,0.42406130186894814,-0.06937411676189999,0.15233625035710627,-0.42406130186894814,0.21854152498553714,0.018430141186914165,0.04100722178246423,-0.010090569060184238,0.14127476388440421,0.941692057734641,2.220446049250313e-16,0.9416920577346408,0.9416920577346408,0.9389040407160965,0.008056773446526097,0.9046138096399507,0.9422680485374559,0.0027880170185444753,0.008056773446526097,-0.0005759908028151184,0.03707824809469007,0.0027880170185444753,0.008056773446526097,-0.0005759908028151184,0.03707824809469007
42,header,mid_density,class_conditional,random,0.05,20,239928,4,"{""high_quantile"": 0.75, ""label_0_q_high"": -8.766348336927132e-05, ""label_0_q_low"": -0.011107549951835868, ""label_1_q_high"": -3.941291737419306e-15, ""label_1_q_low"": -0.026472043548053614, ""low_quantile"": 0.25}",0.21075801907238834,0.1577872068686986,0.008890167050115035,0.42278516888399853,0.05278687772998565,0.10447508727327957,0.0,0.3179912307025441,0.11388729118735622,0.14281333995758724,0.0,0.37618368843986527,0.10554208333333334,0.20888748949419517,0.0,0.6357916666666666,0.22784295577346403,0.28571241936281766,0.0,0.7525932226002268,0.19308825509835809,0.14979415984098124,0.006896978574758356,0.4215043874242311,-0.05938327584113021,0.23646675171833179,-0.4215043874242311,0.3702236528921225,0.029002854648976267,0.05115612922365807,-0.019287163531245897,0.13961268029088814,0.941692057734641,2.220446049250313e-16,0.9416920577346408,0.9416920577346408,0.9353778528471249,0.011969578108331063,0.8975685583224935,0.9442497258077068,0.006314204887515895,0.011969578108331061,-0.0025576680730660106,0.04412349941214733,0.006314204887515895,0.011969578108331061,-0.0025576680730660106,0.04412349941214733
42,header,mid_density,class_conditional,random,0.1,20,239928,8,"{""high_quantile"": 0.75, ""label_0_q_high"": -8.766348336927132e-05, ""label_0_q_low"": -0.011107549951835868, ""label_1_q_high"": -3.941291737419306e-15, ""label_1_q_low"": -0.026472043548053614, ""low_quantile"": 0.25}",0.3193245473642093,0.17583911106844816,0.010128038411523457,0.5346687339535194,0.12148019405821746,0.17197394997120494,0.0,0.4290495481977927,0.13915382948217797,0.16576299481226964,0.0,0.37669217431896235,0.24288749999999998,0.34384471557242713,0.0,0.8578416666666666,0.2783912013874991,0.331625507131931,0.0,0.7536104996331132,0.2995688329802863,0.16972652221235732,0.007652047104349402,0.5299513521349576,-0.0034976681968756198,0.34313367202182543,-0.42417620967145214,0.5299513521349576,0.062286224969968496,0.05810131020029186,-0.01273526565728663,0.14138822940870788,0.941692057734641,2.220446049250313e-16,0.9416920577346408,0.9416920577346408,0.9266096108359461,0.023130267886310146,0.8444258783742467,0.9414221787933872,0.015082446898694802,0.023130267886310146,0.00026987894125363177,0.09726617936039417,0.015082446898694802,0.023130267886310146,0.00026987894125363177,0.09726617936039417
42,imports,high_density,class_conditional,important,0.01,1,194527,13,"{""high_quantile"": 0.75, ""label_0_q_high"": 0.0, ""label_0_q_low"": -0.40949738534105273, ""label_1_q_high"": 0.0, ""label_1_q_low"": -0.12018155274216, ""low_quantile"": 0.25}",0.046641340276671106,0.0,0.046641340276671106,0.046641340276671106,0.0,0.0,0.0,0.0,0.043289620463997286,0.0,0.043289620463997286,0.043289620463997286,0.0,0.0,0.0,0.0,0.08721544420738654,0.0,0.08721544420738654,0.08721544420738654,0.03044404591150076,0.0,0.03044404591150076,0.03044404591150076,-0.0270345688052113,0.0,-0.0270345688052113,-0.0270345688052113,-0.003800404756894115,0.0,-0.003800404756894115,-0.003800404756894115,0.8538261064865589,0.0,0.8538261064865589,0.8538261064865589,0.8296320881885021,0.0,0.8296320881885021,0.8296320881885021,0.024194018298056785,0.0,0.024194018298056785,0.024194018298056785,0.024194018298056785,0.0,0.024194018298056785,0.024194018298056785
42,imports,high_density,class_conditional,important,0.05,1,194527,65,"{""high_quantile"": 0.75, ""label_0_q_high"": 0.0, ""label_0_q_low"": -0.40949738534105273, ""label_1_q_high"": 0.0, ""label_1_q_low"": -0.12018155274216, ""low_quantile"": 0.25}",0.17371881538295456,0.0,0.17371881538295456,0.17371881538295456,0.0,0.0,0.0,0.0,0.17024371938085717,0.0,0.17024371938085717,0.17024371938085717,0.0,0.0,0.0,0.0,0.34298941524949766,0.0,0.34298941524949766,0.34298941524949766,0.15093187940575678,0.0,0.15093187940575678,0.15093187940575678,-0.1493495136087978,0.0,-0.1493495136087978,-0.1493495136087978,-0.06666295738591235,0.0,-0.06666295738591235,-0.06666295738591235,0.8538261064865589,0.0,0.8538261064865589,0.8538261064865589,0.7109538234243467,0.0,0.7109538234243467,0.7109538234243467,0.14287228306221222,0.0,0.14287228306221222,0.14287228306221222,0.14287228306221222,0.0,0.14287228306221222,0.14287228306221222
42,imports,high_density,class_conditional,important,0.1,1,194527,129,"{""high_quantile"": 0.75, ""label_0_q_high"": 0.0, ""label_0_q_low"": -0.40949738534105273, ""label_1_q_high"": 0.0, ""label_1_q_low"": -0.12018155274216, ""low_quantile"": 0.25}",0.20932826805533422,0.0,0.20932826805533422,0.20932826805533422,0.0,0.0,0.0,0.0,0.2057400772129319,0.0,0.2057400772129319,0.2057400772129319,0.0,0.0,0.0,0.0,0.414503800981834,0.0,0.414503800981834,0.414503800981834,0.1867620159659066,0.0,0.1867620159659066,0.1867620159659066,-0.18043414316537015,0.0,-0.18043414316537015,-0.18043414316537015,-0.07218670479197775,0.0,-0.07218670479197775,-0.07218670479197775,0.8538261064865589,0.0,0.8538261064865589,0.8538261064865589,0.661591012513966,0.0,0.661591012513966,0.661591012513966,0.19223509397259286,0.0,0.19223509397259286,0.19223509397259286,0.19223509397259286,0.0,0.19223509397259286,0.19223509397259286
42,imports,high_density,class_conditional,random,0.01,20,194527,13,"{""high_quantile"": 0.75, ""label_0_q_high"": 0.0, ""label_0_q_low"": -0.40949738534105273, ""label_1_q_high"": 0.0, ""label_1_q_low"": -0.12018155274216, ""low_quantile"": 0.25}",0.010734756614762989,0.017626361810680082,0.0,0.06198111316166907,0.004460306281390243,0.010827865837819847,0.0,0.03712081099281848,0.0019246685550077882,0.004028064899155727,0.0,0.01537575760691318,0.008856011350065834,0.021498905390603347,0.0,0.07370397966786768,0.003877622884603435,0.008115328009591173,0.0,0.03097748410216045,0.00871653252469093,0.010665484394681787,0.0006878653130594296,0.03996746842037436,0.003679394517907786,0.013000789456132276,-0.017518264182124224,0.03996746842037436,-0.0007039792968910776,0.0018155447385227743,-0.0057434873700888105,0.002421373442150433,0.8538261064865587,2.220446049250313e-16,0.8538261064865589,0.8538261064865589,0.8592028622901798,0.008394283658849205,0.8449935134743147,0.8695747365242988,-0.005376755803620997,0.008394283658849205,-0.015748630037739964,0.00883259301224415,-0.005376755803620997,0.008394283658849205,-0.015748630037739964,0.00883259301224415
42,imports,high_density,class_conditional,random,0.05,20,194527,65,"{""high_quantile"": 0.75, ""label_0_q_high"": 0.0, ""label_0_q_low"": -0.40949738534105273, ""label_1_q_high"": 0.0, ""label_1_q_low"": -0.12018155274216, ""low_quantile"": 0.25}",0.018586622936661752,0.02434794175647209,0.0,0.07396916623399323,0.009285600456491901,0.015949937089362348,0.0,0.04807558847872018,0.0024993959707392804,0.00403710288098089,0.0,0.01514956792630329,0.01843671215538975,0.03166886195362385,0.0,0.09545487021934615,0.005035524162644738,0.00813353679939277,0.0,0.030521780558029704,0.01797048643536999,0.015361289998634526,0.00469648330231745,0.05847677269605347,0.009246744197809117,0.02034412579638635,-0.011647516000145745,0.05847677269605347,-0.0012095983724169106,0.004646285526500355,-0.010271557815183421,0.010742873922833343,0.8538261064865587,2.220446049250313e-16,0.8538261064865589,0.8538261064865589,0.8555522640042248,0.010327248501752893,0.8359821921014018,0.8696659181012931,-0.0017261575176658994,0.010327248501752893,-0.015839811614734245,0.01784391438515709,-0.0017261575176658994,0.010327248501752893,-0.015839811614734245,0.01784391438515709
42,imports,high_density,class_conditional,random,0.1,20,194527,129,"{""high_quantile"": 0.75, ""label_0_q_high"": 0.0, ""label_0_q_low"": -0.40949738534105273, ""label_1_q_high"": 0.0, ""label_1_q_low"": -0.12018155274216, ""low_quantile"": 0.25}",0.023443789294031164,0.017864428085046995,0.0009356027697954525,0.07142967300169129,0.0075390562749644025,0.012148071449553578,0.0,0.04073984588257671,0.007033470932055705,0.007396600705785043,0.0,0.023960684120970355,0.014968920008573791,0.02412019530755728,0.0,0.08088963285803231,0.014170308842720136,0.014901905104855801,0.0,0.04827350498166829,0.020602205635773523,0.009815456873356925,0.007329295734163365,0.048622272624670684,0.003909757260834334,0.016687519549401852,-0.018816512919840888,0.048486510804432705,-0.0029809568314153436,0.004798592793390065,-0.010232437136082198,0.007705526046251158,0.8538261064865587,2.220446049250313e-16,0.8538261064865589,0.8538261064865589,0.8545464395203487,0.014441637091221,0.8291479130833412,0.8719233294638475,-0.0007203330337897773,0.014441637091221,-0.018097222977288663,0.02467819340321764,-0.0007203330337897773,0.014441637091221,-0.018097222977288663,0.02467819340321764
42,imports,low_density,class_conditional,important,0.01,1,120157,13,"{""high_quantile"": 0.75, ""label_0_q_high"": 0.0, ""label_0_q_low"": -0.40949738534105273, ""label_1_q_high"": 0.0, ""label_1_q_low"": -0.12018155274216, ""low_quantile"": 0.25}",0.0999026273958238,0.0,0.0999026273958238,0.0999026273958238,0.027730386078214337,0.0,0.027730386078214337,0.027730386078214337,0.041753705568547815,0.0,0.041753705568547815,0.041753705568547815,0.05553333333333333,0.0,0.05553333333333333,0.05553333333333333,0.08339844074671277,0.0,0.08339844074671277,0.08339844074671277,0.09409779104512822,0.0,0.09409779104512822,0.09409779104512822,-0.006485721127166291,0.0,-0.006485721127166291,-0.006485721127166291,-0.018566046308799197,0.0,-0.018566046308799197,-0.018566046308799197,0.8883040505122706,0.0,0.8883040505122706,0.8883040505122706,0.8488260552942024,0.0,0.8488260552942024,0.8488260552942024,0.03947799521806816,0.0,0.03947799521806816,0.03947799521806816,0.03947799521806816,0.0,0.03947799521806816,0.03947799521806816
42,imports,low_density,class_conditional,important,0.05,1,120157,65,"{""high_quantile"": 0.75, ""label_0_q_high"": 0.0, ""label_0_q_low"": -0.40949738534105273, ""label_1_q_high"": 0.0, ""label_1_q_low"": -0.12018155274216, ""low_quantile"": 0.25}",0.2533934768677647,0.0,0.2533934768677647,0.2533934768677647,0.02559151776425843,0.0,0.02559151776425843,0.02559151776425843,0.18527426616842962,0.0,0.18527426616842962,0.18527426616842962,0.05125,0.0,0.05125,0.05125,0.3700649965922503,0.0,0.3700649965922503,0.3700649965922503,0.21392002039279134,0.0,0.21392002039279134,0.21392002039279134,-0.13900805903108365,0.0,-0.13900805903108365,-0.13900805903108365,-0.0316835602057098,0.0,-0.0316835602057098,-0.0316835602057098,0.8883040505122706,0.0,0.8883040505122706,0.8883040505122706,0.7898328508458423,0.0,0.7898328508458423,0.7898328508458423,0.09847119966642826,0.0,0.09847119966642826,0.09847119966642826,0.09847119966642826,0.0,0.09847119966642826,0.09847119966642826
42,imports,low_density,class_conditional,important,0.1,1,120157,129,"{""high_quantile"": 0.75, ""label_0_q_high"": 0.0, ""label_0_q_low"": -0.40949738534105273, ""label_1_q_high"": 0.0, ""label_1_q_low"": -0.12018155274216, ""low_quantile"": 0.25}",0.2837204657240111,0.0,0.2837204657240111,0.2837204657240111,0.017643582978935892,0.0,0.017643582978935892,0.017643582978935892,0.21610060171275913,0.0,0.21610060171275913,0.21610060171275913,0.035333333333333335,0.0,0.035333333333333335,0.035333333333333335,0.4316372159515933,0.0,0.4316372159515933,0.4316372159515933,0.23629558092976286,0.0,0.23629558092976286,0.23629558092976286,-0.17880190966615392,0.0,-0.17880190966615392,-0.17880190966615392,-0.03387769454580306,0.0,-0.03387769454580306,-0.03387769454580306,0.8883040505122706,0.0,0.8883040505122706,0.8883040505122706,0.7876237244488034,0.0,0.7876237244488034,0.7876237244488034,0.10068032606346722,0.0,0.10068032606346722,0.10068032606346722,0.10068032606346722,0.0,0.10068032606346722,0.10068032606346722
42,imports,low_density,class_conditional,random,0.01,20,120157,13,"{""high_quantile"": 0.75, ""label_0_q_high"": 0.0, ""label_0_q_low"": -0.40949738534105273, ""label_1_q_high"": 0.0, ""label_1_q_low"": -0.12018155274216, ""low_quantile"": 0.25}",0.040754179947901495,0.03844679506846698,0.013091205672578377,0.149795683980126,0.011239877826510314,0.018131937937703835,0.00046605690887755184,0.06821075759215027,0.00949507727389998,0.01508423201352292,0.0,0.060021471907587574,0.02250916666666667,0.03631132111301133,0.0009333333333333333,0.1366,0.01896537393819506,0.030129096631296,0.0,0.11988629752148544,0.036681104695058704,0.03517540202224824,0.012613109143591254,0.13607493186590067,0.010818078038545991,0.04733008553547807,-0.07555557897071823,0.13607051937086193,0.0009827453677075139,0.004214568285838094,-0.0034877627281446055,0.01125706681721331,0.8883040505122708,2.220446049250313e-16,0.8883040505122706,0.8883040505122706,0.886091079508619,0.0025922389379906016,0.8808806051941863,0.8898077101030082,0.0022129710036514483,0.0025922389379906016,-0.001503659590737616,0.007423445318084254,0.0022129710036514483,0.0025922389379906016,-0.001503659590737616,0.007423445318084254
42,imports,low_density,class_conditional,random,0.05,20,120157,65,"{""high_quantile"": 0.75, ""label_0_q_high"": 0.0, ""label_0_q_low"": -0.40949738534105273, ""label_1_q_high"": 0.0, ""label_1_q_low"": -0.12018155274216, ""low_quantile"": 0.25}",0.08616435163993777,0.0570379792338897,0.039115490566508815,0.24989805005118304,0.02975024343151044,0.037281593954391186,0.002122223424353138,0.13851877127424952,0.01586341203591967,0.013529129404653313,1.664488960276971e-05,0.0524230798039232,0.059578333333333344,0.07466074141296303,0.00425,0.2774,0.0316854231427764,0.027022949978804264,3.324633874694549e-05,0.10470934388350484,0.07802052589651264,0.05245454310427335,0.03483178924560112,0.2314588024303095,0.03427599230011882,0.07798755899448745,-0.0653562937885487,0.23101853949807163,0.001453103561970414,0.006372475690732537,-0.00661890322293036,0.01716607412045595,0.8883040505122708,2.220446049250313e-16,0.8883040505122706,0.8883040505122706,0.8799226164245224,0.010219343083283542,0.8538091111591335,0.8906350344376659,0.00838143408774809,0.010219343083283542,-0.0023309839253953246,0.03449493935313708,0.00838143408774809,0.010219343083283542,-0.0023309839253953246,0.03449493935313708
42,imports,low_density,class_conditional,random,0.1,20,120157,129,"{""high_quantile"": 0.75, ""label_0_q_high"": 0.0, ""label_0_q_low"": -0.40949738534105273, ""label_1_q_high"": 0.0, ""label_1_q_low"": -0.12018155274216, ""low_quantile"": 0.25}",0.10165366978203516,0.028122925692290395,0.06977537721481063,0.18673069400867198,0.023898316369416684,0.02133385920056596,0.003112594355717936,0.09411020581405993,0.03482651863811513,0.026182903686812222,0.0003828324608637033,0.08831778423229608,0.04785916666666666,0.04272354199937339,0.006233333333333333,0.18846666666666667,0.06956214571870271,0.052297474247324435,0.0007646657911797464,0.17640507339129277,0.09113720379677297,0.02550076851367949,0.06192251424811802,0.16949268467025844,0.0014364698282498824,0.06679299794999956,-0.10131085248358748,0.16787260690677083,-0.0005136050556717577,0.007340953345253564,-0.012327368617291867,0.012343999362525527,0.8883040505122708,2.220446049250313e-16,0.8883040505122706,0.8883040505122706,0.8744437269492051,0.010183772220089433,0.8475935072670956,0.8885001482232603,0.013860323563065425,0.010183772220089433,-0.00019609771098971773,0.04071054324517498,0.013860323563065425,0.010183772220089433,-0.00019609771098971773,0.04071054324517498
42,imports,mid_density,class_conditional,important,0.01,1,165316,13,"{""high_quantile"": 0.75, ""label_0_q_high"": 0.0, ""label_0_q_low"": -0.40949738534105273, ""label_1_q_high"": 0.0, ""label_1_q_low"": -0.12018155274216, ""low_quantile"": 0.25}",0.10255510658375475,0.0,0.10255510658375475,0.10255510658375475,0.02637978175131264,0.0,0.02637978175131264,0.02637978175131264,0.04787800333905974,0.0,0.04787800333905974,0.04787800333905974,0.05316542114181916,0.0,0.05316542114181916,0.05316542114181916,0.09503055625592816,0.0,0.09503055625592816,0.09503055625592816,0.10224589345507973,0.0,0.10224589345507973,0.10224589345507973,-0.04104678447473391,0.0,-0.04104678447473391,-0.04104678447473391,-0.02177101979147286,0.0,-0.02177101979147286,-0.02177101979147286,0.9536702997510152,0.0,0.9536702997510152,0.9536702997510152,0.912314029401262,0.0,0.912314029401262,0.912314029401262,0.0413562703497532,0.0,0.0413562703497532,0.0413562703497532,0.0413562703497532,0.0,0.0413562703497532,0.0413562703497532
42,imports,mid_density,class_conditional,important,0.05,1,165316,65,"{""high_quantile"": 0.75, ""label_0_q_high"": 0.0, ""label_0_q_low"": -0.40949738534105273, ""label_1_q_high"": 0.0, ""label_1_q_low"": -0.12018155274216, ""low_quantile"": 0.25}",0.29776307193496093,0.0,0.29776307193496093,0.29776307193496093,0.027135909409857484,0.0,0.027135909409857484,0.027135909409857484,0.22403155169493577,0.0,0.22403155169493577,0.22403155169493577,0.05468930961756495,0.0,0.05468930961756495,0.05468930961756495,0.44466856367587554,0.0,0.44466856367587554,0.44466856367587554,0.25508660414697176,0.0,0.25508660414697176,0.25508660414697176,-0.1927132101043329,0.0,-0.1927132101043329,-0.1927132101043329,-0.04830072435044613,0.0,-0.04830072435044613,-0.04830072435044613,0.9536702997510152,0.0,0.9536702997510152,0.9536702997510152,0.8366171307115783,0.0,0.8366171307115783,0.8366171307115783,0.11705316903943697,0.0,0.11705316903943697,0.11705316903943697,0.11705316903943697,0.0,0.11705316903943697,0.11705316903943697
42,imports,mid_density,class_conditional,important,0.1,1,165316,129,"{""high_quantile"": 0.75, ""label_0_q_high"": 0.0, ""label_0_q_low"": -0.40949738534105273, ""label_1_q_high"": 0.0, ""label_1_q_low"": -0.12018155274216, ""low_quantile"": 0.25}",0.35352899900796053,0.0,0.35352899900796053,0.35352899900796053,0.022133368820924773,0.0,0.022133368820924773,0.022133368820924773,0.2795313218321276,0.0,0.2795313218321276,0.2795313218321276,0.0446072634620308,0.0,0.0446072634620308,0.0446072634620308,0.5548271680534044,0.0,0.5548271680534044,0.5548271680534044,0.2944812442123273,0.0,0.2944812442123273,0.2944812442123273,-0.22883009031923568,0.0,-0.22883009031923568,-0.22883009031923568,-0.07257999111292154,0.0,-0.07257999111292154,-0.07257999111292154,0.9536702997510152,0.0,0.9536702997510152,0.9536702997510152,0.7923954285801543,0.0,0.7923954285801543,0.7923954285801543,0.16127487117086092,0.0,0.16127487117086092,0.16127487117086092,0.16127487117086092,0.0,0.16127487117086092,0.16127487117086092
42,imports,mid_density,class_conditional,random,0.01,20,165316,13,"{""high_quantile"": 0.75, ""label_0_q_high"": 0.0, ""label_0_q_low"": -0.40949738534105273, ""label_1_q_high"": 0.0, ""label_1_q_low"": -0.12018155274216, ""low_quantile"": 0.25}",0.03770778388056812,0.04504021256778962,0.0063998645019235885,0.16745505577197609,0.0178007573374628,0.03284883875451849,0.00034479421229645043,0.11804060103075323,0.006204783566019017,0.012026839250373237,0.0,0.041000266156935805,0.03587538249600741,0.06620306274204808,0.0006948931449400807,0.23789727772562694,0.012315551873596753,0.023871447100033645,0.0,0.08137929378429325,0.03365424390258815,0.0366239250361087,0.008807417056680426,0.13776932975427925,0.011666428896608471,0.04682049377752483,-0.0645699812431977,0.1377692636676856,-0.0007904730534991249,0.0037090912542531796,-0.006170868468320863,0.008420348032756226,0.9536702997510151,1.1102230246251565e-16,0.9536702997510152,0.9536702997510152,0.9509237479201724,0.002315895386982842,0.9453572541964069,0.9541312589901324,0.0027465518308427916,0.002315895386982842,-0.00046095923911715353,0.008313045554608323,0.0027465518308427916,0.002315895386982842,-0.00046095923911715353,0.008313045554608323
42,imports,mid_density,class_conditional,random,0.05,20,165316,65,"{""high_quantile"": 0.75, ""label_0_q_high"": 0.0, ""label_0_q_low"": -0.40949738534105273, ""label_1_q_high"": 0.0, ""label_1_q_low"": -0.12018155274216, ""low_quantile"": 0.25}",0.08205557840741369,0.06722808314169137,0.028418301918749545,0.26449345495898763,0.04482717946236299,0.059066488089731896,0.0022139417842193133,0.20538846814585401,0.010727636768370876,0.009477752665958851,0.0,0.030892351617508286,0.09034403306228436,0.11904172461557924,0.004461945456983676,0.4139368744437807,0.021292727731152976,0.018811897846362106,0.0,0.061316620442075184,0.07304165875742476,0.05320417102980229,0.028259189852389004,0.22479952746843296,0.03316000100250318,0.07654745019038271,-0.05513992577684158,0.22426352905453786,-0.0011770852652766505,0.007408200719771194,-0.011885938812453457,0.018607765014643503,0.9536702997510151,1.1102230246251565e-16,0.9536702997510152,0.9536702997510152,0.9432514783590301,0.010346059238203361,0.9112308648636297,0.9534501769890317,0.010418821391985078,0.010346059238203363,0.0002201227619835766,0.04243943488738555,0.010418821391985078,0.010346059238203363,0.0002201227619835766,0.04243943488738555
42,imports,mid_density,class_conditional,random,0.1,20,165316,129,"{""high_quantile"": 0.75, ""label_0_q_high"": 0.0, ""label_0_q_low"": -0.40949738534105273, ""label_1_q_high"": 0.0, ""label_1_q_low"": -0.12018155274216, ""low_quantile"": 0.25}",0.09415120133562391,0.04096437930454445,0.036197343269858934,0.20457789929589393,0.0369758523070967,0.03727734129801188,0.0035084323356480923,0.14844903094679282,0.02658060925742215,0.025598412457612404,0.0,0.09608265382661085,0.07452058468553038,0.07512820112916639,0.00707084252746047,0.29918197666621965,0.05275846750471251,0.05080895621081598,0.0,0.19070945743135348,0.08506821682740653,0.028862367217859876,0.04220411822025232,0.16873147352036716,0.003192131529978757,0.06728922893137544,-0.09548759293215602,0.16843876357197948,-0.004687750262915144,0.008971763758728659,-0.02205492318108337,0.011129766828164928,0.9536702997510151,1.1102230246251565e-16,0.9536702997510152,0.9536702997510152,0.9368710682787208,0.006569630290547506,0.9226646321707315,0.9470520226619511,0.016799231472294653,0.006569630290547505,0.006618277089064151,0.03100566758028378,0.016799231472294653,0.006569630290547505,0.006618277089064151,0.03100566758028378
77,header,high_density,class_conditional,important,0.01,1,120330,1,"{""high_quantile"": 0.75, ""label_0_q_high"": -8.799352033403985e-05, ""label_0_q_low"": -0.010661430858555402, ""label_1_q_high"": -8.881784197001252e-16, ""label_1_q_low"": -0.026019637641560144, ""low_quantile"": 0.25}",0.027067231779273664,0.0,0.027067231779273664,0.027067231779273664,0.01811684534197623,0.0,0.01811684534197623,0.01811684534197623,0.0,0.0,0.0,0.0,0.036333333333333336,0.0,0.036333333333333336,0.036333333333333336,0.0,0.0,0.0,0.0,0.119856033024095,0.0,0.119856033024095,0.119856033024095,0.119856033024095,0.0,0.119856033024095,0.119856033024095,-0.10321873808606048,0.0,-0.10321873808606048,-0.10321873808606048,0.9966289709376208,0.0,0.9966289709376208,0.9966289709376208,0.9962854848334163,0.0,0.9962854848334163,0.9962854848334163,0.00034348610420453785,0.0,0.00034348610420453785,0.00034348610420453785,0.00034348610420453785,0.0,0.00034348610420453785,0.00034348610420453785
77,header,high_density,class_conditional,important,0.05,1,120330,4,"{""high_quantile"": 0.75, ""label_0_q_high"": -8.799352033403985e-05, ""label_0_q_low"": -0.010661430858555402, ""label_1_q_high"": -8.881784197001252e-16, ""label_1_q_low"": -0.026019637641560144, ""low_quantile"": 0.25}",0.04496800465386853,0.0,0.04496800465386853,0.04496800465386853,0.03340812764896534,0.0,0.03340812764896534,0.03340812764896534,0.0,0.0,0.0,0.0,0.067,0.0,0.067,0.067,0.0,0.0,0.0,0.0,0.06346430667937596,0.0,0.06346430667937596,0.06346430667937596,0.06122011286991465,0.0,0.06122011286991465,0.06122011286991465,-0.011416354873749687,0.0,-0.011416354873749687,-0.011416354873749687,0.9966289709376208,0.0,0.9966289709376208,0.9966289709376208,0.9974859729819328,0.0,0.9974859729819328,0.9974859729819328,-0.0008570020443119386,0.0,-0.0008570020443119386,-0.0008570020443119386,-0.0008570020443119386,0.0,-0.0008570020443119386,-0.0008570020443119386
77,header,high_density,class_conditional,important,0.1,1,120330,8,"{""high_quantile"": 0.75, ""label_0_q_high"": -8.799352033403985e-05, ""label_0_q_low"": -0.010661430858555402, ""label_1_q_high"": -8.881784197001252e-16, ""label_1_q_low"": -0.026019637641560144, ""low_quantile"": 0.25}",0.5004238344552481,0.0,0.5004238344552481,0.5004238344552481,0.0,0.0,0.0,0.0,0.4886146430649048,0.0,0.4886146430649048,0.4886146430649048,0.0,0.0,0.0,0.0,0.9745566053373115,0.0,0.9745566053373115,0.9745566053373115,0.48324834569060987,0.0,0.48324834569060987,0.48324834569060987,-0.4832472894847732,0.0,-0.4832472894847732,-0.4832472894847732,0.07372961565984375,0.0,0.07372961565984375,0.07372961565984375,0.9966289709376208,0.0,0.9966289709376208,0.9966289709376208,0.992345517155644,0.0,0.992345517155644,0.992345517155644,0.004283453781976809,0.0,0.004283453781976809,0.004283453781976809,0.004283453781976809,0.0,0.004283453781976809,0.004283453781976809
77,header,high_density,class_conditional,random,0.01,20,120330,1,"{""high_quantile"": 0.75, ""label_0_q_high"": -8.799352033403985e-05, ""label_0_q_low"": -0.010661430858555402, ""label_1_q_high"": -8.881784197001252e-16, ""label_1_q_low"": -0.026019637641560144, ""low_quantile"": 0.25}",0.01389387517659769,0.02372999083631259,0.0,0.0877669741544087,0.009773954957201032,0.020434122625684475,0.0,0.07506025097648135,0.0007990526053353278,0.0020531279316441356,0.0,0.007529294440289205,0.019601666666666663,0.040980632925810216,0.0,0.15053333333333332,0.0015937344604674292,0.004095025427063465,0.0,0.015017404276479364,0.017392517956945595,0.03289807570231231,0.0,0.1372898988972489,0.012737196780409582,0.03496493792322347,-0.015585343890202254,0.1372898988972489,0.0007302194088236791,0.003980715303349541,-0.005549302225449952,0.010883217285203604,0.9966289709376209,1.1102230246251565e-16,0.9966289709376208,0.9966289709376208,0.9964844969059066,0.0007127571080108058,0.9949207050113266,0.9979580601138184,0.00014447403171443662,0.0007127571080108058,-0.001329089176197562,0.0017082659262942501,0.00014447403171443662,0.0007127571080108058,-0.001329089176197562,0.0017082659262942501
77,header,high_density,class_conditional,random,0.05,20,120330,4,"{""high_quantile"": 0.75, ""label_0_q_high"": -8.799352033403985e-05, ""label_0_q_low"": -0.010661430858555402, ""label_1_q_high"": -8.881784197001252e-16, ""label_1_q_low"": -0.026019637641560144, ""low_quantile"": 0.25}",0.17570015789911078,0.18103125616227816,0.004321449347627358,0.49333499542923626,0.046273996509598604,0.10440239339160641,0.0,0.4806282722513089,0.11846837862544671,0.1803725065536448,0.0,0.47470290035735063,0.09280250000000001,0.20937899994686668,0.0,0.9639,0.23628874523454332,0.3597583907442413,0.0,0.9468092159787833,0.17958852397472808,0.16137850190921915,0.013174802190561814,0.48666537011782274,-0.05522932660974482,0.2348343216953545,-0.4524426239601445,0.48666537011782274,0.0045856910194061445,0.03320866382066544,-0.04073974915795703,0.061897467928561996,0.9966289709376209,1.1102230246251565e-16,0.9966289709376208,0.9966289709376208,0.9950961208423117,0.0012217960619793108,0.9923678954638379,0.9972571751201723,0.0015328500953091019,0.0012217960619793108,-0.000628204182551495,0.00426107547378296,0.0015328500953091019,0.0012217960619793108,-0.000628204182551495,0.00426107547378296
77,header,high_density,class_conditional,random,0.1,20,120330,8,"{""high_quantile"": 0.75, ""label_0_q_high"": -8.799352033403985e-05, ""label_0_q_low"": -0.010661430858555402, ""label_1_q_high"": -8.881784197001252e-16, ""label_1_q_low"": -0.026019637641560144, ""low_quantile"": 0.25}",0.21737804371312225,0.1904246110733192,0.015582149090002493,0.5004238344552481,0.037356851990359846,0.10618929614171264,0.0,0.4852239674229203,0.1705522313637497,0.19199403114533217,0.0,0.4886146430649048,0.07491916666666668,0.21296263341220475,0.0,0.9731166666666666,0.3401715564395823,0.38293787117052575,0.0,0.9745566053373115,0.2224895307487796,0.15912094302673033,0.017473079363420664,0.47785566977068084,-0.12427430939928637,0.24331891041914866,-0.47785566977068084,0.39857554055990646,-0.016938511987545025,0.048184650593529034,-0.08443382159034435,0.06833799594575155,0.9966289709376209,1.1102230246251565e-16,0.9966289709376208,0.9966289709376208,0.9908764508743575,0.006714339544244438,0.965952889386154,0.9961297327200398,0.005752520063263144,0.006714339544244438,0.0004992382175810217,0.03067608155146684,0.005752520063263144,0.006714339544244438,0.0004992382175810217,0.03067608155146684
77,header,low_density,class_conditional,important,0.01,1,120000,1,"{""high_quantile"": 0.75, ""label_0_q_high"": -8.799352033403985e-05, ""label_0_q_low"": -0.010661430858555402, ""label_1_q_high"": -8.881784197001252e-16, ""label_1_q_low"": -0.026019637641560144, ""low_quantile"": 0.25}",0.24214166666666667,0.0,0.24214166666666667,0.24214166666666667,0.21333333333333335,0.0,0.21333333333333335,0.21333333333333335,0.0,0.0,0.0,0.0,0.4266666666666667,0.0,0.4266666666666667,0.4266666666666667,0.0,0.0,0.0,0.0,0.18031475073694636,0.0,0.18031475073694636,0.18031475073694636,0.18031475073694636,0.0,0.18031475073694636,0.18031475073694636,-0.04960374176858299,0.0,-0.04960374176858299,-0.04960374176858299,0.8964018468055555,0.0,0.8964018468055555,0.8964018468055555,0.7793955445833334,0.0,0.7793955445833334,0.7793955445833334,0.11700630222222208,0.0,0.11700630222222208,0.11700630222222208,0.11700630222222208,0.0,0.11700630222222208,0.11700630222222208
77,header,low_density,class_conditional,important,0.05,1,120000,4,"{""high_quantile"": 0.75, ""label_0_q_high"": -8.799352033403985e-05, ""label_0_q_low"": -0.010661430858555402, ""label_1_q_high"": -8.881784197001252e-16, ""label_1_q_low"": -0.026019637641560144, ""low_quantile"": 0.25}",0.345825,0.0,0.345825,0.345825,0.2713083333333333,0.0,0.2713083333333333,0.2713083333333333,0.011441666666666666,0.0,0.011441666666666666,0.011441666666666666,0.5426166666666666,0.0,0.5426166666666666,0.5426166666666666,0.022883333333333332,0.0,0.022883333333333332,0.022883333333333332,0.27014143547593633,0.0,0.27014143547593633,0.27014143547593633,0.24952143191207596,0.0,0.24952143191207596,0.24952143191207596,-0.009973484611208368,0.0,-0.009973484611208368,-0.009973484611208368,0.8964018468055555,0.0,0.8964018468055555,0.8964018468055555,0.7559587497222222,0.0,0.7559587497222222,0.7559587497222222,0.14044309708333325,0.0,0.14044309708333325,0.14044309708333325,0.14044309708333325,0.0,0.14044309708333325,0.14044309708333325
77,header,low_density,class_conditional,important,0.1,1,120000,8,"{""high_quantile"": 0.75, ""label_0_q_high"": -8.799352033403985e-05, ""label_0_q_low"": -0.010661430858555402, ""label_1_q_high"": -8.881784197001252e-16, ""label_1_q_low"": -0.026019637641560144, ""low_quantile"": 0.25}",0.5102833333333333,0.0,0.5102833333333333,0.5102833333333333,0.0,0.0,0.0,0.0,0.4148833333333333,0.0,0.4148833333333333,0.4148833333333333,0.0,0.0,0.0,0.0,0.8297666666666667,0.0,0.8297666666666667,0.8297666666666667,0.49238851950447116,0.0,0.49238851950447116,0.49238851950447116,-0.49208751824105745,0.0,-0.49208751824105745,-0.49208751824105745,0.15329130608477876,0.0,0.15329130608477876,0.15329130608477876,0.8964018468055555,0.0,0.8964018468055555,0.8964018468055555,0.7145752205555556,0.0,0.7145752205555556,0.7145752205555556,0.1818266262499999,0.0,0.1818266262499999,0.1818266262499999,0.1818266262499999,0.0,0.1818266262499999,0.1818266262499999
77,header,low_density,class_conditional,random,0.01,20,120000,1,"{""high_quantile"": 0.75, ""label_0_q_high"": -8.799352033403985e-05, ""label_0_q_low"": -0.010661430858555402, ""label_1_q_high"": -8.881784197001252e-16, ""label_1_q_low"": -0.026019637641560144, ""low_quantile"": 0.25}",0.035185,0.06470349502195037,0.0,0.26463333333333333,0.020180833333333335,0.047727159975275664,0.0,0.19438333333333332,0.0032870833333333337,0.007265608425907023,0.0,0.021858333333333334,0.04036166666666667,0.09545431995055133,0.0,0.38876666666666665,0.006574166666666667,0.014531216851814046,0.0,0.04371666666666667,0.03308110087371915,0.06556601326988908,0.0,0.2625373814438558,0.02527130907835882,0.06895376906732881,-0.02797014860551877,0.2625373814438558,0.001672793063785991,0.007442481453101115,-0.009944573005153275,0.02736229953840642,0.8964018468055557,2.220446049250313e-16,0.8964018468055555,0.8964018468055555,0.8958077142777778,0.0017304118731843593,0.8888249843055556,0.8975084909722222,0.0005941325277776966,0.0017304118731843593,-0.001106644166666726,0.007576862499999892,0.0005941325277776966,0.0017304118731843593,-0.001106644166666726,0.007576862499999892
77,header,low_density,class_conditional,random,0.05,20,120000,4,"{""high_quantile"": 0.75, ""label_0_q_high"": -8.799352033403985e-05, ""label_0_q_low"": -0.010661430858555402, ""label_1_q_high"": -8.881784197001252e-16, ""label_1_q_low"": -0.026019637641560144, ""low_quantile"": 0.25}",0.2558041666666666,0.15699173280825615,0.030816666666666666,0.4766,0.08012666666666667,0.1213343188661898,0.0,0.3872,0.11185,0.1431653399240038,0.0,0.38190833333333335,0.16025333333333333,0.2426686377323796,0.0,0.7744,0.2237,0.2863306798480076,0.0,0.7638166666666667,0.2375041501008835,0.15310420537358926,0.02720460421555511,0.4786876766901261,-0.027707029090656844,0.2806837849730753,-0.4515988987581266,0.4786854137477262,0.04960350124503451,0.05224270723583167,-0.0036283644202050064,0.14161452233562788,0.8964018468055557,2.220446049250313e-16,0.8964018468055555,0.8964018468055555,0.8875967554513888,0.01822443915086901,0.8290645777777778,0.902803342361111,0.008805091354166567,0.018224439150869007,-0.006401495555555581,0.0673372690277777,0.008805091354166567,0.018224439150869007,-0.006401495555555581,0.0673372690277777
77,header,low_density,class_conditional,random,0.1,20,120000,8,"{""high_quantile"": 0.75, ""label_0_q_high"": -8.799352033403985e-05, ""label_0_q_low"": -0.010661430858555402, ""label_1_q_high"": -8.881784197001252e-16, ""label_1_q_low"": -0.026019637641560144, ""low_quantile"": 0.25}",0.28873875,0.1557614571154978,0.02305,0.499925,0.05311083333333333,0.11117665154121466,0.0,0.40171666666666667,0.16620374999999996,0.14984071485977202,0.0,0.404975,0.10622166666666666,0.22235330308242932,0.0,0.8034333333333333,0.3324074999999999,0.29968142971954403,0.0,0.80995,0.2622230827546752,0.15128372091757208,0.02244941641512393,0.4928993013987642,-0.1273082626677536,0.27344840938364723,-0.4765473456140778,0.49288507765721296,0.052523014777077895,0.05637061189860388,-0.0236791673064211,0.14649955268510728,0.8964018468055557,2.220446049250313e-16,0.8964018468055555,0.8964018468055555,0.8745395920069445,0.031216510009750814,0.761144654861111,0.9034994068055556,0.021862254798610998,0.031216510009750814,-0.007097560000000169,0.1352571919444444,0.021862254798610998,0.031216510009750814,-0.007097560000000169,0.1352571919444444
77,header,mid_density,class_conditional,important,0.01,1,239670,1,"{""high_quantile"": 0.75, ""label_0_q_high"": -8.799352033403985e-05, ""label_0_q_low"": -0.010661430858555402, ""label_1_q_high"": -8.881784197001252e-16, ""label_1_q_low"": -0.026019637641560144, ""low_quantile"": 0.25}",0.24405223849459673,0.0,0.24405223849459673,0.24405223849459673,0.21563816914924688,0.0,0.21563816914924688,0.21563816914924688,0.0,0.0,0.0,0.0,0.4306833333333333,0.0,0.4306833333333333,0.4306833333333333,0.0,0.0,0.0,0.0,0.19443181597085232,0.0,0.19443181597085232,0.19443181597085232,0.19443181597085232,0.0,0.19443181597085232,0.19443181597085232,-0.0855491178129742,0.0,-0.0855491178129742,-0.0855491178129742,0.9417118038842929,0.0,0.9417118038842929,0.9417118038842929,0.7967722113938331,0.0,0.7967722113938331,0.7967722113938331,0.14493959249045973,0.0,0.14493959249045973,0.14493959249045973,0.14493959249045973,0.0,0.14493959249045973,0.14493959249045973
77,header,mid_density,class_conditional,important,0.05,1,239670,4,"{""high_quantile"": 0.75, ""label_0_q_high"": -8.799352033403985e-05, ""label_0_q_low"": -0.010661430858555402, ""label_1_q_high"": -8.881784197001252e-16, ""label_1_q_low"": -0.026019637641560144, ""low_quantile"": 0.25}",0.36276546918679853,0.0,0.36276546918679853,0.36276546918679853,0.282701214169483,0.0,0.282701214169483,0.282701214169483,0.0008094463220261192,0.0,0.0008094463220261192,0.0008094463220261192,0.564625,0.0,0.564625,0.564625,0.0016211247597559956,0.0,0.0016211247597559956,0.0016211247597559956,0.27473211052768565,0.0,0.27473211052768565,0.27473211052768565,0.26751656660828144,0.0,0.26751656660828144,0.26751656660828144,-0.01702663795059358,0.0,-0.01702663795059358,-0.01702663795059358,0.9417118038842929,0.0,0.9417118038842929,0.9417118038842929,0.7869788590847052,0.0,0.7869788590847052,0.7869788590847052,0.15473294479958766,0.0,0.15473294479958766,0.15473294479958766,0.15473294479958766,0.0,0.15473294479958766,0.15473294479958766
77,header,mid_density,class_conditional,important,0.1,1,239670,8,"{""high_quantile"": 0.75, ""label_0_q_high"": -8.799352033403985e-05, ""label_0_q_low"": -0.010661430858555402, ""label_1_q_high"": -8.881784197001252e-16, ""label_1_q_low"": -0.026019637641560144, ""low_quantile"": 0.25}",0.4326574039304043,0.0,0.4326574039304043,0.4326574039304043,0.0,0.0,0.0,0.0,0.3876830642132933,0.0,0.3876830642132933,0.3876830642132933,0.0,0.0,0.0,0.0,0.7764351967911758,0.0,0.7764351967911758,0.7764351967911758,0.4365789792151362,0.0,0.4365789792151362,0.4365789792151362,-0.43657146307422257,0.0,-0.43657146307422257,-0.43657146307422257,0.14229588549752462,0.0,0.14229588549752462,0.14229588549752462,0.9417118038842929,0.0,0.9417118038842929,0.9417118038842929,0.763077110665441,0.0,0.763077110665441,0.763077110665441,0.17863469321885184,0.0,0.17863469321885184,0.17863469321885184,0.17863469321885184,0.0,0.17863469321885184,0.17863469321885184
77,header,mid_density,class_conditional,random,0.01,20,239670,1,"{""high_quantile"": 0.75, ""label_0_q_high"": -8.799352033403985e-05, ""label_0_q_low"": -0.010661430858555402, ""label_1_q_high"": -8.881784197001252e-16, ""label_1_q_low"": -0.026019637641560144, ""low_quantile"": 0.25}",0.03417887094755288,0.06705164131850629,0.0,0.2758334376434264,0.01571723619977469,0.040353826196175606,0.0,0.1702298994450703,0.0024880043392998706,0.0057773852380214,0.0,0.01761171610965077,0.03139125000000001,0.08059667937031174,0.0,0.3399916666666667,0.004982869557951033,0.011570702097406108,0.0,0.035271997994484834,0.03327437864037878,0.06579462889432415,0.0,0.26797855250559005,0.026189630972804634,0.06892184482987555,-0.026933031954367203,0.26797855250559005,-0.0009666691795390409,0.0036183582502883685,-0.008339379378031012,0.005901945632652169,0.9417118038842928,1.1102230246251565e-16,0.9417118038842929,0.9417118038842929,0.9413876122809951,0.0013364441030956585,0.9373444079203921,0.9430232626876688,0.00032419160329795195,0.0013364441030956585,-0.001311458803375909,0.004367395963900789,0.00032419160329795195,0.0013364441030956585,-0.001311458803375909,0.004367395963900789
77,header,mid_density,class_conditional,random,0.05,20,239670,4,"{""high_quantile"": 0.75, ""label_0_q_high"": -8.799352033403985e-05, ""label_0_q_low"": -0.010661430858555402, ""label_1_q_high"": -8.881784197001252e-16, ""label_1_q_low"": -0.026019637641560144, ""low_quantile"": 0.25}",0.24633788125339007,0.15306885135685527,0.024583802728752033,0.5439854800350482,0.07661159093753911,0.1265969800643376,0.0,0.4323945424959319,0.11110735594776151,0.14132509998506004,0.0,0.37718529644928445,0.15301249999999997,0.25284581843349824,0.0,0.8636,0.2225210996908164,0.2830399157133729,0.0,0.7554107127935155,0.22899276774951685,0.1519884140025712,0.024746596597471162,0.5323114296571304,-0.012197120792977887,0.27431401023861257,-0.4125293821291137,0.5323114296571304,0.04265047941097918,0.05137008623217022,-0.008385202677033568,0.12995102444886733,0.9417118038842928,1.1102230246251565e-16,0.9417118038842929,0.9417118038842929,0.9356306010730897,0.010682218035860192,0.9013947244853904,0.9438437665733546,0.006081202811202996,0.010682218035860192,-0.002131962689061684,0.0403170793989025,0.006081202811202996,0.010682218035860192,-0.002131962689061684,0.0403170793989025
77,header,mid_density,class_conditional,random,0.1,20,239670,8,"{""high_quantile"": 0.75, ""label_0_q_high"": -8.799352033403985e-05, ""label_0_q_low"": -0.010661430858555402, ""label_1_q_high"": -8.881784197001252e-16, ""label_1_q_low"": -0.026019637641560144, ""low_quantile"": 0.25}",0.257079108774565,0.1527048020142934,0.029945341511244627,0.5671005966537322,0.05215024825802145,0.11926720956343023,0.0,0.45550965911461594,0.15561271748654398,0.14476233915487174,0.0,0.38685692827638,0.10415708333333333,0.23820643430056104,0.0,0.9097666666666666,0.3116545500125345,0.28992387252651547,0.0,0.7747806467786412,0.24629482794470975,0.14796390654590247,0.01918897118801358,0.5385520411568456,-0.10410085248951476,0.26713870526728656,-0.43287664446236224,0.5385518697480223,0.04569674734829706,0.057726729017969214,-0.03943905123654615,0.13887631844477658,0.9417118038842928,1.1102230246251565e-16,0.9417118038842929,0.9417118038842929,0.9235791045339962,0.03713619369096786,0.7691404952856467,0.9448003930600817,0.01813269935029661,0.037136193690967864,-0.003088589175788803,0.17257130859864622,0.01813269935029661,0.037136193690967864,-0.003088589175788803,0.17257130859864622
77,imports,high_density,class_conditional,important,0.01,1,168174,13,"{""high_quantile"": 0.75, ""label_0_q_high"": 0.0, ""label_0_q_low"": -0.41060935383519465, ""label_1_q_high"": 0.0, ""label_1_q_low"": -0.12082866457006296, ""low_quantile"": 0.25}",0.0549609333190624,0.0,0.0549609333190624,0.0549609333190624,0.0,0.0,0.0,0.0,0.05224945592065361,0.0,0.05224945592065361,0.05224945592065361,0.0,0.0,0.0,0.0,0.11681112410932681,0.0,0.11681112410932681,0.11681112410932681,0.03324081898363089,0.0,0.03324081898363089,0.03324081898363089,-0.031822857783262964,0.0,-0.031822857783262964,-0.031822857783262964,-0.0056357710728480925,0.0,-0.0056357710728480925,-0.0056357710728480925,0.8241766878275888,0.0,0.8241766878275888,0.8241766878275888,0.7816765287902978,0.0,0.7816765287902978,0.7816765287902978,0.042500159037290985,0.0,0.042500159037290985,0.042500159037290985,0.042500159037290985,0.0,0.042500159037290985,0.042500159037290985
77,imports,high_density,class_conditional,important,0.05,1,168174,65,"{""high_quantile"": 0.75, ""label_0_q_high"": 0.0, ""label_0_q_low"": -0.41060935383519465, ""label_1_q_high"": 0.0, ""label_1_q_low"": -0.12082866457006296, ""low_quantile"": 0.25}",0.08642239585191527,0.0,0.08642239585191527,0.08642239585191527,0.0,0.0,0.0,0.0,0.08359199400620786,0.0,0.08359199400620786,0.08359199400620786,0.0,0.0,0.0,0.0,0.18688184621929171,0.0,0.18688184621929171,0.18688184621929171,0.06098968608801372,0.0,0.06098968608801372,0.06098968608801372,-0.05857180629418207,0.0,-0.05857180629418207,-0.05857180629418207,-0.028997616014123654,0.0,-0.028997616014123654,-0.028997616014123654,0.8241766878275888,0.0,0.8241766878275888,0.8241766878275888,0.8002746785687582,0.0,0.8002746785687582,0.8002746785687582,0.02390200925883057,0.0,0.02390200925883057,0.02390200925883057,0.02390200925883057,0.0,0.02390200925883057,0.02390200925883057
77,imports,high_density,class_conditional,important,0.1,1,168174,129,"{""high_quantile"": 0.75, ""label_0_q_high"": 0.0, ""label_0_q_low"": -0.41060935383519465, ""label_1_q_high"": 0.0, ""label_1_q_low"": -0.12082866457006296, ""low_quantile"": 0.25}",0.11835955617396268,0.0,0.11835955617396268,0.11835955617396268,0.000606514681223019,0.0,0.000606514681223019,0.000606514681223019,0.11359663205965251,0.0,0.11359663205965251,0.11359663205965251,0.0010973641742872513,0.0,0.0010973641742872513,0.0010973641742872513,0.2539615016484101,0.0,0.2539615016484101,0.2539615016484101,0.08535681792859824,0.0,0.08535681792859824,0.08535681792859824,-0.0794008981669513,0.0,-0.0794008981669513,-0.0794008981669513,-0.04106469103492726,0.0,-0.04106469103492726,-0.04106469103492726,0.8241766878275888,0.0,0.8241766878275888,0.8241766878275888,0.7036697347229377,0.0,0.7036697347229377,0.7036697347229377,0.1205069531046511,0.0,0.1205069531046511,0.1205069531046511,0.1205069531046511,0.0,0.1205069531046511,0.1205069531046511
77,imports,high_density,class_conditional,random,0.01,20,168174,13,"{""high_quantile"": 0.75, ""label_0_q_high"": 0.0, ""label_0_q_low"": -0.41060935383519465, ""label_1_q_high"": 0.0, ""label_1_q_low"": -0.12082866457006296, ""low_quantile"": 0.25}",0.007483023535148119,0.015801901111372873,0.0,0.07105735726093212,0.0029769762270029847,0.009997363215699427,0.0,0.04581564332179766,0.0015037996360911911,0.0036115760367866146,0.0,0.015525586594836301,0.005386229155459925,0.018088182479150464,0.0,0.0828940290478752,0.003361958949271509,0.008074194251974797,0.0,0.03470966712751249,0.006852424987342722,0.01011119534859758,0.00017408267952360591,0.045350127375391125,0.0011989868948508833,0.011940480022278845,-0.020684481179321375,0.045350127375391125,-0.00020358864952642173,0.00291393986160161,-0.00532558557485486,0.008611234327023827,0.8241766878275888,0.0,0.8241766878275888,0.8241766878275888,0.8210734989268129,0.006037921939672688,0.8026358876400393,0.8254159770521774,0.0031031889007759163,0.006037921939672688,-0.0012392892245886022,0.021540800187549447,0.0031031889007759163,0.006037921939672688,-0.0012392892245886022,0.021540800187549447
77,imports,high_density,class_conditional,random,0.05,20,168174,65,"{""high_quantile"": 0.75, ""label_0_q_high"": 0.0, ""label_0_q_low"": -0.41060935383519465, ""label_1_q_high"": 0.0, ""label_1_q_low"": -0.12082866457006296, ""low_quantile"": 0.25}",0.015181597631025012,0.019750489185006423,0.0018433289331287832,0.06989784389977048,0.00704597619132565,0.013159712658670298,0.0,0.0462556637768026,0.001964037247136894,0.0036678226137897554,0.0,0.016584014175794116,0.012748251748251749,0.023809806526726398,0.0,0.0836901559978483,0.004390885887482718,0.008199941511372414,0.0,0.037075933212804425,0.015595720989474468,0.009978122410860631,0.005976574400593962,0.042697009421213815,0.004138428873434793,0.015560223062808819,-0.024421241234842007,0.04197072717033029,0.00033511524076394495,0.004163369779088081,-0.006552998869309446,0.007838176986953166,0.8241766878275888,0.0,0.8241766878275888,0.8241766878275888,0.817655610395135,0.010857970882063472,0.7830770442141404,0.8306947595553522,0.006521077432453798,0.010857970882063474,-0.006518071727763419,0.04109964361344842,0.006521077432453798,0.010857970882063474,-0.006518071727763419,0.04109964361344842
77,imports,high_density,class_conditional,random,0.1,20,168174,129,"{""high_quantile"": 0.75, ""label_0_q_high"": 0.0, ""label_0_q_low"": -0.41060935383519465, ""label_1_q_high"": 0.0, ""label_1_q_low"": -0.12082866457006296, ""low_quantile"": 0.25}",0.02502764993399693,0.019011646994195823,0.003555840974229072,0.07091464792417378,0.008774543032811255,0.010295364902114953,0.0,0.03577841996979319,0.008391606312509663,0.016059951616490292,0.0,0.06748367761960826,0.015875739644970414,0.01862735553575342,0.0,0.06473372781065088,0.01876063490375412,0.035904316483457925,0.0,0.1508694033818994,0.0229360993887587,0.01191731406837245,0.008969117375434035,0.05690021405717736,0.0010912610732527594,0.022053921536262427,-0.056852644850493135,0.040734342324432654,-0.0024859966152402644,0.004968284073291987,-0.010221118624533548,0.0055615468736454655,0.8241766878275888,0.0,0.8241766878275888,0.8241766878275888,0.812454335674061,0.016450861593321323,0.7628855717536499,0.8316269060090179,0.011722352153527838,0.016450861593321323,-0.007450218181429102,0.06129111607393889,0.011722352153527838,0.016450861593321323,-0.007450218181429102,0.06129111607393889
77,imports,low_density,class_conditional,important,0.01,1,120152,13,"{""high_quantile"": 0.75, ""label_0_q_high"": 0.0, ""label_0_q_low"": -0.41060935383519465, ""label_1_q_high"": 0.0, ""label_1_q_low"": -0.12082866457006296, ""low_quantile"": 0.25}",0.117950595911845,0.0,0.117950595911845,0.117950595911845,0.01238431320327585,0.0,0.01238431320327585,0.01238431320327585,0.07553765230707771,0.0,0.07553765230707771,0.07553765230707771,0.02479958667355544,0.0,0.02479958667355544,0.02479958667355544,0.15088693454805407,0.0,0.15088693454805407,0.15088693454805407,0.09998756704366307,0.0,0.09998756704366307,0.09998756704366307,-0.053859611203339604,0.0,-0.053859611203339604,-0.053859611203339604,-0.0102826581369446,0.0,-0.0102826581369446,-0.0102826581369446,0.8952311500643082,0.0,0.8952311500643082,0.8952311500643082,0.8704196464973826,0.0,0.8704196464973826,0.8704196464973826,0.02481150356692563,0.0,0.02481150356692563,0.02481150356692563,0.02481150356692563,0.0,0.02481150356692563,0.02481150356692563
77,imports,low_density,class_conditional,important,0.05,1,120152,65,"{""high_quantile"": 0.75, ""label_0_q_high"": 0.0, ""label_0_q_low"": -0.41060935383519465, ""label_1_q_high"": 0.0, ""label_1_q_low"": -0.12082866457006296, ""low_quantile"": 0.25}",0.20335907850056595,0.0,0.20335907850056595,0.20335907850056595,0.025817298089087157,0.0,0.025817298089087157,0.025817298089087157,0.13802516812038085,0.0,0.13802516812038085,0.13802516812038085,0.051699138347694205,0.0,0.051699138347694205,0.051699138347694205,0.2757061395488022,0.0,0.2757061395488022,0.2757061395488022,0.17622352986292755,0.0,0.17622352986292755,0.17622352986292755,-0.09419840727578084,0.0,-0.09419840727578084,-0.09419840727578084,-0.03557395505062411,0.0,-0.03557395505062411,-0.03557395505062411,0.8952311500643082,0.0,0.8952311500643082,0.8952311500643082,0.8219289737910418,0.0,0.8219289737910418,0.8219289737910418,0.0733021762732664,0.0,0.0733021762732664,0.0733021762732664,0.0733021762732664,0.0,0.0733021762732664,0.0733021762732664
77,imports,low_density,class_conditional,important,0.1,1,120152,129,"{""high_quantile"": 0.75, ""label_0_q_high"": 0.0, ""label_0_q_low"": -0.41060935383519465, ""label_1_q_high"": 0.0, ""label_1_q_low"": -0.12082866457006296, ""low_quantile"": 0.25}",0.27796457820094544,0.0,0.27796457820094544,0.27796457820094544,0.06408549171050003,0.0,0.06408549171050003,0.06408549171050003,0.15869898129036553,0.0,0.15869898129036553,0.15869898129036553,0.128331194480092,0.0,0.128331194480092,0.128331194480092,0.31700221110205984,0.0,0.31700221110205984,0.31700221110205984,0.23697903271601073,0.0,0.23697903271601073,0.23697903271601073,-0.05108637581124027,0.0,-0.05108637581124027,-0.05108637581124027,-0.05665863250416451,0.0,-0.05665863250416451,-0.05665863250416451,0.8952311500643082,0.0,0.8952311500643082,0.8952311500643082,0.7479058281703628,0.0,0.7479058281703628,0.7479058281703628,0.14732532189394543,0.0,0.14732532189394543,0.14732532189394543,0.14732532189394543,0.0,0.14732532189394543,0.14732532189394543
77,imports,low_density,class_conditional,random,0.01,20,120152,13,"{""high_quantile"": 0.75, ""label_0_q_high"": 0.0, ""label_0_q_low"": -0.41060935383519465, ""label_1_q_high"": 0.0, ""label_1_q_low"": -0.12082866457006296, ""low_quantile"": 0.25}",0.03366194486983155,0.032978030228162446,0.00653339103801851,0.15143318463279845,0.007627421932219188,0.015023519922482458,0.0004244623476929223,0.07124309208336108,0.011388907383980292,0.016061085767662783,4.9936746787402626e-05,0.06921233104734004,0.015273912101464972,0.03008459801880155,0.0008499858335694405,0.14266428892851785,0.02274941397483001,0.0320821196182311,9.974896510448704e-05,0.13825206563481904,0.028947382493756852,0.03043831669383937,0.00656908119535493,0.14254888798249524,0.003291711690767596,0.03918010809293653,-0.07922353992299638,0.14219130429978327,0.0007960192313276156,0.0035233624241086687,-0.0015031168716273869,0.012963225379934508,0.8952311500643082,0.0,0.8952311500643082,0.8952311500643082,0.8933672951236142,0.0023939830087654893,0.8863850518009534,0.8967605194865124,0.0018638549406940152,0.0023939830087654898,-0.0015293694222041632,0.008846098263354807,0.0018638549406940152,0.0023939830087654898,-0.0015293694222041632,0.008846098263354807
77,imports,low_density,class_conditional,random,0.05,20,120152,65,"{""high_quantile"": 0.75, ""label_0_q_high"": 0.0, ""label_0_q_low"": -0.41060935383519465, ""label_1_q_high"": 0.0, ""label_1_q_low"": -0.12082866457006296, ""low_quantile"": 0.25}",0.07167379652440244,0.02755372183721679,0.04408582462214528,0.1431603302483521,0.02159140089220321,0.018094574987339004,0.0017977228843464943,0.07231673213929023,0.017398794859844198,0.01724245646861603,0.0017477861375590918,0.07517977228843464,0.04323677938701021,0.0362343856582183,0.0035999400009999833,0.14481425309578175,0.03475420192515503,0.03444191500751698,0.0034912137786570463,0.15017206696480523,0.06401247409409276,0.025471375281882074,0.03863859854480988,0.1346223774354282,0.021598388477768248,0.04957274054639026,-0.08300825931530414,0.13174053159063048,-0.0010967686934585754,0.00398355994246399,-0.007025096781352633,0.008729548607474776,0.8952311500643082,0.0,0.8952311500643082,0.8952311500643082,0.8866802803415453,0.005706794444012745,0.8751037289863837,0.8952628093040176,0.008550869722763005,0.005706794444012745,-3.165923970938067e-05,0.020127421077924534,0.008550869722763005,0.005706794444012745,-3.165923970938067e-05,0.020127421077924534
77,imports,low_density,class_conditional,random,0.1,20,120152,129,"{""high_quantile"": 0.75, ""label_0_q_high"": 0.0, ""label_0_q_low"": -0.41060935383519465, ""label_1_q_high"": 0.0, ""label_1_q_low"": -0.12082866457006296, ""low_quantile"": 0.25}",0.09540165789999336,0.023429580225166596,0.0609228310806312,0.14658099740328917,0.02668078766895266,0.015549833053808868,0.004019908116385911,0.06779745655503029,0.029008256208802187,0.029447544918569334,0.00033291164524935083,0.10547473200612557,0.05342827619539674,0.03113854004235335,0.008049865835569407,0.13576440392660122,0.05794417382919652,0.05882165578387629,0.0006649931006965803,0.21068643912819404,0.08585328037432964,0.021409868510204853,0.05630442663321922,0.13169858117678565,0.018430540854088157,0.05827965408228061,-0.11519066260955849,0.12949531501224218,-0.004466600612052628,0.0050610625980266385,-0.013737107615182246,0.0053721594201097235,0.8952311500643082,0.0,0.8952311500643082,0.8952311500643082,0.8793674410633386,0.008038617540264052,0.8605845238040677,0.8913512191076955,0.015863709000969665,0.008038617540264052,0.003879930956612654,0.03464662626024051,0.015863709000969665,0.008038617540264052,0.003879930956612654,0.03464662626024051
77,imports,mid_density,class_conditional,important,0.01,1,191674,13,"{""high_quantile"": 0.75, ""label_0_q_high"": 0.0, ""label_0_q_low"": -0.41060935383519465, ""label_1_q_high"": 0.0, ""label_1_q_low"": -0.12082866457006296, ""low_quantile"": 0.25}",0.10025877270782683,0.0,0.10025877270782683,0.10025877270782683,0.015526362469609858,0.0,0.015526362469609858,0.015526362469609858,0.05547439924037689,0.0,0.05547439924037689,0.05547439924037689,0.03418764144332503,0.0,0.03418764144332503,0.03418764144332503,0.10162962962962963,0.0,0.10162962962962963,0.10162962962962963,0.09058789564203312,0.0,0.09058789564203312,0.09058789564203312,-0.0508219218882696,0.0,-0.0508219218882696,-0.0508219218882696,-0.011913664804704363,0.0,-0.011913664804704363,-0.011913664804704363,0.960511815225726,0.0,0.960511815225726,0.960511815225726,0.9412000808179927,0.0,0.9412000808179927,0.9412000808179927,0.019311734407733372,0.0,0.019311734407733372,0.019311734407733372,0.019311734407733372,0.0,0.019311734407733372,0.019311734407733372
77,imports,mid_density,class_conditional,important,0.05,1,191674,65,"{""high_quantile"": 0.75, ""label_0_q_high"": 0.0, ""label_0_q_low"": -0.41060935383519465, ""label_1_q_high"": 0.0, ""label_1_q_low"": -0.12082866457006296, ""low_quantile"": 0.25}",0.19112138318186087,0.0,0.19112138318186087,0.19112138318186087,0.027124179596606738,0.0,0.027124179596606738,0.027124179596606738,0.1258125776057264,0.0,0.1258125776057264,0.1258125776057264,0.05972498248113132,0.0,0.05972498248113132,0.05972498248113132,0.23048984468339306,0.0,0.23048984468339306,0.23048984468339306,0.15905135083154373,0.0,0.15905135083154373,0.15905135083154373,-0.08948497471371113,0.0,-0.08948497471371113,-0.08948497471371113,-0.04506643800416428,0.0,-0.04506643800416428,-0.04506643800416428,0.960511815225726,0.0,0.960511815225726,0.960511815225726,0.896515694884655,0.0,0.896515694884655,0.896515694884655,0.06399612034107105,0.0,0.06399612034107105,0.06399612034107105,0.06399612034107105,0.0,0.06399612034107105,0.06399612034107105
77,imports,mid_density,class_conditional,important,0.1,1,191674,129,"{""high_quantile"": 0.75, ""label_0_q_high"": 0.0, ""label_0_q_low"": -0.41060935383519465, ""label_1_q_high"": 0.0, ""label_1_q_low"": -0.12082866457006296, ""low_quantile"": 0.25}",0.2845143316255726,0.0,0.2845143316255726,0.2845143316255726,0.07666663188538873,0.0,0.07666663188538873,0.07666663188538873,0.15431931300019824,0.0,0.15431931300019824,0.15431931300019824,0.16881296740916035,0.0,0.16881296740916035,0.16881296740916035,0.28271445639187576,0.0,0.28271445639187576,0.28271445639187576,0.2581031676737938,0.0,0.2581031676737938,0.2581031676737938,-0.09206961648825214,0.0,-0.09206961648825214,-0.09206961648825214,-0.11167421949853554,0.0,-0.11167421949853554,-0.11167421949853554,0.960511815225726,0.0,0.960511815225726,0.960511815225726,0.7872941949653509,0.0,0.7872941949653509,0.7872941949653509,0.17321762026037513,0.0,0.17321762026037513,0.17321762026037513,0.17321762026037513,0.0,0.17321762026037513,0.17321762026037513
77,imports,mid_density,class_conditional,random,0.01,20,191674,13,"{""high_quantile"": 0.75, ""label_0_q_high"": 0.0, ""label_0_q_low"": -0.41060935383519465, ""label_1_q_high"": 0.0, ""label_1_q_low"": -0.12082866457006296, ""low_quantile"": 0.25}",0.02455132151465509,0.035834357566498394,0.002535555161367739,0.1660788630695869,0.009810407253983326,0.02372983779425621,0.00012521260056136982,0.11054185752892932,0.005140238112628734,0.008569879172486307,1.0434383380114153e-05,0.037803770986153576,0.021601626670036417,0.05225094980271186,0.0002757067858332663,0.24340314075980196,0.009416965352449224,0.01570010055442906,1.911589008363202e-05,0.0692568697729988,0.023824963091768677,0.028714525942920805,0.003774176070048027,0.13541317103075226,0.003637813210949197,0.035511072921258824,-0.06439862541742906,0.1348643769378271,0.0003963425410019665,0.004662092376984858,-0.005471723179818706,0.015786578815153687,0.960511815225726,0.0,0.960511815225726,0.960511815225726,0.959042166374579,0.0016080682236492474,0.9547862792722805,0.9614590091275443,0.0014696488511469151,0.0016080682236492472,-0.0009471939018182995,0.005725535953445493,0.0014696488511469151,0.0016080682236492472,-0.0009471939018182995,0.005725535953445493
77,imports,mid_density,class_conditional,random,0.05,20,191674,65,"{""high_quantile"": 0.75, ""label_0_q_high"": 0.0, ""label_0_q_low"": -0.41060935383519465, ""label_1_q_high"": 0.0, ""label_1_q_low"": -0.12082866457006296, ""low_quantile"": 0.25}",0.06410937320659037,0.03548652161211969,0.020263572524181685,0.15441322245061928,0.02980372924862005,0.029864406212004084,0.0006938864947775911,0.10668635286997714,0.012091885180045284,0.012613926759047404,5.217191690057076e-06,0.04588520091405198,0.06562510769796322,0.06575871286608313,0.0015278751048260176,0.23491366931268595,0.022152449223416967,0.02310883438579357,9.55794504181601e-06,0.08406212664277181,0.05599651557224129,0.026109666904435676,0.026589841257737765,0.12071256446194839,0.01982612452115638,0.04681857171460135,-0.07697375932410924,0.11908130351990857,-0.0050443289176635405,0.008840650561135349,-0.021476262752686614,0.012729948989329245,0.960511815225726,0.0,0.960511815225726,0.960511815225726,0.9509495629680987,0.006438913222112219,0.9390239288593045,0.959693544386274,0.009562252257627213,0.006438913222112219,0.0008182708394520732,0.021487886366421516,0.009562252257627213,0.006438913222112219,0.0008182708394520732,0.021487886366421516
77,imports,mid_density,class_conditional,random,0.1,20,191674,129,"{""high_quantile"": 0.75, ""label_0_q_high"": 0.0, ""label_0_q_low"": -0.41060935383519465, ""label_1_q_high"": 0.0, ""label_1_q_low"": -0.12082866457006296, ""low_quantile"": 0.25}",0.08891816313114975,0.022122351261217112,0.053309264689003204,0.14548660746893163,0.03724631405407097,0.02325406456963995,0.003959848492753321,0.09603806463057066,0.021031021421789076,0.02293314037581126,0.0,0.08101776975489633,0.08201300417006514,0.051203340329253264,0.008719227101977048,0.21146710473411526,0.03852903225806452,0.042013732362181574,0.0,0.1484253285543608,0.07658781720436278,0.021229852399286035,0.0443481613495204,0.1258423430189226,0.016555581211885356,0.054765616933438,-0.1006101230391532,0.1252901443490228,-0.009585094458431117,0.007604497113007089,-0.0265953481173327,0.006168836673861845,0.960511815225726,0.0,0.960511815225726,0.960511815225726,0.9452176702027216,0.008875585388869966,0.9226382343906526,0.9561350705221532,0.015294145023004557,0.008875585388869966,0.004376744703572855,0.03787358083507342,0.015294145023004557,0.008875585388869966,0.004376744703572855,0.03787358083507342
123,header,high_density,class_conditional,important,0.01,1,120565,1,"{""high_quantile"": 0.75, ""label_0_q_high"": -9.30028204498723e-05, ""label_0_q_low"": -0.0110842569843217, ""label_1_q_high"": -7.771561172376096e-16, ""label_1_q_low"": -0.026327425408086108, ""low_quantile"": 0.25}",0.10388587069215775,0.0,0.10388587069215775,0.10388587069215775,0.09295400821133828,0.0,0.09295400821133828,0.09295400821133828,0.0,0.0,0.0,0.0,0.18678022032966118,0.0,0.18678022032966118,0.18678022032966118,0.0,0.0,0.0,0.0,0.21351233638099068,0.0,0.21351233638099068,0.21351233638099068,0.21351233638099068,0.0,0.21351233638099068,0.21351233638099068,-0.04859630880905561,0.0,-0.04859630880905561,-0.04859630880905561,0.996597646445672,0.0,0.996597646445672,0.996597646445672,0.9966593922188566,0.0,0.9966593922188566,0.9966593922188566,-6.174577318462937e-05,0.0,-6.174577318462937e-05,-6.174577318462937e-05,-6.174577318462937e-05,0.0,-6.174577318462937e-05,-6.174577318462937e-05
123,header,high_density,class_conditional,important,0.05,1,120565,4,"{""high_quantile"": 0.75, ""label_0_q_high"": -9.30028204498723e-05, ""label_0_q_low"": -0.0110842569843217, ""label_1_q_high"": -7.771561172376096e-16, ""label_1_q_low"": -0.026327425408086108, ""low_quantile"": 0.25}",0.47960021565130845,0.0,0.47960021565130845,0.47960021565130845,0.0,0.0,0.0,0.0,0.46891718160328455,0.0,0.46891718160328455,0.46891718160328455,0.0,0.0,0.0,0.0,0.9334753318803249,0.0,0.9334753318803249,0.9334753318803249,0.42660354603627215,0.0,0.42660354603627215,0.42660354603627215,-0.4264793822654999,0.0,-0.4264793822654999,-0.4264793822654999,0.037266645967018605,0.0,0.037266645967018605,0.037266645967018605,0.996597646445672,0.0,0.996597646445672,0.996597646445672,0.9434608672192605,0.0,0.9434608672192605,0.9434608672192605,0.05313677922641147,0.0,0.05313677922641147,0.05313677922641147,0.05313677922641147,0.0,0.05313677922641147,0.05313677922641147
123,header,high_density,class_conditional,important,0.1,1,120565,8,"{""high_quantile"": 0.75, ""label_0_q_high"": -9.30028204498723e-05, ""label_0_q_low"": -0.0110842569843217, ""label_1_q_high"": -7.771561172376096e-16, ""label_1_q_low"": -0.026327425408086108, ""low_quantile"": 0.25}",0.48494173267532037,0.0,0.48494173267532037,0.48494173267532037,0.0,0.0,0.0,0.0,0.47425869862729647,0.0,0.47425869862729647,0.47425869862729647,0.0,0.0,0.0,0.0,0.9441087114457434,0.0,0.9441087114457434,0.9441087114457434,0.47230199607379697,0.0,0.47230199607379697,0.47230199607379697,-0.4723014564432395,0.0,-0.4723014564432395,-0.4723014564432395,0.07353936267581743,0.0,0.07353936267581743,0.07353936267581743,0.996597646445672,0.0,0.996597646445672,0.996597646445672,0.9930056400684716,0.0,0.9930056400684716,0.9930056400684716,0.003592006377200363,0.0,0.003592006377200363,0.003592006377200363,0.003592006377200363,0.0,0.003592006377200363,0.003592006377200363
123,header,high_density,class_conditional,random,0.01,20,120565,1,"{""high_quantile"": 0.75, ""label_0_q_high"": -9.30028204498723e-05, ""label_0_q_low"": -0.0110842569843217, ""label_1_q_high"": -7.771561172376096e-16, ""label_1_q_low"": -0.026327425408086108, ""low_quantile"": 0.25}",0.03236055239912081,0.04680310701290385,0.0,0.15098079873926928,0.013446688508273547,0.028504436298315085,0.0,0.09616389499440137,0.015423215692779829,0.03795761803639511,0.0,0.14055488740513417,0.0270195496741721,0.05727633476619319,0.0,0.1932301128314528,0.030703057922198008,0.07556238390063363,0.0,0.27980318340928606,0.04828532427998035,0.07434922445499048,0.0,0.21808991289231672,0.005843587010542168,0.08845977734954819,-0.19703821849987543,0.21808991289231672,-0.010928010422502807,0.02108488791307998,-0.06688384518145252,0.007371031047645613,0.996597646445672,0.0,0.996597646445672,0.996597646445672,0.9962090134808653,0.0009597547917582618,0.993239894964831,0.9981089277543589,0.0003886329648066511,0.0009597547917582618,-0.0015112813086869403,0.0033577514808409425,0.0003886329648066511,0.0009597547917582618,-0.0015112813086869403,0.0033577514808409425
123,header,high_density,class_conditional,random,0.05,20,120565,4,"{""high_quantile"": 0.75, ""label_0_q_high"": -9.30028204498723e-05, ""label_0_q_low"": -0.0110842569843217, ""label_1_q_high"": -7.771561172376096e-16, ""label_1_q_low"": -0.026327425408086108, ""low_quantile"": 0.25}",0.2116024551072036,0.18758545993406558,0.0006303653630821549,0.49670302326545845,0.09459378758346121,0.1676484506062339,0.0,0.485771160784639,0.10790610873802513,0.16387904126055808,0.0,0.4679799278397545,0.19007516541390979,0.33686997628940507,0.0,0.9761003983266946,0.21480912753450893,0.3262346709196748,0.0,0.931609537018691,0.22464619244382517,0.16058178966865028,0.006233956949066827,0.5114365784446351,0.01790334293479971,0.27513100451255534,-0.4240991127987475,0.5114365784446351,-0.01800127363230472,0.051871579299931886,-0.10063629647154737,0.07649816344651053,0.996597646445672,0.0,0.996597646445672,0.996597646445672,0.9946218083418092,0.0024185392328533208,0.9876899849866118,0.9967827489238914,0.0019758381038628703,0.0024185392328533208,-0.00018510247821945658,0.00890766145906019,0.0019758381038628703,0.0024185392328533208,-0.00018510247821945658,0.00890766145906019
123,header,high_density,class_conditional,random,0.1,20,120565,8,"{""high_quantile"": 0.75, ""label_0_q_high"": -9.30028204498723e-05, ""label_0_q_low"": -0.0110842569843217, ""label_1_q_high"": -7.771561172376096e-16, ""label_1_q_low"": -0.026327425408086108, ""low_quantile"": 0.25}",0.24284867084145484,0.1949874978393178,0.002181395927507983,0.49175963173391946,0.08023763115331978,0.1463833168758278,0.0,0.4808277692531,0.15448305893086717,0.1993828203182429,0.0,0.4711151660929789,0.16122814619756337,0.2941401743159977,0.0,0.9661672305461576,0.3075300508552935,0.3969121876307535,0.0,0.9378508685027409,0.23391378132708412,0.17971225125995982,0.016492814740830353,0.5066021766672627,-0.06657063029740665,0.2858437652734351,-0.4584572449808994,0.5066021766672627,0.0009527136168553763,0.055866220990688484,-0.15378546922796357,0.0765581671832252,0.996597646445672,0.0,0.996597646445672,0.996597646445672,0.9914480385806727,0.005851141414449748,0.9704992977622929,0.9968018344763933,0.005149607864999334,0.005851141414449748,-0.00020418803072130842,0.026098348683379013,0.005149607864999334,0.005851141414449748,-0.00020418803072130842,0.026098348683379013
123,header,low_density,class_conditional,important,0.01,1,120000,1,"{""high_quantile"": 0.75, ""label_0_q_high"": -9.30028204498723e-05, ""label_0_q_low"": -0.0110842569843217, ""label_1_q_high"": -7.771561172376096e-16, ""label_1_q_low"": -0.026327425408086108, ""low_quantile"": 0.25}",0.3968333333333333,0.0,0.3968333333333333,0.3968333333333333,0.3141333333333333,0.0,0.3141333333333333,0.3141333333333333,0.0,0.0,0.0,0.0,0.6282666666666666,0.0,0.6282666666666666,0.6282666666666666,0.0,0.0,0.0,0.0,0.36204997291955976,0.0,0.36204997291955976,0.36204997291955976,0.36204997291955976,0.0,0.36204997291955976,0.36204997291955976,0.05814972420431966,0.0,0.05814972420431966,0.05814972420431966,0.8925442375,0.0,0.8925442375,0.8925442375,0.8841048188888888,0.0,0.8841048188888888,0.8841048188888888,0.008439418611111194,0.0,0.008439418611111194,0.008439418611111194,0.008439418611111194,0.0,0.008439418611111194,0.008439418611111194
123,header,low_density,class_conditional,important,0.05,1,120000,4,"{""high_quantile"": 0.75, ""label_0_q_high"": -9.30028204498723e-05, ""label_0_q_low"": -0.0110842569843217, ""label_1_q_high"": -7.771561172376096e-16, ""label_1_q_low"": -0.026327425408086108, ""low_quantile"": 0.25}",0.46141666666666664,0.0,0.46141666666666664,0.46141666666666664,0.0006666666666666666,0.0,0.0006666666666666666,0.0006666666666666666,0.3665083333333333,0.0,0.3665083333333333,0.3665083333333333,0.0013333333333333333,0.0,0.0013333333333333333,0.0013333333333333333,0.7330166666666666,0.0,0.7330166666666666,0.7330166666666666,0.4248136314587664,0.0,0.4248136314587664,0.4248136314587664,-0.42237391768581634,0.0,-0.42237391768581634,-0.42237391768581634,0.12773925624172106,0.0,0.12773925624172106,0.12773925624172106,0.8925442375,0.0,0.8925442375,0.8925442375,0.665071195,0.0,0.665071195,0.665071195,0.2274730425,0.0,0.2274730425,0.2274730425,0.2274730425,0.0,0.2274730425,0.2274730425
123,header,low_density,class_conditional,important,0.1,1,120000,8,"{""high_quantile"": 0.75, ""label_0_q_high"": -9.30028204498723e-05, ""label_0_q_low"": -0.0110842569843217, ""label_1_q_high"": -7.771561172376096e-16, ""label_1_q_low"": -0.026327425408086108, ""low_quantile"": 0.25}",0.5036583333333333,0.0,0.5036583333333333,0.5036583333333333,0.00010833333333333333,0.0,0.00010833333333333333,0.00010833333333333333,0.40736666666666665,0.0,0.40736666666666665,0.40736666666666665,0.00021666666666666666,0.0,0.00021666666666666666,0.00021666666666666666,0.8147333333333333,0.0,0.8147333333333333,0.8147333333333333,0.48606966784309197,0.0,0.48606966784309197,0.48606966784309197,-0.4854200369923382,0.0,-0.4854200369923382,-0.4854200369923382,0.15568493487507576,0.0,0.15568493487507576,0.15568493487507576,0.8925442375,0.0,0.8925442375,0.8925442375,0.7177764658333333,0.0,0.7177764658333333,0.7177764658333333,0.17476777166666668,0.0,0.17476777166666668,0.17476777166666668,0.17476777166666668,0.0,0.17476777166666668,0.17476777166666668
123,header,low_density,class_conditional,random,0.01,20,120000,1,"{""high_quantile"": 0.75, ""label_0_q_high"": -9.30028204498723e-05, ""label_0_q_low"": -0.0110842569843217, ""label_1_q_high"": -7.771561172376096e-16, ""label_1_q_low"": -0.026327425408086108, ""low_quantile"": 0.25}",0.08888208333333333,0.1315572453628658,0.000275,0.3968333333333333,0.03686125,0.09083291075111945,0.0,0.3141333333333333,0.026690833333333337,0.0613552683772053,0.0,0.22573333333333334,0.0737225,0.1816658215022389,0.0,0.6282666666666666,0.053381666666666674,0.1227105367544106,0.0,0.4514666666666667,0.07625922144487743,0.11519765079124787,0.00022504821797499007,0.36204997291955976,0.01494842170766878,0.13734086169691395,-0.25262290498555806,0.36204997291955976,0.011455143625534462,0.020768909727196534,-0.011424454504231624,0.06542628110297305,0.8925442375000001,1.1102230246251565e-16,0.8925442375,0.8925442375,0.8915075236597222,0.002832829818856398,0.8841048188888888,0.8962712480555556,0.0010367138402777865,0.0028328298188563983,-0.0037270105555555766,0.008439418611111194,0.0010367138402777865,0.0028328298188563983,-0.0037270105555555766,0.008439418611111194
123,header,low_density,class_conditional,random,0.05,20,120000,4,"{""high_quantile"": 0.75, ""label_0_q_high"": -9.30028204498723e-05, ""label_0_q_low"": -0.0110842569843217, ""label_1_q_high"": -7.771561172376096e-16, ""label_1_q_low"": -0.026327425408086108, ""low_quantile"": 0.25}",0.2997041666666666,0.14774044167944975,0.017141666666666666,0.49096666666666666,0.12905875,0.1573944868236028,0.0,0.4033,0.10065291666666665,0.12681260929777338,0.0,0.3280166666666667,0.2581175,0.3147889736472056,0.0,0.8066,0.2013058333333333,0.25362521859554676,0.0,0.6560333333333334,0.27215680525392943,0.14879913338821102,0.011361951273650523,0.5072430299292305,0.03949916488858492,0.3065513870108358,-0.39012864429638083,0.5072430299292305,0.05838101380917334,0.05716359344378985,-0.05284631840137987,0.1591487144679092,0.8925442375000001,1.1102230246251565e-16,0.8925442375,0.8925442375,0.8802078112152779,0.025737188015454313,0.7756688852777779,0.8958834747222223,0.012336426284722212,0.025737188015454313,-0.003339237222222291,0.11687535222222212,0.012336426284722212,0.025737188015454313,-0.003339237222222291,0.11687535222222212
123,header,low_density,class_conditional,random,0.1,20,120000,8,"{""high_quantile"": 0.75, ""label_0_q_high"": -9.30028204498723e-05, ""label_0_q_low"": -0.0110842569843217, ""label_1_q_high"": -7.771561172376096e-16, ""label_1_q_low"": -0.026327425408086108, ""low_quantile"": 0.25}",0.28539041666666665,0.1541270380660734,0.033591666666666666,0.48115833333333335,0.07694458333333333,0.1211382058869985,0.0,0.38488333333333336,0.1385958333333333,0.153254728096812,0.0,0.38555833333333334,0.15388916666666666,0.242276411773997,0.0,0.7697666666666667,0.2771916666666666,0.306509456193624,0.0,0.7711166666666667,0.2641691987039939,0.14944952772300077,0.028581024848172265,0.4886267068136813,-0.05960237473555431,0.29494129359426347,-0.4553324423752102,0.4886267068136813,0.06255411849932108,0.05907949033521885,-0.007394170416373788,0.15588543447412165,0.8925442375000001,1.1102230246251565e-16,0.8925442375,0.8925442375,0.8725596974375,0.03257423203825918,0.7688483869444445,0.8990991266666667,0.019984540062499983,0.03257423203825918,-0.006554889166666689,0.12369585055555554,0.019984540062499983,0.03257423203825918,-0.006554889166666689,0.12369585055555554
123,header,mid_density,class_conditional,important,0.01,1,239435,1,"{""high_quantile"": 0.75, ""label_0_q_high"": -9.30028204498723e-05, ""label_0_q_low"": -0.0110842569843217, ""label_1_q_high"": -7.771561172376096e-16, ""label_1_q_low"": -0.026327425408086108, ""low_quantile"": 0.25}",0.4398646814375509,0.0,0.4398646814375509,0.4398646814375509,0.3285317518324389,0.0,0.3285317518324389,0.3285317518324389,0.0,0.0,0.0,0.0,0.6555221293510779,0.0,0.6555221293510779,0.6555221293510779,0.0,0.0,0.0,0.0,0.3807715523882452,0.0,0.3807715523882452,0.3807715523882452,0.3807715523882452,0.0,0.3807715523882452,0.3807715523882452,0.020424458727495994,0.0,0.020424458727495994,0.020424458727495994,0.940359210493672,0.0,0.940359210493672,0.940359210493672,0.9376794556417568,0.0,0.9376794556417568,0.9376794556417568,0.0026797548519151837,0.0,0.0026797548519151837,0.0026797548519151837,0.0026797548519151837,0.0,0.0026797548519151837,0.0026797548519151837
123,header,mid_density,class_conditional,important,0.05,1,239435,4,"{""high_quantile"": 0.75, ""label_0_q_high"": -9.30028204498723e-05, ""label_0_q_low"": -0.0110842569843217, ""label_1_q_high"": -7.771561172376096e-16, ""label_1_q_low"": -0.026327425408086108, ""low_quantile"": 0.25}",0.40428091131204713,0.0,0.40428091131204713,0.40428091131204713,0.0,0.0,0.0,0.0,0.3580428926430973,0.0,0.3580428926430973,0.3580428926430973,0.0,0.0,0.0,0.0,0.7177735356174018,0.0,0.7177735356174018,0.7177735356174018,0.3904173575304207,0.0,0.3904173575304207,0.3904173575304207,-0.3901257592858559,0.0,-0.3901257592858559,-0.3901257592858559,0.12181112570272318,0.0,0.12181112570272318,0.12181112570272318,0.940359210493672,0.0,0.940359210493672,0.940359210493672,0.7059383864201414,0.0,0.7059383864201414,0.7059383864201414,0.2344208240735306,0.0,0.2344208240735306,0.2344208240735306,0.2344208240735306,0.0,0.2344208240735306,0.2344208240735306
123,header,mid_density,class_conditional,important,0.1,1,239435,8,"{""high_quantile"": 0.75, ""label_0_q_high"": -9.30028204498723e-05, ""label_0_q_low"": -0.0110842569843217, ""label_1_q_high"": -7.771561172376096e-16, ""label_1_q_low"": -0.026327425408086108, ""low_quantile"": 0.25}",0.41950424958757077,0.0,0.41950424958757077,0.41950424958757077,0.0,0.0,0.0,0.0,0.37326623091862093,0.0,0.37326623091862093,0.37326623091862093,0.0,0.0,0.0,0.0,0.7482919722696675,0.0,0.7482919722696675,0.7482919722696675,0.4300499023874188,0.0,0.4300499023874188,0.4300499023874188,-0.43003879776953424,0.0,-0.43003879776953424,-0.43003879776953424,0.14418130793212625,0.0,0.14418130793212625,0.14418130793212625,0.940359210493672,0.0,0.940359210493672,0.940359210493672,0.7763489750100596,0.0,0.7763489750100596,0.7763489750100596,0.16401023548361238,0.0,0.16401023548361238,0.16401023548361238,0.16401023548361238,0.0,0.16401023548361238,0.16401023548361238
123,header,mid_density,class_conditional,random,0.01,20,239435,1,"{""high_quantile"": 0.75, ""label_0_q_high"": -9.30028204498723e-05, ""label_0_q_low"": -0.0110842569843217, ""label_1_q_high"": -7.771561172376096e-16, ""label_1_q_low"": -0.026327425408086108, ""low_quantile"": 0.25}",0.08816944055798023,0.1357428983401459,0.0,0.4398646814375509,0.038330235763359574,0.09629009308726487,0.0,0.3285317518324389,0.02439701797982751,0.05691806832748828,0.0,0.20247248731388476,0.07648063733864449,0.19212842138975544,0.0,0.6555221293510779,0.048909039150674835,0.11410443827650085,0.0,0.4058993938176094,0.07684489657898305,0.11846230652300917,5.7546172723958875e-05,0.3807715523882452,0.0196510272925925,0.13982951520809822,-0.23481225932478886,0.3807715523882452,0.007014738997387101,0.013936462877246527,-0.009658646266400908,0.0481012512824174,0.9403592104936719,1.1102230246251565e-16,0.940359210493672,0.940359210493672,0.9389664141512079,0.002562508107712418,0.9289982900772362,0.9408376414205475,0.0013927963424640755,0.002562508107712418,-0.00047843092687549493,0.011360920416435771,0.0013927963424640755,0.002562508107712418,-0.00047843092687549493,0.011360920416435771
123,header,mid_density,class_conditional,random,0.05,20,239435,4,"{""high_quantile"": 0.75, ""label_0_q_high"": -9.30028204498723e-05, ""label_0_q_low"": -0.0110842569843217, ""label_1_q_high"": -7.771561172376096e-16, ""label_1_q_low"": -0.026327425408086108, ""low_quantile"": 0.25}",0.30408252761709864,0.1685183458479054,0.010883955979702216,0.5672270135945038,0.14101551569319437,0.17505785735764912,0.0,0.45493766575479777,0.0996619124188193,0.12751119833724833,0.0,0.354112807233696,0.28136942807856735,0.34929439475686225,0.0,0.9077408978408154,0.1997936133159181,0.25562346171907174,0.0,0.7098948390769952,0.2784773288774432,0.1608436061968894,0.010811818799056785,0.5581246031326382,0.058662062742664264,0.3153777337315365,-0.3813116798137575,0.5581246031326382,0.04463344827886227,0.05837073045051638,-0.08444859192679238,0.1493566156042535,0.9403592104936719,1.1102230246251565e-16,0.940359210493672,0.940359210493672,0.9270654855158359,0.03144448818594785,0.792607032274852,0.9408411279053882,0.013293724977835902,0.031444488185947854,-0.00048191741171621505,0.14775217821882003,0.013293724977835902,0.031444488185947854,-0.00048191741171621505,0.14775217821882003
123,header,mid_density,class_conditional,random,0.1,20,239435,8,"{""high_quantile"": 0.75, ""label_0_q_high"": -9.30028204498723e-05, ""label_0_q_low"": -0.0110842569843217, ""label_1_q_high"": -7.771561172376096e-16, ""label_1_q_low"": -0.026327425408086108, ""low_quantile"": 0.25}",0.27499404848915165,0.15386337708561001,0.032351160022553095,0.5400171236452482,0.08111261929124815,0.13828402863505715,0.0,0.4277319523043832,0.13337983168709672,0.15023282049359965,0.0,0.3658487689769666,0.16184468203901697,0.2759192692958683,0.0,0.8534571121426012,0.26738839210958165,0.3011738117057255,0.0,0.733422083793831,0.2570456206220655,0.15282482736399158,0.030618717032305395,0.5329586613353162,-0.04182926491116111,0.2931693250084884,-0.4146866270367097,0.5329586613353162,0.053920457312521666,0.06323315461462477,-0.03470531159932308,0.14789970994867596,0.9403592104936719,1.1102230246251565e-16,0.940359210493672,0.940359210493672,0.9189838593616544,0.037760773635130085,0.7640957701574068,0.9407189393417981,0.0213753511320176,0.03776077363513008,-0.000359728848126073,0.17626344033626518,0.0213753511320176,0.03776077363513008,-0.000359728848126073,0.17626344033626518
123,imports,high_density,class_conditional,important,0.01,1,172043,13,"{""high_quantile"": 0.75, ""label_0_q_high"": 0.0, ""label_0_q_low"": -0.4080192003187757, ""label_1_q_high"": 0.0, ""label_1_q_low"": -0.12460892113003871, ""low_quantile"": 0.25}",0.07330725458170341,0.0,0.07330725458170341,0.07330725458170341,0.0,0.0,0.0,0.0,0.0690292543143284,0.0,0.0690292543143284,0.0690292543143284,0.0,0.0,0.0,0.0,0.14991353084487308,0.0,0.14991353084487308,0.14991353084487308,0.06371346732522003,0.0,0.06371346732522003,0.06371346732522003,-0.06313269508002134,0.0,-0.06313269508002134,-0.06313269508002134,-0.001879832913408413,0.0,-0.001879832913408413,-0.001879832913408413,0.8129382232413321,0.0,0.8129382232413321,0.8129382232413321,0.6908474490215121,0.0,0.6908474490215121,0.6908474490215121,0.12209077421982006,0.0,0.12209077421982006,0.12209077421982006,0.12209077421982006,0.0,0.12209077421982006,0.12209077421982006
123,imports,high_density,class_conditional,important,0.05,1,172043,65,"{""high_quantile"": 0.75, ""label_0_q_high"": 0.0, ""label_0_q_low"": -0.4080192003187757, ""label_1_q_high"": 0.0, ""label_1_q_low"": -0.12460892113003871, ""low_quantile"": 0.25}",0.04393087774567986,0.0,0.04393087774567986,0.04393087774567986,0.00015693750980859435,0.0,0.00015693750980859435,0.00015693750980859435,0.038688002418000154,0.0,0.038688002418000154,0.038688002418000154,0.00029087305007325693,0.0,0.00029087305007325693,0.00029087305007325693,0.08402024766785746,0.0,0.08402024766785746,0.08402024766785746,0.06344934636967225,0.0,0.06344934636967225,0.06344934636967225,-0.060221946319630903,0.0,-0.060221946319630903,-0.060221946319630903,-0.011735941348590486,0.0,-0.011735941348590486,-0.011735941348590486,0.8129382232413321,0.0,0.8129382232413321,0.8129382232413321,0.7399567530146124,0.0,0.7399567530146124,0.7399567530146124,0.07298147022671975,0.0,0.07298147022671975,0.07298147022671975,0.07298147022671975,0.0,0.07298147022671975,0.07298147022671975
123,imports,high_density,class_conditional,important,0.1,1,172043,129,"{""high_quantile"": 0.75, ""label_0_q_high"": 0.0, ""label_0_q_low"": -0.4080192003187757, ""label_1_q_high"": 0.0, ""label_1_q_low"": -0.12460892113003871, ""low_quantile"": 0.25}",0.06786094174130886,0.0,0.06786094174130886,0.06786094174130886,0.00015693750980859435,0.0,0.00015693750980859435,0.00015693750980859435,0.06267037891689868,0.0,0.06267037891689868,0.06267037891689868,0.00029087305007325693,0.0,0.00029087305007325693,0.00029087305007325693,0.136103712493215,0.0,0.136103712493215,0.136103712493215,0.08092689948803487,0.0,0.08092689948803487,0.08092689948803487,-0.07574035303807113,0.0,-0.07574035303807113,-0.07574035303807113,-0.022334660416563644,0.0,-0.022334660416563644,-0.022334660416563644,0.8129382232413321,0.0,0.8129382232413321,0.8129382232413321,0.7108214760722906,0.0,0.7108214760722906,0.7108214760722906,0.10211674716904151,0.0,0.10211674716904151,0.10211674716904151,0.10211674716904151,0.0,0.10211674716904151,0.10211674716904151
123,imports,high_density,class_conditional,random,0.01,20,172043,13,"{""high_quantile"": 0.75, ""label_0_q_high"": 0.0, ""label_0_q_low"": -0.4080192003187757, ""label_1_q_high"": 0.0, ""label_1_q_low"": -0.12460892113003871, ""low_quantile"": 0.25}",0.005756700359793772,0.008575992475793217,0.0,0.023145376446586027,0.00123370320210645,0.0030353742164781084,0.0,0.01214812575925786,0.002379347023709189,0.005879414733311587,0.0,0.019739251233703202,0.0022865853658536584,0.005625860621450736,0.0,0.022515728690855812,0.005167320970979184,0.012768554879045753,0.0,0.04286850376803544,0.007216951856217284,0.007402150087648538,0.001816039152744732,0.03107339952965672,-0.002134571311413615,0.009752795194063944,-0.03100520065850634,0.008942255019317061,-0.0013243643224084057,0.0020955667847910595,-0.005230155711746004,0.0016014397375753594,0.8129382232413322,1.1102230246251565e-16,0.8129382232413321,0.8129382232413321,0.8121501313890699,0.019203490135069414,0.7589185648662627,0.8389950275433958,0.0007880918522622571,0.019203490135069414,-0.026056804302063696,0.05401965837506939,0.0007880918522622571,0.019203490135069414,-0.026056804302063696,0.05401965837506939
123,imports,high_density,class_conditional,random,0.05,20,172043,65,"{""high_quantile"": 0.75, ""label_0_q_high"": 0.0, ""label_0_q_low"": -0.4080192003187757, ""label_1_q_high"": 0.0, ""label_1_q_low"": -0.12460892113003871, ""low_quantile"": 0.25}",0.024565079660317478,0.02315074617371238,0.0007498125468632841,0.09905663119103945,0.005031881564492599,0.006538431537337988,0.0,0.02758612672413292,0.008227594264224642,0.020525113636353634,0.0,0.09473794342112146,0.009326251831422907,0.012118540215658013,0.0,0.05112901835732138,0.017868188187177315,0.04457519187744339,0.0,0.20574609626478496,0.02111773779982139,0.018265438691320468,0.006867555621303016,0.0930666883381247,-0.002747712828520979,0.025828014885132138,-0.09237162943162279,0.04274108809824281,-0.0008143809892370221,0.0051660761814302045,-0.008695318876418124,0.015395950638167214,0.8129382232413322,1.1102230246251565e-16,0.8129382232413321,0.8129382232413321,0.8066056068149805,0.04167393669919434,0.6450768429570984,0.8450025276223494,0.006332616426351417,0.04167393669919434,-0.03206430438101726,0.1678613802842337,0.006332616426351417,0.04167393669919434,-0.03206430438101726,0.1678613802842337
123,imports,high_density,class_conditional,random,0.1,20,172043,129,"{""high_quantile"": 0.75, ""label_0_q_high"": 0.0, ""label_0_q_low"": -0.4080192003187757, ""label_1_q_high"": 0.0, ""label_1_q_low"": -0.12460892113003871, ""low_quantile"": 0.25}",0.040123690007730625,0.02922021984659787,0.0022668751416796964,0.10393331899583244,0.003640659602541225,0.0063999512526974976,0.0,0.025836564114785257,0.02797672674854542,0.030854184356631006,0.0,0.09961463122591445,0.006747716107903127,0.01186187638291644,0.0,0.047886322502801,0.06075815145356543,0.06700723865824951,0.0,0.21633698986354283,0.03966886575470692,0.024637331559131302,0.012226413575433213,0.10107485339622475,-0.021580877579390884,0.03873994702684241,-0.10107485339622475,0.06603924388549953,-0.002033196410511968,0.00655477996612193,-0.01022806895192844,0.01917956246379581,0.8129382232413322,1.1102230246251565e-16,0.8129382232413321,0.8129382232413321,0.7726376290184329,0.05862636338740628,0.6380620248531456,0.8429185480980212,0.0403005942228992,0.05862636338740628,-0.02998032485668911,0.17487619838818658,0.0403005942228992,0.05862636338740628,-0.02998032485668911,0.17487619838818658
123,imports,low_density,class_conditional,important,0.01,1,120109,13,"{""high_quantile"": 0.75, ""label_0_q_high"": 0.0, ""label_0_q_low"": -0.4080192003187757, ""label_1_q_high"": 0.0, ""label_1_q_low"": -0.12460892113003871, ""low_quantile"": 0.25}",0.166082475085131,0.0,0.166082475085131,0.166082475085131,0.005794736447726648,0.0,0.005794736447726648,0.005794736447726648,0.117576534647695,0.0,0.117576534647695,0.117576534647695,0.0116,0.0,0.0116,0.0116,0.2349398592556855,0.0,0.2349398592556855,0.2349398592556855,0.1564180808137699,0.0,0.1564180808137699,0.1564180808137699,-0.1305162615086902,0.0,-0.1305162615086902,-0.1305162615086902,0.0021640954205444886,0.0,0.0021640954205444886,0.0021640954205444886,0.8917453309820491,0.0,0.8917453309820491,0.8917453309820491,0.8575250185773622,0.0,0.8575250185773622,0.8575250185773622,0.034220312404686926,0.0,0.034220312404686926,0.034220312404686926,0.034220312404686926,0.0,0.034220312404686926,0.034220312404686926
123,imports,low_density,class_conditional,important,0.05,1,120109,65,"{""high_quantile"": 0.75, ""label_0_q_high"": 0.0, ""label_0_q_low"": -0.4080192003187757, ""label_1_q_high"": 0.0, ""label_1_q_low"": -0.12460892113003871, ""low_quantile"": 0.25}",0.2211741001923253,0.0,0.2211741001923253,0.2211741001923253,0.024669258756629394,0.0,0.024669258756629394,0.024669258756629394,0.15173717206870427,0.0,0.15173717206870427,0.15173717206870427,0.049383333333333335,0.0,0.049383333333333335,0.049383333333333335,0.30319918814154284,0.0,0.30319918814154284,0.30319918814154284,0.19555063644201406,0.0,0.19555063644201406,0.19555063644201406,-0.11535777183674167,0.0,-0.11535777183674167,-0.11535777183674167,-0.033444070685494695,0.0,-0.033444070685494695,-0.033444070685494695,0.8917453309820491,0.0,0.8917453309820491,0.8917453309820491,0.8134952146655796,0.0,0.8134952146655796,0.8134952146655796,0.0782501163164695,0.0,0.0782501163164695,0.0782501163164695,0.0782501163164695,0.0,0.0782501163164695,0.0782501163164695
123,imports,low_density,class_conditional,important,0.1,1,120109,129,"{""high_quantile"": 0.75, ""label_0_q_high"": 0.0, ""label_0_q_low"": -0.4080192003187757, ""label_1_q_high"": 0.0, ""label_1_q_low"": -0.12460892113003871, ""low_quantile"": 0.25}",0.2533865072559092,0.0,0.2533865072559092,0.2533865072559092,0.041545596083557436,0.0,0.041545596083557436,0.041545596083557436,0.15848937215362713,0.0,0.15848937215362713,0.15848937215362713,0.08316666666666667,0.0,0.08316666666666667,0.08316666666666667,0.3166913440582941,0.0,0.3166913440582941,0.3166913440582941,0.21374898673607,0.0,0.21374898673607,0.21374898673607,-0.08228796426232596,0.0,-0.08228796426232596,-0.08228796426232596,-0.05900543416534159,0.0,-0.05900543416534159,-0.05900543416534159,0.8917453309820491,0.0,0.8917453309820491,0.8917453309820491,0.7876872553749577,0.0,0.7876872553749577,0.7876872553749577,0.10405807560709146,0.0,0.10405807560709146,0.10405807560709146,0.10405807560709146,0.0,0.10405807560709146,0.10405807560709146
123,imports,low_density,class_conditional,random,0.01,20,120109,13,"{""high_quantile"": 0.75, ""label_0_q_high"": 0.0, ""label_0_q_low"": -0.4080192003187757, ""label_1_q_high"": 0.0, ""label_1_q_low"": -0.12460892113003871, ""low_quantile"": 0.25}",0.028583203590072347,0.021667710330953906,0.010065856846697583,0.09239107810405549,0.005248565885986894,0.004542304602378051,0.00014986387364810297,0.019357417012879966,0.010587882673238475,0.01736738899045275,0.00016651541516455885,0.06321757736722478,0.010506666666666668,0.009092861058117088,0.0003,0.03875,0.02115656557254321,0.03470328443751001,0.00033272887587549286,0.12632051772613087,0.02567472477008704,0.019667742133850377,0.010852824775497285,0.082854274232274,-0.0036784057367406356,0.028750199054058023,-0.08188203016367898,0.037202267366231806,3.60650056581162e-05,0.0022908511001528344,-0.0044788736980151496,0.005982247183957026,0.8917453309820491,0.0,0.8917453309820491,0.8917453309820491,0.8902866746660235,0.0024402864954016575,0.8835838961996817,0.8934788068342511,0.0014586563160257416,0.002440286495401658,-0.00173347585220196,0.008161434782367416,0.0014586563160257416,0.002440286495401658,-0.00173347585220196,0.008161434782367416
123,imports,low_density,class_conditional,random,0.05,20,120109,65,"{""high_quantile"": 0.75, ""label_0_q_high"": 0.0, ""label_0_q_low"": -0.4080192003187757, ""label_1_q_high"": 0.0, ""label_1_q_low"": -0.12460892113003871, ""low_quantile"": 0.25}",0.0815363544780158,0.04942322560850496,0.04366034185614733,0.2612793379347093,0.02018749635747529,0.020686303265871113,0.0002331215812303824,0.09537170403550109,0.02753124245477025,0.04435632661716418,0.00029972774729620594,0.20789449583295175,0.040411666666666665,0.041410186649341894,0.00046666666666666666,0.19091666666666668,0.0550125605150643,0.08863221869704992,0.0005989119765758871,0.41541200153055285,0.07350112936211592,0.044710149521849395,0.039216257831111316,0.2333300324202258,0.004274426257517483,0.07589379061406903,-0.23233023533685684,0.16327961021490478,9.986408833692097e-05,0.0070351255033300935,-0.012708794968998726,0.024509992404233436,0.8917453309820491,0.0,0.8917453309820491,0.8917453309820491,0.8838576559112059,0.006772605341143545,0.8671404218447598,0.8951132994504428,0.007887675070843347,0.006772605341143545,-0.0033679684683937117,0.0246049091372893,0.007887675070843347,0.006772605341143545,-0.0033679684683937117,0.0246049091372893
123,imports,low_density,class_conditional,random,0.1,20,120109,129,"{""high_quantile"": 0.75, ""label_0_q_high"": 0.0, ""label_0_q_low"": -0.4080192003187757, ""label_1_q_high"": 0.0, ""label_1_q_low"": -0.12460892113003871, ""low_quantile"": 0.25}",0.12275724550200236,0.05639780701194921,0.06192708289969944,0.2542440616440067,0.022407563130156776,0.03152545234395805,0.00024144735198861034,0.1363428219367408,0.05736497681272843,0.053581103108408426,1.6651541516455887e-05,0.1996603085530643,0.04485583333333333,0.06310817592634095,0.00048333333333333334,0.2729333333333333,0.11462592956129695,0.10706504372469725,3.3272887587549285e-05,0.3989585586185097,0.11262450309244867,0.0518172535860498,0.058204473924694265,0.2331431559854569,-0.031045430719003442,0.10281926147589056,-0.2322346567208653,0.22706070358136782,-0.0005942709065740792,0.00918085738811677,-0.014504105984742584,0.022980320068831783,0.8917453309820491,0.0,0.8917453309820491,0.8917453309820491,0.8792818752322169,0.010196400786161929,0.8589375429081613,0.8939297035385716,0.012463455749832092,0.010196400786161929,-0.0021843725565224847,0.032807788073887845,0.012463455749832092,0.010196400786161929,-0.0021843725565224847,0.032807788073887845
123,imports,mid_density,class_conditional,important,0.01,1,187848,13,"{""high_quantile"": 0.75, ""label_0_q_high"": 0.0, ""label_0_q_low"": -0.4080192003187757, ""label_1_q_high"": 0.0, ""label_1_q_low"": -0.12460892113003871, ""low_quantile"": 0.25}",0.19449767897449002,0.0,0.19449767897449002,0.19449767897449002,0.009017929389719348,0.0,0.009017929389719348,0.009017929389719348,0.14253013074400578,0.0,0.14253013074400578,0.14253013074400578,0.019431953748738184,0.0,0.019431953748738184,0.019431953748738184,0.2659527972027972,0.0,0.2659527972027972,0.2659527972027972,0.1481847748571286,0.0,0.1481847748571286,0.1481847748571286,-0.12794398226076675,0.0,-0.12794398226076675,-0.12794398226076675,0.003909249247447717,0.0,0.003909249247447717,0.003909249247447717,0.961090497392076,0.0,0.961090497392076,0.961090497392076,0.9306990963553224,0.0,0.9306990963553224,0.9306990963553224,0.03039140103675353,0.0,0.03039140103675353,0.03039140103675353,0.03039140103675353,0.0,0.03039140103675353,0.03039140103675353
123,imports,mid_density,class_conditional,important,0.05,1,187848,65,"{""high_quantile"": 0.75, ""label_0_q_high"": 0.0, ""label_0_q_low"": -0.4080192003187757, ""label_1_q_high"": 0.0, ""label_1_q_low"": -0.12460892113003871, ""low_quantile"": 0.25}",0.20854627145351562,0.0,0.20854627145351562,0.20854627145351562,0.02828350581321068,0.0,0.02828350581321068,0.02828350581321068,0.1358864613943188,0.0,0.1358864613943188,0.1358864613943188,0.06094567312104249,0.0,0.06094567312104249,0.06094567312104249,0.2535561029879212,0.0,0.2535561029879212,0.2535561029879212,0.16345457346371883,0.0,0.16345457346371883,0.16345457346371883,-0.1014434260560462,0.0,-0.1014434260560462,-0.1014434260560462,-0.03008424514677874,0.0,-0.03008424514677874,-0.03008424514677874,0.961090497392076,0.0,0.961090497392076,0.961090497392076,0.8993644026950309,0.0,0.8993644026950309,0.8993644026950309,0.06172609469704504,0.0,0.06172609469704504,0.06172609469704504,0.06172609469704504,0.0,0.06172609469704504,0.06172609469704504
123,imports,mid_density,class_conditional,important,0.1,1,187848,129,"{""high_quantile"": 0.75, ""label_0_q_high"": 0.0, ""label_0_q_low"": -0.4080192003187757, ""label_1_q_high"": 0.0, ""label_1_q_low"": -0.12460892113003871, ""low_quantile"": 0.25}",0.23995996763340574,0.0,0.23995996763340574,0.23995996763340574,0.05072718368042247,0.0,0.05072718368042247,0.05072718368042247,0.14385567054214046,0.0,0.14385567054214046,0.14385567054214046,0.10930760759842158,0.0,0.10930760759842158,0.10930760759842158,0.26842617609663066,0.0,0.26842617609663066,0.26842617609663066,0.21209197680723668,0.0,0.21209197680723668,0.21209197680723668,-0.11127389037127669,0.0,-0.11127389037127669,-0.11127389037127669,-0.08867386570565527,0.0,-0.08867386570565527,-0.08867386570565527,0.961090497392076,0.0,0.961090497392076,0.961090497392076,0.8510974163367969,0.0,0.8510974163367969,0.8510974163367969,0.10999308105527905,0.0,0.10999308105527905,0.10999308105527905,0.10999308105527905,0.0,0.10999308105527905,0.10999308105527905
123,imports,mid_density,class_conditional,random,0.01,20,187848,13,"{""high_quantile"": 0.75, ""label_0_q_high"": 0.0, ""label_0_q_low"": -0.4080192003187757, ""label_1_q_high"": 0.0, ""label_1_q_low"": -0.12460892113003871, ""low_quantile"": 0.25}",0.021346780375622845,0.014619547143707714,0.00729313061624292,0.0603892508836932,0.005884811123887398,0.005713874035882567,0.0002874664622460713,0.02462097014607555,0.00623030322388314,0.00937926285932765,0.0,0.03319172948341212,0.01268066899146554,0.012312331489084935,0.0006194365421675691,0.05305359273194457,0.011625377463445646,0.017501149968203473,0.0,0.0619338048315321,0.019035525206832583,0.015387373421138266,0.006742732060100086,0.06292483243352595,-0.0024249090989159846,0.022136999953245497,-0.06188015420195004,0.03282472419077013,0.00026809509936577775,0.006178767405132218,-0.008673099671919197,0.017783882527325833,0.9610904973920757,2.220446049250313e-16,0.961090497392076,0.961090497392076,0.9596177267670585,0.0018497621794859578,0.9535759342305511,0.9625597561882543,0.0014727706250173278,0.001849762179485958,-0.0014692587961783188,0.007514563161524879,0.0014727706250173278,0.001849762179485958,-0.0014692587961783188,0.007514563161524879
123,imports,mid_density,class_conditional,random,0.05,20,187848,65,"{""high_quantile"": 0.75, ""label_0_q_high"": 0.0, ""label_0_q_low"": -0.4080192003187757, ""label_1_q_high"": 0.0, ""label_1_q_low"": -0.12460892113003871, ""low_quantile"": 0.25}",0.06562273753247305,0.051363102415252555,0.02995507005664154,0.238815425237426,0.02605218048635067,0.03256909941450729,0.0001543801371321494,0.14299327115540225,0.019004993398918275,0.039714861627834774,0.00013840977811847876,0.18829585622418124,0.05613758373864366,0.07018032700303253,0.0003326603652381389,0.3081237955400569,0.03546219405594406,0.0741055837478694,0.00025826446280991736,0.35134893515575333,0.05910352008268127,0.04151579007618277,0.03022136156656322,0.20397323956451077,0.004662696698200035,0.06471138286340154,-0.2035064338975477,0.14561189218140635,-0.0027897263257317035,0.007817406350633466,-0.011236647762831302,0.019023657295718793,0.9610904973920757,2.220446049250313e-16,0.961090497392076,0.961090497392076,0.9529691852268309,0.006576697707062099,0.9361819152518167,0.961352725708293,0.008121312165244799,0.006576697707062098,-0.000262228316217028,0.02490858214025926,0.008121312165244799,0.006576697707062098,-0.000262228316217028,0.02490858214025926
123,imports,mid_density,class_conditional,random,0.1,20,187848,129,"{""high_quantile"": 0.75, ""label_0_q_high"": 0.0, ""label_0_q_low"": -0.4080192003187757, ""label_1_q_high"": 0.0, ""label_1_q_low"": -0.12460892113003871, ""low_quantile"": 0.25}",0.10763729185298751,0.06671358640293824,0.036673267748392316,0.2535773604190622,0.03130855798305013,0.05063314687149276,0.00040990588135087944,0.20767322516076828,0.04783921042545036,0.054510518388040705,0.0,0.18329181039989778,0.06746409562264843,0.10910497583642484,0.0008832706249426447,0.44749701752775994,0.0892651382708201,0.10171340450330449,0.0,0.34201168150031785,0.09835032982832312,0.054491484067308485,0.03781026633420589,0.2197554717749403,-0.028945624351806132,0.09688855455633678,-0.21474929340427587,0.2196689274161983,-0.001563716190285867,0.011564563211484162,-0.022062287881014855,0.022492465264602336,0.9610904973920757,2.220446049250313e-16,0.961090497392076,0.961090497392076,0.9438372651542851,0.011503951187153513,0.9062366252777845,0.9598285686676312,0.017253232237790884,0.011503951187153513,0.0012619287244447497,0.05485387211429149,0.017253232237790884,0.011503951187153513,0.0012619287244447497,0.05485387211429149
2024,header,high_density,class_conditional,important,0.01,1,120043,1,"{""high_quantile"": 0.75, ""label_0_q_high"": -9.1033284080691e-05, ""label_0_q_low"": -0.010899137938403667, ""label_1_q_high"": -1.1435297153639113e-15, ""label_1_q_low"": -0.025543050884712114, ""low_quantile"": 0.25}",0.03193855535099922,0.0,0.03193855535099922,0.03193855535099922,0.02087585281940638,0.0,0.02087585281940638,0.02087585281940638,0.0,0.0,0.0,0.0,0.04176666666666667,0.0,0.04176666666666667,0.04176666666666667,0.0,0.0,0.0,0.0,0.11178630753926695,0.0,0.11178630753926695,0.11178630753926695,0.11178630753926695,0.0,0.11178630753926695,0.11178630753926695,-0.09640103493764612,0.0,-0.09640103493764612,-0.09640103493764612,0.997097547868472,0.0,0.997097547868472,0.997097547868472,0.9949922072514698,0.0,0.9949922072514698,0.9949922072514698,0.0021053406170022937,0.0,0.0021053406170022937,0.0021053406170022937,0.0021053406170022937,0.0,0.0021053406170022937,0.0021053406170022937
2024,header,high_density,class_conditional,important,0.05,1,120043,4,"{""high_quantile"": 0.75, ""label_0_q_high"": -9.1033284080691e-05, ""label_0_q_low"": -0.010899137938403667, ""label_1_q_high"": -1.1435297153639113e-15, ""label_1_q_low"": -0.025543050884712114, ""low_quantile"": 0.25}",0.0518480877685496,0.0,0.0518480877685496,0.0518480877685496,0.039202619061502963,0.0,0.039202619061502963,0.039202619061502963,0.0,0.0,0.0,0.0,0.07843333333333333,0.0,0.07843333333333333,0.07843333333333333,0.0,0.0,0.0,0.0,0.06937759240148345,0.0,0.06937759240148345,0.06937759240148345,0.06803803725516698,0.0,0.06803803725516698,0.06803803725516698,-0.015850112781673927,0.0,-0.015850112781673927,-0.015850112781673927,0.997097547868472,0.0,0.997097547868472,0.997097547868472,0.9974936588500463,0.0,0.9974936588500463,0.9974936588500463,-0.00039611098157421587,0.0,-0.00039611098157421587,-0.00039611098157421587,-0.00039611098157421587,0.0,-0.00039611098157421587,-0.00039611098157421587
2024,header,high_density,class_conditional,important,0.1,1,120043,8,"{""high_quantile"": 0.75, ""label_0_q_high"": -9.1033284080691e-05, ""label_0_q_low"": -0.010899137938403667, ""label_1_q_high"": -1.1435297153639113e-15, ""label_1_q_low"": -0.025543050884712114, ""low_quantile"": 0.25}",0.4977716318319269,0.0,0.4977716318319269,0.4977716318319269,0.0,0.0,0.0,0.0,0.4871587681080946,0.0,0.4871587681080946,0.4871587681080946,0.0,0.0,0.0,0.0,0.973968655796679,0.0,0.973968655796679,0.973968655796679,0.4826425872826017,0.0,0.4826425872826017,0.4826425872826017,-0.4826423017501943,0.0,-0.4826423017501943,-0.4826423017501943,0.07450912612543012,0.0,0.07450912612543012,0.07450912612543012,0.997097547868472,0.0,0.997097547868472,0.997097547868472,0.9912634628516233,0.0,0.9912634628516233,0.9912634628516233,0.005834085016848789,0.0,0.005834085016848789,0.005834085016848789,0.005834085016848789,0.0,0.005834085016848789,0.005834085016848789
2024,header,high_density,class_conditional,random,0.01,20,120043,1,"{""high_quantile"": 0.75, ""label_0_q_high"": -9.1033284080691e-05, ""label_0_q_low"": -0.010899137938403667, ""label_1_q_high"": -1.1435297153639113e-15, ""label_1_q_low"": -0.025543050884712114, ""low_quantile"": 0.25}",0.05872270769640879,0.11104418165561733,0.0,0.40469665036695185,0.011525453379205786,0.017324779670843116,0.0,0.07719733762068592,0.04160050981731546,0.1116261668933975,0.0,0.39408378664311955,0.02305916666666667,0.034661975433783666,0.0,0.15445,0.0831712272871109,0.2231723923252355,0.0,0.7878853488333362,0.059033265629534,0.09085416765136448,0.0,0.328705408584733,-0.014292669514411573,0.10740170309944427,-0.328705408584733,0.13378607280060917,-0.012713755190244763,0.02853524122060248,-0.09640103493764612,0.0071820411156601266,0.9970975478684718,2.220446049250313e-16,0.997097547868472,0.997097547868472,0.9965985070005383,0.0008443144987447745,0.9945492136191285,0.9973121229785321,0.000499040867933559,0.0008443144987447746,-0.0002145751100600668,0.0025483342493435313,0.000499040867933559,0.0008443144987447746,-0.0002145751100600668,0.0025483342493435313
2024,header,high_density,class_conditional,random,0.05,20,120043,4,"{""high_quantile"": 0.75, ""label_0_q_high"": -9.1033284080691e-05, ""label_0_q_low"": -0.010899137938403667, ""label_1_q_high"": -1.1435297153639113e-15, ""label_1_q_low"": -0.025543050884712114, ""low_quantile"": 0.25}",0.24497430087551958,0.20719417677116897,0.0019409711520038653,0.4978132835733862,0.07614021642244861,0.1452077551849187,0.0,0.4826103979407379,0.1587335371491882,0.2133249828582927,0.0,0.4872004198495539,0.15233499999999997,0.2905195759277199,0.0,0.9655666666666667,0.3173533967323418,0.426497192299819,0.0,0.9740519294505604,0.24463070084394173,0.18859082699451424,0.004670525234902256,0.4895984625144831,-0.05313038218468712,0.30426168212731064,-0.48319667301751285,0.4895984625144831,0.003404118159073022,0.048729349073391236,-0.09193509357479367,0.07505352316268805,0.9970975478684718,2.220446049250313e-16,0.997097547868472,0.997097547868472,0.9945708766842097,0.003573086021117629,0.9818594708514453,0.9976915588272849,0.0025266711842623912,0.003573086021117629,-0.0005940109588128406,0.01523807701702673,0.0025266711842623912,0.003573086021117629,-0.0005940109588128406,0.01523807701702673
2024,header,high_density,class_conditional,random,0.1,20,120043,8,"{""high_quantile"": 0.75, ""label_0_q_high"": -9.1033284080691e-05, ""label_0_q_low"": -0.010899137938403667, ""label_1_q_high"": -1.1435297153639113e-15, ""label_1_q_low"": -0.025543050884712114, ""low_quantile"": 0.25}",0.2904380097131861,0.205583834035969,0.0012828736369467607,0.5002873970160693,0.11926517997717483,0.18423340189866824,0.0,0.48735036611880744,0.16214481477470571,0.2135386808778631,0.0,0.4783452596153045,0.23861583333333333,0.3685988377353639,0.0,0.97505,0.32417350898522723,0.42692443529839147,0.0,0.956347950635378,0.27964745393568946,0.17984231380871887,0.01348528921271257,0.5117206055057503,-0.018092935517123453,0.33115236672221093,-0.47358795130699155,0.5117206055057503,0.007417549383189927,0.04696993379343599,-0.0854919993442047,0.07271293461798703,0.9970975478684718,2.220446049250313e-16,0.997097547868472,0.997097547868472,0.9921307312537128,0.003754318061588919,0.9835247654458749,0.9970871336653176,0.004966816614759406,0.0037543180615889184,1.041420315439634e-05,0.013572782422597185,0.004966816614759406,0.0037543180615889184,1.041420315439634e-05,0.013572782422597185
2024,header,low_density,class_conditional,important,0.01,1,120000,1,"{""high_quantile"": 0.75, ""label_0_q_high"": -9.1033284080691e-05, ""label_0_q_low"": -0.010899137938403667, ""label_1_q_high"": -1.1435297153639113e-15, ""label_1_q_low"": -0.025543050884712114, ""low_quantile"": 0.25}",0.23441666666666666,0.0,0.23441666666666666,0.23441666666666666,0.204675,0.0,0.204675,0.204675,0.0,0.0,0.0,0.0,0.40935,0.0,0.40935,0.40935,0.0,0.0,0.0,0.0,0.17499164140333615,0.0,0.17499164140333615,0.17499164140333615,0.17499164140333615,0.0,0.17499164140333615,0.17499164140333615,-0.04879476447526356,0.0,-0.04879476447526356,-0.04879476447526356,0.8929876134722222,0.0,0.8929876134722222,0.8929876134722222,0.7764549059722223,0.0,0.7764549059722223,0.7764549059722223,0.11653270749999989,0.0,0.11653270749999989,0.11653270749999989,0.11653270749999989,0.0,0.11653270749999989,0.11653270749999989
2024,header,low_density,class_conditional,important,0.05,1,120000,4,"{""high_quantile"": 0.75, ""label_0_q_high"": -9.1033284080691e-05, ""label_0_q_low"": -0.010899137938403667, ""label_1_q_high"": -1.1435297153639113e-15, ""label_1_q_low"": -0.025543050884712114, ""low_quantile"": 0.25}",0.343675,0.0,0.343675,0.343675,0.269475,0.0,0.269475,0.269475,0.009658333333333333,0.0,0.009658333333333333,0.009658333333333333,0.53895,0.0,0.53895,0.53895,0.019316666666666666,0.0,0.019316666666666666,0.019316666666666666,0.2698259022276814,0.0,0.2698259022276814,0.2698259022276814,0.25179030926571055,0.0,0.25179030926571055,0.25179030926571055,-0.006455277416905978,0.0,-0.006455277416905978,-0.006455277416905978,0.8929876134722222,0.0,0.8929876134722222,0.8929876134722222,0.7526170243055557,0.0,0.7526170243055557,0.7526170243055557,0.14037058916666656,0.0,0.14037058916666656,0.14037058916666656,0.14037058916666656,0.0,0.14037058916666656,0.14037058916666656
2024,header,low_density,class_conditional,important,0.1,1,120000,8,"{""high_quantile"": 0.75, ""label_0_q_high"": -9.1033284080691e-05, ""label_0_q_low"": -0.010899137938403667, ""label_1_q_high"": -1.1435297153639113e-15, ""label_1_q_low"": -0.025543050884712114, ""low_quantile"": 0.25}",0.5061166666666667,0.0,0.5061166666666667,0.5061166666666667,0.0006666666666666666,0.0,0.0006666666666666666,0.0006666666666666666,0.410775,0.0,0.410775,0.410775,0.0013333333333333333,0.0,0.0013333333333333333,0.0013333333333333333,0.82155,0.0,0.82155,0.82155,0.48698841692049755,0.0,0.48698841692049755,0.48698841692049755,-0.48585904819428083,0.0,-0.48585904819428083,-0.48585904819428083,0.15687670157572478,0.0,0.15687670157572478,0.15687670157572478,0.8929876134722222,0.0,0.8929876134722222,0.8929876134722222,0.6773974176388889,0.0,0.6773974176388889,0.6773974176388889,0.21559019583333328,0.0,0.21559019583333328,0.21559019583333328,0.21559019583333328,0.0,0.21559019583333328,0.21559019583333328
2024,header,low_density,class_conditional,random,0.01,20,120000,1,"{""high_quantile"": 0.75, ""label_0_q_high"": -9.1033284080691e-05, ""label_0_q_low"": -0.010899137938403667, ""label_1_q_high"": -1.1435297153639113e-15, ""label_1_q_low"": -0.025543050884712114, ""low_quantile"": 0.25}",0.09849916666666667,0.12606606256740946,0.0,0.4085083333333333,0.03161708333333334,0.058328438632442504,0.0,0.204675,0.039782916666666675,0.09310100468170608,0.0,0.315375,0.06323416666666667,0.11665687726488501,0.0,0.40935,0.07956583333333335,0.18620200936341216,0.0,0.63075,0.08571369907679752,0.11005197960067356,0.0,0.35908627820590217,-0.00475130818463094,0.13941198475737132,-0.35908627820590217,0.25940615214365104,0.01004130331623029,0.027899782993168153,-0.04879476447526356,0.0899402830403602,0.8929876134722223,1.1102230246251565e-16,0.8929876134722222,0.8929876134722222,0.8858965761388887,0.025272840919635133,0.7764549059722223,0.8944712834722222,0.007091037333333328,0.025272840919635137,-0.001483669999999937,0.11653270749999989,0.007091037333333328,0.025272840919635137,-0.001483669999999937,0.11653270749999989
2024,header,low_density,class_conditional,random,0.05,20,120000,4,"{""high_quantile"": 0.75, ""label_0_q_high"": -9.1033284080691e-05, ""label_0_q_low"": -0.010899137938403667, ""label_1_q_high"": -1.1435297153639113e-15, ""label_1_q_low"": -0.025543050884712114, ""low_quantile"": 0.25}",0.29495499999999997,0.18419764163347296,0.0141,0.5065,0.09503708333333334,0.13849652453709504,0.0,0.3834666666666667,0.13405499999999998,0.17488711834351897,0.0,0.4118,0.19007416666666668,0.2769930490741901,0.0,0.7669333333333334,0.26810999999999996,0.34977423668703794,0.0,0.8236,0.2815493882237292,0.177397841197426,0.011168654343681037,0.4899116921874216,-0.03260867005675818,0.3308965629135347,-0.4899116921874216,0.47814798167602696,0.07388323963233209,0.06188546720246478,0.002792271598227743,0.1599192541316598,0.8929876134722223,1.1102230246251565e-16,0.8929876134722222,0.8929876134722222,0.882120475875,0.025520235758319746,0.774291439861111,0.8945611551388889,0.010867137597222205,0.025520235758319743,-0.001573541666666678,0.11869617361111118,0.010867137597222205,0.025520235758319743,-0.001573541666666678,0.11869617361111118
2024,header,low_density,class_conditional,random,0.1,20,120000,8,"{""high_quantile"": 0.75, ""label_0_q_high"": -9.1033284080691e-05, ""label_0_q_low"": -0.010899137938403667, ""label_1_q_high"": -1.1435297153639113e-15, ""label_1_q_low"": -0.025543050884712114, ""low_quantile"": 0.25}",0.34460999999999997,0.16664487554627455,0.03038333333333333,0.505875,0.13174833333333333,0.16344408174765257,0.0,0.395575,0.13979875,0.1729847198268575,0.0,0.41123333333333334,0.26349666666666666,0.32688816349530514,0.0,0.79115,0.2795975,0.345969439653715,0.0,0.8224666666666667,0.329880744096208,0.1661992636053788,0.025588156648733516,0.4952145642003711,0.0035627668108253615,0.36788014669936736,-0.48738042815971844,0.49519666576311766,0.08873840584680277,0.06002670331167105,-0.012809727800667404,0.15812264083187746,0.8929876134722223,1.1102230246251565e-16,0.8929876134722222,0.8929876134722222,0.8750425352638889,0.02019135133944554,0.8181079452777777,0.895827289861111,0.017945078208333343,0.02019135133944554,-0.0028396763888888232,0.07487966819444447,0.017945078208333343,0.02019135133944554,-0.0028396763888888232,0.07487966819444447
2024,header,mid_density,class_conditional,important,0.01,1,239957,1,"{""high_quantile"": 0.75, ""label_0_q_high"": -9.1033284080691e-05, ""label_0_q_low"": -0.010899137938403667, ""label_1_q_high"": -1.1435297153639113e-15, ""label_1_q_low"": -0.025543050884712114, ""low_quantile"": 0.25}",0.24448130290010295,0.0,0.24448130290010295,0.24448130290010295,0.2182057618656676,0.0,0.2182057618656676,0.2182057618656676,0.0,0.0,0.0,0.0,0.43633333333333335,0.0,0.43633333333333335,0.43633333333333335,0.0,0.0,0.0,0.0,0.1920763964332983,0.0,0.1920763964332983,0.1920763964332983,0.1920763964332983,0.0,0.1920763964332983,0.1920763964332983,-0.08174551951516429,0.0,-0.08174551951516429,-0.08174551951516429,0.9405141975179996,0.0,0.9405141975179996,0.9405141975179996,0.7912633563832596,0.0,0.7912633563832596,0.7912633563832596,0.14925084113473996,0.0,0.14925084113473996,0.14925084113473996,0.14925084113473996,0.0,0.14925084113473996,0.14925084113473996
2024,header,mid_density,class_conditional,important,0.05,1,239957,4,"{""high_quantile"": 0.75, ""label_0_q_high"": -9.1033284080691e-05, ""label_0_q_low"": -0.010899137938403667, ""label_1_q_high"": -1.1435297153639113e-15, ""label_1_q_low"": -0.025543050884712114, ""low_quantile"": 0.25}",0.3759756956454698,0.0,0.3759756956454698,0.3759756956454698,0.287755722900353,0.0,0.287755722900353,0.287755722900353,0.0009460028255062365,0.0,0.0009460028255062365,0.0009460028255062365,0.5754083333333333,0.0,0.5754083333333333,0.5754083333333333,0.0018923447568712122,0.0,0.0018923447568712122,0.0018923447568712122,0.2784455417514577,0.0,0.2784455417514577,0.2784455417514577,0.2728469712633739,0.0,0.2728469712633739,0.2728469712633739,-0.013036867725167336,0.0,-0.013036867725167336,-0.013036867725167336,0.9405141975179996,0.0,0.9405141975179996,0.9405141975179996,0.7837337441749961,0.0,0.7837337441749961,0.7837337441749961,0.1567804533430035,0.0,0.1567804533430035,0.1567804533430035,0.1567804533430035,0.0,0.1567804533430035,0.1567804533430035
2024,header,mid_density,class_conditional,important,0.1,1,239957,8,"{""high_quantile"": 0.75, ""label_0_q_high"": -9.1033284080691e-05, ""label_0_q_low"": -0.010899137938403667, ""label_1_q_high"": -1.1435297153639113e-15, ""label_1_q_low"": -0.025543050884712114, ""low_quantile"": 0.25}",0.4260263297174077,0.0,0.4260263297174077,0.4260263297174077,0.0,0.0,0.0,0.0,0.38358955979613013,0.0,0.38358955979613013,0.38358955979613013,0.0,0.0,0.0,0.0,0.7673166217894746,0.0,0.7673166217894746,0.7673166217894746,0.4351465059845227,0.0,0.4351465059845227,0.4351465059845227,-0.4350905402973273,0.0,-0.4350905402973273,-0.4350905402973273,0.1451878536277561,0.0,0.1451878536277561,0.1451878536277561,0.9405141975179996,0.0,0.9405141975179996,0.9405141975179996,0.6808988532696439,0.0,0.6808988532696439,0.6808988532696439,0.25961534424835564,0.0,0.25961534424835564,0.25961534424835564,0.25961534424835564,0.0,0.25961534424835564,0.25961534424835564
2024,header,mid_density,class_conditional,random,0.01,20,239957,1,"{""high_quantile"": 0.75, ""label_0_q_high"": -9.1033284080691e-05, ""label_0_q_low"": -0.010899137938403667, ""label_1_q_high"": -1.1435297153639113e-15, ""label_1_q_low"": -0.025543050884712114, ""low_quantile"": 0.25}",0.09101651545901975,0.10853250601297613,0.0,0.331971978312781,0.027862492029822005,0.05766851721944434,0.0,0.2182057618656676,0.03553532507907667,0.08471412468783754,0.0,0.2895352083915035,0.055715000000000015,0.11531636988688505,0.0,0.43633333333333335,0.07108338821411006,0.16945861615178295,0.0,0.5791742040897988,0.08204540331945168,0.10297021026567565,0.0,0.32407727947848525,0.000777733285080525,0.13165753886103987,-0.32407727947848525,0.265103685835355,0.0021993004596976935,0.028142863875789147,-0.08174551951516429,0.06922200667211942,0.9405141975179994,2.220446049250313e-16,0.9405141975179996,0.9405141975179996,0.9330644674359008,0.032563593436781224,0.7912633563832596,0.9443603148072504,0.00744973008209891,0.032563593436781224,-0.0038461172892507722,0.14925084113473996,0.00744973008209891,0.032563593436781224,-0.0038461172892507722,0.14925084113473996
2024,header,mid_density,class_conditional,random,0.05,20,239957,4,"{""high_quantile"": 0.75, ""label_0_q_high"": -9.1033284080691e-05, ""label_0_q_low"": -0.010899137938403667, ""label_1_q_high"": -1.1435297153639113e-15, ""label_1_q_low"": -0.025543050884712114, ""low_quantile"": 0.25}",0.2838896135557621,0.18146877045659032,0.01365661347658122,0.5525781702555042,0.09879770125480816,0.15868978409123766,0.0,0.4377117566897403,0.12426038831957391,0.1641120913291946,0.0,0.3849314668878174,0.19756,0.31732270434317594,0.0,0.8752666666666666,0.24856531923939412,0.32828301057111764,0.0,0.7700009169952566,0.272131037088216,0.1775878560945506,0.0134353813172055,0.5340678125915709,-0.008205617454740346,0.3246958550200411,-0.43746931662387845,0.5340678125915709,0.05879960487624393,0.06041012262668988,-0.010265361102979492,0.14663152145524616,0.9405141975179994,2.220446049250313e-16,0.9405141975179996,0.9405141975179996,0.9303606226693037,0.030858663201227543,0.7970785315432475,0.9417498355313432,0.010153574848695845,0.030858663201227546,-0.0012356380133435874,0.1434356659747521,0.010153574848695845,0.030858663201227546,-0.0012356380133435874,0.1434356659747521
2024,header,mid_density,class_conditional,random,0.1,20,239957,8,"{""high_quantile"": 0.75, ""label_0_q_high"": -9.1033284080691e-05, ""label_0_q_low"": -0.010899137938403667, ""label_1_q_high"": -1.1435297153639113e-15, ""label_1_q_low"": -0.025543050884712114, ""low_quantile"": 0.25}",0.3367315810749426,0.17615783912920677,0.020970423867609615,0.563876027788312,0.14028971857457792,0.18179447904478369,0.0,0.44894710302262486,0.12922877848947936,0.1632408039936062,0.0,0.3749755164466967,0.28052916666666666,0.36352381506790965,0.0,0.8977333333333334,0.25850388055719964,0.3265401235767296,0.0,0.7500854472852773,0.3234031281137557,0.17177033081790644,0.022503220904839336,0.5506311638995763,0.03474031995153847,0.3635284791696522,-0.4279480041967632,0.5506310946884571,0.07331974584263902,0.05651003595091664,-0.01590242049765673,0.1424831170292095,0.9405141975179994,2.220446049250313e-16,0.9405141975179996,0.9405141975179996,0.929144152526183,0.014374855560866175,0.8897962445570774,0.9440328687918726,0.011370044991816586,0.014374855560866175,-0.003518671273873064,0.050717952960922186,0.011370044991816586,0.014374855560866175,-0.003518671273873064,0.050717952960922186
2024,imports,high_density,class_conditional,important,0.01,1,166405,13,"{""high_quantile"": 0.75, ""label_0_q_high"": -2.3314683517128287e-15, ""label_0_q_low"": -0.4104607835703554, ""label_1_q_high"": -2.220446049250313e-16, ""label_1_q_low"": -0.11947164521860394, ""low_quantile"": 0.25}",0.03144136293981551,0.0,0.03144136293981551,0.03144136293981551,0.0025119437516901537,0.0,0.0025119437516901537,0.0025119437516901537,0.02407980529431207,0.0,0.02407980529431207,0.02407980529431207,0.004063380966268106,0.0,0.004063380966268106,0.004063380966268106,0.06306760053513812,0.0,0.06306760053513812,0.06306760053513812,0.03275447119817784,0.0,0.03275447119817784,0.03275447119817784,-0.021307248052091984,0.0,-0.021307248052091984,-0.021307248052091984,0.006844622953378009,0.0,0.006844622953378009,0.006844622953378009,0.9573197000856256,0.0,0.9573197000856256,0.9573197000856256,0.9044626442322011,0.0,0.9044626442322011,0.9044626442322011,0.052857055853424484,0.0,0.052857055853424484,0.052857055853424484,0.052857055853424484,0.0,0.052857055853424484,0.052857055853424484
2024,imports,high_density,class_conditional,important,0.05,1,166405,65,"{""high_quantile"": 0.75, ""label_0_q_high"": -2.3314683517128287e-15, ""label_0_q_low"": -0.4104607835703554, ""label_1_q_high"": -2.220446049250313e-16, ""label_1_q_low"": -0.11947164521860394, ""low_quantile"": 0.25}",0.056807187284035936,0.0,0.056807187284035936,0.056807187284035936,0.0,0.0,0.0,0.0,0.05141672425708362,0.0,0.05141672425708362,0.05141672425708362,0.0,0.0,0.0,0.0,0.13466593216337452,0.0,0.13466593216337452,0.13466593216337452,0.07420102323621192,0.0,0.07420102323621192,0.07420102323621192,-0.06961996810596895,0.0,-0.06961996810596895,-0.06961996810596895,-0.006326932602466072,0.0,-0.006326932602466072,-0.006326932602466072,0.9573197000856256,0.0,0.9573197000856256,0.9573197000856256,0.8436179164854639,0.0,0.8436179164854639,0.8436179164854639,0.1137017836001617,0.0,0.1137017836001617,0.1137017836001617,0.1137017836001617,0.0,0.1137017836001617,0.1137017836001617
2024,imports,high_density,class_conditional,important,0.1,1,166405,129,"{""high_quantile"": 0.75, ""label_0_q_high"": -2.3314683517128287e-15, ""label_0_q_low"": -0.4104607835703554, ""label_1_q_high"": -2.220446049250313e-16, ""label_1_q_low"": -0.11947164521860394, ""low_quantile"": 0.25}",0.07487755776569213,0.0,0.07487755776569213,0.07487755776569213,0.0,0.0,0.0,0.0,0.0688621135182236,0.0,0.0688621135182236,0.0688621135182236,0.0,0.0,0.0,0.0,0.18035728338710946,0.0,0.18035728338710946,0.18035728338710946,0.09846703981335442,0.0,0.09846703981335442,0.09846703981335442,-0.09417498849352586,0.0,-0.09417498849352586,-0.09417498849352586,-0.01823585747601342,0.0,-0.01823585747601342,-0.01823585747601342,0.9573197000856256,0.0,0.9573197000856256,0.9573197000856256,0.8135356248364165,0.0,0.8135356248364165,0.8135356248364165,0.1437840752492091,0.0,0.1437840752492091,0.1437840752492091,0.1437840752492091,0.0,0.1437840752492091,0.1437840752492091
2024,imports,high_density,class_conditional,random,0.01,20,166405,13,"{""high_quantile"": 0.75, ""label_0_q_high"": -2.3314683517128287e-15, ""label_0_q_low"": -0.4104607835703554, ""label_1_q_high"": -2.220446049250313e-16, ""label_1_q_low"": -0.11947164521860394, ""low_quantile"": 0.25}",0.006387428262371925,0.005477737094341618,0.0,0.018226615786785253,0.001300742165199363,0.0018717459908272767,0.0,0.007962501126769028,0.0011640275232114423,0.0030634923995319857,0.0,0.013172681109341666,0.00210411198600175,0.0030277815845592784,0.0,0.012880334402644114,0.003048713307625718,0.008023616160291493,0.0,0.034500668922641066,0.007580006380915064,0.004333090735281392,0.0005579017335779564,0.019738862048819267,0.0004820553366193473,0.007097663316555957,-0.019724334707587613,0.009577103631378741,-0.0017472387451364757,0.0028805889397915635,-0.007305784910401023,0.003002508168353986,0.9573197000856257,1.1102230246251565e-16,0.9573197000856256,0.9573197000856256,0.9636670916614163,0.01464361578991749,0.936410221878793,0.9877553510693861,-0.006347391575790551,0.01464361578991749,-0.030435650983760443,0.020909478206832643,-0.006347391575790551,0.01464361578991749,-0.030435650983760443,0.020909478206832643
2024,imports,high_density,class_conditional,random,0.05,20,166405,65,"{""high_quantile"": 0.75, ""label_0_q_high"": -2.3314683517128287e-15, ""label_0_q_low"": -0.4104607835703554, ""label_1_q_high"": -2.220446049250313e-16, ""label_1_q_low"": -0.11947164521860394, ""low_quantile"": 0.25}",0.022523962621315466,0.022950852690514344,0.0012559718758450768,0.08755145578558336,0.005565938523481867,0.011055313816697866,0.0,0.04984826177098044,0.011124064781707282,0.018483737195935216,0.0,0.07874763378504251,0.009003596772625643,0.017883343012225224,0.0,0.08063575386410032,0.029135122373494932,0.048410896168877,0.0,0.2062485244353506,0.024672710451501163,0.01914415682338777,0.01011861091283138,0.09395150430519597,-0.005689557253225901,0.027998311669582495,-0.09380862687371666,0.05073864196045661,-0.002055325203625914,0.0058791132521811545,-0.013017375536450916,0.01120579951492088,0.9573197000856257,1.1102230246251565e-16,0.9573197000856256,0.9573197000856256,0.9512849607084881,0.04484214481325954,0.7953338553928014,0.9928985153711064,0.006034739377137627,0.044842144813259543,-0.03557881528548079,0.16198584469282418,0.006034739377137627,0.044842144813259543,-0.03557881528548079,0.16198584469282418
2024,imports,high_density,class_conditional,random,0.1,20,166405,129,"{""high_quantile"": 0.75, ""label_0_q_high"": -2.3314683517128287e-15, ""label_0_q_low"": -0.4104607835703554, ""label_1_q_high"": -2.220446049250313e-16, ""label_1_q_low"": -0.11947164521860394, ""low_quantile"": 0.25}",0.04085424115861903,0.022044655237936722,0.006291878248850696,0.08475706859769838,0.0096298188155404,0.01120935438913929,0.0,0.03848442054024819,0.018981701270995466,0.02564207703910214,0.0,0.0757549352483399,0.01557742782152231,0.018132522767811056,0.0,0.06225332944493049,0.049715117651688054,0.06715935830159428,0.0,0.19841032501770678,0.03943083309879891,0.02181762443620647,0.015625635322303582,0.09238411538823935,-0.007362207084980277,0.04154356383370282,-0.09177946141783677,0.05210954935472155,-0.004965119952490169,0.004642910153912572,-0.015564217953688016,0.0018409762713473402,0.9573197000856257,1.1102230246251565e-16,0.9573197000856256,0.9573197000856256,0.9393507367933557,0.06324282839029233,0.7953046637600647,0.9958223574579781,0.01796896329227019,0.06324282839029233,-0.03850265737235248,0.1620150363255609,0.01796896329227019,0.06324282839029233,-0.03850265737235248,0.1620150363255609
2024,imports,low_density,class_conditional,important,0.01,1,120037,13,"{""high_quantile"": 0.75, ""label_0_q_high"": -2.3314683517128287e-15, ""label_0_q_low"": -0.4104607835703554, ""label_1_q_high"": -2.220446049250313e-16, ""label_1_q_low"": -0.11947164521860394, ""low_quantile"": 0.25}",0.10570074227113306,0.0,0.10570074227113306,0.10570074227113306,0.0328482051367495,0.0,0.0328482051367495,0.0328482051367495,0.03250664378483301,0.0,0.03250664378483301,0.03250664378483301,0.06571557140714321,0.0,0.06571557140714321,0.06571557140714321,0.06499433673129455,0.0,0.06499433673129455,0.06499433673129455,0.09912859993430614,0.0,0.09912859993430614,0.09912859993430614,0.028094689876294977,0.0,0.028094689876294977,0.028094689876294977,-0.01905729662764759,0.0,-0.01905729662764759,-0.01905729662764759,0.8910504895376136,0.0,0.8910504895376136,0.8910504895376136,0.8638416974537089,0.0,0.8638416974537089,0.8638416974537089,0.027208792083904698,0.0,0.027208792083904698,0.027208792083904698,0.027208792083904698,0.0,0.027208792083904698,0.027208792083904698
2024,imports,low_density,class_conditional,important,0.05,1,120037,65,"{""high_quantile"": 0.75, ""label_0_q_high"": -2.3314683517128287e-15, ""label_0_q_low"": -0.4104607835703554, ""label_1_q_high"": -2.220446049250313e-16, ""label_1_q_low"": -0.11947164521860394, ""low_quantile"": 0.25}",0.2120346226580138,0.0,0.2120346226580138,0.2120346226580138,0.03538908836442097,0.0,0.03538908836442097,0.03538908836442097,0.1329173504836009,0.0,0.1329173504836009,0.1329173504836009,0.07079882001966634,0.0,0.07079882001966634,0.07079882001966634,0.2657572123392631,0.0,0.2657572123392631,0.2657572123392631,0.18846860647205613,0.0,0.18846860647205613,0.18846860647205613,-0.07646036454770253,0.0,-0.07646036454770253,-0.07646036454770253,-0.04034067927148183,0.0,-0.04034067927148183,-0.04034067927148183,0.8910504895376136,0.0,0.8910504895376136,0.8910504895376136,0.7958174721006965,0.0,0.7958174721006965,0.7958174721006965,0.09523301743691703,0.0,0.09523301743691703,0.09523301743691703,0.09523301743691703,0.0,0.09523301743691703,0.09523301743691703
2024,imports,low_density,class_conditional,important,0.1,1,120037,129,"{""high_quantile"": 0.75, ""label_0_q_high"": -2.3314683517128287e-15, ""label_0_q_low"": -0.4104607835703554, ""label_1_q_high"": -2.220446049250313e-16, ""label_1_q_low"": -0.11947164521860394, ""low_quantile"": 0.25}",0.2713913210093554,0.0,0.2713913210093554,0.2713913210093554,0.047843581562351606,0.0,0.047843581562351606,0.047843581562351606,0.17592075776635538,0.0,0.17592075776635538,0.17592075776635538,0.0957150714154764,0.0,0.0957150714154764,0.0957150714154764,0.3517389566260244,0.0,0.3517389566260244,0.3517389566260244,0.24320060510042524,0.0,0.24320060510042524,0.24320060510042524,-0.10450381609830665,0.0,-0.10450381609830665,-0.10450381609830665,-0.054225035496131974,0.0,-0.054225035496131974,-0.054225035496131974,0.8910504895376136,0.0,0.8910504895376136,0.8910504895376136,0.7429306066132825,0.0,0.7429306066132825,0.7429306066132825,0.1481198829243311,0.0,0.1481198829243311,0.1481198829243311,0.1481198829243311,0.0,0.1481198829243311,0.1481198829243311
2024,imports,low_density,class_conditional,random,0.01,20,120037,13,"{""high_quantile"": 0.75, ""label_0_q_high"": -2.3314683517128287e-15, ""label_0_q_low"": -0.4104607835703554, ""label_1_q_high"": -2.220446049250313e-16, ""label_1_q_low"": -0.11947164521860394, ""low_quantile"": 0.25}",0.022786307555170488,0.013015864366744071,0.010138540616643201,0.06181427393220424,0.00480560160617143,0.004096823489454511,0.00025825370510759184,0.017044744537101062,0.007227771437140214,0.009020281558004415,0.0007997534093654457,0.04232861534360239,0.009614006433226113,0.008196036752781638,0.0005166580556990717,0.03409943167613873,0.014451329202478514,0.018035304440305416,0.0015990405756546072,0.0846325538010527,0.02105417378272533,0.011613270445345922,0.008397798118100215,0.057713305709573184,0.00016565486930962477,0.017926602987604602,-0.056560353078163296,0.037545301727006694,-0.0007146871489094719,0.0011060457590737287,-0.0036209193955391264,0.000545078539730233,0.8910504895376133,2.220446049250313e-16,0.8910504895376136,0.8910504895376136,0.8898592797122513,0.00221494583747357,0.8853930675044416,0.8922489018935655,0.0011912098253622715,0.00221494583747357,-0.0011984123559519722,0.005657422033171988,0.0011912098253622715,0.00221494583747357,-0.0011984123559519722,0.005657422033171988
2024,imports,low_density,class_conditional,random,0.05,20,120037,65,"{""high_quantile"": 0.75, ""label_0_q_high"": -2.3314683517128287e-15, ""label_0_q_low"": -0.4104607835703554, ""label_1_q_high"": -2.220446049250313e-16, ""label_1_q_low"": -0.11947164521860394, ""low_quantile"": 0.25}",0.07225313861559353,0.03657481239990907,0.03954613994018511,0.20379549638861352,0.015321109324624905,0.012068730488819866,0.0006831227038329848,0.05016786490831993,0.027693127952214736,0.03670720130487803,0.0011996301140481684,0.16196672692586453,0.03065115581406977,0.02414450095309196,0.0013666438892685122,0.10036499391676805,0.05537011126657339,0.07339300291547811,0.0023985608634819106,0.3238390299153841,0.06731583841943971,0.03260088698208223,0.038542560105682244,0.18260369363747303,-0.0041809384238644,0.06010310339606873,-0.17890778268388016,0.10233848875412131,-0.0021848650803212785,0.00501024997952762,-0.010616331393350257,0.00902366519572372,0.8910504895376133,2.220446049250313e-16,0.8910504895376136,0.8910504895376136,0.8815640913835614,0.0050807903410210135,0.8704963683956368,0.8927043993322568,0.009486398154052122,0.005080790341021014,-0.0016539097946431935,0.020554121141976744,0.009486398154052122,0.005080790341021014,-0.0016539097946431935,0.020554121141976744
2024,imports,low_density,class_conditional,random,0.1,20,120037,129,"{""high_quantile"": 0.75, ""label_0_q_high"": -2.3314683517128287e-15, ""label_0_q_low"": -0.4104607835703554, ""label_1_q_high"": -2.220446049250313e-16, ""label_1_q_low"": -0.11947164521860394, ""low_quantile"": 0.25}",0.10878312520306241,0.04015658477972239,0.06433016486583304,0.19355698659579962,0.024829427593158773,0.023306658539680915,0.0005248381748960737,0.08898922832126761,0.04326291060256421,0.0482000302917794,0.0011079917025583778,0.15247798595433074,0.04967333877768703,0.04662691240358791,0.0010499825002916617,0.178030366160564,0.08650059964021588,0.09637196075911658,0.0022153374641881536,0.3048670797521487,0.10104553071302436,0.03649557888561365,0.06039198563962424,0.1739737514750496,-0.006140017626285039,0.09081732459907804,-0.17014366007440293,0.15568624605750483,-0.003743674383565084,0.006072571507470395,-0.014186861468517812,0.0100016543370734,0.8910504895376133,2.220446049250313e-16,0.8910504895376136,0.8910504895376136,0.876122751021476,0.007841945525814175,0.8630747326452326,0.8883584652017632,0.014927738516137651,0.007841945525814175,0.0026920243358503626,0.027975756892380965,0.014927738516137651,0.007841945525814175,0.0026920243358503626,0.027975756892380965
2024,imports,mid_density,class_conditional,important,0.01,1,193558,13,"{""high_quantile"": 0.75, ""label_0_q_high"": -2.3314683517128287e-15, ""label_0_q_low"": -0.4104607835703554, ""label_1_q_high"": -2.220446049250313e-16, ""label_1_q_low"": -0.11947164521860394, ""low_quantile"": 0.25}",0.11479763171762469,0.0,0.11479763171762469,0.11479763171762469,0.03821593527521466,0.0,0.03821593527521466,0.03821593527521466,0.05900556939005363,0.0,0.05900556939005363,0.05900556939005363,0.09590426428451036,0.0,0.09590426428451036,0.09590426428451036,0.09809411744496646,0.0,0.09809411744496646,0.09809411744496646,0.09608963096744894,0.0,0.09608963096744894,0.09608963096744894,-0.002271927092943265,0.0,-0.002271927092943265,-0.002271927092943265,-0.022554315118811848,0.0,-0.022554315118811848,-0.022554315118811848,0.9281347097440041,0.0,0.9281347097440041,0.9281347097440041,0.866330888293427,0.0,0.866330888293427,0.866330888293427,0.06180382145057717,0.0,0.06180382145057717,0.06180382145057717,0.06180382145057717,0.0,0.06180382145057717,0.06180382145057717
2024,imports,mid_density,class_conditional,important,0.05,1,193558,65,"{""high_quantile"": 0.75, ""label_0_q_high"": -2.3314683517128287e-15, ""label_0_q_low"": -0.4104607835703554, ""label_1_q_high"": -2.220446049250313e-16, ""label_1_q_low"": -0.11947164521860394, ""low_quantile"": 0.25}",0.18896661465813866,0.0,0.18896661465813866,0.18896661465813866,0.032171235495303735,0.0,0.032171235495303735,0.032171235495303735,0.12895359530476652,0.0,0.12895359530476652,0.12895359530476652,0.08073487274565987,0.0,0.08073487274565987,0.08073487274565987,0.21437957897087495,0.0,0.21437957897087495,0.21437957897087495,0.15791921775194367,0.0,0.15791921775194367,0.15791921775194367,-0.08114659918485821,0.0,-0.08114659918485821,-0.08114659918485821,-0.04423222129202925,0.0,-0.04423222129202925,-0.04423222129202925,0.9281347097440041,0.0,0.9281347097440041,0.9281347097440041,0.8555232917656331,0.0,0.8555232917656331,0.8555232917656331,0.072611417978371,0.0,0.072611417978371,0.072611417978371,0.072611417978371,0.0,0.072611417978371,0.072611417978371
2024,imports,mid_density,class_conditional,important,0.1,1,193558,129,"{""high_quantile"": 0.75, ""label_0_q_high"": -2.3314683517128287e-15, ""label_0_q_low"": -0.4104607835703554, ""label_1_q_high"": -2.220446049250313e-16, ""label_1_q_low"": -0.11947164521860394, ""low_quantile"": 0.25}",0.23136217567860795,0.0,0.23136217567860795,0.23136217567860795,0.04461195093976999,0.0,0.04461195093976999,0.04461195093976999,0.15439816489114375,0.0,0.15439816489114375,0.15439816489114375,0.11195529567348209,0.0,0.11195529567348209,0.11195529567348209,0.25668003676060086,0.0,0.25668003676060086,0.25668003676060086,0.1938276870095431,0.0,0.1938276870095431,0.1938276870095431,-0.09260989337077591,0.0,-0.09260989337077591,-0.09260989337077591,-0.050347332404761386,0.0,-0.050347332404761386,-0.050347332404761386,0.9281347097440041,0.0,0.9281347097440041,0.9281347097440041,0.8150069848239875,0.0,0.8150069848239875,0.8150069848239875,0.11312772492001666,0.0,0.11312772492001666,0.11312772492001666,0.11312772492001666,0.0,0.11312772492001666,0.11312772492001666
2024,imports,mid_density,class_conditional,random,0.01,20,193558,13,"{""high_quantile"": 0.75, ""label_0_q_high"": -2.3314683517128287e-15, ""label_0_q_low"": -0.4104607835703554, ""label_1_q_high"": -2.220446049250313e-16, ""label_1_q_low"": -0.11947164521860394, ""low_quantile"": 0.25}",0.01499860506928156,0.009874852033217321,0.004877091104475145,0.04122795234503353,0.005095888570867646,0.005620469644102591,0.0001394930718440984,0.021435435373376454,0.002802519141549303,0.005001770322451089,5.166410068299941e-05,0.02300085762407134,0.012788315678927511,0.014104770752547154,0.0003500628816657807,0.053792996149308304,0.004659062604677529,0.008315219232948734,8.58892543953826e-05,0.03823789605682433,0.014803089697735708,0.008421236835550877,0.004778330922040137,0.03839723004964635,0.0011435904899729486,0.012875866369722615,-0.0374763956657127,0.027608837236049052,-0.0014004447625292592,0.003420280775117932,-0.007590602833053919,0.005556093520408069,0.9281347097440042,1.1102230246251565e-16,0.9281347097440041,0.9281347097440041,0.9261086491422267,0.007300527988063904,0.9082206669066897,0.9423735235219828,0.002026060601777513,0.007300527988063904,-0.014238813777978643,0.01991404283731446,0.002026060601777513,0.007300527988063904,-0.014238813777978643,0.01991404283731446
2024,imports,mid_density,class_conditional,random,0.05,20,193558,65,"{""high_quantile"": 0.75, ""label_0_q_high"": -2.3314683517128287e-15, ""label_0_q_low"": -0.4104607835703554, ""label_1_q_high"": -2.220446049250313e-16, ""label_1_q_low"": -0.11947164521860394, ""low_quantile"": 0.25}",0.05727998842724145,0.033935514529097134,0.0262143646865539,0.16295373996424845,0.020301408363384617,0.019766455665603113,0.0008679568914743901,0.07425681191167505,0.018436592649231757,0.03070921938856855,0.000351315884644396,0.12599324233563067,0.05094711457428465,0.049604631535775226,0.0021781690414759687,0.18635014067341726,0.03065000987726425,0.05105270238868797,0.0005840469298886016,0.20945812469401953,0.052333219699182955,0.02866905711744493,0.02417221903099232,0.14820272932141249,-0.003312499354809431,0.05007886658247391,-0.14625478967917713,0.08555075650236521,-0.004118549434904928,0.0068794576468662536,-0.011597385390081058,0.01133728686974231,0.9281347097440042,1.1102230246251565e-16,0.9281347097440041,0.9281347097440041,0.9129760292535248,0.02103628909696877,0.8654364566470405,0.943373113408449,0.015158680490479286,0.02103628909696877,-0.015238403664444844,0.06269825309696364,0.015158680490479286,0.02103628909696877,-0.015238403664444844,0.06269825309696364
2024,imports,mid_density,class_conditional,random,0.1,20,193558,129,"{""high_quantile"": 0.75, ""label_0_q_high"": -2.3314683517128287e-15, ""label_0_q_low"": -0.4104607835703554, ""label_1_q_high"": -2.220446049250313e-16, ""label_1_q_low"": -0.11947164521860394, ""low_quantile"": 0.25}",0.08208753965219728,0.04116988600383317,0.036536852003017185,0.18057119829715124,0.03020619142582585,0.030796783264207598,0.0005063081866933943,0.12537327312743468,0.026070221845648334,0.03960306466387009,0.0002014899926636977,0.14497979933663294,0.07580352396634212,0.07728563542965025,0.0012705986075276486,0.3146287388660556,0.04334057666045402,0.06583832198343512,0.0003349680921419921,0.24102242568432264,0.07668130802617876,0.03410611067319789,0.044302700385652864,0.16302908466671845,-0.0029814769559884185,0.07375713614068947,-0.1570443615892301,0.13090920768804495,-0.005330162440476391,0.007866359493606258,-0.020170450112607957,0.010323331655946063,0.9281347097440042,1.1102230246251565e-16,0.9281347097440041,0.9281347097440041,0.9069036312118085,0.029215633896781956,0.8343493495902776,0.9513212752664958,0.02123107853219579,0.029215633896781956,-0.023186565522491653,0.09378536015372652,0.02123107853219579,0.029215633896781956,-0.023186565522491653,0.09378536015372652
