feature_group,operator,test_week,selection_type,selection_mode,selection_value,n_trials,n_selected_features,n_candidate_features,auc_mean,auc_std,auc_min,auc_max,delta_auc_mean,delta_auc_std,delta_auc_min,delta_auc_max,flip_rate_mean,flip_rate_std,flip_rate_min,flip_rate_max,malware_to_benign_rate_mean,malware_to_benign_rate_std,malware_to_benign_rate_min,malware_to_benign_rate_max,mean_abs_probability_shift_mean,mean_abs_probability_shift_std,mean_abs_probability_shift_min,mean_abs_probability_shift_max,mean_signed_probability_shift_mean,mean_signed_probability_shift_std,mean_signed_probability_shift_min,mean_signed_probability_shift_max,mean_margin_shift_mean,mean_margin_shift_std,mean_margin_shift_min,mean_margin_shift_max,boundary_low_10_flip_rate_mean,boundary_low_10_flip_rate_std,boundary_low_10_flip_rate_min,boundary_low_10_flip_rate_max,boundary_low_10_malware_to_benign_rate_mean,boundary_low_10_malware_to_benign_rate_std,boundary_low_10_malware_to_benign_rate_min,boundary_low_10_malware_to_benign_rate_max,boundary_low_20_flip_rate_mean,boundary_low_20_flip_rate_std,boundary_low_20_flip_rate_min,boundary_low_20_flip_rate_max,boundary_low_20_malware_to_benign_rate_mean,boundary_low_20_malware_to_benign_rate_std,boundary_low_20_malware_to_benign_rate_min,boundary_low_20_malware_to_benign_rate_max
header,header_benign_substitution,2024-09-22_2024-09-28,baseline,baseline,0.0,5,0,7,0.9896785899999999,0.00024832973181455057,0.9893074225000001,0.9900274574999999,0.0,0.0,0.0,0.0,0.0,0.0,0.0,0.0,0.0,0.0,0.0,0.0,0.0,0.0,0.0,0.0,0.0,0.0,0.0,0.0,0.0,0.0,0.0,0.0,0.0,0.0,0.0,0.0,0.0,0.0,0.0,0.0,0.0,0.0,0.0,0.0,0.0,0.0,0.0,0.0
header,header_benign_substitution,2024-09-22_2024-09-28,important,budget,1.0,5,1,7,0.98512599825,0.0004119391578843729,0.9845761900000001,0.9856274975000001,-0.004552591750000001,0.0004974872534676574,-0.004971927499999973,-0.0037460975000002117,0.05626,0.006723421747889985,0.05065,0.0675,0.045090000000000005,0.006493720043241778,0.0392,0.055,0.12066999689425917,0.005970467601342713,0.11372513465306223,0.1315532734950815,-0.10377221871210034,0.005503972061357072,-0.11401911139667399,-0.09831511764549175,-0.09399720971930492,0.006153841997533889,-0.10521066119467669,-0.0866989985622147,0.2832,0.012651482126612662,0.2685,0.3025,0.1879,0.016644518617250546,0.161,0.2085,0.19905,0.012074145932528726,0.183,0.21725,0.14465,0.013656134152826706,0.1255,0.1605
header,header_benign_substitution,2024-09-22_2024-09-28,important,budget,2.0,5,2,7,0.9807886459999999,0.0006712325319484203,0.97999130375,0.981852845,-0.008889944000000028,0.0006465631623724873,-0.009783654999999891,-0.007872604999999977,0.12949,0.02194020054602966,0.0919,0.1592,0.11782000000000001,0.021859245183674575,0.08065,0.14735,0.1874913395808591,0.011072808385039407,0.16896390937368713,0.1995843005767985,-0.17076297479536398,0.01067027465525271,-0.18228923613856604,-0.1529493764216521,-0.1455859801381077,0.00889281230139054,-0.15701422279236812,-0.13354026262543908,0.35059999999999997,0.018919302312717552,0.32,0.373,0.2545,0.019010523401526855,0.232,0.2765,0.2644,0.015236961639382048,0.24425,0.2815,0.20934999999999998,0.016398627991390014,0.1845,0.22725
header,header_benign_substitution,2024-09-22_2024-09-28,important,budget,3.0,5,3,7,0.9807755199999999,0.0006578799069367589,0.9800091637500001,0.9818195762499998,-0.008903070000000079,0.0006341424230317765,-0.009788078749999873,-0.00790587375000018,0.12974,0.021956169975658323,0.0921,0.15945,0.11800999999999999,0.021878423160730756,0.08075,0.1475,0.1877893785808591,0.011026914202898544,0.16935250937368712,0.19977670057679853,-0.17099283179536398,0.010608114659185822,-0.18231583613856603,-0.15327057642165207,-0.1457915231381077,0.008891579928315628,-0.15722402279236813,-0.13365321262543908,0.352,0.018544540975715732,0.323,0.3745,0.25529999999999997,0.01884834210215849,0.2325,0.277,0.26555000000000006,0.015191609526314195,0.2455,0.28275,0.21020000000000003,0.016306747069848113,0.18575,0.228
header,header_benign_substitution,2024-09-22_2024-09-28,random,budget,1.0,100,1,7,0.9883423799499998,0.0018961535876771787,0.9845761900000001,0.9900324487500001,-0.001336210050000023,0.0019030844809778472,-0.004971927500000084,1.6717499999985286e-05,0.0171615,0.024243384515162072,0.0,0.0675,0.013653,0.019428961397871994,0.0,0.055,0.03724361181833192,0.051725142477376154,3.4100000000000205e-05,0.1315532734950815,-0.03175076050187062,0.04428625358600657,-0.11401911139667399,-3.41000000000001e-05,-0.029134875780778266,0.04044989090204987,-0.10521066119467669,-3.3700000000000074e-05,0.09266499999999997,0.1262805419492647,0.0,0.3025,0.062895,0.08560701767378653,0.0,0.2085,0.062487499999999994,0.08642280786198743,0.0,0.21725,0.045517499999999995,0.0630690519886735,0.0,0.1605
header,header_benign_substitution,2024-09-22_2024-09-28,random,budget,2.0,100,2,7,0.9875463062999998,0.0024251386825543844,0.97999130375,0.9900303137500001,-0.0021322837000000237,0.0023734999539301387,-0.009316118750000157,1.4157500000000489e-05,0.029458,0.03487550624722171,0.0,0.1592,0.024196,0.03046089351939631,0.0,0.14735,0.05755145685537252,0.059007145441088316,0.000591120000000001,0.1995843005767985,-0.04945531295295787,0.05160048910678825,-0.18228923613856604,-0.00023359999999999999,-0.04499442158638174,0.04609214643341813,-0.15701422279236812,-0.0002597000000000001,0.14034999999999997,0.13593151768445758,0.0,0.373,0.09566499999999997,0.09329370436958755,0.0,0.2765,0.0944675,0.09424361155404647,0.0,0.2815,0.06908500000000001,0.06991004237589904,0.0,0.22725
header,header_benign_substitution,2024-09-22_2024-09-28,random,budget,3.0,100,3,7,0.9865453695,0.0028156019464609084,0.9799544625,0.989978825,-0.0031332205000000144,0.0028268284379023897,-0.009815109999999905,-6.223749999922923e-06,0.043217500000000006,0.040133032762924854,0.0,0.15955,0.036347500000000005,0.036457439827146394,0.0,0.1477,0.07998520502876191,0.06131167475344347,0.0010280121411921418,0.2003684672434652,-0.06942268505592765,0.055034576278972604,-0.1831022028052327,-0.0006325392857142859,-0.0625324883676382,0.04770716131091454,-0.1577825894590348,-0.0006123392857142859,0.19192,0.12920309052031223,0.0,0.373,0.133625,0.09113935415066315,0.0,0.279,0.12954749999999998,0.09243955251270962,0.0,0.28325,0.0966875,0.07109579255307588,0.0,0.229
header,header_benign_substitution,2024-09-29_2024-10-05,baseline,baseline,0.0,5,0,7,0.9896915097500001,0.0004346030981333889,0.9889144675,0.99012076375,0.0,0.0,0.0,0.0,0.0,0.0,0.0,0.0,0.0,0.0,0.0,0.0,0.0,0.0,0.0,0.0,0.0,0.0,0.0,0.0,0.0,0.0,0.0,0.0,0.0,0.0,0.0,0.0,0.0,0.0,0.0,0.0,0.0,0.0,0.0,0.0,0.0,0.0,0.0,0.0
header,header_benign_substitution,2024-09-29_2024-10-05,important,budget,1.0,5,1,7,0.9864949535,0.0007715767486895946,0.9854073899999999,0.98752106375,-0.0031965562500000156,0.00040082558766091917,-0.003695497499999867,-0.002561950000000035,0.048960000000000004,0.0027893368387485935,0.04435,0.05225,0.03821,0.0023913176284216186,0.03375,0.04065,0.11194660873288678,0.007747969115814731,0.10434006467592626,0.1266555277221007,-0.09559144521475112,0.006929197238632845,-0.10849652620700212,-0.08860652350823849,-0.08812947355479364,0.007309598139332007,-0.10149139903154299,-0.08097848952192616,0.2779,0.012471567664090976,0.26,0.295,0.19360000000000002,0.010239140588936171,0.1785,0.2025,0.20415,0.011274528814988232,0.18925,0.2175,0.15259999999999999,0.008447780773670688,0.14175,0.1645
header,header_benign_substitution,2024-09-29_2024-10-05,important,budget,2.0,5,2,7,0.9838413559999999,0.00048701166697230847,0.9831672625,0.98467811625,-0.005850153750000064,0.0004776810059986537,-0.006534906250000083,-0.005220573750000068,0.09652999999999999,0.012913349681627924,0.07585,0.1136,0.08484,0.013373907432011034,0.06295,0.1019,0.16507643144723652,0.010638347503841735,0.15390357244327574,0.18041851255985197,-0.147622565103182,0.010404140898825423,-0.1612180927788131,-0.13481090989475564,-0.13297097542748462,0.01063170154794734,-0.14948100606792444,-0.1242755763083868,0.35969999999999996,0.019387109119205985,0.3395,0.3875,0.27090000000000003,0.01854561942885704,0.245,0.2925,0.27685,0.025276767989598672,0.24225,0.311,0.22215,0.024883026343272625,0.18875,0.25575
header,header_benign_substitution,2024-09-29_2024-10-05,important,budget,3.0,5,3,7,0.9838339545,0.0004862679218738585,0.9831716924999999,0.9846720375,-0.005857555250000068,0.00047028378781955997,-0.006530476250000139,-0.005234865000000033,0.09659,0.012906254297820103,0.0758,0.11355,0.08485,0.013373518609550737,0.06285,0.10185,0.16536111078056986,0.010614686273225515,0.15424257244327574,0.18072784922651866,-0.14784962310318198,0.0103703976908829,-0.1615153427788131,-0.1350900098947556,-0.13320735742748463,0.010570874019697779,-0.14962205606792442,-0.12458557630838679,0.3598,0.019242141252989484,0.34,0.387,0.2705,0.01867351065011611,0.2455,0.292,0.2771,0.02505623674856223,0.243,0.31075,0.22215000000000001,0.02469898783351253,0.1895,0.2555
header,header_benign_substitution,2024-09-29_2024-10-05,random,budget,1.0,100,1,7,0.9891849650125001,0.0011120345982797712,0.9854073899999999,0.9901208949999999,-0.0005065447375000154,0.0010432215323163889,-0.003695497499999867,4.269874999995871e-05,0.009744999999999998,0.01750760620416167,0.0,0.05225,0.007382500000000001,0.013500780301523315,0.0,0.04065,0.021990361229147107,0.03965698774038522,2.4800000000000193e-05,0.1266555277221007,-0.01819255064599436,0.0334030716134644,-0.10849652620700212,-2.0199999999999956e-05,-0.017219074088140926,0.031253611471195555,-0.10149139903154299,-1.6799999999999897e-05,0.058695000000000004,0.10330612022043999,0.0,0.295,0.039745,0.07088263168788247,0.0,0.2025,0.0401025,0.07260597508986433,0.0,0.2175,0.0289675,0.05346613010822832,0.0,0.1645
header,header_benign_substitution,2024-09-29_2024-10-05,random,budget,2.0,100,2,7,0.9883613948125002,0.0017951565108703371,0.9831672625,0.99012016125,-0.0013301149374999955,0.0017693391494866362,-0.006534906250000083,2.7846249999963213e-05,0.0240885,0.028574004667704527,0.0,0.1136,0.0192795,0.02423592694224836,0.0,0.1019,0.04940297909412241,0.05483119279927124,0.0002699170163170166,0.18041851255985197,-0.041842061414303425,0.047783586396937645,-0.1612180927788131,-0.0001272071428571429,-0.03879799332763624,0.04363777771609473,-0.14948100606792444,-0.00017320714285714293,0.12716499999999997,0.13300319648414471,0.0,0.3875,0.08940999999999998,0.09542618560961137,0.0,0.2925,0.08950250000000003,0.09756247674567307,0.0,0.311,0.06687249999999999,0.0749206454773983,0.0,0.25575
header,header_benign_substitution,2024-09-29_2024-10-05,random,budget,3.0,100,3,7,0.9881380773124999,0.001794073143544931,0.9831716924999999,0.99010818625,-0.0015534324375000264,0.0016813657140536333,-0.006530476250000139,1.920249999987078e-05,0.028045499999999998,0.025756614776596708,0.0,0.1035,0.022080000000000002,0.02179039467288282,0.0,0.09255,0.05919430322374539,0.05060195425572051,0.0007245241591741595,0.18072784922651866,-0.04957184160359637,0.04395830681562448,-0.1615153427788131,-0.0003718574925074926,-0.04619944552778734,0.040020557253015225,-0.14962205606792442,-0.0004050574925074926,0.15513,0.12357942021226673,0.0,0.378,0.10768499999999999,0.08838876215334165,0.0,0.2875,0.10719000000000001,0.09016630551375608,0.0,0.297,0.07894,0.06909691671847594,0.0,0.243
header,header_benign_substitution,2024-10-06_2024-10-12,baseline,baseline,0.0,5,0,7,0.9858993115000001,0.0005291085420989829,0.9852072137500002,0.9865308850000003,0.0,0.0,0.0,0.0,0.0,0.0,0.0,0.0,0.0,0.0,0.0,0.0,0.0,0.0,0.0,0.0,0.0,0.0,0.0,0.0,0.0,0.0,0.0,0.0,0.0,0.0,0.0,0.0,0.0,0.0,0.0,0.0,0.0,0.0,0.0,0.0,0.0,0.0,0.0,0.0
header,header_benign_substitution,2024-10-06_2024-10-12,important,budget,1.0,5,1,7,0.98274276425,0.0008464607592782348,0.9819193462499999,0.9838036487499999,-0.0031565472500001412,0.00038562508927827564,-0.0036105287500001193,-0.0026804137499999436,0.053689999999999995,0.00485246329197862,0.04835,0.06255,0.039569999999999994,0.004111763611882377,0.03335,0.0458,0.10883467528894541,0.004309073317746147,0.10537829535095179,0.11715254759927629,-0.08826158551562106,0.0037841690605170415,-0.09548656842638528,-0.08499566033776175,-0.08074625938088757,0.00423594239338092,-0.0884640136323762,-0.07593815139919463,0.2914,0.027729767398952342,0.268,0.343,0.1754,0.01550935201741195,0.158,0.2015,0.20884999999999998,0.019939658974014573,0.191,0.245,0.14024999999999999,0.014089002803605371,0.12425,0.16525
header,header_benign_substitution,2024-10-06_2024-10-12,important,budget,2.0,5,2,7,0.97795709,0.00044428098362271065,0.977292375,0.97862766625,-0.007942221500000101,0.0005951283634064325,-0.008732158749999885,-0.007279772500000337,0.10191000000000001,0.01299312895341226,0.08475,0.11935,0.08736999999999999,0.013316741343136469,0.07085,0.1053,0.18991812100624145,0.0061473059870716515,0.18252342134401717,0.19926717461221152,-0.16986598710892425,0.006292732353049007,-0.18065592487368012,-0.16154791708308155,-0.15261867353704148,0.0064453187193701175,-0.16013703630441228,-0.14403046409871226,0.38780000000000003,0.03685864891718088,0.342,0.444,0.2757,0.03447259781333575,0.239,0.327,0.30335,0.0316056165894608,0.2575,0.34875,0.23385000000000003,0.032258177257867504,0.19425,0.279
header,header_benign_substitution,2024-10-06_2024-10-12,important,budget,3.0,5,3,7,0.9779999825000001,0.000426420843398943,0.9773912962499999,0.9786774600000001,-0.007899329000000099,0.0005664547128055422,-0.008678921249999916,-0.00727419000000018,0.10196999999999998,0.012979314311626793,0.0846,0.11915,0.08728,0.013245474698930197,0.0707,0.105,0.1901920836729081,0.006100830454889178,0.18273052134401718,0.19948507461221152,-0.16989779510892428,0.006222414323115339,-0.18054282487368015,-0.16168141708308154,-0.15286286153704148,0.006367717520714799,-0.16028133630441227,-0.14445130409871224,0.38789999999999997,0.03676057670929551,0.3415,0.4445,0.27440000000000003,0.034418599622878326,0.2375,0.3265,0.30355,0.031966936043355806,0.25675,0.34975,0.2333,0.0321626335986343,0.1935,0.27875
header,header_benign_substitution,2024-10-06_2024-10-12,random,budget,1.0,100,1,7,0.9847098490249998,0.0016747781099757802,0.9819193462499999,0.9866318512500001,-0.0011894624750000927,0.0014849250566675173,-0.003884677499999878,0.00014142999999988692,0.019291999999999997,0.023501164566889023,0.0,0.06255,0.014293,0.01759783086064871,0.0,0.04775,0.04118632103454014,0.04932220817139824,2.8400000000000175e-05,0.11715254759927629,-0.03320705225066188,0.03995316952233169,-0.09548656842638528,7.897500000000013e-05,-0.031005639120914225,0.03710678458618136,-0.0884640136323762,-8.999999999999988e-06,0.11380999999999997,0.13633328243682832,0.0,0.343,0.07322500000000001,0.08853455187100683,0.0,0.2315,0.07507749999999998,0.09118800424809176,0.0,0.245,0.050837499999999994,0.062152769196150856,0.0,0.16525
header,header_benign_substitution,2024-10-06_2024-10-12,random,budget,2.0,100,2,7,0.9838277987249999,0.001959945224358471,0.9772923725,0.98663622375,-0.0020715127750000916,0.0019931344365065745,-0.008732158749999885,0.00014243249999978946,0.033544000000000004,0.028934978209772335,0.0,0.11935,0.025705500000000003,0.023497419959433847,0.0,0.1053,0.06690404598080016,0.05515840304020606,0.00030028065268065295,0.19926717461221152,-0.05478120286472176,0.04653023793296126,-0.18065592487368012,3.217500000000002e-05,-0.05063251853692349,0.0423560444828331,-0.16013703630441228,-0.00023649999999999992,0.18393,0.14461021782709546,0.0,0.414,0.11919999999999996,0.0966008281538,0.0,0.302,0.124295,0.100531322109082,0.0,0.32175,0.0862075,0.07209405362961635,0.0,0.256
header,header_benign_substitution,2024-10-06_2024-10-12,random,budget,3.0,100,3,7,0.9829721808999998,0.0026469934793106505,0.9772894625,0.98663391125,-0.002927130600000103,0.002633836579743394,-0.008737317500000064,0.00014100499999980531,0.045347500000000006,0.03475190381475524,5e-05,0.11945,0.035575499999999996,0.029727554133328896,0.0,0.1054,0.08913970400247859,0.06411525278807827,0.0006742616666666671,0.19948507461221152,-0.07465451454267848,0.05663688324325494,-0.18076697487368015,5.774999999999997e-06,-0.06852431740395881,0.05114455783943311,-0.16073943630441226,-0.00043942499999999996,0.22616000000000003,0.1456937006187982,0.0005,0.445,0.14689000000000002,0.09989603545686886,0.0,0.3275,0.159945,0.10880174964126267,0.00025,0.34925,0.112555,0.08179927857261335,0.0,0.27925
header,header_benign_substitution,2024-10-13_2024-10-19,baseline,baseline,0.0,5,0,7,0.9858495272500001,0.0004983628332440121,0.98506767125,0.98653694375,0.0,0.0,0.0,0.0,0.0,0.0,0.0,0.0,0.0,0.0,0.0,0.0,0.0,0.0,0.0,0.0,0.0,0.0,0.0,0.0,0.0,0.0,0.0,0.0,0.0,0.0,0.0,0.0,0.0,0.0,0.0,0.0,0.0,0.0,0.0,0.0,0.0,0.0,0.0,0.0
header,header_benign_substitution,2024-10-13_2024-10-19,important,budget,1.0,5,1,7,0.9813870117500001,0.0008681403659004934,0.9802835612500002,0.9828227074999999,-0.0044625154999999635,0.0004094675959382387,-0.004880466249999937,-0.0037142362500001136,0.04812,0.0019392266499818948,0.04575,0.0516,0.03789,0.0025486074629098923,0.03595,0.04285,0.10610912128953864,0.006171914694001367,0.09851739896756845,0.11717436566733895,-0.08945448737614012,0.0052526592768102395,-0.09860420934821203,-0.08259627400676722,-0.0817609766226137,0.005188877818542934,-0.0904532769827587,-0.0754156719428438,0.2629,0.010969958978957042,0.2525,0.2805,0.17919999999999997,0.010102474944289641,0.163,0.194,0.19870000000000002,0.009980480950335009,0.1855,0.21475,0.14925,0.011172510908475316,0.13375,0.16325
header,header_benign_substitution,2024-10-13_2024-10-19,important,budget,2.0,5,2,7,0.9773717487499999,0.00032079935546707296,0.97697578875,0.9777680474999999,-0.008477778500000043,0.0004503619865920254,-0.008956678750000058,-0.007925832500000007,0.08767,0.007416913104519969,0.08055,0.1004,0.07499000000000001,0.008336989864453475,0.06685,0.08845,0.16128616721659353,0.008569526520133815,0.1518646406222827,0.17166381336393366,-0.14333378228233662,0.008213605110644678,-0.15466792462058757,-0.1331537698418235,-0.12843633118549205,0.008728130815980655,-0.14047295141739563,-0.12091679651216895,0.3519,0.01758237754116319,0.3305,0.382,0.2557,0.018007220773900684,0.231,0.2805,0.28015,0.014068226611765959,0.2615,0.3015,0.22190000000000004,0.017819652072922184,0.20075,0.247
header,header_benign_substitution,2024-10-13_2024-10-19,important,budget,3.0,5,3,7,0.9773346892499999,0.0003306451013639711,0.9769729587500001,0.97779127375,-0.008514838000000035,0.0003986577300968739,-0.008957610000000171,-0.008020880000000008,0.08796000000000001,0.007047793981097916,0.0813,0.1002,0.07526,0.007998712396379809,0.06735,0.0882,0.16177347384441304,0.008518025372203506,0.15252859149947567,0.17228553169726699,-0.14377727328233664,0.00811525610353473,-0.1548031246205876,-0.13382966984182354,-0.12872002150967002,0.008636736161412552,-0.14053432641739563,-0.12114109651216898,0.3532,0.015857490343683008,0.335,0.3815,0.2569,0.016451139778143047,0.2345,0.2795,0.2815,0.012184005909387933,0.26525,0.3005,0.22315000000000002,0.016137378969337,0.2045,0.24575
header,header_benign_substitution,2024-10-13_2024-10-19,random,budget,1.0,100,1,7,0.9849564364874999,0.0016307318074843407,0.9802835612500002,0.9866077125000001,-0.0008930907625000261,0.0015626460750376055,-0.004880466249999937,0.00016462000000017074,0.0119045,0.018974542280381892,0.0,0.0516,0.009102,0.01462308264354681,0.0,0.04285,0.023358555535657577,0.03813505434763362,3.060000000000019e-05,0.11717436566733895,-0.018975559685395348,0.03151444076576153,-0.09860420934821203,-2.8400000000000036e-05,-0.01769357363924123,0.029154719846655075,-0.0904532769827587,-2.200000000000004e-05,0.06856000000000001,0.10691057665170459,0.0,0.2805,0.046130000000000004,0.0713684320971114,0.0,0.194,0.04680749999999999,0.07459358094869828,0.0,0.21475,0.033525,0.05390348434934425,0.0,0.16325
header,header_benign_substitution,2024-10-13_2024-10-19,random,budget,2.0,100,2,7,0.9840398276625001,0.0023671272781452648,0.97697578875,0.9866059199999999,-0.0018096995874999978,0.0023372265652679036,-0.008956678750000058,0.00016351999999997258,0.022308999999999992,0.025417411728970354,0.0,0.1004,0.017449500000000003,0.020837399663825616,0.0,0.08845,0.04340619715406005,0.048891791984802375,0.0003085268065268068,0.17157723554593382,-0.035841119767227765,0.0418116816851292,-0.15466792462058757,-0.0002936999999999999,-0.03317819604671909,0.037941969294162235,-0.13765954898635255,-0.00022837500000000004,0.12097499999999999,0.12534164062672867,0.0,0.382,0.08234,0.08597435315255358,0.0,0.2805,0.08435749999999999,0.09177203587558685,0.0,0.3015,0.06147499999999999,0.0691681962682272,0.0,0.247
header,header_benign_substitution,2024-10-13_2024-10-19,random,budget,3.0,100,3,7,0.9825129621625,0.002635921155557564,0.97685147625,0.98658829875,-0.003336565087500023,0.0026676069785532617,-0.009007988750000084,0.00013896875000019016,0.0396625,0.026395417571048196,0.0,0.1011,0.0315645,0.02279111043257875,0.0,0.08915,0.07699684018483816,0.05034622868286621,0.0009282934731934737,0.17252681336393363,-0.06451968066902687,0.04488381527896504,-0.15533242462058758,-0.0006476166666666668,-0.05930954579572374,0.040074010181593935,-0.14136214496578273,-0.00033398214285714303,0.207305,0.11316143103990864,0.0,0.3895,0.142785,0.08038004276560196,0.0,0.288,0.147135,0.08828341024790559,0.0,0.305,0.10907999999999998,0.07003608784048408,0.0,0.2505
header,header_benign_substitution,2024-10-20_2024-10-26,baseline,baseline,0.0,5,0,7,0.987149954,0.000313896379380769,0.98683577125,0.987644305,0.0,0.0,0.0,0.0,0.0,0.0,0.0,0.0,0.0,0.0,0.0,0.0,0.0,0.0,0.0,0.0,0.0,0.0,0.0,0.0,0.0,0.0,0.0,0.0,0.0,0.0,0.0,0.0,0.0,0.0,0.0,0.0,0.0,0.0,0.0,0.0,0.0,0.0,0.0,0.0
header,header_benign_substitution,2024-10-20_2024-10-26,important,budget,1.0,5,1,7,0.9833312197499999,0.0006320263740884274,0.9827801850000001,0.9842693412500001,-0.003818734250000011,0.0005926708472740152,-0.004588036249999927,-0.002921971250000044,0.05047,0.0035208805716752164,0.0446,0.05525,0.04073,0.00428095783674635,0.0342,0.04575,0.10796698539452076,0.00465307019022239,0.10331891828363853,0.11662035325720745,-0.09140675556388489,0.003322527239210188,-0.0972982214526571,-0.08751039512970091,-0.08200934826093817,0.004012448891063879,-0.08824186553287361,-0.07692029391282618,0.25770000000000004,0.011178550889985706,0.2495,0.2795,0.1778,0.008846468221838585,0.162,0.1885,0.19225,0.013225921517988836,0.178,0.21175,0.146,0.010318672395226044,0.1275,0.15625
header,header_benign_substitution,2024-10-20_2024-10-26,important,budget,2.0,5,2,7,0.9801432035,0.0007816404943564144,0.9788647075,0.98098592375,-0.007006750500000103,0.0006268465100328719,-0.008121040000000135,-0.006302117500000093,0.08724,0.005994030363620126,0.07815,0.09345,0.07532000000000001,0.007160418982154606,0.06615,0.0834,0.16557318029346316,0.007699876351520554,0.15423442093109466,0.17457832793563827,-0.14770989323823416,0.006912801945274772,-0.15686825085669243,-0.13704217178387568,-0.13217260777520695,0.008056326778310065,-0.14214488846184353,-0.12237113932906792,0.33340000000000003,0.012059850745345062,0.319,0.352,0.2439,0.02036025540114859,0.225,0.281,0.26465000000000005,0.014688941418631914,0.23775,0.27975,0.21080000000000002,0.018577809343407525,0.18425,0.236
header,header_benign_substitution,2024-10-20_2024-10-26,important,budget,3.0,5,3,7,0.9801554745000001,0.0007748077431312052,0.97889001125,0.9810037137500001,-0.006994479500000072,0.0006181702251259687,-0.008095736250000152,-0.006305572500000189,0.08715999999999999,0.006031036395181181,0.07775,0.0934,0.07526,0.007047581145329225,0.0661,0.08315,0.16580559130421585,0.0076885577448300765,0.15445107093109464,0.17477782793563823,-0.14785903923823415,0.00686923258656467,-0.15692575085669244,-0.13724377178387567,-0.13238924266409585,0.008019882900491798,-0.14229473846184354,-0.12257163932906792,0.3325,0.012849124483792657,0.3145,0.3495,0.2432,0.019296631830451664,0.224,0.2785,0.26425,0.015171519370188352,0.23575,0.2785,0.2105,0.018058931308358197,0.184,0.23475
header,header_benign_substitution,2024-10-20_2024-10-26,random,budget,1.0,100,1,7,0.9862065858499999,0.0015141623759708216,0.9827801850000001,0.98772175125,-0.0009433681500000457,0.001479850271420199,-0.004588036249999927,0.00017639500000010688,0.014813500000000002,0.020538318888117406,0.0,0.05525,0.011407500000000001,0.016276546585501483,0.0,0.04575,0.03242503757212916,0.04454218457611599,2.850000000000005e-05,0.11662035325720745,-0.026580396779109252,0.03711375450172955,-0.0972982214526571,-2.6500000000000024e-05,-0.024853617798923366,0.034065452644917685,-0.08824186553287361,-2.6500000000000007e-05,0.08440500000000001,0.11246036401772848,0.0,0.2795,0.056545,0.07636927048885565,0.0,0.1885,0.05797999999999999,0.0794866787581416,0.0,0.21175,0.04209999999999999,0.05903688465696679,0.0,0.15625
header,header_benign_substitution,2024-10-20_2024-10-26,random,budget,2.0,100,2,7,0.9857727551250001,0.0018558382627706757,0.9788647075,0.98769824,-0.0013771988750000386,0.0018394973201654237,-0.008121040000000135,0.00018196874999987234,0.021630000000000003,0.023741412131547693,0.0,0.0934,0.017011000000000002,0.019570295833226437,0.0,0.08095,0.04521661048125218,0.04840965622420611,0.0004565233333333339,0.17457832793563827,-0.037347775488747195,0.04121907353542077,-0.15686825085669243,-0.00015359523809523802,-0.03473822481652456,0.03730179634705335,-0.14138908170261358,-0.00027426666666666665,0.11838999999999998,0.11860039165196716,0.0,0.334,0.08150999999999999,0.08315425364946763,0.0,0.2445,0.081575,0.08539301420491022,0.0,0.2755,0.060207500000000004,0.06507669566557601,0.0,0.22
header,header_benign_substitution,2024-10-20_2024-10-26,random,budget,3.0,100,3,7,0.9847212911750001,0.002599798831071091,0.9788415675000001,0.9877242975,-0.0024286628250000564,0.0025849766185023224,-0.008144180000000056,0.0001815049999999152,0.034285,0.03193480976927841,0.00015,0.0938,0.028120999999999997,0.02761577101947364,0.0,0.08355,0.06913467431124444,0.06138024988216838,0.0008344383333333339,0.17519275538311724,-0.05901129873926275,0.054217758133517896,-0.15750867830417142,-0.00020866190476190481,-0.053871408806748775,0.04848955674230761,-0.1429374384618435,-0.0004136619047619048,0.164095,0.13196570946651257,0.001,0.3535,0.11587499999999999,0.09566583441856344,0.0,0.2825,0.11941500000000001,0.1019588043035029,0.00075,0.2805,0.09094750000000001,0.08085103814268559,0.0,0.23675
header,header_benign_substitution,2024-10-27_2024-11-02,baseline,baseline,0.0,5,0,7,0.9798009397499999,0.0007482788461903451,0.9788084224999999,0.9810180375,0.0,0.0,0.0,0.0,0.0,0.0,0.0,0.0,0.0,0.0,0.0,0.0,0.0,0.0,0.0,0.0,0.0,0.0,0.0,0.0,0.0,0.0,0.0,0.0,0.0,0.0,0.0,0.0,0.0,0.0,0.0,0.0,0.0,0.0,0.0,0.0,0.0,0.0,0.0,0.0
header,header_benign_substitution,2024-10-27_2024-11-02,important,budget,1.0,5,1,7,0.974728129,0.0014091657782052437,0.9727651037499999,0.9764396700000002,-0.0050728107499999455,0.0009404491813114079,-0.006505357500000031,-0.0035641912499997375,0.06951,0.006009192957461091,0.0614,0.0774,0.05308,0.004904141107268427,0.0465,0.0607,0.10955778465446778,0.0029259571155639706,0.10627445294388238,0.11494890149914329,-0.08454131635738661,0.002336616341759561,-0.08906761070172016,-0.082689486239184,-0.06884635897275967,0.0030955790277941314,-0.07348855277338973,-0.06536475831271787,0.29849999999999993,0.04317869845189871,0.239,0.3655,0.1786,0.030581693870680212,0.1335,0.217,0.2319,0.023498723369579037,0.20575,0.26975,0.15675,0.014442125882293086,0.13875,0.174
header,header_benign_substitution,2024-10-27_2024-11-02,important,budget,2.0,5,2,7,0.9707275684999999,0.0010160622605872459,0.96922954875,0.9718639912500001,-0.009073371249999962,0.00041512595939962693,-0.009578873749999883,-0.008568351250000106,0.11216,0.011023538451876517,0.0992,0.1275,0.09437,0.010403970395959418,0.08235,0.1064,0.17636811951540624,0.005343493652959461,0.16883083328457574,0.18508186704704233,-0.15058473102959785,0.006218346542203988,-0.16043174081988762,-0.14100716824737053,-0.1269216642746078,0.006291423168102492,-0.1367481209984135,-0.11956759336535772,0.37099999999999994,0.06370949693726989,0.297,0.4655,0.2476,0.05228709209738097,0.184,0.313,0.3038,0.033155844130409354,0.27025,0.34625,0.22359999999999997,0.02932814348028187,0.1945,0.266
header,header_benign_substitution,2024-10-27_2024-11-02,important,budget,3.0,5,3,7,0.9707172782500001,0.0010243511925849894,0.9692199425000001,0.97187072125,-0.009083661499999996,0.000419413491520679,-0.009588479999999788,-0.008554605000000048,0.11217999999999999,0.01090167876980422,0.0995,0.1274,0.09437000000000001,0.010281711919714538,0.0825,0.1063,0.17670178484873958,0.005283296674322555,0.1692206832845757,0.18527626704704234,-0.15086291702959786,0.006143610493328977,-0.16054214081988763,-0.14136546824737053,-0.1272147422746078,0.0062605877639719774,-0.1369585209984135,-0.11984699336535773,0.3698,0.06333056134284616,0.2965,0.4645,0.2465,0.052062462484980476,0.1825,0.311,0.30365000000000003,0.03273858579719044,0.271,0.34575,0.22335000000000002,0.02893164357584961,0.1945,0.265
header,header_benign_substitution,2024-10-27_2024-11-02,random,budget,1.0,100,1,7,0.9788284485624998,0.0018275754628170324,0.9727651037499999,0.9810437075,-0.0009724911874999997,0.0016774446291134052,-0.006505357500000031,2.8745000000163223e-05,0.0163885,0.025531546031331516,0.0,0.0774,0.012422500000000003,0.019477149913424193,0.0,0.0607,0.028353952454910653,0.04301600333772035,3.1900000000000355e-05,0.11494890149914329,-0.021985235179074268,0.0333510804715626,-0.08906761070172016,-2.6899999999999712e-05,-0.01970670785456657,0.02955112068499967,-0.07348855277338973,-2.2699999999999708e-05,0.08172499999999999,0.12456450888997234,0.0,0.3655,0.051925,0.08010662815897321,0.0,0.221,0.058335,0.08963695680354171,0.0,0.26975,0.0402925,0.06199473823438567,0.0,0.174
header,header_benign_substitution,2024-10-27_2024-11-02,random,budget,2.0,100,2,7,0.9773606313999997,0.002694526928448049,0.9698244549999999,0.981043125,-0.002440308349999982,0.0026328534231872943,-0.009446006250000027,2.5087499999965068e-05,0.037627,0.03511375116674378,0.0,0.1223,0.029052499999999995,0.027993671941172703,0.0,0.10555,0.061519300656102394,0.054643695521249584,0.0005127433333333341,0.17819721060645874,-0.048247562088644766,0.04374755303451815,-0.15146832493359266,-0.00024377499999999973,-0.041691385256427786,0.03705641646217334,-0.1315782428820322,-0.0003007749999999997,0.171195,0.1493055071824211,0.0,0.4245,0.107585,0.09646579847282663,0.0,0.313,0.1267775,0.11279490178527575,0.0,0.342,0.08765249999999998,0.0790868185524617,0.0,0.266
header,header_benign_substitution,2024-10-27_2024-11-02,random,budget,3.0,100,3,7,0.9767354769125,0.003041001613543705,0.96915357625,0.98102312125,-0.003065462837499985,0.0028737777498775113,-0.009654846249999904,1.3343750000172072e-05,0.0441595,0.035110473291455356,0.0002,0.1277,0.03430149999999999,0.028274866449728812,0.0,0.1066,0.07400324676268565,0.056156889356242155,0.0010524276190476192,0.18590746704704234,-0.05842124545981768,0.045831155153889816,-0.16130354081988765,-0.0006193609523809526,-0.0504199066577268,0.03879934934541283,-0.1375031209984135,-0.0006875609523809527,0.192015,0.1392621171568205,0.0015,0.4665,0.12008499999999998,0.08924802672888628,0.0,0.313,0.1453525,0.10760944483989311,0.00075,0.34725,0.10070749999999996,0.07530740381097996,0.0,0.266
header,header_benign_substitution,2024-11-03_2024-11-09,baseline,baseline,0.0,5,0,7,0.985100248,0.0005816446110687446,0.9842435050000001,0.985587635,0.0,0.0,0.0,0.0,0.0,0.0,0.0,0.0,0.0,0.0,0.0,0.0,0.0,0.0,0.0,0.0,0.0,0.0,0.0,0.0,0.0,0.0,0.0,0.0,0.0,0.0,0.0,0.0,0.0,0.0,0.0,0.0,0.0,0.0,0.0,0.0,0.0,0.0,0.0,0.0
header,header_benign_substitution,2024-11-03_2024-11-09,important,budget,1.0,5,1,7,0.97952558725,0.0008481589295612912,0.9784684087500001,0.9804978637499999,-0.005574660749999993,0.0003477883154085598,-0.006085043749999963,-0.005034522500000138,0.06872,0.0023718347328597757,0.06635,0.07315,0.05708,0.0032296439432234654,0.0538,0.0627,0.11338550718106691,0.00390919188680551,0.10692683925179863,0.1186863998861996,-0.09455391521053762,0.003577842914908878,-0.10002869964460613,-0.08878649518256256,-0.07887715613582791,0.004746393254531371,-0.08689999331058613,-0.07238652451616381,0.3014,0.015275470532851018,0.2715,0.3135,0.2096,0.022224760966093653,0.1685,0.231,0.24860000000000002,0.009152322109716195,0.233,0.2605,0.19360000000000002,0.010603772913449253,0.17575,0.20625
header,header_benign_substitution,2024-11-03_2024-11-09,important,budget,2.0,5,2,7,0.9754414167499998,0.0012291117803679222,0.9735368362499999,0.9771132024999999,-0.009658831250000045,0.0012213391547828438,-0.011016616250000166,-0.007974226249999994,0.10981999999999999,0.0126782333154111,0.0896,0.12585,0.09726,0.014117839778096362,0.0753,0.1158,0.17481283321485588,0.009915586530058425,0.16093370954087044,0.19149522428327756,-0.1549392798459403,0.01076113166742581,-0.17276468868718356,-0.1397996871435992,-0.13205654030231112,0.008778274343393476,-0.1476469324323631,-0.12118874335901096,0.3691,0.0448055800096372,0.308,0.4465,0.2754,0.05198692143222178,0.205,0.361,0.31475,0.02224466228109565,0.2765,0.33825,0.25684999999999997,0.028107205481868878,0.21225,0.2885
header,header_benign_substitution,2024-11-03_2024-11-09,important,budget,3.0,5,3,7,0.97543362175,0.0012190478039230603,0.9735381425,0.977088055,-0.009666626249999987,0.001211292114998143,-0.01101531,-0.007989256250000132,0.10991,0.012702574542194194,0.08945,0.12595,0.09728,0.014052316535005889,0.07535,0.1158,0.1749969078815225,0.00987877538852411,0.16111305954087043,0.19158392428327753,-0.15508677384594033,0.010694607433059639,-0.17279078868718356,-0.14001118714359917,-0.13220967430231106,0.008746246411793154,-0.1477284324323631,-0.12133884335901093,0.3698,0.044843728658531506,0.3065,0.446,0.27549999999999997,0.05125329257716034,0.2055,0.3595,0.31504999999999994,0.02236816934842903,0.27575,0.33775,0.25684999999999997,0.027776158841711713,0.2125,0.2875
header,header_benign_substitution,2024-11-03_2024-11-09,random,budget,1.0,100,1,7,0.9841121996249999,0.0019524725409714675,0.97846840375,0.9856070287500001,-0.0009880483750000424,0.0018136730078282663,-0.006085048750000044,1.9393750000040733e-05,0.013678000000000001,0.02305726818163852,0.0,0.06895,0.010772500000000003,0.018708205920130342,0.0,0.05845,0.024548412429808562,0.04031008645020981,3.9000000000000345e-05,0.1186863998861996,-0.01987562461201893,0.03302141715409118,-0.10002869964460613,-3.660000000000025e-05,-0.0177888740799374,0.028887666196427332,-0.08689999331058613,-3.499999999999982e-05,0.07324499999999999,0.11694843938676566,0.0,0.3135,0.049370000000000004,0.0809069100880759,0.0,0.231,0.051635,0.08563075834651938,0.0,0.2605,0.0379175,0.06485571539001016,0.0,0.20025
header,header_benign_substitution,2024-11-03_2024-11-09,random,budget,2.0,100,2,7,0.9827125174625,0.0026464506717863057,0.97551054125,0.98559228875,-0.0023877305375000378,0.0025929927753760807,-0.010073719999999842,9.396249999849005e-06,0.032041,0.03210357875689251,0.0,0.12585,0.026096000000000005,0.027307606705824657,0.0,0.1158,0.054085924522828635,0.05170736870481032,0.0004296500000000006,0.17248586884465686,-0.044493713127902394,0.043445164185355635,-0.15313948668205477,-0.0001074250000000002,-0.03872097699638599,0.03681929755027208,-0.13266205761236832,-0.0001816250000000002,0.1529,0.13887467371698844,0.0,0.3755,0.104775,0.09863223040669819,0.0,0.298,0.115495,0.11050585946003044,0.0,0.33225,0.0874175,0.08708083209725317,0.0,0.28475
header,header_benign_substitution,2024-11-03_2024-11-09,random,budget,3.0,100,3,7,0.981297354775,0.00335081608074583,0.9734287925,0.98559072375,-0.0038028932250000324,0.003357730422610834,-0.011124660000000008,6.876249999843154e-06,0.04809899999999998,0.036729463636160004,0.0003,0.12585,0.039891499999999996,0.03275660319309681,0.0,0.11595,0.08153107280835739,0.058368529556946734,0.0008348933333333339,0.19214004428327755,-0.06833168601854585,0.05129838682981422,-0.17345508868718357,-0.00039738666666666676,-0.05926435367506432,0.04297680771405521,-0.14831113243236313,-0.00045814666666666685,0.21359000000000003,0.13536281579518059,0.001,0.4465,0.148545,0.10113703809683175,0.0,0.361,0.16554499999999997,0.11378045405516712,0.00125,0.33825,0.12688999999999998,0.09343083217011394,0.0,0.2885
header,header_benign_substitution,2024-11-10_2024-11-16,baseline,baseline,0.0,5,0,7,0.9834394455,0.0005590071635394943,0.9826748225,0.9843270125,0.0,0.0,0.0,0.0,0.0,0.0,0.0,0.0,0.0,0.0,0.0,0.0,0.0,0.0,0.0,0.0,0.0,0.0,0.0,0.0,0.0,0.0,0.0,0.0,0.0,0.0,0.0,0.0,0.0,0.0,0.0,0.0,0.0,0.0,0.0,0.0,0.0,0.0,0.0,0.0
header,header_benign_substitution,2024-11-10_2024-11-16,important,budget,1.0,5,1,7,0.9793687892500001,0.001027346226616716,0.9781685649999999,0.9808061100000001,-0.004070656249999982,0.0006636066836124326,-0.005215720000000035,-0.003341124999999834,0.0744,0.005807150764359401,0.068,0.08345,0.058300000000000005,0.004027281961819907,0.05385,0.0635,0.1121552379988536,0.002525624701794952,0.10799763217968616,0.11572905818569991,-0.08920006236351355,0.002083324073626461,-0.09191290307200663,-0.0854784150789512,-0.0747394280977709,0.002404032902477858,-0.07809813842795864,-0.07080936629194362,0.302,0.02373604853382299,0.2765,0.3425,0.1843,0.012233560397529417,0.1695,0.203,0.24484999999999996,0.014314852426762907,0.225,0.26675,0.17255,0.005457563558951918,0.16625,0.1815
header,header_benign_substitution,2024-11-10_2024-11-16,important,budget,2.0,5,2,7,0.976716,0.0008941723916389137,0.9756550950000001,0.9781523575,-0.0067234454999999475,0.0008005733944478259,-0.007446582499999854,-0.005408927500000105,0.11784999999999998,0.009839105650413554,0.107,0.1352,0.10087000000000002,0.012006856374588646,0.08595,0.11995,0.17859014769883766,0.008498314789092319,0.16806767749112916,0.19355121815229626,-0.15484115271275023,0.009250603999251593,-0.17042294427811858,-0.14292163342023267,-0.13159995661637827,0.006805056086423267,-0.14383974972663063,-0.12319203632474307,0.3553,0.024642645961828042,0.326,0.388,0.2378,0.026505848411246907,0.202,0.2805,0.30475,0.007350170066059696,0.296,0.31575,0.22895000000000004,0.016270679149931012,0.19975,0.24775
header,header_benign_substitution,2024-11-10_2024-11-16,important,budget,3.0,5,3,7,0.9767065615,0.0008838303522457202,0.9756747037500001,0.9781383125,-0.006732883999999962,0.0007865072228542717,-0.007426973749999899,-0.0054438550000002195,0.11809999999999998,0.009832395435497899,0.10725,0.13545,0.10089999999999999,0.011923925528113635,0.0862,0.11985,0.17887570236550432,0.0084216416737333,0.16842697749112914,0.19371061815229626,-0.15505238071275024,0.009149231767372097,-0.17046474427811859,-0.14324963342023267,-0.1318265619497116,0.006756826827805827,-0.1439634163932973,-0.12343533632474307,0.35619999999999996,0.02425819449175886,0.326,0.387,0.23689999999999997,0.02691356535281047,0.201,0.28,0.30569999999999997,0.007492329410804096,0.2965,0.31675,0.22890000000000002,0.015908016846860572,0.20075,0.2475
header,header_benign_substitution,2024-11-10_2024-11-16,random,budget,1.0,100,1,7,0.982839500375,0.001465073823755943,0.9781685649999999,0.98436276625,-0.0005999451249999921,0.0013499820898113125,-0.005215720000000035,4.658624999986927e-05,0.0138175,0.026005621868165348,0.0,0.08345,0.010486999999999998,0.020096158364224737,0.0,0.0635,0.023278338304972744,0.04143785485580714,2.910000000000013e-05,0.11572905818569991,-0.018373578400558435,0.03279575371096098,-0.09191290307200663,-2.730000000000002e-05,-0.01644976773662225,0.028886002335606203,-0.07809813842795864,-2.7099999999999984e-05,0.06343000000000001,0.11299440295873067,0.0,0.3425,0.037774999999999996,0.06786955779287204,0.0,0.203,0.047429999999999986,0.08681804305557687,0.0,0.26675,0.032174999999999995,0.059806798317582587,0.0,0.1815
header,header_benign_substitution,2024-11-10_2024-11-16,random,budget,2.0,100,2,7,0.9819301477000002,0.0020476305255911313,0.9756550950000001,0.98435432375,-0.00150929779999998,0.001965995377309973,-0.007446582499999854,4.4260000000129196e-05,0.03411650000000001,0.035098893896389385,0.0,0.1352,0.026816999999999997,0.028786681139026778,0.0,0.11995,0.057855674092803636,0.05482322619357096,0.0003711478571428577,0.19355121815229626,-0.04659821019628467,0.045196197707553565,-0.17042294427811858,-0.00023180000000000013,-0.04163791119117485,0.03917934778119197,-0.14383974972663063,-0.0003146,0.14932499999999999,0.13554870665188953,0.0,0.3775,0.09488499999999998,0.08762533466412553,0.0,0.2805,0.11273250000000001,0.10777137986845116,0.0,0.31575,0.07944249999999999,0.07800793913923121,0.0,0.24775
header,header_benign_substitution,2024-11-10_2024-11-16,random,budget,3.0,100,3,7,0.9812723680000001,0.0023726389742775547,0.975505185,0.9843532174999999,-0.0021670774999999775,0.002317007089680221,-0.007596492499999941,2.8460000000118946e-05,0.04634400000000001,0.0371793519846702,0.00015,0.13545,0.0364545,0.030683215358726666,5e-05,0.12,0.07611979899510822,0.0557261986667807,0.0009821821428571435,0.19431256559977522,-0.06169768516873792,0.04668678250673895,-0.17123009172559758,-0.0004546333333333333,-0.05454414081367432,0.03984761857741093,-0.14436577717410964,-0.0005076333333333332,0.195335,0.1331868622462441,0.0,0.388,0.12133,0.0838808148505962,0.0,0.281,0.14929000000000003,0.10798390343009462,0.0,0.31675,0.10443499999999999,0.07734910810733374,0.0,0.248
header,header_benign_substitution,2024-11-17_2024-11-23,baseline,baseline,0.0,5,0,7,0.97653662225,0.0008831192930889356,0.97550082,0.9779462787500001,0.0,0.0,0.0,0.0,0.0,0.0,0.0,0.0,0.0,0.0,0.0,0.0,0.0,0.0,0.0,0.0,0.0,0.0,0.0,0.0,0.0,0.0,0.0,0.0,0.0,0.0,0.0,0.0,0.0,0.0,0.0,0.0,0.0,0.0,0.0,0.0,0.0,0.0,0.0,0.0
header,header_benign_substitution,2024-11-17_2024-11-23,important,budget,1.0,5,1,7,0.9729600425000001,0.0012272527451762643,0.97155214,0.9747600837500001,-0.003576579749999964,0.0010826279745804732,-0.0050110424999999514,-0.0017484249999997203,0.07250000000000001,0.011707134576829635,0.06245,0.094,0.054869999999999995,0.007448597183362784,0.0463,0.06525,0.1116266974969782,0.0029415536916626976,0.10731492445469762,0.11577181464170817,-0.08589163309964011,0.0022656902864952515,-0.09021261797476962,-0.08400315125436317,-0.07238917247878451,0.0015668543206511713,-0.07392912742446592,-0.07001858642452202,0.2879,0.057955500170389355,0.242,0.3975,0.1654,0.009210863151735565,0.149,0.1775,0.23504999999999998,0.028153330176020026,0.2085,0.288,0.15694999999999998,0.0019065675964937635,0.15525,0.1605
header,header_benign_substitution,2024-11-17_2024-11-23,important,budget,2.0,5,2,7,0.971150618,0.0006842940033770733,0.9702717350000001,0.97235997125,-0.005386004249999998,0.0004357025467869414,-0.0057890537499999395,-0.004539269999999984,0.12889,0.013858477549860955,0.10995,0.1521,0.10846,0.015031912719278274,0.09075,0.1334,0.18349063574619512,0.008085228562285282,0.17434994986379324,0.19862547565931424,-0.15518933241660363,0.008780125870981132,-0.1701802064857941,-0.14351082562150685,-0.13074880951240267,0.007571250008165028,-0.14491679254813372,-0.12249244168643582,0.3454,0.0513579594610222,0.2895,0.4395,0.2184,0.020790382391865717,0.191,0.2405,0.2987,0.019152937111576396,0.28325,0.331,0.21280000000000002,0.015303104260247335,0.188,0.23075
header,header_benign_substitution,2024-11-17_2024-11-23,important,budget,3.0,5,3,7,0.9711590489999999,0.0006851348820425768,0.97028356125,0.97237501125,-0.005377573250000012,0.00043146422481015986,-0.0057925625000000425,-0.004543607499999935,0.12893000000000002,0.013727731057971674,0.1101,0.15185,0.10834999999999999,0.014896341832812514,0.0907,0.13295,0.18374870174619512,0.008015012565441848,0.1747003998637932,0.19875707565931425,-0.1553763284166036,0.008692752276723056,-0.1702182064857941,-0.14379972562150684,-0.13097074017906934,0.007511116169039323,-0.14501672588146705,-0.12279064168643583,0.3457,0.04959092658944779,0.2905,0.436,0.21739999999999998,0.021779348015953093,0.19,0.2405,0.2989,0.0189885491810196,0.2835,0.33125,0.21224999999999997,0.015100496680573127,0.18775,0.22925
header,header_benign_substitution,2024-11-17_2024-11-23,random,budget,1.0,100,1,7,0.9762039515125,0.0014261051751250598,0.971552145,0.97798189,-0.0003326707375000204,0.0012911002568769974,-0.005011043750000055,0.001177828750000054,0.0159535,0.02855686629779255,0.0,0.094,0.011816499999999999,0.021129995332465172,0.0,0.06525,0.02528090618251062,0.043351656500832045,3.736666666666708e-05,0.11577181464170817,-0.0191717757650007,0.03297138747984566,-0.09021261797476962,-3.383333333333314e-05,-0.017564041314691768,0.02976957126433137,-0.07392912742446592,-2.9433333333333166e-05,0.07030499999999999,0.12331098683815647,0.0,0.3975,0.040999999999999995,0.07050567353057484,0.0,0.197,0.05163249999999999,0.0912943348119148,0.0,0.288,0.033512499999999994,0.05852554330162173,0.0,0.15725
header,header_benign_substitution,2024-11-17_2024-11-23,random,budget,2.0,100,2,7,0.9753642243999999,0.0021462295833605395,0.9709058862499998,0.9779815562499999,-0.0011723978500000265,0.0020504028581120252,-0.0057890537499999395,0.001225270000000056,0.03501049999999999,0.038683940010681435,0.0,0.13175,0.026634499999999995,0.030246164794069347,0.0,0.11545,0.055776737839804795,0.05776518362860091,0.0005221500000000002,0.18262982494363833,-0.04331554868019058,0.0459015184802671,-0.15647182681418045,-0.00016524999999999995,-0.03827463702859858,0.03952363592275047,-0.13053106975719528,-0.00030145,0.14046999999999998,0.14477770581135754,0.0,0.4395,0.08333499999999999,0.08379970331093065,0.0,0.2405,0.1092275,0.1136512433664938,0.0,0.331,0.072845,0.07540276669327195,0.0,0.223
header,header_benign_substitution,2024-11-17_2024-11-23,random,budget,3.0,100,3,7,0.9744504433375001,0.0023510363728494427,0.97028356125,0.9780050874999999,-0.0020861789125000163,0.0023498905077395187,-0.0058132237499999295,0.0012239187499998305,0.0560795,0.043819565889565815,0.0002,0.15185,0.0443345,0.03679665996731225,0.0,0.13295,0.08715658498717113,0.06214928139960425,0.0009423850000000003,0.19875707565931425,-0.06922762050360846,0.05183660588186737,-0.1702182064857941,-0.00035394761904761885,-0.06001403770665217,0.04324613778829335,-0.14501672588146705,-0.0004959476190476189,0.20205000000000006,0.13665784829273436,0.001,0.4395,0.12400499999999999,0.0832174108885875,0.0,0.241,0.1622625,0.11179996296399208,0.0005,0.33125,0.11175999999999998,0.07820479461004932,0.0,0.22925
header,header_benign_substitution,2024-11-24_2024-11-30,baseline,baseline,0.0,5,0,7,0.9809408562499999,0.000770559812403031,0.9803700112500001,0.9824670325,0.0,0.0,0.0,0.0,0.0,0.0,0.0,0.0,0.0,0.0,0.0,0.0,0.0,0.0,0.0,0.0,0.0,0.0,0.0,0.0,0.0,0.0,0.0,0.0,0.0,0.0,0.0,0.0,0.0,0.0,0.0,0.0,0.0,0.0,0.0,0.0,0.0,0.0,0.0,0.0
header,header_benign_substitution,2024-11-24_2024-11-30,important,budget,1.0,5,1,7,0.9759631217500001,0.0012744790581717964,0.9736754175000001,0.97717057625,-0.004977734499999964,0.0012444447618090281,-0.007025698749999809,-0.0031994350000000837,0.08362,0.022528351027094724,0.0637,0.1204,0.06491,0.01893899152542183,0.0462,0.0912,0.12499032952610226,0.0021406327239216864,0.12231677089648724,0.1282458664242503,-0.10049636371103565,0.0033256250679451886,-0.10612335082844414,-0.09612937124149575,-0.09076699955166782,0.0022024513714617587,-0.09371027902104322,-0.08850899771026904,0.2917,0.057687606987983114,0.2535,0.4065,0.157,0.008191458966508965,0.145,0.1655,0.23495,0.026916259026840996,0.21875,0.2885,0.1502,0.004564537216410885,0.14625,0.1565
header,header_benign_substitution,2024-11-24_2024-11-30,important,budget,2.0,5,2,7,0.9704352032499999,0.000912803141747504,0.9696029637500001,0.972078165,-0.010505653000000014,0.001066479352704071,-0.01169561124999996,-0.008494325000000025,0.15524,0.015103622082136451,0.1343,0.1808,0.13561,0.01562598476896736,0.11585,0.1631,0.20058598582962403,0.006826570547925921,0.19060342470473574,0.21209560056057966,-0.17509662032083062,0.007622660454711594,-0.18770197568076677,-0.1642328458606361,-0.1438617790043542,0.00771128664791915,-0.15825980565241948,-0.1370387948027185,0.34320000000000006,0.05579659487818231,0.3045,0.4525,0.2076,0.007351190379795641,0.198,0.2205,0.2914,0.031726408558171215,0.2605,0.351,0.20339999999999997,0.010628499423719228,0.1925,0.22325
header,header_benign_substitution,2024-11-24_2024-11-30,important,budget,3.0,5,3,7,0.97042540125,0.0008944489690732833,0.96961989,0.9720235725,-0.010515454999999996,0.0010433932673230204,-0.011679971249999976,-0.008548917499999975,0.15541,0.014974725373107851,0.13465,0.18065,0.13568,0.015462845792414795,0.116,0.16285,0.20093739149629072,0.006716511551866423,0.1911459747047357,0.2122891005605797,-0.17536188332083064,0.007477078140666088,-0.1877648756807668,-0.1647189458606361,-0.14416536400435417,0.007664408659496474,-0.15845790565241946,-0.1374289448027185,0.3436,0.05591994277536415,0.305,0.4535,0.2072,0.007075309180523491,0.1985,0.22,0.292,0.03246074552440223,0.2605,0.353,0.20340000000000003,0.01085080642164443,0.19175,0.22375
header,header_benign_substitution,2024-11-24_2024-11-30,random,budget,1.0,100,1,7,0.9797411650499999,0.0020435957157029796,0.9736754175000001,0.98251785625,-0.0011996912000000026,0.0019620941945770382,-0.007025698749999809,5.5646249999985464e-05,0.0212435,0.03410281781246236,0.0,0.1204,0.016708999999999998,0.02715736583323206,0.0,0.0912,0.03549111981708462,0.05159776349831404,2.612500000000012e-05,0.1282458664242503,-0.028661613092945168,0.041745302941383275,-0.10612335082844414,-2.4524999999999963e-05,-0.02652604195305969,0.038355166694037754,-0.09371027902104322,-2.3299999999999997e-05,0.083905,0.12457798150154786,0.0,0.4065,0.05048,0.07412762373096819,0.0,0.2375,0.06225249999999999,0.09303646123294888,0.0,0.2885,0.041695,0.06164673125965399,0.0,0.1565
header,header_benign_substitution,2024-11-24_2024-11-30,random,budget,2.0,100,2,7,0.9785409421000001,0.002731788127751749,0.9698209687499999,0.98249215875,-0.002399914150000019,0.002634878045657591,-0.01079879749999968,5.361499999989583e-05,0.038785999999999994,0.04152442478830983,0.0,0.15885,0.030682499999999998,0.033830411152541436,0.0,0.13635,0.06497561402767117,0.05950120698865461,0.0004953666666666671,0.2003161880997912,-0.053158933271460505,0.04917799436460998,-0.17470980900246572,-0.0001619000000000002,-0.048445740921188536,0.0437313046975698,-0.13972378609331298,-0.0003946249999999999,0.14334,0.13340044752548622,0.0,0.4525,0.08472000000000002,0.07617707397898663,0.0,0.2375,0.10939,0.10396920409428938,0.0,0.351,0.072695,0.06826548890178698,0.0,0.22325
header,header_benign_substitution,2024-11-24_2024-11-30,random,budget,3.0,100,3,7,0.9778098073999999,0.0035207696630852,0.9695547025,0.9825071999999999,-0.0031310488500000335,0.0034820655973533065,-0.011741831249999946,4.0167499999910206e-05,0.0529405,0.05228648472358798,5e-05,0.18085,0.04303800000000001,0.04476123999622888,0.0,0.16315,0.08247826818046619,0.06825056558411977,0.0011617666666666672,0.2128214005605797,-0.06823142288274915,0.05833647149836509,-0.1884595756807668,-0.00039677500000000014,-0.0613190709768347,0.04980932823387628,-0.15896820565241945,-0.0006345750000000001,0.18281,0.14494886650125968,0.0005,0.4535,0.109365,0.08585405799960769,0.0,0.238,0.1375525,0.11167570961829612,0.00025,0.353,0.09232,0.07424875487171485,0.0,0.2245
header,header_benign_substitution,2024-12-01_2024-12-07,baseline,baseline,0.0,5,0,7,0.9763865512499998,0.0011186495028138253,0.97494381625,0.9777236687499999,0.0,0.0,0.0,0.0,0.0,0.0,0.0,0.0,0.0,0.0,0.0,0.0,0.0,0.0,0.0,0.0,0.0,0.0,0.0,0.0,0.0,0.0,0.0,0.0,0.0,0.0,0.0,0.0,0.0,0.0,0.0,0.0,0.0,0.0,0.0,0.0,0.0,0.0,0.0,0.0
header,header_benign_substitution,2024-12-01_2024-12-07,important,budget,1.0,5,1,7,0.9703677557499999,0.0016494177182534806,0.9671421725,0.9717150262500001,-0.006018795499999929,0.0011621824594316172,-0.007801643750000031,-0.004368017499999821,0.06806,0.009131505899905008,0.05445,0.07995,0.051590000000000004,0.009851213123265581,0.04145,0.06585,0.11519461898810648,0.001479318178427521,0.11371981240814626,0.11788332240352115,-0.09343351276778836,0.0012600134131412204,-0.09563175895099792,-0.09217082988570233,-0.0827173109753675,0.0018728813293466902,-0.08617686883428917,-0.08079529791066412,0.2832,0.04482700079193342,0.243,0.3695,0.15589999999999998,0.014444376068214228,0.133,0.1765,0.22559999999999997,0.029745840045290375,0.187,0.275,0.14895,0.013946684193742974,0.12675,0.17
header,header_benign_substitution,2024-12-01_2024-12-07,important,budget,2.0,5,2,7,0.9634268545,0.0019197634066328937,0.9612940637499999,0.9666055675,-0.012959696749999994,0.0011051770544850796,-0.014349601249999844,-0.011064204999999938,0.12585000000000002,0.03904758635306412,0.1007,0.2037,0.10760999999999998,0.033797150767483346,0.08315,0.1746,0.194409499316245,0.009216698564515798,0.18416182824012617,0.2109826133392075,-0.17051625653644692,0.009200638881526418,-0.18664534764934942,-0.15877485180912876,-0.1485950000842744,0.009474765623259135,-0.16603281748563498,-0.13798231051936127,0.33399999999999996,0.05468363557774849,0.294,0.4415,0.19890000000000002,0.008828363381737293,0.1885,0.21,0.27125000000000005,0.02894002418796501,0.244,0.32525,0.1867,0.006040281450396171,0.17625,0.194
header,header_benign_substitution,2024-12-01_2024-12-07,important,budget,3.0,5,3,7,0.963439281,0.0019043460973951966,0.9613312525,0.9665785800000002,-0.012947270249999953,0.0010809866898768793,-0.014312412499999816,-0.011091192499999791,0.12605,0.03893760393244556,0.10125,0.2037,0.10759,0.03366259645363085,0.08345,0.17435,0.19465934731624496,0.009131239310222267,0.1844830782401262,0.21109071333920748,-0.17066004253644695,0.009106552138946301,-0.18662884764934945,-0.15901595180912878,-0.1488273160842744,0.00942124185633272,-0.16616811748563495,-0.13827886051936128,0.33520000000000005,0.05432089837254167,0.294,0.4415,0.1983,0.009760122950045247,0.1865,0.21,0.27205,0.028646291208461867,0.2455,0.32525,0.18639999999999998,0.005836522937503121,0.177,0.1945
header,header_benign_substitution,2024-12-01_2024-12-07,random,budget,1.0,100,1,7,0.9745636650375,0.0028857237185648706,0.9671421725,0.97779510875,-0.001822886212499949,0.0026054929255072876,-0.007801643750000031,7.300124999998214e-05,0.018888000000000002,0.0272758456514184,0.0,0.07995,0.014256000000000001,0.02104106256822597,0.0,0.06585,0.03787841331244771,0.051256818960929575,2.5400000000000235e-05,0.11788332240352115,-0.03085130989358753,0.04181151023542438,-0.09563175895099792,-2.199999999999956e-05,-0.0283777115442624,0.03825696898638871,-0.08704606892662418,-2.2399999999999525e-05,0.083315,0.11592567996350074,0.0,0.3695,0.04755500000000001,0.0657659446446259,0.0,0.1765,0.061677499999999996,0.08830737012701716,0.0,0.275,0.0403025,0.05812396552842898,0.0,0.17
header,header_benign_substitution,2024-12-01_2024-12-07,random,budget,2.0,100,2,7,0.9739279844625,0.0035621270968647744,0.9612940637499999,0.9777945174999999,-0.002458566787499943,0.0035095285439233565,-0.014349601249999844,7.084874999996327e-05,0.0258705,0.03649430510024817,0.0,0.2037,0.019790500000000003,0.029658347640251298,0.0,0.1746,0.04906909507373958,0.06105343445875125,0.00047635952380952417,0.2109826133392075,-0.04035184823138694,0.05120220535713229,-0.18664534764934942,-0.00013589999999999994,-0.03684058703884202,0.04588799669086635,-0.16603281748563498,-0.0003139333333333334,0.10585500000000002,0.13113274371795933,0.0,0.4415,0.0588,0.07276571995108687,0.0,0.21,0.08030499999999999,0.10263610220093122,0.0,0.32525,0.05199999999999999,0.06754014546919483,0.0,0.194
header,header_benign_substitution,2024-12-01_2024-12-07,random,budget,3.0,100,3,7,0.9714819443749999,0.004499888665841668,0.9612177700000001,0.9777724862499999,-0.00490460687499995,0.004370237055614986,-0.014425894999999689,6.962249999986625e-05,0.04858450000000001,0.04677059369678773,0.00025,0.2041,0.03885400000000001,0.04003592991301688,0.0,0.175,0.08959198416488437,0.06662375458561223,0.0009170928571428579,0.2116360633392075,-0.0752574553614274,0.05787774202644626,-0.18731849764934944,-0.0002650999999999999,-0.06822490542930283,0.05097998935030915,-0.16663616748563495,-0.0005048571428571424,0.178425,0.12896529329629736,0.002,0.4445,0.104145,0.07384880821651763,0.0,0.21,0.13525250000000003,0.10349749692021541,0.00125,0.327,0.0899825,0.06989286672293532,0.0,0.1945
header,header_benign_substitution,2024-12-08_2024-12-14,baseline,baseline,0.0,5,0,7,0.9775390264999999,0.0012592674060176057,0.9763216349999999,0.9797429949999998,0.0,0.0,0.0,0.0,0.0,0.0,0.0,0.0,0.0,0.0,0.0,0.0,0.0,0.0,0.0,0.0,0.0,0.0,0.0,0.0,0.0,0.0,0.0,0.0,0.0,0.0,0.0,0.0,0.0,0.0,0.0,0.0,0.0,0.0,0.0,0.0,0.0,0.0,0.0,0.0
header,header_benign_substitution,2024-12-08_2024-12-14,important,budget,1.0,5,1,7,0.9717046547500001,0.0014987126590710054,0.9695688187499999,0.97347512375,-0.005834371749999945,0.000997674590284111,-0.007216870000000042,-0.004402014999999815,0.08428,0.012107832175909933,0.06975,0.0972,0.06422,0.012370553746700265,0.05285,0.0808,0.12082680119534965,0.0037271811854398353,0.11659562657336883,0.12669075424939943,-0.0939753980470328,0.0037598166399436046,-0.10087108926385964,-0.08999881441846572,-0.08333221918205738,0.003952523862188205,-0.08843165194180203,-0.07920461549584301,0.3047,0.06825437714901514,0.2415,0.4355,0.1607,0.016827358675680505,0.133,0.186,0.2544,0.029850293130889008,0.23375,0.31375,0.16635,0.0035658098659350898,0.1615,0.1715
header,header_benign_substitution,2024-12-08_2024-12-14,important,budget,2.0,5,2,7,0.96748175275,0.001101091968175693,0.9656226662499999,0.968558765,-0.010057273749999896,0.0009166161088267377,-0.011184229999999795,-0.00847571374999978,0.13005,0.01293580302880343,0.1152,0.1518,0.10646,0.008859706541415466,0.09415,0.1168,0.17706943826408,0.008491904871790882,0.1637136723543959,0.18998773936735305,-0.14544614930103061,0.009740411817306834,-0.15953159767016487,-0.12934110221800696,-0.12316797065014315,0.010238381066945667,-0.13931570629518625,-0.10987037622689884,0.3556,0.06986801843476026,0.31,0.493,0.19929999999999998,0.012683059567785685,0.182,0.2155,0.29710000000000003,0.03402888478924925,0.266,0.3625,0.19544999999999998,0.013495740068629069,0.1735,0.2135
header,header_benign_substitution,2024-12-08_2024-12-14,important,budget,3.0,5,3,7,0.9674757277499999,0.0011003946610314416,0.9656518725,0.9685874875,-0.010063298749999939,0.0008887290813430832,-0.011155507499999828,-0.008522334999999992,0.13012,0.012840739854073828,0.11545,0.1518,0.10644,0.008779487456566017,0.0942,0.11665,0.1773512059307467,0.008427708241771746,0.16412102235439593,0.19017203936735308,-0.14564247430103067,0.009643849958075516,-0.15957309767016487,-0.129717102218007,-0.12339852965014317,0.010210959540030309,-0.13947900629518625,-0.11013562622689885,0.3557,0.07006397076957599,0.3095,0.4935,0.1988,0.013002307487519283,0.181,0.215,0.29715,0.03381774682027175,0.2665,0.36225,0.1951,0.0133945884595235,0.1735,0.21325
header,header_benign_substitution,2024-12-08_2024-12-14,random,budget,1.0,100,1,7,0.9765712819875,0.002367494978872631,0.9695688187499999,0.9798222687499999,-0.0009677445124999429,0.0020102170606576203,-0.007216870000000042,9.789625000011792e-05,0.0154565,0.02885222145260223,0.0,0.0972,0.0115495,0.02254100651590341,0.0,0.0808,0.024585672174088028,0.0422401718340219,2.410000000000065e-05,0.12669075424939943,-0.018401844816545762,0.03217787580268793,-0.10087108926385964,-2.3100000000000416e-05,-0.017000692314319853,0.02907529646513983,-0.08843165194180203,-1.4700000000000374e-05,0.063485,0.10862528377408273,0.0,0.4355,0.034725,0.05998738929975198,0.0,0.186,0.0481025,0.08494182637988189,0.0,0.31375,0.030767499999999996,0.05589951089902308,0.0,0.1715
header,header_benign_substitution,2024-12-08_2024-12-14,random,budget,2.0,100,2,7,0.9753706059124998,0.0028291500855888514,0.96683398125,0.9798205362499998,-0.0021684205874999253,0.002845753681930287,-0.011184229999999795,9.454249999996112e-05,0.034040999999999995,0.038086940268286185,0.0,0.13425,0.0257575,0.030812930220120254,0.0,0.11315,0.05309636233864654,0.052869563589033414,0.000501913333333334,0.18040210033939336,-0.03992089822115374,0.04136191277192808,-0.14888647719674877,-0.000152041666666667,-0.03646899223309716,0.036312254985903125,-0.12969340995620815,-0.0003799285714285708,0.13201,0.12514401663683328,0.0,0.4355,0.07310499999999999,0.07092370178579231,0.0,0.2105,0.1023775,0.10189203535483037,0.0,0.31375,0.0665325,0.069276760668712,0.0,0.19975
header,header_benign_substitution,2024-12-08_2024-12-14,random,budget,3.0,100,3,7,0.973822873,0.003754688290050716,0.9655803012499999,0.97981109625,-0.0037161534999999237,0.0034731402423725686,-0.011234814999999676,7.545750000004237e-05,0.05739700000000001,0.04421281252080668,5e-05,0.1519,0.0430825,0.03609249047585938,5e-05,0.1169,0.08689941178251204,0.05809811156206971,0.000982658333333334,0.19071339936735304,-0.06694378610889276,0.048059518344296004,-0.16029249767016485,-0.00017394166666666701,-0.06053053460239294,0.04108327989720307,-0.14006780629518625,-0.00039350833333333363,0.21773000000000003,0.13995296388429937,0.0,0.493,0.112635,0.0700495844027643,0.0,0.2155,0.1684325,0.11135488233009812,0.0,0.3625,0.10482249999999999,0.07162125465774807,0.0,0.2135
header,header_bounded_jitter,2024-09-22_2024-09-28,baseline,baseline,0.0,5,0,7,0.9896785899999999,0.00024832973181455057,0.9893074225000001,0.9900274574999999,0.0,0.0,0.0,0.0,0.0,0.0,0.0,0.0,0.0,0.0,0.0,0.0,0.0,0.0,0.0,0.0,0.0,0.0,0.0,0.0,0.0,0.0,0.0,0.0,0.0,0.0,0.0,0.0,0.0,0.0,0.0,0.0,0.0,0.0,0.0,0.0,0.0,0.0,0.0,0.0
header,header_bounded_jitter,2024-09-22_2024-09-28,important,budget,1.0,5,1,7,0.9874796552500001,0.00027354598596989566,0.9871098512500001,0.98780288,-0.00219893474999997,0.00013986207567274792,-0.0024041974999999827,-0.002015691250000007,0.02358,0.0027592752671670873,0.02115,0.02815,0.020229999999999998,0.0027063998226426198,0.01775,0.02485,0.054707602197252035,0.00340299018854353,0.05129222967381736,0.061178869456461164,-0.04917624879928365,0.0035000426784974918,-0.05598774034392595,-0.04596043445115474,-0.04362890495503013,0.0037742797908704535,-0.05091571947251131,-0.04022521187601402,0.1176,0.00817557337438788,0.1035,0.1285,0.08969999999999999,0.009846826900072936,0.075,0.106,0.08185,0.006550954128979991,0.0725,0.09125,0.0658,0.007061161377563892,0.0565,0.077
header,header_bounded_jitter,2024-09-22_2024-09-28,important,budget,2.0,5,2,7,0.9872775607500002,0.0003066482909719926,0.98687777,0.9877160150000002,-0.002401029249999964,0.00017953651643291314,-0.002636278750000054,-0.0021898375000002357,0.03604,0.001294372434811559,0.0341,0.03765,0.02988,0.0014330387294138292,0.0281,0.03185,0.07166358782377735,0.0030847671215059546,0.06899073615685143,0.0774141032071884,-0.06208101546639516,0.0031535550395773945,-0.06816798882397075,-0.05972983912288284,-0.05569322827617555,0.0031789754285463097,-0.06164137714425096,-0.053030393904772564,0.183,0.011794066304714418,0.173,0.206,0.1291,0.011897058459972366,0.1175,0.152,0.11935,0.0072897187874430384,0.11075,0.13175,0.08935000000000001,0.006392573816546823,0.08425,0.10125
header,header_bounded_jitter,2024-09-22_2024-09-28,important,budget,3.0,5,3,7,0.9872046335,0.00026320298742653906,0.98690073625,0.98759817125,-0.0024739565000000186,9.819760747914312e-05,-0.0026133125000000756,-0.0023468200000000827,0.036460000000000006,0.0021886982432487104,0.0349,0.0406,0.03014,0.002418139780905975,0.028,0.0346,0.07257015310857758,0.0029318688426053737,0.06903105294726222,0.07789055405202805,-0.06284392507999774,0.0030999133036376824,-0.06854362028456193,-0.05939442504072427,-0.05648313692621665,0.0032441775383861503,-0.062291450614204574,-0.05264013862829512,0.18610000000000002,0.013245376551838762,0.163,0.2,0.1299,0.014168274418573346,0.107,0.1475,0.11929999999999999,0.007156116265125938,0.10775,0.1295,0.08830000000000002,0.0069774637225857375,0.078,0.0995
header,header_bounded_jitter,2024-09-22_2024-09-28,random,budget,1.0,100,1,7,0.9893618162750001,0.0007814201497172953,0.9870846875,0.99005483875,-0.0003167737250000113,0.0007233941989000279,-0.0024293612500000394,3.278249999993932e-05,0.005235500000000001,0.008182329420770101,0.0,0.0295,0.0039995,0.006747934850752488,0.0,0.0261,0.011939346318368951,0.019024543686920938,3.4100000000000185e-05,0.060716480786205625,-0.009859057986954814,0.016789813796615136,-0.0555728220777235,-3.279999999999996e-05,-0.009151635810420763,0.015141580462991359,-0.05039219265628864,-3.239999999999996e-05,0.03297,0.04630544352449288,0.0,0.128,0.021789999999999997,0.03163559545828085,0.0,0.0955,0.019882499999999997,0.028976228511488518,0.0,0.09,0.013835,0.02143067952725718,0.0,0.07325
header,header_bounded_jitter,2024-09-22_2024-09-28,random,budget,2.0,100,2,7,0.989106882575,0.00092059746141109,0.987131575,0.9900649274999999,-0.0005717074250000131,0.0008868100601428273,-0.0024604012499999106,3.7469999999983905e-05,0.0095895,0.00973769298910168,0.0,0.0395,0.007441500000000001,0.00826368275952072,0.0,0.0338,0.021270482994652826,0.021982212180545548,0.0005911200000000009,0.07009238456714038,-0.017587444415480276,0.019667798221139822,-0.06075741143011895,-0.0003811000000000001,-0.016236033208408152,0.01760160392969459,-0.053208142589102725,-0.00025970000000000024,0.059625,0.051377785812547434,0.0,0.1795,0.04013,0.03565898344036185,0.0,0.1305,0.035975,0.0325987633967916,0.0,0.11625,0.025442500000000003,0.02460240981591031,0.0,0.08875
header,header_bounded_jitter,2024-09-22_2024-09-28,random,budget,3.0,100,3,7,0.9885200351500001,0.0011001439290499633,0.9868284362499999,0.9900864450000001,-0.0011585548500000098,0.0010786190429498963,-0.0026797487499998773,6.533124999996698e-05,0.017032000000000002,0.011921857070104474,0.0,0.0386,0.0136265,0.010296813718330541,0.0,0.03275,0.0375992890928223,0.025414981168079775,0.0010280121411921418,0.07682879088202717,-0.031936487560098835,0.02308290970206031,-0.0674239646948195,-0.00041430000000000053,-0.02907318501012741,0.02040445118388188,-0.06148269444993853,-0.0003764000000000005,0.098115,0.057767112399703696,0.0,0.2025,0.068255,0.04276607855532232,0.0,0.154,0.06216,0.0393034750372025,0.0,0.13475,0.0456125,0.03114412815845067,0.0,0.10425
header,header_bounded_jitter,2024-09-29_2024-10-05,baseline,baseline,0.0,5,0,7,0.9896915097500001,0.0004346030981333889,0.9889144675,0.99012076375,0.0,0.0,0.0,0.0,0.0,0.0,0.0,0.0,0.0,0.0,0.0,0.0,0.0,0.0,0.0,0.0,0.0,0.0,0.0,0.0,0.0,0.0,0.0,0.0,0.0,0.0,0.0,0.0,0.0,0.0,0.0,0.0,0.0,0.0,0.0,0.0,0.0,0.0,0.0,0.0
header,header_bounded_jitter,2024-09-29_2024-10-05,important,budget,1.0,5,1,7,0.9880481037500001,0.0004466675986205925,0.9873811200000001,0.98867696125,-0.001643406000000014,0.00013507174062656017,-0.0018163275000000478,-0.00144380249999998,0.020069999999999998,0.0012452309022827864,0.01775,0.02145,0.016319999999999998,0.0010562196741208715,0.01425,0.01705,0.05019962161699295,0.004008736548858989,0.046956966618301704,0.05792017180861549,-0.04447226964656351,0.004027220955619408,-0.052141264431861706,-0.0410332076976227,-0.0399605454598716,0.003797274687702101,-0.047320594979554535,-0.03702895204906718,0.11909999999999998,0.007742092740338364,0.1085,0.1295,0.0883,0.007379701890998037,0.0775,0.0985,0.08495,0.006211682541791716,0.07275,0.09,0.0665,0.0062149014473280246,0.05575,0.073
header,header_bounded_jitter,2024-09-29_2024-10-05,important,budget,2.0,5,2,7,0.9883404687499999,0.0005532387229578527,0.9873970774999998,0.9889384462499999,-0.001351041000000075,0.00017827758034417255,-0.0015684499999999435,-0.0011445675000001376,0.027649999999999997,0.001331915913261794,0.0258,0.0294,0.0221,0.001064894360957931,0.02105,0.02395,0.06462939105668761,0.003779881157557258,0.061562660617124655,0.0718091707213773,-0.05541737433668668,0.0034338660127968723,-0.06184166487094714,-0.05264199956623217,-0.05133329922595474,0.003772481674516282,-0.058370706949547824,-0.04852673745176791,0.1727,0.0077110310594627985,0.1635,0.1865,0.12610000000000002,0.005834380858325934,0.1205,0.137,0.11564999999999999,0.005517245689653488,0.1065,0.122,0.08844999999999999,0.003944616584663204,0.08275,0.095
header,header_bounded_jitter,2024-09-29_2024-10-05,important,budget,3.0,5,3,7,0.9883568960000002,0.0004601479371133078,0.9875831075000001,0.9888017700000001,-0.0013346137499999466,9.344347990563579e-05,-0.0015083437499999741,-0.001232371249999975,0.028339999999999997,0.002232353018677826,0.02445,0.0307,0.02257,0.002008382433701312,0.01935,0.025,0.06507459404645602,0.004155804165701479,0.06135024564565197,0.07284244462131816,-0.05570197058288926,0.003909554887007406,-0.06296204864267413,-0.05266667547281032,-0.05167890423973613,0.004171718714754853,-0.059544032006853306,-0.0483757765293138,0.1699,0.013532922818075924,0.152,0.1895,0.12290000000000001,0.012701968351401296,0.106,0.1405,0.11715,0.009376299909879161,0.1015,0.1275,0.0889,0.008322559702399257,0.07625,0.0995
header,header_bounded_jitter,2024-09-29_2024-10-05,random,budget,1.0,100,1,7,0.989502006025,0.0007892752332978154,0.9872725687499999,0.9906130312500001,-0.00018950372500000978,0.0006178281040121774,-0.002100877499999876,0.0005918049999998898,0.0041165,0.007169836312636434,0.0,0.0219,0.003154,0.0057226072729132825,0.0,0.01795,0.009954211749150971,0.017533029416559227,2.4800000000000234e-05,0.05854101450750187,-0.00828456872392281,0.015327438161079874,-0.05282107886974352,-2.02e-05,-0.0076995271052214655,0.0138678825892202,-0.04798796775040931,-1.679999999999996e-05,0.027685,0.045219888047185616,0.0,0.1275,0.01963,0.03274245103836913,0.0,0.097,0.0180625,0.030681435245926817,0.0,0.0895,0.013340000000000001,0.023446282221281905,0.0,0.07375
header,header_bounded_jitter,2024-09-29_2024-10-05,random,budget,2.0,100,2,7,0.9893021735249999,0.001028481500421581,0.987162185,0.9906693625,-0.00038933622500000984,0.0008668725015330479,-0.001968778749999789,0.0006436337499999834,0.009233,0.008958901216109037,0.0,0.02975,0.007103999999999999,0.007357811087544991,0.0,0.0239,0.02226895872731365,0.022066390994055024,0.0005085500000000002,0.06506516051780871,-0.018524230985549825,0.019720650326085686,-0.05623081018457368,-0.0003211571428571429,-0.0172588478916837,0.017700272523427114,-0.05192122374949363,-0.00021075714285714292,0.06177999999999999,0.05390307597901997,0.0,0.182,0.043614999999999994,0.03982962810521836,0.0,0.1345,0.040275,0.037538288786251296,0.0,0.12625,0.029815,0.02950166563094362,0.0,0.098
header,header_bounded_jitter,2024-09-29_2024-10-05,random,budget,3.0,100,3,7,0.9890433085875,0.0010338679015058363,0.9871962512499999,0.9906684899999999,-0.0006482011625000072,0.0009532517887417612,-0.0021300600000001557,0.0007320474999999993,0.013933500000000001,0.009399231497840662,0.0,0.03085,0.010854999999999998,0.007912197861530006,0.0,0.02535,0.03353996150811794,0.023306771879602346,0.0007245241591741595,0.074426225036959,-0.028287889958463687,0.02117479418230944,-0.06481638735958373,-0.00033955714285714293,-0.026280183094987728,0.019010220473842813,-0.06093196042567763,-0.0002257571428571429,0.09091,0.05342819386803188,0.0,0.194,0.06455999999999999,0.04025209808196338,0.0,0.1465,0.06010499999999999,0.03830874867442162,0.0,0.12875,0.04498500000000001,0.030859152208056528,0.0,0.10175
header,header_bounded_jitter,2024-10-06_2024-10-12,baseline,baseline,0.0,5,0,7,0.9858993115000001,0.0005291085420989829,0.9852072137500002,0.9865308850000003,0.0,0.0,0.0,0.0,0.0,0.0,0.0,0.0,0.0,0.0,0.0,0.0,0.0,0.0,0.0,0.0,0.0,0.0,0.0,0.0,0.0,0.0,0.0,0.0,0.0,0.0,0.0,0.0,0.0,0.0,0.0,0.0,0.0,0.0,0.0,0.0,0.0,0.0,0.0,0.0
header,header_bounded_jitter,2024-10-06_2024-10-12,important,budget,1.0,5,1,7,0.9845018,0.0005521170556894143,0.9837562750000001,0.98518049,-0.0013975115000001148,0.00021512674462295357,-0.0017350562499999223,-0.0011304987500000419,0.022550000000000004,0.0012477980605851253,0.0213,0.0246,0.01784,0.0009035485598461213,0.01685,0.01925,0.05055302392001989,0.0021704190442231727,0.04850300099226043,0.05454667295201144,-0.043861722069739636,0.0025434111990711573,-0.04850568171861503,-0.04085685147476043,-0.03952769198843703,0.0022593589738707435,-0.04361003037049145,-0.037388702113018764,0.1286,0.00554436651025165,0.121,0.138,0.08859999999999998,0.004420407221060066,0.083,0.0945,0.08920000000000002,0.0063075351762792425,0.07925,0.099,0.0661,0.0035305806887819444,0.062,0.0725
header,header_bounded_jitter,2024-10-06_2024-10-12,important,budget,2.0,5,2,7,0.98450202925,0.00039008900323643254,0.98406379375,0.9850622325,-0.001397282250000087,0.0001878583114683287,-0.0016433349999999125,-0.001066181250000131,0.03293,0.0027625350676507257,0.0279,0.0359,0.0252,0.002435775030662725,0.0223,0.02855,0.06885808460409064,0.0027785931954696233,0.065783055275266,0.07379650563413068,-0.05684665710756387,0.0024364999714407386,-0.060806831248443396,-0.05425615156891624,-0.05225499249661064,0.0026590932334833776,-0.057121365786041295,-0.04966847870492028,0.20339999999999997,0.015190128373387766,0.174,0.217,0.13740000000000002,0.010905961672406516,0.124,0.1505,0.1337,0.012591068262859984,0.10875,0.1425,0.0964,0.009747563798201065,0.0815,0.108
header,header_bounded_jitter,2024-10-06_2024-10-12,important,budget,3.0,5,3,7,0.9846352530000001,0.0005369820150809456,0.984003365,0.9853537612500001,-0.0012640585000000648,0.00019532277054172613,-0.001487966250000028,-0.000987932500000066,0.03196,0.0028498070110096934,0.02795,0.0352,0.024130000000000002,0.002610478883270272,0.02155,0.02755,0.06902465694940603,0.002467128824487377,0.06605672033126404,0.07334724145471173,-0.05670302436843908,0.0026779609262989807,-0.06122404852876119,-0.05324819733781832,-0.05270407583824962,0.0027395578595564916,-0.057462977916579984,-0.04965946729746484,0.19310000000000002,0.015268922686293226,0.169,0.2115,0.1278,0.012147427711248169,0.1145,0.1445,0.12915000000000001,0.011954706186268234,0.10975,0.1445,0.09129999999999999,0.010078938436164793,0.07875,0.1055
header,header_bounded_jitter,2024-10-06_2024-10-12,random,budget,1.0,100,1,7,0.9858134083250001,0.0006841970631785879,0.98390726625,0.9866936350000002,-8.59031750000816e-05,0.000504641974982702,-0.001641341250000039,0.0006604324999998079,0.004421,0.0076733017013538565,0.0,0.02485,0.0031065,0.00570891257158489,0.0,0.0189,0.009274228658396388,0.01646612048988024,2.8400000000000202e-05,0.055210865624572725,-0.0071090476593129205,0.013705404843603098,-0.048671328162494774,7.897500000000013e-05,-0.006755806125789533,0.012468233876728586,-0.043880922415270564,-9.000000000000024e-06,0.031065,0.05060210741658888,0.0,0.1405,0.01932,0.032357187764081106,0.0,0.094,0.019062499999999996,0.03202111364006567,0.0,0.09825,0.012629999999999999,0.022058288691555378,0.0,0.06925
header,header_bounded_jitter,2024-10-06_2024-10-12,random,budget,2.0,100,2,7,0.9855406242500002,0.00087071886295503,0.9838526725000001,0.98676491625,-0.0003586872500000937,0.0007649389347868447,-0.0018066149999996783,0.0006518849999997967,0.011427999999999999,0.01145946403633259,0.0,0.0352,0.008275,0.008778816833719678,0.0,0.0267,0.024102216702483394,0.02501466493794324,0.00030028065268065306,0.07410015533349001,-0.019161009632990465,0.021361498645664664,-0.06127084222492021,-6.821428571428579e-05,-0.017950603981853157,0.01941792755791729,-0.05792318982319376,-0.00025059999999999997,0.07620999999999999,0.07101880666415059,0.0,0.2245,0.04876,0.04697081434252551,0.0,0.152,0.047857500000000004,0.04620844423641636,0.0,0.14725,0.03254749999999999,0.03280603402958059,0.0,0.10625
header,header_bounded_jitter,2024-10-06_2024-10-12,random,budget,3.0,100,3,7,0.9854803131500001,0.0009408689492860813,0.9836722475000002,0.98678663125,-0.0004189983500000982,0.0007996912335912979,-0.0018190837499998391,0.0008095637500000752,0.0154145,0.011512713179350905,0.0,0.03625,0.011196000000000001,0.009054230171582783,0.0,0.02845,0.032260833722512795,0.02517159151840751,0.0007250721574852168,0.0746431531018243,-0.025455611466113436,0.021906904422009706,-0.061805200282747844,5.774999999999941e-06,-0.02397315240993385,0.019825938927654226,-0.058154708175778946,-0.00043942500000000007,0.10360499999999999,0.0692638179354849,0.0,0.223,0.06736500000000001,0.047232978680155246,0.0,0.1555,0.06477249999999998,0.045658160483641914,0.0,0.151,0.044355000000000006,0.03336085243215467,0.0,0.1135
header,header_bounded_jitter,2024-10-13_2024-10-19,baseline,baseline,0.0,5,0,7,0.9858495272500001,0.0004983628332440121,0.98506767125,0.98653694375,0.0,0.0,0.0,0.0,0.0,0.0,0.0,0.0,0.0,0.0,0.0,0.0,0.0,0.0,0.0,0.0,0.0,0.0,0.0,0.0,0.0,0.0,0.0,0.0,0.0,0.0,0.0,0.0,0.0,0.0,0.0,0.0,0.0,0.0,0.0,0.0,0.0,0.0,0.0,0.0
header,header_bounded_jitter,2024-10-13_2024-10-19,important,budget,1.0,5,1,7,0.9837688957499999,0.0005472044728844606,0.9827785775,0.9843218575,-0.002080631500000063,0.0001428362075648109,-0.002289093750000082,-0.0019371262499999764,0.01996,0.0008266801074176154,0.0189,0.021,0.01623,0.0010161692772368194,0.015,0.01755,0.04800995703735304,0.003373011085659324,0.044425331290834764,0.054235590939687425,-0.042016288914036935,0.0035699621700716277,-0.0482358862706646,-0.03824842161882548,-0.03795715592202774,0.0030830063315250675,-0.04349081624549256,-0.03490457335286556,0.1096,0.004294182110716782,0.1055,0.1165,0.07980000000000001,0.00589576118919347,0.0745,0.091,0.08215000000000001,0.005494542747126461,0.077,0.092,0.06434999999999999,0.006226154511413927,0.05825,0.07525
header,header_bounded_jitter,2024-10-13_2024-10-19,important,budget,2.0,5,2,7,0.98390054425,0.0005627645392038708,0.9830556075000001,0.98450500375,-0.0019489830000000152,0.0002302654105736125,-0.0022565300000000343,-0.001553674999999921,0.02841,0.0007102112361825884,0.0272,0.0293,0.02207,0.001402711659607918,0.01955,0.0238,0.06123774547137684,0.003563530703799491,0.05726361736704605,0.06760608814676848,-0.050930150152863195,0.003442285808481656,-0.05678382196508872,-0.047459420294875876,-0.047491132102382934,0.0033547793423242575,-0.05348398163292095,-0.04417495982486971,0.1738,0.009130169768410657,0.1605,0.184,0.1217,0.012524376231972592,0.1,0.1335,0.11975,0.006557438524302001,0.11225,0.13025,0.08895,0.00814002456998749,0.075,0.09925
header,header_bounded_jitter,2024-10-13_2024-10-19,important,budget,3.0,5,3,7,0.9839648195,0.0006141408344460237,0.9830820075000001,0.9846851324999999,-0.001884707749999981,0.0002863884491073584,-0.002268717499999906,-0.0013855699999999471,0.02838,0.0007406753674856487,0.0278,0.0297,0.021740000000000002,0.0014544414735560866,0.0195,0.02355,0.06183587507034129,0.0029606213100833952,0.058208476144894335,0.06710361153917684,-0.05122138287305731,0.002863272645613328,-0.05613081224235525,-0.04806055402405857,-0.04790245505953909,0.0027170460417617246,-0.0528622550958156,-0.0449899251451001,0.1719,0.011074294559925698,0.1565,0.185,0.11710000000000001,0.011655041827466772,0.0965,0.128,0.11884999999999998,0.005377266963802335,0.11275,0.125,0.08655,0.007535582260184015,0.0725,0.09325
header,header_bounded_jitter,2024-10-13_2024-10-19,random,budget,1.0,100,1,7,0.9856313007875002,0.0008706761661437232,0.9829600575,0.9868937775,-0.00021822646250003075,0.0007154095537016835,-0.0022144112500002144,0.0006275112499999347,0.004747,0.007022427714117106,0.0,0.0213,0.003528,0.005554909180175676,0.0,0.01855,0.010068052471316334,0.015924425448574083,3.0600000000000175e-05,0.05387738421926533,-0.007817759352281078,0.013606310006920622,-0.047783788897101234,-2.839999999999997e-05,-0.007407179050522863,0.012427154576889974,-0.043256276937297604,-2.1999999999999982e-05,0.033655,0.04523536752365344,0.0,0.1215,0.022875,0.030958954681965602,0.0,0.0965,0.021075,0.029882258532446974,0.0,0.09375,0.015095,0.02236603954659832,0.0,0.07625
header,header_bounded_jitter,2024-10-13_2024-10-19,random,budget,2.0,100,2,7,0.9853927347125,0.0010013713045172784,0.9826613112499999,0.9867980425,-0.00045679253750003035,0.000902719498604868,-0.002406360000000163,0.0006007437500000767,0.008320500000000002,0.009170512785553487,0.0,0.0302,0.006229,0.007271094071733634,0.0,0.0223,0.018099558881426173,0.021051946581896245,0.00038631666666666707,0.0668041698919861,-0.014480622558214926,0.018288828284512948,-0.056018387734083595,-0.0002936999999999999,-0.013602147977417782,0.016716422941947515,-0.05254651039725402,-0.000313482142857143,0.05713,0.05603987955019176,0.0,0.1785,0.038995,0.03903815409314329,0.0,0.1265,0.036770000000000004,0.03874257477246446,0.0,0.12475,0.026547499999999998,0.029379195338708648,0.0,0.09475
header,header_bounded_jitter,2024-10-13_2024-10-19,random,budget,3.0,100,3,7,0.9849767187749999,0.0012212113795053686,0.98259909375,0.9868384175,-0.0008728084750000043,0.0010691283991264837,-0.0024685775000000687,0.000506569999999984,0.013350000000000002,0.01027481630006104,0.0,0.0299,0.01026,0.00828704108834993,0.0,0.024,0.029534071801202676,0.023770695567164605,0.0009282934731934737,0.06823904115583927,-0.02414920412943067,0.0208002708706786,-0.05794747827069873,-0.0006074339493839496,-0.022517220644942045,0.018976608483200024,-0.05394934732412538,-0.0004986018065268066,0.085835,0.06018534103085236,0.0,0.196,0.0599,0.042870036155804675,0.0,0.1455,0.057512499999999994,0.042814999927011564,0.0,0.13575,0.042442499999999994,0.03296312058573945,0.0,0.10625
header,header_bounded_jitter,2024-10-20_2024-10-26,baseline,baseline,0.0,5,0,7,0.987149954,0.000313896379380769,0.98683577125,0.987644305,0.0,0.0,0.0,0.0,0.0,0.0,0.0,0.0,0.0,0.0,0.0,0.0,0.0,0.0,0.0,0.0,0.0,0.0,0.0,0.0,0.0,0.0,0.0,0.0,0.0,0.0,0.0,0.0,0.0,0.0,0.0,0.0,0.0,0.0,0.0,0.0,0.0,0.0,0.0,0.0
header,header_bounded_jitter,2024-10-20_2024-10-26,important,budget,1.0,5,1,7,0.9853411832500001,0.00028821532892051054,0.9851424324999999,0.9858987025,-0.0018087707500000993,0.00012679948817079855,-0.0020465037500001504,-0.0016933387500001063,0.02127,0.001414072133945083,0.0191,0.0235,0.01792,0.0012249897958758681,0.0162,0.01935,0.047518505192603686,0.0022114780549191797,0.04535826714955607,0.05171827543955926,-0.04159399418934644,0.001977442625216475,-0.04525415274529912,-0.039677423141472636,-0.036633643607208326,0.0023829358025516316,-0.040907937770515414,-0.03452675761629168,0.1119,0.004188078318274384,0.107,0.1195,0.08530000000000001,0.002336664289109581,0.083,0.0895,0.0822,0.005020956084253277,0.075,0.08675,0.0668,0.0033926390907374746,0.06075,0.07075
header,header_bounded_jitter,2024-10-20_2024-10-26,important,budget,2.0,5,2,7,0.9855219457500001,0.00034396334219526943,0.9849588875,0.9860181887500001,-0.0016280082500000014,0.0002492633811962391,-0.0019356287500000846,-0.0012016950000000026,0.02963,0.0009179324593890336,0.0286,0.03125,0.02361,0.0008309031231136405,0.02235,0.0246,0.06233061827442017,0.0024237491024097107,0.06024537118988633,0.06693364564874613,-0.05181215667057356,0.002188618069258103,-0.05608113537757572,-0.04985079645720966,-0.047358211911798766,0.002473769339709202,-0.05183500835380106,-0.04478695916232155,0.16840000000000002,0.004993996395673505,0.162,0.1765,0.12,0.005049752469181037,0.115,0.1285,0.1149,0.005819364226442611,0.106,0.12425,0.0867,0.003922371731491035,0.082,0.0935
header,header_bounded_jitter,2024-10-20_2024-10-26,important,budget,3.0,5,3,7,0.98560823825,0.0004145932680883279,0.98519412875,0.9863257712500001,-0.001541715750000039,0.0002147772762168983,-0.001776228750000164,-0.001249093750000041,0.02969,0.00032155870381627013,0.02935,0.0301,0.02312,0.0006531462317123173,0.0225,0.0242,0.06269560360274026,0.0028014028434664518,0.05936483843316619,0.06751928272109803,-0.05182806649368281,0.0022888887086928915,-0.05557108412994814,-0.04896137907922917,-0.04793018245365198,0.0027217077047932484,-0.05231776815596528,-0.044532972942705105,0.17079999999999998,0.004545327270945399,0.162,0.175,0.1173,0.0032954514106568133,0.1135,0.123,0.11704999999999999,0.0037363083384538785,0.113,0.12375,0.08595,0.0029129023327258982,0.08125,0.0895
header,header_bounded_jitter,2024-10-20_2024-10-26,random,budget,1.0,100,1,7,0.986853564575,0.0007892936284029059,0.9848451325,0.9878897337500001,-0.000296389425000031,0.0007351184453477116,-0.0020514800000002165,0.000500287499999974,0.005674499999999999,0.008428453283372935,0.0,0.0235,0.0044195,0.006968220343100524,0.0,0.0192,0.01211370189721297,0.01821086664618401,2.8500000000000154e-05,0.05292377121331266,-0.009872034498280894,0.015761107564655374,-0.0461081331415093,-2.6499999999999963e-05,-0.009014151562167344,0.013889587628858275,-0.041155986086415706,-2.6499999999999963e-05,0.035789999999999995,0.048822340173326394,0.0,0.128,0.025005000000000003,0.03521849620582911,0.0,0.098,0.023507500000000004,0.03354466155366603,0.0,0.099,0.017515,0.02631154261916241,0.0,0.08075
header,header_bounded_jitter,2024-10-20_2024-10-26,random,budget,2.0,100,2,7,0.9868644093875,0.0008396204198638372,0.9849599199999999,0.98801432125,-0.0002855446125000516,0.0007733957824521875,-0.0021101737499999995,0.0006723087500000169,0.007034,0.00907870552446768,0.0,0.0309,0.005355499999999998,0.007394494218673784,0.0,0.0245,0.015257836687682446,0.01983655338139414,0.0003903050000000004,0.06755121490084152,-0.012171613343634662,0.01704681218514092,-0.05626723403642791,-0.00015359523809523813,-0.011335234557719742,0.015182595380930638,-0.05206528728273219,-0.00027426666666666665,0.04579499999999999,0.052942095491206244,0.0,0.1765,0.031385,0.03762491561452331,0.0,0.125,0.029497499999999996,0.036142331396162033,0.0,0.1265,0.021455,0.027833845853564684,0.0,0.09525
header,header_bounded_jitter,2024-10-20_2024-10-26,random,budget,3.0,100,3,7,0.9865625391124998,0.001021617878468603,0.9847979962500001,0.98794965375,-0.0005874148875000529,0.0009649756824279148,-0.0021532475000000106,0.0007114312499999498,0.013391500000000002,0.010486491441373516,0.0001,0.03145,0.010173000000000001,0.00864735630120559,0.0,0.0248,0.0284523333585703,0.022824299723660336,0.0008099022144522147,0.06800885242206532,-0.0228433864887912,0.020015073576370838,-0.05642079484590437,-0.0003160500000000002,-0.021243195008975674,0.017774281493009563,-0.05252395216173385,-0.0004976500000000002,0.085435,0.05717646609401459,0.001,0.1825,0.0581,0.040657902060977025,0.0,0.129,0.05568000000000001,0.040414262333983035,0.0005,0.127,0.0403125,0.031450961332684255,0.0,0.0955
header,header_bounded_jitter,2024-10-27_2024-11-02,baseline,baseline,0.0,5,0,7,0.9798009397499999,0.0007482788461903451,0.9788084224999999,0.9810180375,0.0,0.0,0.0,0.0,0.0,0.0,0.0,0.0,0.0,0.0,0.0,0.0,0.0,0.0,0.0,0.0,0.0,0.0,0.0,0.0,0.0,0.0,0.0,0.0,0.0,0.0,0.0,0.0,0.0,0.0,0.0,0.0,0.0,0.0,0.0,0.0,0.0,0.0,0.0,0.0
header,header_bounded_jitter,2024-10-27_2024-11-02,important,budget,1.0,5,1,7,0.9772755895000002,0.0009445871495379767,0.97638577375,0.9789634037500001,-0.0025253502499998914,0.000301819922656127,-0.0028846874999999272,-0.0020546337499999234,0.029309999999999996,0.004016889343758426,0.0245,0.03635,0.022869999999999998,0.002105611550120298,0.0203,0.0261,0.04912996497846879,0.0017974608409231073,0.04691283174623399,0.051779092789711004,-0.04032391401473055,0.0021637622356467582,-0.04360800696966723,-0.03777518573599974,-0.032434459740824075,0.0015490973185896919,-0.03477933755038044,-0.030644720537421608,0.13,0.03632216953872662,0.0845,0.1915,0.0822,0.017037018518508456,0.059,0.1025,0.09805,0.017796347939956672,0.08,0.131,0.06949999999999999,0.007407766195014527,0.0635,0.08175
header,header_bounded_jitter,2024-10-27_2024-11-02,important,budget,2.0,5,2,7,0.9777550607500001,0.0007296426539960578,0.9768621625,0.9789548725000001,-0.0020458789999999285,0.0003733555659383313,-0.002462369999999936,-0.0014542662499998915,0.040760000000000005,0.0028881481956437058,0.03735,0.04555,0.031330000000000004,0.002305992194262592,0.02935,0.035,0.06775055947406441,0.001962206653555467,0.06555378307932624,0.0710460002476915,-0.05279870048399425,0.002255671055756853,-0.05654746054883849,-0.049920409644966045,-0.045668318780127316,0.0016770150233981905,-0.04855275065723377,-0.04374097227971643,0.1947,0.025654629211898577,0.159,0.236,0.1266,0.01814497175528251,0.1055,0.1545,0.14355,0.013587126259809321,0.129,0.167,0.101,0.010058578428386391,0.08975,0.117
header,header_bounded_jitter,2024-10-27_2024-11-02,important,budget,3.0,5,3,7,0.9778861525,0.0007555875025170865,0.9767666212499999,0.978998285,-0.001914787249999983,0.0005476198497147477,-0.002503840000000035,-0.000997918749999771,0.04072,0.003995322264849233,0.03655,0.0465,0.03126,0.0032365722608957777,0.0281,0.03545,0.06776050530903492,0.0021687213326511915,0.06465463004102245,0.07047070955999092,-0.05280669391728132,0.002487187944394438,-0.055747560322659866,-0.049001775290844,-0.045673255473832455,0.001774791454166579,-0.04785509130868229,-0.043271291859282954,0.1963,0.025668268348293378,0.169,0.2375,0.1267,0.01749171232326898,0.108,0.151,0.14384999999999998,0.014601883440159356,0.1285,0.16925,0.101,0.01027740239554723,0.09075,0.1175
header,header_bounded_jitter,2024-10-27_2024-11-02,random,budget,1.0,100,1,7,0.9794426396874999,0.0012756005464581862,0.9760858300000002,0.9814777849999999,-0.0003583000624999999,0.00102509564076186,-0.003184631249999792,0.0013094999999999635,0.007015499999999999,0.01166343794727781,0.0,0.03685,0.005193,0.008948561392760292,0.0,0.0269,0.011722226891531438,0.018727532176859414,3.1900000000000376e-05,0.052193619282339725,-0.00898063987674523,0.015074653985634075,-0.043407494053623596,-2.689999999999989e-05,-0.007727590036704598,0.012335411792822892,-0.035681227532160034,-2.2699999999999908e-05,0.037099999999999994,0.05797132912052302,0.0,0.2005,0.022615,0.03553054003248473,0.0,0.107,0.0256425,0.04083734894370593,0.0,0.1375,0.0172225,0.027906202155614082,0.0,0.0875
header,header_bounded_jitter,2024-10-27_2024-11-02,random,budget,2.0,100,2,7,0.9792768988750001,0.0014352054640495578,0.97603569125,0.9813886825,-0.0005240408749999881,0.0012187877963364402,-0.0032347699999999424,0.001210792500000113,0.0125315,0.013967429353678505,0.0,0.0446,0.009249,0.010858425254151727,0.0,0.0346,0.021395614389047676,0.022931371640053932,0.00041691333333333385,0.07071933125633972,-0.016090336829324186,0.018412076131637277,-0.056182690290166454,-0.00023271428571428564,-0.014122583817224352,0.015221118610823746,-0.04856066742722844,-0.0003294466666666666,0.06792000000000001,0.06791206520199485,0.0,0.2235,0.04211500000000001,0.04295386216628255,0.0,0.153,0.04649999999999999,0.04847951887137495,0.0,0.1555,0.031477500000000005,0.03391541122778847,0.0,0.1115
header,header_bounded_jitter,2024-10-27_2024-11-02,random,budget,3.0,100,3,7,0.9791228548124999,0.0015323669794358504,0.9762965275,0.98158837375,-0.0006780849374999919,0.0014041962560026155,-0.0031183312500000504,0.0012867725000000885,0.0173655,0.013968522998155531,0.0002,0.04495,0.012772,0.011067349095424794,0.0,0.0343,0.029817635334277094,0.022450149304482286,0.0010802833333333336,0.06905468358501374,-0.022345389093723328,0.018553010268707187,-0.05356633657025244,-0.0003706692857142857,-0.019722699573488274,0.015039169738500318,-0.04681783316318713,-0.0005820692857142856,0.09569,0.06664670959619838,0.002,0.24,0.059635000000000014,0.043265277937394556,0.0,0.158,0.06544,0.04768432813828879,0.001,0.1625,0.04435250000000001,0.03399226189517256,0.0,0.1155
header,header_bounded_jitter,2024-11-03_2024-11-09,baseline,baseline,0.0,5,0,7,0.985100248,0.0005816446110687446,0.9842435050000001,0.985587635,0.0,0.0,0.0,0.0,0.0,0.0,0.0,0.0,0.0,0.0,0.0,0.0,0.0,0.0,0.0,0.0,0.0,0.0,0.0,0.0,0.0,0.0,0.0,0.0,0.0,0.0,0.0,0.0,0.0,0.0,0.0,0.0,0.0,0.0,0.0,0.0,0.0,0.0,0.0,0.0
header,header_bounded_jitter,2024-11-03_2024-11-09,important,budget,1.0,5,1,7,0.9825695135,0.000669080887546223,0.9816747625,0.9833162575,-0.002530734500000076,0.0001515647055522707,-0.0026839962500001535,-0.002268003749999914,0.028710000000000003,0.0014715298162116862,0.02645,0.0309,0.024010000000000004,0.0014104609175726918,0.0217,0.0259,0.04596743286226943,0.0012996697417481141,0.04411961895576002,0.048138282795686396,-0.038314783791485174,0.0017188144554874153,-0.04032643467311821,-0.03578700673563117,-0.03088257431285344,0.001401683954090679,-0.03284406220795028,-0.029242089418490245,0.1255,0.010959014554237981,0.1125,0.142,0.08990000000000001,0.010155786527886453,0.0735,0.104,0.10485,0.0055735984785414885,0.09775,0.11325,0.08335000000000001,0.006522269543648131,0.0755,0.09125
header,header_bounded_jitter,2024-11-03_2024-11-09,important,budget,2.0,5,2,7,0.9821553335000001,0.0004996902104219807,0.9813624112499999,0.9827948037500001,-0.0029449145000000508,0.00019444476751374323,-0.003229894999999927,-0.0027125862500001485,0.03816,0.0019875613198087746,0.0347,0.0407,0.030979999999999997,0.002395120038745449,0.0278,0.0344,0.07158773723014213,0.00196063755158182,0.06843233195526652,0.07423642507500278,-0.05958082786187459,0.0023689620170003404,-0.06283156954531079,-0.05575776522894598,-0.05216989026256149,0.002239945808912582,-0.05559115633225199,-0.048653610381314556,0.1879,0.012741271522104849,0.1635,0.2,0.1323,0.014868086628749512,0.1055,0.1455,0.1424,0.0066663333249995784,0.12925,0.14675,0.1092,0.007500666637039672,0.09725,0.11625
header,header_bounded_jitter,2024-11-03_2024-11-09,important,budget,3.0,5,3,7,0.982122618,0.0005983571512805328,0.981160225,0.9828955650000001,-0.0029776299999999976,0.00020923372060178229,-0.003246703749999913,-0.0026920699999999353,0.0379,0.0026610148440021895,0.0333,0.0403,0.03085,0.0025739075352467513,0.0271,0.0342,0.071779919722563,0.0014834686481933431,0.0703321063510717,0.07435789751780356,-0.05993132597532942,0.0023454000682871672,-0.06355078156224786,-0.05704184103047693,-0.05240850774911807,0.0020771109104309017,-0.055983615048751656,-0.04975708865643203,0.18929999999999997,0.01969162258423617,0.1575,0.212,0.13319999999999999,0.01819505427307102,0.103,0.156,0.1434,0.010491186777481372,0.123,0.15225,0.1109,0.009988243088751894,0.09425,0.1205
header,header_bounded_jitter,2024-11-03_2024-11-09,random,budget,1.0,100,1,7,0.9845369554375,0.0011493640846262838,0.98172009625,0.9856070462500001,-0.000563292562500034,0.0010293917397724986,-0.002815667499999952,0.0002769187500000214,0.007331999999999998,0.011678588356475282,0.0,0.0311,0.005846499999999999,0.009756385742169074,0.0,0.02715,0.01275029002210858,0.01919579414411171,3.9000000000000426e-05,0.048099902083686495,-0.010346258696774614,0.015756328947789066,-0.040551666162941355,-3.660000000000018e-05,-0.00881484436744743,0.01309442539750747,-0.03275264578269471,-3.499999999999973e-05,0.037115,0.05407614330737724,0.0,0.146,0.025185,0.038061966252415286,0.0,0.114,0.0282125,0.04322995742248655,0.0,0.114,0.0213225,0.03425586254570157,0.0,0.0985
header,header_bounded_jitter,2024-11-03_2024-11-09,random,budget,2.0,100,2,7,0.9839925772000001,0.0013650031030403194,0.9811950275000001,0.9856056875,-0.0011076708000000435,0.0012659136348096111,-0.003252708749999833,0.00010909249999990767,0.014768000000000002,0.013832050679490731,0.0,0.04195,0.011732,0.01188265020944402,0.0,0.0357,0.02793203669075626,0.023500448145717574,0.0004773200000000007,0.07435438959181485,-0.022755818246953954,0.019669683801217377,-0.06353614492353744,-0.0001523142857142857,-0.019873512280858045,0.01664805962337009,-0.05640655273332362,-0.00024211999999999994,0.07715999999999998,0.06308553241433411,0.0,0.213,0.05279499999999999,0.04685392699657095,0.0,0.1615,0.057575,0.05067273058559209,0.0,0.15375,0.04351,0.041658371307577546,0.0,0.12425
header,header_bounded_jitter,2024-11-03_2024-11-09,random,budget,3.0,100,3,7,0.9838111302,0.001429504406299533,0.9812479074999999,0.9855909524999998,-0.001289117800000038,0.0012858499039102907,-0.003223587499999736,3.776249999987158e-05,0.018027500000000002,0.013864518338189755,0.00025,0.0417,0.014059499999999997,0.01188419264190883,0.0001,0.0342,0.034952099343712996,0.023016679113551503,0.0008163166666666673,0.07421420170359912,-0.028341483634465633,0.019390284826897936,-0.0631696553954817,-0.0003033342857142859,-0.025145523791485616,0.016371310841969064,-0.056059427544216466,-0.00037253428571428583,0.09897,0.06171457769441512,0.001,0.2115,0.06595,0.04455190792771955,0.001,0.155,0.0709875,0.04975860949373484,0.00125,0.15575,0.05236,0.04046143719642198,0.0005,0.12475
header,header_bounded_jitter,2024-11-10_2024-11-16,baseline,baseline,0.0,5,0,7,0.9834394455,0.0005590071635394943,0.9826748225,0.9843270125,0.0,0.0,0.0,0.0,0.0,0.0,0.0,0.0,0.0,0.0,0.0,0.0,0.0,0.0,0.0,0.0,0.0,0.0,0.0,0.0,0.0,0.0,0.0,0.0,0.0,0.0,0.0,0.0,0.0,0.0,0.0,0.0,0.0,0.0,0.0,0.0,0.0,0.0,0.0,0.0
header,header_bounded_jitter,2024-11-10_2024-11-16,important,budget,1.0,5,1,7,0.981598026,0.000684489829978049,0.9809200237500002,0.9828589825,-0.0018414194999999411,0.00023667911872753011,-0.002185875000000115,-0.0014680299999999535,0.03024,0.0013854241227869524,0.02885,0.0321,0.025,0.0016991174179555684,0.0234,0.02785,0.04704752341247931,0.0009381944101655147,0.045925831653076066,0.0487592798240758,-0.03810772344868743,0.0009654056319039811,-0.03954224855706451,-0.037013373514686365,-0.030704674960933664,0.0010100244096967114,-0.032554106701377566,-0.02953142372213706,0.12050000000000001,0.013084341787036897,0.1095,0.1435,0.0866,0.01595117550527233,0.065,0.1125,0.10090000000000002,0.007011775809308225,0.0935,0.11325,0.07755000000000001,0.00948736001214247,0.066,0.09275
header,header_bounded_jitter,2024-11-10_2024-11-16,important,budget,2.0,5,2,7,0.9821595765000002,0.0007238240062406733,0.98136947375,0.9833300787500001,-0.0012798689999999446,0.0003794386679362443,-0.002014811249999915,-0.0009851450000001316,0.04179,0.0035327609599292184,0.03675,0.0476,0.033139999999999996,0.003527520375561282,0.0278,0.0383,0.06817594492536265,0.0014090559737099091,0.06608699139520681,0.0698200079356816,-0.05419702915224297,0.001155102349087348,-0.05562625122482639,-0.05279087598393652,-0.04742667426712651,0.0012608161189042641,-0.049314539394221805,-0.04596604287371584,0.19190000000000002,0.02858391155877725,0.163,0.243,0.13199999999999998,0.031101446911679206,0.089,0.18,0.14355,0.017546652102324246,0.12525,0.17225,0.10505,0.017267310155319505,0.0835,0.13175
header,header_bounded_jitter,2024-11-10_2024-11-16,important,budget,3.0,5,3,7,0.98221083875,0.0008115121225237232,0.98136151625,0.9836284262499998,-0.001228606749999983,0.0004447360785092966,-0.002022768749999959,-0.0006985862500001883,0.042719999999999994,0.002514279220770837,0.0399,0.04675,0.033729999999999996,0.0025854593402333745,0.03075,0.0375,0.06875567014348843,0.0012212244580444335,0.06731268628766236,0.07028735089384212,-0.054694950515330076,0.0009749229904221154,-0.05622843741954414,-0.05329584289098061,-0.0481528749876517,0.0012900795238959643,-0.05007866283626331,-0.04665869891532734,0.1973,0.020650907970353263,0.1795,0.235,0.1335,0.02294776677587604,0.107,0.167,0.14565,0.012902131606831482,0.13375,0.1625,0.10540000000000001,0.013927131793732691,0.092,0.12275
header,header_bounded_jitter,2024-11-10_2024-11-16,random,budget,1.0,100,1,7,0.983199728375,0.0009401998419900253,0.980865745,0.9851328562500001,-0.00023971712499999077,0.0007858019149893215,-0.0024760774999997848,0.0010962487500000284,0.0071294999999999996,0.011704507881581352,0.0,0.034,0.005504000000000001,0.009529028491929279,0.0,0.0286,0.01203500859474448,0.018466057771255106,2.9100000000000216e-05,0.04857613780559006,-0.00932295011245249,0.014646379263833633,-0.040414889845297924,-2.7300000000000084e-05,-0.008122076234082147,0.012216817916607305,-0.032074366438702304,-2.710000000000006e-05,0.03493999999999999,0.05229810130396705,0.0,0.147,0.023049999999999998,0.03590059191712583,0.0,0.11,0.025802499999999996,0.03998298536565273,0.0,0.116,0.018402500000000002,0.02976700973813124,0.0,0.09075
header,header_bounded_jitter,2024-11-10_2024-11-16,random,budget,2.0,100,2,7,0.9831696118999999,0.001174381260687652,0.980699205,0.9853518450000001,-0.00026983359999999124,0.0010074625632050366,-0.002516102500000117,0.0010752349999999522,0.011742,0.012691455235708787,0.0,0.0433,0.008835000000000003,0.010346256569407119,0.0,0.0344,0.020252918789841493,0.02024569417606791,0.0003711478571428578,0.06939961108269999,-0.015440078550052902,0.01610090166743554,-0.05457140068647684,-0.0003077666666666668,-0.013843075961752337,0.013534275304723392,-0.04911762649184676,-0.00031459999999999995,0.062380000000000005,0.05894824509686442,0.0,0.2035,0.040445,0.04000393074436561,0.0,0.1495,0.04395500000000001,0.04351082307886166,0.0,0.155,0.030545,0.032033603059911944,0.0,0.11375
header,header_bounded_jitter,2024-11-10_2024-11-16,random,budget,3.0,100,3,7,0.9830501092999999,0.0012523380463212693,0.9806603537499999,0.9852503575,-0.0003893361999999878,0.0010129731718885018,-0.0024444374999998963,0.0011401037499999545,0.015933,0.014938509329916421,0.00025,0.04435,0.012108999999999998,0.012189814149526645,0.0,0.0352,0.027672657956970888,0.02387172203638577,0.0010381750000000003,0.07011571471838003,-0.02130363678834589,0.0191857237720745,-0.05575238823242751,-0.0006579666666666666,-0.019070251764479202,0.016243784969734665,-0.049077386156603016,-0.0006564507492507494,0.08125500000000001,0.06596114367565195,0.0,0.211,0.053015,0.04522910871330541,0.0,0.15,0.0585475,0.05043789120046555,0.0,0.16375,0.041027499999999995,0.03745849194441762,0.0,0.11925
header,header_bounded_jitter,2024-11-17_2024-11-23,baseline,baseline,0.0,5,0,7,0.97653662225,0.0008831192930889356,0.97550082,0.9779462787500001,0.0,0.0,0.0,0.0,0.0,0.0,0.0,0.0,0.0,0.0,0.0,0.0,0.0,0.0,0.0,0.0,0.0,0.0,0.0,0.0,0.0,0.0,0.0,0.0,0.0,0.0,0.0,0.0,0.0,0.0,0.0,0.0,0.0,0.0,0.0,0.0,0.0,0.0,0.0,0.0
header,header_bounded_jitter,2024-11-17_2024-11-23,important,budget,1.0,5,1,7,0.975209145,0.0010250541034773203,0.974001455,0.9768092425000001,-0.001327477250000042,0.00027003154655446185,-0.0015936537499999792,-0.0008896087500002148,0.03116,0.0023480630315219388,0.02845,0.0346,0.024399999999999998,0.001905780679931455,0.02165,0.02665,0.05081589483607722,0.001671267018884418,0.04778609913896537,0.05279452122047758,-0.04010174896604969,0.001294064390127695,-0.0412822285207143,-0.03766911876207279,-0.03290704567516175,0.0009629790451478875,-0.03401132651109508,-0.03130526137495512,0.12290000000000001,0.013499629624548967,0.101,0.139,0.08,0.00596657355607052,0.0715,0.089,0.10399999999999998,0.0051550945675128005,0.09575,0.1095,0.0742,0.002425901894141643,0.072,0.07875
header,header_bounded_jitter,2024-11-17_2024-11-23,important,budget,2.0,5,2,7,0.9764677662500001,0.0009386483641225629,0.9751930425,0.9778693075,-6.885599999995051e-05,0.0005219156871129093,-0.000848417499999754,0.000736129999999946,0.04533,0.002223195897801179,0.04225,0.0481,0.0356,0.0020027481119701492,0.0335,0.03895,0.07009813094625614,0.0014852045085367125,0.06748299625705531,0.07157220461653745,-0.05350151819095532,0.001385336786240942,-0.05446853109766836,-0.05076999879066423,-0.046744340484634085,0.001807524522861944,-0.049223916537706885,-0.04404596130573009,0.2061,0.03277865158910598,0.176,0.25,0.1403,0.03204153554372823,0.1095,0.1835,0.15394999999999998,0.016441867290548234,0.13875,0.179,0.11215,0.015160474926597785,0.098,0.131
header,header_bounded_jitter,2024-11-17_2024-11-23,important,budget,3.0,5,3,7,0.97654549275,0.0009445811500906206,0.97538798625,0.9778885837500001,8.870500000002223e-06,0.000600237477469556,-0.0008860849999998699,0.0009946387499998322,0.04507,0.0029980993979519736,0.042,0.05005,0.03494,0.002329248805945813,0.0325,0.03915,0.07020412415315848,0.0019221873113046133,0.06736173105370842,0.07306221517917129,-0.05320331240393004,0.0017280904159950362,-0.05532685907372089,-0.050092464944558046,-0.0466089707171396,0.0017840298745770422,-0.04870599366346789,-0.04431484887119069,0.20470000000000002,0.0292054789380349,0.1765,0.251,0.1374,0.026998888866025576,0.108,0.1805,0.15355,0.01742010332919985,0.13725,0.17575,0.11034999999999999,0.014371499573809269,0.0945,0.12925
header,header_bounded_jitter,2024-11-17_2024-11-23,random,budget,1.0,100,1,7,0.9766261576625002,0.0012361582571304187,0.9740765324999999,0.9795704975,8.953541249998808e-05,0.0008491715392889048,-0.0022622662499999224,0.002084874999999875,0.007039999999999999,0.01126915702259934,0.0,0.03515,0.005149,0.008683187721107957,0.0,0.02835,0.012017842864404136,0.018611690318310576,3.73666666666671e-05,0.05255219047889304,-0.008696841416628218,0.014190894705441643,-0.041666698175592355,-3.3833333333333225e-05,-0.007836382044628717,0.01204949950041179,-0.03450153886415084,-2.9433333333333135e-05,0.036965,0.05373114808935316,0.0,0.1575,0.023515,0.034630655133855034,0.0,0.098,0.026382500000000003,0.03969478011968324,0.0,0.1075,0.0178875,0.027696014492161143,0.0,0.077
header,header_bounded_jitter,2024-11-17_2024-11-23,random,budget,2.0,100,2,7,0.9764430236749999,0.0014130729764968988,0.9740206487499999,0.97944686875,-9.359857500001678e-05,0.0009722397260193737,-0.0021176974999999043,0.0023662574999999686,0.014785500000000002,0.015524341040765628,0.0,0.04985,0.011199000000000004,0.012323037328516051,0.0,0.03975,0.025021380961387066,0.02493913569617471,0.0004368040093240099,0.07166224965181069,-0.01877618441734296,0.019455815093867436,-0.05427056149237147,-0.00016524999999999995,-0.01640740712285397,0.016276004614363918,-0.048650109450703055,-0.00030144999999999993,0.07136,0.06979101231534043,0.0,0.257,0.04691000000000001,0.04805056607366869,0.0,0.1945,0.053222500000000006,0.052968031573299,0.0,0.183,0.03735,0.03878656339507278,0.0,0.13725
header,header_bounded_jitter,2024-11-17_2024-11-23,random,budget,3.0,100,3,7,0.9767373630250001,0.0013552965703700457,0.97404228875,0.9796334312499999,0.00020074077499998677,0.0011915555221695072,-0.001927058749999988,0.0022163299999999886,0.018515,0.014759777267967154,0.0002,0.0488,0.013789500000000001,0.011754769872268873,0.0,0.03935,0.030641493024786536,0.023408726566491823,0.0009423850000000003,0.0724386146520126,-0.022323067760814,0.018486672499751455,-0.05500165161670453,-0.00035394761904761885,-0.01998515355888995,0.015261905089946421,-0.04943808587748956,-0.0004959476190476189,0.09634499999999999,0.06595952148856145,0.001,0.24,0.06255499999999999,0.04446273130386841,0.0,0.1765,0.06778,0.04901269325389088,0.0005,0.18325,0.046895000000000006,0.0354203363196907,0.0,0.1365
header,header_bounded_jitter,2024-11-24_2024-11-30,baseline,baseline,0.0,5,0,7,0.9809408562499999,0.000770559812403031,0.9803700112500001,0.9824670325,0.0,0.0,0.0,0.0,0.0,0.0,0.0,0.0,0.0,0.0,0.0,0.0,0.0,0.0,0.0,0.0,0.0,0.0,0.0,0.0,0.0,0.0,0.0,0.0,0.0,0.0,0.0,0.0,0.0,0.0,0.0,0.0,0.0,0.0,0.0,0.0,0.0,0.0,0.0,0.0
header,header_bounded_jitter,2024-11-24_2024-11-30,important,budget,1.0,5,1,7,0.9784193367499998,0.0008642011002978181,0.9773412125000001,0.9799592874999999,-0.0025215195000000802,0.0004403765733249149,-0.0033599037499998374,-0.002096161250000117,0.03415,0.006767274192760333,0.0277,0.0437,0.02782,0.006109222536460755,0.0213,0.03575,0.05896708333135962,0.0014792029839371123,0.05690399178523608,0.06110428560963925,-0.04907758735854175,0.0015040315198796728,-0.05076020131910471,-0.04668312560359913,-0.043815661117242354,0.0012622000412451102,-0.04600255631101704,-0.04231868410778669,0.1105,0.016489390528457992,0.0905,0.1305,0.07210000000000001,0.0032924155266308625,0.067,0.0765,0.09425000000000001,0.006469157595854349,0.0875,0.10425,0.0675,0.0047116875957559,0.05875,0.07225
header,header_bounded_jitter,2024-11-24_2024-11-30,important,budget,2.0,5,2,7,0.9789775487500002,0.0008860697482316317,0.9773455775000001,0.9799966237500002,-0.0019633074999999777,0.000833021347177572,-0.0033555387499998313,-0.0011559187500002066,0.05312,0.002513682557523921,0.0487,0.05645,0.043230000000000005,0.002331008365493354,0.0393,0.046,0.07914815306841719,0.0019308022858638076,0.07617242217465629,0.08205403219621701,-0.06376347632304744,0.002327332864425027,-0.06591103252763,-0.05972207605081881,-0.05817008713567904,0.0017170269412553345,-0.060736778707752626,-0.0557818756983835,0.2052,0.04183849901705366,0.1655,0.263,0.1427,0.037838604625435125,0.1045,0.1915,0.1491,0.023199999999999995,0.124,0.18,0.1081,0.02041114891425762,0.08675,0.13375
header,header_bounded_jitter,2024-11-24_2024-11-30,important,budget,3.0,5,3,7,0.9788622737499999,0.000859329459234083,0.9773299337499999,0.97990305625,-0.002078582500000081,0.0007874742517429009,-0.003371182500000014,-0.0012229675000001716,0.05267999999999999,0.0036850508816025852,0.04635,0.0574,0.04284,0.0036042197491274034,0.03665,0.04685,0.08011184299987952,0.00232337372556611,0.07626741136306271,0.08286124886345049,-0.06472214440514393,0.0030334379281038927,-0.06755435324341867,-0.05944426362657989,-0.05882908672382057,0.002201386038918976,-0.06173312603819703,-0.054942859984447485,0.2017,0.03653573593072952,0.1675,0.25,0.1409,0.038502467453398366,0.102,0.189,0.14705,0.022185242842935025,0.1245,0.17525,0.10645,0.021673370757683264,0.08525,0.13375
header,header_bounded_jitter,2024-11-24_2024-11-30,random,budget,1.0,100,1,7,0.980576614075,0.001387504399159404,0.9773671375,0.9828432600000001,-0.0003642421750000102,0.0010837463243212506,-0.0033339787499998552,0.0013605975000001713,0.007783499999999999,0.013120924233833531,0.0,0.0424,0.006033,0.01072788707062113,0.0,0.0359,0.014092510818459405,0.02270495445135826,2.612500000000013e-05,0.06124663763809103,-0.011210947179064295,0.018660984900923386,-0.05098266886031163,-2.4524999999999973e-05,-0.010422634953509646,0.016856743589858142,-0.04688111774373883,-2.330000000000005e-05,0.033795,0.05124061353067505,0.0,0.1495,0.022795,0.03507948795236328,0.0,0.102,0.024707499999999997,0.0379085586477513,0.0,0.09975,0.017145,0.026961249507394865,0.0,0.07325
header,header_bounded_jitter,2024-11-24_2024-11-30,random,budget,2.0,100,2,7,0.9802376863,0.0015849814225679458,0.9772759737500001,0.9828953487500001,-0.0007031699500000366,0.001428533423675237,-0.0034251424999998115,0.0015034287499998689,0.017021,0.018581878511065558,0.0,0.05835,0.013482,0.01546155800687628,0.0,0.0475,0.02793496127449451,0.028861467751293682,0.0005685976190476199,0.08305909708227226,-0.022167068812893594,0.02383873902315175,-0.0669497133578514,-0.0003366333333333332,-0.02052712349424183,0.02130704558558479,-0.061895620202848695,-0.0005132999999999997,0.06861999999999999,0.06611339198679796,0.0,0.247,0.046375,0.04625912747772054,0.0,0.1865,0.05021749999999999,0.04890655190002665,0.0,0.18,0.0350425,0.03517406812909192,0.0,0.136
header,header_bounded_jitter,2024-11-24_2024-11-30,random,budget,3.0,100,3,7,0.9802876127250001,0.0016543073761971473,0.9770373775,0.98293181125,-0.0006532435250000334,0.0015494346773358126,-0.003663738749999923,0.0014940462500000473,0.0228485,0.018667746857882986,5e-05,0.058,0.0177125,0.01578539891006876,5e-05,0.0478,0.0383165548190471,0.02787952989361855,0.0011322000000000005,0.08288569793597572,-0.029908429616174858,0.023442893832891963,-0.06808009984742258,-0.0005864583333333334,-0.028135087403120446,0.02070159931017171,-0.06195946595651633,-0.0006776583333333334,0.10690500000000001,0.06963740715305244,0.0005,0.272,0.07157999999999999,0.05078005120123452,0.0005,0.203,0.07354250000000001,0.049531051561116694,0.00025,0.18325,0.051125,0.03688637112810096,0.00025,0.1395
header,header_bounded_jitter,2024-12-01_2024-12-07,baseline,baseline,0.0,5,0,7,0.9763865512499998,0.0011186495028138253,0.97494381625,0.9777236687499999,0.0,0.0,0.0,0.0,0.0,0.0,0.0,0.0,0.0,0.0,0.0,0.0,0.0,0.0,0.0,0.0,0.0,0.0,0.0,0.0,0.0,0.0,0.0,0.0,0.0,0.0,0.0,0.0,0.0,0.0,0.0,0.0,0.0,0.0,0.0,0.0,0.0,0.0,0.0,0.0
header,header_bounded_jitter,2024-12-01_2024-12-07,important,budget,1.0,5,1,7,0.97371728,0.001111713665750991,0.9720406612500001,0.9753127375000001,-0.0026692712499999383,0.00040808518309219487,-0.003320026250000052,-0.0021420900000000964,0.029930000000000002,0.004524334205162126,0.0243,0.0369,0.022490000000000003,0.0024964775184247107,0.01925,0.0258,0.05900585152691521,0.0012342868212330891,0.05727355252514528,0.06097700741240274,-0.05070920816672462,0.002010678838189243,-0.05392725781606332,-0.04840061562389284,-0.04591132978987485,0.0014689927392661836,-0.0482191731212798,-0.04427983611948215,0.1348,0.04547592769806901,0.106,0.2255,0.07450000000000001,0.009049861877399012,0.064,0.09,0.1021,0.025678590303986705,0.08525,0.15275,0.0669,0.007900316449358215,0.055,0.0775
header,header_bounded_jitter,2024-12-01_2024-12-07,important,budget,2.0,5,2,7,0.97338882325,0.00129730155915024,0.9711424437499999,0.9747314337500002,-0.002997727999999933,0.000810779901631229,-0.003801372500000122,-0.0015793925000000542,0.04308,0.0026988145545776203,0.04025,0.047,0.0334,0.002426932219902319,0.03125,0.03795,0.0820853197100803,0.0017246902315437237,0.0794205132121528,0.08385762436345204,-0.06860893835188928,0.0025933262668210604,-0.07123433273521854,-0.0641048974824738,-0.06334772336536156,0.0017802261264831417,-0.06527717305773571,-0.06074425324495976,0.194,0.032465366161495854,0.1565,0.243,0.1236,0.021719576423125754,0.107,0.166,0.14020000000000002,0.019978988963408537,0.11975,0.16575,0.09684999999999999,0.01517201370945861,0.0845,0.1265
header,header_bounded_jitter,2024-12-01_2024-12-07,important,budget,3.0,5,3,7,0.97347105625,0.0012368418568909354,0.971176445,0.9746062649999999,-0.002915495000000057,0.0008736256249633446,-0.003812072500000263,-0.0015256812500000771,0.04246,0.003353267063626158,0.03785,0.04715,0.03276,0.0028569914245583587,0.02855,0.0375,0.08180060270524389,0.002089061003058776,0.07832876098368563,0.08381988916883025,-0.06851384926716744,0.002777013912799861,-0.07098530047616958,-0.06345929741738592,-0.0635445831836968,0.0024402493289194657,-0.06647967915825896,-0.06010045109659364,0.1934,0.03457368941840023,0.1555,0.251,0.12,0.020659138413786766,0.1,0.158,0.13685,0.021091823060133994,0.11575,0.16825,0.0928,0.015194900460351818,0.077,0.12
header,header_bounded_jitter,2024-12-01_2024-12-07,random,budget,1.0,100,1,7,0.9761498213375002,0.001323161336693983,0.972186545,0.97784497875,-0.00023672991249993448,0.0008173539032362588,-0.0034169912500000565,0.001246712499999969,0.0054725,0.008788115198949089,0.0,0.0371,0.0037665,0.006460928938627945,0.0,0.0258,0.013105006035490753,0.019802539259078177,2.5400000000000245e-05,0.0616933287373247,-0.010383817017158672,0.016296489066883763,-0.05419824670010711,-2.19999999999998e-05,-0.009988548419944464,0.015206248993801375,-0.04840982137162365,-2.2399999999999816e-05,0.0341,0.04949348441966882,0.0,0.2305,0.02046,0.02963913628970993,0.0,0.086,0.0224275,0.033907711051470286,0.0,0.1555,0.014572499999999997,0.022518778136257748,0.0,0.0795
header,header_bounded_jitter,2024-12-01_2024-12-07,random,budget,2.0,100,2,7,0.9756294407874999,0.0018318219371956763,0.97095148375,0.97801278,-0.0007571104624999725,0.0014085066539605542,-0.003992332500000084,0.0014769412499998635,0.013045000000000003,0.014419962725333238,0.0,0.0497,0.009366499999999998,0.010974497835892083,0.0,0.03965,0.027841045573673426,0.028200335080050494,0.00043830000000000046,0.08472495202092388,-0.0227385726314252,0.02389275917095411,-0.07180770693012069,-0.00011930714285714246,-0.021437108119844114,0.021861375789646233,-0.06714719781689754,-0.00031393333333333334,0.069255,0.06938322906149584,0.0,0.2455,0.04055,0.04000065624461679,0.0,0.1685,0.047805,0.04954353615760587,0.0,0.16975,0.030860000000000002,0.03247018478543046,0.0,0.12975
header,header_bounded_jitter,2024-12-01_2024-12-07,random,budget,3.0,100,3,7,0.9751520357125,0.001894906650519246,0.97071021125,0.9778037574999999,-0.0012345155374999517,0.0016684620493339956,-0.004233605000000029,0.0016085299999999414,0.021007,0.016497937780219685,0.0002,0.0495,0.0156185,0.013212519924299074,0.0,0.03995,0.04331881323828063,0.0300904475795829,0.0008272666666666673,0.08486768081401587,-0.03543764648076846,0.02589616447885629,-0.07264221191203095,-0.0002749071428571425,-0.03337025466859877,0.023455310833058914,-0.06686422094514224,-0.0005048571428571424,0.10762,0.07440363297581645,0.001,0.262,0.06623,0.04778516610832278,0.0,0.1825,0.07453,0.053686919729110924,0.0005,0.175,0.050017499999999986,0.037828003102860185,0.0,0.1315
header,header_bounded_jitter,2024-12-08_2024-12-14,baseline,baseline,0.0,5,0,7,0.9775390264999999,0.0012592674060176057,0.9763216349999999,0.9797429949999998,0.0,0.0,0.0,0.0,0.0,0.0,0.0,0.0,0.0,0.0,0.0,0.0,0.0,0.0,0.0,0.0,0.0,0.0,0.0,0.0,0.0,0.0,0.0,0.0,0.0,0.0,0.0,0.0,0.0,0.0,0.0,0.0,0.0,0.0,0.0,0.0,0.0,0.0,0.0,0.0
header,header_bounded_jitter,2024-12-08_2024-12-14,important,budget,1.0,5,1,7,0.97478769975,0.0014008676779177216,0.9734537600000001,0.97699625875,-0.002751326749999894,0.0003357478846718759,-0.0032634749999999046,-0.002244297499999881,0.03574,0.0054610804791725975,0.0288,0.04165,0.027090000000000003,0.00408,0.0229,0.033,0.052226140247010965,0.0020633029540020184,0.04952418357340163,0.055889195240467086,-0.042993924672373264,0.0031139386316442557,-0.04881417155778277,-0.040320683376995965,-0.037413124274093025,0.002380219726412069,-0.041560062093019476,-0.0347710767432424,0.1373,0.0617629338681381,0.086,0.2585,0.0728,0.006852736679604728,0.063,0.0835,0.11095,0.028858014484714645,0.08875,0.16775,0.072,0.006318623267769648,0.0635,0.07925
header,header_bounded_jitter,2024-12-08_2024-12-14,important,budget,2.0,5,2,7,0.9749120995,0.0013619751686942648,0.97363106375,0.97659388625,-0.002626926999999957,0.0006452579295418066,-0.003196622499999857,-0.0015336925000000168,0.049670000000000006,0.0026401893871463075,0.04485,0.05225,0.03757,0.003502513383272076,0.0325,0.0414,0.06827229021665189,0.002496871850716793,0.0651391932143874,0.07210912317297302,-0.05260730444352631,0.003663494130513493,-0.05842335689954721,-0.04798977982211035,-0.047174560825866615,0.0030771816914041284,-0.05140592730063029,-0.043690745473684386,0.20620000000000002,0.037851816336868176,0.1605,0.2705,0.1204,0.01964281038955475,0.0925,0.153,0.1527,0.021484529317627597,0.12875,0.18325,0.1006,0.016152863523227083,0.08175,0.13
header,header_bounded_jitter,2024-12-08_2024-12-14,important,budget,3.0,5,3,7,0.97501844575,0.0013789252887306744,0.9736149199999999,0.9768248249999999,-0.0025205807500000123,0.0005991839357135972,-0.003170768749999997,-0.0015834225000000979,0.0495,0.0020875823337056674,0.04555,0.05145,0.037360000000000004,0.0037521194010852062,0.0329,0.0425,0.0688437592043403,0.002144396139841019,0.06603486911802751,0.0724504795822093,-0.05264829876717836,0.003174591580200253,-0.058333146401485375,-0.049528613714854695,-0.04728496300013378,0.0030346683293021866,-0.05153515778917742,-0.04335831548803757,0.2017,0.031099196131089947,0.167,0.2565,0.1187,0.017171487996093988,0.0985,0.147,0.1499,0.016233915116200398,0.13225,0.17425,0.09855,0.013303570949185033,0.08375,0.1235
header,header_bounded_jitter,2024-12-08_2024-12-14,random,budget,1.0,100,1,7,0.9772624268874999,0.0016989164718251943,0.9733437524999999,0.9798222687499999,-0.0002765996124999381,0.0009973699947874654,-0.0033734825000000246,0.0014229987499998487,0.005566499999999999,0.010952349188644416,0.0,0.0429,0.003927,0.00826161128352091,0.0,0.03035,0.009360258279618358,0.01754347805830299,2.410000000000061e-05,0.05684253390507466,-0.007020094153883469,0.014375746013093363,-0.0494536068913851,-2.3100000000000423e-05,-0.006481578069448695,0.012518245341630407,-0.04182346962552799,-1.4700000000000415e-05,0.027735000000000003,0.05192414924676185,0.0,0.263,0.015159999999999998,0.026788979077225026,0.0,0.0905,0.020297500000000003,0.03815094518816015,0.0,0.172,0.012790000000000003,0.02457063084253231,0.0,0.082
header,header_bounded_jitter,2024-12-08_2024-12-14,random,budget,2.0,100,2,7,0.9771946261625,0.0017009135116787374,0.9734972000000002,0.9798014112500001,-0.00034440033749993715,0.0012715422728706003,-0.0032401412499999394,0.001590632500000022,0.0129125,0.015648548455048473,0.0,0.0545,0.008623500000000001,0.011499548806366274,0.0,0.0389,0.01972143893099408,0.021991718132973567,0.000501913333333334,0.07053716899437827,-0.013891249285951342,0.017511066379337,-0.05464900163785483,-0.00019744000000000012,-0.013314502134012864,0.015477696894200784,-0.05079575847422924,-0.00032590833333333356,0.06914,0.0739359209045238,0.0,0.2825,0.035945,0.03697011597222816,0.0,0.13,0.0466575,0.05111773976566257,0.0,0.18775,0.027449999999999995,0.030964818746441903,0.0,0.105
header,header_bounded_jitter,2024-12-08_2024-12-14,random,budget,3.0,100,3,7,0.9766709069249998,0.001870623084123387,0.9732537775,0.97980001875,-0.0008681195749999293,0.0015009537562989956,-0.003463457499999989,0.0014720750000001281,0.019414,0.017921022682871646,5e-05,0.05475,0.0137665,0.01369624411106928,0.0,0.04135,0.029780243400703052,0.025145699564339635,0.001098971666666667,0.07258113954218133,-0.02214725412748777,0.020679146572976252,-0.05814572846787461,-0.00045066190476190416,-0.020507468287013882,0.01799735486476405,-0.05190484190003795,-0.000591261904761904,0.09165999999999999,0.07680256766541078,0.0,0.2755,0.04954499999999999,0.03924551534889051,0.0,0.1395,0.06621,0.05569321906659732,0.0,0.189,0.0412175,0.035633177219411685,0.0,0.12125
imports,imports_benign_mass_injection,2024-09-22_2024-09-28,baseline,baseline,0.0,5,0,1282,0.9260042215000001,0.0012240906656812121,0.92467347375,0.9275657537499999,0.0,0.0,0.0,0.0,0.0,0.0,0.0,0.0,0.0,0.0,0.0,0.0,0.0,0.0,0.0,0.0,0.0,0.0,0.0,0.0,0.0,0.0,0.0,0.0,0.0,0.0,0.0,0.0,0.0,0.0,0.0,0.0,0.0,0.0,0.0,0.0,0.0,0.0,0.0,0.0
imports,imports_benign_mass_injection,2024-09-22_2024-09-28,important,ratio,0.01,5,13,1282,0.95147997375,0.0036168104770791477,0.9473244925000001,0.95579054375,0.02547575225000003,0.003643627804573128,0.02022842250000001,0.030180521250000147,0.11739000000000002,0.006179271801757874,0.10735,0.124,0.021089999999999998,0.005110909899421042,0.01355,0.02755,0.17662525051778727,0.01541934137743661,0.15856815165663357,0.19550443776405377,-0.11587001455831583,0.02124643801426285,-0.1487418214386697,-0.0828000964711873,-0.1438187333177258,0.02016905396793084,-0.17564707235955998,-0.11303855791582022,0.4334999999999999,0.04018084120572889,0.361,0.4725,0.15650000000000003,0.038124795081416495,0.1105,0.2185,0.5643,0.02888139539565219,0.5215,0.60225,0.09165000000000001,0.024979291423096853,0.05875,0.128
imports,imports_benign_mass_injection,2024-09-22_2024-09-28,important,ratio,0.05,5,65,1282,0.7861273755000001,0.030608870719954957,0.7544832962499999,0.83465172125,-0.13987684600000003,0.030231175692651904,-0.17112672625000003,-0.09268200000000026,0.34486999999999995,0.024438588338936435,0.3013,0.37185,0.34477,0.024423586960149818,0.3013,0.37185,0.3657285112279266,0.018571002839719367,0.3457490293345637,0.39825160907823137,-0.3580436507359001,0.019193590786892475,-0.39163984296426707,-0.3376365427572537,-0.26246218809061667,0.0034423372694192805,-0.2668720921899254,-0.2579709988417166,0.29510000000000003,0.04601890915699762,0.2465,0.377,0.29410000000000003,0.045435008528666526,0.246,0.3745,0.2149,0.02548460319487043,0.183,0.2545,0.2144,0.02542321773497604,0.183,0.2545
imports,imports_benign_mass_injection,2024-09-22_2024-09-28,important,ratio,0.1,5,129,1282,0.7389446545,0.012700764311970703,0.7227394825000001,0.757044475,-0.18705956699999998,0.012054564222896864,-0.20287053999999982,-0.1702892462500002,0.40031999999999995,0.01606849712947667,0.38595,0.42875,0.40024,0.016137391362918616,0.3856,0.42875,0.4184658394850148,0.015746026514553486,0.3970715663559161,0.43851450329352804,-0.40987434046053306,0.016059782655457478,-0.4307732675551122,-0.38827383517230374,-0.26525167371458763,0.0027738978776733958,-0.26834124208786847,-0.2603357120641148,0.30970000000000003,0.04571279908297019,0.2535,0.391,0.3094,0.04593626018735092,0.253,0.391,0.22694999999999999,0.021774067144197017,0.20275,0.2585,0.22654999999999997,0.021940487688289885,0.20275,0.2585
imports,imports_benign_mass_injection,2024-09-22_2024-09-28,random,ratio,0.01,100,13,1282,0.9355789065500001,0.02082839540160114,0.8979224749999999,0.9569087775,0.00957468504999999,0.02068628576139066,-0.02768754750000002,0.03207064125000003,0.003245,0.01284080312908815,0.0,0.0945,0.000996,0.0011386544690993841,0.0,0.00735,0.012830416168219571,0.012340665488115353,3.261666666667886e-05,0.07899397288503746,-0.00786767817504947,0.012277399196124167,-0.07802843095571997,0.016128056013490186,-0.011492950789866339,0.011151174116039815,-0.06769243379841748,0.0009571782812786698,0.019530000000000002,0.04031028528800064,0.0,0.298,0.009905,0.011393132800068645,0.0,0.0735,0.016147500000000002,0.06387801944918142,0.0,0.47025,0.0049575,0.005699019104196792,0.0,0.03675
imports,imports_benign_mass_injection,2024-09-22_2024-09-28,random,ratio,0.05,100,65,1282,0.9440853281,0.017733333670638764,0.89301430375,0.9578835787499999,0.018081106599999973,0.01774083280449229,-0.03182383249999998,0.032527780000000006,0.026114,0.03705774958089063,0.0012,0.10635,0.0056945,0.003915436725321966,0.0005,0.02015,0.062290414084030216,0.02638585487050051,0.004917237389578636,0.15032745703933437,-0.044380440023040715,0.029357930191847643,-0.14599679006347283,0.013772235833416295,-0.057804880765019453,0.026173700076638197,-0.1410441901310763,-0.0041896151045315135,0.117435,0.10452491700546812,0.012,0.369,0.053915,0.03464845270715563,0.005,0.1605,0.1292875,0.18412350262459706,0.006,0.51775,0.027922500000000003,0.018700858770388063,0.0025,0.0925
imports,imports_benign_mass_injection,2024-09-22_2024-09-28,random,ratio,0.1,100,129,1282,0.9473185355375001,0.013923295035856058,0.8933728212500001,0.96054872375,0.021314314037499983,0.013831700502882535,-0.03401144499999986,0.034717807500000086,0.0406835,0.039306029470680445,0.0038,0.1187,0.016183999999999997,0.016710667072262556,0.00215,0.0869,0.11341323005451825,0.03409647235204455,0.05208562827487316,0.19789996466182533,-0.08969150561510095,0.03651852128448953,-0.19078026990201816,-0.01734960684833774,-0.10705638447338195,0.032160170421341644,-0.18947462852065455,-0.05021067212119671,0.181765,0.11381953819533797,0.037,0.448,0.10328,0.055834322777302485,0.0215,0.2755,0.17862499999999998,0.19226987381022542,0.019,0.55925,0.057292499999999996,0.03331681360439501,0.01075,0.151
imports,imports_benign_mass_injection,2024-09-29_2024-10-05,baseline,baseline,0.0,5,0,1282,0.9369736027499999,0.001093981595137236,0.9349295049999999,0.9378785725000001,0.0,0.0,0.0,0.0,0.0,0.0,0.0,0.0,0.0,0.0,0.0,0.0,0.0,0.0,0.0,0.0,0.0,0.0,0.0,0.0,0.0,0.0,0.0,0.0,0.0,0.0,0.0,0.0,0.0,0.0,0.0,0.0,0.0,0.0,0.0,0.0,0.0,0.0,0.0,0.0
imports,imports_benign_mass_injection,2024-09-29_2024-10-05,important,ratio,0.01,5,13,1282,0.9589668435,0.004293482894432899,0.9522084187500002,0.964259405,0.021993240750000042,0.003290206565705642,0.017278913750000235,0.026380832499999896,0.11421,0.005086786805046974,0.1051,0.11845,0.01885,0.004619415547447534,0.0101,0.02345,0.16869945347250154,0.0173921604223088,0.14801451367778273,0.19175819919171266,-0.10952788233880202,0.02243537194953422,-0.1420416693377058,-0.07509447491298983,-0.1361367262763074,0.021006041087801224,-0.16748775766851318,-0.10474315477060915,0.4946,0.05283975775871799,0.3975,0.5505,0.14550000000000002,0.040388117064304944,0.0805,0.19,0.5553000000000001,0.02747971979478686,0.5125,0.57975,0.08525,0.024312548200466362,0.0435,0.11275
imports,imports_benign_mass_injection,2024-09-29_2024-10-05,important,ratio,0.05,5,65,1282,0.8322923382499999,0.024779749933598987,0.809084245,0.8681105162500001,-0.10468126449999995,0.024562496822997878,-0.12879432750000008,-0.06969985874999973,0.24938000000000002,0.0169843928357772,0.2208,0.2697,0.24924,0.016983444880235572,0.2208,0.2697,0.3498565091681337,0.01925574467289896,0.3282738132605404,0.3836395532667155,-0.34353430997941214,0.01972830682837951,-0.3780482471260955,-0.3213861386538737,-0.2710239559473572,0.005731865322866635,-0.28021673791275375,-0.26337381099940205,0.2696,0.03341766000186129,0.2275,0.317,0.2682,0.03335056221415165,0.224,0.3135,0.2314,0.019818299624337104,0.20825,0.265,0.2307,0.019987120853189443,0.20825,0.265
imports,imports_benign_mass_injection,2024-09-29_2024-10-05,important,ratio,0.1,5,129,1282,0.7945084975000001,0.011408155892509106,0.78235514375,0.8111773037500001,-0.14246510524999995,0.011498958876189534,-0.1554497625000001,-0.12663307124999978,0.29114999999999996,0.0179085733658491,0.27555,0.32375,0.29109999999999997,0.017946364534356253,0.27555,0.32375,0.40491854665867083,0.01794572455438861,0.38033773331034365,0.42521240750346845,-0.397805218809561,0.018398588360858795,-0.4187039552070075,-0.37289046041636786,-0.2871627251206924,0.008014191799805647,-0.295383031441647,-0.27488007680882304,0.28169999999999995,0.03165375175235947,0.236,0.326,0.28169999999999995,0.03165375175235947,0.236,0.326,0.24100000000000002,0.015379369297861333,0.22625,0.26775,0.24075000000000002,0.015621299561816225,0.22525,0.26775
imports,imports_benign_mass_injection,2024-09-29_2024-10-05,random,ratio,0.01,100,13,1282,0.9453255844875001,0.018747408606196878,0.9097610700000001,0.9644022375000001,0.00835198173750003,0.018698323616564688,-0.025168434999999878,0.026924999999999977,0.0072285,0.021985593299931664,0.0,0.0959,0.001335,0.00195352885824602,0.0,0.0093,0.012972965359265827,0.013530776108152025,2.244596024925026e-05,0.06700363016595262,-0.008058771911832092,0.013290615354042365,-0.061645755565086995,0.016007581326860233,-0.011406566342612083,0.012916628028914887,-0.06372358114264956,0.0009949462728742048,0.03662,0.08139281663635926,0.0,0.4105,0.013305000000000003,0.01954199260566844,0.0,0.093,0.036105000000000005,0.10986284164812049,0.0,0.4795,0.0066749999999999995,0.009767644291230101,0.0,0.0465
imports,imports_benign_mass_injection,2024-09-29_2024-10-05,random,ratio,0.05,100,65,1282,0.9535304286000001,0.016014223148224323,0.9058397574999998,0.9656055100000001,0.016556825850000036,0.015971434855021414,-0.02908974750000015,0.02882769875000002,0.024465,0.03608767483504583,0.00125,0.10655,0.005888000000000001,0.004286485273507889,0.00035,0.0222,0.053610528341860544,0.02310813455520767,0.01107723135662029,0.10434103095557752,-0.03657536357773252,0.022920690746481575,-0.09797903453866452,0.0029846231884803087,-0.04948680683852661,0.02171650259132652,-0.10055220673912588,-0.01041835730766034,0.130635,0.13742253918116926,0.0125,0.4505,0.055270000000000014,0.03664876669139086,0.0035,0.1685,0.1214525,0.17983857933922298,0.00625,0.5235,0.02888,0.02065773099834539,0.00175,0.10725
imports,imports_benign_mass_injection,2024-09-29_2024-10-05,random,ratio,0.1,100,129,1282,0.9546988894499999,0.015025502829736814,0.9084160587500001,0.9657973075000001,0.017725286700000037,0.014870485943247082,-0.029394316249999775,0.027986932500000283,0.042501,0.04123616554676247,0.0029,0.11135,0.0116535,0.0076866808669281955,0.00125,0.0394,0.09131901449153643,0.021165821238736806,0.031925557986945144,0.1492906861857913,-0.06795054843620808,0.024807323212102373,-0.14005877522840074,-0.01589914484950809,-0.08479245139328356,0.021461258012577727,-0.14142996656493154,-0.03072969913766581,0.21628000000000003,0.1520867239439393,0.029,0.49,0.09461499999999999,0.048943378254877344,0.0125,0.2435,0.20610500000000007,0.20649355976640046,0.0145,0.54475,0.052610000000000004,0.031079702379527382,0.00625,0.15925
imports,imports_benign_mass_injection,2024-10-06_2024-10-12,baseline,baseline,0.0,5,0,1282,0.9132125460000001,0.0011418986933334411,0.9115861574999999,0.9147577825000002,0.0,0.0,0.0,0.0,0.0,0.0,0.0,0.0,0.0,0.0,0.0,0.0,0.0,0.0,0.0,0.0,0.0,0.0,0.0,0.0,0.0,0.0,0.0,0.0,0.0,0.0,0.0,0.0,0.0,0.0,0.0,0.0,0.0,0.0,0.0,0.0,0.0,0.0,0.0,0.0
imports,imports_benign_mass_injection,2024-10-06_2024-10-12,important,ratio,0.01,5,13,1282,0.9465548067499998,0.005067850028767368,0.9385339574999999,0.9520135350000001,0.03334226074999993,0.004370327285304848,0.025850402499999703,0.037781495000000054,0.1873,0.005636310850192705,0.18045,0.196,0.03019,0.005364643510989336,0.02445,0.0384,0.16778513643399307,0.012591303568193815,0.1479654818870219,0.18472654232078875,-0.07262387421785546,0.021943312697424566,-0.10529226584228904,-0.03609966664844314,-0.1137540194718025,0.020195046652895274,-0.14505566878934292,-0.08179827899429894,0.24820000000000003,0.02228811342397558,0.2175,0.2795,0.2251,0.021188204265581358,0.2025,0.2585,0.5254,0.033861704032727,0.4715,0.572,0.1192,0.013452137376640187,0.10475,0.1415
imports,imports_benign_mass_injection,2024-10-06_2024-10-12,important,ratio,0.05,5,65,1282,0.7793599910000001,0.030052634245579933,0.747520725,0.8243332449999998,-0.1338525550000001,0.02957392696912194,-0.16671131500000003,-0.09042453750000035,0.32904,0.015934409308160768,0.3087,0.3511,0.32897,0.015908350008721855,0.3087,0.3511,0.30879032714167776,0.018074564352516836,0.2867643727235234,0.33827752122583504,-0.30175015450845927,0.018886482795814903,-0.33257587887572315,-0.279166287632771,-0.1953119073547962,0.006475830470845762,-0.20305707458370142,-0.18694934024857973,0.4407,0.051585463068581625,0.3655,0.5175,0.44000000000000006,0.050887130003567704,0.3655,0.515,0.25770000000000004,0.037760230401839436,0.20025,0.3125,0.25735,0.03742612723753287,0.20025,0.31125
imports,imports_benign_mass_injection,2024-10-06_2024-10-12,important,ratio,0.1,5,129,1282,0.7307066592500001,0.015904221425292027,0.713280565,0.75536319875,-0.18250588675000004,0.015388709686833356,-0.200951475,-0.15939458375000015,0.36920000000000003,0.01595985588907369,0.3538,0.39405,0.36917,0.015988889892672352,0.35365,0.39405,0.3582173431839021,0.014904650076286169,0.33675934467870955,0.3768249824973794,-0.3502625357419272,0.015463708756828173,-0.3700531052660822,-0.32840723322532633,-0.1919894915876001,0.0038990942720859706,-0.19855487670240063,-0.18824052231606841,0.46020000000000005,0.04872124793147237,0.378,0.524,0.46020000000000005,0.04872124793147237,0.378,0.524,0.26985,0.036904132559918,0.207,0.31775,0.26985,0.036904132559918,0.207,0.31775
imports,imports_benign_mass_injection,2024-10-06_2024-10-12,random,ratio,0.01,100,13,1282,0.9316279878249999,0.025385660263827187,0.8778713237500001,0.9548223312500002,0.018415441824999948,0.02554711679303188,-0.03493187124999986,0.04059029125000013,0.006201,0.022318760023800604,0.0,0.1635,0.0019425,0.003161228993603595,0.0,0.02445,0.014714369997731604,0.014762810326992972,2.43809523809746e-05,0.08250332944522237,-0.004983147144213723,0.012288082010901204,-0.0606701710954786,0.02238926498559116,-0.01243432403019539,0.012054437580579822,-0.06871724855494722,0.0026525863916771536,0.029695000000000006,0.03037802618670278,0.0,0.1765,0.01822,0.025414889336764775,0.0,0.167,0.022657499999999997,0.058295536439336416,0.0,0.41825,0.0091925,0.013068944821599027,0.0,0.08675
imports,imports_benign_mass_injection,2024-10-06_2024-10-12,random,ratio,0.05,100,65,1282,0.9419364998374998,0.01830292050324708,0.876714655,0.9580144912499999,0.02872395383749997,0.018235436519218533,-0.035459387500000106,0.04378245124999991,0.042108999999999994,0.05988131569195854,0.00155,0.1679,0.009538999999999999,0.008975833053260293,0.0006,0.04725,0.05834757099387957,0.02503517688875096,0.006128472908845328,0.1321531446431837,-0.02861214169968283,0.025966753944308276,-0.09226784383243232,0.04693156669370252,-0.050311783458706294,0.023004484854852257,-0.12177410656227558,-0.002220836990676458,0.10255999999999998,0.06337484832328989,0.0155,0.3305,0.084025,0.06696683414198405,0.006,0.322,0.13249249999999999,0.15696901547359593,0.00775,0.50475,0.0429275,0.03504272918523898,0.003,0.1775
imports,imports_benign_mass_injection,2024-10-06_2024-10-12,random,ratio,0.1,100,129,1282,0.94290213035,0.01797422010505232,0.8653675474999999,0.95843431375,0.02968958434999997,0.018013083298823666,-0.04731600750000031,0.04367653124999982,0.0660815,0.06630488015787375,0.00795,0.19615,0.022312500000000002,0.018624526000679858,0.00235,0.125,0.10165603285021295,0.024325920072428495,0.053702393599077164,0.1605361764406698,-0.06318923255036131,0.03281570402270699,-0.14899354853961214,0.01159286533020412,-0.09113964489608108,0.023546453423183525,-0.1486193814181156,-0.03222699106275276,0.18180000000000004,0.06898467221057153,0.0685,0.3895,0.16115500000000002,0.07532996399176094,0.0235,0.3865,0.20295750000000004,0.17165181711461724,0.03975,0.57175,0.0847175,0.042197225249416576,0.01175,0.222
imports,imports_benign_mass_injection,2024-10-13_2024-10-19,baseline,baseline,0.0,5,0,1282,0.9392785937500001,0.0006890012847312323,0.9383941625000001,0.9401477525,0.0,0.0,0.0,0.0,0.0,0.0,0.0,0.0,0.0,0.0,0.0,0.0,0.0,0.0,0.0,0.0,0.0,0.0,0.0,0.0,0.0,0.0,0.0,0.0,0.0,0.0,0.0,0.0,0.0,0.0,0.0,0.0,0.0,0.0,0.0,0.0,0.0,0.0,0.0,0.0
imports,imports_benign_mass_injection,2024-10-13_2024-10-19,important,ratio,0.01,5,13,1282,0.957365957,0.003183969577876101,0.95341409375,0.9611859450000001,0.018087363250000023,0.0025255870574281097,0.01468960000000008,0.021038192500000052,0.12447,0.004183371845772264,0.1185,0.13095,0.019389999999999998,0.003953656535411239,0.014,0.02445,0.17223384968336836,0.01620728944386625,0.15218017510258847,0.19282616845319095,-0.10787206591323625,0.022081371071192745,-0.1414239646383205,-0.07363403309215127,-0.13599663579863813,0.020748315872091715,-0.16811084891447767,-0.10408850182591609,0.3774,0.04516569494649672,0.3,0.429,0.1467,0.031523959142214356,0.111,0.2,0.60045,0.017299132926248073,0.57875,0.627,0.08,0.01711505185501931,0.05975,0.10525
imports,imports_benign_mass_injection,2024-10-13_2024-10-19,important,ratio,0.05,5,65,1282,0.8320315902500001,0.020860707046306506,0.80805168125,0.8612645849999999,-0.10724700350000002,0.020801162377490634,-0.13193987375000005,-0.07888316750000013,0.27635,0.012702952412726738,0.26055,0.29735,0.27629000000000004,0.012718152381537185,0.26045,0.29735,0.3471613064341442,0.018171354743968207,0.3272736193882551,0.37888827715581536,-0.34138316506896443,0.018645698761020676,-0.3739942901750572,-0.32147138633216044,-0.2522930499514323,0.004295082455346373,-0.25823015433261437,-0.2463604335384546,0.3147,0.050567380790386994,0.261,0.3845,0.3141,0.0502268852309199,0.261,0.3825,0.19255,0.023788337478689005,0.1645,0.22425,0.19225,0.023603495503844343,0.1645,0.22325
imports,imports_benign_mass_injection,2024-10-13_2024-10-19,important,ratio,0.1,5,129,1282,0.79328304825,0.010052098693023244,0.7803023200000001,0.80613147375,-0.14599554550000002,0.01014636595010734,-0.15968923499999998,-0.13401627875,0.31527,0.018676364742636613,0.29705,0.34835,0.31518,0.01876482347372338,0.2966,0.34835,0.401340078135805,0.01658000497135029,0.3802458603200188,0.422213080313949,-0.3946787483631337,0.016828996346673345,-0.41616768518365604,-0.3738360325006158,-0.2635143503227411,0.005955761217574716,-0.2705406020389387,-0.25434197373571205,0.33030000000000004,0.049479894906921534,0.2705,0.3975,0.33030000000000004,0.049479894906921534,0.2705,0.3975,0.20259999999999997,0.02138024789379207,0.17525,0.2325,0.20214999999999997,0.02177647813582353,0.17525,0.2325
imports,imports_benign_mass_injection,2024-10-13_2024-10-19,random,ratio,0.01,100,13,1282,0.9459526621375002,0.015542484413021317,0.9171488675,0.9637499425,0.006674068387499978,0.015547862304359023,-0.021986137500000003,0.023602189999999967,0.00718,0.022554481816259932,0.0,0.10765,0.0014805,0.0021797694258797193,0.0,0.01665,0.013500533286872764,0.013717486215050098,2.7000000000015157e-05,0.07573837563100658,-0.007222318021375487,0.012952750442310413,-0.07308025246032318,0.02009986601318119,-0.011716315698388246,0.012585637440380238,-0.068953288292638,2.2307247939967577e-05,0.029394999999999998,0.048714694651614106,0.0,0.2615,0.01403,0.01886303528067527,0.0,0.1325,0.0355925,0.11267220517390258,0.0,0.53775,0.007135,0.0098341509547088,0.0,0.0715
imports,imports_benign_mass_injection,2024-10-13_2024-10-19,random,ratio,0.05,100,65,1282,0.9531626288874999,0.013917385196882017,0.9148365912499998,0.9647297962500001,0.013884035137499981,0.013789903149668353,-0.024298413750000192,0.024738241250000015,0.024050500000000002,0.03776025324001416,0.00155,0.1236,0.005960000000000001,0.004449488734675031,0.0011,0.0266,0.053896602233348447,0.0245459014482917,0.006132773716288023,0.13289637003153654,-0.03633319667175798,0.025074739327646617,-0.11112663510333273,0.009696911229630182,-0.049477030525321694,0.02402359651784589,-0.12960799849097054,-0.005643266994136097,0.10740500000000001,0.09307267845613985,0.0155,0.3635,0.05444499999999999,0.03713737302233426,0.011,0.238,0.11801249999999998,0.18833667120014094,0.00775,0.601,0.028057500000000003,0.019681903331487026,0.0055,0.12475
imports,imports_benign_mass_injection,2024-10-13_2024-10-19,random,ratio,0.1,100,129,1282,0.9562320551499998,0.009414527773157624,0.9167297587500001,0.9680163262500001,0.01695346139999997,0.009325851082176166,-0.022429772500000222,0.02786857375000007,0.0439105,0.04633481860059452,0.00385,0.13245,0.0118615,0.008218533491444809,0.0024,0.0607,0.09460370547163058,0.0273789887245264,0.025302026439375087,0.17469712496453088,-0.06889916059459937,0.029537205144903544,-0.16358617519489835,-0.009557565067508784,-0.08780513647442514,0.02710343999710934,-0.16831992442810706,-0.023431151046826356,0.17837,0.10412448367218921,0.0375,0.449,0.09691000000000001,0.04720182093945105,0.022,0.2445,0.20981500000000003,0.2319070708818513,0.01925,0.64975,0.050614999999999986,0.02565724605252871,0.01175,0.13325
imports,imports_benign_mass_injection,2024-10-20_2024-10-26,baseline,baseline,0.0,5,0,1282,0.92910172425,0.001427317452733818,0.92636359,0.9305585187500001,0.0,0.0,0.0,0.0,0.0,0.0,0.0,0.0,0.0,0.0,0.0,0.0,0.0,0.0,0.0,0.0,0.0,0.0,0.0,0.0,0.0,0.0,0.0,0.0,0.0,0.0,0.0,0.0,0.0,0.0,0.0,0.0,0.0,0.0,0.0,0.0,0.0,0.0,0.0,0.0
imports,imports_benign_mass_injection,2024-10-20_2024-10-26,important,ratio,0.01,5,13,1282,0.9553484797499999,0.0037216246906613603,0.9511965774999999,0.9601308775,0.026246755499999885,0.003268177992400243,0.021719642499999803,0.029891906249999822,0.15899999999999997,0.0063551553875574075,0.15215,0.16795,0.022160000000000003,0.00497457535876179,0.0152,0.0286,0.17879864453969702,0.014440471914759754,0.1584065968338826,0.19752500628890263,-0.0963790110189449,0.02229521905765039,-0.1309156638674812,-0.06073094096991158,-0.1332981904551157,0.02104208295499196,-0.1666796373759715,-0.10048871564827198,0.37639999999999996,0.04100902339729636,0.311,0.4325,0.1599,0.03231160782133875,0.123,0.207,0.6881999999999999,0.020504511698648205,0.6555,0.71625,0.07995,0.016155803910669377,0.0615,0.1035
imports,imports_benign_mass_injection,2024-10-20_2024-10-26,important,ratio,0.05,5,65,1282,0.80277228175,0.02653165172285611,0.7746483975,0.8405582650000001,-0.1263294425,0.02619051191827959,-0.15591012125000003,-0.08908378249999993,0.31822,0.012532421952679377,0.2998,0.3387,0.31811,0.012573639091368903,0.29955,0.3386,0.34267201242565315,0.017701653264202713,0.3222150695823067,0.3724863791687184,-0.3365360915483512,0.018100388871379477,-0.3669882136500461,-0.3158017586710655,-0.23290446504386814,0.004811130701187952,-0.23907482626482687,-0.22518979347624973,0.34049999999999997,0.044529765326127645,0.2735,0.3905,0.3396,0.0445470537746325,0.2735,0.3905,0.17024999999999998,0.022264882663063822,0.13675,0.19525,0.1698,0.02227352688731625,0.13675,0.19525
imports,imports_benign_mass_injection,2024-10-20_2024-10-26,important,ratio,0.1,5,129,1282,0.7579368934999999,0.014437725365255973,0.7405116825,0.7771483162500001,-0.17116483075,0.013941178264561628,-0.18834115750000013,-0.15249373124999988,0.35727000000000003,0.0157460661753976,0.34295,0.3839,0.35718999999999995,0.015765703282759058,0.34295,0.3838,0.3957496559041847,0.015359343029630906,0.37459455862772634,0.41514886718858995,-0.38869160780036993,0.015661692019776404,-0.4085166519686114,-0.367267202626782,-0.23518787839315763,0.004216410489768932,-0.242758456587719,-0.22978059021984765,0.3505,0.04408514489031426,0.284,0.392,0.35039999999999993,0.04417171040383201,0.284,0.392,0.17525,0.02204257244515713,0.142,0.196,0.17519999999999997,0.022085855201916006,0.142,0.196
imports,imports_benign_mass_injection,2024-10-20_2024-10-26,random,ratio,0.01,100,13,1282,0.9384505901125002,0.02224472387052202,0.8940517837499999,0.9619625724999998,0.00934886586249995,0.02237682727119811,-0.03541574625000021,0.03232052499999982,0.008777,0.02947306008883366,0.0,0.1391,0.0014195,0.002262132787879615,0.0,0.0169,0.016530766909891654,0.018949922877171888,1.5625000000020312e-05,0.13165146804787062,-0.008016911365946129,0.019240518615037713,-0.1305138014173576,0.032867924395779013,-0.014125370094360339,0.016318094568810358,-0.10888745698099249,0.001011357594057119,0.030180000000000002,0.050526355498887905,0.0,0.251,0.013870000000000002,0.021105641425931597,0.0,0.1485,0.04009,0.13196108574121387,0.0,0.6255,0.006935000000000001,0.010552820712965798,0.0,0.07425
imports,imports_benign_mass_injection,2024-10-20_2024-10-26,random,ratio,0.05,100,65,1282,0.9448223566624999,0.020990722565058555,0.8978020425000001,0.9637281025000001,0.015720632412499946,0.020722805537113493,-0.030279829999999897,0.03426057249999992,0.0279425,0.04752721976667687,0.00135,0.1454,0.0065015,0.004764459334489067,0.0005,0.0284,0.05869451381630872,0.02319119171592832,0.012795713856242839,0.13236965529503633,-0.03875410941393498,0.02403343683494289,-0.0988986394725768,0.008069773159887082,-0.05376859295921021,0.021677495957552022,-0.12028039808500503,-0.011936286571118742,0.101925,0.07969248317752435,0.0135,0.333,0.05723999999999999,0.034495976576986484,0.005,0.1635,0.1259625,0.21542016611438683,0.00675,0.6665,0.028619999999999996,0.017247988288493242,0.0025,0.08175
imports,imports_benign_mass_injection,2024-10-20_2024-10-26,random,ratio,0.1,100,129,1282,0.952593169375,0.012847612080942575,0.882293065,0.96617983875,0.02349144512499994,0.012685384960633903,-0.04826545375000002,0.035621319999999956,0.05715300000000001,0.05889649345249682,0.00675,0.15705,0.015148500000000002,0.0138429051412628,0.001,0.09825,0.10748403930285118,0.02787804105892258,0.06252769138074174,0.1961714478805828,-0.07385950220109627,0.034856880182661754,-0.19231955776259985,-0.0067440586258245925,-0.09865647687884169,0.027200510403063927,-0.16614914307719372,-0.04526305232058946,0.18171500000000002,0.09049881919119165,0.0665,0.416,0.10678499999999999,0.055881761559564314,0.0065,0.2985,0.24085750000000006,0.26747945541433643,0.03325,0.708,0.053392499999999996,0.027940880779782157,0.00325,0.14925
imports,imports_benign_mass_injection,2024-10-27_2024-11-02,baseline,baseline,0.0,5,0,1282,0.9195809340000001,0.0018849433661365668,0.9179053574999999,0.92273420125,0.0,0.0,0.0,0.0,0.0,0.0,0.0,0.0,0.0,0.0,0.0,0.0,0.0,0.0,0.0,0.0,0.0,0.0,0.0,0.0,0.0,0.0,0.0,0.0,0.0,0.0,0.0,0.0,0.0,0.0,0.0,0.0,0.0,0.0,0.0,0.0,0.0,0.0,0.0,0.0
imports,imports_benign_mass_injection,2024-10-27_2024-11-02,important,ratio,0.01,5,13,1282,0.9478434835,0.003819897666745426,0.94307676625,0.9524012624999999,0.028262549499999956,0.002328230103129648,0.02479013750000003,0.03142226375000001,0.19323,0.00752160887044786,0.18215,0.2039,0.03355,0.006849671524971107,0.0262,0.0442,0.1742411588764435,0.012477245377473696,0.15455320949515078,0.18977097442694,-0.07687551550992246,0.021407235808675526,-0.10992349173233745,-0.04239112870256151,-0.11908885928649329,0.020297276143565718,-0.1515112046921387,-0.08802869188423845,0.24810000000000004,0.042691216895281874,0.207,0.3215,0.217,0.04128680176521305,0.1775,0.2855,0.52325,0.04574959016209874,0.45125,0.57725,0.11779999999999999,0.024416899885120556,0.0965,0.156
imports,imports_benign_mass_injection,2024-10-27_2024-11-02,important,ratio,0.05,5,65,1282,0.788313778,0.028133006012572466,0.760975145,0.8301792637500001,-0.131267156,0.028263323558018118,-0.1617590562500001,-0.09059884625000003,0.37429,0.014430086624826616,0.355,0.39775,0.37426,0.01445328336399726,0.3549,0.39775,0.3204993061889402,0.017388832661431295,0.3006968134775683,0.3485670101563697,-0.3131149042184552,0.018307744106886334,-0.3425613327260392,-0.2926155919159473,-0.18844723902291263,0.007604582131481934,-0.19762806430444013,-0.1802067307231575,0.42119999999999996,0.037975781756271976,0.375,0.4785,0.42089999999999994,0.038070198318369705,0.374,0.478,0.25425,0.034544898320880896,0.211,0.293,0.2541,0.03461452007467387,0.2105,0.29275
imports,imports_benign_mass_injection,2024-10-27_2024-11-02,important,ratio,0.1,5,129,1282,0.739041554,0.01358456371778308,0.7216024375000001,0.75512799375,-0.18053937999999997,0.01399977477100883,-0.19843441750000002,-0.16565011625000015,0.41339999999999993,0.017553233320388578,0.39385,0.44115,0.41339999999999993,0.017553233320388578,0.39385,0.44115,0.3693300307688011,0.014147203493412159,0.35098006784281155,0.38747141388577255,-0.36102926488631004,0.014726440235968941,-0.3802518695070384,-0.34231530392395454,-0.17785233518176258,0.004836421074194813,-0.18494431496184943,-0.1716920247229146,0.4373,0.036219607949286255,0.3875,0.4915,0.4373,0.036219607949286255,0.3875,0.4915,0.26335,0.03509081076293336,0.21875,0.30125,0.26335,0.03509081076293336,0.21875,0.30125
imports,imports_benign_mass_injection,2024-10-27_2024-11-02,random,ratio,0.01,100,13,1282,0.9304915802375001,0.020781681761312367,0.8916072587500001,0.9547608012500001,0.010910646237499978,0.021086076644446113,-0.030386131250000004,0.033982691249999974,0.007736999999999999,0.026757527557679916,0.0,0.1596,0.001972,0.002735363961157637,0.0,0.0155,0.014772037354906193,0.014413814711092569,5.048091630592466e-05,0.0668577011317362,-0.007334523004669663,0.013287490717962818,-0.06283477302806141,0.021276075816931302,-0.012536112818749192,0.01302166282107865,-0.06333576693176964,8.457032963327216e-06,0.030400000000000003,0.03147681686575057,0.0,0.166,0.019100000000000002,0.02677732249497698,0.0,0.145,0.0267525,0.06878998378216118,0.0,0.4375,0.0097375,0.013600155100218527,0.0,0.07575
imports,imports_benign_mass_injection,2024-10-27_2024-11-02,random,ratio,0.05,100,65,1282,0.9436404912999998,0.014890483294256416,0.8878408099999999,0.9562106899999998,0.024059557299999968,0.014699826230723552,-0.03035956250000016,0.03793169749999992,0.038281499999999996,0.0588362769280144,0.0002,0.17905,0.008252,0.00622422252172912,0.0002,0.0298,0.06107091960843507,0.02310443189313851,0.0007893358850847591,0.12787774733942753,-0.032012171353571664,0.02271427873264503,-0.09455856096720634,0.0134815021277134,-0.05490113054932267,0.020919518450136284,-0.12272403822236654,-0.0006210704711513677,0.09571499999999998,0.05102711313605738,0.002,0.2725,0.07455500000000001,0.05242947143544363,0.002,0.271,0.1178025,0.14688323293946795,0.001,0.514,0.03853500000000001,0.027822990044206245,0.001,0.148
imports,imports_benign_mass_injection,2024-10-27_2024-11-02,random,ratio,0.1,100,129,1282,0.9423038859374999,0.018807421464453494,0.8716512562500001,0.9595858275000001,0.022722951937499992,0.018528915983445842,-0.04663537249999994,0.038807717500000005,0.06769,0.06628332180873255,0.00675,0.1834,0.0225705,0.0190563455245228,0.00345,0.1011,0.10865886457896926,0.027678790957131157,0.056086178342221016,0.18917833778917925,-0.07110942074392833,0.03460253144921364,-0.16024755026099785,0.0067751090316249245,-0.09662112734863014,0.025262662249310137,-0.1739262757256045,-0.042270742587147234,0.17668000000000003,0.06298160525105723,0.0615,0.361,0.14963,0.06904207485294747,0.0335,0.341,0.20001249999999998,0.1687856716926825,0.03075,0.53625,0.08056,0.040241025707603434,0.01675,0.19975
imports,imports_benign_mass_injection,2024-11-03_2024-11-09,baseline,baseline,0.0,5,0,1282,0.94171131125,0.0012375697589022355,0.9400132462499999,0.9436117899999998,0.0,0.0,0.0,0.0,0.0,0.0,0.0,0.0,0.0,0.0,0.0,0.0,0.0,0.0,0.0,0.0,0.0,0.0,0.0,0.0,0.0,0.0,0.0,0.0,0.0,0.0,0.0,0.0,0.0,0.0,0.0,0.0,0.0,0.0,0.0,0.0,0.0,0.0,0.0,0.0
imports,imports_benign_mass_injection,2024-11-03_2024-11-09,important,ratio,0.01,5,13,1282,0.95193379325,0.0039667187027549455,0.9471875725000002,0.9567450575000002,0.01022248200000011,0.0032318183440317822,0.005576357500000184,0.014327476250000082,0.12487,0.007911990899893657,0.1111,0.1337,0.040260000000000004,0.007535476096438763,0.0298,0.0499,0.1772839051322935,0.017206898725202077,0.15780535650868432,0.20637865145585288,-0.12462509251413338,0.023198407309936088,-0.16523538981340352,-0.09327136407377988,-0.14359585030768537,0.02234878309982113,-0.18386524111577668,-0.1150677922322157,0.32670000000000005,0.03920790736573427,0.2555,0.3695,0.29879999999999995,0.03954061203370529,0.239,0.363,0.51525,0.04582984835235657,0.43775,0.5535,0.1639,0.02240234362739756,0.126,0.1955
imports,imports_benign_mass_injection,2024-11-03_2024-11-09,important,ratio,0.05,5,65,1282,0.7848138932500001,0.04191203469543284,0.74047666375,0.84299494625,-0.15689741799999996,0.04202710921918302,-0.20313512624999985,-0.09942263500000004,0.5093400000000001,0.04866338870239106,0.43345,0.56205,0.5092399999999999,0.04878773821361267,0.43315,0.56205,0.3813512465606902,0.019617200273127116,0.3608979484804719,0.4139433506647876,-0.37573545007668974,0.020233177903169464,-0.40928253827662275,-0.35393182989333816,-0.22920228280966773,0.009097496928974047,-0.24082822176125354,-0.2173138626755602,0.4831,0.03196310372914371,0.451,0.543,0.4821,0.031257639066314666,0.449,0.54,0.32005,0.020341091416145787,0.29375,0.3475,0.31954999999999995,0.020107461301715833,0.29375,0.346
imports,imports_benign_mass_injection,2024-11-03_2024-11-09,important,ratio,0.1,5,129,1282,0.7232731972499999,0.014586841810672966,0.70187584125,0.7412172875,-0.21843811399999993,0.01485506338320498,-0.24173594874999982,-0.20120029375000004,0.57731,0.010580094517536215,0.5651,0.59645,0.5772600000000001,0.010590061378481239,0.5651,0.59645,0.4300258514447998,0.014332344442806714,0.41065722735432963,0.4512972330507835,-0.42381703483945854,0.014735610025444637,-0.4458443293985586,-0.4045321208714137,-0.21224771120346003,0.007047369189123737,-0.2222799039405263,-0.20368521945593965,0.49689999999999995,0.029246196333882476,0.4685,0.549,0.49689999999999995,0.029246196333882476,0.4685,0.549,0.33015,0.01915828802372488,0.298,0.3525,0.33015,0.01915828802372488,0.298,0.3525
imports,imports_benign_mass_injection,2024-11-03_2024-11-09,random,ratio,0.01,100,13,1282,0.9464606283875,0.013176367172936757,0.92344592,0.96095118875,0.004749317137500039,0.013250322116788418,-0.01873830374999974,0.020048465000000015,0.006711,0.01759181852453009,0.0,0.1052,0.0026155,0.003428649114447263,0.0,0.0195,0.01625888779014216,0.018076904557519615,2.3772380952396034e-05,0.10563800295553576,-0.011483175623707462,0.01647745886695457,-0.07121797131599285,0.009875350268484953,-0.014137179883893356,0.016257199097104387,-0.09236780697472609,-8.356666666655219e-06,0.03419,0.037721862361235564,0.0,0.234,0.025575,0.033307159515635676,0.0,0.1875,0.030990000000000004,0.0773259652380751,0.0,0.47875,0.0129125,0.016892985785526487,0.0,0.09575
imports,imports_benign_mass_injection,2024-11-03_2024-11-09,random,ratio,0.05,100,65,1282,0.952446995175,0.011334064327938275,0.91118564875,0.964630725,0.010735683925000048,0.011300172495440276,-0.02882759749999997,0.022270451250000045,0.030389999999999997,0.03140243621122412,0.0035,0.10555,0.013176500000000002,0.010077498337881283,0.0013,0.05615,0.07248301716310541,0.028010749558768908,0.013834534554457384,0.17636049174470103,-0.05581722234410061,0.03137675014594396,-0.16767986181584157,-0.0032066123370793663,-0.0668004746161453,0.02639045770054443,-0.1656187523774735,-0.01181533733996685,0.146095,0.07408490720112972,0.034,0.398,0.12099000000000001,0.08139763448651317,0.013,0.392,0.1357575,0.13239509269134564,0.017,0.464,0.062515,0.04386642822250291,0.0065,0.21675
imports,imports_benign_mass_injection,2024-11-03_2024-11-09,random,ratio,0.1,100,129,1282,0.9516842645875001,0.011005814291528849,0.9097783399999999,0.9632649737500001,0.009972953337500057,0.011034586892902704,-0.031832875000000094,0.02089395000000005,0.0535515,0.03513300830771541,0.0127,0.13315,0.026732,0.016633665440906283,0.00315,0.08925,0.12084471304170517,0.031239679329646386,0.056502933929736536,0.1862161295558324,-0.10004726090088344,0.03513182326198771,-0.17801593858848525,-0.029594536398255582,-0.11266327337032603,0.02972281094883204,-0.17208661320741309,-0.052873501607154365,0.23152999999999996,0.07526153798587962,0.0785,0.427,0.20575999999999997,0.08169756667122956,0.0315,0.3925,0.225005,0.14815708715751671,0.05225,0.514,0.11084499999999999,0.04916075391000427,0.01575,0.229
imports,imports_benign_mass_injection,2024-11-10_2024-11-16,baseline,baseline,0.0,5,0,1282,0.924853081,0.001168661738747356,0.9235318475000001,0.9267969762499999,0.0,0.0,0.0,0.0,0.0,0.0,0.0,0.0,0.0,0.0,0.0,0.0,0.0,0.0,0.0,0.0,0.0,0.0,0.0,0.0,0.0,0.0,0.0,0.0,0.0,0.0,0.0,0.0,0.0,0.0,0.0,0.0,0.0,0.0,0.0,0.0,0.0,0.0,0.0,0.0
imports,imports_benign_mass_injection,2024-11-10_2024-11-16,important,ratio,0.01,5,13,1282,0.9439500112499999,0.004264081893622939,0.93869699625,0.9502288025,0.019096930250000012,0.0036007120044554567,0.015165148749999968,0.023431826250000065,0.14089999999999997,0.008181931312349178,0.1336,0.1566,0.03951,0.008091439921299544,0.0323,0.05475,0.1726832678313198,0.013616696246895783,0.15495279623798097,0.194251358810973,-0.1076719677306845,0.021718399305400368,-0.14515452919670854,-0.0772769431153324,-0.13372909600205282,0.01980359193421062,-0.1688306041505154,-0.1071934430829002,0.29710000000000003,0.035026275851137816,0.246,0.3455,0.27630000000000005,0.037834640212376806,0.233,0.32,0.53245,0.03439818309155297,0.48575,0.58925,0.1545,0.030119760955226723,0.12275,0.20075
imports,imports_benign_mass_injection,2024-11-10_2024-11-16,important,ratio,0.05,5,65,1282,0.784978684,0.034089432987583955,0.7512648825000001,0.83442559375,-0.1398743969999999,0.03421798355290369,-0.17553209374999978,-0.08994040999999997,0.44164999999999993,0.035809468021739725,0.37485,0.4823,0.4415699999999999,0.035838883911193456,0.3747,0.4822,0.3502702136540841,0.017309583324255355,0.3311259266427192,0.37905633892345925,-0.3412462541055429,0.018052123208501986,-0.3708369930847184,-0.32109277431074085,-0.21325076924580194,0.008501005384516916,-0.22370848747537997,-0.20224647283028332,0.4474,0.03313970428353275,0.399,0.493,0.4469,0.03297028965599179,0.399,0.493,0.2772,0.0409955485388353,0.2175,0.3365,0.27690000000000003,0.04098219125425092,0.2175,0.3365
imports,imports_benign_mass_injection,2024-11-10_2024-11-16,important,ratio,0.1,5,129,1282,0.7337166947500001,0.013824661435960488,0.7156983537499999,0.75220083,-0.19113638624999996,0.014279336641395628,-0.2110986225,-0.17216517374999996,0.49562,0.015796126107372018,0.48095,0.52015,0.49557,0.015791155752509056,0.48095,0.52005,0.39797792446649083,0.01359839069532229,0.379872366636621,0.4170447041336354,-0.38751737434300837,0.014003539803397465,-0.4070642264888239,-0.3685739142922572,-0.20182691820279328,0.006990994209887331,-0.21220934208380768,-0.19293511380636924,0.46159999999999995,0.028531386226399866,0.4165,0.4945,0.46159999999999995,0.028531386226399866,0.4165,0.4945,0.2859,0.03900852470935039,0.2265,0.33725,0.28585000000000005,0.03904311719112602,0.2265,0.33725
imports,imports_benign_mass_injection,2024-11-10_2024-11-16,random,ratio,0.01,100,13,1282,0.9319961957624998,0.016266660631559352,0.9037403724999999,0.9502737562499999,0.007143114762500039,0.016243259757790555,-0.022615973750000018,0.02543283875000002,0.0059025,0.017199353730591158,0.0,0.10575,0.0021115,0.002934560060724605,0.0,0.0152,0.014564242859069059,0.015610248268699296,2.411944444445091e-05,0.08531489299106507,-0.008823907115614307,0.014449257701476736,-0.0743271842503241,0.022721817262266252,-0.012418422201161891,0.014377326136240052,-0.08120319813656363,-1.009841269839698e-06,0.029075000000000004,0.030724369399549933,0.0,0.136,0.020595000000000002,0.027640884121170946,0.0,0.136,0.026075000000000004,0.06862258647850575,0.0,0.447,0.01034,0.01389273731127167,0.0,0.0685
imports,imports_benign_mass_injection,2024-11-10_2024-11-16,random,ratio,0.05,100,65,1282,0.939154705875,0.014277907270540948,0.9004595762500001,0.95126057875,0.01430162487500004,0.01427401985914467,-0.023598378749999926,0.02772873124999997,0.023489999999999997,0.03132020434160671,0.00275,0.12245,0.010887999999999998,0.007113993674441945,0.00145,0.0363,0.061737734791855986,0.024656466222592748,0.014484103695940559,0.12411017324733853,-0.04552657232736899,0.024074493261432527,-0.12007040783002208,0.003417615924646611,-0.0567952386258583,0.023057419348053103,-0.11160001621723921,-0.013412630438926688,0.11850500000000003,0.05752206076802186,0.0275,0.3045,0.10151,0.060490742266895686,0.0145,0.3,0.10229499999999998,0.12301841010596748,0.01375,0.49925,0.051954999999999994,0.03238769789596044,0.00725,0.1695
imports,imports_benign_mass_injection,2024-11-10_2024-11-16,random,ratio,0.1,100,129,1282,0.9405753378374999,0.014319941182002378,0.8940223887500001,0.9566807850000001,0.015722256837500045,0.014134017355402633,-0.03149023374999982,0.030228143749999936,0.0556215,0.042017257915647,0.0119,0.14595,0.0259205,0.018258268120224325,0.0059,0.10805,0.11602879555105038,0.028483321008653226,0.053890151915549016,0.19981565599452916,-0.08950786485539512,0.033204074319339555,-0.19528340065570116,-0.021169354884962677,-0.10626883976774089,0.027283933506273204,-0.1824732856122238,-0.05078261135169233,0.21186,0.07039496004686699,0.086,0.4125,0.19267499999999999,0.07797215448479027,0.059,0.4105,0.21501250000000002,0.153664140152314,0.05925,0.55925,0.10303249999999999,0.045629056737456236,0.0295,0.2455
imports,imports_benign_mass_injection,2024-11-17_2024-11-23,baseline,baseline,0.0,5,0,1282,0.91926232025,0.0013020789884890293,0.91732821,0.9211413075000001,0.0,0.0,0.0,0.0,0.0,0.0,0.0,0.0,0.0,0.0,0.0,0.0,0.0,0.0,0.0,0.0,0.0,0.0,0.0,0.0,0.0,0.0,0.0,0.0,0.0,0.0,0.0,0.0,0.0,0.0,0.0,0.0,0.0,0.0,0.0,0.0,0.0,0.0,0.0,0.0
imports,imports_benign_mass_injection,2024-11-17_2024-11-23,important,ratio,0.01,5,13,1282,0.9391895175,0.004674107825556105,0.9334231150000001,0.9462985024999999,0.019927197250000073,0.003506164502162197,0.015038231249999923,0.0251571949999998,0.13617,0.007105110836573916,0.12865,0.1494,0.03493999999999999,0.006850649604234624,0.0293,0.0482,0.16846334641909472,0.010887126125591381,0.15477750951997274,0.18354359023058445,-0.10208409988592138,0.01785462658587108,-0.13137978578609494,-0.07502983666790025,-0.13036250069396443,0.016775680172672034,-0.1588373663414944,-0.10634794527055769,0.2845,0.04807182126776558,0.1985,0.3475,0.2619,0.048556564952640546,0.189,0.3405,0.5442,0.034611919912076544,0.50175,0.6015,0.13815,0.02752117366683332,0.09775,0.1815
imports,imports_benign_mass_injection,2024-11-17_2024-11-23,important,ratio,0.05,5,65,1282,0.7833175109999999,0.03145423767840336,0.75229539875,0.8271342974999999,-0.13594480925000002,0.03208667315604921,-0.16884590875000016,-0.09257257125000007,0.4162100000000001,0.016504950772419775,0.39415,0.4428,0.41613000000000006,0.016612302670009363,0.39375,0.4428,0.3448360349108197,0.01596392051572966,0.3276019500913243,0.37084795854602826,-0.333392059674954,0.017161102757010927,-0.3609061385383022,-0.31502909589734235,-0.20991992948936247,0.007275897704890181,-0.21863498513744517,-0.20169314084032827,0.4528,0.05274902842707152,0.373,0.5225,0.45199999999999996,0.05396943579471625,0.369,0.5225,0.26225,0.04614027524842043,0.19975,0.31875,0.26185,0.04668581154912057,0.19775,0.31875
imports,imports_benign_mass_injection,2024-11-17_2024-11-23,important,ratio,0.1,5,129,1282,0.73324371,0.01474751502008702,0.7136255575000001,0.7542825362500001,-0.18601861024999997,0.01550206657760492,-0.20751575,-0.16542433249999988,0.46693999999999997,0.01738742074029382,0.4474,0.49355,0.4669,0.017432498386634084,0.4472,0.49355,0.3928230827998601,0.012956745452507678,0.37565390621174666,0.40921019037423384,-0.37925302745041256,0.013931456877479697,-0.3972132038887071,-0.36104369660190794,-0.2008566469865328,0.005002446594013617,-0.20709569568899236,-0.19342024502828212,0.4687,0.05087985849036925,0.386,0.527,0.4687,0.05087985849036925,0.386,0.527,0.27165,0.04472180676135525,0.20675,0.32175,0.27165,0.04472180676135525,0.20675,0.32175
imports,imports_benign_mass_injection,2024-11-17_2024-11-23,random,ratio,0.01,100,13,1282,0.924774620025,0.016351462287308226,0.8960856262499999,0.9447279662499999,0.005512299775000018,0.016331704542381285,-0.0212425837500001,0.024929241249999956,0.0049165,0.014040169256458415,0.0,0.10345,0.00209,0.0028308479295080474,0.0,0.01275,0.0144561410254912,0.013517388385628123,5.655699497749124e-05,0.06314495279998793,-0.00889728355107916,0.0125865505464252,-0.05922964807874535,0.014324873202307072,-0.012465270629954252,0.011993747278659227,-0.058079055355594836,-1.5401053391052986e-05,0.028695,0.029017657986129756,0.0,0.13,0.02021,0.027398921511621585,0.0,0.1275,0.0221975,0.05588857547612035,0.0,0.429,0.010407500000000004,0.014106410555134145,0.0,0.06375
imports,imports_benign_mass_injection,2024-11-17_2024-11-23,random,ratio,0.05,100,65,1282,0.9355556874,0.013868793439970394,0.8937054325,0.95022271875,0.016293367150000005,0.013761686943774061,-0.02467945125000015,0.03051585000000001,0.03320699999999999,0.03949786704367718,0.00385,0.11325,0.009678500000000001,0.0070317076695494115,0.0013,0.04925,0.06809942354681806,0.023648129407311296,0.021349830744449128,0.16574291450078313,-0.045881398424328264,0.024012056846856464,-0.1575713852352268,0.001956903955491535,-0.06191953862358301,0.021553574132836963,-0.15257283191296692,-0.019036188279428625,0.10919500000000001,0.04999309427310936,0.0385,0.2535,0.088335,0.05216603564581077,0.013,0.2375,0.1406025,0.15812650432090755,0.01925,0.49,0.045192500000000004,0.027173030172397042,0.0065,0.12425
imports,imports_benign_mass_injection,2024-11-17_2024-11-23,random,ratio,0.1,100,129,1282,0.935752946275,0.013182405380537875,0.884982575,0.9498135337499999,0.016490626024999996,0.013022169686843822,-0.032345634999999984,0.03126398125000007,0.054128499999999996,0.04257290585278388,0.00785,0.1471,0.023598999999999995,0.019163407812808245,0.00215,0.11235,0.11322185327693321,0.02929128274084979,0.05324873372324369,0.19535905756922145,-0.08673200230619303,0.034979159613667675,-0.1864323919999869,-0.011137555823611194,-0.10476342440827816,0.028508100422544737,-0.17303084652130474,-0.045666560375150315,0.1805,0.07348625721861196,0.075,0.377,0.15969,0.08283066400796266,0.0185,0.371,0.20810750000000003,0.1720497430069281,0.03925,0.58875,0.0853175,0.0468692043750478,0.00925,0.20025
imports,imports_benign_mass_injection,2024-11-24_2024-11-30,baseline,baseline,0.0,5,0,1282,0.9323251822499999,0.00208683798605653,0.9285221374999999,0.93433696375,0.0,0.0,0.0,0.0,0.0,0.0,0.0,0.0,0.0,0.0,0.0,0.0,0.0,0.0,0.0,0.0,0.0,0.0,0.0,0.0,0.0,0.0,0.0,0.0,0.0,0.0,0.0,0.0,0.0,0.0,0.0,0.0,0.0,0.0,0.0,0.0,0.0,0.0,0.0,0.0
imports,imports_benign_mass_injection,2024-11-24_2024-11-30,important,ratio,0.01,5,13,1282,0.9475818645,0.0038535059046437164,0.9440334175,0.9529761975,0.015256682250000052,0.00367848071779687,0.009902531250000068,0.019160061250000027,0.12647999999999998,0.008209969549273612,0.11655,0.13945,0.028290000000000003,0.007495425271457251,0.02185,0.042,0.1781982361777202,0.012451859211383143,0.163090983781885,0.19673088712004105,-0.11393900804844707,0.020230344672750103,-0.1474109517892299,-0.08357488785595729,-0.1415001494098028,0.018736023435777578,-0.17372312501745624,-0.11497156963663527,0.25529999999999997,0.06856573488266571,0.148,0.3295,0.22300000000000003,0.06371028174478591,0.133,0.3135,0.5828,0.03247398959167169,0.5315,0.63075,0.1143,0.03125595943176277,0.069,0.15875
imports,imports_benign_mass_injection,2024-11-24_2024-11-30,important,ratio,0.05,5,65,1282,0.7976238312499999,0.030418507447354737,0.7679866049999999,0.83984144625,-0.13470135099999997,0.030433927125700273,-0.16635035875000004,-0.09251761624999999,0.42069,0.013232966409690614,0.39965,0.4388,0.42062,0.01328934159392406,0.39955,0.4388,0.36329584990303404,0.01643034192189086,0.3437079221640497,0.3906310541847607,-0.3539292338953019,0.01731091654845501,-0.38250155298745214,-0.3335445361176638,-0.22422089112429466,0.007738471453396633,-0.23288425244684444,-0.21478319149903505,0.39770000000000005,0.06857813062485738,0.2845,0.4695,0.397,0.06938587752561758,0.282,0.4695,0.21550000000000002,0.03697330117801222,0.15725,0.266,0.21515,0.037386361149488734,0.156,0.266
imports,imports_benign_mass_injection,2024-11-24_2024-11-30,important,ratio,0.1,5,129,1282,0.7469831775,0.014908801588425283,0.7288990287499999,0.76684181,-0.18534200474999998,0.014562587558382762,-0.20543793500000007,-0.16551725250000004,0.46971999999999997,0.010513876544833501,0.4585,0.4878,0.46967,0.010567573042094396,0.45825,0.4878,0.41253143085068356,0.012891249200444342,0.3936376149625349,0.4302991072617022,-0.40172304631859657,0.013445650270116299,-0.4205044290691414,-0.38220591869842513,-0.2157028236314959,0.004566819261348954,-0.22153741062773546,-0.2100045886612351,0.41529999999999995,0.06908444108480577,0.297,0.4745,0.41529999999999995,0.06908444108480577,0.297,0.4745,0.22469999999999998,0.03540423703456974,0.165,0.26875,0.22444999999999998,0.03582680560697534,0.16375,0.26875
imports,imports_benign_mass_injection,2024-11-24_2024-11-30,random,ratio,0.01,100,13,1282,0.93933289465,0.012629188587296437,0.91096584125,0.9538360724999999,0.007007712400000047,0.012731870877301986,-0.01992250374999993,0.019499108749999938,0.0028179999999999998,0.00931006852821181,0.0,0.09295,0.0013305,0.0018955460295123408,0.0,0.0088,0.011464123375049913,0.010462110827119286,2.210000000001033e-05,0.04350731607790976,-0.007768982612518717,0.00922011120312792,-0.03915440842599652,0.0030092515728568753,-0.010348180828162648,0.00958232793829168,-0.040701666407317434,-5.900000000004041e-06,0.018955000000000003,0.02147592780300772,0.0,0.097,0.013245000000000005,0.018950790880593874,0.0,0.088,0.014034999999999997,0.04645587987542588,0.0,0.46375,0.0066275000000000014,0.009475065633018065,0.0,0.044
imports,imports_benign_mass_injection,2024-11-24_2024-11-30,random,ratio,0.05,100,65,1282,0.9450097600124999,0.01205479176020594,0.9054514250000001,0.95741684375,0.012684577762500036,0.012091052797029381,-0.02682543624999989,0.023079880000000053,0.024570500000000002,0.03407913664912889,0.0021,0.1137,0.0078765,0.006281617844950455,0.00045,0.031,0.06875070942271864,0.02925698844133303,0.00657905002912658,0.14875774089674218,-0.05084893553909457,0.030387632025200614,-0.13881898744214988,0.0006311396910687919,-0.06417608146532866,0.027881072988888166,-0.13247429499509814,-0.00587676975874267,0.09055000000000003,0.055756277673460225,0.021,0.267,0.074165,0.05536565067801516,0.0045,0.267,0.11853499999999999,0.1662550939821093,0.0105,0.561,0.037645,0.028782963276910878,0.00225,0.1465
imports,imports_benign_mass_injection,2024-11-24_2024-11-30,random,ratio,0.1,100,129,1282,0.9451627738875,0.011577887796142274,0.8919204862500001,0.9565896199999999,0.012837591637500055,0.011649843371700285,-0.04221039999999987,0.024305698749999993,0.05182899999999999,0.04552404923773807,0.00505,0.15005,0.0192,0.019793651760097224,0.0023,0.14705,0.12152189952292547,0.0315572382568833,0.059623372745438837,0.23486569178895325,-0.09553982507247914,0.03580925890939411,-0.2291716421175477,-0.02783194064014408,-0.11340361976071253,0.029088644469620686,-0.19291897528363516,-0.05698594509561892,0.16547499999999998,0.07471607507758957,0.0425,0.371,0.14192000000000002,0.07478845900270976,0.023,0.345,0.23153749999999998,0.21666136415787196,0.02175,0.59925,0.07306000000000001,0.039691106056646996,0.0115,0.184
imports,imports_benign_mass_injection,2024-12-01_2024-12-07,baseline,baseline,0.0,5,0,1282,0.9409260032500001,0.0013337091130650525,0.9388206237500001,0.94269417,0.0,0.0,0.0,0.0,0.0,0.0,0.0,0.0,0.0,0.0,0.0,0.0,0.0,0.0,0.0,0.0,0.0,0.0,0.0,0.0,0.0,0.0,0.0,0.0,0.0,0.0,0.0,0.0,0.0,0.0,0.0,0.0,0.0,0.0,0.0,0.0,0.0,0.0,0.0,0.0
imports,imports_benign_mass_injection,2024-12-01_2024-12-07,important,ratio,0.01,5,13,1282,0.94973726025,0.003696615283470184,0.9460762562499999,0.9548036012500001,0.008811256999999961,0.0026866425248952388,0.005343159999999902,0.01285190125000013,0.10312000000000002,0.007498039743826382,0.0925,0.1148,0.02395,0.006390383400078589,0.01675,0.0348,0.1672671090089319,0.013489394543466437,0.1527064283675229,0.18617513051405185,-0.11456343634335045,0.01832959245581319,-0.14409138644809347,-0.0872808878037958,-0.13727761915112183,0.017405996766861675,-0.16602817015854152,-0.11198380679326113,0.2447,0.06425387147868991,0.171,0.343,0.1899,0.04916441802767526,0.1465,0.2515,0.48555000000000004,0.02619083809273769,0.4515,0.518,0.10105,0.02361694307060082,0.0775,0.13
imports,imports_benign_mass_injection,2024-12-01_2024-12-07,important,ratio,0.05,5,65,1282,0.8375811177499999,0.02260998776727501,0.81085243875,0.8683758662499999,-0.1033448855000001,0.022473109633414177,-0.13184173124999998,-0.0735758337500001,0.36482000000000003,0.019415859496813414,0.3299,0.38655,0.36463000000000007,0.01940269568900156,0.3299,0.3865,0.36050780658574955,0.01857942094921942,0.3413009144452726,0.39087086350548905,-0.35161021905023876,0.01929931028414704,-0.38306217388148306,-0.3319507191373596,-0.24225553661772142,0.0028291609420115623,-0.24701060897825547,-0.23923329906269636,0.3598,0.06341813620723966,0.284,0.44,0.358,0.06399453101632983,0.284,0.437,0.22329999999999997,0.036082682827084794,0.16625,0.27975,0.22240000000000001,0.036578545624450405,0.16325,0.27825
imports,imports_benign_mass_injection,2024-12-01_2024-12-07,important,ratio,0.1,5,129,1282,0.796410598,0.014281376461329705,0.7776149812500001,0.8153647825,-0.14451540525,0.014182835088168179,-0.16507918874999994,-0.12658691749999995,0.40160999999999997,0.011882104190756788,0.3881,0.4204,0.40157,0.011900529399988891,0.38795,0.42035,0.41136209069181956,0.015062538144405153,0.3911045509007634,0.43140867012071893,-0.4011252356216426,0.015519841565875948,-0.4220898669129779,-0.38058233198157077,-0.24253066643067306,0.0012264662666595595,-0.2443389877605466,-0.24085385033948897,0.37449999999999994,0.06833739825307955,0.289,0.452,0.37439999999999996,0.06845319568873319,0.289,0.452,0.23335,0.03930063612716719,0.16925,0.28875,0.2332,0.03954566980087706,0.1685,0.28875
imports,imports_benign_mass_injection,2024-12-01_2024-12-07,random,ratio,0.01,100,13,1282,0.9431918225375001,0.0074930823400290135,0.9275124912500001,0.9619420525,0.0022658192874999918,0.0073933537714226906,-0.013952303750000006,0.01924788249999998,0.004981999999999999,0.013372196005144405,0.0,0.08025,0.002063,0.002519668827445385,0.0,0.01365,0.017010746131453706,0.017157937321449167,3.446083754084769e-05,0.10580987144157154,-0.01344342783785757,0.01647534428867127,-0.10207058215160744,0.008501916706818307,-0.015110632507432211,0.01560736221487949,-0.09635332311909399,1.7605554822520963e-06,0.027309999999999997,0.028610905263552915,0.0,0.126,0.019585,0.02328057720504369,0.0,0.1205,0.024117499999999997,0.06627048225831769,0.0,0.39625,0.009835000000000002,0.011784217199288207,0.0,0.06125
imports,imports_benign_mass_injection,2024-12-01_2024-12-07,random,ratio,0.05,100,65,1282,0.9479287184124998,0.006857401117558958,0.9267273012499999,0.957284645,0.007002715162499984,0.006537878205370349,-0.014005795000000099,0.017262446249999952,0.023910999999999998,0.031173371312708545,0.00055,0.10715,0.0073695,0.005964427445279219,0.00045,0.03045,0.06424955826457145,0.030797077360397274,0.0009150265762583624,0.1319034862530728,-0.04903037492673849,0.02895539396483527,-0.12365872085392748,-0.000703263312404828,-0.059956903169782964,0.029045801114043587,-0.1282574092748118,-0.0005476817928054526,0.087545,0.0526147362912711,0.0055,0.2855,0.068075,0.04933737807180271,0.0045,0.285,0.11623500000000002,0.15234741062781473,0.00275,0.47725,0.03476,0.025554205133402213,0.00225,0.14425
imports,imports_benign_mass_injection,2024-12-01_2024-12-07,random,ratio,0.1,100,129,1282,0.9477786481124998,0.007948492032844536,0.91929706125,0.96119527875,0.006852644862499982,0.007715753942328457,-0.01952356250000009,0.018501108749999995,0.04055450000000001,0.03397960424651823,0.0067,0.10415,0.015128999999999997,0.011253042210886797,0.0029,0.07745,0.10909289806059451,0.026648192224084138,0.052833322458673206,0.18731755436383618,-0.08671473849941384,0.03040060240127754,-0.18067301892704088,-0.01950705548923107,-0.10170961404655696,0.026425630253845235,-0.17484651269191107,-0.04501818205833145,0.146315,0.062410522149714466,0.059,0.356,0.11997500000000003,0.06095315311778382,0.029,0.354,0.18854249999999997,0.16796974450403263,0.03325,0.51525,0.0636925,0.034068971495335755,0.0145,0.19875
imports,imports_benign_mass_injection,2024-12-08_2024-12-14,baseline,baseline,0.0,5,0,1282,0.94113407575,0.0019551670830541476,0.93829264125,0.9431528637500001,0.0,0.0,0.0,0.0,0.0,0.0,0.0,0.0,0.0,0.0,0.0,0.0,0.0,0.0,0.0,0.0,0.0,0.0,0.0,0.0,0.0,0.0,0.0,0.0,0.0,0.0,0.0,0.0,0.0,0.0,0.0,0.0,0.0,0.0,0.0,0.0,0.0,0.0,0.0,0.0
imports,imports_benign_mass_injection,2024-12-08_2024-12-14,important,ratio,0.01,5,13,1282,0.9491185525000001,0.004687604768565889,0.94428662375,0.9550411125,0.007984476750000047,0.0038709994052246992,0.002152853750000183,0.012592907500000083,0.10741,0.008220669072526884,0.09765,0.1213,0.03312,0.00695043883506646,0.0254,0.0451,0.16748538134704943,0.013560559815496474,0.15355727487655624,0.18751927601284166,-0.1175955472229266,0.018795483687711428,-0.1474137645441236,-0.08907713794418216,-0.1371984744206915,0.01742172493753759,-0.16652023321743978,-0.11227520533832341,0.2757,0.03783992600415599,0.239,0.342,0.24339999999999998,0.03460693572103719,0.2165,0.305,0.49325,0.02291778785136124,0.46325,0.522,0.13555,0.01991193109670682,0.11375,0.16725
imports,imports_benign_mass_injection,2024-12-08_2024-12-14,important,ratio,0.05,5,65,1282,0.83541164375,0.020070377577617433,0.81389244375,0.86373171875,-0.105722432,0.02073342050841351,-0.12926042000000004,-0.07819221749999994,0.38530000000000003,0.018082837166772243,0.3624,0.4074,0.38515,0.018185268763479954,0.3623,0.4074,0.3540472769847079,0.0160108330887532,0.3363361414511176,0.381632178717105,-0.344844074482448,0.016646569145593707,-0.3733014446529757,-0.32668543990628773,-0.2295648120996215,0.0066424513657204745,-0.2381757494051957,-0.22241748753238516,0.4084,0.048869622466313364,0.3475,0.4805,0.4069,0.04956551220354734,0.3465,0.4795,0.2604,0.03551394092465661,0.21075,0.31425,0.25965,0.036064733466365725,0.2085,0.31375
imports,imports_benign_mass_injection,2024-12-08_2024-12-14,important,ratio,0.1,5,129,1282,0.7966221320000001,0.012016526601240245,0.77984858375,0.8113550062500001,-0.14451194374999993,0.012443521623866497,-0.16330428000000008,-0.1305689299999998,0.43265999999999993,0.014672538975923704,0.4185,0.456,0.43255,0.014773185167728733,0.41805,0.456,0.4039413071175259,0.01420953961551867,0.38501066553736735,0.42264589801655955,-0.39313894169822794,0.014814773804905987,-0.4127107325997118,-0.37379229106400425,-0.22810076144396993,0.005295940339861473,-0.23562545256005818,-0.22263181076706587,0.4242,0.06147649957504088,0.353,0.508,0.42400000000000004,0.06170899448216606,0.352,0.508,0.27074999999999994,0.040033423535840655,0.215,0.33275,0.2702,0.04073462900285211,0.21275,0.33275
imports,imports_benign_mass_injection,2024-12-08_2024-12-14,random,ratio,0.01,100,13,1282,0.9457672060499999,0.008205551257197638,0.92182224,0.9555677424999999,0.004633130300000025,0.00805403861048844,-0.01754781875,0.014671195000000137,0.0051990000000000005,0.011891711357075568,0.0,0.0714,0.0019284999999999999,0.002301056876741642,0.0,0.01005,0.013595231862916866,0.013278794834303866,3.300000000001091e-05,0.07632489909341256,-0.00830502267105821,0.012594731114708956,-0.07293837906829143,0.010855612242944445,-0.011678789105143967,0.011765276932554036,-0.06337278634311845,1.861249999999468e-05,0.029829999999999995,0.026620407585159173,0.0,0.1095,0.01871,0.02217421700985178,0.0,0.1005,0.025525,0.05911828714534953,0.0,0.35575,0.0094625,0.011136279394393803,0.0,0.05025
imports,imports_benign_mass_injection,2024-12-08_2024-12-14,random,ratio,0.05,100,65,1282,0.9487323634625001,0.0076090400774258375,0.9225598587499999,0.9583720325,0.00759828771250002,0.007397901211488104,-0.015732782500000098,0.018286737500000094,0.0235615,0.025368208307840742,0.0023,0.09105,0.010065999999999999,0.007745220719902048,0.00055,0.03715,0.06374850874312275,0.026863364460685362,0.014923367726883999,0.13718917842484685,-0.049270273930149544,0.026779228495144927,-0.11081060998420553,0.003348582130623774,-0.059331175331253275,0.02538152439149219,-0.12931423431995404,-0.012883509259617109,0.11410999999999999,0.0636847933183425,0.0195,0.3155,0.0919,0.06274547792470785,0.0055,0.289,0.11423249999999997,0.12536257044568766,0.0115,0.45275,0.04842999999999998,0.03530665801233529,0.00275,0.1675
imports,imports_benign_mass_injection,2024-12-08_2024-12-14,random,ratio,0.1,100,129,1282,0.9493246091875001,0.0076824503977073084,0.9213473074999998,0.959075935,0.008190533437500027,0.0078010184596095265,-0.021787548749999996,0.017151998750000064,0.04793050000000001,0.0336749512954362,0.00375,0.12345,0.018550500000000004,0.010797341096306997,0.00245,0.0676,0.10797040869041188,0.028618899127528588,0.046977508410932414,0.16906668394423535,-0.08420823536271853,0.030919983352404187,-0.16123290951915584,-0.017511999817011292,-0.09953795687540275,0.028095822793933523,-0.15915159122166533,-0.040795633198598205,0.17842999999999998,0.06472766101134815,0.037,0.339,0.14994,0.06708909300325948,0.0245,0.3255,0.22468000000000005,0.16334307484555322,0.01875,0.505,0.08151249999999999,0.03668288727390471,0.01225,0.16725
