seed,feature_group,density_bin,perturbation_type,strength,n_rows,n_samples,n_masked_features,flip_rate_mean,flip_rate_std,flip_rate_min,flip_rate_max,benign_to_malware_rate_overall_mean,benign_to_malware_rate_overall_std,benign_to_malware_rate_overall_min,benign_to_malware_rate_overall_max,malware_to_benign_rate_overall_mean,malware_to_benign_rate_overall_std,malware_to_benign_rate_overall_min,malware_to_benign_rate_overall_max,benign_to_malware_rate_cond_mean,benign_to_malware_rate_cond_std,benign_to_malware_rate_cond_min,benign_to_malware_rate_cond_max,malware_to_benign_rate_cond_mean,malware_to_benign_rate_cond_std,malware_to_benign_rate_cond_min,malware_to_benign_rate_cond_max,mean_abs_probability_shift_mean,mean_abs_probability_shift_std,mean_abs_probability_shift_min,mean_abs_probability_shift_max,mean_signed_probability_shift_mean,mean_signed_probability_shift_std,mean_signed_probability_shift_min,mean_signed_probability_shift_max,mean_margin_shift_mean,mean_margin_shift_std,mean_margin_shift_min,mean_margin_shift_max,baseline_auc_mean,baseline_auc_std,baseline_auc_min,baseline_auc_max,perturbed_auc_mean,perturbed_auc_std,perturbed_auc_min,perturbed_auc_max,delta_auc_mean,delta_auc_std,delta_auc_min,delta_auc_max,auc_drop_mean,auc_drop_std,auc_drop_min,auc_drop_max
13,header,high_density,important,0.01,1,120000,1,0.0122,0.0,0.0122,0.0122,0.00995,0.0,0.00995,0.00995,0.0,0.0,0.0,0.0,0.03138883777176056,0.0,0.03138883777176056,0.03138883777176056,0.0,0.0,0.0,0.0,0.05669878828458913,0.0,0.05669878828458913,0.05669878828458913,0.05669878828458913,0.0,0.05669878828458913,0.05669878828458913,-0.05280618986045697,0.0,-0.05280618986045697,-0.05280618986045697,0.9955505016275739,0.0,0.9955505016275739,0.9955505016275739,0.9934936551641809,0.0,0.9934936551641809,0.9934936551641809,0.0020568464633929917,0.0,0.0020568464633929917,0.0020568464633929917,0.0020568464633929917,0.0,0.0020568464633929917,0.0020568464633929917
13,header,high_density,important,0.05,1,120000,4,0.11653333333333334,0.0,0.11653333333333334,0.11653333333333334,0.0,0.0,0.0,0.0,0.10525833333333333,0.0,0.10525833333333333,0.10525833333333333,0.0,0.0,0.0,0.0,0.1541098815290199,0.0,0.1541098815290199,0.1541098815290199,0.1874121941191961,0.0,0.1874121941191961,0.1874121941191961,-0.1840144609495911,0.0,-0.1840144609495911,-0.1840144609495911,-0.08750228775199194,0.0,-0.08750228775199194,-0.08750228775199194,0.9955505016275739,0.0,0.9955505016275739,0.9955505016275739,0.9939259457119775,0.0,0.9939259457119775,0.9939259457119775,0.001624555915596404,0.0,0.001624555915596404,0.001624555915596404,0.001624555915596404,0.0,0.001624555915596404,0.001624555915596404
13,header,high_density,important,0.1,1,120000,8,0.06155833333333333,0.0,0.06155833333333333,0.06155833333333333,0.04144166666666667,0.0,0.04144166666666667,0.04144166666666667,0.0015333333333333334,0.0,0.0015333333333333334,0.0015333333333333334,0.1307342464312942,0.0,0.1307342464312942,0.1307342464312942,0.0022449701687387905,0.0,0.0022449701687387905,0.0022449701687387905,0.06508086352184997,0.0,0.06508086352184997,0.06508086352184997,0.03750579875976719,0.0,0.03750579875976719,0.03750579875976719,-0.00862403638626297,0.0,-0.00862403638626297,-0.00862403638626297,0.9955505016275739,0.0,0.9955505016275739,0.9955505016275739,0.9915284870767026,0.0,0.9915284870767026,0.9915284870767026,0.004022014550871256,0.0,0.004022014550871256,0.004022014550871256,0.004022014550871256,0.0,0.004022014550871256,0.004022014550871256
13,header,high_density,random,0.01,20,120000,1,0.030388333333333333,0.07308613627274176,0.0,0.329675,0.01875875,0.0652707235861935,0.0,0.30185833333333334,0.0073504166666666666,0.02309541868877294,0.0,0.09795833333333333,0.059177423170956124,0.20590674913492002,0.0,0.9522595231210074,0.010761825746391578,0.03381425608097451,0.0,0.14342187137785045,0.03462317416045555,0.07791622186272158,0.0,0.3486705099547489,0.015313247211788433,0.08387613652366652,-0.12859078038698457,0.3486705099547489,-0.0037063799082198,0.024058318776848466,-0.058792449580835834,0.06990079525798992,0.9955505016275736,2.220446049250313e-16,0.9955505016275739,0.9955505016275739,0.9949949641299399,0.001290109987326819,0.9898138775330748,0.9955552878259575,0.0005555374976337124,0.0012901099873268186,-4.786198383621709e-06,0.005736624094499043,0.0005555374976337124,0.0012901099873268186,-4.786198383621709e-06,0.005736624094499043
13,header,high_density,random,0.05,20,120000,4,0.16197791666666667,0.19849863092997996,0.0002916666666666667,0.6498833333333334,0.07111125,0.11702077801835378,0.0,0.30185833333333334,0.07751208333333333,0.18831343859660252,0.0,0.6407583333333333,0.22433160703488525,0.3691604238334987,0.0,0.9522595231210074,0.11348629226095337,0.27571177305782385,0.0,0.9381413111113822,0.15406588514378716,0.16800858929104368,0.002200588135543023,0.5859606466815241,0.017258094286919733,0.22690326501658326,-0.5859606466815241,0.35369656752753975,-0.006703050710957252,0.04746725985658835,-0.09896462861963466,0.0722060825332978,0.9955505016275736,2.220446049250313e-16,0.9955505016275739,0.9955505016275739,0.9934970036908245,0.0020841869345898413,0.9876419464452184,0.9956024720697331,0.002053497936749338,0.0020841869345898413,-5.197044215921043e-05,0.007908555182355448,0.002053497936749338,0.0020841869345898413,-5.197044215921043e-05,0.007908555182355448
13,header,high_density,random,0.1,20,120000,8,0.35915291666666666,0.2628872621205582,0.009916666666666667,0.6642666666666667,0.03606541666666667,0.09082900070993448,0.0,0.30665,0.3111795833333333,0.28960828215639206,0.0,0.6551416666666666,0.1137740213990904,0.2865343485683676,0.0,0.9673755882120981,0.4556014445894999,0.4240186656918174,0.0,0.9592001073681385,0.3656462692917021,0.23024618941561004,0.030150724714853933,0.6412540155457304,-0.26553530676926285,0.34001656122225893,-0.6412540155457304,0.3565821636616137,0.0013065020285969217,0.07670619711480348,-0.14426976777240935,0.07505075943901798,0.9955505016275736,2.220446049250313e-16,0.9955505016275739,0.9955505016275739,0.9906167309508138,0.005024493614809229,0.973585080976878,0.9959976920324012,0.004933770676759935,0.005024493614809228,-0.00044719040482732453,0.021965420650695844,0.004933770676759935,0.005024493614809228,-0.00044719040482732453,0.021965420650695844
13,header,low_density,important,0.01,1,120001,1,0.1826984775126874,0.0,0.1826984775126874,0.1826984775126874,0.14764876959358672,0.0,0.14764876959358672,0.14764876959358672,0.0,0.0,0.0,0.0,0.3652743990434173,0.0,0.3652743990434173,0.3652743990434173,0.0,0.0,0.0,0.0,0.13793780933055924,0.0,0.13793780933055924,0.13793780933055924,0.13793780933055924,0.0,0.13793780933055924,0.13793780933055924,-0.03585360420733365,0.0,-0.03585360420733365,-0.03585360420733365,0.8878197268417665,0.0,0.8878197268417665,0.8878197268417665,0.7883375416908949,0.0,0.7883375416908949,0.7883375416908949,0.0994821851508716,0.0,0.0994821851508716,0.0994821851508716,0.0994821851508716,0.0,0.0994821851508716,0.0994821851508716
13,header,low_density,important,0.05,1,120001,4,0.37059691169240255,0.0,0.37059691169240255,0.37059691169240255,0.01999983333472221,0.0,0.01999983333472221,0.01999983333472221,0.2714560711994067,0.0,0.2714560711994067,0.2714560711994067,0.04947841504143817,0.0,0.04947841504143817,0.04947841504143817,0.4556262675711588,0.0,0.4556262675711588,0.4556262675711588,0.29623603077430616,0.0,0.29623603077430616,0.29623603077430616,-0.22761394669365143,0.0,-0.22761394669365143,-0.22761394669365143,-0.020488604094320215,0.0,-0.020488604094320215,-0.020488604094320215,0.8878197268417665,0.0,0.8878197268417665,0.8878197268417665,0.7259536423976071,0.0,0.7259536423976071,0.7259536423976071,0.1618660844441594,0.0,0.1618660844441594,0.1618660844441594,0.1618660844441594,0.0,0.1618660844441594,0.1618660844441594
13,header,low_density,important,0.1,1,120001,8,0.33876384363463635,0.0,0.33876384363463635,0.33876384363463635,0.236014699877501,0.0,0.236014699877501,0.236014699877501,0.020133165556953693,0.0,0.020133165556953693,0.020133165556953693,0.583886529501505,0.0,0.583886529501505,0.583886529501505,0.033792572907196304,0.0,0.033792572907196304,0.033792572907196304,0.2830320967972457,0.0,0.2830320967972457,0.2830320967972457,0.2527654958878161,0.0,0.2527654958878161,0.2527654958878161,0.015077370428886447,0.0,0.015077370428886447,0.015077370428886447,0.8878197268417665,0.0,0.8878197268417665,0.8878197268417665,0.7008128934957105,0.0,0.7008128934957105,0.7008128934957105,0.18700683334605595,0.0,0.18700683334605595,0.18700683334605595,0.18700683334605595,0.0,0.18700683334605595,0.18700683334605595
13,header,low_density,random,0.01,20,120001,1,0.057774935208873245,0.10436433896882209,4.999958333680553e-05,0.4079382671811068,0.02603769968583595,0.07112780625340881,0.0,0.3031724735627203,0.015431121407321603,0.04472503059334777,0.0,0.1912067399438338,0.06441574238238569,0.17596602231095762,0.0,0.7500309240094009,0.025900412616266872,0.0750688635041937,0.0,0.3209315336736835,0.051135846669313235,0.10112795751494322,7.138804927159489e-05,0.43474693376747725,0.019894732393957764,0.11156136530494992,-0.1916239850811268,0.43474693376747725,0.005769742868965783,0.0344449910179454,-0.03585360420733365,0.15108329691863415,0.8878197268417664,1.1102230246251565e-16,0.8878197268417665,0.8878197268417665,0.8808263990920224,0.0215306062400115,0.7883375416908949,0.8882705727593677,0.006993327749743916,0.0215306062400115,-0.00045084591760125026,0.0994821851508716,0.006993327749743916,0.0215306062400115,-0.00045084591760125026,0.0994821851508716
13,header,low_density,random,0.05,20,120001,4,0.21502529145590454,0.16196401771581417,0.004633294722543979,0.5188206764943626,0.08977258522845642,0.11472187781175007,0.0,0.30483912634061383,0.06817984850126249,0.12809475776609341,0.0,0.4344297130857243,0.22209211231600215,0.2838151993420983,0.0,0.7541541252628541,0.11443667389327927,0.21500103541071364,0.0,0.7291698720190223,0.19836008139458491,0.16141584488798644,0.003888130960186739,0.4727938830313307,0.054923067632421364,0.24822424556377273,-0.4727938830313307,0.4371615507146576,0.04100572855896464,0.06126522633513037,-0.035009354664458994,0.15212585751905702,0.8878197268417664,1.1102230246251565e-16,0.8878197268417665,0.8878197268417665,0.8678075167276637,0.03605840414948242,0.775330615269316,0.8921664352173095,0.020012210114102768,0.03605840414948242,-0.0043467083755430735,0.11248911157245045,0.020012210114102768,0.03605840414948242,-0.0043467083755430735,0.11248911157245045
13,header,low_density,random,0.1,20,120001,8,0.3969075257706186,0.16750292392697894,0.08043266306114116,0.5759452004566629,0.05045999616669862,0.10467556079614403,0.0,0.3165390288414263,0.26969650252914557,0.19832166466590578,0.0,0.49090424246464615,0.12483507194986185,0.25896120008036283,0.0,0.7830989980620954,0.4526729141898035,0.3328736006933822,0.0,0.8239597174627596,0.3655712664051506,0.16653339390916871,0.061988607951016184,0.5461920565637292,-0.21826250360521274,0.3359937075918531,-0.5461920565637292,0.4496885951555323,0.08728369921522042,0.06953612235865791,-0.03166556760125578,0.15928165625920113,0.8878197268417664,1.1102230246251565e-16,0.8878197268417665,0.8878197268417665,0.864498167335228,0.028509425075594362,0.7754735940996058,0.8891378213453835,0.023321559506538442,0.02850942507559436,-0.0013180945036170844,0.11234613274216065,0.023321559506538442,0.02850942507559436,-0.0013180945036170844,0.11234613274216065
13,header,mid_density,important,0.01,1,239999,1,0.26503443764349016,0.0,0.26503443764349016,0.26503443764349016,0.23810099208746704,0.0,0.23810099208746704,0.23810099208746704,0.0,0.0,0.0,0.0,0.372382783226353,0.0,0.372382783226353,0.372382783226353,0.0,0.0,0.0,0.0,0.2212369021544308,0.0,0.2212369021544308,0.2212369021544308,0.2212369021544308,0.0,0.2212369021544308,0.2212369021544308,-0.10915688683697981,0.0,-0.10915688683697981,-0.10915688683697981,0.9349103050053382,0.0,0.9349103050053382,0.9349103050053382,0.7989441660807147,0.0,0.7989441660807147,0.7989441660807147,0.1359661389246235,0.0,0.1359661389246235,0.1359661389246235,0.1359661389246235,0.0,0.1359661389246235,0.1359661389246235
13,header,mid_density,important,0.05,1,239999,4,0.2352718136325568,0.0,0.2352718136325568,0.2352718136325568,0.013333388889120371,0.0,0.013333388889120371,0.013333388889120371,0.16311734632227634,0.0,0.16311734632227634,0.16311734632227634,0.02085301880029976,0.0,0.02085301880029976,0.02085301880029976,0.4523479386208172,0.0,0.4523479386208172,0.4523479386208172,0.2215399604430229,0.0,0.2215399604430229,0.2215399604430229,-0.12266718785165368,0.0,-0.12266718785165368,-0.12266718785165368,-0.0028182682452413243,0.0,-0.0028182682452413243,-0.0028182682452413243,0.9349103050053382,0.0,0.9349103050053382,0.9349103050053382,0.7550034127123406,0.0,0.7550034127123406,0.7550034127123406,0.1799068922929976,0.0,0.1799068922929976,0.1799068922929976,0.1799068922929976,0.0,0.1799068922929976,0.1799068922929976
13,header,mid_density,important,0.1,1,239999,8,0.43267680282001175,0.0,0.43267680282001175,0.43267680282001175,0.36198900828753455,0.0,0.36198900828753455,0.36198900828753455,0.0006791694965395689,0.0,0.0006791694965395689,0.0006791694965395689,0.5661399107230133,0.0,0.5661399107230133,0.5661399107230133,0.0018834350157145498,0.0,0.0018834350157145498,0.0018834350157145498,0.3603778463457169,0.0,0.3603778463457169,0.3603778463457169,0.3519714799944925,0.0,0.3519714799944925,0.3519714799944925,0.009567275828389964,0.0,0.009567275828389964,0.009567275828389964,0.9349103050053382,0.0,0.9349103050053382,0.9349103050053382,0.7293901799772213,0.0,0.7293901799772213,0.7293901799772213,0.2055201250281169,0.0,0.2055201250281169,0.2055201250281169,0.2055201250281169,0.0,0.2055201250281169,0.2055201250281169
13,header,mid_density,random,0.01,20,239999,1,0.06701027920949672,0.15090059173728357,0.0,0.6592235800982504,0.04333788890787046,0.13118136568122044,0.0,0.5693232055133564,0.00986545777274072,0.02918891091211485,0.0,0.1272880303667932,0.06777915349776807,0.20516370650762256,0.0,0.8904043530676745,0.027358337955259753,0.08094506181822715,0.0,0.3529880754298392,0.062104827071715406,0.14354679332129622,0.0,0.6394660578647448,0.03731241229887102,0.1518896813706371,-0.14718092523468299,0.6394660578647448,0.001692188740903391,0.03954333079250807,-0.10915688683697981,0.1322029115917901,0.9349103050053383,1.1102230246251565e-16,0.9349103050053382,0.9349103050053382,0.9273350396872448,0.029538810297777524,0.7989441660807147,0.9367126990117243,0.00757526531809351,0.029538810297777517,-0.0018023940063860433,0.1359661389246235,0.00757526531809351,0.029538810297777517,-0.0018023940063860433,0.1359661389246235
13,header,mid_density,random,0.05,20,239999,4,0.2572269051121046,0.23097597547701018,0.001583339930583044,0.6670069458622744,0.16795194979979083,0.22309950739787004,0.0,0.5771065712773803,0.042001841674340304,0.07528473434398998,0.0,0.2439093496222901,0.2626717930337884,0.34892091281471066,0.0,0.9025773027923496,0.11647716768349045,0.2087754316627756,0.0,0.6763958217785173,0.23039844205462473,0.2130000184486998,0.0016183001413163452,0.6458359510836817,0.12901065137426154,0.28470009204672037,-0.30644181124345427,0.6458359510836817,0.024489725167609378,0.06920432346892937,-0.11351848201091995,0.13383542125769446,0.9349103050053383,1.1102230246251565e-16,0.9349103050053382,0.9349103050053382,0.9084668080279494,0.05309718547238099,0.7576315290233758,0.9357696686499671,0.026443496977388643,0.05309718547238099,-0.0008593636446289077,0.1772787759819624,0.026443496977388643,0.05309718547238099,-0.0008593636446289077,0.1772787759819624
13,header,mid_density,random,0.1,20,239999,8,0.2966047775199064,0.16330527437213607,0.0557543989766624,0.6738986412443385,0.08989162454843562,0.19270296805959702,0.0,0.583981599923333,0.15258501077087822,0.1072177050801944,0.0,0.27068446118525497,0.14058779446743347,0.3013816404244582,0.0,0.9133296406112541,0.42314025235718244,0.29733016733154893,0.0,0.7506470696986504,0.29343742241512233,0.15918890396458302,0.04784952602251142,0.6561340959287473,-0.08644679029200272,0.3210480325515077,-0.33989411444393464,0.6561340959287473,0.0855223893044617,0.060319106784406926,-0.019907338859824167,0.1442599485109389,0.9349103050053383,1.1102230246251565e-16,0.9349103050053382,0.9349103050053382,0.9138338677997664,0.031920397774872974,0.8043193770898551,0.9346654096189404,0.021076437205571775,0.031920397774872974,0.0002448953863978254,0.1305909279154831,0.021076437205571775,0.031920397774872974,0.0002448953863978254,0.1305909279154831
13,imports,high_density,important,0.01,1,177265,13,0.04963754830338758,0.0,0.04963754830338758,0.04963754830338758,0.0,0.0,0.0,0.0,0.04649536005415621,0.0,0.04649536005415621,0.04649536005415621,0.0,0.0,0.0,0.0,0.09989576515647347,0.0,0.09989576515647347,0.09989576515647347,0.04051877538250493,0.0,0.04051877538250493,0.04051877538250493,-0.03861535355905746,0.0,-0.03861535355905746,-0.03861535355905746,-0.0006996580104563423,0.0,-0.0006996580104563423,-0.0006996580104563423,0.8448814157627363,0.0,0.8448814157627363,0.8448814157627363,0.8100223061025661,0.0,0.8100223061025661,0.8100223061025661,0.03485910966017025,0.0,0.03485910966017025,0.03485910966017025,0.03485910966017025,0.0,0.03485910966017025,0.03485910966017025
13,imports,high_density,important,0.05,1,177265,65,0.0649874481708177,0.0,0.0649874481708177,0.0649874481708177,0.0,0.0,0.0,0.0,0.061721151947649,0.0,0.061721151947649,0.061721151947649,0.0,0.0,0.0,0.0,0.13260853756090465,0.0,0.13260853756090465,0.13260853756090465,0.08668463007946735,0.0,0.08668463007946735,0.08668463007946735,-0.0829235299896386,0.0,-0.0829235299896386,-0.0829235299896386,-0.04051686844540283,0.0,-0.04051686844540283,-0.04051686844540283,0.8448814157627363,0.0,0.8448814157627363,0.8448814157627363,0.788726434291634,0.0,0.788726434291634,0.788726434291634,0.056154981471102317,0.0,0.056154981471102317,0.056154981471102317,0.056154981471102317,0.0,0.056154981471102317,0.056154981471102317
13,imports,high_density,important,0.1,1,177265,129,0.10201111330493894,0.0,0.10201111330493894,0.10201111330493894,0.0024426705779482696,0.0,0.0024426705779482696,0.0024426705779482696,0.09627958141765154,0.0,0.09627958141765154,0.09627958141765154,0.004569486803364324,0.0,0.004569486803364324,0.004569486803364324,0.20685768307759436,0.0,0.20685768307759436,0.20685768307759436,0.08299475613442381,0.0,0.08299475613442381,0.08299475613442381,-0.07567264874644336,0.0,-0.07567264874644336,-0.07567264874644336,-0.03991803105737608,0.0,-0.03991803105737608,-0.03991803105737608,0.8448814157627363,0.0,0.8448814157627363,0.8448814157627363,0.7996861839583949,0.0,0.7996861839583949,0.7996861839583949,0.045195231804341485,0.0,0.045195231804341485,0.045195231804341485,0.045195231804341485,0.0,0.045195231804341485,0.045195231804341485
13,imports,high_density,random,0.01,20,177265,13,0.0075934335599244064,0.014120982469672345,0.0,0.06665726454742898,0.0031503680929681546,0.009373975917801484,0.0,0.043748060812907226,0.0002854483400558486,0.0006313069327783084,0.0,0.002341127690181367,0.005893371605863295,0.017535831330734605,0.0,0.08183919205563588,0.0006132887305165685,0.0013563695178404824,0.0,0.005029937216687271,0.0055198986277562884,0.007878009394632474,0.0009458445089049582,0.037374053273031414,0.0012151914383273627,0.009275025889774772,-0.014371227078246968,0.037374053273031414,-0.00026122117483296767,0.0014245659754724062,-0.002309374643365665,0.0027182937498702185,0.8448814157627365,1.1102230246251565e-16,0.8448814157627363,0.8448814157627363,0.846031446932102,0.0053867768748989305,0.8288279790533621,0.852045615183565,-0.0011500311693655395,0.0053867768748989305,-0.0071641994208286874,0.016053436709374203,-0.0011500311693655395,0.0053867768748989305,-0.0071641994208286874,0.016053436709374203
13,imports,high_density,random,0.05,20,177265,65,0.021793078159817226,0.0133345239448854,0.0018672608806024878,0.06208219332637577,0.006210475841254618,0.006513598591173821,0.0,0.02795250049361126,0.005758892054269032,0.012846848160722499,0.0,0.055408569091473216,0.011617893814835528,0.012184943427689478,0.0,0.05229054759970029,0.012373039536518556,0.027601587026525022,0.0,0.11904588757181296,0.01599754824709677,0.00915167959376499,0.0036144873653233185,0.048505862281521026,0.0020495040848575235,0.016516119901309193,-0.04820279133194375,0.02098944810206857,-0.002523069939959404,0.002983063308509934,-0.0063888515194837165,0.004052519977023247,0.8448814157627365,1.1102230246251565e-16,0.8448814157627363,0.8448814157627363,0.8420882479615137,0.011314764783737007,0.8039931919737353,0.8516215239714734,0.002793167801222651,0.011314764783737007,-0.00674010820873705,0.04088822378900103,0.002793167801222651,0.011314764783737007,-0.00674010820873705,0.04088822378900103
13,imports,high_density,random,0.1,20,177265,129,0.0391030378247257,0.021765253437946448,0.012162581445857896,0.0973344991961188,0.011727921473500127,0.013243667849308778,0.0,0.040498688404366344,0.016896454460835472,0.02120130049302574,0.0,0.09044086537105464,0.021939340854166888,0.02477483702136705,0.0,0.0757606137675577,0.036302208324243086,0.04555121484372297,0.0,0.19431314086248272,0.028445631127800075,0.014149857665078095,0.013460491198373751,0.06905598989324455,-0.003559241407607745,0.02696128669015315,-0.06905598989324455,0.04246615237307818,-0.0020087336478127674,0.005642109901093035,-0.011825552187704381,0.011993340450727759,0.8448814157627365,1.1102230246251565e-16,0.8448814157627363,0.8448814157627363,0.8258442176681922,0.027069369385124414,0.7485914820363776,0.8484741903278323,0.01903719809454425,0.027069369385124414,-0.003592774565095991,0.09628993372635875,0.01903719809454425,0.027069369385124414,-0.003592774565095991,0.09628993372635875
13,imports,low_density,important,0.01,1,120000,13,0.09180833333333334,0.0,0.09180833333333334,0.09180833333333334,0.0149,0.0,0.0149,0.0149,0.039825,0.0,0.039825,0.039825,0.020506233298544608,0.0,0.020506233298544608,0.020506233298544608,0.1456701313744018,0.0,0.1456701313744018,0.1456701313744018,0.08551118262860853,0.0,0.08551118262860853,0.08551118262860853,-0.04819034415669046,0.0,-0.04819034415669046,-0.04819034415669046,-0.002145909077888707,0.0,-0.002145909077888707,-0.002145909077888707,0.8749289343719614,0.0,0.8749289343719614,0.8749289343719614,0.8511857795239638,0.0,0.8511857795239638,0.8511857795239638,0.023743154847997605,0.0,0.023743154847997605,0.023743154847997605,0.023743154847997605,0.0,0.023743154847997605,0.023743154847997605
13,imports,low_density,important,0.05,1,120000,65,0.18325833333333333,0.0,0.18325833333333333,0.18325833333333333,0.049291666666666664,0.0,0.049291666666666664,0.049291666666666664,0.0849,0.0,0.0849,0.0849,0.06783801451951418,0.0,0.06783801451951418,0.06783801451951418,0.3105434815740543,0.0,0.3105434815740543,0.3105434815740543,0.16588628788342433,0.0,0.16588628788342433,0.16588628788342433,-0.048909271120266155,0.0,-0.048909271120266155,-0.048909271120266155,-0.020954350532797615,0.0,-0.020954350532797615,-0.020954350532797615,0.8749289343719614,0.0,0.8749289343719614,0.8749289343719614,0.7656465417366816,0.0,0.7656465417366816,0.7656465417366816,0.10928239263527983,0.0,0.10928239263527983,0.10928239263527983,0.10928239263527983,0.0,0.10928239263527983,0.10928239263527983
13,imports,low_density,important,0.1,1,120000,129,0.21675833333333333,0.0,0.21675833333333333,0.21675833333333333,0.092,0.0,0.092,0.092,0.07345,0.0,0.07345,0.07345,0.12661566868900026,0.0,0.12661566868900026,0.12661566868900026,0.2686621757551742,0.0,0.2686621757551742,0.2686621757551742,0.19547284078751004,0.0,0.19547284078751004,0.19547284078751004,0.012223609321649296,0.0,0.012223609321649296,0.012223609321649296,-0.05491274356698928,0.0,-0.05491274356698928,-0.05491274356698928,0.8749289343719614,0.0,0.8749289343719614,0.8749289343719614,0.7345391691292846,0.0,0.7345391691292846,0.7345391691292846,0.14038976524267677,0.0,0.14038976524267677,0.14038976524267677,0.14038976524267677,0.0,0.14038976524267677,0.14038976524267677
13,imports,low_density,random,0.01,20,120000,13,0.02698583333333333,0.030987383644620416,0.010883333333333333,0.159,0.011805000000000001,0.023571961834396013,7.5e-05,0.11334166666666666,0.004162916666666667,0.0041220026778726005,0.0,0.015083333333333334,0.016246717052974435,0.032441083804061355,0.00010321929512690238,0.15598729255788882,0.015226933276434906,0.015077279889801325,0.0,0.055171152497942515,0.02491546322751757,0.02848910715664252,0.010766913232165142,0.14616601223277134,0.007240110629887336,0.03418363510904137,-0.03125393407668412,0.14616601223277134,-0.000985188597723993,0.003523283949474398,-0.010404511315515064,0.007054529679620697,0.8749289343719614,0.0,0.8749289343719614,0.8749289343719614,0.8730035203228607,0.001418887226603031,0.8707007960398043,0.8760423990198207,0.0019254140491006156,0.0014188872266030312,-0.0011134646478593302,0.004228138332157072,0.0019254140491006156,0.0014188872266030312,-0.0011134646478593302,0.004228138332157072
13,imports,low_density,random,0.05,20,120000,65,0.06283625000000001,0.025129226465274563,0.0303,0.10865,0.02552375,0.021999676808705626,0.0034333333333333334,0.07506666666666667,0.01288125,0.015192005818805202,0.0006,0.053375,0.03512724645327034,0.030277215109523407,0.004725149954698199,0.10331104561145964,0.047116469046240145,0.05556864993009493,0.0021946535800286522,0.1952327247233822,0.05817833144511296,0.022847379703448453,0.028821021989862257,0.10071866577401127,0.010284031010960763,0.048791143610041394,-0.0838707835378001,0.09407514097426438,-0.0028240864474270606,0.008222086729473568,-0.019075447777352865,0.016604966734675146,0.8749289343719614,0.0,0.8749289343719614,0.8749289343719614,0.867083969869304,0.004410884672570552,0.8551029056813462,0.8744933307192029,0.007844964502657458,0.004410884672570552,0.00043560365275852053,0.019826028690615227,0.007844964502657458,0.004410884672570552,0.00043560365275852053,0.019826028690615227
13,imports,low_density,random,0.1,20,120000,129,0.10041208333333333,0.036818721694098784,0.067025,0.19399166666666667,0.03650958333333334,0.039494874164162815,0.0008,0.14053333333333334,0.026042500000000003,0.024498135118934165,0.00028333333333333335,0.07971666666666667,0.050246579427247605,0.05435510763134125,0.001101005814686959,0.19341002144667577,0.09525710976316029,0.08960819990465754,0.0010363641905690858,0.29158411314658456,0.09416552867498883,0.034740270113037354,0.06327310731454723,0.1804046225576324,0.0013730706079163857,0.08333475308309551,-0.13485642920963703,0.16798618423087652,-0.0012563071866421225,0.014833690942888831,-0.019504485792717168,0.032028186018969514,0.8749289343719614,0.0,0.8749289343719614,0.8749289343719614,0.859486867200026,0.007047601925176356,0.8401779181645366,0.8729600950893777,0.015442067171935265,0.007047601925176356,0.001968839282583734,0.03475101620742482,0.015442067171935265,0.007047601925176356,0.001968839282583734,0.03475101620742482
13,imports,mid_density,important,0.01,1,182735,13,0.11761840917175144,0.0,0.11761840917175144,0.11761840917175144,0.00728377158179878,0.0,0.00728377158179878,0.00728377158179878,0.081686595342983,0.0,0.081686595342983,0.081686595342983,0.022929299889746416,0.0,0.022929299889746416,0.022929299889746416,0.1197157682837826,0.0,0.1197157682837826,0.1197157682837826,0.11130043368091173,0.0,0.11130043368091173,0.11130043368091173,-0.08061290019984639,0.0,-0.08061290019984639,-0.08061290019984639,-0.013928388243817164,0.0,-0.013928388243817164,-0.013928388243817164,0.9434019627760923,0.0,0.9434019627760923,0.9434019627760923,0.9176443687374664,0.0,0.9176443687374664,0.9176443687374664,0.025757594038625986,0.0,0.025757594038625986,0.025757594038625986,0.025757594038625986,0.0,0.025757594038625986,0.025757594038625986
13,imports,mid_density,important,0.05,1,182735,65,0.24629107724300217,0.0,0.24629107724300217,0.24629107724300217,0.020116562234930364,0.0,0.020116562234930364,0.020116562234930364,0.1857881631871289,0.0,0.1857881631871289,0.1857881631871289,0.06332690187431092,0.0,0.06332690187431092,0.06332690187431092,0.27228179361120247,0.0,0.27228179361120247,0.27228179361120247,0.21524734718770402,0.0,0.21524734718770402,0.21524734718770402,-0.1509639565629033,0.0,-0.1509639565629033,-0.1509639565629033,-0.06793471123405474,0.0,-0.06793471123405474,-0.06793471123405474,0.9434019627760923,0.0,0.9434019627760923,0.9434019627760923,0.85846978902979,0.0,0.85846978902979,0.85846978902979,0.08493217374630235,0.0,0.08493217374630235,0.08493217374630235,0.08493217374630235,0.0,0.08493217374630235,0.08493217374630235
13,imports,mid_density,important,0.1,1,182735,129,0.2883027334664952,0.0,0.2883027334664952,0.2883027334664952,0.050565025857115496,0.0,0.050565025857115496,0.050565025857115496,0.18628067967275017,0.0,0.18628067967275017,0.18628067967275017,0.15917861080485116,0.0,0.15917861080485116,0.15917861080485116,0.27300360101694643,0.0,0.27300360101694643,0.27300360101694643,0.22672119822544554,0.0,0.22672119822544554,0.22672119822544554,-0.11013104262888805,0.0,-0.11013104262888805,-0.11013104262888805,-0.10587985656498895,0.0,-0.10587985656498895,-0.10587985656498895,0.9434019627760923,0.0,0.9434019627760923,0.9434019627760923,0.8097754771332202,0.0,0.8097754771332202,0.8097754771332202,0.13362648564287216,0.0,0.13362648564287216,0.13362648564287216,0.13362648564287216,0.0,0.13362648564287216,0.13362648564287216
13,imports,mid_density,random,0.01,20,182735,13,0.026721755547650966,0.03362702394565515,0.006309683421347853,0.16330752182121652,0.006780857525925522,0.01850527168617602,0.0,0.08699482857690098,0.008007223575122444,0.010238225485985866,0.0,0.04424987003037185,0.021346127342888644,0.05825456211365379,0.0,0.2738595644983462,0.011734984400939955,0.015004628663626741,0.0,0.06485038536495384,0.021907114351111458,0.027408149852010993,0.007920203197310682,0.13595567406177841,0.00396081299786651,0.032827064665137864,-0.04212549999952451,0.13595567406177841,0.000638851865904202,0.005525520030546755,-0.0046784411559532306,0.02234716430298388,0.9434019627760926,2.220446049250313e-16,0.9434019627760923,0.9434019627760923,0.9415618741439922,0.002171444135047086,0.9343192154422589,0.9436512707533004,0.0018400886321001952,0.002171444135047086,-0.0002493079772080131,0.009082747333833407,0.0018400886321001952,0.002171444135047086,-0.0002493079772080131,0.009082747333833407
13,imports,mid_density,random,0.05,20,182735,65,0.0680873943141708,0.031103086881952603,0.029321148110652038,0.1503762278709607,0.018496456617506225,0.017574680364869335,0.0006621610528907982,0.06552658220921005,0.020715243385229974,0.030424887222677582,9.850329712425096e-05,0.11384244944865515,0.05822681229327453,0.055325062301447035,0.002084481808158765,0.20627756339581035,0.03035921948559192,0.04458918545346339,0.00014436148114879658,0.16684177179657864,0.057023504297968555,0.027331575537908905,0.026026453132362168,0.13253447392031306,0.0060906802998240495,0.05261599653700001,-0.11474525260981375,0.09131961131920564,-0.0011855320023376734,0.003005997270162735,-0.00598481044243746,0.006516272786399979,0.9434019627760926,2.220446049250313e-16,0.9434019627760923,0.9434019627760923,0.9344449683857885,0.005451433785945878,0.9202157864814996,0.9405677563587248,0.008956994390303962,0.005451433785945879,0.002834206417367535,0.023186176294592742,0.008956994390303962,0.005451433785945879,0.002834206417367535,0.023186176294592742
13,imports,mid_density,random,0.1,20,182735,129,0.11196842422086628,0.04159242420866853,0.05436287520179495,0.20836730785016555,0.0247084576025392,0.027983040722787813,0.000273620269789586,0.09684515828932608,0.05055298656524475,0.04661782525309071,0.0010507018359920102,0.17471748707144225,0.07778218026460859,0.08809056206034027,0.0008613561190738699,0.3048683847850055,0.07408791614201962,0.06832074151774868,0.001539855798920497,0.2560571671465349,0.09666031923420043,0.03740368414427782,0.05042930712686728,0.1849660094702601,-0.018807216982690757,0.08279133254493691,-0.1840513499343513,0.11698293897117837,-0.0001956798993458059,0.009075243204431467,-0.01775955936244589,0.015893003337607344,0.9434019627760926,2.220446049250313e-16,0.9434019627760923,0.9434019627760923,0.9231470238708983,0.011546954387384433,0.878019516284985,0.9346361758006326,0.02025493890519394,0.011546954387384433,0.00876578697545971,0.06538244649110736,0.02025493890519394,0.011546954387384433,0.00876578697545971,0.06538244649110736
42,header,high_density,important,0.01,1,120001,1,0.008508262431146408,0.0,0.008508262431146408,0.008508262431146408,0.006108282430979742,0.0,0.006108282430979742,0.006108282430979742,0.0,0.0,0.0,0.0,0.019274257165395742,0.0,0.019274257165395742,0.019274257165395742,0.0,0.0,0.0,0.0,0.05427917843129396,0.0,0.05427917843129396,0.05427917843129396,0.05427917843129396,0.0,0.05427917843129396,0.05427917843129396,-0.051333175813535865,0.0,-0.051333175813535865,-0.051333175813535865,0.9967795648424792,0.0,0.9967795648424792,0.9967795648424792,0.99474046481803,0.0,0.99474046481803,0.99474046481803,0.002039100024449181,0.0,0.002039100024449181,0.002039100024449181,0.002039100024449181,0.0,0.002039100024449181,0.002039100024449181
42,header,high_density,important,0.05,1,120001,4,0.018533178890175916,0.0,0.018533178890175916,0.018533178890175916,0.011824901459154507,0.0,0.011824901459154507,0.011824901459154507,0.001433321388988425,0.0,0.001433321388988425,0.001433321388988425,0.037312647909545096,0.0,0.037312647909545096,0.037312647909545096,0.002098303058398702,0.0,0.002098303058398702,0.002098303058398702,0.09315712071746436,0.0,0.09315712071746436,0.09315712071746436,0.052229583425109694,0.0,0.052229583425109694,0.052229583425109694,-0.08138406030620363,0.0,-0.08138406030620363,-0.08138406030620363,0.9967795648424792,0.0,0.9967795648424792,0.9967795648424792,0.9882183399372019,0.0,0.9882183399372019,0.9882183399372019,0.008561224905277331,0.0,0.008561224905277331,0.008561224905277331,0.008561224905277331,0.0,0.008561224905277331,0.008561224905277331
42,header,high_density,important,0.1,1,120001,8,0.6511612403229973,0.0,0.6511612403229973,0.6511612403229973,0.0,0.0,0.0,0.0,0.6431696402529979,0.0,0.6431696402529979,0.6431696402529979,0.0,0.0,0.0,0.0,0.9415646997108733,0.0,0.9415646997108733,0.9415646997108733,0.6209524119629396,0.0,0.6209524119629396,0.6209524119629396,-0.6209515218655347,0.0,-0.6209515218655347,-0.6209515218655347,0.06736616834787584,0.0,0.06736616834787584,0.06736616834787584,0.9967795648424792,0.0,0.9967795648424792,0.9967795648424792,0.9906487664761079,0.0,0.9906487664761079,0.9906487664761079,0.006130798366371315,0.0,0.006130798366371315,0.006130798366371315,0.006130798366371315,0.0,0.006130798366371315,0.006130798366371315
42,header,high_density,random,0.01,20,120001,1,0.09458962841976316,0.1895734633782504,0.0,0.6511195740035499,0.003212889892584228,0.009942833198595919,0.0,0.04404963291972567,0.08663844467962767,0.18906108115942868,0.0,0.6431279739335506,0.010138048908756244,0.03137391340164893,0.0,0.13899552984485933,0.1268338802747313,0.2767749423602566,0.0,0.9415037025289431,0.10745474556115184,0.18261475635949487,2.0935905667268733e-10,0.6241139904594851,-0.0926999753214376,0.1905292265224798,-0.6241139904594851,0.08826044070800187,-0.010670362733009874,0.044650687344276185,-0.12537840871252318,0.07055663653136808,0.9967795648424793,1.1102230246251565e-16,0.9967795648424792,0.9967795648424792,0.9961565616160252,0.001169229562942246,0.9926969313907258,0.996929159188123,0.0006230032264541608,0.001169229562942246,-0.0001495943456437665,0.004082633451753415,0.0006230032264541608,0.001169229562942246,-0.0001495943456437665,0.004082633451753415
42,header,high_density,random,0.05,20,120001,4,0.1739210506579112,0.23915471733475047,0.0021249822918142348,0.6481529320588995,0.012977808518262348,0.021026924894513462,0.0,0.06188281764318631,0.15105415788201765,0.24692978939556548,0.0,0.6401613319889001,0.040950565343150135,0.0663489880164741,0.0,0.19526689455692875,0.2211349135669932,0.36149152331016154,0.0,0.9371607031755133,0.1856057062217012,0.21341994846738518,0.0027213003665130316,0.6204245200037651,-0.12650517675887424,0.25278592645236864,-0.6204245200037651,0.16597238255392593,-0.009757446554571557,0.04292624620039327,-0.12734824405121514,0.06866439178874316,0.9967795648424793,1.1102230246251565e-16,0.9967795648424792,0.9967795648424792,0.9953768216155586,0.0017019429882746333,0.9923567427450958,0.9974736191037566,0.0014027432269204999,0.0017019429882746335,-0.0006940542612774436,0.004422822097383428,0.0014027432269204999,0.0017019429882746335,-0.0006940542612774436,0.004422822097383428
42,header,high_density,random,0.1,20,120001,8,0.28825134790543416,0.25937004779784073,0.002399980000166665,0.6511195740035499,0.05679327672269398,0.10560424300808506,0.0,0.3031724735627203,0.21887067607769936,0.28614762664972604,0.0,0.6431279739335506,0.17920720483828556,0.3332267884620882,0.0,0.9566394951354195,0.3204145368483976,0.4189042630392917,0.0,0.9415037025289431,0.28566162008211327,0.22322717511749038,0.006381216191159765,0.6240821426285397,-0.12971751883418442,0.3383547028992155,-0.6240821426285397,0.3470054613859494,-0.0012715601713966136,0.06525574594227894,-0.18969782707290014,0.07052596215972992,0.9967795648424793,1.1102230246251565e-16,0.9967795648424792,0.9967795648424792,0.9942182467476867,0.002066027385112847,0.9907648279297406,0.9966966660954883,0.002561318094792647,0.002066027385112847,8.289874699085598e-05,0.006014736912738572,0.002561318094792647,0.002066027385112847,8.289874699085598e-05,0.006014736912738572
42,header,low_density,important,0.01,1,120000,1,0.18348333333333333,0.0,0.18348333333333333,0.18348333333333333,0.147675,0.0,0.147675,0.147675,0.0,0.0,0.0,0.0,0.36051999837246207,0.0,0.36051999837246207,0.36051999837246207,0.0,0.0,0.0,0.0,0.13922026688356154,0.0,0.13922026688356154,0.13922026688356154,0.13922026688356154,0.0,0.13922026688356154,0.13922026688356154,-0.03775566385484225,0.0,-0.03775566385484225,-0.03775566385484225,0.8863145694380778,0.0,0.8863145694380778,0.8863145694380778,0.7844080920972367,0.0,0.7844080920972367,0.7844080920972367,0.10190647734084113,0.0,0.10190647734084113,0.10190647734084113,0.10190647734084113,0.0,0.10190647734084113,0.10190647734084113
42,header,low_density,important,0.05,1,120000,4,0.2629,0.0,0.2629,0.2629,0.159525,0.0,0.159525,0.159525,0.050491666666666664,0.0,0.050491666666666664,0.050491666666666664,0.38944948529112583,0.0,0.38944948529112583,0.38944948529112583,0.08552352990994551,0.0,0.08552352990994551,0.08552352990994551,0.2054222175387615,0.0,0.2054222175387615,0.2054222175387615,0.09973311211210117,0.0,0.09973311211210117,0.09973311211210117,-0.058845020534663596,0.0,-0.058845020534663596,-0.058845020534663596,0.8863145694380778,0.0,0.8863145694380778,0.8863145694380778,0.7062847085816253,0.0,0.7062847085816253,0.7062847085816253,0.18002986085645256,0.0,0.18002986085645256,0.18002986085645256,0.18002986085645256,0.0,0.18002986085645256,0.18002986085645256
42,header,low_density,important,0.1,1,120000,8,0.55645,0.0,0.55645,0.55645,0.0005583333333333333,0.0,0.0005583333333333333,0.0005583333333333333,0.472425,0.0,0.472425,0.472425,0.001363063026406803,0.0,0.001363063026406803,0.001363063026406803,0.8002004347457866,0.0,0.8002004347457866,0.8002004347457866,0.5230973402015439,0.0,0.5230973402015439,0.5230973402015439,-0.5218986976482292,0.0,-0.5218986976482292,-0.5218986976482292,0.1538916153557963,0.0,0.1538916153557963,0.1538916153557963,0.8863145694380778,0.0,0.8863145694380778,0.8863145694380778,0.6900888290295824,0.0,0.6900888290295824,0.6900888290295824,0.1962257404084955,0.0,0.1962257404084955,0.1962257404084955,0.1962257404084955,0.0,0.1962257404084955,0.1962257404084955
42,header,low_density,random,0.01,20,120000,1,0.13711625,0.17386520366354302,0.00011666666666666667,0.5551166666666667,0.00898375,0.026835236018852154,0.0,0.12215833333333333,0.09565125,0.14819784091045604,0.0,0.4717,0.021932090979370957,0.06551304720393578,0.0,0.2982259836432437,0.16201549840499113,0.2510196893156243,0.0,0.7989724190497699,0.1186881444774078,0.15841261846481,0.0001986459395397503,0.5252826936334072,-0.08498731494096447,0.17876965522004237,-0.5252826936334072,0.21421551498216776,0.021600786924575423,0.0444327014964272,-0.004042396690400405,0.15583935749254232,0.8863145694380778,0.0,0.8863145694380778,0.8863145694380778,0.8814225898559096,0.014173510448103608,0.8226651903313629,0.8926543854939215,0.004891979582168316,0.014173510448103608,-0.006339816055843661,0.06364937910671498,0.004891979582168316,0.014173510448103608,-0.006339816055843661,0.06364937910671498
42,header,low_density,random,0.05,20,120000,4,0.23674416666666662,0.1793028495060026,0.013258333333333334,0.5489,0.040724583333333335,0.07829496305261101,0.0,0.23653333333333335,0.13799083333333334,0.16957971246953452,0.0,0.4654583333333333,0.09942120681938399,0.1911420345508671,0.0,0.577450461813891,0.23373090929622,0.2872366188118474,0.0,0.788400191965672,0.21071527793852382,0.16698669167624908,0.011309762440027703,0.5178649488068462,-0.08759624698959122,0.2532735602211692,-0.5178649488068462,0.32783374747485344,0.041042226859338185,0.05388239856027358,-0.014140608937710757,0.15373375366272637,0.8863145694380778,0.0,0.8863145694380778,0.8863145694380778,0.8791728934324208,0.01905606352981391,0.821691831795734,0.8938232587558895,0.00714167600565716,0.01905606352981391,-0.007508689317811679,0.06462273764234383,0.00714167600565716,0.01905606352981391,-0.007508689317811679,0.06462273764234383
42,header,low_density,random,0.1,20,120000,8,0.33090833333333336,0.18206150877977106,0.012108333333333334,0.5568333333333333,0.08857208333333333,0.12180123383779708,0.0,0.31038333333333334,0.1675670833333333,0.199560503660805,0.0,0.47336666666666666,0.21623163933759204,0.2973541941761738,0.0,0.7577409773365341,0.28382759788837764,0.33801852524202636,0.0,0.8017954436383141,0.30996925093273986,0.1738988718968872,0.01053156189891776,0.5263831508478028,-0.053413666859942574,0.349849974193205,-0.5263831508478028,0.4422023844084116,0.08005828302132724,0.06201868992206652,-0.013179381218314218,0.15593966901956885,0.8863145694380778,0.0,0.8863145694380778,0.8863145694380778,0.8684408471839242,0.025056559078934247,0.814840811898242,0.8918891690252587,0.017873722254153547,0.025056559078934247,-0.005574599587180873,0.07147375753983587,0.017873722254153547,0.025056559078934247,-0.005574599587180873,0.07147375753983587
42,header,mid_density,important,0.01,1,239999,1,0.23983433264305268,0.0,0.23983433264305268,0.23983433264305268,0.2139550581460756,0.0,0.2139550581460756,0.2139550581460756,0.0,0.0,0.0,0.0,0.3360184797403413,0.0,0.3360184797403413,0.3360184797403413,0.0,0.0,0.0,0.0,0.20658994801078986,0.0,0.20658994801078986,0.20658994801078986,0.20658994801078986,0.0,0.20658994801078986,0.20658994801078986,-0.10631510415062277,0.0,-0.10631510415062277,-0.10631510415062277,0.9331906291083484,0.0,0.9331906291083484,0.9331906291083484,0.804867057178343,0.0,0.804867057178343,0.804867057178343,0.12832357193000543,0.0,0.12832357193000543,0.12832357193000543,0.12832357193000543,0.0,0.12832357193000543,0.12832357193000543
42,header,mid_density,important,0.05,1,239999,4,0.29610123375514064,0.0,0.29610123375514064,0.29610123375514064,0.2370926545527273,0.0,0.2370926545527273,0.2370926545527273,0.02237925991358297,0.0,0.02237925991358297,0.02237925991358297,0.372356297769867,0.0,0.372356297769867,0.372356297769867,0.06160604705045709,0.0,0.06160604705045709,0.06160604705045709,0.260745654092699,0.0,0.260745654092699,0.260745654092699,0.21344039545864169,0.0,0.21344039545864169,0.21344039545864169,-0.1299955713170141,0.0,-0.1299955713170141,-0.1299955713170141,0.9331906291083484,0.0,0.9331906291083484,0.9331906291083484,0.7529813657375096,0.0,0.7529813657375096,0.7529813657375096,0.18020926337083876,0.0,0.18020926337083876,0.18020926337083876,0.18020926337083876,0.0,0.18020926337083876,0.18020926337083876
42,header,mid_density,important,0.1,1,239999,8,0.3053679390330793,0.0,0.3053679390330793,0.3053679390330793,0.0,0.0,0.0,0.0,0.25354688977870743,0.0,0.25354688977870743,0.25354688977870743,0.0,0.0,0.0,0.0,0.697968640675361,0.0,0.697968640675361,0.697968640675361,0.31992912491499087,0.0,0.31992912491499087,0.31992912491499087,-0.31987122090619513,0.0,-0.31987122090619513,-0.31987122090619513,0.13992710998932562,0.0,0.13992710998932562,0.13992710998932562,0.9331906291083484,0.0,0.9331906291083484,0.9331906291083484,0.7284427270966037,0.0,0.7284427270966037,0.7284427270966037,0.20474790201174464,0.0,0.20474790201174464,0.20474790201174464,0.20474790201174464,0.0,0.20474790201174464,0.20474790201174464
42,header,mid_density,random,0.01,20,239999,1,0.09329663873599472,0.10759253597455,0.0,0.30542210592544133,0.011486297859574415,0.03552193401923205,0.0,0.1627131779715749,0.05845941024754271,0.08627094454200511,0.0,0.25360105667106947,0.01803934143021673,0.05578753954220547,0.0,0.25554261333891737,0.16092816260050696,0.23748827660365762,0.0,0.6981177523140979,0.0893840687076409,0.10725028662577137,1.3872425200623155e-07,0.3221257553233975,-0.05436639428595452,0.12859405465411888,-0.3221257553233975,0.23415302951160527,0.022681005576800653,0.04485584952118241,-0.027942819813612713,0.1424089969198818,0.9331906291083485,1.1102230246251565e-16,0.9331906291083484,0.9331906291083484,0.9301020077901281,0.008421594973205026,0.8945631182389387,0.9336129884135287,0.0030886213182202914,0.008421594973205026,-0.00042235930518030873,0.03862751086940963,0.0030886213182202914,0.008421594973205026,-0.00042235930518030873,0.03862751086940963
42,header,mid_density,random,0.05,20,239999,4,0.1920516335484731,0.1426122120932515,0.011341713923808016,0.46693944558102324,0.06279567831532631,0.12253302565443312,0.0,0.37318905495439564,0.08415035062646095,0.0987377458271042,0.0,0.25334272226134275,0.09862121767354201,0.19243929708956062,0.0,0.5860970055491571,0.23165066584081756,0.27180712135117147,0.0,0.6974066044985835,0.1773539609756743,0.1333297015643517,0.008338732354299865,0.4134829043045289,-0.030009908714283422,0.21925059056423427,-0.3204106556369915,0.4134829043045289,0.0297705157354201,0.05717960442924152,-0.022330099756769216,0.14097614803082062,0.9331906291083485,1.1102230246251565e-16,0.9331906291083484,0.9331906291083484,0.9259634697750645,0.012501508375533205,0.8869304726861165,0.9350913153731599,0.007227159333284011,0.012501508375533205,-0.0019006862648115463,0.04626015642223191,0.007227159333284011,0.012501508375533205,-0.0019006862648115463,0.04626015642223191
42,header,mid_density,random,0.1,20,239999,8,0.3069902374593227,0.19959682025391035,0.011987549948124784,0.650840211834216,0.15183104929603872,0.2163717267464869,0.0,0.556348151450631,0.09736290567877366,0.11258219685213368,0.0,0.2537552239800999,0.23845212543189195,0.33981388105584565,0.0,0.873750130876348,0.2680224355665669,0.30991838617981976,0.0,0.6985421469781953,0.2887940121601737,0.18427819326095402,0.008700521423271842,0.6314980604219126,0.04994482035411724,0.33774821497301283,-0.32221642145079016,0.6314980604219126,0.06138830010375072,0.06155316224538397,-0.01658867941034323,0.14237310771878123,0.9331906291083485,1.1102230246251565e-16,0.9331906291083484,0.9331906291083484,0.915623973544337,0.02495270889676351,0.8269194085269834,0.9322626793900064,0.017566655564011574,0.024952708896763515,0.0009279497183419805,0.10627122058136496,0.017566655564011574,0.024952708896763515,0.0009279497183419805,0.10627122058136496
42,imports,high_density,important,0.01,1,181860,13,0.04802045529528209,0.0,0.04802045529528209,0.04802045529528209,0.0,0.0,0.0,0.0,0.04480369515011547,0.0,0.04480369515011547,0.04480369515011547,0.0,0.0,0.0,0.0,0.09406820753192177,0.0,0.09406820753192177,0.09406820753192177,0.028172211459665968,0.0,0.028172211459665968,0.028172211459665968,-0.02604362093403748,0.0,-0.02604362093403748,-0.02604362093403748,-0.0025702494513473433,0.0,-0.0025702494513473433,-0.0025702494513473433,0.8373763714236285,0.0,0.8373763714236285,0.8373763714236285,0.8145461267621887,0.0,0.8145461267621887,0.8145461267621887,0.02283024466143979,0.0,0.02283024466143979,0.02283024466143979,0.02283024466143979,0.0,0.02283024466143979,0.02283024466143979
42,imports,high_density,important,0.05,1,181860,65,0.16493456505003848,0.0,0.16493456505003848,0.16493456505003848,0.0,0.0,0.0,0.0,0.1616793137578357,0.0,0.1616793137578357,0.1616793137578357,0.0,0.0,0.0,0.0,0.33945600221662936,0.0,0.33945600221662936,0.33945600221662936,0.14014094702301594,0.0,0.14014094702301594,0.14014094702301594,-0.13877072088947615,0.0,-0.13877072088947615,-0.13877072088947615,-0.0613512795992652,0.0,-0.0613512795992652,-0.0613512795992652,0.8373763714236285,0.0,0.8373763714236285,0.8373763714236285,0.7010067406615671,0.0,0.7010067406615671,0.7010067406615671,0.13636963076206143,0.0,0.13636963076206143,0.13636963076206143,0.13636963076206143,0.0,0.13636963076206143,0.13636963076206143
42,imports,high_density,important,0.1,1,181860,129,0.19546904212031233,0.0,0.19546904212031233,0.19546904212031233,0.0,0.0,0.0,0.0,0.19221379082810955,0.0,0.19221379082810955,0.19221379082810955,0.0,0.0,0.0,0.0,0.40356507885197074,0.0,0.40356507885197074,0.40356507885197074,0.17221728185373983,0.0,0.17221728185373983,0.17221728185373983,-0.16645085599184836,0.0,-0.16645085599184836,-0.16645085599184836,-0.06553382438556503,0.0,-0.06553382438556503,-0.06553382438556503,0.8373763714236285,0.0,0.8373763714236285,0.8373763714236285,0.6555522774802696,0.0,0.6555522774802696,0.6555522774802696,0.18182409394335897,0.0,0.18182409394335897,0.18182409394335897,0.18182409394335897,0.0,0.18182409394335897,0.18182409394335897
42,imports,high_density,random,0.01,20,181860,13,0.01040305729682173,0.017380615919600727,0.0,0.060502584405586715,0.004326129990102277,0.010666727698842467,0.0,0.03641262509622787,0.0018772682283074893,0.003964406018769872,0.0,0.015297481579236775,0.00826053631801096,0.020367601471110337,0.0,0.06952814934587682,0.00394144404165416,0.008323522576987335,0.0,0.032118035512249184,0.007939583140573256,0.009884009677174054,0.000409563501076058,0.03684234647029671,0.003453849036127848,0.011947525072796636,-0.016045368595496472,0.03684234647029671,-0.0005701229099031107,0.0019830995634438882,-0.005920296451232319,0.0028183875397287937,0.8373763714236284,1.1102230246251565e-16,0.8373763714236285,0.8373763714236285,0.8435218260948666,0.009410489851760842,0.8288527444497936,0.8556285009754394,-0.006145454671238043,0.009410489851760842,-0.01825212955181088,0.008523626973834908,-0.006145454671238043,0.009410489851760842,-0.01825212955181088,0.008523626973834908
42,imports,high_density,random,0.05,20,181860,65,0.017179973606070605,0.023354286261692735,0.0,0.06805784669526009,0.008599472121412075,0.014999672922571957,0.0,0.04392389750357418,0.0022855493236555594,0.004096495893563987,0.0,0.01498405366765644,0.016420276768652486,0.028641151148641738,0.0,0.08387056130698642,0.00479865616846383,0.008600853670178791,0.0,0.03145997367752661,0.016265777123115437,0.014177448475126659,0.004111994376945719,0.052450129883998914,0.008416272271072316,0.01858968861927493,-0.010794823206763336,0.052450129883998914,-0.0009743962236238565,0.004787326302839726,-0.010739615598877993,0.010814243893332081,0.8373763714236284,1.1102230246251565e-16,0.8373763714236285,0.8373763714236285,0.8396472439878064,0.011663764767546905,0.8171144274340609,0.8541441721852715,-0.002270872564177995,0.011663764767546906,-0.01676780076164297,0.0202619439895676,-0.002270872564177995,0.011663764767546906,-0.01676780076164297,0.0202619439895676
42,imports,high_density,random,0.1,20,181860,129,0.021671340591663917,0.01715233027314419,0.00045639502914329705,0.0701363686352139,0.006965797866490707,0.011379865850257841,0.0,0.03863411415374464,0.0062031232816452215,0.006709767811795679,0.0,0.02233586275156714,0.013300854664958736,0.021729304335565098,0.0,0.07376997543100733,0.013023851855272574,0.014087584269472422,0.0,0.04689556443233508,0.01841416889355348,0.009246064462926747,0.006352980867332852,0.04364432675628717,0.00411935802067934,0.014950179301559731,-0.01714338306621923,0.043500555198349174,-0.0024041362307621592,0.00499202967433538,-0.01039099212329637,0.00828844499959698,0.8373763714236284,1.1102230246251565e-16,0.8373763714236285,0.8373763714236285,0.8398488070850417,0.014727542637940835,0.8153574567593366,0.857069169118325,-0.0024724356614131194,0.014727542637940835,-0.01969279769469645,0.022018914664291955,-0.0024724356614131194,0.014727542637940835,-0.01969279769469645,0.022018914664291955
42,imports,low_density,important,0.01,1,120000,13,0.095175,0.0,0.095175,0.095175,0.042958333333333334,0.0,0.042958333333333334,0.042958333333333334,0.024825,0.0,0.024825,0.024825,0.05895943179348759,0.0,0.05895943179348759,0.05895943179348759,0.09147296342923819,0.0,0.09147296342923819,0.09147296342923819,0.09186181020968992,0.0,0.09186181020968992,0.09186181020968992,0.012973950428355582,0.0,0.012973950428355582,0.012973950428355582,-0.01884411601961553,0.0,-0.01884411601961553,-0.01884411601961553,0.8682850882396829,0.0,0.8682850882396829,0.8682850882396829,0.823759087338093,0.0,0.823759087338093,0.823759087338093,0.04452600090158987,0.0,0.04452600090158987,0.04452600090158987,0.04452600090158987,0.0,0.04452600090158987,0.04452600090158987
42,imports,low_density,important,0.05,1,120000,65,0.19149166666666667,0.0,0.19149166666666667,0.19149166666666667,0.0406,0.0,0.0406,0.0406,0.09896666666666666,0.0,0.09896666666666666,0.09896666666666666,0.05572266764265209,0.0,0.05572266764265209,0.05572266764265209,0.3646636165443547,0.0,0.3646636165443547,0.3646636165443547,0.17377223816767054,0.0,0.17377223816767054,0.17377223816767054,-0.07605827069350592,0.0,-0.07605827069350592,-0.07605827069350592,-0.01606554983836994,0.0,-0.01606554983836994,-0.01606554983836994,0.8682850882396829,0.0,0.8682850882396829,0.8682850882396829,0.743756086169156,0.0,0.743756086169156,0.743756086169156,0.12452900207052686,0.0,0.12452900207052686,0.12452900207052686,0.12452900207052686,0.0,0.12452900207052686,0.12452900207052686
42,imports,low_density,important,0.1,1,120000,129,0.210475,0.0,0.210475,0.210475,0.028883333333333334,0.0,0.028883333333333334,0.028883333333333334,0.119525,0.0,0.119525,0.119525,0.03964178285086867,0.0,0.03964178285086867,0.03964178285086867,0.44041514416433813,0.0,0.44041514416433813,0.44041514416433813,0.18735348504363764,0.0,0.18735348504363764,0.18735348504363764,-0.10795264862657285,0.0,-0.10795264862657285,-0.10795264862657285,-0.014876065369752953,0.0,-0.014876065369752953,-0.014876065369752953,0.8682850882396829,0.0,0.8682850882396829,0.8682850882396829,0.7362996481918361,0.0,0.7362996481918361,0.7362996481918361,0.13198544004784674,0.0,0.13198544004784674,0.13198544004784674,0.13198544004784674,0.0,0.13198544004784674,0.13198544004784674
42,imports,low_density,random,0.01,20,120000,13,0.037815833333333326,0.03968531073576777,0.012141666666666667,0.155225,0.017544999999999998,0.029215186951500265,0.0008083333333333333,0.10855,0.005239583333333334,0.008883886738156273,0.0,0.036491666666666665,0.024080152802717508,0.04009724513833485,0.0011094209280248877,0.148982649571672,0.01930635305677526,0.03273455978686255,0.0,0.13446126447016918,0.03518743332326034,0.035591321665041385,0.012675167831458035,0.13879059197719787,0.012497190666303375,0.0463112985786888,-0.0681341553196864,0.13878808138282783,-0.001602725947686875,0.006377318358329955,-0.01409111591324002,0.016120714856605496,0.868285088239683,1.1102230246251565e-16,0.8682850882396829,0.8682850882396829,0.8662675972147719,0.0028433685182717044,0.8587943063239867,0.8702830337481061,0.0020174910249110057,0.002843368518271705,-0.001997945508423249,0.00949078191569619,0.0020174910249110057,0.002843368518271705,-0.001997945508423249,0.00949078191569619
42,imports,low_density,random,0.05,20,120000,65,0.08402333333333334,0.06596401647447224,0.03705833333333333,0.281075,0.04617625000000001,0.05846163576292053,0.0029333333333333334,0.21710833333333332,0.00813125,0.00787097554794759,1.6666666666666667e-05,0.031358333333333335,0.06337595644665057,0.08023739653849764,0.004025939862523304,0.29797673647249895,0.029961310529063173,0.029002274257798107,6.141185862990143e-05,0.11554641201215955,0.0777509355758412,0.058644232171779415,0.03464581495195666,0.25422077122639514,0.03981930718195774,0.08090532666872179,-0.061814700359639374,0.25383338161586333,-0.004252512498771298,0.00950627340394234,-0.02961784823702802,0.015901418527115435,0.868285088239683,1.1102230246251565e-16,0.8682850882396829,0.8682850882396829,0.8620190114009072,0.009303922267650836,0.8338289420331353,0.8721447466080061,0.006266076838775692,0.009303922267650836,-0.003859658368323249,0.03445614620654758,0.006266076838775692,0.009303922267650836,-0.003859658368323249,0.03445614620654758
42,imports,low_density,random,0.1,20,120000,129,0.0928025,0.030400065572389074,0.06500833333333333,0.19891666666666666,0.03697125,0.03304953778410608,0.0044666666666666665,0.14500833333333332,0.01935625,0.015736632747924684,4.1666666666666665e-05,0.05358333333333333,0.050742282662152735,0.04535981304647821,0.006130408427024121,0.19902096462434093,0.07132219731630177,0.05798495193757368,0.00015352964657475358,0.19743912549513312,0.08685790831087581,0.02697379294530198,0.06054805971917767,0.1798836830896454,0.010750307280182038,0.06449841563416726,-0.08940305057896167,0.17912359405552702,-0.0029086831606179356,0.011110259989468537,-0.018947332306983693,0.02001946005060105,0.868285088239683,1.1102230246251565e-16,0.8682850882396829,0.8682850882396829,0.8547586714487517,0.010816842852532255,0.8209311133212058,0.8691487310890867,0.013526416790931245,0.010816842852532255,-0.0008636428494038784,0.04735397491847704,0.013526416790931245,0.010816842852532255,-0.0008636428494038784,0.04735397491847704
42,imports,mid_density,important,0.01,1,178140,13,0.10035365442910071,0.0,0.10035365442910071,0.10035365442910071,0.014247221286628494,0.0,0.014247221286628494,0.014247221286628494,0.057404288761648145,0.0,0.057404288761648145,0.057404288761648145,0.04427387701700829,0.0,0.04427387701700829,0.04427387701700829,0.084641807722551,0.0,0.084641807722551,0.084641807722551,0.10095859278566462,0.0,0.10095859278566462,0.10095859278566462,-0.05414016913670138,0.0,-0.05414016913670138,-0.05414016913670138,-0.02155888729505985,0.0,-0.02155888729505985,-0.02155888729505985,0.9387751112298633,0.0,0.9387751112298633,0.9387751112298633,0.9071433216897182,0.0,0.9071433216897182,0.9071433216897182,0.03163178954014512,0.0,0.03163178954014512,0.03163178954014512,0.03163178954014512,0.0,0.03163178954014512,0.03163178954014512
42,imports,mid_density,important,0.05,1,178140,65,0.33957000112271246,0.0,0.33957000112271246,0.33957000112271246,0.015094869203996856,0.0,0.015094869203996856,0.015094869203996856,0.28705512518244075,0.0,0.28705512518244075,0.28705512518244075,0.046907980811164415,0.0,0.046907980811164415,0.046907980811164415,0.4232587013202003,0.0,0.4232587013202003,0.4232587013202003,0.2857051164305318,0.0,0.2857051164305318,0.2857051164305318,-0.24278682744023555,0.0,-0.24278682744023555,-0.24278682744023555,-0.06553508203232532,0.0,-0.06553508203232532,-0.06553508203232532,0.9387751112298633,0.0,0.9387751112298633,0.9387751112298633,0.8338957230059785,0.0,0.8338957230059785,0.8338957230059785,0.10487938822388487,0.0,0.10487938822388487,0.10487938822388487,0.10487938822388487,0.0,0.10487938822388487,0.10487938822388487
42,imports,mid_density,important,0.1,1,178140,129,0.4067025934658134,0.0,0.4067025934658134,0.4067025934658134,0.012984169754125969,0.0,0.012984169754125969,0.012984169754125969,0.3530930728640395,0.0,0.3530930728640395,0.3530930728640395,0.04034888791975578,0.0,0.04034888791975578,0.04034888791975578,0.5206307163845549,0.0,0.5206307163845549,0.5206307163845549,0.3345875776503025,0.0,0.3345875776503025,0.3345875776503025,-0.2873460106244218,0.0,-0.2873460106244218,-0.2873460106244218,-0.09210974475302372,0.0,-0.09210974475302372,-0.09210974475302372,0.9387751112298633,0.0,0.9387751112298633,0.9387751112298633,0.775997357603205,0.0,0.775997357603205,0.775997357603205,0.16277775362665836,0.0,0.16277775362665836,0.16277775362665836,0.16277775362665836,0.0,0.16277775362665836,0.16277775362665836
42,imports,mid_density,random,0.01,20,178140,13,0.03811047490737622,0.042652354096596984,0.0071516784551476364,0.1577916245649489,0.012736050297518809,0.02394913676310783,8.98169978668463e-05,0.08579207364993825,0.008818345121814305,0.015915810852027718,0.0,0.055551813180644435,0.03957784561709551,0.07442301304805982,0.00027911033580462277,0.26660270388137813,0.0130025245209618,0.02346763684294349,0.0,0.08191035881306129,0.03368301793835797,0.035487370633950764,0.008379616137523794,0.13217447888698616,0.010196906220207304,0.046257759839810036,-0.06792892474376916,0.13217313249643217,0.0008222329474932325,0.007737306196592606,-0.007534799536876833,0.0239318564725306,0.9387751112298632,1.1102230246251565e-16,0.9387751112298633,0.9387751112298633,0.9357595932870444,0.002646985075474845,0.9299418517125628,0.938371089258068,0.0030155179428189294,0.0026469850754748444,0.00040402197179534305,0.008833259517300518,0.0030155179428189294,0.0026469850754748444,0.00040402197179534305,0.008833259517300518
42,imports,mid_density,random,0.05,20,178140,65,0.08042438531492084,0.05973481046429317,0.028337262826990006,0.23724037274054116,0.0319220837543505,0.042851966653203115,0.0015100482766363535,0.14742337487369483,0.01557398675199281,0.013213108045432184,0.0,0.03944088918827888,0.09919930222416048,0.13316440191193377,0.00469254252071522,0.4581247274313127,0.022963622066796342,0.01948253997610636,0.0,0.05815503041840831,0.07105201250360504,0.047881669333232665,0.027509775476138865,0.20379809139420624,0.028574269698272526,0.0725815202469802,-0.05652292895968174,0.2032646736683919,0.0024262669331472455,0.013973991573791245,-0.011995753730175845,0.040953723581617675,0.9387751112298632,1.1102230246251565e-16,0.9387751112298633,0.9387751112298633,0.9279613357593389,0.00931439581177079,0.8986981546088015,0.937768941817041,0.010813775470524678,0.009314395811770789,0.0010061694128223886,0.04007695662106181,0.010813775470524678,0.009314395811770789,0.0010061694128223886,0.04007695662106181
42,imports,mid_density,random,0.1,20,178140,129,0.09690187492983046,0.040443033000897945,0.03926125519254519,0.19198383294038396,0.02665010665768497,0.028535063257947878,0.002116313012237566,0.11087347030425508,0.036466823846412935,0.03222527215407182,0.00023015605703379365,0.11708768384416751,0.08281639773222853,0.08867398462748949,0.006576537287396424,0.344544265154819,0.05376981335099118,0.047515705678321016,0.0003393618342093283,0.1726441253155651,0.08560596066617136,0.02843145194568964,0.04233851434387845,0.15827377557326114,-0.0032464222040040416,0.06775277014529511,-0.10122277748625011,0.15741992084305087,-0.0035381821066723085,0.010527047786029678,-0.02316976875096183,0.026526181316880112,0.9387751112298632,1.1102230246251565e-16,0.9387751112298633,0.9387751112298633,0.9193969861291856,0.006879384465787801,0.9025331167469433,0.9302250930990766,0.019378125100677747,0.006879384465787801,0.008550018130786707,0.03624199448292009,0.019378125100677747,0.006879384465787801,0.008550018130786707,0.03624199448292009
77,header,high_density,important,0.01,1,120000,1,0.02175,0.0,0.02175,0.02175,0.010183333333333334,0.0,0.010183333333333334,0.010183333333333334,0.0,0.0,0.0,0.0,0.03220790174217865,0.0,0.03220790174217865,0.03220790174217865,0.0,0.0,0.0,0.0,0.07765570714988101,0.0,0.07765570714988101,0.07765570714988101,0.07765570714988101,0.0,0.07765570714988101,0.07765570714988101,-0.06554073285289455,0.0,-0.06554073285289455,-0.06554073285289455,0.9952411832626151,0.0,0.9952411832626151,0.9952411832626151,0.9914501332746775,0.0,0.9914501332746775,0.9914501332746775,0.003791049987937667,0.0,0.003791049987937667,0.003791049987937667,0.003791049987937667,0.0,0.003791049987937667,0.003791049987937667
77,header,high_density,important,0.05,1,120000,4,0.042616666666666664,0.0,0.042616666666666664,0.042616666666666664,0.016858333333333333,0.0,0.016858333333333333,0.016858333333333333,0.0,0.0,0.0,0.0,0.05331962784323028,0.0,0.05331962784323028,0.05331962784323028,0.0,0.0,0.0,0.0,0.047837981776612463,0.0,0.047837981776612463,0.047837981776612463,0.04527280544843088,0.0,0.04527280544843088,0.04527280544843088,-0.0030215599411471533,0.0,-0.0030215599411471533,-0.0030215599411471533,0.9952411832626151,0.0,0.9952411832626151,0.9952411832626151,0.9962476592944899,0.0,0.9962476592944899,0.9962476592944899,-0.001006476031874759,0.0,-0.001006476031874759,-0.001006476031874759,-0.001006476031874759,0.0,-0.001006476031874759,-0.001006476031874759
77,header,high_density,important,0.1,1,120000,8,0.6541,0.0,0.6541,0.6541,0.0,0.0,0.0,0.0,0.6474333333333333,0.0,0.6474333333333333,0.6474333333333333,0.0,0.0,0.0,0.0,0.9467821932999427,0.0,0.9467821932999427,0.9467821932999427,0.6340039417065453,0.0,0.6340039417065453,0.6340039417065453,-0.6340030316493813,0.0,-0.6340030316493813,-0.6340030316493813,0.07374801933709162,0.0,0.07374801933709162,0.07374801933709162,0.9952411832626151,0.0,0.9952411832626151,0.9952411832626151,0.9904618694836159,0.0,0.9904618694836159,0.9904618694836159,0.004779313778999206,0.0,0.004779313778999206,0.004779313778999206,0.004779313778999206,0.0,0.004779313778999206,0.004779313778999206
77,header,high_density,random,0.01,20,120000,1,0.01330375,0.022980042741686146,0.0,0.07966666666666666,0.006472916666666667,0.012650066390636056,0.0,0.04335833333333333,0.00045625000000000006,0.001355904974034357,0.0,0.006158333333333333,0.02047257584143802,0.040009698396887984,0.0,0.13713397116575737,0.0006672028662303951,0.001982824515094297,0.0,0.009005715399895198,0.016134799532131185,0.02829059405860562,0.0,0.11571411358154582,0.01140338784665863,0.030506592955450638,-0.016041573293786304,0.11571411358154582,0.0027801871244848867,0.008018565951360945,-0.006110708709533113,0.02413187300210881,0.9952411832626149,2.220446049250313e-16,0.9952411832626151,0.9952411832626151,0.9952327227064355,0.0003757958428504141,0.9943128966569045,0.9960753300369062,8.46055617941821e-06,0.0003757958428504141,-0.0008341467742910558,0.0009282866057106487,8.46055617941821e-06,0.0003757958428504141,-0.0008341467742910558,0.0009282866057106487
77,header,high_density,random,0.05,20,120000,4,0.19846375,0.23122200538171764,0.002375,0.6474,0.02875375,0.06559835996187328,0.0,0.30394166666666667,0.15192833333333336,0.24518405926863282,0.0,0.6407333333333334,0.09094251601170238,0.20747484766940236,0.0,0.961308347170607,0.22217428923091923,0.3585479607628162,0.0,0.9369843649081758,0.19864073147645595,0.20105388745147018,0.013170077594608925,0.6031676832231766,-0.09837474371038425,0.26481532745424696,-0.6031676832231766,0.34463181216730726,0.0020231764108475034,0.04195238537421876,-0.06606593686051429,0.05984107548544877,0.9952411832626149,2.220446049250313e-16,0.9952411832626151,0.9952411832626151,0.9937538277499722,0.001349173836050724,0.9910805460683486,0.9953911946399338,0.0014873555126429627,0.001349173836050724,-0.00015001137731862624,0.004160637194266514,0.0014873555126429627,0.001349173836050724,-0.00015001137731862624,0.004160637194266514
77,header,high_density,random,0.1,20,120000,8,0.2496858333333333,0.24672588534787845,0.016675,0.6541,0.02348625,0.06713571222588162,0.0,0.3082416666666667,0.21468333333333334,0.2596249282886543,0.0,0.6474333333333333,0.07428243852296987,0.21233719372461962,0.0,0.9749084104267152,0.31394484456305827,0.3796657453129884,0.0,0.9467821932999427,0.2584676033960956,0.21338917197592877,0.01640635492900524,0.6282556505299844,-0.18392878515025823,0.2798974109049292,-0.6282556505299844,0.28350565371176467,-0.023807984917159845,0.0591902496010884,-0.14140099359609226,0.06798065368112725,0.9952411832626149,2.220446049250313e-16,0.9952411832626151,0.9952411832626151,0.9891588369552785,0.00808046831727162,0.961890444298471,0.9945425906829818,0.006082346307336767,0.008080468317271619,0.0006985925796333392,0.03335073896414409,0.006082346307336767,0.008080468317271619,0.0006985925796333392,0.03335073896414409
77,header,low_density,important,0.01,1,120000,1,0.193625,0.0,0.193625,0.193625,0.15695,0.0,0.15695,0.15695,0.0,0.0,0.0,0.0,0.39361324165604294,0.0,0.39361324165604294,0.39361324165604294,0.0,0.0,0.0,0.0,0.1476107600323536,0.0,0.1476107600323536,0.1476107600323536,0.1476107600323536,0.0,0.1476107600323536,0.1476107600323536,-0.034825357343805034,0.0,-0.034825357343805034,-0.034825357343805034,0.8884601670792143,0.0,0.8884601670792143,0.8884601670792143,0.7771059122157913,0.0,0.7771059122157913,0.7771059122157913,0.11135425486342299,0.0,0.11135425486342299,0.11135425486342299,0.11135425486342299,0.0,0.11135425486342299,0.11135425486342299
77,header,low_density,important,0.05,1,120000,4,0.28705833333333336,0.0,0.28705833333333336,0.28705833333333336,0.198475,0.0,0.198475,0.198475,0.01185,0.0,0.01185,0.01185,0.4977533490773057,0.0,0.4977533490773057,0.4977533490773057,0.019708666546548213,0.0,0.019708666546548213,0.019708666546548213,0.23295604948073745,0.0,0.23295604948073745,0.23295604948073745,0.21003062123406224,0.0,0.21003062123406224,0.21003062123406224,0.0009661142573284226,0.0,0.0009661142573284226,0.0009661142573284226,0.8884601670792143,0.0,0.8884601670792143,0.8884601670792143,0.7578762492371511,0.0,0.7578762492371511,0.7578762492371511,0.13058391784206314,0.0,0.13058391784206314,0.13058391784206314,0.13058391784206314,0.0,0.13058391784206314,0.13058391784206314
77,header,low_density,important,0.1,1,120000,8,0.5812083333333333,0.0,0.5812083333333333,0.5812083333333333,0.0,0.0,0.0,0.0,0.49730833333333335,0.0,0.49730833333333335,0.49730833333333335,0.0,0.0,0.0,0.0,0.8271125833321783,0.0,0.8271125833321783,0.8271125833321783,0.5461448897385449,0.0,0.5461448897385449,0.5461448897385449,-0.5458447481579791,0.0,-0.5458447481579791,-0.5458447481579791,0.15699484897684507,0.0,0.15699484897684507,0.15699484897684507,0.8884601670792143,0.0,0.8884601670792143,0.8884601670792143,0.7087910203419485,0.0,0.7087910203419485,0.7087910203419485,0.17966914673726575,0.0,0.17966914673726575,0.17966914673726575,0.17966914673726575,0.0,0.17966914673726575,0.17966914673726575
77,header,low_density,random,0.01,20,120000,1,0.033732500000000006,0.05788010464049322,0.0,0.23413333333333333,0.015376666666666663,0.03594455738433227,0.0,0.14595,0.004555833333333334,0.010183788212699198,0.0,0.029458333333333333,0.038562979372609656,0.0901449745265287,0.0,0.3660264582331919,0.007577164557663789,0.016937458739641913,0.0,0.04899446993111668,0.0323423488191866,0.06151855439092137,0.0,0.24512778360583534,0.023783449529104512,0.06530625996018474,-0.028762724083533028,0.24512778360583534,0.004298589724164362,0.01387826310346904,-0.012029636740620723,0.05198223053880468,0.8884601670792142,1.1102230246251565e-16,0.8884601670792143,0.8884601670792143,0.8879352674395932,0.0018154759027310032,0.8804496851250474,0.8895366145878518,0.0005248996396210959,0.001815475902731003,-0.001076447508637557,0.00801048195416687,0.0005248996396210959,0.001815475902731003,-0.001076447508637557,0.00801048195416687
77,header,low_density,random,0.05,20,120000,4,0.2637579166666667,0.16970629703490264,0.031075,0.5463666666666667,0.060954999999999995,0.09228998510130987,0.0,0.300025,0.13731458333333335,0.17462880292675648,0.0,0.46316666666666667,0.15286839850362596,0.23145307555345326,0.0,0.7524295178582624,0.22837867805020026,0.29043888998365613,0.0,0.7703288935704287,0.24277546434121758,0.15923671044807228,0.027716996760532887,0.5022270868473759,-0.04851097545910292,0.2857198288425921,-0.5021925505444649,0.42786727372724065,0.05247903566213817,0.054283974740780234,-0.013470010828937496,0.14714352358608904,0.8884601670792142,1.1102230246251565e-16,0.8884601670792143,0.8884601670792143,0.8794586745221953,0.0182146571849786,0.8208094724551385,0.8951431831757954,0.00900149255701918,0.018214657184978604,-0.006683016096581174,0.0676506946240758,0.00900149255701918,0.018214657184978604,-0.006683016096581174,0.0676506946240758
77,header,low_density,random,0.1,20,120000,8,0.31062874999999995,0.17454519363578638,0.025233333333333333,0.570675,0.04088208333333333,0.08521315586495595,0.0,0.311975,0.20330125,0.18226874145892605,0.0,0.487225,0.10252774352651048,0.21370517051128998,0.0,0.782398796213087,0.33812629069590167,0.3031454723437115,0.0,0.8103421989993209,0.275991155889889,0.163268680019665,0.02299524427142922,0.5295889755731324,-0.1519998622752544,0.2811074484093753,-0.529588974968362,0.4395917495631151,0.051613184764530494,0.05864754290041959,-0.02884712398455002,0.15104510762915216,0.8884601670792142,1.1102230246251565e-16,0.8884601670792143,0.8884601670792143,0.8669411855852237,0.030205521626055214,0.7580250843853478,0.8963673623823796,0.021518981493990473,0.030205521626055217,-0.007907195303165304,0.1304350826938665,0.021518981493990473,0.030205521626055217,-0.007907195303165304,0.1304350826938665
77,header,mid_density,important,0.01,1,240000,1,0.27067083333333336,0.0,0.27067083333333336,0.27067083333333336,0.247525,0.0,0.247525,0.247525,0.0,0.0,0.0,0.0,0.38522793593152194,0.0,0.38522793593152194,0.38522793593152194,0.0,0.0,0.0,0.0,0.23178143255870387,0.0,0.23178143255870387,0.23178143255870387,0.23178143255870387,0.0,0.23178143255870387,0.23178143255870387,-0.11180160836982164,0.0,-0.11180160836982164,-0.11180160836982164,0.9350182607270069,0.0,0.9350182607270069,0.9350182607270069,0.7806820689386654,0.0,0.7806820689386654,0.7806820689386654,0.15433619178834146,0.0,0.15433619178834146,0.15433619178834146,0.15433619178834146,0.0,0.15433619178834146,0.15433619178834146
77,header,mid_density,important,0.05,1,240000,4,0.3928875,0.0,0.3928875,0.3928875,0.32705,0.0,0.32705,0.32705,0.0006041666666666667,0.0,0.0006041666666666667,0.0006041666666666667,0.5089942286492445,0.0,0.5089942286492445,0.5089942286492445,0.001690173679916074,0.0,0.001690173679916074,0.001690173679916074,0.30084747274637547,0.0,0.30084747274637547,0.30084747274637547,0.2949519680341401,0.0,0.2949519680341401,0.2949519680341401,-0.02668612071193258,0.0,-0.02668612071193258,-0.02668612071193258,0.9350182607270069,0.0,0.9350182607270069,0.9350182607270069,0.7814839701779845,0.0,0.7814839701779845,0.7814839701779845,0.15353429054902235,0.0,0.15353429054902235,0.15353429054902235,0.15353429054902235,0.0,0.15353429054902235,0.15353429054902235
77,header,mid_density,important,0.1,1,240000,8,0.32045,0.0,0.32045,0.32045,0.0,0.0,0.0,0.0,0.2672,0.0,0.2672,0.2672,0.0,0.0,0.0,0.0,0.7474997085907449,0.0,0.7474997085907449,0.7474997085907449,0.33438716646903527,0.0,0.33438716646903527,0.33438716646903527,-0.33437915629477205,0.0,-0.33437915629477205,-0.33437915629477205,0.14034063359184065,0.0,0.14034063359184065,0.14034063359184065,0.9350182607270069,0.0,0.9350182607270069,0.9350182607270069,0.7587144499511134,0.0,0.7587144499511134,0.7587144499511134,0.17630381077589352,0.0,0.17630381077589352,0.17630381077589352,0.17630381077589352,0.0,0.17630381077589352,0.17630381077589352
77,header,mid_density,random,0.01,20,240000,1,0.03517229166666667,0.07121631533519461,0.0,0.294875,0.01976166666666667,0.050200373428502615,0.0,0.21016666666666667,0.0020227083333333334,0.004827133501213911,0.0,0.017179166666666666,0.03075546332922638,0.0781278102771586,0.0,0.3270864405680565,0.005658584916656954,0.013504045230112352,0.0,0.0480592143606481,0.034250776321612525,0.07013721807562204,0.0,0.2872915471837403,0.02758196811729271,0.07301766959303169,-0.026293026442479838,0.2872915471837403,-0.0033022181457498323,0.0076204723616214946,-0.024172694311837245,0.004285223447021345,0.9350182607270068,1.1102230246251565e-16,0.9350182607270069,0.9350182607270069,0.9346384362749204,0.0011449040696244587,0.9302975093290079,0.9355107950150161,0.0003798244520865024,0.0011449040696244585,-0.0004925342880092165,0.00472075139799899,0.0003798244520865024,0.0011449040696244585,-0.0004925342880092165,0.00472075139799899
77,header,mid_density,random,0.05,20,240000,4,0.23088208333333338,0.15588892525620518,0.025108333333333333,0.6546291666666667,0.09491583333333331,0.15796863568025316,0.0,0.5643916666666666,0.08165520833333334,0.0970428935434377,0.0,0.25366666666666665,0.14771934375202647,0.2458496372690537,0.0,0.878373646326438,0.22843280102576058,0.2714802943283023,0.0,0.7096398181606248,0.21676307604329548,0.15394533502958846,0.024476851405649203,0.6286745153107642,0.01971839165856682,0.2648436880297965,-0.3149808790975602,0.6286745153107642,0.042441630422668256,0.05527457608886495,-0.022565760620695447,0.13278220384815398,0.9350182607270068,1.1102230246251565e-16,0.9350182607270069,0.9350182607270069,0.928068054068883,0.011739157438867333,0.8901926838963606,0.935234042052383,0.006950206658123764,0.01173915743886733,-0.00021578132537614092,0.04482557683064625,0.006950206658123764,0.01173915743886733,-0.00021578132537614092,0.04482557683064625
77,header,mid_density,random,0.1,20,240000,8,0.22992562499999997,0.14914021096444477,0.027058333333333334,0.67915,0.06517958333333332,0.15030583420135518,0.0,0.5889125,0.11501895833333334,0.09856644340095437,0.0,0.2664625,0.10144024382335777,0.2339238713982572,0.0,0.916535892613968,0.32176885417880874,0.2757424690083815,0.0,0.7454365310642266,0.22138902276980055,0.1409169095769047,0.019447060125809833,0.6225410823326383,-0.06195555331352933,0.2544174408303277,-0.33121768556536724,0.6225410097665084,0.049500275337791375,0.06174085785325297,-0.04663844650816005,0.1374494383405949,0.9350182607270068,1.1102230246251565e-16,0.9350182607270069,0.9350182607270069,0.9139407524620464,0.040640922556575976,0.7448334829578099,0.936473448831804,0.021077508264960576,0.040640922556575976,-0.001455188104797056,0.19018477776919696,0.021077508264960576,0.040640922556575976,-0.001455188104797056,0.19018477776919696
77,imports,high_density,important,0.01,1,156581,13,0.05453407501548719,0.0,0.05453407501548719,0.05453407501548719,0.0,0.0,0.0,0.0,0.05179427899936774,0.0,0.05179427899936774,0.05179427899936774,0.0,0.0,0.0,0.0,0.1247385259013166,0.0,0.1247385259013166,0.1247385259013166,0.03109984444301321,0.0,0.03109984444301321,0.03109984444301321,-0.02989469106922543,0.0,-0.02989469106922543,-0.02989469106922543,-0.004528747833536597,0.0,-0.004528747833536597,-0.004528747833536597,0.7973172724383581,0.0,0.7973172724383581,0.7973172724383581,0.7517887433339858,0.0,0.7517887433339858,0.7517887433339858,0.04552852910437233,0.0,0.04552852910437233,0.04552852910437233,0.04552852910437233,0.0,0.04552852910437233,0.04552852910437233
77,imports,high_density,important,0.05,1,156581,65,0.08115927219777623,0.0,0.08115927219777623,0.08115927219777623,0.0,0.0,0.0,0.0,0.07835561147265632,0.0,0.07835561147265632,0.07835561147265632,0.0,0.0,0.0,0.0,0.18870739510274395,0.0,0.18870739510274395,0.18870739510274395,0.05398960215651692,0.0,0.05398960215651692,0.05398960215651692,-0.05184344364318591,0.0,-0.05184344364318591,-0.05184344364318591,-0.025658388177057023,0.0,-0.025658388177057023,-0.025658388177057023,0.7973172724383581,0.0,0.7973172724383581,0.7973172724383581,0.7801419626778787,0.0,0.7801419626778787,0.7801419626778787,0.01717530976047943,0.0,0.01717530976047943,0.01717530976047943,0.01717530976047943,0.0,0.01717530976047943,0.01717530976047943
77,imports,high_density,important,0.1,1,156581,129,0.107605648194864,0.0,0.107605648194864,0.107605648194864,0.0,0.0,0.0,0.0,0.10429745626864051,0.0,0.10429745626864051,0.10429745626864051,0.0,0.0,0.0,0.0,0.25118432385874245,0.0,0.25118432385874245,0.25118432385874245,0.07287121934663153,0.0,0.07287121934663153,0.07287121934663153,-0.06886220293810495,0.0,-0.06886220293810495,-0.06886220293810495,-0.033308366502224865,0.0,-0.033308366502224865,-0.033308366502224865,0.7973172724383581,0.0,0.7973172724383581,0.7973172724383581,0.6779902139660235,0.0,0.6779902139660235,0.6779902139660235,0.1193270584723346,0.0,0.1193270584723346,0.1193270584723346,0.1193270584723346,0.0,0.1193270584723346,0.1193270584723346
77,imports,high_density,random,0.01,20,156581,13,0.006804784743998314,0.015518665597683917,0.0,0.06970832987399493,0.0029160626129607044,0.010037870984967261,0.0,0.04599536342212657,0.0012198159419086608,0.0031861635436531283,0.0,0.013737298905997534,0.004986621525692131,0.017165291068608736,0.0,0.07865450772675149,0.0029377384028546815,0.007673383072301441,0.0,0.033084163898117386,0.006361186996012226,0.009646056326591424,0.00015753989459024875,0.043000747501556975,0.0011562987081491605,0.01133612361960593,-0.019224268383857622,0.043000747501556975,-0.00028063726065529263,0.0027793050013844973,-0.005960073134859605,0.007292436468131118,0.797317272438358,1.1102230246251565e-16,0.7973172724383581,0.7973172724383581,0.7939605974177837,0.006595465748209234,0.7743722009586644,0.7975949561657197,0.0033566750205744345,0.006595465748209234,-0.0002776837273615884,0.022945071479693713,0.0033566750205744345,0.006595465748209234,-0.0002776837273615884,0.022945071479693713
77,imports,high_density,random,0.05,20,156581,65,0.01381553317452309,0.020141005377157663,0.0,0.07000210753539701,0.006754970270977961,0.013503492226896247,0.0,0.047579208205337814,0.00167325537581188,0.0033663911402682157,0.0,0.015001820144206512,0.01155135695953694,0.023091686958768537,0.0,0.08136296619887512,0.004029777285591238,0.008107433418456034,0.0,0.03612956810631229,0.01449871823634524,0.009781555697858093,0.005532790654990381,0.04083321519092679,0.003987615696857702,0.01502471815897827,-0.02191309863901226,0.04033885213326591,0.0004773483196573931,0.004276179737491529,-0.007093909894566335,0.00842902809017608,0.797317272438358,1.1102230246251565e-16,0.7973172724383581,0.7973172724383581,0.7902977164995728,0.011805386490677071,0.7533862881689563,0.8039027398493734,0.007019555938785382,0.011805386490677071,-0.006585467411015289,0.043930984269401896,0.007019555938785382,0.011805386490677071,-0.006585467411015289,0.043930984269401896
77,imports,high_density,random,0.1,20,156581,129,0.023040790389638594,0.018883069126469136,0.001002675931307119,0.06687273679437479,0.00876766657512725,0.010680258044821143,0.0,0.03637733824665828,0.007320492269176977,0.014778006472268512,0.0,0.06341126956655022,0.014993174247802107,0.018263806966811985,0.0,0.062207175230710426,0.01763027562446167,0.03559054742577636,0.0,0.15271625446044051,0.021111573626328553,0.011576946342762462,0.00699792543793454,0.053657419300307534,0.001325088627956601,0.02053261719360432,-0.05363941129720722,0.038358375273908216,-0.0023444219642543176,0.005085887475522424,-0.01081933135762248,0.006687579545617333,0.797317272438358,1.1102230246251565e-16,0.7973172724383581,0.7973172724383581,0.7857773159883873,0.016145913585175222,0.7361870606435403,0.8049010847636235,0.011539956449970884,0.01614591358517522,-0.007583812325265393,0.06113021179481781,0.011539956449970884,0.01614591358517522,-0.007583812325265393,0.06113021179481781
77,imports,low_density,important,0.01,1,120000,13,0.09216666666666666,0.0,0.09216666666666666,0.09216666666666666,0.01815,0.0,0.01815,0.01815,0.04145,0.0,0.04145,0.04145,0.024794517429020287,0.0,0.024794517429020287,0.024794517429020287,0.15467379812177373,0.0,0.15467379812177373,0.15467379812177373,0.08396516371540746,0.0,0.08396516371540746,0.08396516371540746,-0.037347681596785316,0.0,-0.037347681596785316,-0.037347681596785316,-0.0026051246567515627,0.0,-0.0026051246567515627,-0.0026051246567515627,0.8739997348633912,0.0,0.8739997348633912,0.8739997348633912,0.8443153955503214,0.0,0.8443153955503214,0.8443153955503214,0.029684339313069796,0.0,0.029684339313069796,0.029684339313069796,0.029684339313069796,0.0,0.029684339313069796,0.029684339313069796
77,imports,low_density,important,0.05,1,120000,65,0.15676666666666667,0.0,0.15676666666666667,0.15676666666666667,0.039425,0.0,0.039425,0.039425,0.07231666666666667,0.0,0.07231666666666667,0.07231666666666667,0.05385806334099861,0.0,0.05385806334099861,0.05385806334099861,0.26985509049070217,0.0,0.26985509049070217,0.26985509049070217,0.14386650271865156,0.0,0.14386650271865156,0.14386650271865156,-0.04174398944960148,0.0,-0.04174398944960148,-0.04174398944960148,-0.02102623421798567,0.0,-0.02102623421798567,-0.02102623421798567,0.8739997348633912,0.0,0.8739997348633912,0.8739997348633912,0.789183136815796,0.0,0.789183136815796,0.789183136815796,0.08481659804759523,0.0,0.08481659804759523,0.08481659804759523,0.08481659804759523,0.0,0.08481659804759523,0.08481659804759523
77,imports,low_density,important,0.1,1,120000,129,0.22740833333333332,0.0,0.22740833333333332,0.22740833333333332,0.10154166666666667,0.0,0.10154166666666667,0.10154166666666667,0.07570833333333334,0.0,0.07570833333333334,0.07570833333333334,0.13871496550624987,0.0,0.13871496550624987,0.13871496550624987,0.2825113502083463,0.0,0.2825113502083463,0.2825113502083463,0.20874350679874953,0.0,0.20874350679874953,0.20874350679874953,0.027007782164578477,0.0,0.027007782164578477,0.027007782164578477,-0.04700012913823804,0.0,-0.04700012913823804,-0.04700012913823804,0.8739997348633912,0.0,0.8739997348633912,0.8739997348633912,0.715171080366395,0.0,0.715171080366395,0.715171080366395,0.15882865449699624,0.0,0.15882865449699624,0.15882865449699624,0.15882865449699624,0.0,0.15882865449699624,0.15882865449699624
77,imports,low_density,random,0.01,20,120000,13,0.030320416666666666,0.03292579372145037,0.006841666666666667,0.15665833333333334,0.011742083333333334,0.023813459148807937,0.0005333333333333334,0.11278333333333333,0.0064666666666666674,0.009529979742312619,5e-05,0.042125,0.016040732223765394,0.032531307322886,0.0007285808610915052,0.15407208396894423,0.024130853908825176,0.03556183746120761,0.00018657876733627713,0.15719261148081348,0.02833327633076439,0.030525803373070304,0.006700349354601897,0.1459990298930915,0.004603812818616199,0.03872732039343894,-0.07216790397905586,0.1452092023262477,-0.0005218743559564069,0.00534833960011228,-0.012620020288705349,0.015091078450587396,0.8739997348633913,1.1102230246251565e-16,0.8739997348633912,0.8739997348633912,0.8720538911751499,0.001567148772958867,0.8679313168486921,0.8741155237095708,0.001945843688241522,0.0015671487729588672,-0.00011578884617957641,0.006068418014699151,0.001945843688241522,0.0015671487729588672,-0.00011578884617957641,0.006068418014699151
77,imports,low_density,random,0.05,20,120000,65,0.06827583333333334,0.030685739415438926,0.039733333333333336,0.15079166666666666,0.033808333333333336,0.029675214709510622,0.0022833333333333334,0.11205833333333333,0.010131666666666667,0.010147888943026524,0.0008666666666666666,0.043816666666666663,0.04618519614762869,0.040538987786494785,0.003119236811548007,0.15308166936089798,0.037807077554574284,0.03786761220110651,0.003234031967162137,0.1635051931090242,0.06377250052530312,0.027876375007710105,0.037259479511613805,0.14304411080355883,0.02640506498972295,0.05024948703574881,-0.07141958323866386,0.14040581543322633,-0.005142096333883966,0.008401754405419792,-0.023663561977063815,0.009722861628434873,0.8739997348633913,1.1102230246251565e-16,0.8739997348633912,0.8739997348633912,0.8657524078704801,0.005273175795483859,0.8558940472333362,0.8732788344834215,0.008247326992911091,0.005273175795483859,0.0007209003799697467,0.018105687630055045,0.008247326992911091,0.005273175795483859,0.0007209003799697467,0.018105687630055045
77,imports,low_density,random,0.1,20,120000,129,0.08756291666666666,0.022084833042629808,0.05885833333333333,0.148575,0.04158458333333333,0.025163400902208706,0.006258333333333334,0.10911666666666667,0.015516666666666665,0.01653532099107174,0.00016666666666666666,0.062483333333333335,0.056808246624621486,0.034375448057478705,0.008549441041870632,0.14906309054894015,0.05790161079669134,0.061702796160476685,0.0006219292244542571,0.23316126624790098,0.08213722020125283,0.020717922901014624,0.056321861856521924,0.14060945910269748,0.029311731274934673,0.05332894600459602,-0.09254898366842444,0.13863568664380868,-0.00809285394515116,0.00875879693414589,-0.02439533933195906,0.014261176142731546,0.8739997348633913,1.1102230246251565e-16,0.8739997348633912,0.8739997348633912,0.8599184659155409,0.009244006530256973,0.8395126672635929,0.8746666463746582,0.014081268947850578,0.009244006530256973,-0.0006669115112669655,0.03448706759979836,0.014081268947850578,0.009244006530256973,-0.0006669115112669655,0.03448706759979836
77,imports,mid_density,important,0.01,1,203419,13,0.11322934435819663,0.0,0.11322934435819663,0.11322934435819663,0.01123788829951971,0.0,0.01123788829951971,0.01123788829951971,0.0757648007314951,0.0,0.0757648007314951,0.0757648007314951,0.03772713019655736,0.0,0.03772713019655736,0.03772713019655736,0.10790752384019717,0.0,0.10790752384019717,0.10790752384019717,0.09842653620307865,0.0,0.09842653620307865,0.09842653620307865,-0.06096626142215667,0.0,-0.06096626142215667,-0.06096626142215667,-0.016935886369115204,0.0,-0.016935886369115204,-0.016935886369115204,0.9497663507247158,0.0,0.9497663507247158,0.9497663507247158,0.9276044060661022,0.0,0.9276044060661022,0.9276044060661022,0.022161944658613653,0.0,0.022161944658613653,0.022161944658613653,0.022161944658613653,0.0,0.022161944658613653,0.022161944658613653
77,imports,mid_density,important,0.05,1,203419,65,0.21670050486926,0.0,0.21670050486926,0.21670050486926,0.017549983039932358,0.0,0.017549983039932358,0.017549983039932358,0.16620866290759467,0.0,0.16620866290759467,0.16620866290759467,0.05891769676365257,0.0,0.05891769676365257,0.05891769676365257,0.23672160530995756,0.0,0.23672160530995756,0.23672160530995756,0.17795177159475584,0.0,0.17795177159475584,0.17795177159475584,-0.12384953245737809,0.0,-0.12384953245737809,-0.12384953245737809,-0.05529585326592874,0.0,-0.05529585326592874,-0.05529585326592874,0.9497663507247158,0.0,0.9497663507247158,0.9497663507247158,0.8809617020613938,0.0,0.8809617020613938,0.8809617020613938,0.06880464866332203,0.0,0.06880464866332203,0.06880464866332203,0.06880464866332203,0.0,0.06880464866332203,0.06880464866332203
77,imports,mid_density,important,0.1,1,203419,129,0.3131418402410788,0.0,0.3131418402410788,0.3131418402410788,0.05069339638873458,0.0,0.05069339638873458,0.05069339638873458,0.20811723585309141,0.0,0.20811723585309141,0.20811723585309141,0.17018467479741883,0.0,0.17018467479741883,0.17018467479741883,0.29640961729657067,0.0,0.29640961729657067,0.29640961729657067,0.27450975368849573,0.0,0.27450975368849573,0.27450975368849573,-0.14549805970468957,0.0,-0.14549805970468957,-0.14549805970468957,-0.11927712199468632,0.0,-0.11927712199468632,-0.11927712199468632,0.9497663507247158,0.0,0.9497663507247158,0.9497663507247158,0.7751139507625772,0.0,0.7751139507625772,0.7751139507625772,0.17465239996213866,0.0,0.17465239996213866,0.17465239996213866,0.17465239996213866,0.0,0.17465239996213866,0.17465239996213866
77,imports,mid_density,random,0.01,20,203419,13,0.026078684881943183,0.034562871340110955,0.002212182736125927,0.15860858621859314,0.0070389196682709085,0.017740757896665856,6.882346290169552e-05,0.08218013066626029,0.008059964900033918,0.012397796821091807,4.424365472251855e-05,0.053913351260206764,0.02363061739804928,0.0595581540868066,0.00023104979123001008,0.27588995428514845,0.011479352498844747,0.01765748135178241,6.301373699466484e-05,0.07678573929116547,0.023601912388462244,0.027946940011939665,0.00360007976353041,0.13005887760011567,0.0027573944826421804,0.034893114628973376,-0.06720462291939219,0.12979648989006257,0.0011992042580411134,0.004954199975126837,-0.004459651317209687,0.018072880128599936,0.9497663507247157,1.1102230246251565e-16,0.9497663507247158,0.9497663507247158,0.9481308745789144,0.0013322436859586034,0.9442593384521095,0.9498385988778959,0.0016354761458012013,0.0013322436859586034,-7.224815318007671e-05,0.005507012272606304,0.0016354761458012013,0.0013322436859586034,-7.224815318007671e-05,0.005507012272606304
77,imports,mid_density,random,0.05,20,203419,65,0.06438262895796361,0.03230659421951792,0.021448340617149824,0.14688401771712573,0.021517655676215098,0.022028289474040112,0.00036869712268765455,0.08054803140316293,0.01602947610596847,0.016311206570685112,0.0005260078950343872,0.06395666088221848,0.07223771722806266,0.07395198482530599,0.001237766738732197,0.2704107735216939,0.02282987691316707,0.02323112969208824,0.0007491633176032375,0.0910898575889544,0.05468601178665485,0.0244303054500157,0.02679501957440792,0.11399921702494643,0.016213950756878818,0.045503202784875,-0.08275023303985969,0.11084051900672724,-0.00245788298878,0.007109043436130391,-0.01741320919634452,0.008376480585048095,0.9497663507247157,1.1102230246251565e-16,0.9497663507247158,0.9497663507247158,0.9397572398783695,0.0059883364599865015,0.9243863357795647,0.9476811985892233,0.010009110846346448,0.005988336459986502,0.0020851521354925406,0.025380014945151075,0.010009110846346448,0.005988336459986502,0.0020851521354925406,0.025380014945151075
77,imports,mid_density,random,0.1,20,203419,129,0.09143541163804755,0.02348091880491965,0.052507386232357844,0.1354052472974501,0.026829106425653455,0.017013836306822454,0.0020647038870508653,0.06774686730344756,0.02910003490332761,0.03131657845249089,9.831923271670787e-05,0.1071286359681249,0.09006898486623868,0.05711777874832928,0.0069314937369003024,0.22743551235291204,0.04144553512665762,0.044602432835948946,0.00014003052665481074,0.1525772618430818,0.07713367218812453,0.023358413861328985,0.04280313042294049,0.12637522829164471,0.009076689503902243,0.05779877765616025,-0.11373091110049953,0.11691123418831965,-0.007146480799399492,0.007640894655299801,-0.019311925999047384,0.01631237001415265,0.9497663507247157,1.1102230246251565e-16,0.9497663507247158,0.9497663507247158,0.9330475143691899,0.007413552052165634,0.9175804120538652,0.9436794707424491,0.016718836355525967,0.007413552052165634,0.006086879982266757,0.03218593867085062,0.016718836355525967,0.007413552052165634,0.006086879982266757,0.03218593867085062
123,header,high_density,important,0.01,1,120001,1,0.08366596945025458,0.0,0.08366596945025458,0.08366596945025458,0.05665786118449013,0.0,0.05665786118449013,0.05665786118449013,0.0,0.0,0.0,0.0,0.17733437663015128,0.0,0.17733437663015128,0.17733437663015128,0.0,0.0,0.0,0.0,0.16403619600181624,0.0,0.16403619600181624,0.16403619600181624,0.16403619600181624,0.0,0.16403619600181624,0.16403619600181624,-0.005402517896601113,0.0,-0.005402517896601113,-0.005402517896601113,0.9955282510835906,0.0,0.9955282510835906,0.9955282510835906,0.9955282510835906,0.0,0.9955282510835906,0.9955282510835906,0.0,0.0,0.0,0.0,0.0,0.0,0.0,0.0
123,header,high_density,important,0.05,1,120001,4,0.6380530162248648,0.0,0.6380530162248648,0.6380530162248648,0.0,0.0,0.0,0.0,0.6292364230298081,0.0,0.6292364230298081,0.6292364230298081,0.0,0.0,0.0,0.0,0.9246641603703114,0.0,0.9246641603703114,0.9246641603703114,0.5620868079591966,0.0,0.5620868079591966,0.5620868079591966,-0.5619698394956454,0.0,-0.5619698394956454,-0.5619698394956454,0.019579490246814952,0.0,0.019579490246814952,0.019579490246814952,0.9955282510835906,0.0,0.9955282510835906,0.9955282510835906,0.9331069015059951,0.0,0.9331069015059951,0.9331069015059951,0.062421349577595486,0.0,0.062421349577595486,0.062421349577595486,0.062421349577595486,0.0,0.062421349577595486,0.062421349577595486
123,header,high_density,important,0.1,1,120001,8,0.6446529612253231,0.0,0.6446529612253231,0.6446529612253231,0.0,0.0,0.0,0.0,0.6358363680302664,0.0,0.6358363680302664,0.6358363680302664,0.0,0.0,0.0,0.0,0.9343627925202973,0.0,0.9343627925202973,0.9343627925202973,0.6253487129755085,0.0,0.6253487129755085,0.6253487129755085,-0.6253482213164181,0.0,-0.6253482213164181,-0.6253482213164181,0.07222528008062888,0.0,0.07222528008062888,0.07222528008062888,0.9955282510835906,0.0,0.9955282510835906,0.9955282510835906,0.9939473756848524,0.0,0.9939473756848524,0.9939473756848524,0.0015808753987381907,0.0,0.0015808753987381907,0.0015808753987381907,0.0015808753987381907,0.0,0.0015808753987381907,0.0015808753987381907
123,header,high_density,random,0.01,20,120001,1,0.02995641702985809,0.04382482602043587,0.0,0.15105707452437897,0.007699935833868051,0.017091087253393242,0.0,0.05683285972616895,0.015417788185098457,0.03821052639598712,0.0,0.14224048132932227,0.02410015649452269,0.053493676616965115,0.0,0.17788210745957225,0.022656470040778337,0.0561504436394956,0.0,0.2090226668789263,0.0453574778697312,0.06905917191161227,0.0,0.2263091786392723,-0.0028690217067089316,0.08257262705199107,-0.2263091786392723,0.1664899144567372,-0.009461638014957134,0.026847274683185637,-0.10453306833822722,0.012309923375373214,0.9955282510835908,2.220446049250313e-16,0.9955282510835906,0.9955282510835906,0.9954486716420432,0.0005948892932016161,0.9936853187609319,0.9969017221960859,7.95794415475115e-05,0.000594889293201616,-0.0013734711124953058,0.0018429323226586414,7.95794415475115e-05,0.000594889293201616,-0.0013734711124953058,0.0018429323226586414
123,header,high_density,random,0.05,20,120001,4,0.20566078616011532,0.20216616686029235,0.000849992916725694,0.6367280272664394,0.05952450396246698,0.10710389863796585,0.0,0.3106807443271306,0.13158890342580482,0.2122660829303492,0.0,0.6279114340713827,0.18630672926447578,0.335226263444302,0.0,0.9724047991653626,0.19337015221464346,0.3119254260629289,0.0,0.9227170864917158,0.21515231825763853,0.15644442748577672,0.006471345155861928,0.5505625624645706,-0.03847484394269647,0.26293635246159835,-0.5505625624645706,0.35894564705715487,-0.02570469808543694,0.0656198689536189,-0.15434058177870041,0.07534550967159125,0.9955282510835908,2.220446049250313e-16,0.9955282510835906,0.9955282510835906,0.994454794009628,0.0022609602701882596,0.9884913197036564,0.9971578595434718,0.0010734570739624582,0.0022609602701882596,-0.0016296084598812488,0.007036931379934108,0.0010734570739624582,0.0022609602701882596,-0.0016296084598812488,0.007036931379934108
123,header,high_density,random,0.1,20,120001,8,0.2636557195356705,0.24093185169654488,0.0041916317364021965,0.6402613311555737,0.051780818493179226,0.09372425748867501,0.0,0.30619744835459706,0.1966475279372672,0.2656782400287675,0.0,0.631444737960517,0.1620696400625978,0.2933491033619846,0.0,0.9583724569640063,0.28897392880322303,0.39041469589757816,0.0,0.9279092835013042,0.25221345576591736,0.21450565362331392,0.016166868062245036,0.6059414757182786,-0.12843704940361172,0.3038939040145283,-0.6059414757182786,0.3545386692668111,-0.0041531999816010615,0.05711764924646741,-0.13008505788394434,0.07537647396879679,0.9955282510835908,2.220446049250313e-16,0.9955282510835906,0.9955282510835906,0.9914167944612963,0.00883303980212261,0.9552330064268073,0.9963669046576941,0.0041114566222943075,0.00883303980212261,-0.0008386535741035095,0.04029524465678325,0.0041114566222943075,0.00883303980212261,-0.0008386535741035095,0.04029524465678325
123,header,low_density,important,0.01,1,120000,1,0.3402,0.0,0.3402,0.3402,0.23876666666666665,0.0,0.23876666666666665,0.23876666666666665,0.0,0.0,0.0,0.0,0.5923873715549859,0.0,0.5923873715549859,0.5923873715549859,0.0,0.0,0.0,0.0,0.33185348878970855,0.0,0.33185348878970855,0.33185348878970855,0.33185348878970855,0.0,0.33185348878970855,0.33185348878970855,0.0795058408595902,0.0,0.0795058408595902,0.0795058408595902,0.8865357217802057,0.0,0.8865357217802057,0.8865357217802057,0.8775306436099366,0.0,0.8775306436099366,0.8775306436099366,0.009005078170269076,0.0,0.009005078170269076,0.009005078170269076,0.009005078170269076,0.0,0.009005078170269076,0.009005078170269076
123,header,low_density,important,0.05,1,120000,4,0.5239416666666666,0.0,0.5239416666666666,0.5239416666666666,0.0006666666666666666,0.0,0.0006666666666666666,0.0006666666666666666,0.44190833333333335,0.0,0.44190833333333335,0.44190833333333335,0.0016540203030992206,0.0,0.0016540203030992206,0.0016540203030992206,0.7402872977538285,0.0,0.7402872977538285,0.7402872977538285,0.46776568732598217,0.0,0.46776568732598217,0.46776568732598217,-0.46543827659578696,0.0,-0.46543827659578696,-0.46543827659578696,0.12715179809331945,0.0,0.12715179809331945,0.12715179809331945,0.8865357217802057,0.0,0.8865357217802057,0.8865357217802057,0.6681188969969238,0.0,0.6681188969969238,0.6681188969969238,0.21841682478328184,0.0,0.21841682478328184,0.21841682478328184,0.21841682478328184,0.0,0.21841682478328184,0.21841682478328184
123,header,low_density,important,0.1,1,120000,8,0.568175,0.0,0.568175,0.568175,0.00010833333333333333,0.0,0.00010833333333333333,0.00010833333333333333,0.48475833333333335,0.0,0.48475833333333335,0.48475833333333335,0.00026877829925362335,0.0,0.00026877829925362335,0.00026877829925362335,0.8120698560719222,0.0,0.8120698560719222,0.8120698560719222,0.5351071350080506,0.0,0.5351071350080506,0.5351071350080506,-0.5344578376868416,0.0,-0.5344578376868416,-0.5344578376868416,0.15997394067423965,0.0,0.15997394067423965,0.15997394067423965,0.8865357217802057,0.0,0.8865357217802057,0.8865357217802057,0.7117137031855643,0.0,0.7117137031855643,0.7117137031855643,0.17482201859464142,0.0,0.17482201859464142,0.17482201859464142,0.17482201859464142,0.0,0.17482201859464142,0.17482201859464142
123,header,low_density,random,0.01,20,120000,1,0.08734458333333334,0.12571276404397602,0.00019166666666666667,0.35380833333333334,0.02803875,0.06888334645308972,0.0,0.23876666666666665,0.03288583333333333,0.07550684222583187,0.0,0.277625,0.0695649926602849,0.17090168036824213,0.0,0.5923873715549859,0.05509053090056258,0.1264894820417939,0.0,0.46507894406209427,0.07531992978180477,0.11088915074672022,0.0001661328102133083,0.33185348878970855,0.009800549817557593,0.1336916033224915,-0.2732485352984439,0.33185348878970855,0.012937464771289889,0.02538672091491838,-0.012985643056016875,0.08492568916609693,0.8865357217802057,0.0,0.8865357217802057,0.8865357217802057,0.885592239702221,0.0027387406505746405,0.8775306436099366,0.8893733007140654,0.0009434820779846032,0.0027387406505746405,-0.002837578933859719,0.009005078170269076,0.0009434820779846032,0.0027387406505746405,-0.002837578933859719,0.009005078170269076
123,header,low_density,random,0.05,20,120000,4,0.2944729166666667,0.14498346203281542,0.01790833333333333,0.48020833333333335,0.09974708333333333,0.1225780283883551,0.0,0.3192333333333333,0.12229874999999997,0.15364854071682466,0.0,0.3982833333333333,0.24747555151239484,0.3041198215023179,0.0,0.7920276221390617,0.20487554618681333,0.2573928899532193,0.0,0.667206455125431,0.26821666707869807,0.14208291131319425,0.01169951780837856,0.45729766283412865,0.016068214250201822,0.3020976277671998,-0.4310036338947941,0.45729766283412865,0.06145690067829921,0.05844058479217025,-0.03899147872200934,0.1635281958831271,0.8865357217802057,0.0,0.8865357217802057,0.8865357217802057,0.8748033687121852,0.024159384126748562,0.7760730943847421,0.8885969539250449,0.011732353068020623,0.024159384126748562,-0.00206123214483922,0.11046262739546353,0.011732353068020623,0.024159384126748562,-0.00206123214483922,0.11046262739546353
123,header,low_density,random,0.1,20,120000,8,0.29848374999999994,0.1687463297229462,0.033341666666666665,0.5427416666666667,0.06013916666666667,0.09564236193511627,0.0,0.30625,0.16787458333333333,0.18430611309108297,0.0,0.4600166666666667,0.1492071040172018,0.2372916127155695,0.0,0.7598155767362045,0.28122443566512645,0.3087506257022595,0.0,0.7706224784666285,0.27190449323173643,0.15747072307778073,0.028415131641779,0.5002298302950574,-0.08203224052280088,0.3005443617423522,-0.5002298302950574,0.44424444116343964,0.06542827121534692,0.0582450544559968,-0.011761962164342861,0.16129001438514678,0.8865357217802057,0.0,0.8865357217802057,0.8865357217802057,0.8665344314767344,0.031084356715484072,0.7655111857384582,0.8923009651976967,0.02000129030347128,0.031084356715484072,-0.005765243417491073,0.12102453604174745,0.02000129030347128,0.031084356715484072,-0.005765243417491073,0.12102453604174745
123,header,mid_density,important,0.01,1,239999,1,0.4775019895916233,0.0,0.4775019895916233,0.4775019895916233,0.38380993254138557,0.0,0.38380993254138557,0.38380993254138557,0.0,0.0,0.0,0.0,0.600901541492436,0.0,0.600901541492436,0.600901541492436,0.0,0.0,0.0,0.0,0.4202151759841575,0.0,0.4202151759841575,0.4202151759841575,0.4202151759841575,0.0,0.4202151759841575,0.4202151759841575,-0.012013008990321723,0.0,-0.012013008990321723,-0.012013008990321723,0.9331872098279156,0.0,0.9331872098279156,0.9331872098279156,0.9302882906970109,0.0,0.9302882906970109,0.9302882906970109,0.002898919130904676,0.0,0.002898919130904676,0.002898919130904676,0.002898919130904676,0.0,0.002898919130904676,0.002898919130904676
123,header,mid_density,important,0.05,1,239999,4,0.2939678915328814,0.0,0.2939678915328814,0.2939678915328814,0.0,0.0,0.0,0.0,0.24044266851111878,0.0,0.24044266851111878,0.24044266851111878,0.0,0.0,0.0,0.0,0.6655364103983576,0.0,0.6655364103983576,0.6655364103983576,0.30128380027492613,0.0,0.30128380027492613,0.30128380027492613,-0.3009328460490897,0.0,-0.3009328460490897,-0.3009328460490897,0.1307498640508722,0.0,0.1307498640508722,0.1307498640508722,0.9331872098279156,0.0,0.9331872098279156,0.9331872098279156,0.6613734714044563,0.0,0.6613734714044563,0.6613734714044563,0.27181373842345924,0.0,0.27181373842345924,0.27181373842345924,0.27181373842345924,0.0,0.27181373842345924,0.27181373842345924
123,header,mid_density,important,0.1,1,239999,8,0.30754294809561705,0.0,0.30754294809561705,0.30754294809561705,0.0,0.0,0.0,0.0,0.25401772507385445,0.0,0.25401772507385445,0.25401772507385445,0.0,0.0,0.0,0.0,0.703111664706018,0.0,0.703111664706018,0.703111664706018,0.32910604448018504,0.0,0.32910604448018504,0.32910604448018504,-0.3290947739386236,0.0,-0.3290947739386236,-0.3290947739386236,0.14252783634466537,0.0,0.14252783634466537,0.14252783634466537,0.9331872098279156,0.0,0.9331872098279156,0.9331872098279156,0.7720322853037319,0.0,0.7720322853037319,0.7720322853037319,0.16115492452418367,0.0,0.16115492452418367,0.16115492452418367,0.16115492452418367,0.0,0.16115492452418367,0.16115492452418367
123,header,mid_density,random,0.01,20,239999,1,0.090009125038021,0.14393362806439722,0.0,0.4775019895916233,0.04555643981849924,0.11269682265719276,0.0,0.38380993254138557,0.02128113033804308,0.0496898416295895,0.0,0.17553823140929753,0.07132419614724742,0.17644070336482168,0.0,0.600901541492436,0.05890538140382441,0.1375396431764797,0.0,0.4858833298733652,0.07871137059707642,0.12647512885620305,3.762322733366809e-05,0.4202151759841575,0.02654888515522157,0.1465830644292796,-0.20977496881833121,0.4202151759841575,0.005498214330862001,0.019856702028164846,-0.01449968472989267,0.07164835781068168,0.9331872098279158,2.220446049250313e-16,0.9331872098279156,0.9331872098279156,0.9313954492369367,0.00326718611406255,0.9189982509771717,0.9336290442396817,0.0017917605909788191,0.003267186114062549,-0.000441834411766151,0.014188958850743894,0.0017917605909788191,0.003267186114062549,-0.000441834411766151,0.014188958850743894
123,header,mid_density,random,0.05,20,239999,4,0.3094517060487752,0.20017299815565534,0.010366709861291089,0.6791444964354019,0.17309717957158158,0.21881188253375347,0.0,0.5845899357913992,0.07701677923658015,0.09364670300830161,0.0,0.2392801636673486,0.27100487302094683,0.3425768495379326,0.0,0.9152472715649116,0.21317959541438886,0.25921060913073357,0.0,0.6623186400018454,0.2850678989060507,0.18990974727145427,0.010513581221173638,0.659234092184331,0.09847124928977802,0.3271598096816159,-0.2977421355116792,0.659234092184331,0.04680006659955242,0.06752261450343328,-0.10795693802325618,0.14757198178828335,0.9331872098279158,2.220446049250313e-16,0.9331872098279156,0.9331872098279156,0.9186125105636151,0.03315355097902802,0.7768590884372569,0.9336205566607969,0.014574699264300517,0.03315355097902802,-0.0004333468328813206,0.15632812139065866,0.014574699264300517,0.03315355097902802,-0.0004333468328813206,0.15632812139065866
123,header,mid_density,random,0.1,20,239999,8,0.25796815820065916,0.1662375953304828,0.03140013083387847,0.6490402043341847,0.10374189059121079,0.1769289518405954,0.0,0.5544898103742099,0.09770749044787687,0.10459670174557728,0.0,0.24870103625431772,0.16242065847755605,0.27700398265276993,0.0,0.8681218320471255,0.2704507185200563,0.28951980050096654,0.0,0.6883952667635458,0.2439736456012283,0.1594947380648988,0.030831443348880525,0.631120652727938,0.00026116848045911465,0.2884179737348907,-0.3185976637719571,0.631120652727938,0.05491188896165734,0.07117075143968754,-0.07091303621512193,0.145787258607447,0.9331872098279158,2.220446049250313e-16,0.9331872098279156,0.9331872098279156,0.9088972149888244,0.04113585547845935,0.7417703150995484,0.9333846646849342,0.02428999483909125,0.04113585547845935,-0.00019745485701860854,0.1914168947283672,0.02428999483909125,0.04113585547845935,-0.00019745485701860854,0.1914168947283672
123,imports,high_density,important,0.01,1,154723,13,0.06368154702274387,0.0,0.06368154702274387,0.06368154702274387,0.0,0.0,0.0,0.0,0.05948695410507811,0.0,0.05948695410507811,0.05948695410507811,0.0,0.0,0.0,0.0,0.14522618615586097,0.0,0.14522618615586097,0.14522618615586097,0.052365753708465294,0.0,0.052365753708465294,0.052365753708465294,-0.05171996866434958,0.0,-0.05171996866434958,-0.05171996866434958,-0.0006705825506460234,0.0,-0.0006705825506460234,-0.0006705825506460234,0.7795147941747849,0.0,0.7795147941747849,0.7795147941747849,0.6697908580239774,0.0,0.6697908580239774,0.6697908580239774,0.10972393615080744,0.0,0.10972393615080744,0.10972393615080744,0.10972393615080744,0.0,0.10972393615080744,0.10972393615080744
123,imports,high_density,important,0.05,1,154723,65,0.029795182358149725,0.0,0.029795182358149725,0.029795182358149725,0.0,0.0,0.0,0.0,0.025749242194114643,0.0,0.025749242194114643,0.025749242194114643,0.0,0.0,0.0,0.0,0.06286192151726967,0.0,0.06286192151726967,0.06286192151726967,0.05033565068320328,0.0,0.05033565068320328,0.05033565068320328,-0.04840016069686331,0.0,-0.04840016069686331,-0.04840016069686331,-0.00649082399380289,0.0,-0.00649082399380289,-0.00649082399380289,0.7795147941747849,0.0,0.7795147941747849,0.7795147941747849,0.7076185798698083,0.0,0.7076185798698083,0.7076185798698083,0.07189621430497661,0.0,0.07189621430497661,0.07189621430497661,0.07189621430497661,0.0,0.07189621430497661,0.07189621430497661
123,imports,high_density,important,0.1,1,154723,129,0.049074798187729037,0.0,0.049074798187729037,0.049074798187729037,0.0,0.0,0.0,0.0,0.045028858023693955,0.0,0.045028858023693955,0.045028858023693955,0.0,0.0,0.0,0.0,0.10992946968143018,0.0,0.10992946968143018,0.10992946968143018,0.064278304522833,0.0,0.064278304522833,0.064278304522833,-0.06080715257809422,0.0,-0.06080715257809422,-0.06080715257809422,-0.014385117501068448,0.0,-0.014385117501068448,-0.014385117501068448,0.7795147941747849,0.0,0.7795147941747849,0.7795147941747849,0.6964746560051893,0.0,0.6964746560051893,0.6964746560051893,0.08304013816959555,0.0,0.08304013816959555,0.08304013816959555,0.08304013816959555,0.0,0.08304013816959555,0.08304013816959555
123,imports,high_density,random,0.01,20,154723,13,0.004194592917665765,0.007127805703338308,0.0,0.01973203725367269,0.001082902994383511,0.0030926330299331883,0.0,0.013159000277916017,0.0016784834833864389,0.004799021236149882,0.0,0.01606096055531498,0.0018342346681847047,0.005238340598278552,0.0,0.022288879644428876,0.004097701058743708,0.011715905813162793,0.0,0.03920980797450179,0.00596571546271395,0.005925244102229537,0.0012523902489063297,0.025047360661635328,-0.0015808817839697003,0.007970326699356703,-0.025008892871740462,0.008556151276369519,-0.0011512800496325058,0.0018404420273397777,-0.004562881676329111,0.0014536404660798951,0.779514794174785,1.1102230246251565e-16,0.7795147941747849,0.7795147941747849,0.7811846286109295,0.0185768984008578,0.73589590105325,0.8114023169486428,-0.0016698344361445682,0.0185768984008578,-0.03188752277385798,0.043618893121534885,-0.0016698344361445682,0.0185768984008578,-0.03188752277385798,0.043618893121534885
123,imports,high_density,random,0.05,20,154723,65,0.01881329860460306,0.01904496400471309,0.0,0.07775831647524932,0.004476709991403993,0.006481686026243181,0.0,0.02766880166491084,0.006351350477950919,0.01598685844751381,0.0,0.07351848141517421,0.007582707507717908,0.010978761051807673,0.0,0.046865763142337924,0.015505625069031354,0.03902890164530791,0.0,0.1794815153762406,0.017398417930309648,0.014841063593165428,0.0056625450656815806,0.07538028308092211,-0.00219762330315482,0.021038031041288666,-0.07460741789958962,0.03600265121164974,-0.0009940635224414958,0.00438812715568745,-0.008958884893377764,0.011681542731829878,0.779514794174785,1.1102230246251565e-16,0.7795147941747849,0.7795147941747849,0.7768105490880466,0.03930444601360835,0.6202470243220074,0.8099376454760536,0.0027042450867382772,0.03930444601360835,-0.03042285130126876,0.15926776985277746,0.0027042450867382772,0.03930444601360835,-0.03042285130126876,0.15926776985277746
123,imports,high_density,random,0.1,20,154723,129,0.032725580553634566,0.02418274354959387,0.0010987377442267794,0.08479670120150204,0.003338870109809143,0.006081141244704323,0.0,0.024488925369854513,0.022689580734603126,0.025224578410186303,0.0,0.08055686614142693,0.00565542005123377,0.010300313279228285,0.0,0.04147964880782957,0.055392334758666395,0.06158105377911949,0.0,0.19666440506808464,0.03283756538954924,0.019984567090359652,0.010746099358314758,0.08176749057165493,-0.017887542603053072,0.03177754048752701,-0.08176749057165493,0.05696913056348624,-0.0015728181147389823,0.0053681320276970975,-0.009112724666173506,0.013408361491102356,0.779514794174785,1.1102230246251565e-16,0.7795147941747849,0.7795147941747849,0.7439437846324853,0.04992391305129329,0.6260419693257311,0.8103503923791531,0.035571009542299394,0.04992391305129329,-0.03083559820436821,0.15347282484905378,0.035571009542299394,0.04992391305129329,-0.03083559820436821,0.15347282484905378
123,imports,low_density,important,0.01,1,120002,13,0.13660605656572392,0.0,0.13660605656572392,0.13660605656572392,0.009524841252645789,0.0,0.009524841252645789,0.009524841252645789,0.0760987316878052,0.0,0.0760987316878052,0.0760987316878052,0.013075259960877175,0.0,0.013075259960877175,0.013075259960877175,0.2802516495319933,0.0,0.2802516495319933,0.2802516495319933,0.1268423093798161,0.0,0.1268423093798161,0.1268423093798161,-0.10213170781431749,0.0,-0.10213170781431749,-0.10213170781431749,0.014479922474848635,0.0,0.014479922474848635,0.014479922474848635,0.8729320777098772,0.0,0.8729320777098772,0.8729320777098772,0.8243902048358587,0.0,0.8243902048358587,0.8243902048358587,0.048541872874018566,0.0,0.048541872874018566,0.048541872874018566,0.048541872874018566,0.0,0.048541872874018566,0.048541872874018566
123,imports,low_density,important,0.05,1,120002,65,0.17184713588106865,0.0,0.17184713588106865,0.17184713588106865,0.038766020566323896,0.0,0.038766020566323896,0.038766020566323896,0.08436526057899035,0.0,0.08436526057899035,0.08436526057899035,0.05321619364654472,0.0,0.05321619364654472,0.05321619364654472,0.31069510510971304,0.0,0.31069510510971304,0.31069510510971304,0.15799366729964737,0.0,0.15799366729964737,0.15799366729964737,-0.06310975710034583,0.0,-0.06310975710034583,-0.06310975710034583,-0.015639410050714703,0.0,-0.015639410050714703,-0.015639410050714703,0.8729320777098772,0.0,0.8729320777098772,0.8729320777098772,0.7777465722196908,0.0,0.7777465722196908,0.7777465722196908,0.09518550549018645,0.0,0.09518550549018645,0.09518550549018645,0.09518550549018645,0.0,0.09518550549018645,0.09518550549018645
123,imports,low_density,important,0.1,1,120002,129,0.1967717204713255,0.0,0.1967717204713255,0.1967717204713255,0.06624056265728905,0.0,0.06624056265728905,0.06624056265728905,0.07867368877185381,0.0,0.07867368877185381,0.07867368877185381,0.09093196975416681,0.0,0.09093196975416681,0.09093196975416681,0.28973454043271446,0.0,0.28973454043271446,0.28973454043271446,0.18174612506673965,0.0,0.18174612506673965,0.18174612506673965,-0.018015971458497766,0.0,-0.018015971458497766,-0.018015971458497766,-0.03979917274770788,0.0,-0.03979917274770788,-0.03979917274770788,0.8729320777098772,0.0,0.8729320777098772,0.8729320777098772,0.7535567338634706,0.0,0.7535567338634706,0.7535567338634706,0.11937534384640669,0.0,0.11937534384640669,0.11937534384640669,0.11937534384640669,0.0,0.11937534384640669,0.11937534384640669
123,imports,low_density,random,0.01,20,120002,13,0.026193313444775924,0.018928209974802608,0.010183163613939767,0.08148197530041167,0.007725704571590474,0.006802819453306351,0.00023332944450925818,0.02866618889685172,0.006775720404659923,0.011157889057086675,0.00014166430559490675,0.04092431792803453,0.01060548863493371,0.009338594781743467,0.00032030383106260797,0.03935161353054898,0.024953199324842718,0.041091575959138094,0.0005217124443762468,0.1507135184901028,0.024418133812505866,0.01767067254553411,0.010608818438079504,0.07495459117980778,-0.002520888254804286,0.026614862860750918,-0.07421204841526902,0.03754674339188973,8.246558136491815e-05,0.005777504776243047,-0.011563194054026345,0.014912353153666798,0.872932077709877,2.220446049250313e-16,0.8729320777098772,0.8729320777098772,0.8709017597962131,0.00261937541028949,0.8628057386876858,0.8744349748950313,0.0020303179136640314,0.00261937541028949,-0.0015028971851540618,0.0101263390221914,0.0020303179136640314,0.00261937541028949,-0.0015028971851540618,0.0101263390221914
123,imports,low_density,random,0.05,20,120002,65,0.07439709338177697,0.04096769318654044,0.037049382510291495,0.1925134581090315,0.030412409793170114,0.032187626097470806,0.0002916618056365727,0.14855585740237662,0.01606139897668372,0.02503640441541328,3.333277778703688e-05,0.11603139947667539,0.041748744523376465,0.04418567906641376,0.00040037978882825995,0.20393058558403973,0.05914991560533987,0.0922025043013173,0.00012275586926499923,0.4273131809114623,0.0693066346531924,0.03875519442646731,0.03449683783843057,0.18157849017804206,0.011937211660612896,0.06899851267657352,-0.18101022182219756,0.17834059035895997,-0.001744991532404251,0.013323302704043067,-0.022285141825132308,0.045382229711301604,0.872932077709877,2.220446049250313e-16,0.8729320777098772,0.8729320777098772,0.8655677502573216,0.005355644262395999,0.8510856467494138,0.8729284189201982,0.007364327452555619,0.005355644262395998,3.6587896790063468e-06,0.02184643096046346,0.007364327452555619,0.005355644262395998,3.6587896790063468e-06,0.02184643096046346
123,imports,low_density,random,0.1,20,120002,129,0.11079857002383293,0.05155640274844956,0.060132331127814534,0.27580373660438995,0.034643589273512104,0.0490962188022591,0.000716654722421293,0.21224646255895735,0.03469983833602774,0.031261160294634445,0.0,0.11137314378093699,0.047557111317020714,0.06739701029214794,0.0009837903382637246,0.29136209204159375,0.12779039435323,0.11512664593146302,0.0,0.41015804818167867,0.10386763798947016,0.04748438321988695,0.05748650227669058,0.25284976114558533,-0.015123403727349344,0.09706984583123736,-0.1763155574384534,0.2527597979174586,0.0020273754363544427,0.016270848534419517,-0.021380141656015393,0.040520009360530546,0.872932077709877,2.220446049250313e-16,0.8729320777098772,0.8729320777098772,0.8583469785177176,0.009799793679738874,0.8398895354804381,0.8712937782746668,0.01458509919215964,0.009799793679738872,0.001638299435210433,0.03304254222943914,0.01458509919215964,0.009799793679738872,0.001638299435210433,0.03304254222943914
123,imports,mid_density,important,0.01,1,205275,13,0.20874436731214224,0.0,0.20874436731214224,0.20874436731214224,0.006074777737181829,0.0,0.006074777737181829,0.006074777737181829,0.16775545000608938,0.0,0.16775545000608938,0.16775545000608938,0.0203635057236638,0.0,0.0203635057236638,0.0203635057236638,0.23907579944181395,0.0,0.23907579944181395,0.23907579944181395,0.16690474531055535,0.0,0.16690474531055535,0.16690474531055535,-0.14767243541654862,0.0,-0.14767243541654862,-0.14767243541654862,-0.0046912932274459545,0.0,-0.0046912932274459545,-0.0046912932274459545,0.9472000354082414,0.0,0.9472000354082414,0.9472000354082414,0.9178111426216826,0.0,0.9178111426216826,0.9178111426216826,0.029388892786558762,0.0,0.029388892786558762,0.029388892786558762,0.029388892786558762,0.0,0.029388892786558762,0.029388892786558762
123,imports,mid_density,important,0.05,1,205275,65,0.23415418341249544,0.0,0.23415418341249544,0.23415418341249544,0.017785896967482645,0.0,0.017785896967482645,0.017785896967482645,0.17683108025819022,0.0,0.17683108025819022,0.17683108025819022,0.05962081747962833,0.0,0.05962081747962833,0.05962081747962833,0.2520098862800094,0.0,0.2520098862800094,0.2520098862800094,0.18687313633883565,0.0,0.18687313633883565,0.18687313633883565,-0.1374268687902918,0.0,-0.1374268687902918,-0.1374268687902918,-0.042899746584010225,0.0,-0.042899746584010225,-0.042899746584010225,0.9472000354082414,0.0,0.9472000354082414,0.9472000354082414,0.8833508925219724,0.0,0.8833508925219724,0.8833508925219724,0.06384914288626897,0.0,0.06384914288626897,0.06384914288626897,0.06384914288626897,0.0,0.06384914288626897,0.06384914288626897
123,imports,mid_density,important,0.1,1,205275,129,0.2727024722932651,0.0,0.2727024722932651,0.2727024722932651,0.03213737668980636,0.0,0.03213737668980636,0.03213737668980636,0.19696991840214348,0.0,0.19696991840214348,0.19696991840214348,0.10772898737691265,0.0,0.10772898737691265,0.10772898737691265,0.2807106458018023,0.0,0.2807106458018023,0.2807106458018023,0.2322830674209875,0.0,0.2322830674209875,0.2322830674209875,-0.15708918641078085,0.0,-0.15708918641078085,-0.15708918641078085,-0.10028072164705665,0.0,-0.10028072164705665,-0.10028072164705665,0.9472000354082414,0.0,0.9472000354082414,0.9472000354082414,0.8387362283428216,0.0,0.8387362283428216,0.8387362283428216,0.1084638070654198,0.0,0.1084638070654198,0.1084638070654198,0.1084638070654198,0.0,0.1084638070654198,0.1084638070654198
123,imports,mid_density,random,0.01,20,205275,13,0.022609669954938495,0.016518227942143762,0.005889660211910851,0.06623310193642674,0.0041575934721714775,0.004203826407459451,0.00021434660820850079,0.017362075264888564,0.008664474485446353,0.013522626233435019,1.4614541468761417e-05,0.0478772378516624,0.013936835573264531,0.014091814847089811,0.0007185198491108317,0.058200107777977364,0.012348130354489787,0.019271699829686424,2.082783709854344e-05,0.06823199433482831,0.01971949149851098,0.01698177326259221,0.006937568480576854,0.06940789276633014,-0.003495075418646769,0.0236976164426834,-0.06828895159481294,0.030539096333067922,-2.3974096726433505e-05,0.0034404232366694308,-0.0036928941975134643,0.009798334152882948,0.9472000354082413,1.1102230246251565e-16,0.9472000354082414,0.9472000354082414,0.9454470575075004,0.0017024036866138993,0.9392204267653627,0.9473822845097795,0.0017529779007411483,0.0017024036866138989,-0.00018224910153807894,0.007979608642878722,0.0017529779007411483,0.0017024036866138989,-0.00018224910153807894,0.007979608642878722
123,imports,mid_density,random,0.05,20,205275,65,0.07067567896723906,0.057520513685702254,0.03192790159542078,0.2852466203872853,0.018716599683351598,0.02371296463356034,0.00010717330410425039,0.10207770064547558,0.026219461697722574,0.05279751768545177,0.00028254780172938743,0.25010839118256,0.0627406633244607,0.07948917835873896,0.00035925992455541585,0.3421787481424629,0.037366528277260155,0.0752441053255468,0.0004026715172385065,0.35644066149210624,0.061161436912711586,0.04633418547501607,0.031648577152247816,0.23821521721571645,-0.0008569764890631225,0.06957091637947103,-0.23753525229268152,0.13321589437488637,-0.0014076313205553738,0.004889233236838895,-0.010135870941940567,0.012988088720154754,0.9472000354082413,1.1102230246251565e-16,0.9472000354082414,0.9472000354082414,0.9379600292697189,0.004936810384998908,0.9266068944788403,0.9448324191134136,0.009240006138522333,0.004936810384998908,0.0023676162948277346,0.02059314092940112,0.009240006138522333,0.004936810384998908,0.0023676162948277346,0.02059314092940112
123,imports,mid_density,random,0.1,20,205275,129,0.11451589331384726,0.07122874529614108,0.03553769333820485,0.2784508586043113,0.02204384362440628,0.03704621250057758,9.743027645840945e-05,0.14893679210814761,0.06340323955669225,0.06885742215572001,9.743027645840945e-06,0.2422165387894288,0.0738940509822493,0.12418409247768607,0.0003265999314140144,0.4992569851560331,0.09035879420708423,0.09813179392254422,1.3885224732362294e-05,0.3451936294588928,0.1036747238912638,0.059683989248078426,0.037197754049462,0.2528324252304833,-0.04041699795199831,0.10094856634115319,-0.25240963432903213,0.1985233287134838,-0.0034824183326312625,0.01306867966727463,-0.01650775208403753,0.04435084115883984,0.9472000354082413,1.1102230246251565e-16,0.9472000354082414,0.9472000354082414,0.928168446421527,0.011749972647197725,0.88750978375548,0.9433999386471107,0.019031588986714455,0.011749972647197725,0.003800096761130689,0.05969025165276143,0.019031588986714455,0.011749972647197725,0.003800096761130689,0.05969025165276143
2024,header,high_density,important,0.01,1,120000,1,0.015783333333333333,0.0,0.015783333333333333,0.015783333333333333,0.010608333333333334,0.0,0.010608333333333334,0.010608333333333334,0.0,0.0,0.0,0.0,0.03393490256711007,0.0,0.03393490256711007,0.03393490256711007,0.0,0.0,0.0,0.0,0.06822120973258607,0.0,0.06822120973258607,0.06822120973258607,0.06822120973258607,0.0,0.06822120973258607,0.06822120973258607,-0.06144086404668477,0.0,-0.06144086404668477,-0.06144086404668477,0.995016959430012,0.0,0.995016959430012,0.995016959430012,0.9897413131630162,0.0,0.9897413131630162,0.9897413131630162,0.005275646266995837,0.0,0.005275646266995837,0.005275646266995837,0.005275646266995837,0.0,0.005275646266995837,0.005275646266995837
2024,header,high_density,important,0.05,1,120000,4,0.0411,0.0,0.0411,0.0411,0.0198,0.0,0.0198,0.0198,0.0,0.0,0.0,0.0,0.06333804281182523,0.0,0.06333804281182523,0.06333804281182523,0.0,0.0,0.0,0.0,0.049166802900608875,0.0,0.049166802900608875,0.049166802900608875,0.04691485857078982,0.0,0.04691485857078982,0.04691485857078982,-0.004173522539317149,0.0,-0.004173522539317149,-0.004173522539317149,0.995016959430012,0.0,0.995016959430012,0.995016959430012,0.9949432432640318,0.0,0.9949432432640318,0.9949432432640318,7.37161659801755e-05,0.0,7.37161659801755e-05,7.37161659801755e-05,7.37161659801755e-05,0.0,7.37161659801755e-05,7.37161659801755e-05
2024,header,high_density,important,0.1,1,120000,8,0.6659583333333333,0.0,0.6659583333333333,0.6659583333333333,0.0,0.0,0.0,0.0,0.65735,0.0,0.65735,0.65735,0.0,0.0,0.0,0.0,0.9562961436347546,0.0,0.9562961436347546,0.9562961436347546,0.6409301734458146,0.0,0.6409301734458146,0.6409301734458146,-0.6409299260684618,0.0,-0.6409299260684618,-0.6409299260684618,0.07356334909646428,0.0,0.07356334909646428,0.07356334909646428,0.995016959430012,0.0,0.995016959430012,0.995016959430012,0.9881870017317463,0.0,0.9881870017317463,0.9881870017317463,0.006829957698265665,0.0,0.006829957698265665,0.006829957698265665,0.006829957698265665,0.0,0.006829957698265665,0.006829957698265665
2024,header,high_density,random,0.01,20,120000,1,0.06451333333333334,0.12894311925332727,0.0,0.48254166666666665,0.0083225,0.010270858214980002,0.0,0.041425,0.048195833333333334,0.13062210939119595,0.0,0.4739333333333333,0.02662277077279876,0.03285535643103992,0.0,0.13251406179191214,0.0701140785820796,0.1900257389278736,0.0,0.6894662189193449,0.0627914583118756,0.11016244778993367,0.0,0.4098796866369999,-0.026161207848517505,0.12407305647846568,-0.4098796866369999,0.1096697916126227,-0.015818809771346937,0.0431143877575569,-0.13836924218885116,0.025863482650354035,0.9950169594300118,2.220446049250313e-16,0.995016959430012,0.995016959430012,0.994163720650372,0.0014326460354099797,0.9897413131630162,0.9952064104855756,0.0008532387796400198,0.0014326460354099797,-0.0001894510555635609,0.005275646266995837,0.0008532387796400198,0.0014326460354099797,-0.0001894510555635609,0.005275646266995837
2024,header,high_density,random,0.05,20,120000,4,0.26672,0.26054834344821903,0.0059,0.666,0.043382500000000004,0.08758151619190103,0.0,0.29825833333333335,0.20708458333333332,0.28322283871532195,0.0,0.6573916666666667,0.13877589102444482,0.28016372838824205,0.0,0.9540959134166822,0.30126141088898856,0.41202541789419717,0.0,0.9563567592469117,0.2627069426090553,0.2304495436990765,0.006838468604828863,0.6416062417177351,-0.12240752681848358,0.32730317293159833,-0.6416062417177351,0.33943169581136323,0.0031469817136925934,0.05473881290913982,-0.1272274757184868,0.07422968694157768,0.9950169594300118,2.220446049250313e-16,0.995016959430012,0.995016959430012,0.992435969189399,0.0030601348828954026,0.9821366498718122,0.9953375986155522,0.002580990240613051,0.003060134882895402,-0.00032063918554015025,0.012880309558199854,0.002580990240613051,0.003060134882895402,-0.00032063918554015025,0.012880309558199854
2024,header,high_density,random,0.1,20,120000,8,0.30398458333333334,0.2509827571444982,0.0014833333333333332,0.6554666666666666,0.07282583333333333,0.11400559214780748,0.0,0.302625,0.2141316666666667,0.28772947115930114,0.0,0.6468583333333333,0.23296190653906645,0.3646914684972382,0.0,0.9680644043398289,0.3115133293731134,0.4185815527188058,0.0,0.9410331324936051,0.2865659642127289,0.21504923949992658,0.012701106882368605,0.6301251711764844,-0.09888640473926194,0.3437695496629142,-0.6301251711764844,0.3541103386940752,0.006471675810837785,0.05761440747095353,-0.1448764893759705,0.07266306637260196,0.9950169594300118,2.220446049250313e-16,0.995016959430012,0.995016959430012,0.9900812640837963,0.0032633931555018565,0.9826220798857046,0.9943441434247295,0.0049356953462157795,0.0032633931555018565,0.0006728160052824617,0.012394879544307402,0.0049356953462157795,0.0032633931555018565,0.0006728160052824617,0.012394879544307402
2024,header,low_density,important,0.01,1,120004,1,0.1921435952134929,0.0,0.1921435952134929,0.1921435952134929,0.1548615046165128,0.0,0.1548615046165128,0.1548615046165128,0.0,0.0,0.0,0.0,0.38147631168404633,0.0,0.38147631168404633,0.38147631168404633,0.0,0.0,0.0,0.0,0.14673322486259702,0.0,0.14673322486259702,0.14673322486259702,0.14673322486259702,0.0,0.14673322486259702,0.14673322486259702,-0.034771724893729185,0.0,-0.034771724893729185,-0.034771724893729185,0.8840992500451661,0.0,0.8840992500451661,0.8840992500451661,0.7697906555805907,0.0,0.7697906555805907,0.7697906555805907,0.11430859446457542,0.0,0.11430859446457542,0.11430859446457542,0.11430859446457542,0.0,0.11430859446457542,0.11430859446457542
2024,header,low_density,important,0.05,1,120004,4,0.2910819639345355,0.0,0.2910819639345355,0.2910819639345355,0.20279324022532583,0.0,0.20279324022532583,0.20279324022532583,0.01078297390086997,0.0,0.01078297390086997,0.01078297390086997,0.49954840298875114,0.0,0.49954840298875114,0.49954840298875114,0.018151722590057234,0.0,0.018151722590057234,0.018151722590057234,0.2364797348412822,0.0,0.2364797348412822,0.2364797348412822,0.21649852301311742,0.0,0.21649852301311742,0.21649852301311742,0.002683837884446435,0.0,0.002683837884446435,0.002683837884446435,0.8840992500451661,0.0,0.8840992500451661,0.8840992500451661,0.7512001128895778,0.0,0.7512001128895778,0.7512001128895778,0.13289913715558832,0.0,0.13289913715558832,0.13289913715558832,0.13289913715558832,0.0,0.13289913715558832,0.13289913715558832
2024,header,low_density,important,0.1,1,120004,8,0.566939435352155,0.0,0.566939435352155,0.566939435352155,0.0006666444451851605,0.0,0.0006666444451851605,0.0006666444451851605,0.48296723442551914,0.0,0.48296723442551914,0.48296723442551914,0.0016421709499958945,0.0,0.0016421709499958945,0.0016421709499958945,0.8130120076310179,0.0,0.8130120076310179,0.8130120076310179,0.5328506597956695,0.0,0.5328506597956695,0.5328506597956695,-0.5316657119404083,0.0,-0.5316657119404083,-0.5316657119404083,0.15898512669722756,0.0,0.15898512669722756,0.15898512669722756,0.8840992500451661,0.0,0.8840992500451661,0.8840992500451661,0.6725425267232178,0.0,0.6725425267232178,0.6725425267232178,0.2115567233219483,0.0,0.2115567233219483,0.2115567233219483,0.2115567233219483,0.0,0.2115567233219483,0.2115567233219483
2024,header,low_density,random,0.01,20,120004,1,0.10068622712576247,0.1354762272191302,0.0,0.4567514416186127,0.023851704943168562,0.04437095196589164,0.0,0.1548615046165128,0.047927152428252386,0.11148724283009301,0.0,0.37497916736108794,0.05875482387716561,0.10930067574749282,0.0,0.38147631168404633,0.08067907642239927,0.1876741539751779,0.0,0.6312282572101896,0.08681765010080633,0.11505281536936655,0.0,0.38850337870114404,-0.010291298942730377,0.14376558649243895,-0.38850337870114404,0.2447248109163297,0.012078857821314886,0.026002979992203423,-0.034771724893729185,0.083845827641842,0.8840992500451662,1.1102230246251565e-16,0.8840992500451661,0.8840992500451661,0.8770923341311743,0.02480491109705019,0.7697906555805907,0.886210530054488,0.007006915913991885,0.02480491109705019,-0.0021112800093219253,0.11430859446457542,0.007006915913991885,0.02480491109705019,-0.0021112800093219253,0.11430859446457542
2024,header,low_density,random,0.05,20,120004,4,0.3016474450851639,0.1976266105843038,0.013749541681943936,0.5677810739642012,0.07372379254024866,0.10842626598370989,0.0,0.3017566081130629,0.15847305089830338,0.20639587228265174,0.0,0.4844505183160561,0.18160665900320222,0.2670905990456754,0.0,0.7433286805156417,0.2667686006059926,0.34744038628390955,0.0,0.8155089215576254,0.2864661175846193,0.18453481903048685,0.011077282507683542,0.536603805011771,-0.05563331264360187,0.3358807265348484,-0.536603805011771,0.43305094606979905,0.07716112163697984,0.060537661883903596,0.002364073522797164,0.16255259729259988,0.8840992500451662,1.1102230246251565e-16,0.8840992500451661,0.8840992500451661,0.8735110534453968,0.025152572308217134,0.7668233109197854,0.8861256520366361,0.010588196599769423,0.025152572308217134,-0.0020264019914699727,0.1172759391253807,0.010588196599769423,0.025152572308217134,-0.0020264019914699727,0.1172759391253807
2024,header,low_density,random,0.1,20,120004,8,0.3450493316889437,0.17634982270153873,0.02936568781040632,0.5668561047965068,0.10258533048898369,0.12837836398806687,0.0,0.31375620812639576,0.1653574047531749,0.20400492492907837,0.0,0.48358388053731544,0.25270239756958707,0.31623937088480125,0.0,0.7728877576155678,0.27835750757490735,0.3434155399392482,0.0,0.8140500504993828,0.33003721292237775,0.16907282764768303,0.025436914100620045,0.5335468505394082,-0.024534412409623167,0.36850169857373427,-0.5334177422033736,0.44988739062887056,0.09145685804548202,0.06058014020787881,-0.015426577269411396,0.16037265608915574,0.8840992500451662,1.1102230246251565e-16,0.8840992500451661,0.8840992500451661,0.8663775548836229,0.021285523409663623,0.8043463511681588,0.887042294892807,0.017721695161542983,0.02128552340966362,-0.002943044847640852,0.07975289887700732,0.017721695161542983,0.02128552340966362,-0.002943044847640852,0.07975289887700732
2024,header,mid_density,important,0.01,1,239996,1,0.27365872764546073,0.0,0.27365872764546073,0.27365872764546073,0.2482124702078368,0.0,0.2482124702078368,0.2482124702078368,0.0,0.0,0.0,0.0,0.38739424208725964,0.0,0.38739424208725964,0.38739424208725964,0.0,0.0,0.0,0.0,0.22797512233103936,0.0,0.22797512233103936,0.22797512233103936,0.22797512233103936,0.0,0.22797512233103936,0.22797512233103936,-0.10624094168487185,0.0,-0.10624094168487185,-0.10624094168487185,0.9352693143601519,0.0,0.9352693143601519,0.9352693143601519,0.780664051997403,0.0,0.780664051997403,0.780664051997403,0.15460526236274896,0.0,0.15460526236274896,0.15460526236274896,0.15460526236274896,0.0,0.15460526236274896,0.15460526236274896
2024,header,mid_density,important,0.05,1,239996,4,0.40759012650210835,0.0,0.40759012650210835,0.40759012650210835,0.3307555125918765,0.0,0.3307555125918765,0.3307555125918765,0.0003833397223287055,0.0,0.0003833397223287055,0.0003833397223287055,0.516222174532259,0.0,0.516222174532259,0.516222174532259,0.0010669759350536386,0.0,0.0010669759350536386,0.0010669759350536386,0.30518770732037726,0.0,0.30518770732037726,0.30518770732037726,0.301019167475257,0.0,0.301019167475257,0.301019167475257,-0.023445660028393094,0.0,-0.023445660028393094,-0.023445660028393094,0.9352693143601519,0.0,0.9352693143601519,0.9352693143601519,0.7834287529249282,0.0,0.7834287529249282,0.7834287529249282,0.15184056143522373,0.0,0.15184056143522373,0.15184056143522373,0.15184056143522373,0.0,0.15184056143522373,0.15184056143522373
2024,header,mid_density,important,0.1,1,239996,8,0.3115301921698695,0.0,0.3115301921698695,0.3115301921698695,0.0,0.0,0.0,0.0,0.262412706878448,0.0,0.262412706878448,0.262412706878448,0.0,0.0,0.0,0.0,0.7303914178022616,0.0,0.7303914178022616,0.7303914178022616,0.3330767716150933,0.0,0.3330767716150933,0.3330767716150933,-0.33304860567061895,0.0,-0.33304860567061895,-0.33304860567061895,0.14459362645113935,0.0,0.14459362645113935,0.14459362645113935,0.9352693143601519,0.0,0.9352693143601519,0.9352693143601519,0.6759019540338003,0.0,0.6759019540338003,0.6759019540338003,0.25936736032635166,0.0,0.25936736032635166,0.25936736032635166,0.25936736032635166,0.0,0.25936736032635166,0.25936736032635166
2024,header,mid_density,random,0.01,20,239996,1,0.08702165869431158,0.10253123613275947,0.0,0.30205503425057084,0.03334388906481775,0.06773999694045353,0.0,0.2482124702078368,0.028166302771712858,0.06643604768538709,0.0,0.21982449707495125,0.05204102203926618,0.10572428029811266,0.0,0.38739424208725964,0.07839721658451726,0.18491604175473655,0.0,0.6118527109307046,0.07961008833224423,0.0966122845077103,0.0,0.28447963188435627,0.00947962723278456,0.12482722599494846,-0.2687804240286178,0.28447963188435627,0.0027302227646515947,0.041481128308952196,-0.10624094168487185,0.10681237707049812,0.9352693143601518,1.1102230246251565e-16,0.9352693143601519,0.9352693143601519,0.9273285768619282,0.0336896773517477,0.780664051997403,0.9374546167774543,0.00794073749822381,0.0336896773517477,-0.002185302417302415,0.15460526236274896,0.00794073749822381,0.0336896773517477,-0.002185302417302415,0.15460526236274896
2024,header,mid_density,random,0.05,20,239996,4,0.2696630360506008,0.19857845854681805,0.011850197503291722,0.666490274837914,0.1258300138335639,0.2025242854367182,0.0,0.5707470124502075,0.08788083968066134,0.11409488942835444,0.0,0.26352522542042367,0.1963874852865625,0.31608702816311673,0.0,0.8907856487894337,0.24460481298927225,0.3175681888460116,0.0,0.7334879675268193,0.26062919376624005,0.1871452604868294,0.01239554715127025,0.6316950570562057,0.03793878667022081,0.3184681081882157,-0.33492330733798553,0.6316950570562057,0.05727897570280786,0.06596689542789583,-0.027070321542941023,0.1457136629450648,0.9352693143601518,1.1102230246251565e-16,0.9352693143601519,0.9352693143601519,0.9235891130760259,0.031912189393103016,0.7868735213510164,0.9355287169379807,0.011680201284126085,0.031912189393103016,-0.000259402577828749,0.14839579300913552,0.011680201284126085,0.031912189393103016,-0.000259402577828749,0.14839579300913552
2024,header,mid_density,random,0.1,20,239996,8,0.3297300788346472,0.20974588716391734,0.0213753562559376,0.677973799563326,0.1780883848064134,0.23205288298092766,0.0,0.5822305371756196,0.09046067434457242,0.11153671160096389,0.0,0.2545584093068218,0.277949028100227,0.3621733857742404,0.0,0.908708404055381,0.2517854450565381,0.3104478357481581,0.0,0.7085300086981734,0.31985762934413453,0.19562987241069188,0.022969276504013276,0.6520873333965382,0.08917807342265774,0.3629506377436755,-0.32666546852615197,0.6520872641966659,0.07242133179383894,0.05979033624101203,-0.022151017149688076,0.14334326313305965,0.9352693143601518,1.1102230246251565e-16,0.9352693143601519,0.9352693143601519,0.920777015679872,0.01550998369399514,0.882492296559064,0.9367504198343657,0.01449229868027994,0.015509983693995139,-0.001481105474213762,0.0527770178010879,0.01449229868027994,0.015509983693995139,-0.001481105474213762,0.0527770178010879
2024,imports,high_density,important,0.01,1,209511,13,0.05651254588064589,0.0,0.05651254588064589,0.05651254588064589,0.001560777238426622,0.0,0.001560777238426622,0.001560777238426622,0.05113335338001346,0.0,0.05113335338001346,0.05113335338001346,0.0033054342552159147,0.0,0.0033054342552159147,0.0033054342552159147,0.09687745856053824,0.0,0.09687745856053824,0.09687745856053824,0.037395472988714144,0.0,0.037395472988714144,0.037395472988714144,-0.028357036691561584,0.0,-0.028357036691561584,-0.028357036691561584,-0.000644285506721684,0.0,-0.000644285506721684,-0.000644285506721684,0.8738185833255272,0.0,0.8738185833255272,0.8738185833255272,0.8356929550015852,0.0,0.8356929550015852,0.8356929550015852,0.03812562832394195,0.0,0.03812562832394195,0.03812562832394195,0.03812562832394195,0.0,0.03812562832394195,0.03812562832394195
2024,imports,high_density,important,0.05,1,209511,65,0.06962402928724507,0.0,0.06962402928724507,0.06962402928724507,0.0,0.0,0.0,0.0,0.06574356477702842,0.0,0.06574356477702842,0.06574356477702842,0.0,0.0,0.0,0.0,0.12455802428944775,0.0,0.12455802428944775,0.12455802428944775,0.06904487298772786,0.0,0.06904487298772786,0.06904487298772786,-0.06592763029064379,0.0,-0.06592763029064379,-0.06592763029064379,-0.014709485613162515,0.0,-0.014709485613162515,-0.014709485613162515,0.8738185833255272,0.0,0.8738185833255272,0.8738185833255272,0.8175201553763787,0.0,0.8175201553763787,0.8175201553763787,0.05629842794914852,0.0,0.05629842794914852,0.05629842794914852,0.05629842794914852,0.0,0.05629842794914852,0.05629842794914852
2024,imports,high_density,important,0.1,1,209511,129,0.08733193006572447,0.0,0.08733193006572447,0.08733193006572447,0.0,0.0,0.0,0.0,0.08326054479239753,0.0,0.08326054479239753,0.08326054479239753,0.0,0.0,0.0,0.0,0.15774576562401094,0.0,0.15774576562401094,0.15774576562401094,0.08909448656396916,0.0,0.08909448656396916,0.08909448656396916,-0.08640646313691827,0.0,-0.08640646313691827,-0.08640646313691827,-0.024251270799660326,0.0,-0.024251270799660326,-0.024251270799660326,0.8738185833255272,0.0,0.8738185833255272,0.8738185833255272,0.7942430451996562,0.0,0.7942430451996562,0.7942430451996562,0.07957553812587104,0.0,0.07957553812587104,0.07957553812587104,0.07957553812587104,0.0,0.07957553812587104,0.07957553812587104
2024,imports,high_density,random,0.01,20,209511,13,0.004866570251681296,0.004689564089560814,0.0,0.0173069671759478,0.0008259709514058927,0.001253252006439816,0.0,0.0055032909966541135,0.0008166635642042662,0.002523693791077849,0.0,0.011665258626038729,0.001749251981238881,0.0026541533349629253,0.0,0.011654940967168041,0.0015472540987312695,0.0047814004852690835,0.0,0.02210104627293526,0.006137118476339086,0.003430479147441264,0.00047817345872615865,0.014632736788274477,0.00037699065287982627,0.005605790335281254,-0.014632736788274477,0.008472825826770924,-0.0015037910393977062,0.002730888455039895,-0.006507799027024449,0.0025086989077170905,0.8738185833255271,1.1102230246251565e-16,0.8738185833255272,0.8738185833255272,0.874627373648582,0.0092374275897179,0.855549211976577,0.8884709155439676,-0.0008087903230547755,0.0092374275897179,-0.014652332218440423,0.018269371348950236,-0.0008087903230547755,0.0092374275897179,-0.014652332218440423,0.018269371348950236
2024,imports,high_density,random,0.05,20,209511,65,0.019598732286132948,0.02522435986170438,0.0003961605834538521,0.09719298748037096,0.00353967094806478,0.008173913331641022,0.0,0.037224775787428825,0.010872937459131022,0.022055907140928026,0.0,0.09076373078263193,0.007496360989810771,0.017310819545785238,0.0,0.0788351124049814,0.020599911378783357,0.04178721106321019,0.0,0.17196133221200366,0.021025847889001893,0.01856101960124183,0.006351988542676847,0.08804758593728751,-0.006882862123503218,0.02514892953734991,-0.08798986709378502,0.039283730135989875,-0.0028172058568512,0.0040507275094564905,-0.011662662183528773,0.0034721296596411334,0.8738185833255271,1.1102230246251565e-16,0.8738185833255272,0.8738185833255272,0.8664657087206086,0.023812410184047204,0.7827305013882366,0.8881157224896921,0.007352874604918486,0.02381241018404721,-0.014297139164164863,0.09108808193729057,0.007352874604918486,0.02381241018404721,-0.014297139164164863,0.09108808193729057
2024,imports,high_density,random,0.1,20,209511,129,0.03392948341614521,0.023036067887415836,0.0045009569903250906,0.09294977352024476,0.006255996105216433,0.0074133494702301765,0.0,0.023511891977032233,0.016309644839650424,0.025841551252718274,0.0,0.08596207359040814,0.013249029597282871,0.015700087547078627,0.0,0.04979378942261038,0.03090031921723955,0.048959507740866666,0.0,0.16286409303419153,0.03319269803078053,0.021837035296127367,0.01263162379796342,0.09469377625397245,-0.00863731730725536,0.03670813250402191,-0.09417462485754528,0.03889250537338253,-0.005884017144124474,0.005035965174533088,-0.016529813088156535,0.0034136572801083094,0.8738185833255271,1.1102230246251565e-16,0.8738185833255272,0.8738185833255272,0.8570442188176004,0.03478992431535283,0.779891468527641,0.8888071476617739,0.016774364507926753,0.034789924315352834,-0.014988564336246735,0.09392711479788618,0.016774364507926753,0.034789924315352834,-0.014988564336246735,0.09392711479788618
2024,imports,low_density,important,0.01,1,120001,13,0.0907575770201915,0.0,0.0907575770201915,0.0907575770201915,0.04739127173940217,0.0,0.04739127173940217,0.04739127173940217,0.015116540695494203,0.0,0.015116540695494203,0.015116540695494203,0.06469263320744414,0.0,0.06469263320744414,0.06469263320744414,0.05652322936465896,0.0,0.05652322936465896,0.05652322936465896,0.08841661043001016,0.0,0.08841661043001016,0.08841661043001016,0.04023630496307773,0.0,0.04023630496307773,0.04023630496307773,-0.019860623446387806,0.0,-0.019860623446387806,-0.019860623446387806,0.866408808890335,0.0,0.866408808890335,0.866408808890335,0.8368219037898968,0.0,0.8368219037898968,0.8368219037898968,0.029586905100438154,0.0,0.029586905100438154,0.029586905100438154,0.029586905100438154,0.0,0.029586905100438154,0.029586905100438154
2024,imports,low_density,important,0.05,1,120001,65,0.17194023383138474,0.0,0.17194023383138474,0.17194023383138474,0.05575786868442763,0.0,0.05575786868442763,0.05575786868442763,0.07024941458821177,0.0,0.07024941458821177,0.07024941458821177,0.07611366428538927,0.0,0.07611366428538927,0.07611366428538927,0.26267410338703145,0.0,0.26267410338703145,0.26267410338703145,0.16274770044612727,0.0,0.16274770044612727,0.16274770044612727,-0.024400381142572432,0.0,-0.024400381142572432,-0.024400381142572432,-0.029352747447579007,0.0,-0.029352747447579007,-0.029352747447579007,0.866408808890335,0.0,0.866408808890335,0.866408808890335,0.7503468260294919,0.0,0.7503468260294919,0.7503468260294919,0.11606198286084313,0.0,0.11606198286084313,0.11606198286084313,0.11606198286084313,0.0,0.11606198286084313,0.11606198286084313
2024,imports,low_density,important,0.1,1,120001,129,0.22639811334905544,0.0,0.22639811334905544,0.22639811334905544,0.07658269514420714,0.0,0.07658269514420714,0.07658269514420714,0.09586586778443514,0.0,0.09586586778443514,0.09586586778443514,0.10454111116166902,0.0,0.10454111116166902,0.10454111116166902,0.35845823076683386,0.0,0.35845823076683386,0.35845823076683386,0.2128871028199055,0.0,0.2128871028199055,0.2128871028199055,-0.02718357422754381,0.0,-0.02718357422754381,-0.02718357422754381,-0.04059224653021495,0.0,-0.04059224653021495,-0.04059224653021495,0.866408808890335,0.0,0.866408808890335,0.866408808890335,0.6851275967134017,0.0,0.6851275967134017,0.6851275967134017,0.18128121217693327,0.0,0.18128121217693327,0.18128121217693327,0.18128121217693327,0.0,0.18128121217693327,0.18128121217693327
2024,imports,low_density,random,0.01,20,120001,13,0.021288572595228372,0.01203953741049209,0.009958250347913767,0.05554120382330147,0.00708327430604745,0.006549460882457025,0.0003333305555787035,0.027141440487995935,0.004327463937800518,0.0056416960306472815,0.00015833201389988416,0.0265331122240648,0.009669199617782228,0.008940504338123099,0.0004550211584838695,0.03705009782954907,0.016181098681955566,0.021095228410360656,0.0005920294145140685,0.09921166609541021,0.019910572332499883,0.01101124182138354,0.008085733600111927,0.05212698181558799,0.0013256371474942683,0.016857563532888777,-0.05075384682669878,0.03800435654320937,-0.0005409313681099985,0.0028508746234671262,-0.0052041298141081984,0.008200827512409026,0.8664088088903348,2.220446049250313e-16,0.866408808890335,0.866408808890335,0.8654735804617667,0.002325914188564762,0.8599608309909367,0.8694763984063976,0.0009352284285683687,0.0023259141885647616,-0.0030675895160625632,0.006447977899398327,0.0009352284285683687,0.0023259141885647616,-0.0030675895160625632,0.006447977899398327
2024,imports,low_density,random,0.05,20,120001,65,0.06604694960875326,0.02731602771467113,0.03808301597486688,0.15160706994108383,0.024258547845434623,0.019128367046512468,0.0011416571528570596,0.07821601486654278,0.015724868959425337,0.021179146167043125,0.0007916600694994209,0.09267422771476905,0.0331147335851117,0.02611165279551966,0.0015584474678072531,0.10677071483823998,0.05879786869410776,0.07919230733154713,0.0029601470725703423,0.346524164147945,0.06292044798024257,0.025183791844390794,0.03733502573683302,0.14198433765062252,0.003919554146490544,0.05334385822344471,-0.1392160590323342,0.10369754844447616,-0.002062416510383629,0.010211745248757384,-0.01559693090939296,0.027688590645360524,0.8664088088903348,2.220446049250313e-16,0.866408808890335,0.866408808890335,0.8561013858457478,0.007429430198338117,0.8401579519613492,0.8673595543549457,0.010307423044587316,0.007429430198338115,-0.0009507454646107139,0.026250856928985766,0.010307423044587316,0.007429430198338115,-0.0009507454646107139,0.026250856928985766
2024,imports,low_density,random,0.1,20,120001,129,0.1004099965833618,0.032975754806472954,0.06315780701827485,0.18569011924900625,0.038328847259606176,0.03631317127276221,0.0009249922917309023,0.13887384271797734,0.025364371963566966,0.02770440921899991,0.000424996458362847,0.08749927083940967,0.052321745461163936,0.04957019686379781,0.001262683714792738,0.18957319015334212,0.0948415542330103,0.10359133800795216,0.0015891315863272365,0.3271741501261957,0.09468656880084869,0.030324947981542828,0.058854067038641315,0.17110934735526076,0.006424779970811092,0.08282122207418749,-0.1374832943499592,0.16768276590030065,-0.0034418099370487386,0.015585914229440744,-0.027894175277091093,0.029643836268133356,0.8664088088903348,2.220446049250313e-16,0.866408808890335,0.866408808890335,0.8501923744509348,0.007332860346472528,0.8368733157363746,0.8694311064824499,0.01621643443940003,0.007332860346472528,-0.0030222975921149198,0.029535493153960424,0.01621643443940003,0.007332860346472528,-0.0030222975921149198,0.029535493153960424
2024,imports,mid_density,important,0.01,1,150488,13,0.11568364254957206,0.0,0.11568364254957206,0.11568364254957206,0.03816915634469194,0.0,0.03816915634469194,0.03816915634469194,0.045206262293339,0.0,0.045206262293339,0.045206262293339,0.10804303664133624,0.0,0.10804303664133624,0.10804303664133624,0.06990053840779253,0.0,0.06990053840779253,0.06990053840779253,0.11631279378617852,0.0,0.11631279378617852,0.11631279378617852,0.00332075843075866,0.0,0.00332075843075866,0.00332075843075866,-0.019907831744154357,0.0,-0.019907831744154357,-0.019907831744154357,0.9340405463041799,0.0,0.9340405463041799,0.9340405463041799,0.882870212155283,0.0,0.882870212155283,0.882870212155283,0.05117033414889682,0.0,0.05117033414889682,0.05117033414889682,0.05117033414889682,0.0,0.05117033414889682,0.05117033414889682
2024,imports,mid_density,important,0.05,1,150488,65,0.24095608952208813,0.0,0.24095608952208813,0.24095608952208813,0.025144862048801234,0.0,0.025144862048801234,0.025144862048801234,0.18119052681941417,0.0,0.18119052681941417,0.18119052681941417,0.07117598374840117,0.0,0.07117598374840117,0.07117598374840117,0.2801672763141671,0.0,0.2801672763141671,0.2801672763141671,0.20959550363199184,0.0,0.20959550363199184,0.20959550363199184,-0.13110097236720675,0.0,-0.13110097236720675,-0.13110097236720675,-0.052180569477370986,0.0,-0.052180569477370986,-0.052180569477370986,0.9340405463041799,0.0,0.9340405463041799,0.9340405463041799,0.839773938511195,0.0,0.839773938511195,0.839773938511195,0.0942666077929849,0.0,0.0942666077929849,0.0942666077929849,0.0942666077929849,0.0,0.0942666077929849,0.0942666077929849
2024,imports,mid_density,important,0.1,1,150488,129,0.29473446387751845,0.0,0.29473446387751845,0.29473446387751845,0.03447450959544947,0.0,0.03447450959544947,0.03447450959544947,0.22269549731540056,0.0,0.22269549731540056,0.22269549731540056,0.09758483184109548,0.0,0.09758483184109548,0.09758483184109548,0.34434466318688095,0.0,0.34434466318688095,0.34434466318688095,0.2583756713942568,0.0,0.2583756713942568,0.2583756713942568,-0.16463597552735026,0.0,-0.16463597552735026,-0.16463597552735026,-0.062042549853583366,0.0,-0.062042549853583366,-0.062042549853583366,0.9340405463041799,0.0,0.9340405463041799,0.9340405463041799,0.7915030762362663,0.0,0.7915030762362663,0.7915030762362663,0.14253747006791362,0.0,0.14253747006791362,0.14253747006791362,0.14253747006791362,0.0,0.14253747006791362,0.14253747006791362
2024,imports,mid_density,random,0.01,20,150488,13,0.020778733188028285,0.014435765048737751,0.00643905161873372,0.06301499122853649,0.005027643400138218,0.005584373025240357,0.00011961086598266972,0.020094625485088512,0.006069254691403967,0.009973299940908597,0.0003322524055074159,0.04696720004252831,0.014231434805507487,0.0158073344334958,0.0003385749755473629,0.056880595891956966,0.00938463277300563,0.01542129342718603,0.0005137478936336361,0.0726234022440508,0.019794301448081593,0.011909240278809654,0.006599934345674816,0.055309786883623334,0.0005541355316283074,0.017971232237783824,-0.05428464410069087,0.03655734731418714,-0.001778430057306224,0.003156127018078809,-0.008290205988788886,0.004315445256982344,0.9340405463041798,1.1102230246251565e-16,0.9340405463041799,0.9340405463041799,0.9324090779348666,0.0016099145595721825,0.9278092454944514,0.934158032650979,0.0016314683693132326,0.0016099145595721825,-0.00011748634679908943,0.006231300809728446,0.0016314683693132326,0.0016099145595721825,-0.00011748634679908943,0.006231300809728446
2024,imports,mid_density,random,0.05,20,150488,65,0.07626056562649514,0.04162772374961873,0.037870129179735264,0.2127545053426187,0.020215233108287704,0.02151949848974138,0.0007508904364467599,0.07744139067566849,0.030426678539152624,0.04162022118403388,0.0007774706288873532,0.17806070915953431,0.05722199232563389,0.060913894528707414,0.002125498457602889,0.21920848694605372,0.04704749085528749,0.06435559415501715,0.0012021700711027084,0.27532777115613827,0.06884205998100196,0.039042185728182896,0.03255742359331101,0.20436063506287577,-0.007429920799016524,0.06661650878761492,-0.2010369684030805,0.11039032428955192,-0.0037460234154213365,0.006901235975848089,-0.013976694194022296,0.01133953264981593,0.9340405463041798,1.1102230246251565e-16,0.9340405463041799,0.9340405463041799,0.9202996193930947,0.00850045473059402,0.8949631523358622,0.9304193656140972,0.013740926911085072,0.008500454730594019,0.0036211806900826593,0.039077393968317664,0.013740926911085072,0.008500454730594019,0.0036211806900826593,0.039077393968317664
2024,imports,mid_density,random,0.1,20,150488,129,0.11022240976024666,0.05223085911378983,0.051392802083887086,0.23731460315772687,0.030031298176598796,0.03180515082624725,0.0003322524055074159,0.13131944075275104,0.04609736324490989,0.05852365088837689,0.0008040508213279465,0.20442826006060283,0.08500771198555412,0.09002884541306705,0.0009404860431871191,0.371717703709277,0.07127841025851794,0.09049265520210906,0.0012432699025933993,0.31609880399490364,0.10111272972687883,0.04594152342286519,0.05577151955540357,0.21125032973783303,-0.009971513458525932,0.09738022837213614,-0.20291376534521527,0.16264384017344907,-0.004395758194602953,0.007767836849725599,-0.018319320594824447,0.010385724072225313,0.9340405463041798,1.1102230246251565e-16,0.9340405463041799,0.9340405463041799,0.9149847168814714,0.007039796871357041,0.9014468475014515,0.9259396496132217,0.019055829422708465,0.007039796871357041,0.008100896690958148,0.03259369880272833,0.019055829422708465,0.007039796871357041,0.008100896690958148,0.03259369880272833
