seed,feature_group,density_bin,perturbation_type,strength,trial_id,n_samples,n_masked_features,baseline_auc,perturbed_auc,delta_auc,auc_drop,flip_rate,benign_to_malware_rate_overall,malware_to_benign_rate_overall,benign_to_malware_rate_cond,malware_to_benign_rate_cond,mean_abs_probability_shift,mean_signed_probability_shift,mean_margin_shift
13,header,high_density,important,0.01,0,120000,1,0.9995256575283081,0.9995048644721138,2.0793056194290394e-05,2.0793056194290394e-05,0.0,0.0,0.0,0.0,0.0,0.0027907846386807044,0.002777997664194421,-0.0013290478809679562
13,header,mid_density,important,0.01,0,239999,1,0.9722465136835831,0.9576625039190395,0.014584009764543548,0.014584009764543548,0.04414601727507198,0.0341043087679532,1.2500052083550349e-05,0.050569954588983966,3.839066339066339e-05,0.055052478889696714,0.055012753605986245,-0.03962748528697811
13,header,low_density,important,0.01,0,120001,1,0.9526816951905775,0.936855568502191,0.015826126688386566,0.015826126688386566,0.061641152990391745,0.040116332363896966,4.166631944733794e-05,0.09364301276065982,7.289373551237007e-05,0.06618830672959972,0.06569292898202737,-0.0378613867985335
13,header,high_density,random,0.01,1,120000,1,0.9995256575283081,0.9995221605380092,3.496990298890168e-06,3.496990298890168e-06,0.0005416666666666666,0.0,0.000525,0.0,0.0006755090443155378,0.0006121620011627788,-0.0006070779478975504,-0.0004728034525426766
13,header,mid_density,random,0.01,1,239999,1,0.9722465136835831,0.9719583762444753,0.0002881374391077163,0.0002881374391077163,0.0015708398784994937,1.6666736111400465e-05,0.0010083375347397282,2.4713478113125946e-05,0.003096846846846847,0.0024588138462325383,-0.0021650508874343872,-0.000613673944323038
13,header,low_density,random,0.01,1,120001,1,0.9526816951905775,0.9518392963993549,0.0008423987912226094,0.0008423987912226094,0.003916634028049766,0.0006916609028258097,0.0024166465279456006,0.0016145347027699969,0.004227836659717464,0.004746110307305875,-0.0033097483981052215,-0.0017692129674203201
13,header,high_density,random,0.01,2,120000,1,0.9995256575283081,0.9995406187917356,-1.4961263427482052e-05,-1.4961263427482052e-05,0.00145,0.000425,0.0,0.0019074690503796238,0.0,0.002634406022179272,0.0012230451921927555,-0.0001336819394699473
13,header,mid_density,random,0.01,2,239999,1,0.9722465136835831,0.9720666760398503,0.0001798376437327498,0.0001798376437327498,0.008450035208480035,0.002908345451439381,0.00019166746528110533,0.004312501930740478,0.0005886568386568386,0.008367958009362853,0.005677362382348119,-0.0009613465747312608
13,header,low_density,random,0.01,2,120001,1,0.9526816951905775,0.9523177599440634,0.00036393524651412434,0.00036393524651412434,0.011941567153607053,0.005041624653127891,0.0011999900000833326,0.011768596327419856,0.0020993395827562577,0.012283794989075216,0.006340712688524451,-0.00036179115112994296
13,header,high_density,random,0.01,3,120000,1,0.9995256575283081,0.9995402682906438,-1.461076233566505e-05,-1.461076233566505e-05,0.005375,0.001825,0.000525,0.008190896510453679,0.0006755090443155378,0.007944477836372988,0.007312801188046349,-0.005429574819741073
13,header,mid_density,random,0.01,3,239999,1,0.9722465136835831,0.971780398697624,0.0004661149859590541,0.0004661149859590541,0.010500043750182292,0.004158350659794416,0.00032083467014445895,0.0061660127892249235,0.0009853603603603603,0.0066459208740984555,0.005531610343509116,-0.000894066481770674
13,header,low_density,random,0.01,3,120001,1,0.9526816951905775,0.9515901204343356,0.0010915747562419975,0.0010915747562419975,0.008599928333930551,0.0040749660419496505,0.000141665486120949,0.009512138188608776,0.00024783870074205825,0.008238606431335258,0.00573016095377442,-0.00023998313749467782
13,header,high_density,random,0.01,4,120000,1,0.9995256575283081,0.999385499400318,0.00014015812799017535,0.00014015812799017535,0.009516666666666666,0.004066666666666666,0.0,0.01825186071735797,0.0,0.01514271093787296,0.014857411401593702,0.003234133452388369
13,header,mid_density,random,0.01,4,239999,1,0.9722465136835831,0.9673151615565833,0.0049313521269997995,0.0049313521269997995,0.06523777182404927,0.03613765057354406,0.0004166684027850116,0.053584998918785334,0.0012796887796887796,0.06279567779507172,0.061443687799621845,-0.004044974427527507
13,header,low_density,random,0.01,4,120001,1,0.9526816951905775,0.9441263439983834,0.008555351192194194,0.008555351192194194,0.06381613486554279,0.036299697502520815,0.0007999933333888885,0.08473389355742297,0.0013995597218375052,0.06553885253619667,0.062397673112972986,0.007006536511562686
13,header,high_density,random,0.01,5,120000,1,0.9995256575283081,0.9994735537764607,5.210375184738769e-05,5.210375184738769e-05,0.009891666666666667,0.0,0.0083,0.0,0.010679476319655169,0.014298265536378639,-0.013926383466443256,-0.00936917189369824
13,header,mid_density,random,0.01,5,239999,1,0.9722465136835831,0.9709910464464115,0.0012554672371715148,0.0012554672371715148,0.03884599519164663,0.0002958345659773582,0.02558343993099971,0.0004386642365079855,0.07857289107289107,0.040295592370233384,-0.037401073267553674,-0.009984746236501965
13,header,low_density,random,0.01,5,120001,1,0.9526816951905775,0.9501312934319786,0.002550401758598997,0.002550401758598997,0.05543287139273839,0.0006166615278206015,0.03764968625261456,0.0014394646747587924,0.06586677940897759,0.055874264392360554,-0.052784520667296775,-0.019124935822618552
13,header,high_density,random,0.01,6,120000,1,0.9995256575283081,0.9995048644721138,2.0793056194290394e-05,2.0793056194290394e-05,0.0,0.0,0.0,0.0,0.0,0.0027907846386807044,0.002777997664194421,-0.0013290478809679562
13,header,mid_density,random,0.01,6,239999,1,0.9722465136835831,0.9576625039190395,0.014584009764543548,0.014584009764543548,0.04414601727507198,0.0341043087679532,1.2500052083550349e-05,0.050569954588983966,3.839066339066339e-05,0.055052478889696714,0.055012753605986245,-0.03962748528697811
13,header,low_density,random,0.01,6,120001,1,0.9526816951905775,0.936855568502191,0.015826126688386566,0.015826126688386566,0.061641152990391745,0.040116332363896966,4.166631944733794e-05,0.09364301276065982,7.289373551237007e-05,0.06618830672959972,0.06569292898202737,-0.0378613867985335
13,header,high_density,random,0.01,7,120000,1,0.9995256575283081,0.9995256575283081,0.0,0.0,0.0,0.0,0.0,0.0,0.0,0.0,0.0,0.0
13,header,mid_density,random,0.01,7,239999,1,0.9722465136835831,0.9722465136835831,0.0,0.0,0.0,0.0,0.0,0.0,0.0,0.0,0.0,0.0
13,header,low_density,random,0.01,7,120001,1,0.9526816951905775,0.9526816951905775,0.0,0.0,0.0,0.0,0.0,0.0,0.0,0.0,0.0,0.0
13,header,high_density,random,0.01,8,120000,1,0.9995256575283081,0.9995807399378904,-5.50824095822966e-05,-5.50824095822966e-05,0.00014166666666666668,8.333333333333333e-05,0.0,0.0003740135392901223,0.0,0.0010040305406562261,0.0009770477091000992,-0.0009574518407332825
13,header,mid_density,random,0.01,8,239999,1,0.9722465136835831,0.9721280979387193,0.0001184157448637091,0.0001184157448637091,0.0013083387847449364,0.00046250192709136286,4.166684027850116e-06,0.0006857990176392451,1.2796887796887798e-05,0.0014637809201981608,0.0014415387435975588,-0.001227124825378553
13,header,low_density,random,0.01,8,120001,1,0.9526816951905775,0.9526189570633845,6.27381271930405e-05,6.27381271930405e-05,0.0008749927083940967,0.0005083290972575229,0.0,0.0011865857454092749,0.0,0.0014028633075447068,0.001325304874128009,-0.0003583379793429198
13,header,high_density,random,0.01,9,120000,1,0.9995256575283081,0.999525350739595,3.067887131003033e-07,3.067887131003033e-07,0.0,0.0,0.0,0.0,0.0,0.00038240421285944137,-0.00038221895062251173,-0.00038122282399862255
13,header,mid_density,random,0.01,9,239999,1,0.9722465136835831,0.9722514335139254,-4.919830342342557e-06,-4.919830342342557e-06,0.00020416751736465567,0.0001291672048633536,2.083342013925058e-05,0.0001915294553767261,6.398443898443899e-05,0.0004125084161579084,-2.6520785662314093e-05,-0.0003095437830164658
13,header,low_density,random,0.01,9,120001,1,0.9526816951905775,0.9526405954768885,4.1099713689041195e-05,4.1099713689041195e-05,0.001333322222314814,0.00019999833334722212,0.00039999666669444424,0.00046685340802987864,0.0006997798609187526,0.002231591660954828,-0.0009492356980214447,-0.0010490968731634014
13,header,high_density,random,0.01,10,120000,1,0.9995256575283081,0.9995256575283081,0.0,0.0,0.0,0.0,0.0,0.0,0.0,0.0,0.0,0.0
13,header,mid_density,random,0.01,10,239999,1,0.9722465136835831,0.9722465136835831,0.0,0.0,0.0,0.0,0.0,0.0,0.0,0.0,0.0,0.0
13,header,low_density,random,0.01,10,120001,1,0.9526816951905775,0.9526816951905775,0.0,0.0,0.0,0.0,0.0,0.0,0.0,0.0,0.0,0.0
13,header,high_density,random,0.01,11,120000,1,0.9995256575283081,0.9995256575283081,0.0,0.0,0.0,0.0,0.0,0.0,0.0,0.0,0.0,0.0
13,header,mid_density,random,0.01,11,239999,1,0.9722465136835831,0.9722465136835831,0.0,0.0,0.0,0.0,0.0,0.0,0.0,0.0,0.0,0.0
13,header,low_density,random,0.01,11,120001,1,0.9526816951905775,0.9526816951905775,0.0,0.0,0.0,0.0,0.0,0.0,0.0,0.0,0.0,0.0
13,header,high_density,random,0.01,12,120000,1,0.9995256575283081,0.9995402682906438,-1.461076233566505e-05,-1.461076233566505e-05,0.005375,0.001825,0.000525,0.008190896510453679,0.0006755090443155378,0.007944477836372988,0.007312801188046349,-0.005429574819741073
13,header,mid_density,random,0.01,12,239999,1,0.9722465136835831,0.971780398697624,0.0004661149859590541,0.0004661149859590541,0.010500043750182292,0.004158350659794416,0.00032083467014445895,0.0061660127892249235,0.0009853603603603603,0.0066459208740984555,0.005531610343509116,-0.000894066481770674
13,header,low_density,random,0.01,12,120001,1,0.9526816951905775,0.9515901204343356,0.0010915747562419975,0.0010915747562419975,0.008599928333930551,0.0040749660419496505,0.000141665486120949,0.009512138188608776,0.00024783870074205825,0.008238606431335258,0.00573016095377442,-0.00023998313749467782
13,header,high_density,random,0.01,13,120000,1,0.9995256575283081,0.9993084286616533,0.00021722886665487273,0.00021722886665487273,0.0025666666666666667,0.00024166666666666667,0.00055,0.0010846392639413548,0.0007076761416638967,0.005573404694782567,0.0011262225384410058,-0.0038052873691952504
13,header,mid_density,random,0.01,13,239999,1,0.9722465136835831,0.9700444148662172,0.002202098817365883,0.002202098817365883,0.011033379305747108,0.001966674861145255,0.0037833490972879052,0.0029161904173488616,0.01161957411957412,0.017033450353505206,0.001127606312399931,-0.006988426376097541
13,header,low_density,random,0.01,13,120001,1,0.9526816951905775,0.9487833588323016,0.0038983363582759667,0.0038983363582759667,0.021791485070957742,0.005308289097590854,0.008816593195056708,0.012391067538126362,0.015424314434417507,0.0208452550886666,-0.0014833485001139945,-0.004478855804671321
13,header,high_density,random,0.01,14,120000,1,0.9995256575283081,0.9979821283190745,0.0015435292092336184,0.0015435292092336184,0.019191666666666666,0.0022083333333333334,0.012283333333333334,0.00991135879118824,0.015804767163827026,0.02433270759744152,-0.011909947058195201,-0.013526992086088846
13,header,mid_density,random,0.01,14,239999,1,0.9722465136835831,0.9607565329679646,0.011489980715618464,0.011489980715618464,0.05777107404614186,0.022866761944841437,0.01005004187517448,0.033906891971208795,0.030866093366093365,0.0567334861413926,0.015864509171081106,-0.008178254378781849
13,header,low_density,random,0.01,14,120001,1,0.9526816951905775,0.9290795970790489,0.02360209811152869,0.02360209811152869,0.08188265097790852,0.02779976833526387,0.026616444862959474,0.06489262371615313,0.046564518245302,0.0823470764771969,-0.005920133824265111,-0.006312417877240361
13,header,high_density,random,0.01,15,120000,1,0.9995256575283081,0.9995256575283081,0.0,0.0,0.0,0.0,0.0,0.0,0.0,3.526671205592117e-08,-3.504342264056918e-08,-3.504342264056918e-08
13,header,mid_density,random,0.01,15,239999,1,0.9722465136835831,0.9722462972856843,2.1639789871130688e-07,2.1639789871130688e-07,0.0,0.0,0.0,0.0,0.0,6.232543617978886e-06,-6.2324888904122875e-06,-6.2324888904122875e-06
13,header,low_density,random,0.01,15,120001,1,0.9526816951905775,0.952692316452156,-1.0621261578469543e-05,-1.0621261578469543e-05,8.333263889467588e-06,0.0,0.0,0.0,0.0,6.329028335531676e-05,-6.326962329271712e-05,-4.503417414991482e-05
13,header,high_density,random,0.01,16,120000,1,0.9995256575283081,0.9995251670673981,4.904609099964929e-07,4.904609099964929e-07,0.00015833333333333332,0.0,0.0,0.0,0.0,0.0016329125496338597,-0.0010114959852701054,-0.0012420959298602152
13,header,mid_density,random,0.01,16,239999,1,0.9722465136835831,0.9722302568013235,1.6256882259590988e-05,1.6256882259590988e-05,0.0034625144271434464,0.0005333355555648149,0.0008833370139042245,0.0007908312996200303,0.002712940212940213,0.0031990384259852787,-0.00018766582781985468,-0.0011067386576451418
13,header,low_density,random,0.01,16,120001,1,0.9526816951905775,0.9522985978303512,0.00038309736022634766,0.00038309736022634766,0.004358297014191549,0.000849992916725694,0.0013916550695410872,0.001984126984126984,0.0024346507661131603,0.007072722334119135,-0.0028663392605887445,-0.002105168188894742
13,header,high_density,random,0.01,17,120000,1,0.9995256575283081,0.9995256575283081,0.0,0.0,0.0,0.0,0.0,0.0,0.0,0.0,0.0,0.0
13,header,mid_density,random,0.01,17,239999,1,0.9722465136835831,0.9722437131611238,2.8005224592675404e-06,2.8005224592675404e-06,0.0,0.0,0.0,0.0,0.0,4.709410624991017e-05,4.709410624991017e-05,-4.709410624991016e-05
13,header,low_density,random,0.01,17,120001,1,0.9526816951905775,0.9526426452587134,3.904993186409911e-05,3.904993186409911e-05,0.00011666569445254623,4.166631944733794e-05,0.0,9.726112667289138e-05,0.0,0.00019107883792221028,0.00019107883792221028,-0.00011003404511520794
13,header,high_density,random,0.01,18,120000,1,0.9995256575283081,0.9995256575283081,0.0,0.0,0.0,0.0,0.0,0.0,0.0,1.3559276698874458e-06,-1.3559276698874458e-06,-1.3559276698874458e-06
13,header,mid_density,random,0.01,18,239999,1,0.9722465136835831,0.9722461173362443,3.963473387269545e-07,3.963473387269545e-07,0.0,0.0,0.0,0.0,0.0,3.080083775305322e-06,-3.080083775305322e-06,-3.080083775305322e-06
13,header,low_density,random,0.01,18,120001,1,0.9526816951905775,0.9526933498507407,-1.1654660163173958e-05,-1.1654660163173958e-05,9.999916667361106e-05,0.0,4.166631944733794e-05,0.0,7.289373551237007e-05,8.903662433414498e-05,-8.903662433414498e-05,-6.331855645116934e-05
13,header,high_density,random,0.01,19,120000,1,0.9995256575283081,0.9995256575283081,0.0,0.0,0.0,0.0,0.0,0.0,0.0,1.573484323493431e-09,-1.573484323493431e-09,-1.573484323493431e-09
13,header,mid_density,random,0.01,19,239999,1,0.9722465136835831,0.9722422882714888,4.225412094216452e-06,4.225412094216452e-06,0.0,0.0,0.0,0.0,0.0,2.011288412034064e-05,-2.011288412034064e-05,-2.011288412034064e-05
13,header,low_density,random,0.01,19,120001,1,0.9526816951905775,0.9526820451394945,-3.4994891695561137e-07,-3.4994891695561137e-07,3.333305555787035e-05,0.0,3.333305555787035e-05,0.0,5.8314988409896055e-05,3.743262980354294e-06,-3.743262980354294e-06,-8.592259756470197e-08
13,header,high_density,random,0.01,20,120000,1,0.9995256575283081,0.9995255913581935,6.617011460985367e-08,6.617011460985367e-08,0.0,0.0,0.0,0.0,0.0,5.851040694299054e-05,-5.600429509824266e-05,-5.600429509824266e-05
13,header,mid_density,random,0.01,20,239999,1,0.9722465136835831,0.973161261836214,-0.0009147481526309287,-0.0009147481526309287,0.002429176788236618,7.91669965291522e-05,0.00012500052083550347,0.00011738902103734824,0.0003839066339066339,0.0018656767263831324,-0.0016407379494330064,0.0005218132168889827
13,header,low_density,random,0.01,20,120001,1,0.9526816951905775,0.9524504648839387,0.00023123030663885213,0.00023123030663885213,0.0016166531945567121,0.00039166340280497665,0.0006166615278206015,0.0009142545907251789,0.001078827285583077,0.0018253715094188726,-0.0004525643086434811,-0.0004782984297463364
13,header,high_density,important,0.05,0,120000,4,0.9995256575283081,0.9931950335321887,0.006330623996119389,0.006330623996119389,0.021166666666666667,0.016,0.00045,0.07181059954370349,0.000579007752270461,0.06605935658451122,0.04739909042664146,-0.04803915473973078
13,header,mid_density,important,0.05,0,239999,4,0.9722465136835831,0.8798016463732402,0.09244486731034285,0.09244486731034285,0.39065579439914333,0.32842220175917397,0.0037541823090929544,0.486985264588675,0.011529995904995906,0.3324626609534444,0.31639575733863123,-0.10744925280713505
13,header,low_density,important,0.05,0,120001,4,0.9526816951905775,0.8470282956477257,0.1056533995428518,0.1056533995428518,0.3332055566203615,0.2544812126565612,0.005041624653127891,0.5940320572673514,0.008820141996996779,0.2763397976028309,0.25013293866359143,-0.028303317711817957
13,header,high_density,random,0.05,1,120000,4,0.9995256575283081,0.9973779271979886,0.002147730330319564,0.002147730330319564,0.02351666666666667,0.006516666666666666,0.012283333333333334,0.029247858772487565,0.015804767163827026,0.029785722549596588,-0.011101489534555824,-0.016925554417094636
13,header,mid_density,random,0.05,1,239999,4,0.9722465136835831,0.9606003750813631,0.011646138602219969,0.011646138602219969,0.060450251876049486,0.024541768924037182,0.009491706215442564,0.03639059652157796,0.0291513104013104,0.05979376801638575,0.0189290820589377,-0.009084457794287962
13,header,low_density,random,0.05,1,120001,4,0.9526816951905775,0.9282623373248563,0.024419357865721247,0.024419357865721247,0.0834576378530179,0.03019141507154107,0.0244247964600295,0.0704754123871771,0.042730307757351337,0.08470800948062705,-0.0011812514729226372,-0.006488810961947142
13,header,high_density,random,0.05,2,120000,4,0.9995256575283081,0.9994674691336496,5.818839465854264e-05,5.818839465854264e-05,0.0035083333333333334,0.000975,0.0,0.004375958409694431,0.0,0.013950397583912283,0.011596054358976154,-0.011046075816173959
13,header,mid_density,random,0.05,2,239999,4,0.9722465136835831,0.9591658049808285,0.013080708702754573,0.013080708702754573,0.0752503135429731,0.04919603831682632,0.00032083467014445895,0.07294800902041951,0.0009853603603603603,0.10037219471978753,0.09667058402354874,-0.07501712348025746
13,header,low_density,random,0.05,2,120001,4,0.9526816951905775,0.9370279346501786,0.01565376054039891,0.01565376054039891,0.08884092632561395,0.05485787618436513,0.0018499845834618045,0.1280539993775288,0.003236481856749231,0.09619310262533999,0.0886493391838544,-0.047798665136347195
13,header,high_density,random,0.05,3,120000,4,0.9995256575283081,0.9970843534587741,0.0024413040695340227,0.0024413040695340227,0.03763333333333333,0.017466666666666665,0.012283333333333334,0.07839323783520963,0.015804767163827026,0.03433643655297873,-0.002507976038082967,-0.01739997272930514
13,header,mid_density,random,0.05,3,239999,4,0.9722465136835831,0.9594626911569063,0.012783822526676758,0.012783822526676758,0.0667877782824095,0.02908345451439381,0.010262542760594837,0.043125019307404776,0.03151873464373464,0.06332199020820047,0.02249395394699883,-0.008150938382716565
13,header,low_density,random,0.05,3,120001,4,0.9526816951905775,0.9273415720961764,0.025340123094401146,0.025340123094401146,0.08780760160331998,0.03171640236331364,0.026383113474054382,0.07403516962340492,0.046156313326432725,0.08665828876529083,0.0012830829891821458,-0.00551718008202952
13,header,high_density,random,0.05,4,120000,4,0.9995256575283081,0.999610517291524,-8.485976321581656e-05,-8.485976321581656e-05,0.004316666666666667,0.0011333333333333334,0.0,0.005086584134345663,0.0,0.005562368965576021,0.005219871923265353,-0.002904966459498628
13,header,mid_density,random,0.05,4,239999,4,0.9722465136835831,0.9718849171037761,0.00036159657980694426,0.00036159657980694426,0.03801682507010446,0.014454226892612053,0.00022500093750390626,0.021432763893608476,0.000691031941031941,0.03494594973181413,0.03095402231000908,-0.014426202550399643
13,header,low_density,random,0.05,4,120001,4,0.9526816951905775,0.9504665175534899,0.002215177637087673,0.002215177637087673,0.03080807659936167,0.014099882500979159,0.0013583220139832168,0.032913165266106444,0.002376335777703264,0.03126609780987912,0.026851394551630475,-0.0037472555087061975
13,header,high_density,random,0.05,5,120000,4,0.9995256575283081,0.9993084142245373,0.0002172433037708199,0.0002172433037708199,0.0025666666666666667,0.00024166666666666667,0.00055,0.0010846392639413548,0.0007076761416638967,0.005600385389714675,0.0011408951378147783,-0.0038190659107994805
13,header,mid_density,random,0.05,5,239999,4,0.9722465136835831,0.9700412081134313,0.00220530557015175,0.00220530557015175,0.011233380139083912,0.0021833424305934606,0.0036458485243688514,0.0032374656328194988,0.011197276822276822,0.01727883946042342,0.001645231070746773,-0.007122861811224376
13,header,low_density,random,0.05,5,120001,4,0.9526816951905775,0.9485156498959304,0.004166045294647147,0.004166045294647147,0.022533145557120358,0.005708285764285298,0.008691594236714693,0.013324774354186119,0.015205633227880396,0.02199180859928391,-7.23247038693972e-06,-0.005044950580622812
13,header,high_density,random,0.05,6,120000,4,0.9995256575283081,0.9980615942153728,0.0014640633129353597,0.0014640633129353597,0.04106666666666667,0.032508333333333334,0.0,0.1459026816770767,0.0,0.034265845566811094,0.03033106107786239,-0.0035361592319882004
13,header,mid_density,random,0.05,6,239999,4,0.9722465136835831,0.9494246689866419,0.02282184469694115,0.02282184469694115,0.1668881953674807,0.11197129988041617,0.0029250121875507816,0.1660313243335084,0.008983415233415233,0.15284532732798176,0.14209271743402752,-0.009523289728181786
13,header,low_density,random,0.05,6,120001,4,0.9526816951905775,0.9173900217126685,0.03529167347790907,0.03529167347790907,0.16592361730318914,0.10561578653511221,0.0041332988891759235,0.24653750389044507,0.007231058562827111,0.16567705411989841,0.15392789555070582,0.023364816978825715
13,header,high_density,random,0.05,7,120000,4,0.9995256575283081,0.9995540729806739,-2.841545236575982e-05,-2.841545236575982e-05,0.0020083333333333333,0.000375,0.0,0.0016830609268055504,0.0,0.0011838863147635222,0.0010569219640614836,-0.0008793440375315164
13,header,mid_density,random,0.05,7,239999,4,0.9722465136835831,0.9722375484696505,8.965213932565774e-06,8.965213932565774e-06,0.003766682361176505,0.0007291697048737704,7.91669965291522e-05,0.0010812146674492602,0.00024314086814086815,0.002225868384538302,0.001926568899806085,-0.0013092593408898332
13,header,low_density,random,0.05,7,120001,4,0.9526816951905775,0.9527281343193467,-4.643912876911571e-05,-4.643912876911571e-05,0.0022333147223773135,0.0007416604861626153,0.00023333138890509246,0.0017312480547774665,0.0004082049188692724,0.002174003513190278,0.0006324330063932983,-0.0007090407055502591
13,header,high_density,random,0.05,8,120000,4,0.9995256575283081,0.999385499400318,0.00014015812799017535,0.00014015812799017535,0.009516666666666666,0.004066666666666666,0.0,0.01825186071735797,0.0,0.01514271093787296,0.014857411401593702,0.003234133452388369
13,header,mid_density,random,0.05,8,239999,4,0.9722465136835831,0.9673020020026697,0.004944511680913366,0.004944511680913366,0.06533777224071767,0.03623348430618461,0.0004166684027850116,0.0537271014179358,0.0012796887796887796,0.06281550365474947,0.0614635136592996,-0.004051127756908428
13,header,low_density,random,0.05,8,120001,4,0.9526816951905775,0.9440723988340105,0.008609296356567042,0.008609296356567042,0.06390780076832693,0.036424696460862827,0.0007999933333888885,0.08502567693744165,0.0013995597218375052,0.0656336943718222,0.0624925149485985,0.006950543842443534
13,header,high_density,random,0.05,9,120000,4,0.9995256575283081,0.9993488527867265,0.00017680474158165982,0.00017680474158165982,0.028908333333333334,0.020758333333333333,0.0,0.09316677263716946,0.0,0.023074317116130096,0.021595188796320223,-0.0028546094212070694
13,header,mid_density,random,0.05,9,239999,4,0.9722465136835831,0.9632771640763941,0.008969349607188981,0.008969349607188981,0.0860170250709378,0.05069187788282451,0.00016250067708615452,0.07516604368107256,0.0004990786240786241,0.08380950893956877,0.08232864339967472,-0.007956130484757386
13,header,low_density,random,0.05,9,120001,4,0.9526816951905775,0.936768447811822,0.015913247378755546,0.015913247378755546,0.1062324480629328,0.06279947667102774,0.00029999750002083315,0.1465919701213819,0.0005248348956890644,0.10465799937278739,0.10214452416611165,0.012162946891890805
13,header,high_density,random,0.05,10,120000,4,0.9995256575283081,0.9993206055668642,0.00020505196144393611,0.00020505196144393611,0.005508333333333333,0.0016333333333333334,0.0,0.007330665370086397,0.0,0.008879293173552053,0.00511637044650631,-0.003407705165543798
13,header,mid_density,random,0.05,10,239999,4,0.9722465136835831,0.9700483574272035,0.0021981562563795354,0.0021981562563795354,0.025291772049050205,0.009050037708490452,0.002283342847261864,0.013419418615427389,0.007012694512694513,0.03127122094708092,0.01724311538571218,-0.010806451547932975
13,header,low_density,random,0.05,10,120001,4,0.9526816951905775,0.947494410476372,0.005187284714205598,0.005187284714205598,0.0383080140998825,0.016549862084482628,0.006199948333763886,0.03863211951447246,0.010846587844240667,0.03743718955517271,0.020349471277698414,-0.004616430926870398
13,header,high_density,random,0.05,11,120000,4,0.9995256575283081,0.9973700363115642,0.0021556212167439526,0.0021556212167439526,0.0102,0.007,5.833333333333333e-05,0.031417137300370275,7.505656047950419e-05,0.019510482472206724,0.011055899917185131,-0.01213087696132516
13,header,mid_density,random,0.05,11,239999,4,0.9722465136835831,0.9537666073962546,0.01847990628732843,0.01847990628732843,0.11161713173804891,0.07135446397693324,0.001683340347251447,0.10580457817182046,0.00516994266994267,0.10347068884706644,0.09411777179154758,-0.04002087967280176
13,header,low_density,random,0.05,11,120001,4,0.9526816951905775,0.9237052204288185,0.02897647476175902,0.02897647476175902,0.12239064674461046,0.07780768493595887,0.001958317014024883,0.18162542794895736,0.0034260055690813933,0.11541356039008996,0.10412773141869047,-0.011237797737507039
13,header,high_density,random,0.05,12,120000,4,0.9995256575283081,0.9992859420515559,0.000239715476752278,0.000239715476752278,0.00645,0.0020666666666666667,0.0,0.009275535774395034,0.0,0.03397266950355729,0.027814200450391423,-0.02882915200194005
13,header,mid_density,random,0.05,12,239999,4,0.9722465136835831,0.9535224126853692,0.018724100998213866,0.018724100998213866,0.05528773036554319,0.03141679756998988,0.004475018645911024,0.04658490624324241,0.013743857493857493,0.09653804390510978,0.08019143879417986,-0.07393681616774532
13,header,low_density,random,0.05,12,120001,4,0.9526816951905775,0.9284120081228622,0.024269687067715373,0.024269687067715373,0.09069924417296522,0.049116257364521965,0.0099499170840243,0.11465141612200436,0.01740702404035397,0.09737890294559325,0.07045548971230346,-0.04808849084783439
13,header,high_density,random,0.05,13,120000,4,0.9995256575283081,0.9995471620134925,-2.150448518434267e-05,-2.150448518434267e-05,0.006141666666666667,0.002341666666666667,0.000525,0.010509780454052436,0.0006755090443155378,0.008198936533293486,0.00755677211873615,-0.005609633693755364
13,header,mid_density,random,0.05,13,239999,4,0.9722465136835831,0.9716427225119418,0.0006037911716412214,0.0006037911716412214,0.012150050625210938,0.005170854878561994,0.00032083467014445895,0.007667356584597325,0.0009853603603603603,0.007958525846361152,0.006668102389033194,-0.0015516322428376118
13,header,low_density,random,0.05,13,120001,4,0.9526816951905775,0.9511561021036187,0.0015255930869588763,0.0015255930869588763,0.010716577361855318,0.005166623611469905,0.0002166648611261573,0.012060379707438531,0.00037904742466432435,0.010528152008280464,0.007214221538889583,-0.0005699245284506903
13,header,high_density,random,0.05,14,120000,4,0.9995256575283081,0.9995393302791402,-1.3672750832083302e-05,-1.3672750832083302e-05,0.006158333333333333,0.002108333333333333,0.0,0.009462542544040095,0.0,0.009444553696481145,0.009015300184674039,-0.005058481985192085
13,header,mid_density,random,0.05,14,239999,4,0.9722465136835831,0.9717118650008042,0.0005346486827788599,0.0005346486827788599,0.016766736528068867,0.006604194184142434,0.00021666756944820604,0.009792715702326156,0.0006654381654381654,0.012665787132872308,0.01214120603776948,-0.00215665110351604
13,header,low_density,random,0.05,14,120001,4,0.9526816951905775,0.9513990477584826,0.001282647432094941,0.001282647432094941,0.0165831951400405,0.008316597361688653,4.166631944733794e-05,0.01941332088390912,7.289373551237007e-05,0.01617377036731816,0.01483498418661139,0.00016156254048511263
13,header,high_density,random,0.05,15,120000,4,0.9995256575283081,0.9994601400916531,6.551743665506038e-05,6.551743665506038e-05,0.005,0.0014583333333333334,0.0,0.00654523693757714,0.0,0.010080663001547134,0.007295497310603494,-0.006755216083887825
13,header,mid_density,random,0.05,15,239999,4,0.9722465136835831,0.9706422044156823,0.001604309267900783,0.001604309267900783,0.04383768265701107,0.019616748403118348,1.2500052083550349e-05,0.029087763739149237,3.839066339066339e-05,0.03777110842380807,0.036744664569831366,-0.016305698392354556
13,header,low_density,random,0.05,15,120001,4,0.9526816951905775,0.9487147146790591,0.0039669805115184475,0.0039669805115184475,0.03897467521103991,0.018408179931833902,0.0026166448612928227,0.04296996576408341,0.00457772659017684,0.03772772119468159,0.030554903784365796,-0.0036202898945462947
13,header,high_density,random,0.05,16,120000,4,0.9995256575283081,0.9994556661898438,6.999133846430361e-05,6.999133846430361e-05,0.0017333333333333333,0.0005166666666666667,0.0,0.0023188839435987585,0.0,0.0036191902747628527,0.0019081040452812764,-0.0030929103881508083
13,header,mid_density,random,0.05,16,239999,4,0.9722465136835831,0.9717292145857162,0.0005172990978669079,0.0005172990978669079,0.006075025312605469,0.0026000108333784724,4.166684027850116e-06,0.0038553025856476477,1.2796887796887798e-05,0.004660242511145152,0.00445197957594808,-0.0016692612849231936
13,header,low_density,random,0.05,16,120001,4,0.9526816951905775,0.9510741217488005,0.0016075734417770882,0.0016075734417770882,0.008583261806151616,0.004624961458654511,0.00015833201389988416,0.010795985060690943,0.00027699619494700624,0.008148434878906279,0.00723378097318866,0.0006270237677047769
13,header,high_density,random,0.05,17,120000,4,0.9995256575283081,0.99945188386599,7.377366231808846e-05,7.377366231808846e-05,0.0078,0.0,0.00675,0.0,0.008685116284056915,0.014773377490856417,-0.014453156042135309,-0.01021111293138742
13,header,mid_density,random,0.05,17,239999,4,0.9722465136835831,0.9710874570471123,0.0011590566364707566,0.0011590566364707566,0.028645952691469547,0.0005666690277876157,0.018295909566289858,0.0008402582558462822,0.05619113431613432,0.031383226607830605,-0.023233553624660636,-0.009369657367656145
13,header,low_density,random,0.05,17,120001,4,0.9526816951905775,0.9533301900944297,-0.0006484949038521037,-0.0006484949038521037,0.04694960875326039,0.0011916567361938651,0.02915809034924709,0.0027816682228446934,0.05101103611155657,0.05404909299333746,-0.042681080901915566,-0.024005912596852468
13,header,high_density,random,0.05,18,120000,4,0.9995256575283081,0.9996147080654488,-8.905053714070021e-05,-8.905053714070021e-05,0.003775,0.0009,0.0,0.004039346224333321,0.0,0.005743668533062614,0.003915311030321006,-0.0038600677215243923
13,header,mid_density,random,0.05,18,239999,4,0.9722465136835831,0.9713992777221632,0.0008472359614198899,0.0008472359614198899,0.030050125208855038,0.01111671298630411,4.166684027850116e-05,0.016483889901455006,0.00012796887796887797,0.029845193851348716,0.02770949468631355,-0.016884923549731323
13,header,low_density,random,0.05,18,120001,4,0.9526816951905775,0.9501905774442534,0.0024911177463241563,0.0024911177463241563,0.029583086807609935,0.013016558195348372,0.002249981250156249,0.030384375972611267,0.003936261717667984,0.03045070707242869,0.020625632394128676,-0.00581058669715928
13,header,high_density,random,0.05,19,120000,4,0.9995256575283081,0.994898949073447,0.004626708454861128,0.004626708454861128,0.012625,0.009091666666666666,5.833333333333333e-05,0.04080487713655234,7.505656047950419e-05,0.03722149646299705,0.030516115596025482,-0.026943963167865462
13,header,mid_density,random,0.05,19,239999,4,0.9722465136835831,0.9246295772401314,0.04761693644345166,0.04761693644345166,0.27565948191450795,0.22228842620177583,0.0012291717882157841,0.329609835964289,0.0037750819000819,0.2501264252877895,0.24151942593912418,-0.12454654006474968
13,header,low_density,random,0.05,19,120001,4,0.9526816951905775,0.8983118519260841,0.054369843264493456,0.054369843264493456,0.2487729268922759,0.18211514904042467,0.001699985833451388,0.42510893246187365,0.0029740644089046985,0.21415103607251107,0.20178910842255715,-0.04512934118623571
13,header,high_density,random,0.05,20,120000,4,0.9995256575283081,0.9995041939482857,2.1463580022418327e-05,2.1463580022418327e-05,0.008141666666666667,0.0028,0.0,0.01256685492014811,0.0,0.013228017065329275,0.010581230098926229,-0.00338063447561638
13,header,mid_density,random,0.05,20,239999,4,0.9722465136835831,0.9702831820379162,0.001963331645666866,0.001963331645666866,0.06151692298717911,0.02905428772619886,0.0006875028645952692,0.043081770720706805,0.0021114864864864866,0.05980924963446056,0.05342840834191354,-0.02268641891288473
13,header,low_density,random,0.05,20,120001,4,0.9526816951905775,0.9449846128595558,0.007697082331021732,0.007697082331021732,0.06472446062949476,0.035816368196931694,0.002149982083482638,0.08360566448801743,0.0037613167524382955,0.062395177313352854,0.05216400240592466,-0.004465080329004417
13,header,high_density,important,0.1,0,120000,8,0.9995256575283081,0.9805140299509463,0.019011627577361856,0.019011627577361856,0.05495833333333333,0.036491666666666665,0.011158333333333333,0.16378052885514455,0.014357247783150874,0.11839861791419716,0.0199281457918545,-0.09889243613105617
13,header,mid_density,important,0.1,0,239999,8,0.9722465136835831,0.8406043779601999,0.13164213572338312,0.13164213572338312,0.39860582752428136,0.32729303038762664,0.010816711736298902,0.48531092644651075,0.03322072072072072,0.3507487239078886,0.3047559592157173,-0.14974201732258544
13,header,low_density,important,0.1,0,120001,8,0.9526816951905775,0.7761730987878817,0.1765085964026959,0.1765085964026959,0.33363055307872436,0.24325630619744834,0.01751652069566087,0.5678299097416745,0.030644526409400377,0.28663552976906453,0.1954576679732369,-0.07700772707763365
13,header,high_density,random,0.1,1,120000,8,0.9995256575283081,0.9992553359673656,0.00027032156094253246,0.00027032156094253246,0.014166666666666666,0.008616666666666667,0.0,0.038672999962598646,0.0,0.025119435551280777,0.022272523776652647,-0.0023547573827683004
13,header,mid_density,random,0.1,1,239999,8,0.9722465136835831,0.9640134103699101,0.008233103313672996,0.008233103313672996,0.09511706298776244,0.05630856795236647,0.0009416705902941262,0.08349448580519601,0.002892096642096642,0.098063927950061,0.09189078128909951,-0.016671271099938222
13,header,low_density,random,0.1,1,120001,8,0.9526816951905775,0.9366553683702052,0.016026326820372305,0.016026326820372305,0.10239081340988825,0.05994116715694036,0.004058299514170715,0.13991985683162153,0.007099849838904844,0.10221609249166182,0.09215714765280258,0.0035407864889123054
13,header,high_density,random,0.1,2,120000,8,0.9995256575283081,0.9989905354001669,0.0005351221281412188,0.0005351221281412188,0.016408333333333334,0.0,0.015733333333333332,0.0,0.020243826597900562,0.03457256097499543,-0.027935683842349894,-0.02796624568088933
13,header,mid_density,random,0.1,2,239999,8,0.9722465136835831,0.9644385747219398,0.007807938961643224,0.007807938961643224,0.08020033416805904,0.0005541689757040655,0.06548360618169242,0.0008217231472614378,0.2011158886158886,0.07790671575799499,-0.07592583765321899,-0.0036071773370629067
13,header,low_density,random,0.1,2,120001,8,0.9526816951905775,0.9383414341629884,0.014340261027589118,0.014340261027589118,0.15062374480212665,0.0004083299305839118,0.12576561861984484,0.0009531590413943355,0.22002245127053782,0.11920896431629169,-0.11797368777434836,-0.01734593826229605
13,header,high_density,random,0.1,3,120000,8,0.9995256575283081,0.9958810856164643,0.0036445719118438635,0.0036445719118438635,0.05470833333333333,0.0004166666666666667,0.05210833333333333,0.0018700676964506116,0.06704695323976283,0.11413335346825361,-0.10519100711072427,-0.08937103423855358
13,header,mid_density,random,0.1,3,239999,8,0.9722465136835831,0.9420063587111254,0.03024015497245769,0.03024015497245769,0.12492135383897433,0.010683377847407697,0.08555035645981858,0.01584133947051373,0.26274570024570026,0.11507673316508395,-0.06632368588601999,-0.04285458241255105
13,header,low_density,random,0.1,3,120001,8,0.9526816951905775,0.9103194915809187,0.04236220360965881,0.04236220360965881,0.19623169806918275,0.00863326138948842,0.15560703660802827,0.020152505446623094,0.27222894464449726,0.17959192954902833,-0.15025006117540812,-0.06723308371945766
13,header,high_density,random,0.1,4,120000,8,0.9995256575283081,0.9995481044363369,-2.2446908028772583e-05,-2.2446908028772583e-05,0.006775,0.002125,0.0,0.00953734525189812,0.0,0.009759893282212802,0.00967538974337489,0.0014445078903262214
13,header,mid_density,random,0.1,4,239999,8,0.9722465136835831,0.9710812027367065,0.0011653109468765521,0.0011653109468765521,0.05523356347318114,0.0269459456081067,0.0001291672048633536,0.039955515739396374,0.0003967035217035217,0.05846434007143975,0.05512715906045775,-0.01342595864880542
13,header,low_density,random,0.1,4,120001,8,0.9526816951905775,0.9427438666897858,0.009937828500791723,0.009937828500791723,0.08099099174173549,0.048341263822801475,0.0002666644444629628,0.11284235916588858,0.00046651990727916844,0.08320298060837038,0.07985082036104768,-0.0019375366478457195
13,header,high_density,random,0.1,5,120000,8,0.9995256575283081,0.9937533635246767,0.00577229400363144,0.00577229400363144,0.031641666666666665,0.0068,0.0227,0.03051950480607398,0.029207724392309918,0.04034512248534225,-0.01839401659592969,-0.023365491819749826
13,header,mid_density,random,0.1,5,239999,8,0.9722465136835831,0.9386203571890124,0.03362615649457068,0.03362615649457068,0.12429218455076896,0.07505031270963629,0.014229225955108147,0.11128479194340614,0.04370137182637183,0.10217780352775685,0.04435373230188539,-0.02018582643434393
13,header,low_density,random,0.1,5,120001,8,0.9526816951905775,0.9026176676405842,0.050064027549993395,0.050064027549993395,0.13971550237081357,0.06473279389338422,0.03606636611361572,0.15110488639900405,0.06309681745950753,0.12454863664664756,0.01863952361666879,-0.012534672008929996
13,header,high_density,random,0.1,6,120000,8,0.9995256575283081,0.9976230966963082,0.001902560831999911,0.001902560831999911,0.030783333333333333,0.020641666666666666,0.0030083333333333333,0.09264315368216329,0.0038707740475858593,0.03657290157927604,-0.00044600671669228726,-0.02404661482927785
13,header,mid_density,random,0.1,6,239999,8,0.9722465136835831,0.9517312382183718,0.020515275465211258,0.020515275465211258,0.07832115967149864,0.023479264496935402,0.03546681444506019,0.03481511229186618,0.10892710892710893,0.07395693181322781,-0.006018508287790711,-0.015707722820553938
13,header,low_density,random,0.1,6,120001,8,0.9526816951905775,0.9160124472337721,0.036669247956805484,0.036669247956805484,0.1264406129948917,0.02486645944617128,0.07060774493545888,0.058045440398381574,0.12352572419926232,0.11257120776194067,-0.03853681937756104,-0.03143308274304908
13,header,high_density,random,0.1,7,120000,8,0.9995256575283081,0.9921826929385564,0.007342964589751699,0.007342964589751699,0.06266666666666666,0.0018833333333333334,0.058275,0.008452705987956765,0.0749815039190247,0.07693465935564328,-0.05961647075397096,-0.05504803033750022
13,header,mid_density,random,0.1,7,239999,8,0.9722465136835831,0.9546884653702388,0.017558048313344288,0.017558048313344288,0.09611706715444647,0.0032375134896395403,0.07432530968879036,0.004800593123474715,0.2282708845208845,0.09343754840806212,-0.082725243099585,-0.01814122177805167
13,header,low_density,random,0.1,7,120001,8,0.9526816951905775,0.9152637383320168,0.03741795685856075,0.03741795685856075,0.19144007133273888,0.00189998416679861,0.1663736135532204,0.004435107376283847,0.2910646859008937,0.16448076080949084,-0.15654641223584903,-0.03797617961385661
13,header,high_density,random,0.1,8,120000,8,0.9995256575283081,0.9980902184043727,0.0014354391239354003,0.0014354391239354003,0.025791666666666668,0.00011666666666666667,0.02495,0.0005236189550061713,0.03210276315366222,0.08050699607808996,-0.07779127008723187,-0.0639892775331877
13,header,mid_density,random,0.1,8,239999,8,0.9722465136835831,0.9543276244041397,0.017918889279443406,0.017918889279443406,0.059029412622552596,0.007620865086937862,0.038791828299284584,0.011300237867226838,0.11913902538902539,0.08038719174055545,-0.06529407888442416,-0.01921192536837984
13,header,low_density,random,0.1,8,120001,8,0.9526816951905775,0.9179595513807342,0.0347221438098434,0.0347221438098434,0.1321738985508454,0.005208289930917242,0.10419913167390271,0.012157640834111423,0.18229265376933507,0.1456596225818403,-0.13078587403193484,-0.054303521469468485
13,header,high_density,random,0.1,9,120000,8,0.9995256575283081,0.9995934085071043,-6.77509787961883e-05,-6.77509787961883e-05,0.004375,0.0010083333333333333,0.0,0.00452556382541048,0.0,0.00868312019866326,0.0038673624763750102,-0.006180496655817423
13,header,mid_density,random,0.1,9,239999,8,0.9722465136835831,0.970219039154873,0.002027474528710105,0.002027474528710105,0.043362680677836156,0.016229234288476203,0.002362509843791016,0.02406474931265639,0.007255835380835381,0.04006185072396203,0.027120942769478868,-0.01804104050768534
13,header,low_density,random,0.1,9,120001,8,0.9526816951905775,0.9467502879189117,0.005931407271665856,0.005931407271665856,0.04110799076674361,0.01661652819559837,0.0052582895142540475,0.03878773731714908,0.009199189421661102,0.040525589709325786,0.017562452681834508,-0.0037403008958375116
13,header,high_density,random,0.1,10,120000,8,0.9995256575283081,0.9977739781926587,0.0017516793356494587,0.0017516793356494587,0.03376666666666667,0.024566666666666667,0.0013083333333333334,0.11025919138272805,0.0016834114278974513,0.037699612451986254,0.009607397617419418,-0.02203100365056297
13,header,mid_density,random,0.1,10,239999,8,0.9722465136835831,0.9450222082277009,0.02722430545588217,0.02722430545588217,0.13347972283217846,0.08085867024445935,0.009679206996695819,0.11989743906583053,0.029727170352170353,0.1286502922642314,0.09171857899741878,-0.049547342143387796
13,header,low_density,random,0.1,10,120001,8,0.9526816951905775,0.9038743534855405,0.04880734170503709,0.04880734170503709,0.14512379063507805,0.0768743593803385,0.020341497154190383,0.1794467787114846,0.03558672167713907,0.1467770772560629,0.06694815146911712,-0.043680678833991286
13,header,high_density,random,0.1,11,120000,8,0.9995256575283081,0.999227728191429,0.0002979293368791103,0.0002979293368791103,0.031808333333333334,0.023841666666666667,0.0,0.10700527359090399,0.0,0.033786040672180086,0.033740147214700644,-0.001672990313993837
13,header,mid_density,random,0.1,11,239999,8,0.9722465136835831,0.9637723239377208,0.008474189745862226,0.008474189745862226,0.14696311234630144,0.09735457231071797,1.2500052083550349e-05,0.14435760402829692,3.839066339066339e-05,0.131676582305539,0.13161116078341545,-0.01702149103916346
13,header,low_density,random,0.1,11,120001,8,0.9526816951905775,0.9375647806774965,0.015116914513081059,0.015116914513081059,0.14914875709369088,0.09401588320097333,0.00014999875001041658,0.2194600062247121,0.0002624174478445322,0.14352268343946833,0.14239575547040006,0.017271845179424164
13,header,high_density,random,0.1,12,120000,8,0.9995256575283081,0.998671100976557,0.0008545565517511511,0.0008545565517511511,0.042216666666666666,0.03381666666666667,0.0,0.15177469424393164,0.0,0.04530814236928585,0.042064926896147846,-0.0026326029185335326
13,header,mid_density,random,0.1,12,239999,8,0.9722465136835831,0.9534215742294541,0.018824939454128997,0.018824939454128997,0.1782799094996229,0.12345468106117109,0.0008291701215421731,0.18305891075345215,0.0025465806715806714,0.15903242745548238,0.15130765344160352,-0.020698584535086047
13,header,low_density,random,0.1,12,120001,8,0.9526816951905775,0.9243972934730695,0.028284401717508012,0.028284401717508012,0.16470696077532687,0.1040491329238923,0.0029833084724293964,0.24288048552754435,0.005219191462685697,0.1636398296896372,0.15173183793369632,0.013349657325407358
13,header,high_density,random,0.1,13,120000,8,0.9995256575283081,0.9983713613857547,0.0011542961425534681,0.0011542961425534681,0.019375,0.0025916666666666666,0.015191666666666666,0.011631821071922803,0.01954687282201945,0.028106859277855622,-0.017423456583867382,-0.021781001997053167
13,header,mid_density,random,0.1,13,239999,8,0.9722465136835831,0.9585657515946682,0.013680762088914888,0.013680762088914888,0.05969191538298076,0.00929170538210576,0.03750015625065104,0.013777764048067714,0.11517199017199017,0.06219669782044146,-0.04098327205216112,-0.011897679660480736
13,header,low_density,random,0.1,13,120001,8,0.9526816951905775,0.9283852814124028,0.024296413778174708,0.024296413778174708,0.12364896959192007,0.010516579028508095,0.08868259431171407,0.024548708372237785,0.15514702666452845,0.10027836177992402,-0.07164570671755517,-0.022866511285422803
13,header,high_density,random,0.1,14,120000,8,0.9995256575283081,0.9994727705629225,5.288696538563453e-05,5.288696538563453e-05,0.0031416666666666667,0.0007333333333333333,0.00020833333333333335,0.0032913191457530763,0.00026805914456965786,0.007538010265712682,0.002768293324634603,-0.004563575761793442
13,header,mid_density,random,0.1,14,239999,8,0.9722465136835831,0.9703625832261417,0.0018839304574413962,0.0018839304574413962,0.04621685923691349,0.02010008375034896,0.0006250026041775174,0.029804454604429893,0.0019195331695331696,0.05873479620571259,0.05506464285905781,-0.035705760872977256
13,header,low_density,random,0.1,14,120001,8,0.9526816951905775,0.9520805873119734,0.0006011078786041235,0.0006011078786041235,0.0572828559762002,0.026666444446296282,0.0009999916667361105,0.06224712107065048,0.0017494496522968816,0.06723068424218182,0.056075456199017985,-0.023458309031040684
13,header,high_density,random,0.1,15,120000,8,0.9995256575283081,0.9995077516947809,1.7905833527231962e-05,1.7905833527231962e-05,0.00825,0.0028833333333333332,0.0,0.012940868459438232,0.0,0.009075019143373924,0.008826839470053829,-0.0007935004294715921
13,header,mid_density,random,0.1,15,239999,8,0.9722465136835831,0.9714698209466385,0.0007766927369445842,0.0007766927369445842,0.04879186996612486,0.02223342597260822,1.6666736111400465e-05,0.03296777980291001,5.118755118755119e-05,0.05017988207430303,0.049793703515748876,-0.01746821672949571
13,header,low_density,random,0.1,15,120001,8,0.9526816951905775,0.9506340777174449,0.0020476174731326457,0.0020476174731326457,0.057007858267847766,0.029316422363146973,0.0005916617361521987,0.06843292872704637,0.001035091044275655,0.056513010735749256,0.0538817361198298,-0.0031929665425893023
13,header,high_density,random,0.1,16,120000,8,0.9995256575283081,0.9995379525371481,-1.2295008839924293e-05,-1.2295008839924293e-05,0.002725,0.0,0.0023166666666666665,0.0,0.0029808176876145952,0.007301799774371165,-0.005223584313018872,-0.006439723512852796
13,header,mid_density,random,0.1,16,239999,8,0.9722465136835831,0.970585133087064,0.001661380596519102,0.001661380596519102,0.01541673090304543,0.00010000041666840279,0.011112546302276259,0.00014828086867875567,0.034129299754299756,0.01551393794731633,-0.01326272916141624,-0.003514762683570977
13,header,low_density,random,0.1,16,120001,8,0.9526816951905775,0.9496453682333567,0.0030363269572208917,0.0030363269572208917,0.024558128682260982,0.0013249889584253465,0.01669152757060358,0.0030929038281979457,0.029201230446255447,0.02568256223994542,-0.022410740943470203,-0.009334443015483784
13,header,high_density,random,0.1,17,120000,8,0.9995256575283081,0.9993605484547404,0.0001651090735677041,0.0001651090735677041,0.00795,0.0028083333333333333,0.0,0.012604256274077122,0.0,0.013812763247187911,0.013256910879430728,0.0023429735780093625
13,header,mid_density,random,0.1,17,239999,8,0.9722465136835831,0.9665290872552001,0.00571742642838291,0.00571742642838291,0.061633590139958914,0.03394180809086705,0.00071666965279022,0.05032899817738099,0.002201064701064701,0.05895867932619386,0.055555945826682884,-0.0059265930784682085
13,header,low_density,random,0.1,17,120001,8,0.9526816951905775,0.9429269662588307,0.009754728931746892,0.009754728931746892,0.06169115257372855,0.03494970875242706,0.0011916567361938651,0.08158263305322129,0.0020847608356537838,0.06233832156706408,0.055059273427477774,0.004195900133166341
13,header,high_density,random,0.1,18,120000,8,0.9995256575283081,0.9993562397777024,0.00016941775060574926,0.00016941775060574926,0.0138,0.008183333333333334,0.0,0.03672812955829001,0.0,0.024844762345469448,0.023279917701059936,-0.0032835270974901566
13,header,mid_density,random,0.1,18,239999,8,0.9722465136835831,0.9671861411682549,0.005060372515328204,0.005060372515328204,0.10760878170325709,0.0664377768240701,7.91669965291522e-05,0.0985141021284483,0.00024314086814086815,0.09500179279754387,0.0942909630613814,-0.011153767455088653
13,header,low_density,random,0.1,18,120001,8,0.9526816951905775,0.9409654773396926,0.011716217850884947,0.011716217850884947,0.09331588903425805,0.05296622528145599,0.0023833134723877302,0.12363834422657952,0.0041695216713075675,0.09074721597483788,0.08497115816716398,0.005358638248069329
13,header,high_density,random,0.1,19,120000,8,0.9995256575283081,0.9994890237477086,3.663378059948208e-05,3.663378059948208e-05,0.003725,0.000975,0.0,0.004375958409694431,0.0,0.007845966272416197,0.004518969420049764,-0.00601652744303304
13,header,mid_density,random,0.1,19,239999,8,0.9722465136835831,0.9695264271217671,0.002720086561815993,0.002720086561815993,0.03153346472276968,0.013100054583560766,0.0017291738715577982,0.019424793796916993,0.005310708435708435,0.028764610184774546,0.020036176234918667,-0.013066999474240584
13,header,low_density,random,0.1,19,120001,8,0.9526816951905775,0.9505772320040261,0.002104463186551442,0.002104463186551442,0.026516445696285865,0.00980825159790335,0.004516629028091432,0.02289526921879863,0.007901680929540916,0.02891660877498608,0.009073932655715152,-0.00482198697017265
13,header,high_density,random,0.1,20,120000,8,0.9995256575283081,0.999349696756461,0.00017596077184711678,0.00017596077184711678,0.0020583333333333335,0.0010083333333333333,5.833333333333333e-05,0.00452556382541048,7.505656047950419e-05,0.007288016275508505,0.0007758943591642029,-0.006312111400398045
13,header,mid_density,random,0.1,20,239999,8,0.9722465136835831,0.9701274597934126,0.0021190538901704192,0.0021190538901704192,0.017316738819745083,0.006395859982749928,0.0010583377430739296,0.009483797225912081,0.0032504095004095004,0.02267608125007274,0.013627349956599569,-0.014129903152308767
13,header,low_density,random,0.1,20,120001,8,0.9526816951905775,0.9447927390445696,0.00788895614600793,0.00788895614600793,0.03334138882175982,0.013658219514837377,0.0074749377088524265,0.031882197323373794,0.01307713615091919,0.0351149023456448,0.00966789557417607,-0.010360657608606418
13,imports,high_density,important,0.01,0,179203,13,0.8506102297872982,0.8431952237144319,0.00741500607286627,0.00741500607286627,0.029240581909901062,0.008755433781800527,0.011439540632690301,0.01655604680855554,0.024279318757846367,0.03754542112052899,-0.009585019924632215,-0.03365019537924971
13,imports,mid_density,important,0.01,0,180796,13,0.9621419021050772,0.9193808448572796,0.04276105724779766,0.04276105724779766,0.11786212084338149,0.0345859421668621,0.045814066682891216,0.10750266478698896,0.0675446464975944,0.1322977644057404,-0.03718933923265659,-0.08527186910234025
13,imports,low_density,important,0.01,0,120001,13,0.9168748058724117,0.8544408577255181,0.062433948146893514,0.062433948146893514,0.11590736743860468,0.0412913225723119,0.04113299055841201,0.05691150290013208,0.14986640757833375,0.1144178339897749,0.026730355491016773,-0.05864315224273949
13,imports,high_density,random,0.01,1,179203,13,0.8506102297872982,0.850324377450864,0.00028585233643418917,0.00028585233643418917,0.0,0.0,0.0,0.0,0.0,0.001074729786351893,0.0006486694364555371,-0.00016937037440979832
13,imports,mid_density,random,0.01,1,180796,13,0.9621419021050772,0.9616177490547606,0.0005241530503166114,0.0005241530503166114,0.00659859731409987,0.002566428460806655,0.0011338746432443196,0.007977168792765534,0.001671695343716872,0.008513145319642144,0.005126403693745131,-0.004144966761218944
13,imports,low_density,random,0.01,1,120001,13,0.9168748058724117,0.916331537719544,0.0005432681528676486,0.0005432681528676486,0.018741510487412606,0.006766610278247681,0.0018083182640144665,0.00932636535921438,0.006588535341267914,0.013373569408105346,0.009969061700406772,-0.003966121910340372
13,imports,high_density,random,0.01,2,179203,13,0.8506102297872982,0.8506015009202741,8.728867024077047e-06,8.728867024077047e-06,0.0002176302852072789,0.0,5.022237350937205e-05,0.0,0.00010659213113200844,0.0008477648699589317,-0.0005028262462416969,-0.0007509956330913612
13,imports,mid_density,random,0.01,2,180796,13,0.9621419021050772,0.9620050883311699,0.000136813773907285,0.000136813773907285,0.0035343702294298547,0.0009236930020575676,0.0005143919113254718,0.0028710930784306985,0.0007583788632471662,0.004251969840108053,0.0022991220000648377,-0.002303416747429917
13,imports,low_density,random,0.01,2,120001,13,0.9168748058724117,0.9163186023898874,0.0005562034825242756,0.0005562034825242756,0.00825826451446238,0.0026833109724085633,0.0008833259722835643,0.003698386263136737,0.003218362885596308,0.010044646574434105,0.007405034401715642,-0.005773880488800121
13,imports,high_density,random,0.01,3,179203,13,0.8506102297872982,0.8505853227851929,2.490700210522334e-05,2.490700210522334e-05,0.0,0.0,0.0,0.0,0.0,0.00020600984187153247,-0.00019814207357548024,0.00019814207357547972
13,imports,mid_density,random,0.01,3,180796,13,0.9621419021050772,0.9619742615138267,0.00016764059125051745,0.00016764059125051745,0.00039270780326998385,7.743534148985597e-05,0.00018805725790393594,0.00024069043771275314,0.0002772567887140178,0.0006547073526895259,-0.00017929202210487037,1.905293819737864e-05
13,imports,low_density,random,0.01,3,120001,13,0.9168748058724117,0.9168633299651423,1.1475907269353769e-05,1.1475907269353769e-05,0.0015916534028883093,0.00036666361113657384,0.00014999875001041658,0.0005053695514845231,0.0005465144522710712,0.0015613396813415337,0.0009864573296388954,-0.0007320902376157039
13,imports,high_density,random,0.01,4,179203,13,0.8506102297872982,0.8506103668827241,-1.3709542590056856e-07,-1.3709542590056856e-07,0.0,0.0,0.0,0.0,0.0,0.00015629963379952278,6.659443426705627e-05,3.952413214528694e-06
13,imports,mid_density,random,0.01,4,180796,13,0.9621419021050772,0.9618822420245998,0.0002596600804773974,0.0002596600804773974,0.0023617779154406072,0.00041483218655279986,0.0011172813557822076,0.0012894130591754632,0.0016472315094185762,0.002625570428559941,0.0005140576095762861,-0.001062285342180967
13,imports,low_density,random,0.01,4,120001,13,0.9168748058724117,0.9166070892204433,0.0002677166519683416,0.0002677166519683416,0.005466621111490737,0.0016333197223356473,0.0011416571528570596,0.002251191638431057,0.004159582220063153,0.005026398920695184,0.0023326916909181,-0.0012007829495289729
13,imports,high_density,random,0.01,5,179203,13,0.8506102297872982,0.8506103445125498,-1.1472525163203073e-07,-1.1472525163203073e-07,0.0019419317756957193,0.0009151632506152241,0.0,0.0017305236944570482,0.0,0.00017004015374675984,9.646692163048805e-05,-8.984788665585306e-05
13,imports,mid_density,random,0.01,5,180796,13,0.9621419021050772,0.9621051982222907,3.6703882786537356e-05,3.6703882786537356e-05,0.0010730325892165755,0.0002212438328281599,0.0003152724617801279,0.0006876869648935805,0.00046481285166761804,0.0013189016083988456,1.233160951179889e-05,-6.86636987121694e-05
13,imports,low_density,random,0.01,5,120001,13,0.9168748058724117,0.9164925097421412,0.00038229613027040976,0.00038229613027040976,0.003158307014108216,0.0008833259722835643,0.0010833243056307864,0.0012174811922127146,0.003947048821957736,0.0022140820029163547,0.00030874787017326385,-0.00044205376321454243
13,imports,high_density,random,0.01,6,179203,13,0.8506102297872982,0.8489856194953873,0.0016246102919108552,0.0016246102919108552,0.0,0.0,0.0,0.0,0.0,0.00018035350461602237,-9.145446299812624e-05,7.930747041472923e-05
13,imports,mid_density,random,0.01,6,180796,13,0.9621419021050772,0.9618790249584692,0.0002628771466079982,0.0002628771466079982,0.0008739131396712316,0.0003152724617801279,0.0002820858868559039,0.000979953924973352,0.00041588518307102666,0.0013402521690097095,-2.878033393466529e-05,-6.235769997278987e-05
13,imports,low_density,random,0.01,6,120001,13,0.9168748058724117,0.9162540816225614,0.0006207242498502685,0.0006207242498502685,0.0023749802084982626,0.0006416613194890042,0.0010416579861834486,0.0008843967150979153,0.0037952392518824387,0.0027501358677962107,0.001216917173710728,-0.0008840523095650063
13,imports,high_density,random,0.01,7,179203,13,0.8506102297872982,0.8506021729003157,8.056886982465983e-06,8.056886982465983e-06,0.0,0.0,0.0,0.0,0.0,0.00015227607658808222,-0.00013266680712162413,-0.00015171520779663279
13,imports,mid_density,random,0.01,7,180796,13,0.9621419021050772,0.9621553357780495,-1.3433672972240629e-05,-1.3433672972240629e-05,0.0004369565698356158,9.955972477267196e-05,7.743534148985597e-05,0.0003094591342021112,0.0001141645600587132,0.0005597270754250819,7.248243845588528e-05,-0.0001352379093656566
13,imports,low_density,random,0.01,7,120001,13,0.9168748058724117,0.9167258209908279,0.0001489848815837691,0.0001489848815837691,0.0012833226389780085,0.000424996458362847,0.00024166465279456005,0.0005857692528570608,0.0008804955064367258,0.0013856905549884191,0.00011233212459652224,-0.00013030273108800223
13,imports,high_density,random,0.01,8,179203,13,0.8506102297872982,0.8506193365727982,-9.106785500034853e-06,-9.106785500034853e-06,0.0,0.0,0.0,0.0,0.0,0.0011286974531513024,0.0006032926054305749,-0.001056100836831532
13,imports,mid_density,random,0.01,8,180796,13,0.9621419021050772,0.9621558362058853,-1.3934100808077332e-05,-1.3934100808077332e-05,0.0012444965596583996,0.00014380849133830394,0.0006084205402774398,0.00044699652718082727,0.0008970072576041752,0.002879816477327293,-0.0002996393146109613,-0.0015440900588112414
13,imports,low_density,random,0.01,8,120001,13,0.9168748058724117,0.9164786499372759,0.00039615593513575575,0.00039615593513575575,0.005299955833701386,0.0006916609028258097,0.0019166506945775452,0.0009533107448458049,0.006983240223463687,0.0042810437762533056,-0.0016904085102494276,-3.371857281902827e-05
13,imports,high_density,random,0.01,9,179203,13,0.8506102297872982,0.8506078736705553,2.35611674281877e-06,2.35611674281877e-06,0.0,0.0,0.0,0.0,0.0,0.0005058480882452978,-0.00028894989684181917,-0.00040145255444396167
13,imports,mid_density,random,0.01,9,180796,13,0.9621419021050772,0.961818147936753,0.00032375416832419734,0.00032375416832419734,0.0035509635168919666,0.00039823889909068784,0.0015597690214385273,0.0012378365368084449,0.0022996004240397943,0.0053095265111893575,-0.0023797723103048136,-0.0031018648358564385
13,imports,low_density,random,0.01,9,120001,13,0.9168748058724117,0.9158585788530484,0.001016227019363214,0.001016227019363214,0.008574928542262147,0.0010333247222939809,0.0038249681252656227,0.0014242232814563832,0.013936118532912314,0.006970113791628723,-0.0022259418372212575,-0.000632883228139279
13,imports,high_density,random,0.01,10,179203,13,0.8506102297872982,0.8506110157427531,-7.859554549405345e-07,-7.859554549405345e-07,0.0,0.0,0.0,0.0,0.0,0.00016179605852813982,-0.00012140795825552525,-0.00011165929037529207
13,imports,mid_density,random,0.01,10,180796,13,0.9621419021050772,0.9620780502750539,6.38518300233315e-05,6.38518300233315e-05,0.0019856633996327352,4.977986238633598e-05,0.0016261421712869754,0.0001547295671010556,0.0023974557612329774,0.0009530268248511742,-0.0002545930026167066,-0.0002712392639080104
13,imports,low_density,random,0.01,10,120001,13,0.9168748058724117,0.9166736563176544,0.00020114955475725171,0.00020114955475725171,0.0016249864584461796,0.0002666644444629628,0.0008083265972783561,0.00036754149198874405,0.0029451056594607724,0.0018743593439692764,-0.00030962195814645735,-0.0001418758410643112
13,imports,high_density,random,0.01,11,179203,13,0.8506102297872982,0.8506158262050487,-5.596417750552973e-06,-5.596417750552973e-06,0.0,0.0,0.0,0.0,0.0,0.001456647962522544,0.001380146788335816,-0.0007467963744134446
13,imports,mid_density,random,0.01,11,180796,13,0.9621419021050772,0.9619738795511878,0.0001680225538893687,0.0001680225538893687,0.0017478262793424633,0.0006637314984844797,0.0002212438328281599,0.002063060894680741,0.0003261844573106092,0.003163903026873555,0.0018100196903295183,-0.0007296572305991858
13,imports,low_density,random,0.01,11,120001,13,0.9168748058724117,0.9163691852375055,0.0005056206349061121,0.0005056206349061121,0.005308289097590854,0.001858317847351272,0.001274989375088541,0.00256130477229656,0.004645372844304105,0.004831314589250832,0.0021279165575206166,-0.001525772697707264
13,imports,high_density,random,0.01,12,179203,13,0.8506102297872982,0.8505679747774748,4.2255009823355394e-05,4.2255009823355394e-05,0.006757699368872173,0.0037108753759702686,0.0,0.0070170625415483965,0.0,0.0018764914440820893,0.000935331338455472,-0.0016796015442518265
13,imports,mid_density,random,0.01,12,180796,13,0.9621419021050772,0.9614193450846305,0.000722557020446768,0.000722557020446768,0.004579747339542911,0.0005033297196840638,0.002240093807385119,0.0015644878451328956,0.0033026176302699177,0.005765154844700708,-0.003076469683593196,-0.0014503657588715892
13,imports,low_density,random,0.01,12,120001,13,0.9168748058724117,0.9160887125015453,0.0007860933708663254,0.0007860933708663254,0.008916592361730319,0.000949992083399305,0.003216639861334489,0.0013093665652099005,0.01171969880981297,0.007696661728071364,-0.0033948392343536218,0.00026872486494784335
13,imports,high_density,random,0.01,13,179203,13,0.8506102297872982,0.8506089431898407,1.2865974574616246e-06,1.2865974574616246e-06,0.0,0.0,0.0,0.0,0.0,0.00029503405995193183,-0.00027561410054635426,-0.000292993809828231
13,imports,mid_density,random,0.01,13,180796,13,0.9621419021050772,0.9620202644940072,0.00012163761106998017,0.00012163761106998017,0.0007632912232571517,0.00017146397044182394,0.0003152724617801279,0.0005329573977925249,0.00046481285166761804,0.0015851626739407567,-0.001073720818478332,-0.0007450236991618881
13,imports,low_density,random,0.01,13,120001,13,0.9168748058724117,0.9165015391553227,0.000373266717088927,0.000373266717088927,0.0016333197223356473,0.0005749952083732635,0.000424996458362847,0.0007925113421007293,0.001548457614768035,0.002063843218712341,0.00010041893242592183,-0.0005507771198806497
13,imports,high_density,random,0.01,14,179203,13,0.8506102297872982,0.8506095921748428,6.376124553897355e-07,6.376124553897355e-07,0.0019419317756957193,0.0009151632506152241,0.0,0.0017305236944570482,0.0,0.0009730121125537601,-0.00013959670792814535,-0.0005118461077993399
13,imports,mid_density,random,0.01,14,180796,13,0.9621419021050772,0.9621562737560397,-1.4371650962519134e-05,-1.4371650962519134e-05,0.0012168410805548796,0.00036505232416646384,9.402862895196797e-05,0.0011346834920744077,0.0001386283943570089,0.0027877839514011066,0.0009435126234356622,-0.0012261927589851357
13,imports,low_density,random,0.01,14,120001,13,0.9168748058724117,0.9170007081668412,-0.00012590229442954737,-0.00012590229442954737,0.0031833068057766185,0.0009416588195098374,0.0005083290972575229,0.0012978808935852524,0.00185207675491863,0.0034485739827514955,0.00041110671237043673,-0.0005376138922775197
13,imports,high_density,random,0.01,15,179203,13,0.8506102297872982,0.853210462244703,-0.0026002324574048163,-0.0026002324574048163,0.015038810734195298,0.006852563852167653,0.0006584711193451002,0.012957823760934482,0.0013975412748418884,0.016343937122218107,0.009274776743440086,-0.01088121375304779
13,imports,mid_density,random,0.01,15,180796,13,0.9621419021050772,0.9534961279362892,0.008645774168787979,0.008645774168787979,0.05703666010309963,0.020675236177791545,0.007804376203013341,0.06426434686930509,0.011506156731631738,0.05464500675115609,0.01803144567692854,-0.014735363439943626
13,imports,low_density,random,0.01,15,120001,13,0.9168748058724117,0.907675071647003,0.009199734225408651,0.009199734225408651,0.06374946875442705,0.031491404238298014,0.005758285347622103,0.043404353069545744,0.02098008258440612,0.05789021713422792,0.040215860340056704,-0.012612374358377277
13,imports,high_density,random,0.01,16,179203,13,0.8506102297872982,0.8512220706770522,-0.0006118408897540784,-0.0006118408897540784,0.0,0.0,0.0,0.0,0.0,0.0007634166423157331,-0.000598399456657994,-0.00040379970621084955
13,imports,mid_density,random,0.01,16,180796,13,0.9621419021050772,0.9617957156754403,0.0003461864296369077,0.0003461864296369077,0.002466868736033983,0.0005033297196840638,0.0008020088940020797,0.0015644878451328956,0.0011824186577509583,0.00391680405150379,-0.0017758883757542246,-0.0013136628085411775
13,imports,low_density,random,0.01,16,120001,13,0.9168748058724117,0.9163344377330621,0.0005403681393495452,0.0005403681393495452,0.005558287014274881,0.0009583253472887726,0.0021916484029299754,0.001320852236834549,0.00798518338596065,0.005439239394147119,-0.000457466187204594,0.00015206347665847059
13,imports,high_density,random,0.01,17,179203,13,0.8506102297872982,0.8506201320262045,-9.902238906289718e-06,-9.902238906289718e-06,0.0019419317756957193,0.0009151632506152241,0.0,0.0017305236944570482,0.0,0.00038898218073913347,5.400599779518468e-05,-0.00032691460595576433
13,imports,mid_density,random,0.01,17,180796,13,0.9621419021050772,0.9621631270728448,-2.1224967767574654e-05,-2.1224967767574654e-05,0.0007135113608708158,6.637314984844798e-05,0.00016040177880041593,0.00020630608946807413,0.00023648373155019163,0.0012463927549592397,-0.0003218823861954146,-0.0005823087023010648
13,imports,low_density,random,0.01,17,120001,13,0.9168748058724117,0.9165305297005113,0.00034427617190035953,0.00034427617190035953,0.0024416463196140032,0.000566661944483796,0.0010999908334097216,0.0007810256704760811,0.004007772649987855,0.0021277106142548064,-8.858431810608762e-05,-0.000546793007495103
13,imports,high_density,random,0.01,18,179203,13,0.8506102297872982,0.8506128604698119,-2.6306825137156764e-06,-2.6306825137156764e-06,0.0,0.0,0.0,0.0,0.0,0.00031847721862786837,4.943596774484473e-05,-0.00031347811297800906
13,imports,mid_density,random,0.01,18,180796,13,0.9621419021050772,0.9621872076126471,-4.530550756987051e-05,-4.530550756987051e-05,0.0007798845107192636,0.00010509082059337596,0.00021018164118675193,0.00032665130832445073,0.0003098752344450787,0.0014087817374012314,0.0001560822703278872,-0.0007492018574319733
13,imports,low_density,random,0.01,18,120001,13,0.9168748058724117,0.9167671618761739,0.00010764399623774956,0.00010764399623774956,0.0021249822918142348,0.00036666361113657384,0.0006749943750468746,0.0005053695514845231,0.0024593150352198202,0.002116916103873531,-0.00012001109970698824,0.0001368341821910799
13,imports,high_density,random,0.01,19,179203,13,0.8506102297872982,0.851220519261721,-0.000610289474422876,-0.000610289474422876,0.0,0.0,0.0,0.0,0.0,0.0007677786675619171,-0.00030208163158994944,-0.0007469877288522228
13,imports,mid_density,random,0.01,19,180796,13,0.9621419021050772,0.9619762720574873,0.0001656300475899597,0.0001656300475899597,0.008114117568972765,0.0022898736697714553,0.00017699506626252793,0.0071175600866485575,0.0002609475658484873,0.003544166383111159,0.00019562612976614505,-0.0017632651313197155
13,imports,low_density,random,0.01,19,120001,13,0.9168748058724117,0.9161364479934188,0.0007383578789929013,0.0007383578789929013,0.004858292847559603,0.0013583220139832168,0.0013666552778726843,0.001872164474817665,0.004979353898469759,0.005445424258180939,5.836937934508536e-05,-0.0007250009148888388
13,imports,high_density,random,0.01,20,179203,13,0.8506102297872982,0.8506097403928694,4.893944287598373e-07,4.893944287598373e-07,0.0,0.0,0.0,0.0,0.0,0.0005109534804666018,-0.00032515354653227946,-0.00047672385542543624
13,imports,mid_density,random,0.01,20,180796,13,0.9621419021050772,0.9619826187077565,0.00015928339732074193,0.00015928339732074193,0.004242350494479966,0.0002488993119316799,0.0024170888736476472,0.000773647835505278,0.003563565196118405,0.004257910764843169,-0.0029945379327857426,-0.0020737650017059127
13,imports,low_density,random,0.01,20,120001,13,0.9168748058724117,0.9162495703160587,0.0006252355563529655,0.0006252355563529655,0.007241606319947334,0.0004833293055891201,0.0036833026391446737,0.0006661689542295986,0.013419965994656302,0.006612004974446539,-0.004457557420316987,-0.0003202072406882856
13,imports,high_density,important,0.05,0,179203,65,0.8506102297872982,0.8017893335955881,0.04882089619171004,0.04882089619171004,0.07835248293834367,0.0,0.07574091951585632,0.0,0.1607527773171945,0.1264955435658615,-0.1100943540448134,-0.10793831162385731
13,imports,mid_density,important,0.05,0,180796,65,0.9621419021050772,0.8696016451986748,0.09254025690640244,0.09254025690640244,0.2997024270448461,0.003362906258988031,0.26683112458240227,0.010452841866382423,0.39339476473946017,0.291665420719841,-0.2404062597773653,-0.16329134921764385
13,imports,low_density,important,0.05,0,120001,65,0.9168748058724117,0.8332468396862065,0.08362796618620516,0.08362796618620516,0.17634019716502364,0.004808293264222798,0.13142390480079333,0.006627232527422041,0.4788377459315035,0.1452739097467689,-0.06444711086536571,-0.038224888021987986
13,imports,high_density,random,0.05,1,179203,65,0.8506102297872982,0.8506059958256409,4.233961657273966e-06,4.233961657273966e-06,0.0,0.0,0.0,0.0,0.0,0.0020011063738635767,-0.00031832206398680696,-0.001574394408758178
13,imports,mid_density,random,0.05,1,180796,65,0.9621419021050772,0.9604894971013305,0.0016524050037467486,0.0016524050037467486,0.01137193300736742,0.0017091086085975354,0.006935994159162813,0.0053123818038029085,0.010225882736687597,0.011253426870862606,-0.00398338877861385,-0.0040524801255803836
13,imports,low_density,random,0.05,1,120001,65,0.9168748058724117,0.9142136720753709,0.0026611337970408044,0.0026611337970408044,0.01644986291780902,0.0035749702085815954,0.006158282014316547,0.004927353126974099,0.022437454457128976,0.015235128888393904,-0.0006476933071651769,-0.0015850742107200275
13,imports,high_density,random,0.05,2,179203,65,0.8506102297872982,0.8482033417469742,0.0024068880403239623,0.0024068880403239623,0.0025669213127012384,0.0010769908985898673,0.0,0.0020365309331110385,0.0,0.0024041223381708957,0.00025008743293811864,-0.00034788919329437523
13,imports,mid_density,random,0.05,2,180796,65,0.9621419021050772,0.9619584272032162,0.00018347490186099158,0.00018347490186099158,0.0229706409433837,0.00399898227836899,0.003976857895086175,0.012429941890451466,0.005863165620158199,0.014515765145838206,-0.0024878721928264483,-0.004302022788059346
13,imports,low_density,random,0.05,2,120001,65,0.9168748058724117,0.9145243079509708,0.0023504979214408195,0.0023504979214408195,0.01914150715410705,0.0033416388196765025,0.008099932500562495,0.004605754321483949,0.029511780422637843,0.015679191827663978,-0.003833092843272636,-0.001231095199451943
13,imports,high_density,random,0.05,3,179203,65,0.8506102297872982,0.8551142426895169,-0.00450401290221869,-0.00450401290221869,0.009051187759133496,0.004464210978610849,0.0,0.008441578997351455,0.0,0.006416353703551119,0.005218211757306663,-0.00539806444874738
13,imports,mid_density,random,0.05,3,180796,65,0.9621419021050772,0.9606032487856426,0.0015386533194345908,0.0015386533194345908,0.017312329918803514,0.006239076085754109,0.0011172813557822076,0.019392772409998968,0.0016472315094185762,0.0177363220511338,0.010179955712175242,-0.009776639900066596
13,imports,low_density,random,0.05,3,120001,65,0.9168748058724117,0.9133484947500061,0.0035263111224055343,0.0035263111224055343,0.027524770626911443,0.012166565278622678,0.0018416513195723368,0.016769080571986446,0.006709982997328151,0.024728301342479,0.019677540391362883,-0.008423577321083798
13,imports,high_density,random,0.05,4,179203,65,0.8506102297872982,0.8539403095533189,-0.0033300797660207326,-0.0033300797660207326,0.01936909538344782,0.010948477425043108,0.0006584711193451002,0.020702972491004442,0.0013975412748418884,0.017228938149356065,0.010808144844228517,-0.012604063943311136
13,imports,mid_density,random,0.05,4,180796,65,0.9621419021050772,0.9505411056303301,0.0116007964747471,0.0116007964747471,0.06711431668842231,0.029569238257483574,0.006537755260072125,0.09190936285802703,0.0096387507135285,0.06384557017364949,0.024138948549639414,-0.026239365721411792
13,imports,low_density,random,0.05,4,120001,65,0.9168748058724117,0.9040195836838796,0.012855222188532078,0.012855222188532078,0.07160773660219498,0.03715802368313598,0.005508287430938076,0.05121460977430655,0.020069225163954336,0.06464330751377469,0.04562309661755931,-0.020186976928052942
13,imports,high_density,random,0.05,5,179203,65,0.8506102297872982,0.8500622757409861,0.0005479540463120269,0.0005479540463120269,0.003805739859265749,0.002762230543015463,0.0,0.005223227004611213,0.0,0.004983149523942771,0.004142097767635696,-0.0037557876305881993
13,imports,mid_density,random,0.05,5,180796,65,0.9621419021050772,0.9568510044905207,0.005290897614556478,0.005290897614556478,0.02964667359897343,0.01567512555587513,0.0013274629969689594,0.048722621462710176,0.001957106743863655,0.022151071444761583,0.015131473475052032,-0.01201804103422807
13,imports,low_density,random,0.05,5,120001,65,0.9168748058724117,0.9118275846482072,0.005047221224204423,0.005047221224204423,0.02338313847384605,0.012758227014774876,0.0011916567361938651,0.017584563257336473,0.00434175370415351,0.02881231659224887,0.024568809050293038,-0.015534962871761208
13,imports,high_density,random,0.05,6,179203,65,0.8506102297872982,0.8505188323783875,9.139740891062065e-05,9.139740891062065e-05,0.0019419317756957193,0.0009151632506152241,0.0,0.0017305236944570482,0.0,0.0017016775585181306,0.0005713985601217564,-0.000728284117882211
13,imports,mid_density,random,0.05,6,180796,65,0.9621419021050772,0.9594990345422897,0.002642867562787532,0.002642867562787532,0.012804486824929755,0.004358503506714751,0.002925949689152415,0.013547433208403535,0.004313789447932806,0.01618238324486293,0.006763700220618198,-0.007835337568745373
13,imports,low_density,random,0.05,6,120001,65,0.9168748058724117,0.9142918929306081,0.0025829129418035723,0.0025829129418035723,0.024991458404513296,0.009866584445129624,0.0027249772918559014,0.01359903520358353,0.009928345882924459,0.022610420933100974,0.014188156882609536,-0.008045157940481138
13,imports,high_density,random,0.05,7,179203,65,0.8506102297872982,0.8489686812742707,0.0016415485130274465,0.0016415485130274465,0.008470840331914087,0.0,0.007008811236419033,0.0,0.014875524077978066,0.0038270429588775057,-0.0014908128157298274,-0.002973431090778189
13,imports,mid_density,random,0.05,7,180796,65,0.9621419021050772,0.9608658831136453,0.0012760189914319264,0.0012760189914319264,0.0103763357596407,0.0018197305250116152,0.004712493639239806,0.005656225286249699,0.006947728940715975,0.016020005128530163,-0.007315818914989807,-0.00948649269444789
13,imports,low_density,random,0.05,7,120001,65,0.9168748058724117,0.9136490344566104,0.0032257714158012707,0.0032257714158012707,0.016566528612261565,0.0028749760418663177,0.007549937083857635,0.003962556710503647,0.027507894097643915,0.016076579356871363,-0.00585344798010841,-0.0027089540708793197
13,imports,high_density,random,0.05,8,179203,65,0.8506102297872982,0.8505968158059387,1.3413981359455818e-05,1.3413981359455818e-05,0.0002176302852072789,0.0,5.022237350937205e-05,0.0,0.00010659213113200844,0.002443727713865852,-0.0016004011379498271,-0.0022403658925810497
13,imports,mid_density,random,0.05,8,180796,65,0.9621419021050772,0.9609153413521103,0.0012265607529668987,0.0012265607529668987,0.007583132370185181,0.0010121905351888317,0.0037058341998716785,0.0031461678643881306,0.005463589659952703,0.013250706428288494,-0.006008948434142711,-0.008886299407341907
13,imports,low_density,random,0.05,8,120001,65,0.9168748058724117,0.9137749627311995,0.003099843141212144,0.003099843141212144,0.015883200973325223,0.0026749777085190956,0.006941608819926501,0.0036869005915120888,0.02529147437454457,0.016735512466838,0.00104856845837311,-0.006376608130279436
13,imports,high_density,random,0.05,9,179203,65,0.8506102297872982,0.8505815294784785,2.870030881962915e-05,2.870030881962915e-05,0.0019419317756957193,0.0009151632506152241,0.0,0.0017305236944570482,0.0,0.0017182698195860456,0.0002884595176853141,-0.0010450689378512326
13,imports,mid_density,random,0.05,9,180796,65,0.9621419021050772,0.9616166593151418,0.0005252427899353762,0.0005252427899353762,0.006836434434390142,0.0015487068297971194,0.0018197305250116152,0.004813808754255063,0.00268286716137976,0.009601170335243582,0.0005747273527637412,-0.00397432869275221
13,imports,low_density,random,0.05,9,120001,65,0.9168748058724117,0.9154211711323085,0.0014536347401031824,0.0014536347401031824,0.014016549862084483,0.004083299305839118,0.004199965000291664,0.005627979096077643,0.015302404663589992,0.014775935292592053,0.004922801662581987,-0.0044668949341121165
13,imports,high_density,random,0.05,10,179203,65,0.8506102297872982,0.8511482551004194,-0.0005380253131211932,-0.0005380253131211932,0.0019419317756957193,0.0009151632506152241,0.0,0.0017305236944570482,0.0,0.002616326861754791,-0.001779464972354866,-0.0024511895850097476
13,imports,mid_density,random,0.05,10,180796,65,0.9621419021050772,0.9602175628347607,0.001924339270316544,0.001924339270316544,0.018059027854598553,0.004281068165224894,0.003291002013318879,0.013306742770690782,0.004851993802495311,0.017322964630738017,0.0004039692302057753,-0.00972573032235887
13,imports,low_density,random,0.05,10,120001,65,0.9168748058724117,0.9105300092394515,0.00634479663296017,0.00634479663296017,0.028308097432521395,0.0051416238198015015,0.013899884167631936,0.007086659392407971,0.05064367257711926,0.026060814793086758,-0.004021650827291258,-0.0064977915448792035
13,imports,high_density,random,0.05,11,179203,65,0.8506102297872982,0.8489233295574637,0.0016869002298344205,0.0016869002298344205,0.0019419317756957193,0.0009151632506152241,0.0,0.0017305236944570482,0.0,0.002169253581098641,-0.0004203522891436838,-0.0016567053118987124
13,imports,mid_density,random,0.05,11,180796,65,0.9621419021050772,0.9604583684430765,0.0016835336620006913,0.0016835336620006913,0.01018274740591606,0.002223500519923007,0.003246753246753247,0.006911253997180483,0.0047867569110331895,0.013813020057425835,4.945214964833415e-05,-0.007823346666214882
13,imports,low_density,random,0.05,11,120001,65,0.9168748058724117,0.9138816030912051,0.0029932027812065165,0.0029932027812065165,0.02114149048757927,0.005724952292064233,0.006649944583795135,0.007890656406133349,0.02422880738401749,0.018572501524996704,0.004950596305012167,-0.006575157178190842
13,imports,high_density,random,0.05,12,179203,65,0.8506102297872982,0.8490200418198637,0.0015901879674344865,0.0015901879674344865,0.005145003152849004,0.0038615424964983844,0.00020646975776075177,0.007301965832709008,0.00043821209465381246,0.005648458458727417,0.0021107015481299208,-0.0014431341199800528
13,imports,mid_density,random,0.05,12,180796,65,0.9621419021050772,0.9599034064503428,0.0022384956547344403,0.0022384956547344403,0.010984756299918139,0.0022788114781300472,0.004242350494479966,0.0070831757384038786,0.006254586968930931,0.015007088632855548,-0.001333597157858875,-0.00456669305877063
13,imports,low_density,random,0.05,12,120001,65,0.9168748058724117,0.9127135126234491,0.004161293248962528,0.004161293248962528,0.018458179515170706,0.0049082924308964096,0.005916617361521988,0.00676506058691782,0.02155695895069225,0.019945520546200454,0.0010690441281230908,-0.004332852778833135
13,imports,high_density,random,0.05,13,179203,65,0.8506102297872982,0.8439810130803251,0.006629216706973029,0.006629216706973029,0.01239376572936837,0.0,0.01076432872217541,0.0,0.02284624677262714,0.00705628816472257,-0.0059096120596954915,-0.0027509947367500872
13,imports,mid_density,random,0.05,13,180796,65,0.9621419021050772,0.9581671454011185,0.003974756703958748,0.003974756703958748,0.03359587601495608,0.0009734728644439036,0.0232416646385982,0.003025822645531754,0.03426567724047949,0.037143693895723376,-0.03198060502989497,-0.008708804461511201
13,imports,low_density,random,0.05,13,120001,65,0.9168748058724117,0.9085270841803621,0.008347721692049559,0.008347721692049559,0.04514129048924592,0.002358313680719327,0.027349772085232624,0.003250445069775455,0.09964780179742531,0.04226384439273637,-0.03101190412628375,0.004782536400916158
13,imports,high_density,random,0.05,14,179203,65,0.8506102297872982,0.849309634224497,0.0013005955628011545,0.0013005955628011545,0.008470840331914087,0.0,0.007008811236419033,0.0,0.014875524077978066,0.00438277110669885,-0.00029779913924700484,-0.003300350694806627
13,imports,mid_density,random,0.05,14,180796,65,0.9621419021050772,0.9598363591442958,0.002305542960781448,0.002305542960781448,0.02107347507688223,0.003362906258988031,0.0067424058054381735,0.010452841866382423,0.009940471336540814,0.01948523978824099,-0.010211968203310535,-0.00683447023721464
13,imports,low_density,random,0.05,14,120001,65,0.9168748058724117,0.912751847482277,0.004122958390134657,0.004122958390134657,0.021683152640394665,0.002283314305714119,0.011741568820259831,0.0031470740251536206,0.04277993684721885,0.01962203787110044,-0.010691247795126039,0.0020298928119764936
13,imports,high_density,random,0.05,15,179203,65,0.8506102297872982,0.8440754552074347,0.0065347745798635115,0.0065347745798635115,0.006478686182708995,0.0018470672924002388,0.0046148780991389655,0.0034927033101541643,0.009794632494018997,0.007420982312620281,-0.0021660773784783626,-0.005782644133654004
13,imports,mid_density,random,0.05,15,180796,65,0.9621419021050772,0.9572633414656911,0.004878560639386076,0.004878560639386076,0.03534370229429855,0.009286709882962013,0.008213677293745437,0.02886566035140804,0.012109597977656365,0.03498140984493782,0.003015043672228115,-0.024074450100300383
13,imports,low_density,random,0.05,15,120001,65,0.9168748058724117,0.912180825893162,0.004693979979249696,0.004693979979249696,0.027583103474137716,0.008924925625619787,0.00545828784760127,0.012301154309998277,0.01988705367986398,0.03137919103249854,0.010063602858758828,-0.015031426026095819
13,imports,high_density,random,0.05,16,179203,65,0.8506102297872982,0.8511644768510916,-0.0005542470637934782,-0.0005542470637934782,0.0019419317756957193,0.0009151632506152241,0.0,0.0017305236944570482,0.0,0.0034440051228422828,0.0015215606434321734,-0.0022208189553994564
13,imports,mid_density,random,0.05,16,180796,65,0.9621419021050772,0.9614618575473584,0.0006800445577188619,0.0006800445577188619,0.010276776034868028,0.002765547910351999,0.0017312329918803514,0.008596087061169756,0.0025523933784555165,0.01500519316217845,0.0027175463417017124,-0.005835061309103591
13,imports,low_density,random,0.05,16,120001,65,0.9168748058724117,0.9131255413899094,0.0037492644825022348,0.0037492644825022348,0.019099840834659713,0.004541628819759835,0.006366613611553237,0.006259691035433297,0.023196502307505466,0.01709549625386478,0.0003739024704693623,-0.0034369870151014425
13,imports,high_density,random,0.05,17,179203,65,0.8506102297872982,0.8537307236398253,-0.0031204938525271064,-0.0031204938525271064,0.0,0.0,0.0,0.0,0.0,0.010596253207906867,0.007412711514937436,-0.01035283946538814
13,imports,mid_density,random,0.05,17,180796,65,0.9621419021050772,0.9599409710633994,0.002200931041677845,0.002200931041677845,0.013534591473262683,0.0012057788889134715,0.008573198522091197,0.0037478939586700136,0.012639647720786105,0.020742730915227384,-0.008301639275266065,-0.00971403749931191
13,imports,low_density,random,0.05,17,120001,65,0.9168748058724117,0.9140346222207907,0.0028401836516209755,0.0028401836516209755,0.02242481312655728,0.00189998416679861,0.011116574028549762,0.002618733130419801,0.040502793296089384,0.0206555686226568,-0.009327624850128795,-0.0004612985810636439
13,imports,high_density,random,0.05,18,179203,65,0.8506102297872982,0.8511582535685671,-0.000548023781268947,-0.000548023781268947,0.0019419317756957193,0.0009151632506152241,0.0,0.0017305236944570482,0.0,0.0031323227556463,-0.0015711338662772064,-0.002691985775362345
13,imports,mid_density,random,0.05,18,180796,65,0.9621419021050772,0.9599016752462154,0.002240226858861827,0.002240226858861827,0.021128786035089272,0.004977986238633598,0.0047622735016261426,0.01547295671010556,0.007021120443610862,0.01880640789344119,-0.002893803219427365,-0.008199759388316054
13,imports,low_density,random,0.05,18,120001,65,0.9168748058724117,0.9128628342009266,0.004011971671485037,0.004011971671485037,0.03188306764110299,0.006024949792085066,0.012166565278622678,0.008304140584620685,0.044328394461986886,0.026256316868975258,-0.0025752942033517483,-0.005631581901382472
13,imports,high_density,random,0.05,19,179203,65,0.8506102297872982,0.8489134911797813,0.0016967386075168456,0.0016967386075168456,0.0,0.0,0.0,0.0,0.0,0.002804163691483647,0.00038931290176756736,-0.0017713784165623015
13,imports,mid_density,random,0.05,19,180796,65,0.9621419021050772,0.9600088106843124,0.0021330914207647877,0.0021330914207647877,0.007278922100046461,0.0009402862895196796,0.004126197482245182,0.002922669600797717,0.0060833401288428604,0.01162279958803502,-0.0050217838318659235,-0.0031540884821284498
13,imports,low_density,random,0.05,19,120001,65,0.9168748058724117,0.9127945576440877,0.004080248228323979,0.004080248228323979,0.015383205139957168,0.0026833109724085633,0.00780826826443113,0.003698386263136737,0.028449113432110762,0.014922298504550126,-0.004293994531061649,-0.000351721151998251
13,imports,high_density,random,0.05,20,179203,65,0.8506102297872982,0.8495263703455603,0.0010838594417378333,0.0010838594417378333,0.003052404256625168,0.0010881514260363944,0.0,0.002057634880604417,0.0,0.0042128461690114395,0.0015810529516816438,-0.0031614796323305326
13,imports,mid_density,random,0.05,20,180796,65,0.9621419021050772,0.9597310133017518,0.002410888803325406,0.002410888803325406,0.0210292263103166,0.006360760193809598,0.003235691055111839,0.019771000240690437,0.004770447688167659,0.01992352582287125,0.005387993466832496,-0.010138837719906502
13,imports,low_density,random,0.05,20,120001,65,0.9168748058724117,0.9140057476273209,0.002869058245090761,0.002869058245090761,0.01983316805693286,0.006083282639311339,0.004808293264222798,0.008384540285993223,0.017518824386689336,0.021229057312834376,0.005987399456426227,-0.006493595783440566
13,imports,high_density,important,0.1,0,179203,129,0.8506102297872982,0.800577502259723,0.05003272752757515,0.05003272752757515,0.0870297930280185,0.0,0.08437358749574504,0.0,0.17907478030177418,0.10999124912353464,-0.08112204334685018,-0.09308701560628867
13,imports,mid_density,important,0.1,0,180796,129,0.9621419021050772,0.8556653123379506,0.1064765897671266,0.1064765897671266,0.37620854443682383,0.0020686298369432953,0.3421425252771079,0.006429873121754977,0.5044279540079916,0.2942694703030841,-0.21676003277882985,-0.17486565568475707
13,imports,low_density,important,0.1,0,120001,129,0.9168748058724117,0.8194776616380562,0.09739714423435542,0.09739714423435542,0.2014649877917684,0.009324922292314231,0.14664044466296114,0.012852466547981393,0.5342786009230022,0.160597824324957,-0.036059930893591476,-0.06969800290167501
13,imports,high_density,random,0.1,1,179203,129,0.8506102297872982,0.8499002178248362,0.0007100119624620094,0.0007100119624620094,0.0025669213127012384,0.0010769908985898673,0.0,0.0020365309331110385,0.0,0.00853667134783497,0.006035426350851174,-0.0067436904068378534
13,imports,mid_density,random,0.1,1,180796,129,0.9621419021050772,0.9598832366640033,0.0022586654410738927,0.0022586654410738927,0.028280492931259543,0.006836434434390142,0.005569813491448926,0.021249527215211634,0.008211693712794585,0.022266144593486786,0.005078441124942317,-0.009390404577398488
13,imports,low_density,random,0.1,1,120001,129,0.9168748058724117,0.9129440103429073,0.003930795529504372,0.003930795529504372,0.02552478729343922,0.00960825326455613,0.004991625069791085,0.013242979383219434,0.018186786495020646,0.025770009880954303,0.013053544680970672,-0.008496920807549865
13,imports,high_density,random,0.1,2,179203,129,0.8506102297872982,0.8524249514437181,-0.0018147216564199375,-0.0018147216564199375,0.016439456928734452,0.007728665256720032,0.0006584711193451002,0.014614483639164707,0.0013975412748418884,0.01999859618488527,0.010637471769917141,-0.011969114651054909
13,imports,mid_density,random,0.1,2,180796,129,0.9621419021050772,0.9500645205625566,0.012077381542520582,0.012077381542520582,0.08561583220867719,0.0343149184716476,0.008374079072545853,0.10666024825499433,0.012346081709206556,0.06952657972016738,0.02905745731443604,-0.024865464356194477
13,imports,low_density,random,0.1,2,120001,129,0.9168748058724117,0.9019002713458536,0.014974534526558059,0.014974534526558059,0.07889934250547911,0.0410329913917384,0.007449937917184023,0.05655544707976799,0.027143551129463202,0.06886093718067077,0.047737941891284295,-0.020320119545006694
13,imports,high_density,random,0.1,3,179203,129,0.8506102297872982,0.832010852262469,0.018599377524829208,0.018599377524829208,0.01433569750506409,0.0009151632506152241,0.01076432872217541,0.0017305236944570482,0.02284624677262714,0.009662642323333146,-0.005665165275554955,-0.005194074842607421
13,imports,mid_density,random,0.1,3,180796,129,0.9621419021050772,0.9558160965933982,0.00632580551167905,0.00632580551167905,0.02830814841036306,0.002074160932763999,0.018130932100267706,0.006447065295877317,0.02673081627660442,0.039918124975232755,-0.028674074055320062,-0.011631976105242114
13,imports,low_density,random,0.1,3,120001,129,0.9168748058724117,0.9077190332155609,0.009155772656850747,0.009155772656850747,0.047857934517212354,0.0042166315280706,0.02779976833526387,0.005811749842072015,0.10128734515423853,0.043451260380002125,-0.025100652901890008,-0.0009981448001045038
13,imports,high_density,random,0.1,4,179203,129,0.8506102297872982,0.85098626666928,-0.00037603688198184493,-0.00037603688198184493,0.0019419317756957193,0.0009151632506152241,0.0,0.0017305236944570482,0.0,0.005369259243758363,-0.002271161835599371,-0.004642961803012979
13,imports,mid_density,random,0.1,4,180796,129,0.9621419021050772,0.9581501540570493,0.003991748048027932,0.003991748048027932,0.027152149383835925,0.006051018827850174,0.006714750326334653,0.018808238489839424,0.009899698279376987,0.027878566723616535,-0.0052459391363547155,-0.0159388195775165
13,imports,low_density,random,0.1,4,120001,129,0.9168748058724117,0.9094341483231512,0.007440657549260488,0.007440657549260488,0.030941408821593155,0.006099949167090274,0.012808226598111682,0.00840751162924252,0.046666261841146466,0.028723310187373233,-0.004772346705939047,-0.006144129683576685
13,imports,high_density,random,0.1,5,179203,129,0.8506102297872982,0.8524382137078058,-0.0018279839205076476,-0.0018279839205076476,0.017231854377437877,0.008643828507335256,0.0006584711193451002,0.016345007333621753,0.0013975412748418884,0.020466534595852,0.008865405946549627,-0.015919308607901424
13,imports,mid_density,random,0.1,5,180796,129,0.9621419021050772,0.9472941987475164,0.014847703357560804,0.014847703357560804,0.070278103497865,0.024408725856766744,0.015088829398880507,0.07586906440188426,0.022245779988583545,0.06922435146533829,0.011669136717775634,-0.030704860145862056
13,imports,low_density,random,0.1,5,120001,129,0.9168748058724117,0.8974547422481516,0.019420063624260075,0.019420063624260075,0.0790826743110474,0.03948300430829743,0.011008241597986683,0.05441911215758342,0.040108088413893614,0.0734990805314983,0.04987057484404117,-0.024244185624734196
13,imports,high_density,random,0.1,6,179203,129,0.8506102297872982,0.8429275569550367,0.007682672832261428,0.007682672832261428,0.011495343269922936,0.0009151632506152241,0.0076672823557641335,0.0017305236944570482,0.016273065352819954,0.009375477685983463,-0.006604322611014505,-0.006429716861813951
13,imports,mid_density,random,0.1,6,180796,129,0.9621419021050772,0.9573540608519521,0.004787841253125147,0.004787841253125147,0.03553729064802319,0.005376225137724286,0.015420695148122747,0.016710793246914005,0.022735056674549458,0.037057844057979544,-0.016511124412685003,-0.023033169098405765
13,imports,low_density,random,0.1,6,120001,129,0.9168748058724117,0.9145558562341524,0.0023189496382592933,0.0023189496382592933,0.030066416113199056,0.007058274514379047,0.00898325847284606,0.009728363866077068,0.03273014330823415,0.02907394219229813,0.0033398219388824537,-0.010978955652120285
13,imports,high_density,random,0.1,7,179203,129,0.8506102297872982,0.8548980029613729,-0.004287773174074694,-0.004287773174074694,0.010412772107609805,0.0009151632506152241,0.007008811236419033,0.0017305236944570482,0.014875524077978066,0.007396032863691401,0.00048138530380561014,-0.005731112758381324
13,imports,mid_density,random,0.1,7,180796,129,0.9621419021050772,0.9597247222389982,0.0024171798660790333,0.0024171798660790333,0.015525785968716121,0.002311998053054271,0.006830903338569437,0.007186328783137915,0.010070945119465057,0.021631475398499408,-0.006035963709293999,-0.01065818356697823
13,imports,low_density,random,0.1,7,120001,129,0.9168748058724117,0.9100128616087744,0.006861944263637287,0.006861944263637287,0.027541437154690377,0.006291614236548029,0.012199898334180549,0.008671682076609429,0.044449842118047124,0.02385323488454274,-0.002357195932813506,-0.0035645920115467042
13,imports,high_density,random,0.1,8,179203,129,0.8506102297872982,0.8468840187240282,0.0037262110632699796,0.0037262110632699796,0.004938533395088252,0.0038615424964983844,0.0,0.007301965832709008,0.0,0.007089049040250596,0.001416646516512288,-0.0034872477269440438
13,imports,mid_density,random,0.1,8,180796,129,0.9621419021050772,0.9578714259866641,0.004270476118413136,0.004270476118413136,0.019585610301112857,0.004004513374189694,0.00870041372596739,0.012447134064573807,0.012827203783739706,0.03338648726518671,-0.009665968424474466,-0.01898956099567951
13,imports,low_density,random,0.1,8,120001,129,0.9168748058724117,0.9094937851692025,0.007381020703209118,0.007381020703209118,0.03454971208573262,0.007074941042157982,0.015333205556620362,0.009751335209326365,0.055865921787709494,0.029737085776610432,-0.005483524959205374,-0.0050653996531307656
13,imports,high_density,random,0.1,9,179203,129,0.8506102297872982,0.8515356685282727,-0.0009254387409745046,-0.0009254387409745046,0.04797352722889684,0.028442604197474373,0.007103675719714514,0.053783410186875456,0.015076864770116305,0.029062073129285063,0.00814007015756075,-0.018694226837117828
13,imports,mid_density,random,0.1,9,180796,129,0.9621419021050772,0.9443416127589501,0.017800289346127096,0.017800289346127096,0.11719838934489701,0.035387951060864176,0.02843536361423925,0.10999553003472819,0.04192285737584604,0.09519913516583159,0.014768476816033705,-0.038386551136578496
13,imports,low_density,random,0.1,9,120001,129,0.9168748058724117,0.8999394371094684,0.016935368762943215,0.016935368762943215,0.09401588320097333,0.044649627919767336,0.01233323055641203,0.06154022856486533,0.044935632742288074,0.08602500046054701,0.052414839297629176,-0.035189544889204456
13,imports,high_density,random,0.1,10,179203,129,0.8506102297872982,0.8492479096646111,0.0013623201226871107,0.0013623201226871107,0.013409373727002337,0.0038615424964983844,0.007008811236419033,0.007301965832709008,0.014875524077978066,0.005929392075795726,0.0010323147784838868,-0.002911467618633248
13,imports,mid_density,random,0.1,10,180796,129,0.9621419021050772,0.9584600285204191,0.003681873584658102,0.003681873584658102,0.023789243124847894,0.005226885550565278,0.008822097834022876,0.01624660454561084,0.01300660523526054,0.023589127053172843,-0.005102489754228368,-0.01164048196234193
13,imports,low_density,random,0.1,10,120001,129,0.9168748058724117,0.9073685974791141,0.009506208393297522,0.009506208393297522,0.02694977541853818,0.007716602361646986,0.010183248472929392,0.010635731924424281,0.03710225892640272,0.02769365609699652,0.003826961525131283,-0.010248813277073257
13,imports,high_density,random,0.1,11,179203,129,0.8506102297872982,0.8530187933411834,-0.00240856355388519,-0.00240856355388519,0.027862256770254962,0.013984140890498485,0.0006584711193451002,0.026443246209203432,0.0013975412748418884,0.024178542308779555,0.013331216895541734,-0.01593296805863306
13,imports,mid_density,random,0.1,11,180796,129,0.9621419021050772,0.9487232168028994,0.013418685302177824,0.013418685302177824,0.0969877652160446,0.03836921170822363,0.010304431513971549,0.11926211188666919,0.015192041099241622,0.07211214086843164,0.02282027825186249,-0.025583157636325172
13,imports,low_density,random,0.1,11,120001,129,0.9168748058724117,0.8994810543330436,0.017393751539368063,0.017393751539368063,0.08748260431163074,0.043957967016941525,0.01053324555628703,0.06058691782001953,0.03837745931503522,0.0745726196292857,0.04718602812398757,-0.016299535734676716
13,imports,high_density,random,0.1,12,179203,129,0.8506102297872982,0.850428250418569,0.0001819793687292126,0.0001819793687292126,0.0025669213127012384,0.0010769908985898673,0.0,0.0020365309331110385,0.0,0.01315424107057288,-0.00023848559057746638,-0.010919456574176584
13,imports,mid_density,random,0.1,12,180796,129,0.9621419021050772,0.9509220962236354,0.01121980588144178,0.01121980588144178,0.07358016770282529,0.013562246952366203,0.027091307329808183,0.04215521094797648,0.03994128679768409,0.06719774588773715,-0.016518426035971832,-0.047786337975214685
13,imports,low_density,random,0.1,12,120001,129,0.9168748058724117,0.9039537951196386,0.012921010752773077,0.012921010752773077,0.055299539170506916,0.01841651319572337,0.016399863334472214,0.025383334290472636,0.05975224678163711,0.050468603223916275,0.009988216382066806,-0.022787011265167474
13,imports,high_density,random,0.1,13,179203,129,0.8506102297872982,0.8509793209176055,-0.00036909113030736407,-0.00036909113030736407,0.0025669213127012384,0.0010769908985898673,0.0,0.0020365309331110385,0.0,0.007514436379716611,0.0027149829367566205,-0.005469974109927
13,imports,mid_density,random,0.1,13,180796,129,0.9621419021050772,0.9584306231452469,0.0037112789598303664,0.0037112789598303664,0.04915484855859643,0.012837673399853979,0.0056030000663731495,0.03990303613795001,0.008260621381391177,0.03239866633980911,0.009886080440467893,-0.014479603154396765
13,imports,low_density,random,0.1,13,120001,129,0.9168748058724117,0.9104101557887541,0.006464650083657597,0.006464650083657597,0.038341347155440374,0.013858217848184598,0.008766593611719902,0.019100671911790042,0.0319407335438426,0.03559943861199635,0.013960451913165925,-0.012910203608114321
13,imports,high_density,random,0.1,14,179203,129,0.8506102297872982,0.8485629916639233,0.002047238123374817,0.002047238123374817,0.005663967679112515,0.00358810957405847,0.0,0.0067849191191212315,0.0,0.01506326678360641,0.012605009825223288,-0.010530503905162318
13,imports,mid_density,random,0.1,14,180796,129,0.9621419021050772,0.9532701349638804,0.008871767141196862,0.008871767141196862,0.09832629040465497,0.04873448527622293,0.004281068165224894,0.15148024619193343,0.006311669248960287,0.06612497047034559,0.051339622052432,-0.022644941043498554
13,imports,low_density,random,0.1,14,120001,129,0.9168748058724117,0.9047243281185491,0.012150477753862576,0.012150477753862576,0.09336588861759486,0.05496620861492821,0.0027999766668611093,0.07575949003617986,0.010201603109059995,0.0726647799844741,0.06457281209538018,-0.027941790719782547
13,imports,high_density,random,0.1,15,179203,129,0.8506102297872982,0.8439665255805432,0.0066437042067549745,0.0066437042067549745,0.01433569750506409,0.0009151632506152241,0.01076432872217541,0.0017305236944570482,0.02284624677262714,0.010481382627358597,-0.009306464286194438,-0.004239345446301772
13,imports,mid_density,random,0.1,15,180796,129,0.9621419021050772,0.9549218483131294,0.007220053791947789,0.007220053791947789,0.036881346932454255,0.0010675014933958717,0.025337949954645014,0.0033180896056115255,0.037356274973497514,0.04794070212495342,-0.041540893886862794,-0.01316153069018538
13,imports,low_density,random,0.1,15,120001,129,0.9168748058724117,0.9065686469188348,0.010306158953576894,0.010306158953576894,0.054524545628786426,0.002966641944650461,0.03394971708569095,0.004088899098374777,0.12369443769735244,0.04981691503878719,-0.03898815519967617,0.006510607140159299
13,imports,high_density,random,0.1,16,179203,129,0.8506102297872982,0.829854152252021,0.020756077535277195,0.020756077535277195,0.02109339687393626,0.0046260386265854925,0.01076432872217541,0.008747586236005444,0.02284624677262714,0.012108051613884268,-0.008662028403341184,-0.00540008673664397
13,imports,mid_density,random,0.1,16,180796,129,0.9621419021050772,0.9562830850689272,0.005858817036149988,0.005858817036149988,0.047130467488218766,0.002638332706475807,0.02768866567844421,0.008200667056355946,0.040821984832422734,0.052700536642167256,-0.04794023087108434,-0.011145405510807959
13,imports,low_density,random,0.1,16,120001,129,0.9168748058724117,0.9047239764273958,0.012150829445015887,0.012150829445015887,0.06225781451821235,0.0017916517362355313,0.042391313405721616,0.002469419399299374,0.15445105659460773,0.05741311802326352,-0.049033512816790706,0.01201393337495799
13,imports,high_density,random,0.1,17,179203,129,0.8506102297872982,0.8509235609460492,-0.0003133311587509846,-0.0003133311587509846,0.0019419317756957193,0.0009151632506152241,0.0,0.0017305236944570482,0.0,0.005011416074057125,0.001071113354685672,-0.004144709784862131
13,imports,mid_density,random,0.1,17,180796,129,0.9621419021050772,0.9588110896877746,0.0033308124173025977,0.0033308124173025977,0.016858780061505787,0.004159384057169407,0.006537755260072125,0.012928514939999313,0.0096387507135285,0.021165867385807727,-0.0007459708968683412,-0.010612069668015258
13,imports,low_density,random,0.1,17,120001,129,0.9168748058724117,0.9141688266582968,0.002705979214114862,0.002705979214114862,0.02148315430704744,0.006608278264347797,0.0066999441671319404,0.009108137598346062,0.024410978868107846,0.021366834674110147,0.0039932841937679545,-0.005403633120190688
13,imports,high_density,random,0.1,18,179203,129,0.8506102297872982,0.8531373987558307,-0.002527168968532556,-0.002527168968532556,0.0053905347566726,0.003950826716070601,0.0,0.007470797412656037,0.0,0.008300055016449415,0.0034846597344258406,-0.005482754735138805
13,imports,mid_density,random,0.1,18,180796,129,0.9621419021050772,0.9601623706704577,0.001979531434619486,0.001979531434619486,0.022323502732361337,0.004513374189694462,0.005818712803380606,0.014028814083829041,0.008578651227269021,0.02628714817438384,-0.005777767284990209,-0.013346619024599778
13,imports,low_density,random,0.1,18,120001,129,0.9168748058724117,0.91196812266502,0.004906683207391627,0.004906683207391627,0.027099774168548595,0.005308289097590854,0.011208239931333906,0.007316372824900936,0.04083677435025504,0.024955843573297,-0.0016657446400911216,-0.004477790613356452
13,imports,high_density,random,0.1,19,179203,129,0.8506102297872982,0.8512474473278454,-0.0006372175405472413,-0.0006372175405472413,0.005608165041879879,0.003950826716070601,5.022237350937205e-05,0.007470797412656037,0.00010659213113200844,0.01775930700633422,0.007637241707186777,-0.014684897413859284
13,imports,mid_density,random,0.1,19,180796,129,0.9621419021050772,0.9568059857528455,0.00533591635223174,0.00533591635223174,0.03402730148897099,0.007013429500652669,0.011847607247947964,0.0217996767871265,0.01746717768898312,0.04854138108149772,-0.016644453833809855,-0.02968519478933711
13,imports,low_density,random,0.1,19,120001,129,0.9168748058724117,0.9116479632301162,0.005226842642295448,0.005226842642295448,0.044624628128098934,0.008833259722835643,0.016424863126140617,0.012174811922127146,0.05984333252368229,0.03801079678323351,-0.006606148197288161,-0.009095537754901496
13,imports,high_density,random,0.1,20,179203,129,0.8506102297872982,0.8509629543231788,-0.0003527245358806441,-0.0003527245358806441,0.002159562060902998,0.0009151632506152241,5.022237350937205e-05,0.0017305236944570482,0.00010659213113200844,0.0054616570587400414,0.00024088869751005655,-0.004896910025028082
13,imports,mid_density,random,0.1,20,180796,129,0.9621419021050772,0.9596325249818778,0.00250937712319943,0.00250937712319943,0.01768291333879068,0.0035841500918161904,0.005702559791145822,0.011140528831276003,0.00840740438718095,0.02381687586387179,-0.002150330753407943,-0.013735372708230685
13,imports,low_density,random,0.1,20,120001,129,0.9168748058724117,0.9122244343756583,0.004650371496753403,0.004650371496753403,0.029166423613136556,0.0077916017366521945,0.009224923125640619,0.010739102969046115,0.03361063881467088,0.028824095240151042,0.007913170233002899,-0.009244556276682797
42,header,high_density,important,0.01,0,120000,1,0.999577174336887,0.9995610409719644,1.6133364922565896e-05,1.6133364922565896e-05,0.0,0.0,0.0,0.0,0.0,0.003181969545547532,0.003181937674076318,-0.0011074744023663859
42,header,mid_density,important,0.01,0,240000,1,0.9717745000830509,0.9565523714798766,0.01522212860317429,0.01522212860317429,0.04920416666666667,0.038975,4.166666666666667e-06,0.05727967471709205,1.3038489621362261e-05,0.054967571806135825,0.05495927809279673,-0.03651954930665427
42,header,low_density,important,0.01,0,120000,1,0.953815963893685,0.938156259163154,0.01565970473053091,0.01565970473053091,0.06255833333333333,0.04033333333333333,4.1666666666666665e-05,0.09602603019661528,7.1842177105335e-05,0.064316996550614,0.06420780007753006,-0.03392494595714651
42,header,high_density,random,0.01,1,120000,1,0.999577174336887,0.999577174336887,0.0,0.0,0.0,0.0,0.0,0.0,0.0,0.0,0.0,0.0
42,header,mid_density,random,0.01,1,240000,1,0.9717745000830509,0.9717745000830509,0.0,0.0,0.0,0.0,0.0,0.0,0.0,0.0,0.0,0.0
42,header,low_density,random,0.01,1,120000,1,0.953815963893685,0.953815963893685,0.0,0.0,0.0,0.0,0.0,0.0,0.0,0.0,0.0,0.0
42,header,high_density,random,0.01,2,120000,1,0.999577174336887,0.9995775404323627,-3.660954757123136e-07,-3.660954757123136e-07,0.0035833333333333333,1.6666666666666667e-05,0.0034,7.606587304605789e-05,0.004353997033305943,0.00897241433012846,-0.0077515774770461465,-0.007675579164750432
42,header,mid_density,random,0.01,2,240000,1,0.9717745000830509,0.9709690342606949,0.0008054658223559663,0.0008054658223559663,0.026016666666666667,0.0004958333333333334,0.015891666666666665,0.0007287022975554794,0.049728799415875664,0.032626124655595036,-0.02864090853957735,-0.004885034783830763
42,header,low_density,random,0.01,2,120000,1,0.953815963893685,0.9503055736440967,0.0035103902495882133,0.0035103902495882133,0.0446,0.0009333333333333333,0.028025,0.0022220899549629984,0.04832104832104832,0.048639952529662,-0.04316496756957793,-0.012816685695487584
42,header,high_density,random,0.01,3,120000,1,0.999577174336887,0.9994271312020121,0.00015004313487487764,0.00015004313487487764,0.016891666666666666,0.011116666666666667,0.0,0.05073593732172061,0.0,0.02132129273567674,0.0158777871943397,-0.011421780990983496
42,header,mid_density,random,0.01,3,240000,1,0.9717745000830509,0.9599647582856922,0.01180974179735872,0.01180974179735872,0.0875125,0.053,0.002479166666666667,0.0778915397050899,0.007757901324710545,0.08660141565478464,0.07374174569251485,-0.022798253414566545
42,header,low_density,random,0.01,3,120000,1,0.953815963893685,0.9358406844380425,0.01797527945564248,0.01797527945564248,0.097725,0.048683333333333335,0.007566666666666667,0.11590579925798068,0.013046539362328836,0.08789329870011668,0.06941690456771142,0.0007366980404823713
42,header,high_density,random,0.01,4,120000,1,0.999577174336887,0.9995771747427576,-4.058706704057613e-10,-4.058706704057613e-10,0.0,0.0,0.0,0.0,0.0,5.5078995012211795e-05,4.529962913682895e-05,-5.507899501221178e-05
42,header,mid_density,random,0.01,4,240000,1,0.9717745000830509,0.9717367889520716,3.7711130979278806e-05,3.7711130979278806e-05,0.00034166666666666666,0.00017916666666666667,0.0,0.00026331259491500515,0.0,0.0005571266970586799,0.0005294326442520521,-0.0004866810477780642
42,header,low_density,random,0.01,4,120000,1,0.953815963893685,0.9537968943518111,1.9069541873806273e-05,1.9069541873806273e-05,0.00055,0.00034166666666666666,0.0,0.0008134436442275261,0.0,0.00037510317912793314,0.0002844698087915518,-0.00020037775098930463
42,header,high_density,random,0.01,5,120000,1,0.999577174336887,0.9995284101759979,4.876416088905877e-05,4.876416088905877e-05,0.0066166666666666665,0.0036333333333333335,0.0,0.016582360324040618,0.0,0.019442144736409556,0.018601119572326616,-0.003963801075875628
42,header,mid_density,random,0.01,5,240000,1,0.9717745000830509,0.9668325701148819,0.004941929968169001,0.004941929968169001,0.09096666666666667,0.05478333333333334,0.0003625,0.08051241855680204,0.0011343485970585166,0.10199599428359094,0.10084177202512604,-0.027030413652212756
42,header,low_density,random,0.01,5,120000,1,0.953815963893685,0.9452567247137745,0.008559239179910416,0.008559239179910416,0.11124166666666667,0.05951666666666667,0.0008166666666666667,0.14169791480665833,0.001408106671264566,0.10908399731950277,0.10682734128629556,0.003308119008399007
42,header,high_density,random,0.01,6,120000,1,0.999577174336887,0.9995735417930868,3.6325438002027255e-06,3.6325438002027255e-06,0.00011666666666666667,0.0,0.00010833333333333333,0.0,0.00013873029762984622,0.0005169341333551838,-0.00048189595045930586,-0.0004449489324129935
42,header,mid_density,random,0.01,6,240000,1,0.9717745000830509,0.9713109631099923,0.0004635369730585648,0.0004635369730585648,0.004183333333333333,0.00010833333333333333,0.0031708333333333332,0.00015921226669279382,0.009922290601856681,0.0031927716253798578,-0.0022646327464410326,-0.0009528154632480138
42,header,low_density,random,0.01,6,120000,1,0.953815963893685,0.9530448927806228,0.0007710711130621828,0.0007710711130621828,0.00425,0.00040833333333333336,0.002758333333333333,0.0009721643552963118,0.004755952124373177,0.005170555476638379,-0.0032558177484546076,-0.001961291403595838
42,header,high_density,random,0.01,7,120000,1,0.999577174336887,0.9995761568187521,1.0175181348603957e-06,1.0175181348603957e-06,0.0,0.0,0.0,0.0,0.0,0.0001071868950272025,4.774588906503337e-05,-8.34583618025243e-05
42,header,mid_density,random,0.01,7,240000,1,0.9717745000830509,0.9713126227820382,0.00046187730101265867,0.00046187730101265867,0.0005875,0.0003916666666666667,0.00010416666666666667,0.0005756135795816392,0.00032596224053405655,0.0012279259827599536,0.000974670176246223,-0.0009729870658309789
42,header,low_density,random,0.01,7,120000,1,0.953815963893685,0.9532607142179255,0.0005552496757594838,0.0005552496757594838,0.002183333333333333,0.0009333333333333333,0.00016666666666666666,0.0022220899549629984,0.00028736870842134,0.0022095161796516645,0.001831893810487441,-0.0008402528902685852
42,header,high_density,random,0.01,8,120000,1,0.999577174336887,0.9992712502242603,0.0003059241126266432,0.0003059241126266432,0.012766666666666667,0.0,0.011566666666666666,0.0,0.01481212716232512,0.02387595625604934,-0.02170563530088309,-0.017048638257693448
42,header,mid_density,random,0.01,8,240000,1,0.9717745000830509,0.9608683482755629,0.010906151807487996,0.010906151807487996,0.07425416666666666,0.00015833333333333332,0.061025,0.0002326948513202371,0.19096171899447167,0.0761538287010132,-0.07527647062373599,0.004998225325605075
42,header,low_density,random,0.01,8,120000,1,0.953815963893685,0.9348901918955708,0.018925771998114183,0.018925771998114183,0.143325,0.0005083333333333333,0.120775,0.0012102454218994902,0.20824173455752404,0.11779665215592271,-0.11674945791541629,-0.00961424037797366
42,header,high_density,random,0.01,9,120000,1,0.999577174336887,0.9995815500301506,-4.375693263614089e-06,-4.375693263614089e-06,0.0013,0.0002666666666666667,0.0,0.0012170539687369262,0.0,0.0026197443372133022,0.002289222158333453,0.00035525313800064816
42,header,mid_density,random,0.01,9,240000,1,0.9717745000830509,0.9718224866175644,-4.79865345135444e-05,-4.79865345135444e-05,0.0113125,0.0044375,0.0003291666666666667,0.006521579385685592,0.0010300406800876187,0.012199405970928483,0.010104123401105745,-0.0028309252994686883
42,header,low_density,random,0.01,9,120000,1,0.953815963893685,0.953902490935061,-8.652704137601663e-05,-8.652704137601663e-05,0.017716666666666665,0.006566666666666667,0.00025833333333333334,0.01563399004027538,0.000445421498053077,0.01620797134693139,0.01457116231653279,-0.0001731969708655922
42,header,high_density,random,0.01,10,120000,1,0.999577174336887,0.9950550288804259,0.004522145456461124,0.004522145456461124,0.01718333333333333,0.0003916666666666667,0.016583333333333332,0.0017875480165823604,0.021236407098722616,0.029622427445112887,-0.020568205349448275,-0.014432964353158518
42,header,mid_density,random,0.01,10,240000,1,0.9717745000830509,0.957514378261018,0.014260121822032845,0.014260121822032845,0.0475625,0.017341666666666665,0.015275,0.025486209768284918,0.04779910295191405,0.053928926082571875,-9.734356884469197e-05,-0.009635188561110777
42,header,low_density,random,0.01,10,120000,1,0.953815963893685,0.9245700749135695,0.029245888980115486,0.029245888980115486,0.088025,0.023891666666666665,0.036491666666666665,0.056881534829276034,0.06291937870885239,0.09185391929727844,-0.019829888206213814,-0.00588101583405237
42,header,high_density,random,0.01,11,120000,1,0.999577174336887,0.9995655611552384,1.1613181648550963e-05,1.1613181648550963e-05,0.005841666666666667,0.0003916666666666667,0.0029333333333333334,0.0017875480165823604,0.00375638959736199,0.00859981967011169,-0.0060821335951116795,-0.005330775112895494
42,header,mid_density,random,0.01,11,240000,1,0.9717745000830509,0.9694108721948711,0.0023636278881797868,0.0023636278881797868,0.02665,0.0042375,0.0119125,0.00622764904717582,0.037277041827474704,0.032721978516634255,-0.010061249199961937,-0.0011113845302965202
42,header,low_density,random,0.01,11,120000,1,0.953815963893685,0.948689004216714,0.005126959676970966,0.005126959676970966,0.04464166666666667,0.005525,0.020983333333333333,0.013153978929825606,0.03617972039024671,0.044215377031461715,-0.02231983154944875,-0.004231098900276526
42,header,high_density,random,0.01,12,120000,1,0.999577174336887,0.9995284101759979,4.876416088905877e-05,4.876416088905877e-05,0.0066166666666666665,0.0036333333333333335,0.0,0.016582360324040618,0.0,0.019442144736409556,0.018601119572326616,-0.003963801075875628
42,header,mid_density,random,0.01,12,240000,1,0.9717745000830509,0.9668325701148819,0.004941929968169001,0.004941929968169001,0.09096666666666667,0.05478333333333334,0.0003625,0.08051241855680204,0.0011343485970585166,0.10199599428359094,0.10084177202512604,-0.027030413652212756
42,header,low_density,random,0.01,12,120000,1,0.953815963893685,0.9452567247137745,0.008559239179910416,0.008559239179910416,0.11124166666666667,0.05951666666666667,0.0008166666666666667,0.14169791480665833,0.001408106671264566,0.10908399731950277,0.10682734128629556,0.003308119008399007
42,header,high_density,random,0.01,13,120000,1,0.999577174336887,0.9996116262752034,-3.4451938316415465e-05,-3.4451938316415465e-05,0.0008333333333333334,5e-05,0.0,0.00022819761913817367,0.0,0.0009958358444640283,0.00020968464580853124,-0.0006096917259963553
42,header,mid_density,random,0.01,13,240000,1,0.9717745000830509,0.9716392356136947,0.00013526446935618885,0.00013526446935618885,0.0025875,0.0004125,0.0007125,0.0006062313231764072,0.0022295817252529467,0.0028190351106742563,-0.0010805934173458134,-0.00014943789560534362
42,header,low_density,random,0.01,13,120000,1,0.953815963893685,0.9534752005250315,0.0003407633686534073,0.0003407633686534073,0.0042,0.00055,0.0021333333333333334,0.001309445866317481,0.003678319467793152,0.0035063545105042107,-0.0019731813295717267,-6.49216325963851e-05
42,header,high_density,random,0.01,14,120000,1,0.999577174336887,0.9994543886742503,0.0001227856626366819,0.0001227856626366819,0.001125,0.00023333333333333333,0.0,0.0010649222226448104,0.0,0.00483811798264664,-0.0001732788836449427,-0.004707086649755572
42,header,mid_density,random,0.01,14,240000,1,0.9717745000830509,0.9714274994414138,0.000347000641637063,0.000347000641637063,0.003954166666666667,0.0017583333333333333,6.25e-05,0.002584137559398423,0.00019557734432043393,0.0028922165137369505,0.002321128049842503,-0.0010767279383745926
42,header,low_density,random,0.01,14,120000,1,0.953815963893685,0.9531386667553373,0.0006772971383476323,0.0006772971383476323,0.004475,0.0022583333333333335,0.00031666666666666665,0.0053766640874551115,0.000546000546000546,0.0046307636958257525,0.002686522212480556,0.0001158443780933558
42,header,high_density,random,0.01,15,120000,1,0.999577174336887,0.9995548165371355,2.2357799751460128e-05,2.2357799751460128e-05,0.011416666666666667,0.0,0.010216666666666667,0.0,0.013083334222630113,0.01630914060073289,-0.01630914060073289,-0.008966427493812752
42,header,mid_density,random,0.01,15,240000,1,0.9717745000830509,0.9714363212845775,0.0003381787984734208,0.0003381787984734208,0.045379166666666665,0.0,0.03152083333333333,0.0,0.09863617398560551,0.05374124774798905,-0.053740313069895844,0.006756269274437893
42,header,low_density,random,0.01,15,120000,1,0.953815963893685,0.9514816691237895,0.0023342947698954397,0.0023342947698954397,0.08653333333333334,0.0,0.06329166666666666,0.0,0.10912826702300386,0.08752970475533103,-0.0875271859124273,-0.009889530791320674
42,header,high_density,random,0.01,16,120000,1,0.999577174336887,0.999577174336887,0.0,0.0,0.0,0.0,0.0,0.0,0.0,5.6953157221983906e-09,-5.6953157221983906e-09,-5.6953157221983906e-09
42,header,mid_density,random,0.01,16,240000,1,0.9717745000830509,0.971770637654856,3.862428194834067e-06,3.862428194834067e-06,0.0,0.0,0.0,0.0,0.0,2.139314592365044e-05,-2.139314592365044e-05,-2.139314592365044e-05
42,header,low_density,random,0.01,16,120000,1,0.953815963893685,0.9538161283796724,-1.6448598749718712e-07,-1.6448598749718712e-07,0.0,0.0,0.0,0.0,0.0,1.2301502530967519e-06,-1.2301502530967519e-06,9.942712593334985e-07
42,header,high_density,random,0.01,17,120000,1,0.999577174336887,0.9995652819161174,1.1892420769599177e-05,1.1892420769599177e-05,0.0002666666666666667,0.0,0.000225,0.0,0.0002881321566158345,0.0030030203780830877,-0.0030030203780830877,-0.001759714916638856
42,header,mid_density,random,0.01,17,240000,1,0.9717745000830509,0.971488024016981,0.0002864760660699073,0.0002864760660699073,0.010925,0.0,0.007625,0.0,0.02386043600709294,0.011162197457959622,-0.011145682150764002,0.0008882667962653855
42,header,low_density,random,0.01,17,120000,1,0.953815963893685,0.9533095009899336,0.0005064629037513368,0.0005064629037513368,0.015383333333333334,0.0,0.008975,0.0,0.015474804948489159,0.017105922489294524,-0.017090136674594063,-0.003408658681841971
42,header,high_density,random,0.01,18,120000,1,0.999577174336887,0.999577174336887,0.0,0.0,0.0,0.0,0.0,0.0,0.0,0.0,0.0,0.0
42,header,mid_density,random,0.01,18,240000,1,0.9717745000830509,0.9717745000830509,0.0,0.0,0.0,0.0,0.0,0.0,0.0,0.0,0.0,0.0
42,header,low_density,random,0.01,18,120000,1,0.953815963893685,0.953815963893685,0.0,0.0,0.0,0.0,0.0,0.0,0.0,0.0,0.0,0.0
42,header,high_density,random,0.01,19,120000,1,0.999577174336887,0.9995774369353045,-2.6259841756637314e-07,-2.6259841756637314e-07,0.002691666666666667,0.0007333333333333333,0.0,0.003346898414026547,0.0,0.009366813648930852,0.009366813648930852,0.0017146584793436808
42,header,mid_density,random,0.01,19,240000,1,0.9717745000830509,0.9714656201210417,0.0003088799620092342,0.0003088799620092342,0.042058333333333336,0.0213125,0.0,0.031321951697447704,0.0,0.050171103715992475,0.050171103715992475,-0.01212347430458375
42,header,low_density,random,0.01,19,120000,1,0.953815963893685,0.9513649065931356,0.0024510573005493974,0.0024510573005493974,0.06966666666666667,0.03249166666666667,0.0,0.07735650655714937,0.0,0.06625477405902223,0.06625476399940282,0.0007319865644420423
42,header,high_density,random,0.01,20,120000,1,0.999577174336887,0.9995771743368869,1.1102230246251565e-16,1.1102230246251565e-16,0.0,0.0,0.0,0.0,0.0,7.984782043196257e-07,-7.984782043196257e-07,-7.984782043196257e-07
42,header,mid_density,random,0.01,20,240000,1,0.9717745000830509,0.9717741613940232,3.3868902771239107e-07,3.3868902771239107e-07,0.0,0.0,0.0,0.0,0.0,9.368218543451339e-06,-9.368218543451339e-06,-9.368218543451339e-06
42,header,low_density,random,0.01,20,120000,1,0.953815963893685,0.9538330319518157,-1.7068058130731423e-05,-1.7068058130731423e-05,8.333333333333334e-06,0.0,0.0,0.0,0.0,0.00014277773884992768,-0.0001427644475238654,-0.00010269255367708256
42,header,high_density,important,0.05,0,120000,4,0.999577174336887,0.995867425181371,0.003709749155516029,0.003709749155516029,0.02455,0.012275,0.009725,0.05602251549842163,0.012453712102617734,0.0669859922205833,0.030606401478601074,-0.058008749447631985
42,header,mid_density,important,0.05,0,240000,4,0.9717745000830509,0.8951042385599732,0.07667026152307765,0.07667026152307765,0.21549166666666666,0.16083333333333333,0.013370833333333334,0.23636898055160926,0.041840513194951495,0.2489769722560293,0.2033554850917532,-0.16532542697286218
42,header,low_density,important,0.05,0,120000,4,0.953815963893685,0.8720672128082089,0.08174875108547608,0.08174875108547608,0.24499166666666666,0.14013333333333333,0.030983333333333335,0.33363093466658733,0.05342184289552711,0.20872522189783055,0.13610900663455147,-0.07202824455367834
42,header,high_density,random,0.05,1,120000,4,0.999577174336887,0.997479787583661,0.002097386753226016,0.002097386753226016,0.009425,0.007983333333333334,4.1666666666666665e-05,0.03643555318906173,5.335780678071009e-05,0.016005709444799808,0.00795439423612949,-0.00848803976061684
42,header,mid_density,random,0.05,1,240000,4,0.9717745000830509,0.9560824821713456,0.01569201791170527,0.01569201791170527,0.09154583333333334,0.060458333333333336,0.000525,0.08885269191201685,0.0016428496922916448,0.09762909334533461,0.0907911448581535,-0.03891843567742052
42,header,low_density,random,0.05,1,120000,4,0.953815963893685,0.92557267744365,0.028243286450034932,0.028243286450034932,0.13843333333333332,0.074075,0.013716666666666667,0.17635855008630438,0.02365044470307628,0.12156459605402797,0.10492714309179688,-0.010552919984960232
42,header,high_density,random,0.05,2,120000,4,0.999577174336887,0.9994401693960943,0.00013700494079271763,0.00013700494079271763,0.009391666666666666,3.3333333333333335e-05,0.007291666666666667,0.00015213174609211578,0.009337616186624265,0.017064174605533024,-0.006936624056661521,-0.01436948347189396
42,header,mid_density,random,0.05,2,240000,4,0.9717745000830509,0.9701324455754293,0.0016420545076215598,0.0016420545076215598,0.03462916666666667,0.004116666666666667,0.017220833333333335,0.0060500661343261646,0.05388807760509023,0.04133863345789245,-0.00809118823821852,-0.02551401863519422
42,header,low_density,random,0.05,2,120000,4,0.953815963893685,0.955614479909713,-0.0017985160160280955,-0.0017985160160280955,0.04944166666666667,0.0034583333333333332,0.022575,0.008233636886693253,0.038924091555670504,0.053991981848371944,-0.02401752491644098,-0.025452264853460204
42,header,high_density,random,0.05,3,120000,4,0.999577174336887,0.9992626189754945,0.00031455536139246565,0.00031455536139246565,0.012766666666666667,0.0,0.011566666666666666,0.0,0.01481212716232512,0.023903582650897825,-0.02172218618218422,-0.017120826104171483
42,header,mid_density,random,0.05,3,240000,4,0.9717745000830509,0.9604327059208465,0.011341794162204377,0.011341794162204377,0.07424583333333333,0.00015833333333333332,0.061016666666666663,0.0002326948513202371,0.19093564201522895,0.07617162821895147,-0.07511434446498857,0.0046852303533831295
42,header,low_density,random,0.05,3,120000,4,0.953815963893685,0.9341528790371122,0.019663084856572755,0.019663084856572755,0.143275,0.0006666666666666666,0.12060833333333333,0.0015872071106878558,0.20795436584910268,0.11735719297151045,-0.11568863994499777,-0.01010753517002395
42,header,high_density,random,0.05,4,120000,4,0.999577174336887,0.9995473884924025,2.9785844484431223e-05,2.9785844484431223e-05,0.006741666666666667,0.002625,0.0,0.011980375004754117,0.0,0.020077788549176603,0.02007465972038346,-0.0017950356961089933
42,header,mid_density,random,0.05,4,240000,4,0.9717745000830509,0.9705121900287359,0.0012623100543149857,0.0012623100543149857,0.09922083333333333,0.05845416666666667,8.333333333333334e-06,0.08590726497820017,2.6076979242724522e-05,0.11071993658557279,0.11069452593696416,-0.02967538483080468
42,header,low_density,random,0.05,4,120000,4,0.953815963893685,0.947570047662774,0.006245916230910975,0.006245916230910975,0.13475,0.07344166666666667,0.0007166666666666667,0.17485070333115094,0.001235685446211762,0.13209875375438812,0.13104212191528752,0.004210398363190628
42,header,high_density,random,0.05,5,120000,4,0.999577174336887,0.9994541699098805,0.00012300442700652336,0.00012300442700652336,0.003766666666666667,0.0004,0.0019833333333333335,0.0018255809531053894,0.0025398316027618,0.015098588309674685,0.0018761599970995833,-0.013558238873600218
42,header,mid_density,random,0.05,5,240000,4,0.9717745000830509,0.9696141623394654,0.002160337743585483,0.002160337743585483,0.034,0.012683333333333333,0.005591666666666667,0.018640082300494784,0.017497653071868156,0.0483829556620231,0.025623717963441543,-0.034921782279729745
42,header,low_density,random,0.05,5,120000,4,0.953815963893685,0.9542893919105861,-0.0004734280169012006,-0.0004734280169012006,0.0554,0.012416666666666666,0.009625,0.029561732436561315,0.016595542911332386,0.05772032165238396,0.012888677822555858,-0.02762968772504074
42,header,high_density,random,0.05,6,120000,4,0.999577174336887,0.9987923161678488,0.0007848581690381717,0.0007848581690381717,0.01395,0.0,0.012725,0.0,0.01629547419082886,0.03139210767209191,-0.022077563385000092,-0.025590062106287503
42,header,mid_density,random,0.05,6,240000,4,0.9717745000830509,0.9601852938655835,0.011589206217467396,0.011589206217467396,0.065875,0.0017,0.05035833333333333,0.002498407877333072,0.15758318556378428,0.06522809355052847,-0.048776186304923266,-0.01567411106509467
42,header,low_density,random,0.05,6,120000,4,0.953815963893685,0.9369720016720979,0.016843962221587017,0.016843962221587017,0.11578333333333334,0.003625,0.08418333333333333,0.008630438664365216,0.14514993462361883,0.0996718310232087,-0.08377788624936472,-0.02435474485104249
42,header,high_density,random,0.05,7,120000,4,0.999577174336887,0.9995633398242644,1.383451262260138e-05,1.383451262260138e-05,0.0,0.0,0.0,0.0,0.0,0.0006480713127936126,0.0004173734391048403,-0.0006227545881630299
42,header,mid_density,random,0.05,7,240000,4,0.9717745000830509,0.9711996740632449,0.0005748260198059629,0.0005748260198059629,0.0012791666666666667,0.0006416666666666667,0.00011666666666666667,0.0009430265027188556,0.0003650777093981433,0.002717773107859102,0.001101333782512911,-0.0021273595509903385
42,header,low_density,random,0.05,7,120000,4,0.953815963893685,0.9533046373929904,0.00051132650069452,0.00051132650069452,0.003608333333333333,0.00135,0.0005,0.003214094399142908,0.00086210612526402,0.003982572760989358,0.0017532090468942386,-0.0014836897534901675
42,header,high_density,random,0.05,8,120000,4,0.999577174336887,0.9995612313253769,1.5943011510088922e-05,1.5943011510088922e-05,0.0002666666666666667,0.0,0.000225,0.0,0.0002881321566158345,0.0036659891792786984,-0.0036592982193158568,-0.0023941459438804667
42,header,mid_density,random,0.05,8,240000,4,0.9717745000830509,0.9709371255945297,0.0008373744885211698,0.0008373744885211698,0.014183333333333333,3.3333333333333335e-05,0.010325,4.8988389751628865e-05,0.032309377281735684,0.013893143803105447,-0.013610547633031765,-4.033856431601427e-05
42,header,low_density,random,0.05,8,120000,4,0.953815963893685,0.9523209885234076,0.0014949753702773183,0.0014949753702773183,0.021691666666666668,0.000275,0.014058333333333334,0.0006547229331587405,0.02423955055534003,0.021706390000138805,-0.020519274218299827,-0.005297647584495269
42,header,high_density,random,0.05,9,120000,4,0.999577174336887,0.9994082819525266,0.00016889238436035292,0.00016889238436035292,0.002958333333333333,1.6666666666666667e-05,0.0028916666666666665,7.606587304605789e-05,0.00370303179058128,0.007405282137129799,-0.0017590804431069293,-0.006636838992898774
42,header,mid_density,random,0.05,9,240000,4,0.9717745000830509,0.9677487620192673,0.0040257380637835904,0.0040257380637835904,0.021295833333333333,0.0050875,0.0067666666666666665,0.007476852985842356,0.021174507145092312,0.030835978960918057,0.005129753506380501,-0.015106033174052418
42,header,low_density,random,0.05,9,120000,4,0.953815963893685,0.948888481676317,0.00492748221736794,0.00492748221736794,0.04339166666666667,0.008116666666666666,0.013016666666666666,0.019324246572624645,0.022443496127706655,0.04045879209837127,-0.007412395764591614,-0.011339281212065825
42,header,high_density,random,0.05,10,120000,4,0.999577174336887,0.9994484489577985,0.00012872537908847903,0.00012872537908847903,0.00245,0.0005416666666666666,0.0,0.0024721408739968812,0.0,0.007362404252523602,0.005502085420673899,-0.004988779855125933
42,header,mid_density,random,0.05,10,240000,4,0.9717745000830509,0.9705830130022837,0.0011914870807672173,0.0011914870807672173,0.0169125,0.004879166666666667,0.004733333333333333,0.0071706755498946746,0.01481172420986753,0.01166050355927277,0.002893962682228559,-0.001982419042622884
42,header,low_density,random,0.05,10,120000,4,0.953815963893685,0.9508386239830796,0.0029773399106053366,0.0029773399106053366,0.014166666666666666,0.005841666666666667,0.0031166666666666665,0.013907902307402338,0.005373794847479058,0.01489057203044045,0.001451260579678669,-0.0012184240973395094
42,header,high_density,random,0.05,11,120000,4,0.999577174336887,0.9972117241153964,0.002365450221490595,0.002365450221490595,0.017416666666666667,0.006525,0.009425,0.029779789297531663,0.012069535893796621,0.022544278435974934,-0.005267813152092695,-0.015182257773536226
42,header,mid_density,random,0.05,11,240000,4,0.9717745000830509,0.9496137037823069,0.022160796300743968,0.022160796300743968,0.0851,0.04704166666666667,0.011645833333333333,0.06913486503698624,0.03644257849170752,0.09051484722824682,0.06227117910303638,-0.036697861340060055
42,header,low_density,random,0.05,11,120000,4,0.953815963893685,0.9120729271597484,0.041743036733936534,0.041743036733936534,0.14206666666666667,0.06866666666666667,0.02355,0.16348233240084917,0.040605198499935345,0.1223290616115039,0.07875035945959742,-0.016475784994440933
42,header,high_density,random,0.05,12,120000,4,0.999577174336887,0.9995491367809413,2.8037555945714665e-05,2.8037555945714665e-05,0.008541666666666666,0.0,0.007358333333333333,0.0,0.0094229886774734,0.01425466896105602,-0.0138813784046711,-0.009565441859445903
42,header,mid_density,random,0.05,12,240000,4,0.9717745000830509,0.9701744692428999,0.0016000308401510344,0.0016000308401510344,0.03544166666666667,0.001875,0.022375,0.0027555969235291237,0.07001668926671534,0.037217907322830895,-0.026614276765712288,-0.013259464791413707
42,header,low_density,random,0.05,12,120000,4,0.953815963893685,0.9554972356090083,-0.0016812717153233958,-0.0016812717153233958,0.05260833333333333,0.000575,0.031216666666666667,0.0013689661329682756,0.05382415908731698,0.05720635282871728,-0.04620018679604725,-0.023549873096092935
42,header,high_density,random,0.05,13,120000,4,0.999577174336887,0.9994567544952347,0.00012041984165223063,0.00012041984165223063,0.006716666666666667,0.0037333333333333333,0.0,0.017038755562316966,0.0,0.023459448542083518,0.022802879947437245,-0.0055563258382340065
42,header,mid_density,random,0.05,13,240000,4,0.9717745000830509,0.9665864610383053,0.005188039044745629,0.005188039044745629,0.11526666666666667,0.0737125,7.083333333333334e-05,0.10833170038700828,0.00022165432356315845,0.12381066232549087,0.12299629646001214,-0.03283081727231282
42,header,low_density,random,0.05,13,120000,4,0.953815963893685,0.944544412300091,0.00927155159359394,0.00927155159359394,0.13315833333333332,0.07404166666666667,0.000625,0.17627918973077,0.001077632656580025,0.1290623816946603,0.12676982762509104,0.00355759629468426
42,header,high_density,random,0.05,14,120000,4,0.999577174336887,0.9995625094125754,1.4664924311569294e-05,1.4664924311569294e-05,0.00014166666666666668,0.0,0.0001,0.0,0.0001280587362737042,0.0008282224030255775,0.0002736023413810487,0.0004762537555230428
42,header,mid_density,random,0.05,14,240000,4,0.9717745000830509,0.9711024180558296,0.0006720820272212435,0.0006720820272212435,0.0048625,0.0013125,0.0020958333333333332,0.0019289178464703865,0.006558360279545218,0.0030986901104156964,0.0011272326242885479,-0.00044575531177325846
42,header,low_density,random,0.05,14,120000,4,0.953815963893685,0.9525506846530971,0.0012652792405878355,0.0012652792405878355,0.006891666666666667,0.00245,0.0012083333333333334,0.00583298613177787,0.002083423136054715,0.006817446534537196,0.0021978831594122866,-0.0006373537496768701
42,header,high_density,random,0.05,15,120000,4,0.999577174336887,0.9994247205323025,0.00015245380458450697,0.00015245380458450697,0.0024416666666666666,0.0005416666666666666,0.0,0.0024721408739968812,0.0,0.013918923760815051,0.005536826281191032,-0.01259824500780153
42,header,mid_density,random,0.05,15,240000,4,0.9717745000830509,0.9709397777004778,0.0008347223825730943,0.0008347223825730943,0.013866666666666666,0.004395833333333333,0.0014958333333333334,0.0064603438984960565,0.004680817774069052,0.012585893765031624,0.005237663431456709,-0.004749975483148761
42,header,low_density,random,0.05,15,120000,4,0.953815963893685,0.9516746319975451,0.002141331896139853,0.002141331896139853,0.017625,0.006025,0.002375,0.014344384262841497,0.004095004095004095,0.015111327559050893,0.002916568061096224,-0.001165959253536819
42,header,high_density,random,0.05,16,120000,4,0.999577174336887,0.9996130983686518,-3.5924031764777986e-05,-3.5924031764777986e-05,0.0023916666666666665,0.0005416666666666666,0.0,0.0024721408739968812,0.0,0.008202426789487585,0.00794806193969362,-0.006502389694496348
42,header,mid_density,random,0.05,16,240000,4,0.9717745000830509,0.9696171746518134,0.002157325431237478,0.002157325431237478,0.037783333333333335,0.019104166666666665,5e-05,0.028076470876402294,0.00015646187545634714,0.03875106023431784,0.03800542765160713,-0.016967330035909296
42,header,low_density,random,0.05,16,120000,4,0.953815963893685,0.9525498713454317,0.0012660925482532726,0.0012660925482532726,0.04073333333333334,0.014625,0.0005916666666666667,0.03481935599071484,0.001020158914895757,0.03173611014396627,0.029991322304744564,-0.0005564077164891815
42,header,high_density,random,0.05,17,120000,4,0.999577174336887,0.9995769868245701,1.875123168959547e-07,1.875123168959547e-07,0.0,0.0,0.0,0.0,0.0,0.00011373417966798704,-0.00010889870551687715,-0.00011373417966798704
42,header,mid_density,random,0.05,17,240000,4,0.9717745000830509,0.9717517145032604,2.278557979051854e-05,2.278557979051854e-05,0.00015416666666666666,1.6666666666666667e-05,2.0833333333333333e-05,2.4494194875814433e-05,6.519244810681131e-05,0.0007746576996997253,-0.0006492554174789561,-0.0005753899226835414
42,header,low_density,random,0.05,17,120000,4,0.953815963893685,0.9538053572556531,1.0606638031873672e-05,1.0606638031873672e-05,0.0012583333333333333,0.000325,0.0004166666666666667,0.0007737634664603298,0.00071842177105335,0.001716866359453115,-0.0006765897231613989,-0.0005490658574111105
42,header,high_density,random,0.05,18,120000,4,0.999577174336887,0.9995780043427049,-8.30005817964441e-07,-8.30005817964441e-07,3.3333333333333335e-05,0.0,0.0,0.0,0.0,0.00029464377511554524,0.00024861036688822365,-0.00023345031076028207
42,header,mid_density,random,0.05,18,240000,4,0.9717745000830509,0.9714224359925451,0.00035206409050581033,0.00035206409050581033,0.0010833333333333333,0.00048333333333333334,1.6666666666666667e-05,0.0007103316513986186,5.2153958485449043e-05,0.0017288315480496438,0.0016008902586196663,-0.001285642761478827
42,header,low_density,random,0.05,18,120000,4,0.953815963893685,0.9531478907988451,0.0006680730948398494,0.0006680730948398494,0.0026,0.00135,0.00018333333333333334,0.003214094399142908,0.000316105579263474,0.0029716034760174917,0.002408572472077234,-0.0007647866082269318
42,header,high_density,random,0.05,19,120000,4,0.999577174336887,0.9993632396270171,0.0002139347098698563,0.0002139347098698563,0.010625,0.007141666666666667,0.0,0.0325942266002358,0.0,0.015084712624682617,0.003562375703692687,-0.009348393280348453
42,header,mid_density,random,0.05,19,240000,4,0.9717745000830509,0.9685261587289694,0.0032483413540814743,0.0032483413540814743,0.04785,0.026258333333333335,0.0005166666666666667,0.03859060402684564,0.0016167727130489205,0.04970874928461494,0.04659928570188391,-0.01405293586015015
42,header,low_density,random,0.05,19,120000,4,0.953815963893685,0.9457420534486749,0.008073910445010046,0.008073910445010046,0.06616666666666667,0.032825,0.001,0.0781501101124933,0.00172421225052804,0.05849688315641564,0.050998878030697706,0.00029409666294272506
42,header,high_density,random,0.05,20,120000,4,0.999577174336887,0.999024254292424,0.0005529200444629456,0.0005529200444629456,0.01175,0.0062833333333333335,0.0029083333333333335,0.028676834138363822,0.003724374913293564,0.01667604463609538,0.005788993750268705,-0.014398254915928561
42,header,mid_density,random,0.05,20,240000,4,0.9717745000830509,0.9615356432663185,0.010238856816732422,0.010238856816732422,0.07663333333333333,0.045579166666666664,0.0049125,0.06698549943663351,0.015372379263586106,0.06373871201975594,0.04139730460673501,-0.027868762837117127
42,header,low_density,random,0.05,20,120000,4,0.953815963893685,0.9447152774648944,0.009100686428790583,0.009100686428790583,0.07261666666666666,0.02665,0.010866666666666667,0.06344860424974703,0.018736439789071368,0.058739042933060356,0.017037879235264123,-0.009251888023715548
42,header,high_density,important,0.1,0,120000,8,0.999577174336887,0.9518122055006689,0.04776496883621806,0.04776496883621806,0.0943,0.005625,0.08721666666666666,0.025672232153044535,0.11168856115338235,0.1969313511916703,-0.09656570932708353,-0.15944216968001643
42,header,mid_density,important,0.1,0,240000,8,0.9717745000830509,0.8244785243844168,0.14729597569863406,0.14729597569863406,0.1838125,0.034166666666666665,0.12479166666666666,0.050213099495419584,0.39050276415979973,0.23510340224891818,0.033969362628163004,-0.16760949182155857
42,header,low_density,important,0.1,0,120000,8,0.953815963893685,0.7816039754223258,0.1722119884713591,0.1722119884713591,0.294525,0.05096666666666667,0.20130833333333334,0.12134198361208658,0.34709829446671553,0.26183541034015445,-0.07629125568190341,-0.14974562038984446
42,header,high_density,random,0.1,1,120000,8,0.999577174336887,0.9994226554615925,0.00015451887529449593,0.00015451887529449593,0.0023666666666666667,0.000525,0.000125,0.0023960750009508233,0.00016007342034213027,0.01031460829983682,0.0030914801324494535,-0.006943575482499773
42,header,mid_density,random,0.1,1,240000,8,0.9717745000830509,0.9674695050515374,0.004304995031513492,0.004304995031513492,0.030529166666666666,0.013904166666666667,0.0024916666666666668,0.02043428207514819,0.007797016793574633,0.04114299311886272,0.028848415142335545,-0.021899275015228325
42,header,low_density,random,0.1,1,120000,8,0.953815963893685,0.9484092655771033,0.005406698316581693,0.005406698316581693,0.053275,0.018016666666666667,0.006658333333333333,0.04289427216633931,0.011480379901432533,0.04743349140194132,0.017607258900350323,-0.010818089452885999
42,header,high_density,random,0.1,2,120000,8,0.999577174336887,0.9993446941718372,0.000232480165049731,0.000232480165049731,0.011258333333333334,0.0,0.010058333333333334,0.0,0.012880574556863415,0.03390618844699931,-0.02750209796620558,-0.024815011485830832
42,header,mid_density,random,0.1,2,240000,8,0.9717745000830509,0.9378148986384891,0.03395960144456178,0.03395960144456178,0.08945833333333333,0.033558333333333336,0.03490416666666667,0.04931906138245236,0.10922342755815166,0.10238604139223843,0.016058139077948005,-0.056612494296951595
42,header,low_density,random,0.1,2,120000,8,0.953815963893685,0.9125733764899979,0.041242587403687025,0.041242587403687025,0.133875,0.03495,0.05810833333333333,0.08320933277781084,0.1001911001911002,0.13801367932068145,-0.008210840796501747,-0.07201628294372574
42,header,high_density,random,0.1,3,120000,8,0.999577174336887,0.9971384374427604,0.0024387368941265475,0.0024387368941265475,0.059275,0.051875,0.0,0.23675502985585517,0.0,0.06152431675791693,0.0602542637372093,-0.010709786989361422
42,header,mid_density,random,0.1,3,240000,8,0.9717745000830509,0.946592428071495,0.025182072011555867,0.025182072011555867,0.43048333333333333,0.36754166666666666,0.0,0.5401582324988977,0.0,0.36511328095911805,0.3647090950865446,-0.02884309324553302
42,header,low_density,random,0.1,3,120000,8,0.953815963893685,0.9109171787677766,0.04289878512590839,0.04289878512590839,0.3655083333333333,0.27908333333333335,3.3333333333333335e-05,0.6644445767117036,5.7473741684268e-05,0.31375596140288037,0.31159628914134857,0.03330835197999827
42,header,high_density,random,0.1,4,120000,8,0.999577174336887,0.9995618194321888,1.535490469817269e-05,1.535490469817269e-05,0.001625,0.0006083333333333333,0.0,0.002776404366181113,0.0,0.0018047911949391608,0.00019495476196470604,-0.0016593880631327607
42,header,mid_density,random,0.1,4,240000,8,0.9717745000830509,0.9706838529895241,0.0010906470935267976,0.0010906470935267976,0.0081875,0.0020125,0.003533333333333333,0.0029576740312545926,0.011056639198915197,0.007113157630911295,0.0005350876982435694,-0.0031439179585295465
42,header,low_density,random,0.1,4,120000,8,0.953815963893685,0.951950288419922,0.0018656754737629289,0.0018656754737629289,0.009425,0.00305,0.003425,0.007261472531396941,0.005905426958058537,0.011357743326442253,-0.0009450656967084951,-0.004259777115350913
42,header,high_density,random,0.1,5,120000,8,0.999577174336887,0.9941550620952293,0.005422112241657673,0.005422112241657673,0.028975,0.007583333333333333,0.017208333333333332,0.03460997223595634,0.022036774200433266,0.0587160561365506,-0.015114006998526438,-0.03953253472434281
42,header,mid_density,random,0.1,5,240000,8,0.9717745000830509,0.939229586658839,0.03254491342421184,0.03254491342421184,0.12589583333333335,0.07766666666666666,0.013083333333333334,0.11414294812129526,0.0409408574110775,0.1083204510021215,0.052598620952312575,-0.021669726353908226
42,header,low_density,random,0.1,5,120000,8,0.953815963893685,0.9029725541665621,0.05084340972712287,0.05084340972712287,0.13910833333333333,0.052458333333333336,0.042925,0.12489335952225065,0.07401181085391612,0.12740121942813942,-0.00408889604644824,-0.014165469151375955
42,header,high_density,random,0.1,6,120000,8,0.999577174336887,0.9996202049636985,-4.303062681154657e-05,-4.303062681154657e-05,0.0337,0.026525,0.0,0.12105883695280113,0.0,0.03452404100123243,0.03452333235775332,-0.008556728585086406
42,header,mid_density,random,0.1,6,240000,8,0.9717745000830509,0.9681048180014893,0.0036696820815615983,0.0036696820815615983,0.16615833333333332,0.1170125,0.0,0.17196761867437418,0.0,0.154469318795397,0.1544682596507368,-0.02727573371421561
42,header,low_density,random,0.1,6,120000,8,0.953815963893685,0.9475163612323366,0.006299602661348325,0.006299602661348325,0.16555,0.100825,3.3333333333333335e-05,0.2400452354026546,5.7473741684268e-05,0.15786711339133186,0.15778291981879405,0.01110674558348111
42,header,high_density,random,0.1,7,120000,8,0.999577174336887,0.9994995716339974,7.760270288958981e-05,7.760270288958981e-05,0.009691666666666666,0.0002666666666666667,0.006741666666666667,0.0012170539687369262,0.008633293137118891,0.016365346037023946,-0.004743293206310416,-0.014279339416097013
42,header,mid_density,random,0.1,7,240000,8,0.9717745000830509,0.9663448008680593,0.00542969921499159,0.00542969921499159,0.04235,0.014795833333333333,0.0087,0.02174472150100426,0.027224366329404403,0.045551825057640764,0.018862069424062444,-0.01925656014658714
42,header,low_density,random,0.1,7,120000,8,0.953815963893685,0.943517008162283,0.010298955731401938,0.010298955731401938,0.058625,0.01795,0.01355,0.04273555145527052,0.023363075994654942,0.05435546115393998,0.0056675824472388345,-0.014092483131089562
42,header,high_density,random,0.1,8,120000,8,0.999577174336887,0.9993664389037216,0.00021073543316540988,0.00021073543316540988,0.039625,0.032358333333333336,0.0,0.1476818925189214,0.0,0.0365892716868436,0.0328518791510356,-0.01102364168475562
42,header,mid_density,random,0.1,8,240000,8,0.9717745000830509,0.9515565122302911,0.020217987852759745,0.020217987852759745,0.1474375,0.0998875,0.0027083333333333334,0.14679983343947484,0.00847501825388547,0.15473364546225668,0.14345598199231904,-0.050035483586941154
42,header,low_density,random,0.1,8,120000,8,0.953815963893685,0.920812632839486,0.03300333105419895,0.03300333105419895,0.14339166666666667,0.08006666666666666,0.007225,0.1906235739936115,0.01245743351006509,0.141108446657902,0.12070359765582277,-0.01719672064589152
42,header,high_density,random,0.1,9,120000,8,0.999577174336887,0.998965972055037,0.0006112022818499652,0.0006112022818499652,0.047925,0.04085833333333334,0.0,0.1864754877724109,0.0,0.04159132152384465,0.04120124219918687,-0.004506806277186115
42,header,mid_density,random,0.1,9,240000,8,0.9717745000830509,0.961748460616692,0.010026039466358938,0.010026039466358938,0.163125,0.11748333333333333,4.5833333333333334e-05,0.17265957967961593,0.00014342338583498486,0.1530955373377713,0.15253883165529308,-0.02227908466461014
42,header,low_density,random,0.1,9,120000,8,0.953815963893685,0.9434831653841174,0.010332798509567587,0.010332798509567587,0.168775,0.10386666666666666,0.00014166666666666668,0.24728686784516796,0.00024426340215813903,0.16027818063915758,0.1593291708637091,0.011303726552112127
42,header,high_density,random,0.1,10,120000,8,0.999577174336887,0.9988930567541975,0.0006841175826894919,0.0006841175826894919,0.03389166666666667,0.02805,0.0,0.1280188643365154,0.0,0.030661305365520718,0.026321853150674045,-0.00978617712011646
42,header,mid_density,random,0.1,10,240000,8,0.9717745000830509,0.9653875814427508,0.006386918640300054,0.006386918640300054,0.11872083333333333,0.0783875,4.166666666666667e-06,0.11520232204967423,1.3038489621362261e-05,0.11450209798407462,0.11395748666416201,-0.030696509590849453
42,header,low_density,random,0.1,10,120000,8,0.953815963893685,0.9464667209835886,0.00734924291009631,0.00734924291009631,0.11833333333333333,0.06435,0.00034166666666666666,0.1532051663591453,0.000589105852263747,0.11048835561049093,0.10784595725726745,-0.001720341915425203
42,header,high_density,random,0.1,11,120000,8,0.999577174336887,0.9994468691056486,0.00013030523123835902,0.00013030523123835902,0.001125,0.00023333333333333333,0.0,0.0010649222226448104,0.0,0.005396057679317547,0.0003240671801175022,-0.005241302604605714
42,header,mid_density,random,0.1,11,240000,8,0.9717745000830509,0.9709113275427076,0.0008631725403432933,0.0008631725403432933,0.0051,0.0023875,0.00016666666666666666,0.0035087934159604172,0.0005215395848544905,0.004854944729551556,0.0040322909567863715,-0.0026123740205427812
42,header,low_density,random,0.1,11,120000,8,0.953815963893685,0.9526452370142752,0.001170726879409778,0.001170726879409778,0.007083333333333333,0.00345,0.000475,0.008213796797809654,0.000819000819000819,0.007175776698974342,0.0049522522703636844,-0.0008277140288241038
42,header,high_density,random,0.1,12,120000,8,0.999577174336887,0.9980103855450041,0.0015667887918828782,0.0015667887918828782,0.023216666666666667,0.002341666666666667,0.019791666666666666,0.010687255162971133,0.02534495822083729,0.0557709362090352,-0.03313460244922856,-0.05031064886393024
42,header,mid_density,random,0.1,12,240000,8,0.9717745000830509,0.9463247498053533,0.02544975027769758,0.02544975027769758,0.0872625,0.01721666666666667,0.0516,0.02530250330671631,0.16146865547095024,0.08315128841948113,-0.02646977606873102,-0.03277688744738386
42,header,low_density,random,0.1,12,120000,8,0.953815963893685,0.9112418403265752,0.04257412356710977,0.04257412356710977,0.14135,0.016175,0.09685833333333334,0.038509612523064105,0.16700432489906175,0.1189512310942793,-0.07374475616815225,-0.03499969757916085
42,header,high_density,random,0.1,13,120000,8,0.999577174336887,0.9966553277873973,0.0029218465494896817,0.0029218465494896817,0.027991666666666668,0.016025,0.006633333333333333,0.07313733693378466,0.008494562839489045,0.03910627902392615,0.0043551898828131045,-0.025307797643973035
42,header,mid_density,random,0.1,13,240000,8,0.9717745000830509,0.9488896667225108,0.022884833360540036,0.022884833360540036,0.07983333333333334,0.027833333333333335,0.03241666666666667,0.040905305442610104,0.1014394492541984,0.07793389330241635,0.010012162563984564,-0.031583948816552104
42,header,low_density,random,0.1,13,120000,8,0.953815963893685,0.9209431849688225,0.0328727789248624,0.0328727789248624,0.09691666666666666,0.025141666666666666,0.04450833333333333,0.059857548161815766,0.07674181358391885,0.09215769075498195,-0.016987899367659487,-0.022226093005448505
42,header,high_density,random,0.1,14,120000,8,0.999577174336887,0.9966248807793543,0.0029522935575326814,0.0029522935575326814,0.029958333333333333,0.0239,0.0,0.109078461948047,0.0,0.031554850199869804,0.025263014624243435,-0.01272070077456236
42,header,mid_density,random,0.1,14,240000,8,0.9717745000830509,0.947896822672673,0.02387767741037794,0.02387767741037794,0.15945,0.1121875,0.0012208333333333333,0.16487654925782588,0.0038202774590591427,0.16719966446979156,0.15858364357757376,-0.043678328904990016
42,header,low_density,random,0.1,14,120000,8,0.953815963893685,0.9147855003615469,0.039030463532138016,0.039030463532138016,0.170675,0.10583333333333333,0.0015583333333333332,0.25196912882169714,0.002686897423739529,0.17189721581202896,0.1598720412037616,-0.009099734295520448
42,header,high_density,random,0.1,15,120000,8,0.999577174336887,0.9996070504876278,-2.9876150740792973e-05,-2.9876150740792973e-05,0.0022166666666666667,0.0003916666666666667,0.000125,0.0017875480165823604,0.00016007342034213027,0.008175204930178202,-0.004378048780496157,-0.0063302028388612765
42,header,mid_density,random,0.1,15,240000,8,0.9717745000830509,0.9689264290387742,0.0028480710442766455,0.0028480710442766455,0.023229166666666665,0.006058333333333333,0.0073625,0.008903639837358547,0.023039011160947115,0.03033667552638681,0.0004524478815726853,-0.003245839599212831
42,header,low_density,random,0.1,15,120000,8,0.953815963893685,0.9456845356635155,0.008131428230169435,0.008131428230169435,0.04360833333333333,0.008916666666666666,0.0178,0.021228895105450073,0.03069097805939911,0.04287736407102843,-0.007726224778686922,-0.006328098146358037
42,header,high_density,random,0.1,16,120000,8,0.999577174336887,0.999495707540897,8.146679598997064e-05,8.146679598997064e-05,0.0019833333333333335,0.00045,0.0,0.002053778572243563,0.0,0.006602996036380116,0.00052753821928225,-0.006023691538192451
42,header,mid_density,random,0.1,16,240000,8,0.9717745000830509,0.971137917648059,0.0006365824349918725,0.0006365824349918725,0.006508333333333333,0.0022833333333333334,0.0007833333333333334,0.003355704697986577,0.002451236048816105,0.00696603482034764,0.0013073153210352623,-0.0023493498946151885
42,header,low_density,random,0.1,16,120000,8,0.953815963893685,0.9527514197035748,0.0010645441901101504,0.0010645441901101504,0.009333333333333334,0.00315,0.0025916666666666666,0.007499553598000119,0.004468583415951837,0.009613864190311246,0.0005090955590160513,-0.0007736980426076778
42,header,high_density,random,0.1,17,120000,8,0.999577174336887,0.9972776870520988,0.0022994872847881265,0.0022994872847881265,0.017466666666666665,0.013208333333333334,0.0,0.06028220438900087,0.0,0.028675347149513947,0.026841961790605516,-0.00826755049941885
42,header,mid_density,random,0.1,17,240000,8,0.9717745000830509,0.9505031534254308,0.021271346657620094,0.021271346657620094,0.18254166666666666,0.13502083333333334,0.0,0.19843359623769166,0.0,0.19224635008565408,0.19052781791751788,-0.06301044526340811
42,header,low_density,random,0.1,17,120000,8,0.953815963893685,0.9141545633280147,0.039661400565670246,0.039661400565670246,0.21189166666666667,0.14240833333333333,0.0005083333333333333,0.33904727893180964,0.000876474560685087,0.20007881689823914,0.1937179137793132,-0.006201948007376586
42,header,high_density,random,0.1,18,120000,8,0.999577174336887,0.9995633643794487,1.380995743827107e-05,1.380995743827107e-05,0.010183333333333334,0.005891666666666667,0.0,0.026889286121781462,0.0,0.024075223816209267,0.024074376917460356,-0.0035302380435497252
42,header,mid_density,random,0.1,18,240000,8,0.9717745000830509,0.9697179646979913,0.002056535385059566,0.002056535385059566,0.11245833333333333,0.06920833333333333,0.0,0.10171214422181943,0.0,0.12545117931267605,0.12545075785318568,-0.03581964088744498
42,header,low_density,random,0.1,18,120000,8,0.953815963893685,0.9480724715375536,0.005743492356131363,0.005743492356131363,0.14528333333333332,0.08124166666666667,0.0,0.19342102652619883,0.0,0.14543698623291304,0.14541929215285365,0.004148216096460394
42,header,high_density,random,0.1,19,120000,8,0.999577174336887,0.9992026324865525,0.0003745418503344755,0.0003745418503344755,0.018141666666666667,0.0,0.016925,0.0,0.021673941114324437,0.04201377380634105,-0.04129067424881397,-0.031093883528796717
42,header,mid_density,random,0.1,19,240000,8,0.9717745000830509,0.960309132610291,0.011465367472759835,0.011465367472759835,0.10758333333333334,1.6666666666666667e-05,0.09073333333333333,2.4494194875814433e-05,0.2839261499947846,0.10499472357314646,-0.10477197196853127,0.005389734925934926
42,header,low_density,random,0.1,19,120000,8,0.953815963893685,0.9319438064233957,0.021872157470289255,0.021872157470289255,0.20470833333333333,1.6666666666666667e-05,0.17530833333333334,3.9680177767196396e-05,0.30226877595298646,0.17859366355216982,-0.17827197235848927,-0.012623305046033659
42,header,high_density,random,0.1,20,120000,8,0.999577174336887,0.9995503892982782,2.6785038608756473e-05,2.6785038608756473e-05,0.008541666666666666,0.0,0.007358333333333333,0.0,0.0094229886774734,0.014645661158634821,-0.014219961294428757,-0.010198547913621792
42,header,mid_density,random,0.1,20,240000,8,0.9717745000830509,0.9703225857712126,0.0014519143118383315,0.0014519143118383315,0.0358625,0.0021208333333333335,0.022466666666666666,0.0031168862979473865,0.07030353603838531,0.03820526497353723,-0.026131576957959562,-0.014521549393708687
42,header,low_density,random,0.1,20,120000,8,0.953815963893685,0.9551990870819012,-0.0013831231882162065,-0.0013831231882162065,0.05330833333333333,0.00075,0.031875,0.0017856079995238379,0.05495926548558128,0.05942122813804203,-0.04717711052344517,-0.02588919018476386
42,imports,high_density,important,0.01,0,192467,13,0.8597551361603645,0.8458251383619816,0.013929997798382887,0.013929997798382887,0.023588459320299064,0.01315550198215798,0.004582603771036074,0.026350022374624055,0.00915165601394538,0.04322220563961036,-0.0022300155475312856,-0.03409840741521349
42,imports,mid_density,important,0.01,0,167516,13,0.9653729854223072,0.9309198771031046,0.03445310831920256,0.03445310831920256,0.09431337902051147,0.018792234771603907,0.05022803791876597,0.055549673548614786,0.07590711437489851,0.13020095873159485,-0.05996709297611177,-0.08484080745463114
42,imports,low_density,important,0.01,0,120017,13,0.9134506378623464,0.8494409020631338,0.06400973579921254,0.06400973579921254,0.10842630627327796,0.024704833481923393,0.05242590632993659,0.03398709292862137,0.191958020623589,0.11343425041313354,0.007857546813550942,-0.05460044254462937
42,imports,high_density,random,0.01,1,192467,13,0.8597551361603645,0.8597680520148008,-1.2915854436301721e-05,-1.2915854436301721e-05,0.0,0.0,0.0,0.0,0.0,0.00025435780743969066,-0.00017216973362551465,-0.00012605163345157441
42,imports,mid_density,random,0.01,1,167516,13,0.9653729854223072,0.9652219003435791,0.00015108507872807486,0.00015108507872807486,0.002883306669213687,0.0004536880059218224,0.0008118627474390506,0.0013410975824951472,0.0012269274488930588,0.0025753199673003435,0.00017912107794049048,-0.0006770392288148018
42,imports,low_density,random,0.01,1,120017,13,0.9134506378623464,0.9132660561805588,0.00018458168178758783,0.00018458168178758783,0.0033495254838897823,0.0009332011298399393,0.0010081905063449345,0.001283829479934433,0.0036915003966074807,0.0030836573630659576,0.0009743702135837102,-0.0007365634589402414
42,imports,high_density,random,0.01,2,192467,13,0.8597551361603645,0.8593279656443749,0.00042717051598961664,0.00042717051598961664,0.0,0.0,0.0,0.0,0.0,0.0010482659670336153,-0.0009145387020838843,-0.0009089711379227544
42,imports,mid_density,random,0.01,2,167516,13,0.9653729854223072,0.964867671511447,0.0005053139108601723,0.0005053139108601723,0.0018863869719907352,0.00036414432054251533,0.0007641061152367535,0.0010764072701605787,0.0011547552460169966,0.0034943466969149816,-0.0014133258288072162,-0.0015903407692785913
42,imports,low_density,random,0.01,2,120017,13,0.9134506378623464,0.9125747494087594,0.0008758884535869926,0.0008758884535869926,0.005982485814509611,0.001033186965179933,0.0024996458834998375,0.0014213826384988366,0.009152480322167308,0.00576847260386547,-0.0012633576967728214,-0.000879491317995467
42,imports,high_density,random,0.01,3,192467,13,0.8597551361603645,0.8606372566671792,-0.0008821205068146876,-0.0008821205068146876,0.04125902102698125,0.0253134303542945,0.0,0.05070193878719131,0.0,0.03230606573562499,0.02418135255092284,-0.012799109252880856
42,imports,mid_density,random,0.01,3,167516,13,0.9653729854223072,0.9603092297438203,0.005063755678486936,0.005063755678486936,0.08491726163470951,0.032993863272762006,0.004542849638243511,0.09752955708487736,0.006865380798585425,0.06111652068318079,0.039654714091903694,-0.005905265369092622
42,imports,low_density,random,0.01,3,120017,13,0.9134506378623464,0.9058034808417503,0.00764715702059604,0.00764715702059604,0.09727788563286868,0.053934026012981494,0.001708091353724889,0.07419846628228201,0.006254194886814327,0.08154143859167995,0.07442047409300999,-0.022019137324668925
42,imports,high_density,random,0.01,4,192467,13,0.8597551361603645,0.8594711947947655,0.0002839413655989498,0.0002839413655989498,0.0,0.0,0.0,0.0,0.0,0.00015415398571198206,-9.235561607840825e-05,-9.764465037171284e-05
42,imports,mid_density,random,0.01,4,167516,13,0.9653729854223072,0.9650955809200243,0.00027740450228286306,0.00027740450228286306,0.00250125361159531,0.00020893526588504978,0.0005909883235034265,0.0006176107287806599,0.0008931310105912707,0.00293686328324013,-0.0006893277348067188,-0.0013180712079617302
42,imports,low_density,random,0.01,4,120017,13,0.9134506378623464,0.9127904123565647,0.0006602255057817086,0.0006602255057817086,0.004074422790104735,0.0006165793179299599,0.0018247414949548813,0.0008482444778138218,0.0066813106351821345,0.004189423011894369,-0.0013204111645089582,3.791817503564233e-05
42,imports,high_density,random,0.01,5,192467,13,0.8597551361603645,0.8597610716742481,-5.935513883614796e-06,-5.935513883614796e-06,0.0,0.0,0.0,0.0,0.0,0.0003457229529422146,0.00025005392019919714,-0.0002378546077636266
42,imports,mid_density,random,0.01,5,167516,13,0.9653729854223072,0.9650190226829867,0.0003539627393205347,0.0003539627393205347,0.0016117863368275268,0.0006387449557057237,5.372621122758423e-05,0.001888124227986589,8.119372823557007e-05,0.0030732370995135354,0.0022880005863433047,-0.001808500969610328
42,imports,low_density,random,0.01,5,120017,13,0.9134506378623464,0.9113290611211271,0.0021215767412192665,0.0021215767412192665,0.004332719531399718,0.0017830807302298842,0.00014997875300999024,0.002453031327731863,0.0005491488193300384,0.007510888950260244,0.006745731299851328,-0.005373457933440114
42,imports,high_density,random,0.01,6,192467,13,0.8597551361603645,0.859763339280702,-8.203120337557657e-06,-8.203120337557657e-06,0.0,0.0,0.0,0.0,0.0,0.00015483884739109433,0.00015483884739109433,-0.00012941341400025597
42,imports,mid_density,random,0.01,6,167516,13,0.9653729854223072,0.9654149008109314,-4.191538862419186e-05,-4.191538862419186e-05,0.005348742806657275,0.0012536115953102986,0.002011748131521765,0.0037056643726839597,0.0030402540461541235,0.0032229403306073988,0.0030135873808313945,-0.0009795766769325385
42,imports,low_density,random,0.01,6,120017,13,0.9134506378623464,0.9130956559001329,0.00035498196221350753,0.00035498196221350753,0.004499362590299707,0.00230800636576485,6.665722355999567e-05,0.003175185410194982,0.00024406614192446153,0.004923783781343986,0.004690629452472857,-0.001817965652251382
42,imports,high_density,random,0.01,7,192467,13,0.8597551361603645,0.8597504398394172,4.696320947239485e-06,4.696320947239485e-06,0.0017561452093086088,0.0,0.000945616651166174,0.0,0.0018884369552585707,0.001999173605242034,-0.0014360203639643832,-0.0014168657339019848
42,imports,mid_density,random,0.01,7,167516,13,0.9653729854223072,0.9650205817496641,0.000352403672643109,0.000352403672643109,0.010297523818620312,0.00026266147711263404,0.007635091573342248,0.0007764249161814011,0.011538530934810458,0.007983374619678811,-0.006607079520419814,-0.002097868994273621
42,imports,low_density,random,0.01,7,120017,13,0.9134506378623464,0.9127698169415319,0.0006808209208144511,0.0006808209208144511,0.011648349817109244,0.00039161118841497453,0.00692401909729455,0.0005387498710439138,0.02535237049240344,0.010486030002465249,-0.008916342187609467,0.002289264662139543
42,imports,high_density,random,0.01,8,192467,13,0.8597551361603645,0.8597705838513973,-1.5447691032788313e-05,-1.5447691032788313e-05,0.0011482487907017826,0.000145479484794796,0.0005299609803238996,0.00029139045279995003,0.001058354777122935,0.002315031282250389,0.0015231346522750708,-0.0018430201379634088
42,imports,mid_density,random,0.01,8,167516,13,0.9653729854223072,0.959932221599954,0.005440763822353256,0.005440763822353256,0.0287256142696817,0.0012953986484873087,0.022988848826380765,0.0038291865184400917,0.034741894159464486,0.02161530106240296,-0.016122795668080437,-0.01127129899175632
42,imports,low_density,random,0.01,8,120017,13,0.9134506378623464,0.9130651360919937,0.00038550177035268085,0.00038550177035268085,0.005907496438004616,0.0016331019772198938,0.0017247556596148878,0.0022467015898852576,0.006315211422295442,0.005367541872204346,0.0010318695149304042,-0.0006106327367525168
42,imports,high_density,random,0.01,9,192467,13,0.8597551361603645,0.8597501241022139,5.01205815062189e-06,5.01205815062189e-06,0.0,0.0,0.0,0.0,0.0,0.0012095219580672695,-0.00027555008038327334,-0.0006227812499145969
42,imports,mid_density,random,0.01,9,167516,13,0.9653729854223072,0.9650852146031441,0.0002877708191630912,0.0002877708191630912,0.006077031447742305,0.0015461209675493683,0.0015580601255999428,0.0045703193929768834,0.002354618118831532,0.006819611222830861,0.0016218748457066025,-0.0020993937237770554
42,imports,low_density,random,0.01,9,120017,13,0.9134506378623464,0.9119458352775496,0.0015048025847967939,0.0015048025847967939,0.011448378146429256,0.003982769107709741,0.0024246565069948422,0.005479200816148741,0.008877905912502287,0.012542568032389484,0.005731513888837938,-0.004111988766933753
42,imports,high_density,random,0.01,10,192467,13,0.8597551361603645,0.8597693206866212,-1.4184526256677543e-05,-1.4184526256677543e-05,0.0,0.0,0.0,0.0,0.0,0.0006124799931672335,-4.765460434150081e-06,-0.0001542107493328992
42,imports,mid_density,random,0.01,10,167516,13,0.9653729854223072,0.9649266231281834,0.00044636229412375883,0.00044636229412375883,0.006405358294133098,0.001134220014804556,0.0027818238257838056,0.0033527439562378684,0.004204030817530628,0.004763710999903811,4.8452711368234734e-05,-0.001955223170625435
42,imports,low_density,random,0.01,10,120017,13,0.9134506378623464,0.9121565480937639,0.0012940897685824737,0.0012940897685824737,0.010015247839889349,0.0025579709541148337,0.0034245148603947776,0.0035190683066059904,0.012538898041369212,0.008766290067195601,0.0017646172527754887,-0.0025465420332004547
42,imports,high_density,random,0.01,11,192467,13,0.8597551361603645,0.8597587687579223,-3.6325975578677117e-06,-3.6325975578677117e-06,0.0002390020107343077,0.0,0.00010910961359609699,0.0,0.0002178965717606043,0.000588805259407795,-0.0003951856123066871,-0.00041835137632307065
42,imports,mid_density,random,0.01,11,167516,13,0.9653729854223072,0.9652332338437543,0.00013975157855294906,0.00013975157855294906,0.006232240502399771,0.00023878316101148548,0.003999617946942382,0.0007058408328921829,0.006044421990870216,0.003431805649796077,-0.0017241533345499307,-0.0013351779974698475
42,imports,low_density,random,0.01,11,120017,13,0.9134506378623464,0.9132809216128209,0.0001697162495254423,0.0001697162495254423,0.005932492896839614,0.0008248831415549464,0.0023579992834348467,0.0011348135581563292,0.008633839770577826,0.005349520373926988,-0.0015137811108692039,-0.0008798712027962992
42,imports,high_density,random,0.01,12,192467,13,0.8597551361603645,0.8593295482177172,0.0004255879426472431,0.0004255879426472431,0.0,0.0,0.0,0.0,0.0,0.00018731360112126034,-8.775920719130038e-05,-2.0217059237404986e-05
42,imports,mid_density,random,0.01,12,167516,13,0.9653729854223072,0.9652023139863912,0.0001706714359159811,0.0001706714359159811,0.0012715203323861602,0.0003880226366436639,0.00019699610783447552,0.001146991353449797,0.0002977103368637569,0.0012616958557133365,0.00012789147903682384,-0.00029259367633539666
42,imports,low_density,random,0.01,12,120017,13,0.9134506378623464,0.9133832295197191,6.740834262730644e-05,6.740834262730644e-05,0.002374663589324846,0.0007332294591599523,0.0005832507061499621,0.001008723162805626,0.0021355787418390385,0.0026743156665823245,0.0009689867993696767,-0.0008264524773271842
42,imports,high_density,random,0.01,13,192467,13,0.8597551361603645,0.8628074362736265,-0.003052300113262074,-0.003052300113262074,0.0,0.0,0.0,0.0,0.0,0.0013844590222802026,0.0012933382299110652,-0.0009447940473837758
42,imports,mid_density,random,0.01,13,167516,13,0.9653729854223072,0.9650454285937895,0.0003275568285177055,0.0003275568285177055,0.001880417392965448,0.0006148666396045751,0.00025669189808734687,0.0018175401446973707,0.0003879255904588348,0.0022978504503740516,0.0014897278081996593,-0.0007085995662097578
42,imports,low_density,random,0.01,13,120017,13,0.9134506378623464,0.9129099999121462,0.0005406379502002068,0.0005406379502002068,0.004832648708099686,0.0013498087770899123,0.0007498937650499513,0.0018569676406194476,0.0027457440966501922,0.0034759390664680046,0.001910326018109553,-0.0005518079754517929
42,imports,high_density,random,0.01,14,192467,13,0.8597551361603645,0.8597633933793132,-8.257218948704015e-06,-8.257218948704015e-06,5.715265474081271e-05,5.1956958855284286e-06,0.0,1.0406801885712501e-05,0.0,0.00047630136762056544,0.0002947053665060119,3.594922375868999e-05
42,imports,mid_density,random,0.01,14,167516,13,0.9653729854223072,0.9648183980158236,0.0005545874064836198,0.0005545874064836198,0.0018983261300413094,0.0006805320088827336,0.0003342964254160797,0.002011646373742721,0.000505205420132436,0.0028842753952246806,0.00029132540849487914,-0.0012770078906774894
42,imports,low_density,random,0.01,14,120017,13,0.9134506378623464,0.9127682848661876,0.0006823529961588193,0.0006823529961588193,0.005449228026029646,0.0012081621770249215,0.0021413633068648606,0.0016621006659865427,0.007840624809323326,0.004526691931268642,7.584092481354345e-05,-0.0007725549408232771
42,imports,high_density,random,0.01,15,192467,13,0.8597551361603645,0.8596593636938034,9.577246656111704e-05,9.577246656111704e-05,0.0041669481001938,0.001444403456176903,0.0,0.0028930909242280757,0.0,0.001976845411778091,0.0019080630916935893,-0.0005855191576537139
42,imports,mid_density,random,0.01,15,167516,13,0.9653729854223072,0.9656230807468928,-0.0002500953245856419,-0.0002500953245856419,0.012649537954583442,0.0027400367726067958,0.0002746006351632083,0.008099523557437798,0.00041499016653735813,0.005000202742155357,0.002289018617877128,-0.0017884223398773073
42,imports,low_density,random,0.01,15,120017,13,0.9134506378623464,0.9130729242873734,0.0003777135749729599,0.0003777135749729599,0.005207595590624662,0.0018247414949548813,0.0007832223768299491,0.0025103451438003646,0.002867777167612423,0.004216527219455299,0.001710456594970546,-5.7038158486479195e-05
42,imports,high_density,random,0.01,16,192467,13,0.8597551361603645,0.8597590930256453,-3.956865280874133e-06,-3.956865280874133e-06,0.0041669481001938,0.001444403456176903,0.0,0.0028930909242280757,0.0,0.0015374133874974884,0.0010140735592280069,-0.0006234130477061476
42,imports,mid_density,random,0.01,16,167516,13,0.9653729854223072,0.9639991709207052,0.001373814501602011,0.001373814501602011,0.021633754387640584,0.00579646123355381,0.002143078870078082,0.017134286218457737,0.003238727604063295,0.012661629580257372,0.007560531923112637,-0.004625956171461171
42,imports,low_density,random,0.01,16,120017,13,0.9134506378623464,0.9129850278903912,0.00046560997195521647,0.00046560997195521647,0.024413208128848413,0.010223551663514335,0.0010665155769599307,0.014064810463210262,0.0039050582707913844,0.018074846928103794,0.01460264985810471,-0.00607636337076794
42,imports,high_density,random,0.01,17,192467,13,0.8597551361603645,0.8597554220947402,-2.859343757322108e-07,-2.859343757322108e-07,0.0,0.0,0.0,0.0,0.0,6.941225722961146e-05,-3.3143373147378994e-05,-6.347831215016607e-05
42,imports,mid_density,random,0.01,17,167516,13,0.9653729854223072,0.9651210071508014,0.0002519782715058039,0.0002519782715058039,0.002226652976432102,0.0002925093722390697,0.0010088588552735261,0.0008646550202929239,0.0015246377857568159,0.0016084185837611472,-0.00023408312904808098,-0.0005088050883472544
42,imports,low_density,random,0.01,17,120017,13,0.9134506378623464,0.9133033362143275,0.00014730164801890488,0.00014730164801890488,0.001799745036119883,0.0002832932001299816,0.0006999008473799546,0.00038973394926581,0.002562694490206846,0.0021699659904407284,0.00024242224120453923,-0.00029518959983536433
42,imports,high_density,random,0.01,18,192467,13,0.8597551361603645,0.860644151054649,-0.0008890148942845011,-0.0008890148942845011,0.04125902102698125,0.0253134303542945,0.0,0.05070193878719131,0.0,0.03262207828721923,0.023511563311147166,-0.01332478515706995
42,imports,mid_density,random,0.01,18,167516,13,0.9653729854223072,0.960493226754335,0.004879758667972189,0.004879758667972189,0.08276821318560615,0.031304472408605746,0.004817450273406719,0.09253573319216517,0.007280370965122783,0.05908988212504572,0.036827551338407316,-0.00666809868240664
42,imports,low_density,random,0.01,18,120017,13,0.9134506378623464,0.9061574808209538,0.007293157041392551,0.007293157041392551,0.09421998550205388,0.052050959447411616,0.0017580842713948858,0.07160788179598573,0.0064372444932576725,0.07931930412389618,0.07201947845685884,-0.022649578899506397
42,imports,high_density,random,0.01,19,192467,13,0.8597551361603645,0.8597123573326868,4.277882767766972e-05,4.277882767766972e-05,0.0,0.0,0.0,0.0,0.0,0.0006106437921359659,0.0004106366215724986,-0.00043864007338384437
42,imports,mid_density,random,0.01,19,167516,13,0.9653729854223072,0.9641485946505949,0.0012243907717123248,0.0012243907717123248,0.008160414527567515,0.003277298884882638,6.566536927815851e-05,0.00968766543144521,9.923677895458565e-05,0.010201478072248492,0.009449834400107613,-0.006174300052904384
42,imports,low_density,random,0.01,19,120017,13,0.9134506378623464,0.9116027925571291,0.0018478453052173105,0.0018478453052173105,0.011456710299374255,0.004990959614054676,0.0005749185532049626,0.006866195165006477,0.0021050704740984806,0.012009244850607378,0.010910464149682747,-0.0070990122974989335
42,imports,high_density,random,0.01,20,192467,13,0.8597551361603645,0.8554844062872057,0.004270729873158796,0.004270729873158796,0.007154473234372646,0.007097320579631833,0.0,0.014215691375883277,0.0,0.003897214208787517,0.0032169746390007118,-0.0023472764549601916
42,imports,mid_density,random,0.01,20,167516,13,0.9653729854223072,0.9611049402200809,0.004268045202226345,0.004268045202226345,0.009593113493636429,0.007366460517204327,0.00017311779173332696,0.02177518969472384,0.0002616242354257258,0.00907288374916122,0.004970148835093531,-0.003937922619799565
42,imports,low_density,random,0.01,20,120017,13,0.9134506378623464,0.909576779583795,0.0038738582785513564,0.0038738582785513564,0.009165368239499405,0.004915970237549681,0.0008248831415549464,0.006763030296083174,0.0030203185063152112,0.013026479961830041,0.010495059514034849,-0.007382788273185044
42,imports,high_density,important,0.05,0,192467,65,0.8597551361603645,0.8170037474926418,0.042751388667722656,0.042751388667722656,0.05717863322024035,0.0036214000322133144,0.04827840616833016,0.007253540914341614,0.09641404499045406,0.08963618293325323,-0.05743872133016097,-0.07586292614384424
42,imports,mid_density,important,0.05,0,167516,65,0.9653729854223072,0.8967506563832293,0.06862232903907795,0.06862232903907795,0.22640822369206523,0.006047183552615869,0.19229207956254926,0.01787541909299453,0.2906013748804648,0.2203688129534756,-0.14785284501378712,-0.1403099035452632
42,imports,low_density,important,0.05,0,120017,65,0.9134506378623464,0.8514147690458737,0.06203586881647272,0.06203586881647272,0.14957880966863027,0.016222701783913947,0.08807918878158927,0.022317999977074475,0.3225028982854354,0.13697485522359884,-0.005874435071323833,-0.07164396307912098
42,imports,high_density,random,0.05,1,192467,65,0.8597551361603645,0.8594510074823006,0.0003041286780638419,0.0003041286780638419,0.0,0.0,0.0,0.0,0.0,0.0020475870251593824,6.173979886232739e-05,-0.0004075765521828354
42,imports,mid_density,random,0.05,1,167516,65,0.9653729854223072,0.9607460616488857,0.004626923773421554,0.004626923773421554,0.024045464313856586,0.006870985458105494,0.005844217865756107,0.02031056996647256,0.008832073326958121,0.01643675354437899,0.0003098698844834925,-0.0038618568858113747
42,imports,low_density,random,0.05,1,120017,65,0.9134506378623464,0.9082854240154132,0.0051652138469331366,0.0051652138469331366,0.020130481515118693,0.005265920661239658,0.0073656232033795215,0.0072444663510585865,0.026969308682652997,0.020334862977051494,0.0008956315689443917,-0.0031843711347002085
42,imports,high_density,random,0.05,2,192467,65,0.8597551361603645,0.859765975643158,-1.0839482793567612e-05,-1.0839482793567612e-05,6.754404651186957e-05,4.6761262969755856e-05,0.0,9.366121697141251e-05,0.0,0.002602220399406446,0.0013030125736698632,-0.0020217349131687614
42,imports,mid_density,random,0.05,2,167516,65,0.9653729854223072,0.9642765842582562,0.001096401164050964,0.001096401164050964,0.010637789823061678,0.003748895627880322,0.001528212230473507,0.01108170107640727,0.0023095104920339933,0.010648660320490208,0.005133123958680486,-0.00505450648050893
42,imports,low_density,random,0.05,2,120017,65,0.9134506378623464,0.9125222799372944,0.0009283579250519702,0.0009283579250519702,0.016239366089803944,0.006024146579234608,0.0020997025421398635,0.008287577803505313,0.007688083470620538,0.015794735898181554,0.007986602641789738,-0.006053299178026054
42,imports,high_density,random,0.05,3,192467,65,0.8597551361603645,0.864160363279348,-0.004405227118983501,-0.004405227118983501,0.0005611351556370702,0.00014028378890926756,0.0,0.00028098365091423755,0.0,0.009525456606862054,0.0009196657507130389,-0.008143017688364099
42,imports,mid_density,random,0.05,3,167516,65,0.9653729854223072,0.9644480808763972,0.000924904545909988,0.000924904545909988,0.017628166861672914,0.001444638124119487,0.00955132644045942,0.004270337038997706,0.014434440575212457,0.026233896054573498,-0.017062013857369017,-0.015973476958346163
42,imports,low_density,random,0.05,3,120017,65,0.9134506378623464,0.9106756154246817,0.002775022437664698,0.002775022437664698,0.028529291683678147,0.002108034695084863,0.015422815101193997,0.0029000790930661744,0.05647080358777229,0.02511392175810211,-0.012360528996287904,-0.004740629556102098
42,imports,high_density,random,0.05,4,192467,65,0.8597551361603645,0.8593523389583538,0.00040279720201064073,0.00040279720201064073,0.0019951472200429162,0.0,0.0010547262647622709,0.0,0.002106333527019175,0.002213992258502079,-0.0021463426143181127,-0.001229192497325635
42,imports,mid_density,random,0.05,4,167516,65,0.9653729854223072,0.964554950770028,0.0008180346522792536,0.0008180346522792536,0.010601972348909954,0.0006626232718068721,0.00706798156593997,0.001958708311275807,0.010681486025657218,0.008509691620442851,-0.0063739196501787785,-0.002499163043269985
42,imports,low_density,random,0.05,4,120017,65,0.9134506378623464,0.9113638201023604,0.0020868177599859816,0.0020868177599859816,0.012389911429214195,0.0018664022596798786,0.005790846296774624,0.002567658959868866,0.021203246079687595,0.01201367860912029,-0.004045355530999922,-0.0012952233265917093
42,imports,high_density,random,0.05,5,192467,65,0.8597551361603645,0.8586710807636184,0.0010840553967460531,0.0010840553967460531,0.0006286792021489398,0.00017665366010796656,0.0,0.00035383126411422505,0.0,0.006227880589235353,0.0037932866495550463,-0.003566688686472943
42,imports,mid_density,random,0.05,5,167516,65,0.9653729854223072,0.9620563636249537,0.0033166217973534806,0.0033166217973534806,0.0350354592994102,0.013401704911769622,0.0022445617135079636,0.03961531674607376,0.0033920935351749275,0.028734215818574767,0.01673118197498643,-0.011276899126792599
42,imports,low_density,random,0.05,5,120017,65,0.9134506378623464,0.9101463356746893,0.0033043021876570933,0.0033043021876570933,0.04664339218610697,0.02261346309272853,0.002324670671654849,0.0311099393619826,0.008511806699615597,0.037751574457867705,0.031666267201857196,-0.014951596028658965
42,imports,high_density,random,0.05,6,192467,65,0.8597551361603645,0.8626210383752293,-0.002865902214864824,-0.002865902214864824,6.754404651186957e-05,4.6761262969755856e-05,0.0,9.366121697141251e-05,0.0,0.0037921468985846894,-0.0005250248008228178,-0.003578077553735957
42,imports,mid_density,random,0.05,6,167516,65,0.9653729854223072,0.9641962551127669,0.0011767303095403525,0.0011767303095403525,0.012368967740394947,0.0011580983309057045,0.00694262040640894,0.0034233280395270867,0.010492033993107554,0.01664338621500434,-0.010234666827102777,-0.008362452369612161
42,imports,low_density,random,0.05,6,120017,65,0.9134506378623464,0.9095158261707972,0.003934811691549189,0.003934811691549189,0.016464334219318928,0.0026246281776748292,0.007873884533024489,0.003610770412315593,0.028830313014827018,0.01653289710326304,-0.001871324435359607,-0.004059020021945579
42,imports,high_density,random,0.05,7,192467,65,0.8597551361603645,0.8596503890473651,0.00010474711299934825,0.00010474711299934825,5.715265474081271e-05,5.1956958855284286e-06,0.0,1.0406801885712501e-05,0.0,0.0029412698019970376,0.001965990821301047,-0.001730658972669895
42,imports,mid_density,random,0.05,7,167516,65,0.9653729854223072,0.964910395287327,0.00046259013498017865,0.00046259013498017865,0.006924711669333079,0.001402851070942477,0.0022027746603309533,0.004146814893241574,0.003328942857658373,0.008694052608050928,0.0007682384430652435,-0.004152768408270497
42,imports,low_density,random,0.05,7,120017,65,0.9134506378623464,0.9116738245849241,0.0017768132774222956,0.0017768132774222956,0.013748052359249106,0.004699334260979695,0.002891257071914812,0.006464998452526966,0.010586368905973519,0.01456988489207573,0.007313007126568859,-0.005998889833631168
42,imports,high_density,random,0.05,8,192467,65,0.8597551361603645,0.8597392645349063,1.5871625458130367e-05,1.5871625458130367e-05,0.0015950786368572275,0.0002649804901619498,0.0005299609803238996,0.0005307468961713376,0.001058354777122935,0.0030645564811723246,0.0018675625234793325,-0.0022731664465304906
42,imports,mid_density,random,0.05,8,167516,65,0.9653729854223072,0.9579843294082742,0.007388656014033046,0.007388656014033046,0.04127963895986055,0.00546216480813773,0.026266147711263402,0.01614610905240868,0.039694711581834255,0.030968057898816827,-0.009710272542541733,-0.017179476736305592
42,imports,low_density,random,0.05,8,120017,65,0.9134506378623464,0.9120937875592545,0.00135685030309185,0.00135685030309185,0.02078872159777365,0.00829882433321946,0.002741278318904822,0.011416912160845493,0.01003722008664348,0.018006638490926107,0.012199707520847107,-0.0074561090277170845
42,imports,high_density,random,0.05,9,192467,65,0.8597551361603645,0.8597287378738221,2.6398286542383964e-05,2.6398286542383964e-05,0.0022861061896325085,0.0,0.0014755776314900736,0.0,0.002946791732381506,0.0022704107315695055,-0.0008174407889923441,-0.0019323048018905083
42,imports,mid_density,random,0.05,9,167516,65,0.9653729854223072,0.9588823365318311,0.006490648890476125,0.006490648890476125,0.037106903221184845,0.0016535733900045369,0.029197211012679386,0.004887947767778366,0.04412428053335258,0.03242901494136197,-0.026409607598011912,-0.01859798977624066
42,imports,low_density,random,0.05,9,120017,65,0.9134506378623464,0.9107231401850457,0.0027274976773006276,0.0027274976773006276,0.017572510561003857,0.002941249989584809,0.007240640909204529,0.004046355414436204,0.026511684666544633,0.017560500229613012,-0.0031782000453307257,-0.0035844310963366035
42,imports,high_density,random,0.05,10,192467,65,0.8597551361603645,0.8597038232497883,5.131291057614007e-05,5.131291057614007e-05,0.0017561452093086088,0.0,0.000945616651166174,0.0,0.0018884369552585707,0.002883909168213764,-0.000694331484438651,-0.0025818769672429596
42,imports,mid_density,random,0.05,10,167516,65,0.9653729854223072,0.9638832897697294,0.0014896956525778382,0.0014896956525778382,0.018816113087705054,0.005468134387163017,0.00673368514052389,0.016163755073230986,0.010176280605524782,0.01432325670172215,0.0003226098129680144,-0.005095266622104877
42,imports,low_density,random,0.05,10,120017,65,0.9134506378623464,0.9116458177860121,0.0018048200763343125,0.0018048200763343125,0.018030778972978827,0.005140938367064666,0.005782514143829624,0.0070725249028530815,0.021172737811947038,0.01771278485848643,0.0030169133687606583,-0.0027312471599632814
42,imports,high_density,random,0.05,11,192467,65,0.8597551361603645,0.8586764349063997,0.0010787012539648089,0.0010787012539648089,0.0629094857819782,0.0430047748445188,0.0,0.08613709920804237,0.0,0.03774309401922263,0.02657470053583109,-0.013546348440374882
42,imports,mid_density,random,0.05,11,167516,65,0.9653729854223072,0.9573721013478447,0.008000884074462533,0.008000884074462533,0.09409847417560113,0.039082833878554886,0.005939731130160701,0.11552849832362802,0.008976417732710247,0.06982197006070434,0.04415804295070697,-0.010427749352785716
42,imports,low_density,random,0.05,11,120017,65,0.9134506378623464,0.9020305431742989,0.0114200946880475,0.0114200946880475,0.11124257396868777,0.06407425614704583,0.0027912712365748184,0.08814864911335527,0.010220269693086826,0.09408953466576185,0.08483705258328826,-0.026963158724586704
42,imports,high_density,random,0.05,12,192467,65,0.8597551361603645,0.8596742166240576,8.09195363068449e-05,8.09195363068449e-05,5.715265474081271e-05,5.1956958855284286e-06,0.0,1.0406801885712501e-05,0.0,0.0038939469044463344,0.000349701149989198,-0.002703534147138625
42,imports,mid_density,random,0.05,12,167516,65,0.9653729854223072,0.9639677424384343,0.0014052429838729008,0.0014052429838729008,0.014392655029967286,0.0017371474963585568,0.00842307600468015,0.00513499205929063,0.012729372282265486,0.014016866949607031,-0.006098751582225309,-0.004047504769751236
42,imports,low_density,random,0.05,12,120017,65,0.9134506378623464,0.9108444565273117,0.002606181335034652,0.002606181335034652,0.01768082854928885,0.0024663172717198398,0.008415474474449453,0.003392977911255287,0.030813350417963268,0.015595577720313732,-0.006204859063660595,0.000984135430476738
42,imports,high_density,random,0.05,13,192467,65,0.8597551361603645,0.8629619626393704,-0.003206826479005942,-0.003206826479005942,6.754404651186957e-05,4.6761262969755856e-05,0.0,9.366121697141251e-05,0.0,0.0031518699446711346,1.0928601473691312e-05,-0.0026805725855846264
42,imports,mid_density,random,0.05,13,167516,65,0.9653729854223072,0.9626273226244977,0.0027456627978095227,0.0027456627978095227,0.026976527615272573,0.003265359726832064,0.01742520117481315,0.0096523733898006,0.026333832524403227,0.0196192834264579,-0.01132311716421287,-0.006352159758451006
42,imports,low_density,random,0.05,13,120017,65,0.9134506378623464,0.9109315884603122,0.002519049402034179,0.002519049402034179,0.021613604739328596,0.002491313730554838,0.010998441887399285,0.003427366200896388,0.04027091341753615,0.02147168859070816,-0.007844375890196754,-0.0012604874852264725
42,imports,high_density,random,0.05,14,192467,65,0.8597551361603645,0.8575923309180866,0.0021628052422778543,0.0021628052422778543,0.001065117656533328,0.0002649804901619498,0.0,0.0005307468961713376,0.0,0.0025031163857540265,0.001468705263529652,-0.001994417301773524
42,imports,mid_density,random,0.05,14,167516,65,0.9653729854223072,0.9639233886749391,0.0014495967473681093,0.0014495967473681093,0.012870412378519066,0.005348742806657275,0.0025490102437976075,0.015810834656784897,0.0038521913285098244,0.013081452976670335,0.004031924101496712,-0.006983020987259203
42,imports,low_density,random,0.05,14,120017,65,0.9134506378623464,0.9097941914265553,0.0036564464357911053,0.0036564464357911053,0.01861402967912879,0.0073906196622145195,0.002108034695084863,0.01016747097055216,0.007718591738361096,0.021878229875521057,0.014755049652234552,-0.011334606690847087
42,imports,high_density,random,0.05,15,192467,65,0.8597551361603645,0.8628689644273337,-0.003113828266969265,-0.003113828266969265,0.0005611351556370702,0.00014028378890926756,0.0,0.00028098365091423755,0.0,0.00566246464779591,0.0015872555760823633,-0.004495212278053296
42,imports,mid_density,random,0.05,15,167516,65,0.9653729854223072,0.9627033665056428,0.0026696189166643958,0.0026696189166643958,0.020774135007999236,0.005408438596910146,0.00892452064280427,0.01598729486500794,0.013487180412464139,0.019488530554424604,-0.0036474944205341802,-0.009442400897366875
42,imports,low_density,random,0.05,15,120017,65,0.9134506378623464,0.909814631221061,0.003636006641285383,0.003636006641285383,0.022188523292533558,0.006340768391144588,0.006340768391144588,0.008723162805625925,0.023216791750564403,0.02133382633387141,0.004319506612929139,-0.005826300177710657
42,imports,high_density,random,0.05,16,192467,65,0.8597551361603645,0.8609234642354756,-0.0011683280751111358,-0.0011683280751111358,0.04188770022913019,0.025858978422274987,0.0,0.05179465298519112,0.0,0.032257033424436005,0.027001463036557725,-0.011609524643205442
42,imports,mid_density,random,0.05,16,167516,65,0.9653729854223072,0.958678501239585,0.006694484182722227,0.006694484182722227,0.10148284342988133,0.04659853387139139,0.0018445999188137253,0.13774483853890948,0.0027876513360879057,0.07590627901122841,0.05892732988126585,-0.009775107252035722
42,imports,low_density,random,0.05,16,120017,65,0.9134506378623464,0.9067513658206899,0.006699272041656434,0.006699272041656434,0.1215411150087071,0.07138155427981036,0.0006499079297099578,0.09820149245177043,0.0023796448837635,0.1039014271787148,0.10066064650987458,-0.03235943478537621
42,imports,high_density,random,0.05,17,192467,65,0.8597551361603645,0.8592358191885147,0.0005193169718498147,0.0005193169718498147,0.0005611351556370702,0.0001298923971382107,0.0,0.00026017004714281255,0.0,0.0027046466967834935,0.0008045834618601996,-0.0010382017716397565
42,imports,mid_density,random,0.05,17,167516,65,0.9653729854223072,0.962796956752151,0.0025760286701561608,0.0025760286701561608,0.019031017932615392,0.006196423028248048,0.0039578308937653715,0.018316569613552144,0.005981271313353661,0.014110168758072228,0.004931663045312465,-0.005935181779040764
42,imports,low_density,random,0.05,17,120017,65,0.9134506378623464,0.9109082829750029,0.0025423548873434454,0.0025423548873434454,0.017630835631618855,0.006065807343959606,0.003166218119099794,0.008344891619573814,0.011593141741411923,0.016516933937004614,0.007738199712162148,-0.005863661577140493
42,imports,high_density,random,0.05,18,192467,65,0.8597551361603645,0.8543334301526422,0.005421706007722293,0.005421706007722293,0.07527524198953586,0.0518322621540316,0.003434354980334291,0.10381825561186792,0.0068585539968456875,0.04367084787139549,0.03197145396186824,-0.013771866813461877
42,imports,mid_density,random,0.05,18,167516,65,0.9653729854223072,0.9529272892501074,0.012445696172199816,0.012445696172199816,0.11303397884381193,0.053744119964660095,0.005694978390123929,0.15886712546320805,0.008606535192970428,0.08515162265894767,0.052417895276170884,-0.024552635258923438
42,imports,low_density,random,0.05,18,120017,65,0.9134506378623464,0.8920925867772809,0.0213580510850655,0.0213580510850655,0.1277402367997867,0.07771399051800995,0.003724472366414758,0.10691319249418264,0.013637195680029288,0.11057189013703118,0.1002796222674913,-0.04507862292708661
42,imports,high_density,random,0.05,19,192467,65,0.8597551361603645,0.8597359165759489,1.9219584415530733e-05,1.9219584415530733e-05,0.0017561452093086088,0.0,0.000945616651166174,0.0,0.0018884369552585707,0.0030118455804011173,-0.0020660364774290436,-0.002403951243653508
42,imports,mid_density,random,0.05,19,167516,65,0.9653729854223072,0.9623104076777163,0.0030625777445909552,0.0030625777445909552,0.024296186632918645,0.0019699610783447553,0.016870030325461447,0.005823186871360508,0.025494830665969002,0.02100408911289982,-0.01426998364311813,-0.0077111292117664956
42,imports,low_density,random,0.05,19,120017,65,0.9134506378623464,0.9100097013766515,0.0034409364856948788,0.0034409364856948788,0.019155619620553756,0.0016664305889998916,0.010515177016589317,0.002292552642740059,0.038501433888583805,0.0182253374791241,-0.006840922213524159,-0.0022858332701465155
42,imports,high_density,random,0.05,20,192467,65,0.8597551361603645,0.8609590506474066,-0.001203914487042157,-0.001203914487042157,0.04135254355292076,0.025406952880234014,0.0,0.05088926122113413,0.0,0.033963409559502424,0.025245666177491414,-0.013797004063158015
42,imports,mid_density,random,0.05,20,167516,65,0.9653729854223072,0.9586267250547047,0.006746260367602508,0.006746260367602508,0.0919792736216242,0.03770386112371356,0.004154827001599847,0.11145226751367567,0.006278981650217418,0.06697712539240257,0.04175233604504981,-0.010855931972857797
42,imports,low_density,random,0.05,20,120017,65,0.9134506378623464,0.9031430311319018,0.010307606730444618,0.010307606730444618,0.10896789621470292,0.060241465792346086,0.003732804519359757,0.08287577803505312,0.013667703947769845,0.09388391297539347,0.0811409807719285,-0.02884630393954108
42,imports,high_density,important,0.1,0,192467,129,0.8597551361603645,0.8123938087456333,0.0473613274147312,0.0473613274147312,0.12918578249777884,0.02825938992138912,0.08506393303787142,0.0566025954563903,0.16987631775545778,0.12895969146366118,-0.08594994917072193,-0.10788262099336787
42,imports,mid_density,important,0.1,0,167516,129,0.9653729854223072,0.883452940898031,0.08192004452427626,0.08192004452427626,0.3554347047446214,0.007169464409369851,0.2982640464194465,0.02119287100758779,0.450751493062447,0.27580586821005665,-0.18720285604395973,-0.1874013959386483
42,imports,low_density,important,0.1,0,120017,129,0.9134506378623464,0.8340398484271176,0.07941078943522872,0.07941078943522872,0.18422390161393803,0.014739578559704042,0.12255763766799703,0.02027762812503582,0.4487461101958631,0.15679767882359338,-0.004518528247574359,-0.08919777494759602
42,imports,high_density,random,0.1,1,192467,129,0.8597551361603645,0.8598415079944184,-8.637183405391102e-05,-8.637183405391102e-05,0.0005507437638660134,9.871822182504013e-05,0.0,0.00019772923582853753,0.0,0.005012644719161236,0.0015134497095638123,-0.0030126493575460987
42,imports,mid_density,random,0.1,1,167516,129,0.9653729854223072,0.9624248782900395,0.0029481071322676744,0.0029481071322676744,0.019735428257599275,0.005133837961746938,0.008309654003199694,0.015175577907181931,0.012557963300434837,0.020855802475717715,-0.0046415028514265435,-0.012313453561172086
42,imports,low_density,random,0.1,1,120017,129,0.9134506378623464,0.9104028035486245,0.003047834313721909,0.003047834313721909,0.02810435188348317,0.007640584250564504,0.007557262721114509,0.01051135386696317,0.027670998840685825,0.024829721156172078,0.0043697438803055695,-0.0064279197664363855
42,imports,high_density,random,0.1,2,192467,129,0.8597551361603645,0.8621473262086049,-0.002392190048240428,-0.002392190048240428,0.03857284625416305,0.026653919892760836,0.0012521627084123512,0.05338689367370513,0.0025006225616336017,0.017701682928382038,0.011463111478090794,-0.014987853676402587
42,imports,mid_density,random,0.1,2,167516,129,0.9653729854223072,0.9611607238757329,0.004212261546574281,0.004212261546574281,0.02950165954296903,0.006327753766804365,0.011927218892523699,0.018704782071642844,0.018025007668296556,0.03259460798451384,-0.015320270251968344,-0.019817839269460836
42,imports,low_density,random,0.1,2,120017,129,0.9134506378623464,0.9098230693507084,0.003627568511637924,0.003627568511637924,0.0261129673296283,0.0031328895073197962,0.013164801653099144,0.00430999896835131,0.04820306303008115,0.024615060768207353,-0.007252863398652037,-0.004372119838219296
42,imports,high_density,random,0.1,3,192467,129,0.8597551361603645,0.8597668787984142,-1.1742638049705434e-05,-1.1742638049705434e-05,0.00472808325583087,0.0015846872450861705,0.0,0.003174074575142313,0.0,0.009207440682032839,0.004503923000671911,-0.007945414861835774
42,imports,mid_density,random,0.1,3,167516,129,0.9653729854223072,0.9629907966495936,0.002382188772713567,0.002382188772713567,0.032492418634637886,0.008978246854031854,0.00850665011103417,0.026539615316746073,0.012855673637298594,0.02211666774753836,0.0031082778480940806,-0.013516435749055138
42,imports,low_density,random,0.1,3,120017,129,0.9134506378623464,0.9092433524633906,0.004207285398955762,0.004207285398955762,0.02908754593099311,0.01094011681678429,0.004949298849329678,0.015050608099588487,0.018121911037891267,0.026344953204432787,0.013274335907359764,-0.010013798460341086
42,imports,high_density,random,0.1,4,192467,129,0.8597551361603645,0.8573932181183773,0.0023619180419871544,0.0023619180419871544,0.008172829627936218,0.00011430530948162542,0.006395901635085495,0.00022894964148567504,0.01277288951606209,0.013785056331280712,-0.008784659201650407,-0.008266484277373387
42,imports,mid_density,random,0.1,4,167516,129,0.9653729854223072,0.9500244674847653,0.015348517937541883,0.015348517937541883,0.05571408104300485,0.003617564889324005,0.03981112251963991,0.010693488618316569,0.060164552622557425,0.07040288941944456,-0.04514950040926276,-0.030286214368417587
42,imports,low_density,random,0.1,4,120017,129,0.9134506378623464,0.8906908784201792,0.022759759442167127,0.022759759442167127,0.07584758825833007,0.0045326912020797056,0.04934300974028679,0.00623574318825296,0.18066996155958265,0.06876613265306304,-0.04115674735717488,-9.022668002723796e-05
42,imports,high_density,random,0.1,5,192467,129,0.8597551361603645,0.8563566555791826,0.003398480581181862,0.003398480581181862,0.0005611351556370702,0.0001298923971382107,0.0,0.00026017004714281255,0.0,0.006011002127201534,0.0030559430585246302,-0.0035849860651985255
42,imports,mid_density,random,0.1,5,167516,129,0.9653729854223072,0.9580002075794561,0.007372777842851064,0.007372777842851064,0.03137610735690919,0.01282265574631677,0.007617182836266386,0.037903652726310216,0.011511466358731934,0.0336926794371286,0.013397115808550934,-0.02055716026351834
42,imports,low_density,random,0.1,5,120017,129,0.9134506378623464,0.9079419529014077,0.005508684960938703,0.005508684960938703,0.039927676912437406,0.015406150795303998,0.006315771932309589,0.021194649182131844,0.02312526694734273,0.037211149878082266,0.024332153213689187,-0.01899336991892741
42,imports,high_density,random,0.1,6,192467,129,0.8597551361603645,0.8573702981241729,0.0023848380361916055,0.0023848380361916055,0.0016158614203993411,9.352252593951171e-05,0.0009767908264793445,0.00018732243394282503,0.0019506931186187432,0.00964794677892977,-0.0015574988880546782,-0.006959551200990583
42,imports,mid_density,random,0.1,6,167516,129,0.9653729854223072,0.9567547341859213,0.008618251236385932,0.008618251236385932,0.06536689032689415,0.0010864633826022589,0.0537859070178371,0.003211575789659432,0.08128394348916515,0.05803783802172124,-0.045097777088579746,-0.026006856010044117
42,imports,low_density,random,0.1,6,120017,129,0.9134506378623464,0.9045164431309988,0.0089341947313476,0.0089341947313476,0.04113583908946233,0.001908063024404876,0.026779539565228258,0.0026249727759373675,0.09805357251815242,0.035640623555649446,-0.02161510550093078,-0.0007857398676770223
42,imports,high_density,random,0.1,7,192467,129,0.8597551361603645,0.8619165587026122,-0.002161422542247715,-0.002161422542247715,0.010484914296996368,0.004348797456187294,0.000800137166371378,0.008710493178341364,0.0015979081929110982,0.007087383334513167,0.0023837852346663335,-0.004121888140279353
42,imports,mid_density,random,0.1,7,167516,129,0.9653729854223072,0.9557054800833136,0.009667505338993632,0.009667505338993632,0.04856252537071086,0.00452494090116765,0.03383557391532749,0.013375683783306865,0.05113400573769013,0.0423975440261892,-0.023608940265987192,-0.02405363363233058
42,imports,low_density,random,0.1,7,120017,129,0.9134506378623464,0.9081326924349877,0.005317945427358639,0.005317945427358639,0.03290367197980286,0.008998725180599415,0.010690152228434306,0.012379784270796319,0.03914210751113552,0.0290611062172827,0.006940672588844074,-0.009693979631911376
42,imports,high_density,random,0.1,8,192467,129,0.8597551361603645,0.8595704729809046,0.0001846631794598652,0.0001846631794598652,0.000945616651166174,0.00017145796422243814,0.00027017618604747827,0.00034342446222851257,0.000539553415788163,0.00750614332985532,-0.0002622991495137722,-0.006275225815179795
42,imports,mid_density,random,0.1,8,167516,129,0.9653729854223072,0.9621835270156288,0.0031894584066783915,0.0031894584066783915,0.02495284032570023,0.003360872991236658,0.013497218176174216,0.009934709722957473,0.0203976688378471,0.02792919675785565,-0.008777799113059747,-0.016760558502862174
42,imports,low_density,random,0.1,8,120017,129,0.9134506378623464,0.9055764525247014,0.007874185337644946,0.007874185337644946,0.040952531724672336,0.006024146579234608,0.020355449644633677,0.008287577803505313,0.07453169809018244,0.03525854746837423,-0.007824621798220036,-0.008852705545946681
42,imports,high_density,random,0.1,9,192467,129,0.8597551361603645,0.8628545592953634,-0.003099423134998891,-0.003099423134998891,0.0,0.0,0.0,0.0,0.0,0.005433829832165968,0.001392817032956223,-0.004788958349088783
42,imports,mid_density,random,0.1,9,167516,129,0.9653729854223072,0.962202801511723,0.0031701839105842122,0.0031701839105842122,0.024654361374435874,0.006721745982473316,0.007802239786050288,0.019869419445914947,0.011791133644876675,0.03002483521914659,0.008936479309248234,-0.018586518718291103
42,imports,low_density,random,0.1,9,120017,129,0.9134506378623464,0.9107579925385951,0.0026926453237512415,0.0026926453237512415,0.036503162052042626,0.014697917794979044,0.004416041060849713,0.02022031430896732,0.016169381902495575,0.036032268397004144,0.02346761285764416,-0.018100636630161294
42,imports,high_density,random,0.1,10,192467,129,0.8597551361603645,0.8650336038392891,-0.005278467678924592,-0.005278467678924592,0.0022757147978614517,0.0012781411878399933,0.0,0.0025600732638852756,0.0,0.013935630460482835,0.011112996488436565,-0.012809725141137072
42,imports,mid_density,random,0.1,10,167516,129,0.9653729854223072,0.9619147138964517,0.0034582715258555385,0.0034582715258555385,0.03259390147806777,0.010578094032808806,0.00804699252608706,0.0312687488971237,0.012161016184616494,0.025441207342961233,0.00991044546523286,-0.012342809200849042
42,imports,low_density,random,0.1,10,120017,129,0.9134506378623464,0.9112872523551717,0.0021633855071746533,0.0021633855071746533,0.0338452052625878,0.014439621053684062,0.002832932001299816,0.01986496864934261,0.010372811031789615,0.03189888866152672,0.022974786019302095,-0.013460094943409738
42,imports,high_density,random,0.1,11,192467,129,0.8597551361603645,0.8647192185072808,-0.004964082346916365,-0.004964082346916365,0.005252848540269241,0.0017249710339954382,0.0,0.0034550582260565506,0.0,0.010092910562506809,0.004613184649473208,-0.008224124829200664
42,imports,mid_density,random,0.1,11,167516,129,0.9653729854223072,0.9596816643739066,0.005691321048400644,0.005691321048400644,0.05343370185534516,0.010655698560137539,0.017383414121636142,0.031498147167813656,0.026270681846886672,0.03489830327069329,-0.003237676304900153,-0.016084290670454124
42,imports,low_density,random,0.1,11,120017,129,0.9134506378623464,0.9040220576996416,0.009428580162704758,0.009428580162704758,0.040710899289267355,0.012873176300024164,0.012698201088179175,0.017709969165166956,0.04649460003660992,0.03562993193737314,0.009368749272305833,-0.009707474425446616
42,imports,high_density,random,0.1,12,192467,129,0.8597551361603645,0.8654072749321746,-0.005652138771810145,-0.005652138771810145,0.001324902450809749,0.00011430530948162542,0.0008936596923108897,0.00022894964148567504,0.0017846766829916162,0.017643360132013394,0.008626767185075535,-0.016490995062142643
42,imports,mid_density,random,0.1,12,167516,129,0.9653729854223072,0.9577016767565909,0.007671308665716303,0.007671308665716303,0.04305857350939612,0.008679767902767498,0.02512595811743356,0.025657314275630845,0.03797160023816827,0.03790934937965443,-0.015252291349943322,-0.01697299689056829
42,imports,low_density,random,0.1,12,120017,129,0.9134506378623464,0.9036949487726286,0.0097556890897178,0.0097556890897178,0.03963605155936242,0.005890832132114617,0.021930226551238576,0.008104173592086109,0.08029776069314784,0.03434441376095157,-0.011004276504851616,-0.0034557933489162067
42,imports,high_density,random,0.1,13,192467,129,0.8597551361603645,0.8597104765151056,4.465964525890431e-05,4.465964525890431e-05,0.04201239693038287,0.025978479427642143,0.0,0.05203400942856251,0.0,0.035599404906591366,0.025263701485072253,-0.013857201712613723
42,imports,mid_density,random,0.1,13,167516,129,0.9653729854223072,0.9545896027243397,0.010783382697967525,0.010783382697967525,0.09034957854772081,0.03830678860526756,0.006578476085866425,0.11323451561672843,0.00994172094617758,0.07480175403949062,0.04003672003694853,-0.020973104773233567
42,imports,low_density,random,0.1,13,120017,129,0.9134506378623464,0.9017835777695025,0.011667060092843906,0.011667060092843906,0.1217244223734971,0.07050667822058541,0.0033661897897797814,0.09699790231433189,0.012325340167185308,0.10293915015674043,0.09478945709422586,-0.0333511147320134
42,imports,high_density,random,0.1,14,192467,129,0.8597551361603645,0.8639690449988896,-0.004213908838525127,-0.004213908838525127,0.004603386554578187,0.0015327302862308864,0.0,0.003070006556285188,0.0,0.016253756183786352,-0.0004328346161025936,-0.013625515715845258
42,imports,mid_density,random,0.1,14,167516,129,0.9653729854223072,0.9617938000651873,0.003579185357119874,0.003579185357119874,0.054221686286683064,0.00702619451276296,0.02433200410707037,0.02076936650785248,0.03677173736535373,0.060285897130131355,-0.0345050165909652,-0.04129058166416905
42,imports,low_density,random,0.1,14,120017,129,0.9134506378623464,0.9034315748443904,0.010019063017955965,0.010019063017955965,0.05875001041519118,0.0062657790146395925,0.03174550272044794,0.00861999793670262,0.11623650009152481,0.05038815547149919,-0.023294073708483392,-0.01106424287622805
42,imports,high_density,random,0.1,15,192467,129,0.8597551361603645,0.8582282905424492,0.0015268456179152734,0.0015268456179152734,0.0013664680178939767,0.0005611351556370702,0.0,0.0011239346036569502,0.0,0.0076168925929860345,0.0029842520132651027,-0.004509258269506828
42,imports,mid_density,random,0.1,15,167516,129,0.9653729854223072,0.9602450361862505,0.00512794923605675,0.00512794923605675,0.03254017526684018,0.013539005229351225,0.0052472599632273935,0.040021175224986764,0.007929920791007343,0.03527491564596717,0.01368778658234782,-0.018509165372680787
42,imports,low_density,random,0.1,15,120017,129,0.9134506378623464,0.9029127368820427,0.010537900980303716,0.010537900980303716,0.0431438879492072,0.019897181232658708,0.005399235108359649,0.027373078554316303,0.019769357495881382,0.04399414816586603,0.03313845916030126,-0.02079551657019039
42,imports,high_density,random,0.1,16,192467,129,0.8597551361603645,0.859754199206974,9.369533904290961e-07,9.369533904290961e-07,0.002670587685161612,0.00039487288730016053,0.000945616651166174,0.0007909169433141501,0.0018884369552585707,0.003739226910597166,0.0005359916996167912,-0.002319241566979849
42,imports,mid_density,random,0.1,16,167516,129,0.9653729854223072,0.9626888550151599,0.0026841304071473227,0.0026841304071473227,0.014828434298813248,0.0037250173117791734,0.005098020487595215,0.011011116993118053,0.007704382657019649,0.014646110057283074,-0.0003440235216122158,-0.006456574887592661
42,imports,low_density,random,0.1,16,120017,129,0.9134506378623464,0.9104354441672924,0.003015193695053986,0.003015193695053986,0.01753918194922386,0.004349383837289718,0.006815701109009557,0.005983562397551554,0.02495576301177619,0.01787512170992823,0.002364403094534273,-0.004846722039959245
42,imports,high_density,random,0.1,17,192467,129,0.8597551361603645,0.8596273488700186,0.0001277872903459043,0.0001277872903459043,0.0024367813703128328,0.0,0.0015223388944598294,0.0,0.0030401759774217646,0.0062923636594000255,-0.004845508472650613,-0.003441706866690399
42,imports,mid_density,random,0.1,17,167516,129,0.9653729854223072,0.9602037996805428,0.005169185741764393,0.005169185741764393,0.03767401322858712,0.0006924711669333078,0.03048067050311612,0.0020469384153873303,0.04606390848564675,0.03410854498754697,-0.02561256323090907,-0.00804926426002053
42,imports,low_density,random,0.1,17,120017,129,0.9134506378623464,0.9023737649457525,0.011076872916593872,0.011076872916593872,0.035311664180907705,0.0025413066482248346,0.022680120316288525,0.00349614278017859,0.08304350478979804,0.035435864914132705,-0.015722740002094553,-0.0006719047992470283
42,imports,high_density,random,0.1,18,192467,129,0.8597551361603645,0.8620347577430117,-0.002279621582647273,-0.002279621582647273,0.006603729470506632,0.0024315856744273044,0.0005299609803238996,0.004870383282513451,0.001058354777122935,0.016256744911417226,0.01133285068869236,-0.014332031496006162
42,imports,mid_density,random,0.1,18,167516,129,0.9653729854223072,0.9522010640203831,0.013171921401924136,0.013171921401924136,0.07170658325174908,0.011963036366675422,0.03959621767472958,0.03536262572789836,0.05983977770961514,0.05098738933664356,-0.027256393339431712,-0.02483842230101965
42,imports,low_density,random,0.1,18,120017,129,0.9134506378623464,0.9066047270461737,0.006845910816172696,0.006845910816172696,0.033820208803752805,0.007215644450369531,0.01368972728863411,0.009926752943064455,0.05012508389773629,0.02983672500824345,-0.003678633197319845,-0.004721376759675116
42,imports,high_density,random,0.1,19,192467,129,0.8597551361603645,0.8569865649055824,0.0027685712547820263,0.0027685712547820263,0.0008780726046543044,0.00012469670125268227,0.00027017618604747827,0.0002497632452571,0.000539553415788163,0.0032891760713391173,-0.0008215835037418479,-0.002721701578364191
42,imports,mid_density,random,0.1,19,167516,129,0.9653729854223072,0.9615158931465638,0.003857092275743379,0.003857092275743379,0.020983070273884286,0.0037250173117791734,0.011121325724109937,0.011011116993118053,0.016807101744763006,0.02187087250992796,-0.0055026491737001,-0.013913636396117217
42,imports,low_density,random,0.1,19,120017,129,0.9134506378623464,0.9083634470768102,0.005087190785536211,0.005087190785536211,0.024721497787813393,0.006249114708749594,0.008507128156844446,0.00859707241027522,0.031148941363109403,0.02370926582573195,0.006046554342486132,-0.008822138275859374
42,imports,high_density,random,0.1,20,192467,129,0.8597551361603645,0.851489111123987,0.008266025036377522,0.008266025036377522,0.007819522307720284,0.0001298923971382107,0.005102173359588917,0.00026017004714281255,0.010189258736614925,0.0073891685084097125,-0.006021035172208601,-0.0016907399616579314
42,imports,mid_density,random,0.1,20,167516,129,0.9653729854223072,0.9566452631415296,0.008727722280777561,0.008727722280777561,0.04130948685498698,0.0016356646529286755,0.03158504262279424,0.004835009705311452,0.04773289067715569,0.04547594884476391,-0.0382966842658419,-0.007110693575410451
42,imports,low_density,random,0.1,20,120017,129,0.9134506378623464,0.9030266955207686,0.01042394234157773,0.01042394234157773,0.051642683953106644,0.0024996458834998375,0.03262871093261788,0.0034388289641100883,0.11947037647202392,0.04717902294436521,-0.03365258490354633,0.005625545605984736
77,header,high_density,important,0.01,0,120000,1,0.999509432312906,0.9993010866149379,0.0002083456979681264,0.0002083456979681264,5e-05,5e-05,0.0,0.0002242236256960275,0.0,0.006379184916676869,0.0063738749094991165,-0.00461838253826993
77,header,mid_density,important,0.01,0,240000,1,0.9745917084693119,0.9594810842016521,0.015110624267659745,0.015110624267659745,0.048329166666666666,0.03804166666666667,3.75e-05,0.05689040652027617,0.00011318476784546506,0.06256130400050007,0.062386713595766606,-0.045147351398270565
77,header,low_density,important,0.01,0,120000,1,0.9517044025826116,0.9318638806116946,0.019840521970917013,0.019840521970917013,0.06924166666666667,0.047466666666666664,0.000125,0.10796671531739864,0.00022307154648067457,0.07139712139775585,0.0711709844981823,-0.040652594177218476
77,header,high_density,random,0.01,1,120000,1,0.999509432312906,0.9994608648758294,4.85674370765965e-05,4.85674370765965e-05,0.01425,0.010158333333333333,0.0,0.045554766620576254,0.0,0.02475429025309043,0.02475429025309043,0.0007136751585846054
77,header,mid_density,random,0.01,1,240000,1,0.9745917084693119,0.973981573284767,0.000610135184544891,0.000610135184544891,0.13488333333333333,0.08939166666666666,0.0,0.1336831085964956,0.0,0.1368144593888896,0.1368144593888896,-0.01896655687703239
77,header,low_density,random,0.01,1,120000,1,0.9517044025826116,0.949477539506796,0.002226863075815544,0.002226863075815544,0.16384166666666666,0.099625,0.0,0.22660500028432246,0.0,0.1644990566367881,0.16449905620295888,0.018128002457087213
77,header,high_density,random,0.01,2,120000,1,0.999509432312906,0.999509432312906,0.0,0.0,0.0,0.0,0.0,0.0,0.0,0.0,0.0,0.0
77,header,mid_density,random,0.01,2,240000,1,0.9745917084693119,0.9745917084693119,0.0,0.0,0.0,0.0,0.0,0.0,0.0,0.0,0.0,0.0
77,header,low_density,random,0.01,2,120000,1,0.9517044025826116,0.9517044025826116,0.0,0.0,0.0,0.0,0.0,0.0,0.0,0.0,0.0,0.0
77,header,high_density,random,0.01,3,120000,1,0.999509432312906,0.999509432312906,0.0,0.0,0.0,0.0,0.0,0.0,0.0,0.0,0.0,0.0
77,header,mid_density,random,0.01,3,240000,1,0.9745917084693119,0.9745917084693119,0.0,0.0,0.0,0.0,0.0,0.0,0.0,0.0,0.0,0.0
77,header,low_density,random,0.01,3,120000,1,0.9517044025826116,0.9517044025826116,0.0,0.0,0.0,0.0,0.0,0.0,0.0,0.0,0.0,0.0
77,header,high_density,random,0.01,4,120000,1,0.999509432312906,0.9994781461901673,3.128612273872733e-05,3.128612273872733e-05,0.0031666666666666666,0.0007416666666666666,0.001975,0.003325983781157741,0.0025418002809922675,0.0016929393908347431,-0.0013339324962359082,-0.000970200234830172
77,header,mid_density,random,0.01,4,240000,1,0.9745917084693119,0.9742680896936373,0.0003236187756745501,0.0003236187756745501,0.00505,0.0002,0.0030625,0.00029909523690835224,0.009243422707379647,0.005732321635040999,-0.004772412639927479,0.00043814135179120247
77,header,low_density,random,0.01,4,120000,1,0.9517044025826116,0.9509471345054725,0.0007572680771390505,0.0007572680771390505,0.006508333333333333,0.0004333333333333333,0.00325,0.0009856511932065887,0.005799860208497539,0.0075716018990459304,-0.0053482015254039394,-0.0011438363370471225
77,header,high_density,random,0.01,5,120000,1,0.999509432312906,0.9994513872567621,5.804505614392941e-05,5.804505614392941e-05,0.003258333333333333,0.0022,0.0,0.00986583953062521,0.0,0.0051018747166596615,0.0050062770573780415,-0.0018217874098797736
77,header,mid_density,random,0.01,5,240000,1,0.9745917084693119,0.9723830662024151,0.0022086422668967653,0.0022086422668967653,0.037358333333333334,0.019766666666666665,2.9166666666666666e-05,0.02956057924777548,8.80325972131395e-05,0.03476480607032041,0.03455462458827455,-0.012004537817706778
77,header,low_density,random,0.01,5,120000,1,0.9517044025826116,0.949429224885768,0.0022751776968436,0.0022751776968436,0.03651666666666667,0.016725,0.00015,0.038042345091646605,0.0002676858557768095,0.028360513167905485,0.027595376677131203,-0.0014135615056040237
77,header,high_density,random,0.01,6,120000,1,0.999509432312906,0.9995093537569228,7.85559831628646e-08,7.85559831628646e-08,0.0,0.0,0.0,0.0,0.0,5.9535982494059544e-05,3.0490463399559415e-05,-4.3452291458148005e-05
77,header,mid_density,random,0.01,6,240000,1,0.9745917084693119,0.974183172436718,0.0004085360325938314,0.0004085360325938314,0.0005,0.00027916666666666666,5.4166666666666664e-05,0.0004174871015179083,0.0001634891091101162,0.0013418932389238345,0.0006901628375466744,-0.0009562170846385762
77,header,low_density,random,0.01,6,120000,1,0.9517044025826116,0.950668769415296,0.001035633167315586,0.001035633167315586,0.004491666666666666,0.00225,0.000575,0.005117804272418826,0.001026129113811103,0.0034347601895697638,0.00275696852546579,-0.0011655918815284252
77,header,high_density,random,0.01,7,120000,1,0.999509432312906,0.999509432312906,0.0,0.0,0.0,0.0,0.0,0.0,0.0,0.0,0.0,0.0
77,header,mid_density,random,0.01,7,240000,1,0.9745917084693119,0.974591755957583,-4.7488271093243384e-08,-4.7488271093243384e-08,0.0,0.0,0.0,0.0,0.0,4.7246123377262805e-07,4.7246123377262805e-07,4.7246123377262805e-07
77,header,low_density,random,0.01,7,120000,1,0.9517044025826116,0.9516421024914632,6.230009114838175e-05,6.230009114838175e-05,9.166666666666667e-05,6.666666666666667e-05,0.0,0.00015163864510870596,0.0,0.0001255564949482514,0.0001255564949482514,-3.486077702404509e-05
77,header,high_density,random,0.01,8,120000,1,0.999509432312906,0.9995090058661396,4.264467664549798e-07,4.264467664549798e-07,0.0,0.0,0.0,0.0,0.0,0.0003259387757768307,-0.0003144844544861425,-0.00032593877577683086
77,header,mid_density,random,0.01,8,240000,1,0.9745917084693119,0.9746536515510824,-6.194308177054353e-05,-6.194308177054353e-05,0.000425,0.0002625,0.0,0.0003925624984422123,0.0,0.0004981894076574186,0.00024129610291773543,-0.0002883412151857623
77,header,low_density,random,0.01,8,120000,1,0.9517044025826116,0.9515600746394737,0.00014432794313790076,0.00014432794313790076,0.0016166666666666666,0.0005083333333333333,0.000425,0.0011562446689538828,0.0007584432580342935,0.002114028324024317,0.00023092994535294582,-0.000975182279375413
77,header,high_density,random,0.01,9,120000,1,0.999509432312906,0.9995261184454315,-1.668613252547857e-05,-1.668613252547857e-05,0.005333333333333333,0.002125,0.0,0.009529504092081168,0.0,0.00993440296244183,0.00993440296244183,0.003457083892735465
77,header,mid_density,random,0.01,9,240000,1,0.9745917084693119,0.9742748793801361,0.0003168290891757408,0.0003168290891757408,0.04880416666666667,0.025220833333333335,0.0,0.037717155604297004,0.0,0.053292054030906214,0.05329204635052255,-0.011372392082242309
77,header,low_density,random,0.01,9,120000,1,0.9517044025826116,0.950025150689318,0.001679251893293543,0.001679251893293543,0.07313333333333333,0.03743333333333333,0.0,0.0851450992285384,0.0,0.07190653470409526,0.07190650754385415,0.001136197110172234
77,header,high_density,random,0.01,10,120000,1,0.999509432312906,0.999509432312906,0.0,0.0,0.0,0.0,0.0,0.0,0.0,0.0,0.0,0.0
77,header,mid_density,random,0.01,10,240000,1,0.9745917084693119,0.9745917084693119,0.0,0.0,0.0,0.0,0.0,0.0,0.0,0.0,0.0,0.0
77,header,low_density,random,0.01,10,120000,1,0.9517044025826116,0.9517044025826116,0.0,0.0,0.0,0.0,0.0,0.0,0.0,0.0,0.0,0.0
77,header,high_density,random,0.01,11,120000,1,0.999509432312906,0.999549488650067,-4.005633716097634e-05,-4.005633716097634e-05,0.0019666666666666665,0.0003916666666666667,0.0,0.0017564184012855489,0.0,0.0016251147385696794,0.0014472273261798125,3.556888586747218e-05
77,header,mid_density,random,0.01,11,240000,1,0.9745917084693119,0.9743564197586344,0.0002352887106774615,0.0002352887106774615,0.0058625,0.0030208333333333333,0.00015416666666666666,0.0045175843074699035,0.00046531515669802305,0.003778105832111178,0.003152289056837699,-0.0003513568038618406
77,header,low_density,random,0.01,11,120000,1,0.9517044025826116,0.9508169769493815,0.0008874256332300767,0.0008874256332300767,0.005058333333333333,0.003033333333333333,0.000175,0.006899558352446121,0.0003123001650729444,0.0045466529347217765,0.003378358701573828,-0.0002079255195930996
77,header,high_density,random,0.01,12,120000,1,0.999509432312906,0.9995115292767053,-2.096963799269602e-06,-2.096963799269602e-06,0.001075,0.0007083333333333334,0.0,0.0031765013640270563,0.0,4.261957858746361e-05,-1.3494129956567129e-05,-2.6430708447498134e-05
77,header,mid_density,random,0.01,12,240000,1,0.9745917084693119,0.9745897250111761,1.9834581357347503e-06,1.9834581357347503e-06,5.833333333333333e-05,4.166666666666667e-06,1.25e-05,6.231150768924005e-06,3.772825594848836e-05,7.148876962252514e-05,4.9838076003703344e-05,1.2824842512930721e-05
77,header,low_density,random,0.01,12,120000,1,0.9517044025826116,0.9515372371171464,0.00016716546546513555,0.00016716546546513555,0.00010833333333333333,8.333333333333333e-05,0.0,0.00018954830638588245,0.0,0.0003567927982256067,0.00034536588488052957,-0.0001300323790279278
77,header,high_density,random,0.01,13,120000,1,0.999509432312906,0.9995044275753371,5.004737568925499e-06,5.004737568925499e-06,0.001125,0.0007416666666666666,0.0,0.003325983781157741,0.0,0.0005482943217682888,0.0002936222678094282,0.00014512444991400137
77,header,mid_density,random,0.01,13,240000,1,0.9745917084693119,0.974375300382122,0.00021640808718992322,0.00021640808718992322,0.004820833333333333,0.0017625,0.0009416666666666667,0.002635776775254854,0.0028421952814527895,0.0024145666755613685,0.001386801554868118,7.476436374132317e-05
77,header,low_density,random,0.01,13,120000,1,0.9517044025826116,0.9512562042620402,0.0004481983205714135,0.0004481983205714135,0.005691666666666667,0.0021666666666666666,0.0014916666666666667,0.004928255966032943,0.00266198712133605,0.004911098075186033,0.00032359429759304663,-9.742711174612673e-05
77,header,high_density,random,0.01,14,120000,1,0.999509432312906,0.9994384152992227,7.101701368328328e-05,7.101701368328328e-05,0.00255,0.0,0.0020583333333333335,0.0,0.0026490492379961606,0.006369504709010837,-0.005622838952823673,-0.005130251318900354
77,header,mid_density,random,0.01,14,240000,1,0.9745917084693119,0.9738746733858585,0.0007170350834533323,0.0007170350834533323,0.0200875,0.0007375,0.0121625,0.0011029136860995488,0.03670959303787917,0.02482330872612896,-0.020238729830277833,-0.008897276138577723
77,header,low_density,random,0.01,14,120000,1,0.9517044025826116,0.9496729103003441,0.0020314922822675108,0.0020314922822675108,0.037158333333333335,0.001225,0.022216666666666666,0.0027863601038724717,0.03964724952783189,0.037761036447610065,-0.03235487655075494,-0.012831174162391988
77,header,high_density,random,0.01,15,120000,1,0.999509432312906,0.999509432312906,0.0,0.0,0.0,0.0,0.0,0.0,0.0,0.0,0.0,0.0
77,header,mid_density,random,0.01,15,240000,1,0.9745917084693119,0.9745916895053487,1.8963963177576204e-08,1.8963963177576204e-08,0.0,0.0,0.0,0.0,0.0,5.494639141375003e-08,5.494639141375003e-08,-5.494639141375319e-08
77,header,low_density,random,0.01,15,120000,1,0.9517044025826116,0.9517011840133,3.218569311624897e-06,3.218569311624897e-06,7.5e-05,2.5e-05,0.0,5.686449191576473e-05,0.0,1.7551857290569793e-05,1.7551857290569793e-05,8.182784618422113e-07
77,header,high_density,random,0.01,16,120000,1,0.999509432312906,0.9995044275753371,5.004737568925499e-06,5.004737568925499e-06,0.001125,0.0007416666666666666,0.0,0.003325983781157741,0.0,0.0005482943217682888,0.0002936222678094282,0.00014512444991400137
77,header,mid_density,random,0.01,16,240000,1,0.9745917084693119,0.974375300382122,0.00021640808718992322,0.00021640808718992322,0.004820833333333333,0.0017625,0.0009416666666666667,0.002635776775254854,0.0028421952814527895,0.0024145666755613685,0.001386801554868118,7.476436374132317e-05
77,header,low_density,random,0.01,16,120000,1,0.9517044025826116,0.9512562042620402,0.0004481983205714135,0.0004481983205714135,0.005691666666666667,0.0021666666666666666,0.0014916666666666667,0.004928255966032943,0.00266198712133605,0.004911098075186033,0.00032359429759304663,-9.742711174612673e-05
77,header,high_density,random,0.01,17,120000,1,0.999509432312906,0.9994959836087234,1.3448704182628113e-05,1.3448704182628113e-05,0.0,0.0,0.0,0.0,0.0,8.944738812798827e-05,6.847039254015751e-05,-8.350016376708977e-05
77,header,mid_density,random,0.01,17,240000,1,0.9745917084693119,0.9745125717731303,7.913669618153651e-05,7.913669618153651e-05,0.0006458333333333333,0.00016666666666666666,0.0,0.0002492460307569602,0.0,0.0006095263945592896,0.0005800262297304738,-0.0005430240948518252
77,header,low_density,random,0.01,17,120000,1,0.9517044025826116,0.9516997317389003,4.670843711251926e-06,4.670843711251926e-06,0.000325,8.333333333333333e-05,0.0,0.00018954830638588245,0.0,0.0003829184735907761,6.749465101259508e-05,-0.00020279886182148976
77,header,high_density,random,0.01,18,120000,1,0.999509432312906,0.999509432312906,0.0,0.0,0.0,0.0,0.0,0.0,0.0,0.0,0.0,0.0
77,header,mid_density,random,0.01,18,240000,1,0.9745917084693119,0.9745880776540221,3.630815289756839e-06,3.630815289756839e-06,1.25e-05,0.0,1.25e-05,0.0,3.772825594848836e-05,4.117800760936231e-05,-4.117800760936231e-05,-3.826767108361245e-05
77,header,low_density,random,0.01,18,120000,1,0.9517044025826116,0.9517053308317573,-9.282491457707209e-07,-9.282491457707209e-07,0.0,0.0,0.0,0.0,0.0,1.0108620325498378e-05,-1.0108620325498378e-05,-3.5565411238250435e-06
77,header,high_density,random,0.01,19,120000,1,0.999509432312906,0.9994872133943014,2.221891860465508e-05,2.221891860465508e-05,5.833333333333333e-05,0.0,5.833333333333333e-05,0.0,7.507426990272519e-05,0.0003261177063549508,-0.00018482166446422748,-0.0002988854383712053
77,header,mid_density,random,0.01,19,240000,1,0.9745917084693119,0.9746472289191411,-5.552044982926052e-05,-5.552044982926052e-05,0.0007958333333333333,0.00019166666666666667,0.00019166666666666667,0.00028663293537050424,0.0005784999245434881,0.001146425745992019,-0.0003769976378362773,-0.00037298771748232846
77,header,low_density,random,0.01,19,120000,1,0.9517044025826116,0.9516017626947826,0.00010263988782899247,0.00010263988782899247,0.0014083333333333333,0.00019166666666666667,0.00040833333333333336,0.0004359611046875296,0.0007287003851702036,0.0017271315477704382,-0.00086007890107224,-0.0001640097910344945
77,header,high_density,random,0.01,20,120000,1,0.999509432312906,0.9995115292767053,-2.096963799269602e-06,-2.096963799269602e-06,0.001075,0.0007083333333333334,0.0,0.0031765013640270563,0.0,4.261957858746361e-05,-1.3494129956567129e-05,-2.6430708447498134e-05
77,header,mid_density,random,0.01,20,240000,1,0.9745917084693119,0.9745897250111761,1.9834581357347503e-06,1.9834581357347503e-06,5.833333333333333e-05,4.166666666666667e-06,1.25e-05,6.231150768924005e-06,3.772825594848836e-05,7.148876962252514e-05,4.9838076003703344e-05,1.2824842512930721e-05
77,header,low_density,random,0.01,20,120000,1,0.9517044025826116,0.9515372371171464,0.00016716546546513555,0.00016716546546513555,0.00010833333333333333,8.333333333333333e-05,0.0,0.00018954830638588245,0.0,0.0003567927982256067,0.00034536588488052957,-0.0001300323790279278
77,header,high_density,important,0.05,0,120000,4,0.999509432312906,0.9903820623113042,0.009127370001601798,0.009127370001601798,0.022191666666666665,0.012591666666666666,0.008291666666666666,0.05646698307111626,0.010671271221887367,0.09344713731602022,0.055133628283977214,-0.08480350435493489
77,header,mid_density,important,0.05,0,240000,4,0.9745917084693119,0.8864110375764828,0.0881806708928291,0.0881806708928291,0.20690416666666667,0.15732916666666666,0.0154625,0.2352820218838015,0.0466698526082801,0.25638559909256786,0.19949722617422452,-0.1851314983172611
77,header,low_density,important,0.05,0,120000,4,0.9517044025826116,0.875561684565701,0.07614271801691053,0.07614271801691053,0.21700833333333333,0.1347,0.02194166666666667,0.3063858824421404,0.039156492125574406,0.19768386030806698,0.12448742871906009,-0.08346256335179184
77,header,high_density,random,0.05,1,120000,4,0.999509432312906,0.9994537701883882,5.566212451779684e-05,5.566212451779684e-05,0.00015833333333333332,5e-05,0.0,0.0002242236256960275,0.0,0.004655748762621107,0.0014743978952776442,-0.004073660299913276
77,header,mid_density,random,0.05,1,240000,4,0.9745917084693119,0.9743786578655806,0.00021305060373122409,0.00021305060373122409,0.0036541666666666667,0.0016083333333333334,0.00020833333333333335,0.002405224196804666,0.0006288042658081392,0.0037845224681433104,0.0031845373465927093,-0.0013193982595779174
77,header,low_density,random,0.05,1,120000,4,0.9517044025826116,0.9511693488379684,0.0005350537446431325,0.0005350537446431325,0.006833333333333334,0.0028,0.0005583333333333333,0.0063688230945656505,0.0009963862409470131,0.006352168019187914,0.002565625129423833,-0.0005640274365350989
77,header,high_density,random,0.05,2,120000,4,0.999509432312906,0.9995092148811665,2.1743173950206085e-07,2.1743173950206085e-07,0.005333333333333333,0.002125,0.0,0.009529504092081168,0.0,0.01004785802238318,0.010042446804737582,0.002982054294903413
77,header,mid_density,random,0.05,2,240000,4,0.9745917084693119,0.973888872496467,0.0007028359728448175,0.0007028359728448175,0.04894166666666667,0.0258375,0.0,0.03863936591809775,0.0,0.05430634329185126,0.05430609238854876,-0.012836406267148543
77,header,low_density,random,0.05,2,120000,4,0.9517044025826116,0.9495364010169538,0.0021680015656577734,0.0021680015656577734,0.07274166666666666,0.0372,0.0,0.08461436397065793,0.0,0.07198698121160484,0.07198112056526619,0.0006766963550155772
77,header,high_density,random,0.05,3,120000,4,0.999509432312906,0.9991389586884739,0.0003704736244320994,0.0003704736244320994,0.004475,0.0,0.0038916666666666665,0.0,0.005008526292081809,0.012026859452259831,-0.009773497698156441,-0.009042216937907395
77,header,mid_density,random,0.05,3,240000,4,0.9745917084693119,0.972221399945481,0.0023703085238309107,0.0023703085238309107,0.0291125,0.00065,0.0188625,0.0009720595199521448,0.05693193822626893,0.036855770174887094,-0.032334754422711394,-0.0035829275203891563
77,header,low_density,random,0.05,3,120000,4,0.9517044025826116,0.9477292217051685,0.003975180877443085,0.003975180877443085,0.05674166666666667,0.0017,0.039075,0.0038667854502720017,0.06973216542985887,0.05222109932826027,-0.04600052945069077,-0.010135505117778304
77,header,high_density,random,0.05,4,120000,4,0.999509432312906,0.9993328112083183,0.0001766211045877153,0.0001766211045877153,0.014358333333333334,0.0,0.013291666666666667,0.0,0.017106208642120955,0.026437705423424426,-0.025886356416011707,-0.020336892590276583
77,header,mid_density,random,0.05,4,240000,4,0.9745917084693119,0.9730159820434854,0.0015757264258264847,0.0015757264258264847,0.05511666666666667,6.666666666666667e-05,0.039245833333333334,9.969841230278408e-05,0.11845414759293726,0.0625261238467936,-0.05937513697824637,-0.019193105280427173
77,header,low_density,random,0.05,4,120000,4,0.9517044025826116,0.9485171532934071,0.0031872492892044413,0.0031872492892044413,0.11140833333333333,0.00021666666666666666,0.08345,0.0004928255966032943,0.14892256443049834,0.10005587684545036,-0.09607711357075947,-0.0317272677835902
77,header,high_density,random,0.05,5,120000,4,0.999509432312906,0.9993843653759439,0.000125066936962126,0.000125066936962126,0.0074916666666666664,0.003916666666666666,0.0,0.017564184012855488,0.0,0.016028173283331202,0.01283528371455436,-0.004923975807978421
77,header,mid_density,random,0.05,5,240000,4,0.9745917084693119,0.9715052220018122,0.0030864864674996495,0.0030864864674996495,0.09817916666666666,0.06027916666666667,5.4166666666666664e-05,0.09014605817402357,0.0001634891091101162,0.10137247000409455,0.09652026818233995,-0.04437837090889634
77,header,low_density,random,0.05,5,120000,4,0.9517044025826116,0.9469682569808097,0.004736145601801911,0.004736145601801911,0.11476666666666667,0.064475,0.0008583333333333333,0.14665352465075723,0.001531757952500632,0.1129900656396134,0.10355346069934383,-0.020186827392999773
77,header,high_density,random,0.05,6,120000,4,0.999509432312906,0.9995388898046562,-2.945749175020662e-05,-2.945749175020662e-05,0.005258333333333334,0.0020916666666666666,0.0,0.009380021674950483,0.0,0.0064236457498485265,0.006191185795586948,0.0005134364074613773
77,header,mid_density,random,0.05,6,240000,4,0.9745917084693119,0.9709070386982541,0.003684669771057747,0.003684669771057747,0.0472125,0.027091666666666667,0.0,0.04051494229954388,0.0,0.0579408547000385,0.057310863720748256,-0.024703022017588335
77,header,low_density,random,0.05,6,120000,4,0.9517044025826116,0.9409737147661271,0.010730687816484452,0.010730687816484452,0.078625,0.04305833333333333,0.0014166666666666668,0.09793960990958546,0.002528144193447645,0.07756135568518177,0.07531105999936663,-0.011551553196191446
77,header,high_density,random,0.05,7,120000,4,0.999509432312906,0.9994100511785058,9.938113440022267e-05,9.938113440022267e-05,0.062175,0.05536666666666667,0.0,0.24829029485406778,0.0,0.056737371484647574,0.05672542589566771,0.0024321670017474497
77,header,mid_density,random,0.05,7,240000,4,0.9745917084693119,0.964919935365761,0.00967177310355083,0.00967177310355083,0.24450833333333333,0.18930416666666666,0.0,0.2830998728845243,0.0,0.23530463126904919,0.2353028903087294,-0.008895879285871029
77,header,low_density,random,0.05,7,120000,4,0.9517044025826116,0.935039600217768,0.01666480236484358,0.01666480236484358,0.25255833333333333,0.17629166666666668,0.00036666666666666667,0.4009894421593343,0.0006543432030099788,0.24786106445479966,0.24750213550503258,0.03727694461819077
77,header,high_density,random,0.05,8,120000,4,0.999509432312906,0.9990455281698091,0.00046390414309693817,0.00046390414309693817,0.010458333333333333,3.3333333333333335e-05,0.010041666666666667,0.000149482417130685,0.012923499318969123,0.03685666061489953,-0.02336565517034568,-0.03366059538704682
77,header,mid_density,random,0.05,8,240000,4,0.9745917084693119,0.962984204313969,0.01160750415534284,0.01160750415534284,0.06289166666666667,0.0006916666666666667,0.050520833333333334,0.001034371027641385,0.15248503445847378,0.06651548087289275,-0.05717476892084199,-0.009551231346212961
77,header,low_density,random,0.05,8,120000,4,0.9517044025826116,0.9350507135559286,0.01665368902668296,0.01665368902668296,0.10803333333333333,0.0015583333333333332,0.085375,0.0035445533294160016,0.15235786624630074,0.09388040115808699,-0.08243776593807582,-0.016041080724875215
77,header,high_density,random,0.05,9,120000,4,0.999509432312906,0.9994786287483503,3.0803564555759166e-05,3.0803564555759166e-05,0.004691666666666667,0.0,0.003925,0.0,0.005051425874883367,0.010909278760908187,-0.010909278760908187,-0.007688335750232282
77,header,mid_density,random,0.05,9,240000,4,0.9745917084693119,0.9740706745639889,0.0005210339053229873,0.0005210339053229873,0.0305375,0.0,0.020325,0.0,0.061346144172242066,0.039774394609987634,-0.03975639017625839,-2.5793449792098002e-05
77,header,low_density,random,0.05,9,120000,4,0.9517044025826116,0.9492804263786081,0.002423976204003475,0.002423976204003475,0.061175,0.00014166666666666668,0.043508333333333336,0.00032223212085600016,0.0776437696117068,0.05823909807831386,-0.05801743216839732,-0.007416514635988446
77,header,high_density,random,0.05,10,120000,4,0.999509432312906,0.9991044417505236,0.0004049905623824124,0.0004049905623824124,0.006733333333333333,0.003833333333333333,0.0,0.017190477970028775,0.0,0.01750106460154848,0.013155036370748895,-0.014299293779118089
77,header,mid_density,random,0.05,10,240000,4,0.9745917084693119,0.9686113695902757,0.005980338879036151,0.005980338879036151,0.034875,0.01954583333333333,0.0020041666666666667,0.029230328257022507,0.006049097037074299,0.03774638727465545,0.023805176804091912,-0.01846373800766933
77,header,low_density,random,0.05,10,120000,4,0.9517044025826116,0.9476290422554405,0.00407536032717104,0.00407536032717104,0.03610833333333333,0.015875,0.0038916666666666665,0.036108952366510606,0.006944960813765002,0.03360447765560254,0.018861761488624378,-0.005333297420144754
77,header,high_density,random,0.05,11,120000,4,0.999509432312906,0.999338487479306,0.00017094483360002855,0.00017094483360002855,0.007083333333333333,0.0020666666666666667,0.0021583333333333333,0.00926790986210247,0.0027777479864008322,0.022645671648700568,-0.0010729411275227094,-0.019524514897026658
77,header,mid_density,random,0.05,11,240000,4,0.9745917084693119,0.9614289490552586,0.013162759414053316,0.013162759414053316,0.05162083333333333,0.011191666666666667,0.0283875,0.016736870965329876,0.08568086925901705,0.05559032046865208,-0.003762262798004971,-0.021932890463716742
77,header,low_density,random,0.05,11,120000,4,0.9517044025826116,0.9320589230085666,0.019645479574044944,0.019645479574044944,0.07656666666666667,0.015325,0.039433333333333334,0.034857933544363784,0.0703716371964368,0.07593373116639612,-0.005913509301897955,-0.024705438174877206
77,header,high_density,random,0.05,12,120000,4,0.999509432312906,0.9994348071347344,7.462517817158343e-05,7.462517817158343e-05,0.007675,0.0032916666666666667,0.000825,0.014761388691655145,0.001061764674338542,0.015063751323345814,0.014624774026263158,0.0017737323511937677
77,header,mid_density,random,0.05,12,240000,4,0.9745917084693119,0.9677279651870513,0.0068637432822605815,0.0068637432822605815,0.07955,0.04804166666666667,0.0018,0.07184516836569378,0.005432868856582323,0.09450573805131089,0.09343434992651245,-0.024517714817788593
77,header,low_density,random,0.05,12,120000,4,0.9517044025826116,0.9402681564806304,0.011436246101981129,0.011436246101981129,0.11455833333333333,0.06625,0.0006083333333333333,0.15069090357677653,0.001085614859539283,0.1153455406401168,0.11340423310046345,-0.0020034649047203598
77,header,high_density,random,0.05,13,120000,4,0.999509432312906,0.9979063335480582,0.0016030987648477657,0.0016030987648477657,0.036116666666666665,0.026975,0.002958333333333333,0.12096864606300683,0.0038073379736382066,0.03026280341633483,0.025023957972275874,-0.008169715272389732
77,header,mid_density,random,0.05,13,240000,4,0.9745917084693119,0.9586891985127578,0.015902509956554067,0.015902509956554067,0.08987083333333333,0.05637916666666667,0.00615,0.08431370105431071,0.01856230192665627,0.08128053467604766,0.06079588746422641,-0.010437710260210488
77,header,low_density,random,0.05,13,120000,4,0.9517044025826116,0.9316054055074983,0.020098997075113312,0.020098997075113312,0.09648333333333334,0.046816666666666666,0.014641666666666667,0.10648823852758875,0.026129113811103014,0.08532009917122288,0.057699228336488585,0.007973493569070827
77,header,high_density,random,0.05,14,120000,4,0.999509432312906,0.999457148897262,5.2283415644005515e-05,5.2283415644005515e-05,0.00775,0.004083333333333333,0.0,0.018311596098508912,0.0,0.015403125739408302,0.015392046111691255,-0.001125001374867278
77,header,mid_density,random,0.05,14,240000,4,0.9745917084693119,0.9724615789293577,0.002130129539954173,0.002130129539954173,0.09822083333333333,0.06004166666666667,0.0,0.08979088258019491,0.0,0.09184987656483078,0.0918309271698276,-0.02568250127035028
77,header,low_density,random,0.05,14,120000,4,0.9517044025826116,0.9469900974739149,0.004714305108696637,0.004714305108696637,0.10704166666666666,0.06085,0.0,0.13840817332297137,0.0,0.10039517046156701,0.1000372234837344,-0.0019625689682873774
77,header,high_density,random,0.05,15,120000,4,0.999509432312906,0.9985589255558931,0.0009505067570129144,0.0009505067570129144,0.018258333333333335,0.004325,0.010316666666666667,0.01939534362270638,0.013277420877081971,0.026983893396191012,-0.0019233127212540174,-0.012785222593635398
77,header,mid_density,random,0.05,15,240000,4,0.9745917084693119,0.96327466738215,0.011317041087161916,0.011317041087161916,0.074325,0.03899166666666667,0.008508333333333333,0.05831110889559084,0.025680366215604405,0.06812407324854648,0.039844708139577044,-0.015934638758569916
77,header,low_density,random,0.05,15,120000,4,0.9517044025826116,0.9270570165474695,0.02464738603514205,0.02464738603514205,0.09375833333333333,0.035,0.026116666666666667,0.07961028868207062,0.04660708177802894,0.08649611507549011,0.006164510959893397,-0.013979393859654259
77,header,high_density,random,0.05,16,120000,4,0.999509432312906,0.9994606949383961,4.8737374509943976e-05,4.8737374509943976e-05,0.004883333333333333,0.0008,0.0030916666666666666,0.00358757801113644,0.003978936304844435,0.0141369312471288,-0.007763739225322873,-0.012362235145699093
77,header,mid_density,random,0.05,16,240000,4,0.9745917084693119,0.9730150215814476,0.001576686887864276,0.001576686887864276,0.028358333333333333,0.0009,0.017416666666666667,0.0013459285660875852,0.05256803662156044,0.03852753276083591,-0.03376921126438441,-0.002538945452406089
77,header,low_density,random,0.05,16,120000,4,0.9517044025826116,0.9475755317788476,0.0041288708037640065,0.0041288708037640065,0.05504166666666667,0.0022166666666666667,0.036875,0.005041984949864473,0.065806106211799,0.05229504461484869,-0.04553347921334193,-0.009135535639648145
77,header,high_density,random,0.05,17,120000,4,0.999509432312906,0.9995094090667476,2.3246158442624676e-08,2.3246158442624676e-08,0.0,0.0,0.0,0.0,0.0,0.00017503045065298762,-9.893349141966398e-06,-0.0001750304506529874
77,header,mid_density,random,0.05,17,240000,4,0.9745917084693119,0.9740519720998815,0.000539736369430388,0.000539736369430388,0.0015291666666666667,0.0010083333333333333,3.75e-05,0.0015079384860796092,0.00011318476784546506,0.0020610451262993447,0.0008911062966406486,-0.001343748899945937
77,header,low_density,random,0.05,17,120000,4,0.9517044025826116,0.9509277130132913,0.0007766895693203102,0.0007766895693203102,0.0031333333333333335,0.0009666666666666667,0.000175,0.0021987603540762363,0.0003123001650729444,0.0031767226628339144,0.0021673782463841446,-0.0011030387016683436
77,header,high_density,random,0.05,18,120000,4,0.999509432312906,0.9992907969835123,0.00021863532939370156,0.00021863532939370156,0.005208333333333333,0.002025,0.0009416666666666667,0.009081056840689114,0.0012119132141439925,0.017844151793382806,0.006364400605159752,-0.014941177543669108
77,header,mid_density,random,0.05,18,240000,4,0.9745917084693119,0.9719020748618045,0.0026896336075074023,0.0026896336075074023,0.0157625,0.0046125,0.0050375,0.006897883901198874,0.015204487147240807,0.01740072077961703,0.0021881076960607693,-0.006231264663930282
77,header,low_density,random,0.05,18,120000,4,0.9517044025826116,0.9486031095025459,0.0031012930800656813,0.0031012930800656813,0.019241666666666667,0.00645,0.005,0.014671038914267302,0.008922861859226982,0.021178588249976572,0.0010654864220280337,-0.005378605871521826
77,header,high_density,random,0.05,19,120000,4,0.999509432312906,0.9991131346113499,0.0003962977015561364,0.0003962977015561364,0.012316666666666667,0.00865,0.0,0.03879068724541276,0.0,0.02355632256054153,0.023464690746005483,-0.002460070909707685
77,header,mid_density,random,0.05,19,240000,4,0.9745917084693119,0.9660182907655597,0.008573417703752195,0.008573417703752195,0.14444166666666666,0.09890416666666667,0.0,0.1479088258019491,0.0,0.13554420000777756,0.13530086774916564,-0.020655732183378354
77,header,low_density,random,0.05,19,120000,4,0.9517044025826116,0.9371148983615487,0.014589504221062866,0.014589504221062866,0.16525833333333334,0.10324166666666666,0.000425,0.23483139678146975,0.0007584432580342935,0.15822547372703935,0.15715762977539072,0.018122236399392696
77,header,high_density,random,0.05,20,120000,4,0.999509432312906,0.999501962079769,7.4702331369636e-06,7.4702331369636e-06,0.002275,4.1666666666666665e-05,0.0020583333333333335,0.00018685302141335626,0.0026490492379961606,0.0008988076771807652,-0.0008480198339995787,-0.0004931724223812229
77,header,mid_density,random,0.05,20,240000,4,0.9745917084693119,0.9742477063328047,0.00034400213650720435,0.00034400213650720435,0.004966666666666667,8.75e-05,0.0034583333333333332,0.0001308541661474041,0.010438150812415111,0.004604044224634819,-0.0038060176733093957,-7.284418401030109e-05
77,header,low_density,random,0.05,20,120000,4,0.9517044025826116,0.9509171018542539,0.0007873007283576428,0.0007873007283576428,0.004433333333333333,0.00055,0.0023333333333333335,0.0012510188221468242,0.004164002200972592,0.00621115926677648,-0.004766401176719434,-0.0010505387470285993
77,header,high_density,important,0.1,0,120000,8,0.999509432312906,0.943485884140492,0.05602354817241406,0.05602354817241406,0.059575,0.041591666666666666,0.011941666666666666,0.18651668597481222,0.015368775538657887,0.16145398184064524,0.0428490439732433,-0.12678367147153793
77,header,mid_density,important,0.1,0,240000,8,0.9745917084693119,0.8384044085517385,0.1361872999175734,0.1361872999175734,0.39050833333333335,0.32500833333333334,0.0101125,0.48604222227761024,0.030522159062327078,0.37082556312838005,0.3289305108213362,-0.16494908184740503
77,header,low_density,important,0.1,0,120000,8,0.9517044025826116,0.7839309904450996,0.16777341213751196,0.16777341213751196,0.3637416666666667,0.2705666666666667,0.015241666666666667,0.6154254411736831,0.027199857234210253,0.3025666265510099,0.22711770304637466,-0.06896390480982918
77,header,high_density,random,0.1,1,120000,8,0.999509432312906,0.9993752250265701,0.00013420728633595225,0.00013420728633595225,0.013566666666666666,0.009491666666666667,0.0,0.042565118277962555,0.0,0.025713564686580873,0.025101999268837886,-0.004098180378089631
77,header,mid_density,random,0.1,1,240000,8,0.9745917084693119,0.9677216237396788,0.006870084729633019,0.006870084729633019,0.15910833333333332,0.112525,0.0,0.16827845766556168,0.0,0.1445779522413161,0.14398868162005932,-0.029531846281365293
77,header,low_density,random,0.1,1,120000,8,0.9517044025826116,0.9405475466476422,0.0111568559349694,0.0111568559349694,0.16088333333333332,0.10025,0.0005083333333333333,0.22802661258221657,0.0009071576223547433,0.15109538167091727,0.1491874384965316,0.002803642545076269
77,header,high_density,random,0.1,2,120000,8,0.999509432312906,0.996338945291152,0.0031704870217540426,0.0031704870217540426,0.062175,0.05536666666666667,0.0,0.24829029485406778,0.0,0.06604211173447339,0.0659177305705597,0.009303014458264274
77,header,mid_density,random,0.1,2,240000,8,0.9745917084693119,0.9450814265884508,0.029510281880861022,0.029510281880861022,0.33111666666666667,0.27370833333333333,0.0,0.4093242940106179,0.0,0.30030695131367413,0.3002385030839809,-0.0007347134496766861
77,header,low_density,random,0.1,2,120000,8,0.9517044025826116,0.903947243227887,0.047757159354724577,0.047757159354724577,0.307175,0.22819166666666665,0.00036666666666666667,0.5190401273764619,0.0006543432030099788,0.29227011167406264,0.2908246531048442,0.0454479368690931
77,header,high_density,random,0.1,3,120000,8,0.999509432312906,0.9984733584510774,0.0010360738618285792,0.0010360738618285792,0.019291666666666665,0.015258333333333334,0.0,0.06842557644157106,0.0,0.03887673529274533,0.029055393316550923,-0.011387672478040135
77,header,mid_density,random,0.1,3,240000,8,0.9745917084693119,0.9645718865781381,0.010019821891173786,0.010019821891173786,0.157775,0.1091375,0.0026041666666666665,0.16321253209042647,0.007860053322601741,0.15302194933989846,0.14599078731888795,-0.01672008925478808
77,header,low_density,random,0.1,3,120000,8,0.9517044025826116,0.9286899208171655,0.02301448176544607,0.02301448176544607,0.15795833333333334,0.09603333333333333,0.005083333333333333,0.21843546827909094,0.009071576223547432,0.15626840970782296,0.14243569536546183,0.01933387492403545
77,header,high_density,random,0.1,4,120000,8,0.999509432312906,0.9986072679461093,0.0009021643667966872,0.0009021643667966872,0.016791666666666667,0.0028666666666666667,0.010316666666666667,0.01285548787323891,0.013277420877081971,0.024947721784556915,0.003130874481465678,-0.008272167238885356
77,header,mid_density,random,0.1,4,240000,8,0.9745917084693119,0.9640554942594992,0.010536214209812655,0.010536214209812655,0.0806625,0.04385,0.006725,0.06557663069215623,0.020297801700286736,0.07963600823151902,0.06091313831449594,-0.018691399882673595
77,header,low_density,random,0.1,4,120000,8,0.9517044025826116,0.929857575931659,0.02184682665095261,0.02184682665095261,0.1027,0.044366666666666665,0.019383333333333332,0.10091551831984381,0.034590961140936606,0.09259880326930994,0.04291169346695645,-0.0052879039899185595
77,header,high_density,random,0.1,5,120000,8,0.999509432312906,0.9990792328950034,0.0004301994179025659,0.0004301994179025659,0.008691666666666667,0.003533333333333333,0.0017666666666666666,0.01584513621585261,0.0022736778884825345,0.025212067039919073,-0.00951602456645266,-0.021596150431172884
77,header,mid_density,random,0.1,5,240000,8,0.9745917084693119,0.9675247492397046,0.007066959229607317,0.007066959229607317,0.043383333333333336,0.017558333333333332,0.007016666666666667,0.026258069340245757,0.02117812767241813,0.050799251245680854,0.010465047320046208,-0.027451701639860673
77,header,low_density,random,0.1,5,120000,8,0.9517044025826116,0.940366718752907,0.01133768382970457,0.01133768382970457,0.0696,0.014191666666666667,0.030791666666666665,0.03228007657751578,0.05494995761640617,0.07448902527027526,-0.029014300707783488,-0.03245940376124902
77,header,high_density,random,0.1,6,120000,8,0.999509432312906,0.9981711002774546,0.0013383320354514172,0.0013383320354514172,0.02555,0.014141666666666667,0.007441666666666667,0.06341791546769311,0.009577331860447657,0.04066207127249794,-0.01424814430307049,-0.03795111563102185
77,header,mid_density,random,0.1,6,240000,8,0.9745917084693119,0.9632130870449453,0.01137862142436652,0.01137862142436652,0.05454166666666667,0.008904166666666666,0.028741666666666665,0.013315969193190598,0.0867498365108909,0.06668499208091597,-0.010823049420984136,-0.04233361349076331
77,header,low_density,random,0.1,6,120000,8,0.9517044025826116,0.9310569824945666,0.020647420088044988,0.020647420088044988,0.09909166666666666,0.012391666666666667,0.061141666666666664,0.02818583315958072,0.10911172910191395,0.091423256885837,-0.03927982726942399,-0.03433416740725325
77,header,high_density,random,0.1,7,120000,8,0.999509432312906,0.9974476255225405,0.0020618067903654946,0.0020618067903654946,0.008375,0.0069166666666666664,0.0006166666666666666,0.03101760155461714,0.0007936422818288092,0.02539601077530255,-0.005160946409100987,-0.02031637278471548
77,header,mid_density,random,0.1,7,240000,8,0.9745917084693119,0.9577662771678879,0.016825431301424,0.016825431301424,0.07778333333333333,0.045608333333333334,0.005279166666666666,0.06820617631664216,0.015933900095578248,0.08612498125197081,0.049455129828530064,-0.04813730182349208
77,header,low_density,random,0.1,7,120000,8,0.9517044025826116,0.9278851506541218,0.02381925192848977,0.02381925192848977,0.10515833333333334,0.05316666666666667,0.010416666666666666,0.120931819474193,0.018589295540056214,0.10325453451153749,0.058577304310223996,-0.027781659158154632
77,header,high_density,random,0.1,8,120000,8,0.999509432312906,0.9993440270789143,0.00016540523399166673,0.00016540523399166673,0.013275,0.0092,0.0,0.04125714712806906,0.0,0.03327121929441182,0.03300049681786179,-0.01011242075397907
77,header,mid_density,random,0.1,8,240000,8,0.9745917084693119,0.9506725708356649,0.023919137633646947,0.023919137633646947,0.3089875,0.25340833333333335,0.0,0.37896612746442015,0.0,0.27340673066634036,0.2732805590253537,-0.07145435279330159
77,header,low_density,random,0.1,8,120000,8,0.9517044025826116,0.9147253883104721,0.036979014272139454,0.036979014272139454,0.30956666666666666,0.23250833333333334,7.5e-05,0.5288587296472506,0.00013384292788840474,0.2606723989084126,0.25996058507118813,-0.012847765453877088
77,header,high_density,random,0.1,9,120000,8,0.999509432312906,0.9980996085211068,0.001409823791799214,0.001409823791799214,0.010333333333333333,0.007808333333333333,0.00015833333333333332,0.03501625621286296,0.00020377301830739697,0.017524360987414257,0.004198584611910435,-0.011025412300348035
77,header,mid_density,random,0.1,9,240000,8,0.9745917084693119,0.9569239625006081,0.017667745968703796,0.017667745968703796,0.08423333333333333,0.0552125,0.0016666666666666668,0.08256897883901199,0.005030434126465114,0.08805969156835824,0.07210711845502311,-0.042694332005841655
77,header,low_density,random,0.1,9,120000,8,0.9517044025826116,0.9290234678243565,0.022680934758255056,0.022680934758255056,0.10616666666666667,0.06596666666666667,0.0019,0.15004643933506454,0.0033906875065062535,0.10116036682443194,0.09034117412939757,-0.012526536569551125
77,header,high_density,random,0.1,10,120000,8,0.999509432312906,0.998715134930288,0.0007942973826180477,0.0007942973826180477,0.027316666666666666,0.018766666666666668,0.002958333333333333,0.08415860084457566,0.0038073379736382066,0.02243809549974116,0.015980149759238352,-0.009847721063406577
77,header,mid_density,random,0.1,10,240000,8,0.9745917084693119,0.9602671389812706,0.014324569488041283,0.014324569488041283,0.0712,0.03953333333333333,0.008283333333333334,0.05912115849555096,0.025001257608531616,0.06990727974251981,0.045496886412828653,-0.010219873277573618
77,header,low_density,random,0.1,10,120000,8,0.9517044025826116,0.9312462046593608,0.020458197923250765,0.020458197923250765,0.08994166666666667,0.04103333333333333,0.015833333333333335,0.09333358606440852,0.028255729220885446,0.08057920255132785,0.04658021724281451,0.0055994524667116515
77,header,high_density,random,0.1,11,120000,8,0.999509432312906,0.9993942650330239,0.00011516727988214459,0.00011516727988214459,0.004108333333333334,0.00185,0.000575,0.008296274150753017,0.0007400178033268626,0.016657817010207687,0.008110523899361748,-0.013675725869503183
77,header,mid_density,random,0.1,11,240000,8,0.9745917084693119,0.9700310316903445,0.004560676778967321,0.004560676778967321,0.03275416666666667,0.017254166666666668,0.0024416666666666666,0.025803195334114303,0.007369585995271392,0.03473428452309777,0.020481767778399898,-0.016817613757603225
77,header,low_density,random,0.1,11,120000,8,0.9517044025826116,0.9467212467260658,0.00498315585654574,0.00498315585654574,0.036816666666666664,0.014225,0.006233333333333333,0.03235589590007013,0.011123834451169639,0.037777014027075645,0.008913377483350669,-0.007540360907024674
77,header,high_density,random,0.1,12,120000,8,0.999509432312906,0.9971444962191744,0.002364936093731562,0.002364936093731562,0.035458333333333335,0.019041666666666665,0.010316666666666667,0.0853918307859038,0.013277420877081971,0.04027752084650909,0.017206890825053653,-0.013720723443229879
77,header,mid_density,random,0.1,12,240000,8,0.9745917084693119,0.9628525154983567,0.011739192970955159,0.011739192970955159,0.08788333333333333,0.0489625,0.007145833333333333,0.07322225268562599,0.021567986317219175,0.0879247971436673,0.06955888814879338,-0.017190265614858327
77,header,low_density,random,0.1,12,120000,8,0.9517044025826116,0.9292471201960313,0.02245728238658029,0.02245728238658029,0.106825,0.047325,0.018408333333333332,0.10764448319654264,0.03285100307838734,0.09638808693950385,0.05112225072245159,-0.0027369424341924186
77,header,high_density,random,0.1,13,120000,8,0.999509432312906,0.9994803639939102,2.9068318995850717e-05,2.9068318995850717e-05,0.0062,0.0020916666666666666,0.0009416666666666667,0.009380021674950483,0.0012119132141439925,0.011819843553350794,0.002150322537539269,-0.008960382700555013
77,header,mid_density,random,0.1,13,240000,8,0.9745917084693119,0.9729844796095889,0.0016072288597229756,0.0016072288597229756,0.014445833333333333,0.004075,0.0040625,0.006094065452007677,0.012261683183258714,0.0175643731246135,-0.002536016551002129,-0.002677332729532528
77,header,low_density,random,0.1,13,120000,8,0.9517044025826116,0.9493493426057099,0.0023550599769016634,0.0023550599769016634,0.020525,0.005508333333333333,0.006791666666666666,0.012529143052106829,0.012120220692116651,0.02108051212907798,-0.0009170131346510237,-0.0030328322272225104
77,header,high_density,random,0.1,14,120000,8,0.999509432312906,0.9972902151634316,0.002219217149474373,0.002219217149474373,0.0356,0.028891666666666666,0.0,0.12956388504802122,0.0,0.04257737251497351,0.04021291121517326,-0.002739318234644219
77,header,mid_density,random,0.1,14,240000,8,0.9745917084693119,0.9568837788816251,0.017707929587686744,0.017707929587686744,0.134125,0.09233333333333334,0.0021583333333333333,0.13808230103935595,0.006514412193772323,0.12574349792879191,0.11832315908732866,-0.015121207858365938
77,header,low_density,random,0.1,14,120000,8,0.9517044025826116,0.9285325893522515,0.023171813230360105,0.023171813230360105,0.14045833333333332,0.08426666666666667,0.004941666666666666,0.19167124741740432,0.008818761804202668,0.13403626779633862,0.12561166902832782,0.008254408722157151
77,header,high_density,random,0.1,15,120000,8,0.999509432312906,0.9995222810257266,-1.284871282059008e-05,-1.284871282059008e-05,0.002325,0.00010833333333333333,0.0010833333333333333,0.00048581785567472627,0.0013942364410506108,0.003092998934801606,-0.0016681325491023553,-0.002162158598389894
77,header,mid_density,random,0.1,15,240000,8,0.9745917084693119,0.9741126916925815,0.0004790167767303455,0.0004790167767303455,0.009504166666666666,0.0023083333333333332,0.002925,0.0034520575259838985,0.008828411891946275,0.01011930685938843,-0.004343830784335865,-0.001775923418150544
77,header,low_density,random,0.1,15,120000,8,0.9517044025826116,0.948632123137469,0.003072279445142545,0.003072279445142545,0.01718333333333333,0.0029833333333333335,0.008375,0.006785829368614591,0.014945793614205196,0.017906514531477458,-0.007473319300182766,-0.004922224712715421
77,header,high_density,random,0.1,16,120000,8,0.999509432312906,0.9995286807331931,-1.9248420287110157e-05,-1.9248420287110157e-05,0.017283333333333335,0.012383333333333333,0.0,0.05553271796404948,0.0,0.026521395476058054,0.02587640387639422,-0.00736997852842764
77,header,mid_density,random,0.1,16,240000,8,0.9745917084693119,0.9664388751445887,0.008152833324723163,0.008152833324723163,0.11007083333333334,0.072375,0.000975,0.10823508885620997,0.0029428039639820915,0.11486154292372935,0.11349038973288464,-0.030092135611569547
77,header,low_density,random,0.1,16,120000,8,0.9517044025826116,0.9400922511534109,0.01161215142920069,0.01161215142920069,0.1238,0.075125,0.0005833333333333334,0.17087779820687302,0.001041000550243148,0.1256820272616014,0.1221063228044611,-0.002652581570439194
77,header,high_density,random,0.1,17,120000,8,0.999509432312906,0.9975505755434377,0.0019588567694682757,0.0019588567694682757,0.018316666666666665,0.014025,0.0,0.06289472700773571,0.0,0.03547024537916454,0.019802331836624918,-0.015940851868031024
77,header,mid_density,random,0.1,17,240000,8,0.9745917084693119,0.9450344568485076,0.029557251620804248,0.029557251620804248,0.1674625,0.12482083333333334,0.0002916666666666667,0.1866665835846564,0.000880325972131395,0.18314453806781644,0.1756538735829995,-0.049358208686328356
77,header,low_density,random,0.1,17,120000,8,0.9517044025826116,0.906221862227553,0.04548254035505861,0.04548254035505861,0.181475,0.12350833333333333,0.0022166666666666667,0.2809295448945164,0.003955802090923962,0.18677487248947175,0.1731652456076007,-0.0038018218172534753
77,header,high_density,random,0.1,18,120000,8,0.999509432312906,0.9994752897182638,3.414259464218361e-05,3.414259464218361e-05,0.0039833333333333335,0.0007666666666666667,0.002691666666666667,0.003438095594005755,0.0034641413112257483,0.006296532160435195,-0.0055381611707095305,-0.005597423601656754
77,header,mid_density,random,0.1,18,240000,8,0.9745917084693119,0.9721684146327123,0.0024232938365995604,0.0024232938365995604,0.0177125,0.0012666666666666666,0.0118375,0.0018942698337528975,0.035728658383218474,0.01840330142801216,-0.013830340115078589,-0.005092919522556538
77,header,low_density,random,0.1,18,120000,8,0.9517044025826116,0.9478297505520469,0.003874652030564696,0.003874652030564696,0.028725,0.0016333333333333334,0.019058333333333333,0.0037151468051632957,0.03401097512008685,0.024881552248024942,-0.01716090929228976,-0.007725240767931426
77,header,high_density,random,0.1,19,120000,8,0.999509432312906,0.9990926693749135,0.00041676293799253195,0.00041676293799253195,0.00645,0.003833333333333333,0.0,0.017190477970028775,0.0,0.017164166092668784,0.013567918096639259,-0.010167391028832946
77,header,mid_density,random,0.1,19,240000,8,0.9745917084693119,0.9690793758273671,0.005512332641944728,0.005512332641944728,0.059275,0.034866666666666664,0.0009041666666666666,0.05214226963435607,0.0027290105136073242,0.057408545842324465,0.048673117405029255,-0.02017976540612567
77,header,low_density,random,0.1,19,120000,8,0.9517044025826116,0.9452575962709986,0.006446806311612985,0.006446806311612985,0.06418333333333333,0.029966666666666666,0.0038916666666666665,0.06816157097636333,0.006944960813765002,0.05356528282999434,0.04143242534082055,-0.005325317390963716
77,header,high_density,random,0.1,20,120000,8,0.999509432312906,0.9976500652935089,0.0018593670193971512,0.0018593670193971512,0.013283333333333333,0.0048916666666666666,0.007683333333333334,0.021936544713928023,0.009888353835758947,0.0331944007784703,-0.006483900725529952,-0.026949291952345394
77,header,mid_density,random,0.1,20,240000,8,0.9745917084693119,0.9484765610366109,0.026115147432700936,0.026115147432700936,0.08772916666666666,0.031,0.036879166666666664,0.0463597617207946,0.11131093113335681,0.09740506548222345,0.030313943641259194,-0.05635867458842909
77,header,low_density,random,0.1,20,120000,8,0.9517044025826116,0.9143810130923632,0.03732338949024838,0.03732338949024838,0.1249,0.05115833333333333,0.033225,0.11636370529029323,0.0592924170545633,0.11766678351188162,0.04072171516358225,-0.038554598664693934
77,imports,high_density,important,0.01,0,179266,13,0.8570487817743176,0.8551064511826871,0.0019423305916305145,0.0019423305916305145,0.05563241216962503,0.02272600493121953,0.004568629857307019,0.0436520267012397,0.009530237266835008,0.027591017677630007,0.009595847610097004,-0.01512244103134692
77,imports,mid_density,important,0.01,0,180734,13,0.9645899867580319,0.9092239647330003,0.0553660220250316,0.0553660220250316,0.1497006650657873,0.08414022818064117,0.026403443734991757,0.2570443366406924,0.03925213657637798,0.14450082453839075,0.03120083109734532,-0.07791062835867167
77,imports,low_density,important,0.01,0,120000,13,0.9116317876558732,0.8459695051691581,0.06566228248671502,0.06566228248671502,0.16266666666666665,0.1001,0.016991666666666665,0.13726431264998287,0.06275777162203755,0.1514792760874655,0.11200617161501514,-0.08428169734467462
77,imports,high_density,random,0.01,1,179266,13,0.8570487817743176,0.8570488022221392,-2.044782154708713e-08,-2.044782154708713e-08,0.0,0.0,0.0,0.0,0.0,6.965300105235787e-05,4.5568816436125765e-05,-6.0412659803547956e-05
77,imports,mid_density,random,0.01,1,180734,13,0.9645899867580319,0.9644210637510073,0.0001689230070245351,0.0001689230070245351,0.0011840605530780042,0.00031538061460488893,0.00034857857403698255,0.0009634725579351262,0.0005182071677099356,0.0014841953532258511,0.00047435022123918616,-0.0004916494456293739
77,imports,low_density,random,0.01,1,120000,13,0.9116317876558732,0.9104245149980484,0.0012072726578247206,0.0012072726578247206,0.003108333333333333,0.00105,0.001075,0.0014398354473774426,0.003970452446906741,0.0038904556116106663,0.002815037900865585,-0.002257307993830852
77,imports,high_density,random,0.01,2,179266,13,0.8570487817743176,0.8536121544927584,0.003436627281559246,0.003436627281559246,0.0004462642107259603,0.00011156605268149008,0.0,0.00021429566372724448,0.0,0.0012848939839066533,-0.0008206639705820234,0.0002967880832802188
77,imports,mid_density,random,0.01,2,180734,13,0.9645899867580319,0.9643281430520884,0.0002618437059435097,0.0002618437059435097,0.0033861918620735447,0.00038730952670775837,0.0016709639580820433,0.0011832119132536636,0.0024841042007682627,0.004802310309502729,-0.002310792662205903,-0.0023476412969081735
77,imports,low_density,random,0.01,2,120000,13,0.9116317876558732,0.9119578160860233,-0.00032602843015017147,-0.00032602843015017147,0.0051916666666666665,0.000625,0.0016416666666666667,0.0008570449091532396,0.0060634041243459525,0.005676905065282558,-0.0015782452313586358,-0.000309149796817038
77,imports,high_density,random,0.01,3,179266,13,0.8570487817743176,0.857052515621346,-3.733847028342119e-06,-3.733847028342119e-06,0.0,0.0,0.0,0.0,0.0,0.001181606233050766,-0.0011438166733530877,-0.0011579907200293194
77,imports,mid_density,random,0.01,3,180734,13,0.9645899867580319,0.9644972769072531,9.270985077880489e-05,9.270985077880489e-05,0.001455177221773435,0.0002047207498312437,0.000547766330629544,0.0006254120112912223,0.0008143255492584703,0.0028263725883468484,-0.0014601907481124378,-0.0014891400092558746
77,imports,low_density,random,0.01,3,120000,13,0.9116317876558732,0.9113691578632934,0.0002626297925797383,0.0002626297925797383,0.0037416666666666666,0.0006333333333333333,0.001175,0.0008684721746086162,0.004339796860572484,0.0035012710971078264,-0.0006196837970729207,-0.00016695989510543096
77,imports,high_density,random,0.01,4,179266,13,0.8570487817743176,0.8588616278449935,-0.0018128460706758887,-0.0018128460706758887,0.019323240324434082,0.007223901911126482,0.004568629857307019,0.01387564422633908,0.009530237266835008,0.010747799841539648,0.005658671807170466,-0.006512315179492753
77,imports,mid_density,random,0.01,4,180734,13,0.9645899867580319,0.9557668568945168,0.008823129863515078,0.008823129863515078,0.07101596821848684,0.0336903958303363,0.00941715449223721,0.10292253342573655,0.013999819038766832,0.06548301357689405,0.022799667610607515,-0.023967441826695326
77,imports,low_density,random,0.01,4,120000,13,0.9116317876558732,0.8979040307718074,0.0137277568840658,0.0137277568840658,0.07605833333333334,0.0405,0.0070416666666666666,0.055536510113129926,0.026008002462296093,0.06603329429230628,0.04612436057545846,-0.019459963054017346
77,imports,high_density,random,0.01,5,179266,13,0.8570487817743176,0.8199330726765816,0.037115709097736094,0.037115709097736094,0.006236542344895295,0.0,0.004836388383742595,0.0,0.010088785971118378,0.00609131953486959,-0.005958361908167375,0.0026111892586653043
77,imports,mid_density,random,0.01,5,180734,13,0.9645899867580319,0.9606534991831166,0.003936487574915271,0.003936487574915271,0.02668009339692587,0.00021025374306992596,0.02054400389522724,0.0006423150386234175,0.030541320852491918,0.02647576829619589,-0.024453328065850256,-0.0005773541723682441
77,imports,low_density,random,0.01,5,120000,13,0.9116317876558732,0.9094659930524055,0.0021657946034676634,0.0021657946034676634,0.03398333333333333,0.000725,0.020116666666666668,0.000994172094617758,0.07429978454909203,0.03464332459600595,-0.03134387305879891,0.011454416183129297
77,imports,high_density,random,0.01,6,179266,13,0.8570487817743176,0.8570524093300784,-3.6275557607767794e-06,-3.6275557607767794e-06,0.0,0.0,0.0,0.0,0.0,0.0004579111271463405,-0.00045636025475280105,-0.0004008964023547692
77,imports,mid_density,random,0.01,6,180734,13,0.9645899867580319,0.9639615369485109,0.0006284498095209257,0.0006284498095209257,0.002810760565250589,0.0001161928580123275,0.0018424867484811934,0.0003549635739760991,0.002739095029323945,0.003948595290608687,-0.003249485451325077,-0.0014622614768763067
77,imports,low_density,random,0.01,6,120000,13,0.9116317876558732,0.9108677195015378,0.0007640681543353844,0.0007640681543353844,0.006875,0.0002916666666666667,0.0031666666666666666,0.0003999542909381785,0.011695906432748537,0.006683213441628015,-0.004476214207982282,0.0007950322514525961
77,imports,high_density,random,0.01,7,179266,13,0.8570487817743176,0.856968471209542,8.031056477564302e-05,8.031056477564302e-05,0.0,0.0,0.0,0.0,0.0,0.0018798473707884588,0.0015810963306005946,-0.0015367073725618763
77,imports,mid_density,random,0.01,7,180734,13,0.9645899867580319,0.9630012581872317,0.0015887285708001686,0.0015887285708001686,0.010241570484800868,0.0041663439087277435,0.00032644660108225345,0.012727979581142983,0.00048530512531565396,0.012303179804296877,0.011071571112479518,-0.005725770759298646
77,imports,low_density,random,0.01,7,120000,13,0.9116317876558732,0.9071103384253777,0.004521449230495467,0.004521449230495467,0.021316666666666668,0.009908333333333333,0.000875,0.013587018626442692,0.003231763619575254,0.023179581013354114,0.02162099858670297,-0.014247679556154746
77,imports,high_density,random,0.01,8,179266,13,0.8570487817743176,0.8570487817743176,0.0,0.0,0.0,0.0,0.0,0.0,0.0,9.235494155072522e-06,-9.235494155072522e-06,-9.235494155072522e-06
77,imports,mid_density,random,0.01,8,180734,13,0.9645899867580319,0.9644142652367076,0.0001757215213242791,0.0001757215213242791,0.0001604568039217856,5.532993238682263e-06,6.639591886418715e-05,1.6903027332195196e-05,9.870612718284488e-05,0.0005560507659652216,-0.0003198233704007936,-0.00011162249973596005
77,imports,low_density,random,0.01,8,120000,13,0.9116317876558732,0.9113357641508077,0.00029602350506541253,0.00029602350506541253,0.0010333333333333334,0.00021666666666666666,0.0006916666666666667,0.0002971089018397897,0.002554632194521391,0.0010662297764829946,0.0003117869667276153,-0.00034998461074237124
77,imports,high_density,random,0.01,9,179266,13,0.8570487817743176,0.8570247734134718,2.4008360845817478e-05,2.4008360845817478e-05,0.0,0.0,0.0,0.0,0.0,0.001363029887520808,0.0008345397189548602,-0.0012129375523098611
77,imports,mid_density,random,0.01,9,180734,13,0.9645899867580319,0.9639353249723127,0.0006546617857191572,0.0006546617857191572,0.005859439839764516,0.0021634003563247646,0.0008852789181891619,0.006609083686888321,0.001316081695771265,0.005762445030480587,0.00319286974626599,-0.0015969338157117271
77,imports,low_density,random,0.01,9,120000,13,0.9116317876558732,0.9106545500019186,0.0009772376539545213,0.0009772376539545213,0.008225,0.0034583333333333332,0.0015,0.0047423151639812595,0.00554016620498615,0.007575782218124785,0.004826496359057295,-0.0019254180160907287
77,imports,high_density,random,0.01,10,179266,13,0.8570487817743176,0.8563276835488222,0.0007210982254954867,0.0007210982254954867,0.0,0.0,0.0,0.0,0.0,0.00034343229669245453,-0.0003118153471740177,5.174669070033759e-05
77,imports,mid_density,random,0.01,10,180734,13,0.9645899867580319,0.9641301813273304,0.0004598054307014543,0.0004598054307014543,0.0013832483096705656,0.00042050748613985193,0.0005311673509134972,0.001284630077246835,0.000789649017462759,0.002582194587065835,-0.0008135079901383473,-0.001478318372138855
77,imports,low_density,random,0.01,10,120000,13,0.9116317876558732,0.9110350842724777,0.0005967033833954583,0.0005967033833954583,0.004108333333333334,0.0013,0.0010916666666666666,0.0017826534110387383,0.004032009849184365,0.0040551207658355,0.0014231614580194334,-0.0009506958337678869
77,imports,high_density,random,0.01,11,179266,13,0.8570487817743176,0.8563281637609246,0.0007206180133930706,0.0007206180133930706,0.0,0.0,0.0,0.0,0.0,0.00042251539021568164,-0.00042089406029890167,-0.00019684514673658153
77,imports,mid_density,random,0.01,11,180734,13,0.9645899867580319,0.9641189194088624,0.0004710673491694628,0.0004710673491694628,0.0029214204300242346,0.00029878163488884215,0.0016930959310367723,0.0009127634759385406,0.0025170062431625444,0.004266147096364323,-0.003081466060539655,-0.001974763548370798
77,imports,low_density,random,0.01,11,120000,13,0.9116317876558732,0.9103687431544999,0.0012630445013732672,0.0012630445013732672,0.0061,0.0002916666666666667,0.0030916666666666666,0.0003999542909381785,0.01141889812249923,0.00558501482836663,-0.003505912626472899,0.00030589973226134406
77,imports,high_density,random,0.01,12,179266,13,0.8570487817743176,0.8532867953016772,0.0037619864726404773,0.0037619864726404773,0.0,0.0,0.0,0.0,0.0,0.0021802319858935577,-0.0018748479265690795,-0.00032615994214870553
77,imports,mid_density,random,0.01,12,180734,13,0.9645899867580319,0.9642741202548597,0.0003158665031721686,0.0003158665031721686,0.002019542532119026,0.0002821826551727954,0.0013611163367158365,0.000862054393941955,0.00202347560724832,0.0035959021653005807,7.989530118658819e-06,-0.000957961719496276
77,imports,low_density,random,0.01,12,120000,13,0.9116317876558732,0.9109374594097306,0.0006943282461425726,0.0006943282461425726,0.0037416666666666666,0.0009166666666666666,0.0008583333333333333,0.0012569992000914182,0.00317020621729763,0.004229739122174056,0.00011721757224336532,-0.0005422018348657007
77,imports,high_density,random,0.01,13,179266,13,0.8570487817743176,0.8570324482040628,1.633357025487836e-05,1.633357025487836e-05,0.00041279439492151326,0.0002844934343377997,0.0,0.0005464539425044735,0.0,0.00021756244701227895,0.0001575994744363223,-0.00015248231362916822
77,imports,mid_density,random,0.01,13,180734,13,0.9645899867580319,0.9644389811156999,0.00015100564233194724,0.00015100564233194724,0.00122279150574878,0.0005698983035842731,7.192891210286941e-05,0.0017410118152161051,0.00010693163778141528,0.0026854936726712995,0.0016880034690694055,-0.0006817694793642875
77,imports,low_density,random,0.01,13,120000,13,0.9116317876558732,0.9115198324606019,0.00011195519527129605,0.00011195519527129605,0.0038583333333333334,0.0011666666666666668,0.0010083333333333333,0.001599817163752714,0.003724222837796245,0.0029292197783571594,0.0017092754926812286,-0.00032341535785453183
77,imports,high_density,random,0.01,14,179266,13,0.8570487817743176,0.8570485568482804,2.2492603724000304e-07,2.2492603724000304e-07,0.0,0.0,0.0,0.0,0.0,8.995149691172328e-05,-1.615087442710875e-05,-8.732703210326296e-05
77,imports,mid_density,random,0.01,14,180734,13,0.9645899867580319,0.9644934507747306,9.653598330128244e-05,9.653598330128244e-05,0.0008354819790410217,0.0002821826551727954,0.00013832483096705656,0.000862054393941955,0.00020563776496426015,0.0012619925612018172,-0.0001242258056738134,-0.00047429584655348976
77,imports,low_density,random,0.01,14,120000,13,0.9116317876558732,0.9113498359717865,0.0002819516840866232,0.0002819516840866232,0.0015916666666666666,0.0002666666666666667,0.0007583333333333333,0.0003656724945720489,0.0028008618036318867,0.0021535288493635357,-0.0002038570457536068,-5.176598363798569e-07
77,imports,high_density,random,0.01,15,179266,13,0.8570487817743176,0.8533591199946738,0.0036896617796438047,0.0036896617796438047,0.0,0.0,0.0,0.0,0.0,0.0007034007739599218,-0.00020984567522637726,-0.00023208725952724642
77,imports,mid_density,random,0.01,15,180734,13,0.9645899867580319,0.9643772198510874,0.00021276690694449485,0.00021276690694449485,0.0007414210939834232,0.00022685272278597275,0.00010512687153496298,0.000693024120620003,0.0001562847013728377,0.0013961428995835638,0.0003758474055307811,-0.0007298051553631778
77,imports,low_density,random,0.01,15,120000,13,0.9116317876558732,0.9116091861849038,2.2601470969330073e-05,2.2601470969330073e-05,0.0028,0.0010333333333333334,0.00075,0.0014169809164666896,0.002770083102493075,0.0023176463175581183,0.0012385508058686604,-0.0005645351490623372
77,imports,high_density,random,0.01,16,179266,13,0.8570487817743176,0.8570475163783351,1.2653959825525973e-06,1.2653959825525973e-06,0.0,0.0,0.0,0.0,0.0,0.00010169165178858734,-5.749948595172011e-05,-0.00010097949792251825
77,imports,mid_density,random,0.01,16,180734,13,0.9645899867580319,0.9644381883322541,0.00015179842577772718,0.00015179842577772718,0.0013998472893866124,0.0002047207498312437,0.00017152279039915014,0.0006254120112912223,0.0002549908285556826,0.0015793249878981387,0.000688155430472236,-0.0008818605109694414
77,imports,low_density,random,0.01,16,120000,13,0.9116317876558732,0.9111411666833555,0.0004906209725176192,0.0004906209725176192,0.0026,0.0004916666666666666,0.0012666666666666666,0.0006742086618672151,0.004678362573099415,0.00253812268773105,0.0003210768720972818,-0.0005964292189179172
77,imports,high_density,random,0.01,17,179266,13,0.8570487817743176,0.8570619217439518,-1.3139969634146098e-05,-1.3139969634146098e-05,0.00024544531589927815,0.0,9.483114477926657e-05,0.0,0.000197819332767027,0.0017596470601522398,-0.0012801098094955693,-0.0017311415611940561
77,imports,mid_density,random,0.01,17,180734,13,0.9645899867580319,0.9629205625093638,0.0016694242486681166,0.0016694242486681166,0.012072991246804696,0.0008852789181891619,0.007331216041253997,0.0027044843731512313,0.01089880154310579,0.015131469360445902,-0.009918411510920034,-0.004879791286176828
77,imports,low_density,random,0.01,17,120000,13,0.9116317876558732,0.9073745002945448,0.004257287361328355,0.004257287361328355,0.019425,0.0011666666666666668,0.01025,0.001599817163752714,0.03785780240073869,0.017422297869358717,-0.012414731393213706,0.002924560119107895
77,imports,high_density,random,0.01,18,179266,13,0.8570487817743176,0.8570386822960062,1.0099478311431653e-05,1.0099478311431653e-05,0.0,0.0,0.0,0.0,0.0,0.0009487980203757697,-0.0008588993141773407,-0.0006440378876978511
77,imports,mid_density,random,0.01,18,180734,13,0.9645899867580319,0.9642966705781595,0.0002933161798723827,0.0002933161798723827,0.006584261954031892,0.0005754312968229553,0.0032810649905385815,0.0017579148425483004,0.004877727784952251,0.00724965855635539,-0.005253067875214354,-0.0025953141000042727
77,imports,low_density,random,0.01,18,120000,13,0.9116317876558732,0.9117957954697453,-0.0001640078138721579,-0.0001640078138721579,0.007025,0.0007416666666666666,0.0021583333333333333,0.001017026625528511,0.007971683594952293,0.006555439237192015,-0.0020289111031772202,-0.00014891985328113768
77,imports,high_density,random,0.01,19,179266,13,0.8570487817743176,0.8572781838896416,-0.00022940211532396226,-0.00022940211532396226,0.0,0.0,0.0,0.0,0.0,0.0007763838178211545,0.00041982412630948475,-0.0006891278172917012
77,imports,mid_density,random,0.01,19,180734,13,0.9645899867580319,0.9637530375439676,0.0008369492140642976,0.0008369492140642976,0.0025341109033164763,0.0007082231345513296,0.000990405789724125,0.002163587498520985,0.0014723663971441027,0.004567011528549857,0.0005425021056304432,-0.002861549495153081
77,imports,low_density,random,0.01,19,120000,13,0.9116317876558732,0.9081248465857079,0.003506941070165248,0.003506941070165248,0.007083333333333333,0.002,0.0018083333333333332,0.002742543709290367,0.0066789781471221915,0.011600559874444144,0.006240311072070647,-0.006768732923694605
77,imports,high_density,random,0.01,20,179266,13,0.8570487817743176,0.8570418434793486,6.938294969005554e-06,6.938294969005554e-06,0.00041279439492151326,0.0002844934343377997,0.0,0.0005464539425044735,0.0,0.0001929845385926226,0.00012747183244759088,-0.00011934533530017589
77,imports,mid_density,random,0.01,20,180734,13,0.9645899867580319,0.9643336341410759,0.00025635261695600153,0.00025635261695600153,0.0016101010324565384,0.0009959387829628073,4.42639459094581e-05,0.0030425449197951353,6.580408478856325e-05,0.0024377764146035364,0.001956106381441319,-0.0003048094763520761
77,imports,low_density,random,0.01,20,120000,13,0.9116317876558732,0.9112897081207691,0.0003420795351040118,0.0003420795351040118,0.0047666666666666664,0.0018,0.000475,0.00246828933836133,0.0017543859649122807,0.003798871415271194,0.002485810542529068,-0.000639405057259925
77,imports,high_density,important,0.05,0,179266,65,0.8570487817743176,0.7928696277457238,0.06417915402859387,0.06417915402859387,0.04623855053384356,0.0010654558031082302,0.042612653821695136,0.002046523588595185,0.08889069900043055,0.11369239899395621,-0.10342024242093284,-0.08657548753244347
77,imports,mid_density,important,0.05,0,180734,65,0.9645899867580319,0.856221130540385,0.10836885621764691,0.10836885621764691,0.3764427279869864,0.0054278663671472995,0.34049487091526776,0.01658186981288349,0.5061896967254242,0.29499074791750174,-0.23608683942397904,-0.1660734471933615
77,imports,low_density,important,0.05,0,120000,65,0.9116317876558732,0.8273350252298475,0.08429676242602568,0.08429676242602568,0.162775,0.006441666666666667,0.11815833333333334,0.008833276197006057,0.4364112034472145,0.13530173554681021,-0.05428918382764249,-0.03759956682170491
77,imports,high_density,random,0.05,1,179266,65,0.8570487817743176,0.8563262851796583,0.0007224965946593942,0.0007224965946593942,0.0,0.0,0.0,0.0,0.0,0.0017887667801076853,-0.0016818097355609165,-0.0016671063540392521
77,imports,mid_density,random,0.05,1,180734,65,0.9645899867580319,0.9600086543839189,0.004581332374112956,0.004581332374112956,0.029186539334048935,0.0005145683711974504,0.024101718547699935,0.0015719815418941533,0.03583032416737269,0.024778453556936128,-0.02106078451810265,-0.013607007550593781
77,imports,low_density,random,0.05,1,120000,65,0.9116317876558732,0.9094964787737929,0.0021353088820802446,0.0021353088820802446,0.015041666666666667,0.0018416666666666666,0.007583333333333333,0.002525425665638213,0.028008618036318867,0.014886741860973593,-0.005911518955626507,-0.0010141671384262603
77,imports,high_density,random,0.05,2,179266,65,0.8570487817743176,0.856941833745101,0.00010694802921662472,0.00010694802921662472,0.0,0.0,0.0,0.0,0.0,0.0022470065608025725,-0.0007138769238842436,-0.0018009957704718928
77,imports,mid_density,random,0.05,2,180734,65,0.9645899867580319,0.9626063993366009,0.00198358742143101,0.00198358742143101,0.010866798720771963,0.003950557172419135,0.003585379618666106,0.01206876151518737,0.005330130867873623,0.014785689745343738,-0.00021578011928490327,-0.008300751590360745
77,imports,low_density,random,0.05,2,120000,65,0.9116317876558732,0.9077119774448501,0.003919810211023056,0.003919810211023056,0.01785,0.004633333333333333,0.005216666666666666,0.00635355959318935,0.019267466912896276,0.016867492300798415,0.0021466214454161593,-0.004117694929354821
77,imports,high_density,random,0.05,3,179266,65,0.8570487817743176,0.8318790751820307,0.0251697065922869,0.0251697065922869,0.005890687581582676,0.0,0.004524003436234422,0.0,0.009437145816121113,0.007631422217359575,-0.0056250175747873735,7.424847706169356e-05
77,imports,mid_density,random,0.05,3,180734,65,0.9645899867580319,0.9581203501616367,0.006469636596395212,0.006469636596395212,0.032838314871579226,0.004570252415151549,0.01934334436243319,0.013961900576393233,0.02875638505260214,0.03356693990468103,-0.015012078501606109,-0.010849516329712273
77,imports,low_density,random,0.05,3,120000,65,0.9116317876558732,0.906644393698804,0.004987393957069153,0.004987393957069153,0.038641666666666664,0.007858333333333333,0.014241666666666666,0.010775911324420066,0.05260080024622961,0.039127412928360944,-0.013689616802666631,0.0032362688000780607
77,imports,high_density,random,0.05,4,179266,65,0.8570487817743176,0.8533423183687958,0.0037064634055218315,0.0037064634055218315,0.008629634174913258,0.0014559369874934454,0.0,0.0027965584116405404,0.0,0.0036199831669465354,6.354661593257948e-05,-0.002338049665578107
77,imports,mid_density,random,0.05,4,180734,65,0.9645899867580319,0.9637095644531408,0.0008804223048910487,0.0008804223048910487,0.01159162083503934,0.0019310146403001096,0.004824770104130933,0.005899156538936123,0.007172645241953394,0.013784253598891036,-0.0038855802260012212,-0.0039003967597497054
77,imports,low_density,random,0.05,4,120000,65,0.9116317876558732,0.9077155994202166,0.003916188235656537,0.003916188235656537,0.020675,0.0034083333333333335,0.009366666666666667,0.004673751571249,0.03459526008002462,0.017723295217416186,-0.004802732968209418,-0.0016930722175231097
77,imports,high_density,random,0.05,5,179266,65,0.8570487817743176,0.8333501513133125,0.023698630461005177,0.023698630461005177,0.0033916080015172984,0.0011435520399852733,9.483114477926657e-05,0.0021965305532042558,0.000197819332767027,0.008586277957539374,-0.0038230735190077675,-0.0038838995519340307
77,imports,mid_density,random,0.05,5,180734,65,0.9645899867580319,0.9612860862182783,0.0033039005397536014,0.0033039005397536014,0.027382783538238517,0.009455885444907986,0.006611926920225304,0.02888727371072159,0.009829485165291635,0.026814159533514934,-0.0003872886611852975,-0.011081951729412516
77,imports,low_density,random,0.05,5,120000,65,0.9116317876558732,0.9051767510261941,0.006455036629679056,0.006455036629679056,0.027316666666666666,0.00615,0.01,0.008433321906067878,0.03693444136657433,0.026140235174295017,-0.004093335552803208,-0.0016931230738653272
77,imports,high_density,random,0.05,6,179266,65,0.8570487817743176,0.8572768352061907,-0.00022805343187304317,-0.00022805343187304317,0.013192685729586201,0.003174054198788393,0.0,0.006096711633040105,0.0,0.004694574015839846,0.003471027120727975,-0.0022862011937117214
77,imports,mid_density,random,0.05,6,180734,65,0.9645899867580319,0.9623373743501656,0.002252612407866228,0.002252612407866228,0.018601923268449765,0.00762999767614284,0.0027554306328637667,0.023309274691097174,0.004096304278088062,0.019872329238201047,0.008575233679856471,-0.009314854182234676
77,imports,low_density,random,0.05,6,120000,65,0.9116317876558732,0.9086395217937367,0.0029922658621364118,0.0029922658621364118,0.032466666666666665,0.013991666666666666,0.003991666666666667,0.019186378699577192,0.014742997845490921,0.028979033723886622,0.01836813864803838,-0.010631072913461728
77,imports,high_density,random,0.05,7,179266,65,0.8570487817743176,0.853730743005474,0.003318038768843623,0.003318038768843623,0.00024544531589927815,0.0,9.483114477926657e-05,0.0,0.000197819332767027,0.0030790929178544485,-0.0008062285341757802,-0.0023369542109239133
77,imports,mid_density,random,0.05,7,180734,65,0.9645899867580319,0.9607245985246436,0.003865388233388223,0.003865388233388223,0.022004714110239357,0.0074197439330729135,0.003895227240032313,0.02266695965247376,0.005790759461393566,0.026003564422496975,0.006918459272283454,-0.015932122767835618
77,imports,low_density,random,0.05,7,120000,65,0.9116317876558732,0.9066191735234655,0.005012614132407611,0.005012614132407611,0.034466666666666666,0.0135,0.005366666666666666,0.018512170037709975,0.01982148353339489,0.034846775959107276,0.01644830494116488,-0.017544619242314454
77,imports,high_density,random,0.05,8,179266,65,0.8570487817743176,0.8572481192954958,-0.00019933752117817782,-0.00019933752117817782,0.0,0.0,0.0,0.0,0.0,0.00239594252474533,0.0013332801031843212,-0.0012028507645166532
77,imports,mid_density,random,0.05,8,180734,65,0.9645899867580319,0.9638163381459914,0.000773648612040434,0.000773648612040434,0.01044629123463211,0.003967156152135182,0.0012172585125100977,0.012119470597183955,0.0018096123316854893,0.012800363710177816,0.008729988751485101,-0.006512602365245045
77,imports,low_density,random,0.05,8,120000,65,0.9116317876558732,0.9121114952205789,-0.0004797075647057225,-0.0004797075647057225,0.0211,0.009666666666666667,0.0005166666666666667,0.013255627928236773,0.0019082794706063405,0.020437465855489455,0.017781154071646977,-0.007769556243126166
77,imports,high_density,random,0.05,9,179266,65,0.8570487817743176,0.8573083222954362,-0.00025954052111853976,-0.00025954052111853976,0.0005913000792118974,0.0,0.00040721609228743877,0.0,0.0008494594877642925,0.0016583487411946072,-0.00027902880894748345,-0.0010229516710567727
77,imports,mid_density,random,0.05,9,180734,65,0.9645899867580319,0.9635655141577509,0.0010244726002809346,0.0010244726002809346,0.010739539876282272,0.0026945677072382616,0.0031759381190036187,0.008231774310779061,0.004721443083579413,0.012893446109415577,-0.0014862410509443502,-0.00588216676389576
77,imports,low_density,random,0.05,9,120000,65,0.9116317876558732,0.9093591804783054,0.0022726071775677203,0.0022726071775677203,0.017191666666666668,0.004358333333333333,0.005316666666666667,0.005976459833161924,0.019636811326562018,0.015926259124718654,0.003951618300218477,-0.004832317469636932
77,imports,high_density,random,0.05,10,179266,65,0.8570487817743176,0.8572809179130043,-0.00023213613868666716,-0.00023213613868666716,0.0006917095266252385,0.00011156605268149008,9.483114477926657e-05,0.00021429566372724448,0.000197819332767027,0.004539112824303766,-0.001083753423134228,-0.002079566013517414
77,imports,mid_density,random,0.05,10,180734,65,0.9645899867580319,0.9605102993711252,0.004079687386906672,0.004079687386906672,0.01714121305343765,0.005350404461805748,0.007248221142673763,0.016345227430232756,0.010775418884127232,0.020928960619810668,-0.006082155201386295,-0.010184674574816128
77,imports,low_density,random,0.05,10,120000,65,0.9116317876558732,0.9049086849292588,0.006723102726614361,0.006723102726614361,0.022183333333333333,0.0023833333333333332,0.011125,0.0032681979202376873,0.041089566020313946,0.023577903591479817,-0.008945283860468882,-0.003475892330255878
77,imports,high_density,random,0.05,11,179266,65,0.8570487817743176,0.8258146472928458,0.03123413448147183,0.03123413448147183,0.010654558031082303,0.003313511764640255,0.005120881818080394,0.006364581212699161,0.010682243969419459,0.0133687800070478,-0.0004666046589678031,-0.006101659901591516
77,imports,mid_density,random,0.05,11,180734,65,0.9645899867580319,0.9436461888495205,0.02094379790851142,0.02094379790851142,0.07586840328881118,0.028240397490234267,0.0268571491805637,0.08627305150352428,0.03992662844546075,0.0739255022097306,-0.0022764415930353857,-0.033954326695747536
77,imports,low_density,random,0.05,11,120000,65,0.9116317876558732,0.8852220079565983,0.026409779699274827,0.026409779699274827,0.07340833333333334,0.026358333333333334,0.021883333333333334,0.03614444063535596,0.08082486919052016,0.0684215814366843,0.010779869850862153,-0.013138582593105007
77,imports,high_density,random,0.05,12,179266,65,0.8570487817743176,0.8247489135652532,0.0322998682090645,0.0322998682090645,0.0,0.0,0.0,0.0,0.0,0.004394796766147075,-0.0033212524949883643,0.00019785360145267375
77,imports,mid_density,random,0.05,12,180734,65,0.9645899867580319,0.9631018794662163,0.001488107291815588,0.001488107291815588,0.009478017417862715,0.00168756293779809,0.0042216738411145665,0.005155423336319535,0.00627606458670922,0.012808556779522223,-0.006792980768110362,-0.0064528499760367645
77,imports,low_density,random,0.05,12,120000,65,0.9116317876558732,0.9096533412933786,0.001978446362494557,0.001978446362494557,0.015683333333333334,0.0028583333333333334,0.006358333333333333,0.003919552051194149,0.023484148968913512,0.01508176569891718,-0.002054597440060416,-0.001113359638292671
77,imports,high_density,random,0.05,13,179266,65,0.8570487817743176,0.8573905360661412,-0.00034175429182359274,-0.00034175429182359274,0.002136489908850535,0.0011547086452534223,0.0,0.0022179601195769804,0.0,0.0018608933851495897,0.0009887652659122416,-0.0011993100417475228
77,imports,mid_density,random,0.05,13,180734,65,0.9645899867580319,0.964068069552885,0.0005219172051468268,0.0005219172051468268,0.009079641904677593,0.003474719753892461,0.0009572078302920314,0.010615101164618583,0.0014230133335526804,0.009428956981335649,0.006390092985932898,-0.003931584782673588
77,imports,low_density,random,0.05,13,120000,65,0.9116317876558732,0.9120590718929049,-0.00042728423703175533,-0.00042728423703175533,0.015575,0.006566666666666667,0.0009416666666666667,0.009004685178836704,0.0034779932286857496,0.014870800856184802,0.011443637232875203,-0.006041639868714394
77,imports,high_density,random,0.05,14,179266,65,0.8570487817743176,0.8591251388592704,-0.0020763570849527957,-0.0020763570849527957,0.0010096727767674853,0.00011156605268149008,0.0005634085660415249,0.00021429566372724448,0.0011752795652629252,0.00589724020455375,0.0022722395919550537,-0.004976109182485027
77,imports,mid_density,random,0.05,14,180734,65,0.9645899867580319,0.9566405121767692,0.007949474581262717,0.007949474581262717,0.03832151117111335,0.005068221806632953,0.02433963725696327,0.0154831730362908,0.03618402112311122,0.03854997665002079,-0.00817005298997708,-0.022553018648647137
77,imports,low_density,random,0.05,14,120000,65,0.9116317876558732,0.9083082290485449,0.0033235586073282475,0.0033235586073282475,0.022275,0.006783333333333333,0.006375,0.009301794080676494,0.023545706371191136,0.02202494878382081,0.0026858769684684823,-0.005705302019458923
77,imports,high_density,random,0.05,15,179266,65,0.8570487817743176,0.853559962113942,0.0034888196603756194,0.0034888196603756194,0.0,0.0,0.0,0.0,0.0,0.0019249933566564909,-0.0006856091809766997,-0.0007868754068235885
77,imports,mid_density,random,0.05,15,180734,65,0.9645899867580319,0.9621685625719656,0.002421424186066279,0.002421424186066279,0.01443004636648334,0.0030320802947978796,0.005466597319818075,0.009262858978042968,0.00812680447138756,0.01578924299557792,-0.0012743231993659922,-0.007438698898295749
77,imports,low_density,random,0.05,15,120000,65,0.9116317876558732,0.9072276506129591,0.004404137042914091,0.004404137042914091,0.018941666666666666,0.0047666666666666664,0.00715,0.006536395840475375,0.026408125577100646,0.015459307108709085,-0.00012643791128331443,-0.0029031178137647554
77,imports,high_density,random,0.05,16,179266,65,0.8570487817743176,0.8375536594928705,0.01949512228144712,0.01949512228144712,0.0,0.0,0.0,0.0,0.0,0.004475015117002096,-0.0016149389936431925,-0.0009213580062332679
77,imports,mid_density,random,0.05,16,180734,65,0.9645899867580319,0.9634865879219247,0.0011033988361072167,0.0011033988361072167,0.010092179667356446,0.0024068520588267843,0.002633704781612757,0.007352816889504911,0.003915343044919513,0.015825071161643965,0.00037822701828988596,-0.010295567081082941
77,imports,low_density,random,0.05,16,120000,65,0.9116317876558732,0.911734500272035,-0.00010271261616179306,-0.00010271261616179306,0.019666666666666666,0.006366666666666666,0.00315,0.008730430807907667,0.011634349030470914,0.018831369059643065,0.009392152214494645,-0.006798075013205948
77,imports,high_density,random,0.05,17,179266,65,0.8570487817743176,0.8528949114920613,0.004153870282256333,0.004153870282256333,0.005193399752323363,0.0,0.003971751475461046,0.0,0.008285139113536661,0.00543029609172929,-0.0011918609939506927,-0.001376704515512787
77,imports,mid_density,random,0.05,17,180734,65,0.9645899867580319,0.962147317727474,0.002442669030557898,0.002442669030557898,0.019359943342149237,0.005250810583509467,0.0054278663671472995,0.01604097293825324,0.008069225897197569,0.02569072064402633,0.0028760779103512227,-0.01629801122070957
77,imports,low_density,random,0.05,17,120000,65,0.9116317876558732,0.9091820675359477,0.0024497201199255025,0.0024497201199255025,0.033416666666666664,0.012616666666666667,0.003925,0.017300879899440062,0.014496768236380424,0.029343320461678507,0.016783020810837244,-0.009589350597168107
77,imports,high_density,random,0.05,18,179266,65,0.8570487817743176,0.8572751460789787,-0.00022636430466105306,-0.00022636430466105306,0.0,0.0,0.0,0.0,0.0,0.0015348236385473273,-0.0007204200483387114,0.00021116126799019592
77,imports,mid_density,random,0.05,18,180734,65,0.9645899867580319,0.9640534321871872,0.0005365545708446717,0.0005365545708446717,0.004459592550377903,0.0007414210939834232,0.0016986289242754546,0.0022650056625141564,0.002525231753761115,0.006097396851421169,0.00113373010511019,-0.0025285772490405605
77,imports,low_density,random,0.05,18,120000,65,0.9116317876558732,0.9097791430352822,0.001852644620590982,0.001852644620590982,0.011625,0.0036333333333333335,0.0033916666666666665,0.004982287738544166,0.01252693136349646,0.011518099741466475,0.004798592841764958,-0.003587368758829833
77,imports,high_density,random,0.05,19,179266,65,0.8570487817743176,0.8572951448589096,-0.00024636308459191625,-0.00024636308459191625,0.0,0.0,0.0,0.0,0.0,0.003165751835207153,0.00023574049522491442,-0.0025615758610832325
77,imports,mid_density,random,0.05,19,180734,65,0.9645899867580319,0.9634485391132726,0.0011414476447593191,0.0011414476447593191,0.010645478991224673,0.001604568039217856,0.004492790509809997,0.004901877926336607,0.00667911460603917,0.014577434786499435,-0.0040230580191390275,-0.00891799922509269
77,imports,low_density,random,0.05,19,120000,65,0.9116317876558732,0.9110257769775527,0.0006060106783204455,0.0006060106783204455,0.016466666666666668,0.005016666666666667,0.0035,0.00687921380413667,0.012927054478301015,0.016831156318112862,0.0070167133615692216,-0.00590242028540926
77,imports,high_density,random,0.05,20,179266,65,0.8570487817743176,0.8572735620585569,-0.00022478028423922325,-0.00022478028423922325,0.0,0.0,0.0,0.0,0.0,0.003640764584830762,0.00018694432600731723,-0.0028342639559718018
77,imports,mid_density,random,0.05,20,180734,65,0.9645899867580319,0.9630766011864808,0.001513385571551118,0.001513385571551118,0.007867916385406177,0.0023238571602465503,0.003142740159571525,0.007099271479521983,0.004672090019987991,0.014202055107377745,0.0009861740063212563,-0.006066380655980231
77,imports,low_density,random,0.05,20,120000,65,0.9116317876558732,0.9073516030300929,0.004280184625780281,0.004280184625780281,0.020008333333333333,0.006633333333333333,0.004083333333333333,0.009096103302479716,0.015081563558017852,0.022941604697975487,0.011960066120254973,-0.00999913362773491
77,imports,high_density,important,0.1,0,179266,129,0.8570487817743176,0.7870396651766569,0.07000911659766074,0.07000911659766074,0.06706235426684369,0.0,0.06479756339740944,0.0,0.13516878643657562,0.13824063986897503,-0.12104845351267003,-0.11321716224321617
77,imports,mid_density,important,0.1,0,180734,129,0.9645899867580319,0.8515172134350723,0.11307277332295962,0.11307277332295962,0.4519957506611927,0.000802284019608928,0.42116591233525513,0.0024509389631683035,0.6261176412525807,0.33649156049369944,-0.2666524334267972,-0.1846934682630036
77,imports,low_density,important,0.1,0,120000,129,0.9116317876558732,0.815773434713472,0.09585835294240119,0.09585835294240119,0.19675,0.00155,0.15375833333333333,0.0021254713747000343,0.5678978147122191,0.153753463792574,-0.05701114756081326,-0.04514382862479362
77,imports,high_density,random,0.1,1,179266,129,0.8570487817743176,0.8557454428638589,0.0013033389104587512,0.0013033389104587512,0.004931219528521861,0.0029174522776209653,0.0,0.005603831606467443,0.0,0.01266202075174049,-0.0009950450744358127,-0.008523738318207548
77,imports,mid_density,random,0.1,1,180734,129,0.9645899867580319,0.9558113062268316,0.008778680531200234,0.008778680531200234,0.04054577445306362,0.021407150840461672,0.007674261622052298,0.06539781274826321,0.011408783200217154,0.04202535718393832,0.005140117887275531,-0.024276211764077685
77,imports,low_density,random,0.1,1,120000,129,0.9116317876558732,0.8991815397855072,0.012450247870365971,0.012450247870365971,0.04174166666666667,0.010566666666666667,0.016608333333333333,0.014489772597417438,0.0613419513696522,0.04264917180139402,0.008451299904510264,-0.01695516979944627
77,imports,high_density,random,0.1,2,179266,129,0.8570487817743176,0.8565927395581051,0.0004560422162125377,0.0004560422162125377,0.01423025001952406,0.0032856202514698826,0.00040721609228743877,0.00631100729676735,0.0008494594877642925,0.010124934138172432,-0.00042361314140197334,-0.008959736388485203
77,imports,mid_density,random,0.1,2,180734,129,0.9645899867580319,0.9530271051980209,0.011562881560010951,0.011562881560010951,0.0540905419013578,0.0034027908417895913,0.039123795190722274,0.010395361809300046,0.058162585442491345,0.06277245414294899,-0.028451439420710246,-0.0367233691594055
77,imports,low_density,random,0.1,2,120000,129,0.9116317876558732,0.900264870050115,0.011366917605758142,0.011366917605758142,0.04565,0.007241666666666667,0.019691666666666666,0.009930293680722202,0.07273007079101262,0.04514815747936919,-0.0071014076607852855,-0.011331250277713199
77,imports,high_density,random,0.1,3,179266,129,0.8570487817743176,0.858460147648286,-0.0014113658739683954,-0.0014113658739683954,0.020874008456706793,0.008267044503698414,0.004568629857307019,0.015879308682188818,0.009530237266835008,0.01372267004146522,0.006473939717826628,-0.008930912860062144
77,imports,mid_density,random,0.1,3,180734,129,0.9645899867580319,0.9510222578466889,0.013567728911342947,0.013567728911342947,0.07217236380537143,0.03230714752066573,0.013234919826927972,0.09869677659268775,0.019675421351780412,0.07001541393228301,0.015767302725802804,-0.03366786559834777
77,imports,low_density,random,0.1,3,120000,129,0.9116317876558732,0.8924697716470797,0.019162016008793414,0.019162016008793414,0.07528333333333333,0.03835,0.009408333333333333,0.052588275625642784,0.03474915358571868,0.06762756804719851,0.041673127621957094,-0.023118064939949595
77,imports,high_density,random,0.1,4,179266,129,0.8570487817743176,0.8533229314026485,0.0037258503716691704,0.0037258503716691704,0.0,0.0,0.0,0.0,0.0,0.003727551525290259,-0.0015407622642154978,-0.0022900893138303705
77,imports,mid_density,random,0.1,4,180734,129,0.9645899867580319,0.9607627714924709,0.003827215265560957,0.003827215265560957,0.016294665087919262,0.005549592218398309,0.0033806588688348625,0.016953736414191782,0.005025786975726519,0.02576543606585469,0.0012030092953066922,-0.017061926654576464
77,imports,low_density,random,0.1,4,120000,129,0.9116317876558732,0.906969537913954,0.0046622497419192,0.0046622497419192,0.03410833333333333,0.014516666666666667,0.004591666666666667,0.019906296423265912,0.01695906432748538,0.03434115895516433,0.02014792692741201,-0.01679710955490656
77,imports,high_density,random,0.1,5,179266,129,0.8570487817743176,0.8333688090777253,0.02367997269659239,0.02367997269659239,0.0005634085660415249,0.0,0.0005634085660415249,0.0,0.0011752795652629252,0.009660917059112406,-0.007399153633143245,-0.005072853944032634
77,imports,mid_density,random,0.1,5,180734,129,0.9645899867580319,0.952167797043753,0.012422189714278886,0.012422189714278886,0.056547190899332724,0.004431927584184492,0.03942257682561112,0.013539324893088352,0.05860676301481414,0.06294257199614205,-0.03171294010036503,-0.04034740628342699
77,imports,low_density,random,0.1,5,120000,129,0.9116317876558732,0.9088744050321611,0.002757382623712057,0.002757382623712057,0.03444166666666667,0.0062833333333333335,0.011525,0.008616158153353903,0.04256694367497692,0.03701754664050156,0.001777337017418147,-0.016678732210193222
77,imports,high_density,random,0.1,6,179266,129,0.8570487817743176,0.8572505936689289,-0.00020181189461121463,-0.00020181189461121463,0.0011045039215467518,0.0003960594870192898,9.483114477926657e-05,0.000760749606231718,0.000197819332767027,0.004484137750359207,0.0003019996044479687,-0.003959339112795716
77,imports,mid_density,random,0.1,6,180734,129,0.9645899867580319,0.9622812863812584,0.0023087003767734426,0.0023087003767734426,0.013677559286022552,0.003352993902641451,0.005046089833678223,0.01024323456331029,0.007501665665896211,0.019128531916315646,0.0020599255230800578,-0.012969167283614302
77,imports,low_density,random,0.1,6,120000,129,0.9116317876558732,0.9074029501056187,0.004228837550254494,0.004228837550254494,0.020991666666666665,0.008075,0.004683333333333334,0.011073020226259856,0.01729763004001231,0.021617030798143765,0.009622631201854092,-0.008266680269655187
77,imports,high_density,random,0.1,7,179266,129,0.8570487817743176,0.8317749574928972,0.025273824281420443,0.025273824281420443,0.0087077304117903,0.0,0.007301998148003526,0.0,0.01523208862306108,0.012519062919949472,-0.010924325219736757,-0.006446440177562301
77,imports,mid_density,random,0.1,7,180734,129,0.9645899867580319,0.9572494480708597,0.007340538687172216,0.007340538687172216,0.03667267918598603,0.0030652782542299733,0.02350415527792225,0.009364277142036139,0.03494196902272709,0.05210969893166469,-0.02852470920071044,-0.03295736378200945
77,imports,low_density,random,0.1,7,120000,129,0.9116317876558732,0.9021551286281349,0.00947665902773831,0.00947665902773831,0.050275,0.0034,0.027641666666666665,0.004662324305793624,0.10209295167743922,0.046632785646977294,-0.022341912490903126,-0.009121170216391979
77,imports,high_density,random,0.1,8,179266,129,0.8570487817743176,0.8565110075580257,0.0005377742162919752,0.0005377742162919752,0.0014224671716889985,0.0003960594870192898,0.0005634085660415249,0.000760749606231718,0.0011752795652629252,0.004967440135893275,0.0018329338605922868,-0.003604850276418105
77,imports,mid_density,random,0.1,8,180734,129,0.9645899867580319,0.9524340452721055,0.012155941485926358,0.012155941485926358,0.04873460444631337,0.009500149390817444,0.026431108701185167,0.02902249792937915,0.03929326412937083,0.04521351176185557,0.0008987095470486861,-0.02145714420540913
77,imports,low_density,random,0.1,8,120000,129,0.9116317876558732,0.904991714441183,0.006640073214690179,0.006640073214690179,0.04126666666666667,0.019633333333333332,0.0034333333333333334,0.0269226374128671,0.01268082486919052,0.04324261520330396,0.03530554350012921,-0.022937909765429598
77,imports,high_density,random,0.1,9,179266,129,0.8570487817743176,0.8566692895315982,0.00037949224271949245,0.00037949224271949245,0.00046857742126225834,0.0,0.00046857742126225834,0.0,0.000977460232495898,0.007652612761974585,-0.001874986279562484,-0.00565096083070734
77,imports,mid_density,random,0.1,9,180734,129,0.9645899867580319,0.9548596798167646,0.009730306941267308,0.009730306941267308,0.05924175860657098,0.01164141777418748,0.033247756371241714,0.03556396950693869,0.04942709318680957,0.06015834863575911,-0.035645018243579296,-0.04030083037065484
77,imports,low_density,random,0.1,9,120000,129,0.9116317876558732,0.9022119686343546,0.00941981902151856,0.00941981902151856,0.04364166666666667,0.0048916666666666666,0.023716666666666667,0.006707804822306022,0.08759618344105878,0.03883524038901831,-0.018263166740146886,-0.006424340544450677
77,imports,high_density,random,0.1,10,179266,129,0.8570487817743176,0.853606428042922,0.0034423537313956754,0.0034423537313956754,0.0004462642107259603,0.00011156605268149008,0.0,0.00021429566372724448,0.0,0.0037253602976797216,-0.0013867521624480906,-0.002825069586611508
77,imports,mid_density,random,0.1,10,180734,129,0.9645899867580319,0.9598378034337779,0.004752183324253978,0.004752183324253978,0.022237099826264012,0.0067170537917602665,0.005129084732258457,0.020520275181284967,0.007625048324874767,0.030584374342281177,-0.0014188767634359402,-0.018750042079172587
77,imports,low_density,random,0.1,10,120000,129,0.9116317876558732,0.9072543743758573,0.0043774132800158405,0.0043774132800158405,0.027475,0.006958333333333334,0.0095,0.009541766655239401,0.03508771929824561,0.02860080931255448,0.004681390482766912,-0.010827234464773145
77,imports,high_density,random,0.1,11,179266,129,0.8570487817743176,0.8567280219092491,0.0003207598650685206,0.0003207598650685206,0.0005132038423348544,8.925284214519206e-05,0.0,0.00017143653098179558,0.0,0.004091232656472217,-0.0002719192778673807,-0.002145097561081406
77,imports,mid_density,random,0.1,11,180734,129,0.9645899867580319,0.9600635856425707,0.004526401115461209,0.004526401115461209,0.018032024964865494,0.00870893135768588,0.00383989730764549,0.026605365020875238,0.005708504355407862,0.022691982069931223,0.005040508223906534,-0.011872209810914752
77,imports,low_density,random,0.1,11,120000,129,0.9116317876558732,0.9031212872158585,0.008510500440014668,0.008510500440014668,0.024358333333333333,0.010025,0.0053416666666666664,0.013747000342817964,0.019729147429978455,0.030338317140771513,0.015700222062222127,-0.01562254899963566
77,imports,high_density,random,0.1,12,179266,129,0.8570487817743176,0.8569943188768748,5.4462897442819624e-05,5.4462897442819624e-05,0.005438845068222641,0.0,0.004066582620240313,0.0,0.008482958446303687,0.004641582060274326,-0.00271805040775838,-0.0030179314771193936
77,imports,mid_density,random,0.1,12,180734,129,0.9645899867580319,0.9618160828071557,0.0027739039508761776,0.0027739039508761776,0.020084765456416614,0.003563247645711377,0.009942788849912025,0.010885549601933706,0.01478124254563102,0.024506529090614092,-0.005744084997742185,-0.014489108254087021
77,imports,low_density,random,0.1,12,120000,129,0.9116317876558732,0.9074095498877867,0.004222237768086501,0.004222237768086501,0.026691666666666666,0.007916666666666667,0.006875,0.010855902182607702,0.025392428439519853,0.025575173471347364,0.005315713220214659,-0.008011580366947256
77,imports,high_density,random,0.1,13,179266,129,0.8570487817743176,0.8565591939717001,0.0004895878026175415,0.0004895878026175415,0.014051744335233676,0.0035701136858076825,0.0,0.006857461239271823,0.0,0.007530957156869418,-0.0006743014500659446,-0.006023542657362694
77,imports,mid_density,random,0.1,13,180734,129,0.9645899867580319,0.9573963980321829,0.007193588725848965,0.007193588725848965,0.03355760399260792,0.003690506490201069,0.02394679473701683,0.011274319230574197,0.035600009870612716,0.03542895461723669,-0.015331239887933296,-0.016675381030518653
77,imports,low_density,random,0.1,13,120000,129,0.9116317876558732,0.9021586663674264,0.009473121288446795,0.009473121288446795,0.033341666666666665,0.004741666666666667,0.016291666666666666,0.006502114044109245,0.06017236072637735,0.030893690434075347,-0.010909505966680617,-0.003941206728843781
77,imports,high_density,random,0.1,14,179266,129,0.8570487817743176,0.8570302045543725,1.857721994513728e-05,1.857721994513728e-05,0.009042428569834771,0.0017404304218312451,0.0,0.003343012354145014,0.0,0.0076404216885167745,-0.00014676311743737192,-0.006193311765395528
77,imports,mid_density,random,0.1,14,180734,129,0.9645899867580319,0.9575737833976836,0.00701620336034825,0.00701620336034825,0.027681565173127358,0.007331216041253997,0.012476899753228502,0.022396511215158635,0.018548526399776267,0.03676782029081564,-0.005403503854506791,-0.01689934608272475
77,imports,low_density,random,0.1,14,120000,129,0.9116317876558732,0.9024116928957404,0.009220094760132747,0.009220094760132747,0.039016666666666665,0.004933333333333333,0.0208,0.006764941149582905,0.0768236380424746,0.03406283795511182,-0.011582953301114874,-0.0030671390951394566
77,imports,high_density,random,0.1,15,179266,129,0.8570487817743176,0.8558212120796768,0.0012275696946408843,0.0012275696946408843,0.0017850568429038413,0.0017739002376356923,0.0,0.0034073010532631874,0.0,0.003970235743863355,-0.00012256235768009254,-0.0022316035620932205
77,imports,mid_density,random,0.1,15,180734,129,0.9645899867580319,0.9525355562426491,0.012054430515382797,0.012054430515382797,0.02903161552336583,0.013788219150796198,0.009472484424624034,0.042122344111830426,0.014082074144752536,0.03738682983529039,-0.010360490549560106,-0.025987948704729234
77,imports,low_density,random,0.1,15,120000,129,0.9116317876558732,0.9035211009960995,0.008110686659773658,0.008110686659773658,0.0307,0.00955,0.009275,0.013095646211861501,0.03425669436749769,0.03137798494045633,0.011418144292426118,-0.014581340810831732
77,imports,high_density,random,0.1,16,179266,129,0.8570487817743176,0.8550616721366457,0.001987109637671902,0.001987109637671902,0.006978456595227204,0.0017739002376356923,0.003971751475461046,0.0034073010532631874,0.008285139113536661,0.006491300091175359,-0.0008026462666335375,-0.004200782136779079
77,imports,mid_density,random,0.1,16,180734,129,0.9645899867580319,0.9564354335452013,0.00815455321283054,0.00815455321283054,0.027532174355682937,0.01460156915688249,0.005433399360385982,0.04460708912966312,0.008077451407796138,0.0340171287972591,0.007863675996358151,-0.02166417822929207
77,imports,low_density,random,0.1,16,120000,129,0.9116317876558732,0.8961174091206181,0.015514378535255058,0.015514378535255058,0.030025,0.01105,0.007475,0.015152553993829277,0.027608494921514314,0.04125922547997297,0.01942137051953982,-0.02344355262753585
77,imports,high_density,random,0.1,17,179266,129,0.8570487817743176,0.8524251653702576,0.00462361640406006,0.00462361640406006,0.0004351076054578113,0.0,0.0001394575658518626,0.0,0.0002909107834809221,0.004869127302173992,-0.0013159468592371072,-0.002107084230781264
77,imports,mid_density,random,0.1,17,180734,129,0.9645899867580319,0.9608095893035647,0.0037803974544671215,0.0037803974544671215,0.018375070545663792,0.007674261622052298,0.005145683711974504,0.023444498909754738,0.007649724856670478,0.0229530701991913,0.004484129119302038,-0.010484118871519883
77,imports,low_density,random,0.1,17,120000,129,0.9116317876558732,0.9077235828546562,0.003908204801217008,0.003908204801217008,0.025416666666666667,0.009025,0.005733333333333333,0.01237572848817278,0.021175746383502617,0.024994090276613597,0.008467363707289195,-0.00759666467177939
77,imports,high_density,random,0.1,18,179266,129,0.8570487817743176,0.8551029153927597,0.0019458663815579147,0.0019458663815579147,0.009483114477926656,0.0019970323429986726,0.0,0.003835892380717676,0.0,0.007725224379534196,0.0012583931799627528,-0.007050930811195518
77,imports,mid_density,random,0.1,18,180734,129,0.9645899867580319,0.9601840347108244,0.0044059520472075064,0.0044059520472075064,0.01746212666128122,0.0027720296125798133,0.008714464350924564,0.008468416693429794,0.012955179192748389,0.03508933479477832,-0.005430650164140283,-0.0253789962590242
77,imports,low_density,random,0.1,18,120000,129,0.9116317876558732,0.9065521963475027,0.005079591308370435,0.005079591308370435,0.028558333333333335,0.004991666666666667,0.011558333333333334,0.006844932007770541,0.04269005847953217,0.02700953741939915,-0.004855818079960277,-0.003260883165987428
77,imports,high_density,random,0.1,19,179266,129,0.8570487817743176,0.8576065386242423,-0.000557756849924651,-0.000557756849924651,0.013644528242946236,0.0033358249751765535,9.483114477926657e-05,0.00640744034544461,0.000197819332767027,0.007001286363712646,0.0030703931452134197,-0.006046488734478222
77,imports,mid_density,random,0.1,19,180734,129,0.9645899867580319,0.9564445623728899,0.008145424385141986,0.008145424385141986,0.03733110538138922,0.0031206081866167958,0.025650956654530967,0.009533307415358091,0.038133467134972406,0.04120011858324718,-0.015491030314956007,-0.024787489335462893
77,imports,low_density,random,0.1,19,120000,129,0.9116317876558732,0.9085247377435545,0.0031070499123186934,0.0031070499123186934,0.024991666666666666,0.006066666666666666,0.0079,0.008319049251514112,0.029178208679593722,0.02179002281841556,0.0016866677486691288,-0.0049476457233661045
77,imports,high_density,random,0.1,20,179266,129,0.8570487817743176,0.8590644649360247,-0.0020156831617070825,-0.0020156831617070825,0.0016232860665156806,0.0010654558031082302,0.0,0.002046523588595185,0.0,0.009914482239163169,0.0005839322536520662,-0.008298932293302657
77,imports,mid_density,random,0.1,20,180734,129,0.9645899867580319,0.9539781179725677,0.010611868785464162,0.010611868785464162,0.03998140914271803,0.003292130977015946,0.02846171721978156,0.010057301262656141,0.04231202651904617,0.05423444500419583,-0.020598781362824326,-0.036883108017863
77,imports,low_density,random,0.1,20,120000,129,0.9116317876558732,0.9054019782428946,0.006229809412978571,0.006229809412978571,0.034208333333333334,0.007858333333333333,0.012033333333333333,0.010775911324420066,0.044444444444444446,0.03634375551656402,0.001680568423628322,-0.016840429923981038
123,header,high_density,important,0.01,0,120072,1,0.9995624420333432,0.9995276680783739,3.477395496931379e-05,3.477395496931379e-05,0.0,0.0,0.0,0.0,0.0,0.005494574243644283,0.0054798462101256495,-0.004339190682263337
123,header,mid_density,important,0.01,0,239928,1,0.9728825671275821,0.9548114359749859,0.018071131152596287,0.018071131152596287,0.052878363509052714,0.04309626221199693,1.6671668167116803e-05,0.06399821745777294,5.104580084480801e-05,0.06353847239833026,0.06351441037458554,-0.04336329388828852
123,header,low_density,important,0.01,0,120000,1,0.9545554321285423,0.9363924019343779,0.01816303019416443,0.01816303019416443,0.070075,0.04758333333333333,3.3333333333333335e-05,0.11041070461752649,5.8578876457149553e-05,0.07311932956585857,0.07303370401011601,-0.0394820902514104
123,header,high_density,random,0.01,1,120072,1,0.9995624420333432,0.9995624420333432,0.0,0.0,0.0,0.0,0.0,0.0,0.0,0.0,0.0,0.0
123,header,mid_density,random,0.01,1,239928,1,0.9728825671275821,0.9728825671275821,0.0,0.0,0.0,0.0,0.0,0.0,0.0,0.0,0.0,0.0
123,header,low_density,random,0.01,1,120000,1,0.9545554321285423,0.9545554321285423,0.0,0.0,0.0,0.0,0.0,0.0,0.0,0.0,0.0,0.0
123,header,high_density,random,0.01,2,120072,1,0.9995624420333432,0.9995623979304163,4.41029268660742e-08,4.41029268660742e-08,0.0,0.0,0.0,0.0,0.0,4.1332915384322334e-05,-2.2525053191459106e-05,-2.2525053191459106e-05
123,header,mid_density,random,0.01,2,239928,1,0.9728825671275821,0.9734363405075525,-0.0005537733799703126,-0.0005537733799703126,0.0015129538861658497,0.00010419792604448001,0.0002459071054649728,0.0001547345683215013,0.0007529255624609181,0.0015508669946151731,-0.0013104476037998553,0.0006354925869152414
123,header,low_density,random,0.01,2,120000,1,0.9545554321285423,0.9544494768098488,0.00010595531869350694,0.00010595531869350694,0.001025,0.0004,0.00034166666666666666,0.0009281460283084539,0.0006004334836857829,0.0012621848979486728,-0.0005758378879776871,-0.0002824743799774482
123,header,high_density,random,0.01,3,120072,1,0.9995624420333432,0.9995600721024316,2.369930911627627e-06,2.369930911627627e-06,5.829835432074089e-05,0.0,8.328336331534413e-06,0.0,1.0711799046649884e-05,0.0008272970346000053,-0.0008272970346000053,-0.0005485811071580004
123,header,mid_density,random,0.01,3,239928,1,0.9728825671275821,0.9729758454482427,-9.32783206605281e-05,-9.32783206605281e-05,0.005397452569104065,0.00012920542829515522,0.003205128205128205,0.0001918708647186616,0.00981355521241434,0.005040663386092848,-0.004842693115870435,0.0005737226458093462
123,header,low_density,random,0.01,3,120000,1,0.9545554321285423,0.9544112483614826,0.00014418376705971347,0.00014418376705971347,0.007925,9.166666666666667e-05,0.004625,0.000212700131487354,0.008127819108429501,0.007624032339587239,-0.007202104975389895,-0.0013434456477141796
123,header,high_density,random,0.01,4,120072,1,0.9995624420333432,0.9995624420333432,0.0,0.0,0.0,0.0,0.0,0.0,0.0,1.5050337650393595e-06,-1.5050337650393595e-06,-1.5050337650393595e-06
123,header,mid_density,random,0.01,4,239928,1,0.9728825671275821,0.9728816522385404,9.148890417476352e-07,9.148890417476352e-07,4.167917041779201e-06,0.0,4.167917041779201e-06,0.0,1.2761450211202002e-05,1.7981444180197824e-05,-1.7981444180197824e-05,-1.640978487780991e-05
123,header,low_density,random,0.01,4,120000,1,0.9545554321285423,0.9545206553098707,3.4776818671589105e-05,3.4776818671589105e-05,0.0005416666666666666,0.0,0.00048333333333333334,0.0,0.0008493937086286685,0.0008334408626389866,-0.0008334408626389866,-0.0004904406686420708
123,header,high_density,random,0.01,5,120072,1,0.9995624420333432,0.9995527590352978,9.68299804537942e-06,9.68299804537942e-06,0.0,0.0,0.0,0.0,0.0,0.00029859454932547487,0.00029859454932547487,-0.00028713128386793864
123,header,mid_density,random,0.01,5,239928,1,0.9728825671275821,0.9727618515349458,0.00012071559263637788,0.00012071559263637788,0.00044596712347037446,0.00022506752025607682,0.0,0.0003342266675744428,0.0,0.0005899622528125888,0.0005890304669053429,-0.0002859893000768622
123,header,low_density,random,0.01,5,120000,1,0.9545554321285423,0.9545065990300463,4.8833098496015026e-05,4.8833098496015026e-05,0.0002666666666666667,0.000125,0.0,0.00029004563384639183,0.0,0.00031252144568598563,0.0002956018157299274,-3.541231928685287e-05
123,header,high_density,random,0.01,6,120072,1,0.9995624420333432,0.9994671340048006,9.530802854262888e-05,9.530802854262888e-05,0.008944633220067959,0.0038643480578319676,0.0,0.017367219373432646,0.0,0.02077491581151448,0.01942018032349916,-0.002876014883654186
123,header,mid_density,random,0.01,6,239928,1,0.9728825671275821,0.9613337245404036,0.011548842587178587,0.011548842587178587,0.08515054516354907,0.05161548464539362,0.0034635390617185156,0.07664931576373889,0.010604765125508862,0.0903772076623964,0.08383204699713236,-0.016750745751998086
123,header,low_density,random,0.01,6,120000,1,0.9545554321285423,0.9415307185199626,0.013024713608579708,0.013024713608579708,0.09766666666666667,0.056416666666666664,0.0025916666666666666,0.1309072627426715,0.004554507644543378,0.0984427588309638,0.09101103525468118,0.002576875065268747
123,header,high_density,random,0.01,7,120072,1,0.9995624420333432,0.9995624087556803,3.327766295857515e-08,3.327766295857515e-08,0.0,0.0,0.0,0.0,0.0,3.9290382209719594e-05,-3.152460838297987e-05,-3.589041731665231e-05
123,header,mid_density,random,0.01,7,239928,1,0.9728825671275821,0.9727949854781079,8.758164947419989e-05,8.758164947419989e-05,0.00019172418392184322,4.167917041779201e-06,2.9175419292454402e-05,6.189382732860052e-06,8.9330151478414e-05,0.0008764101499570424,-0.0007792418157601922,-0.0007818238995328188
123,header,low_density,random,0.01,7,120000,1,0.9545554321285423,0.9544010863151113,0.0001543458134309894,0.0001543458134309894,0.0015416666666666667,0.0009,0.00023333333333333333,0.002088328563694021,0.00041005213520004685,0.0014534620300475378,-0.000225627896026813,-0.0006112411253614544
123,header,high_density,random,0.01,8,120072,1,0.9995624420333432,0.9995409001592189,2.1541874124286764e-05,2.1541874124286764e-05,0.0007578786061696315,0.0,0.0003414617895929109,0.0,0.0004391837609126453,0.007020664493835557,-0.006963976846265716,-0.003508193204894832
123,header,mid_density,random,0.01,8,239928,1,0.9728825671275821,0.9722080190343289,0.000674548093253291,0.000674548093253291,0.0249283118268814,8.335834083558401e-06,0.015537994731752859,1.2378765465720104e-05,0.04757468638736106,0.028045269000177904,-0.027973046022982583,0.002142366674397323
123,header,low_density,random,0.01,8,120000,1,0.9545554321285423,0.9529428002372098,0.0016126318913325388,0.0016126318913325388,0.04085,0.0,0.027383333333333332,0.0,0.04812254700954836,0.0417999626723812,-0.041768775210376814,-0.007643007339174694
123,header,high_density,random,0.01,9,120072,1,0.9995624420333432,0.9995527630446551,9.678988688088808e-06,9.678988688088808e-06,0.0,0.0,0.0,0.0,0.0,0.0005915682651580341,6.677749457490681e-05,-0.0005915682651580342
123,header,mid_density,random,0.01,9,239928,1,0.9728825671275821,0.9721897565600136,0.0006928105675685359,0.0006928105675685359,0.0014462672134973825,0.0009169417491914241,0.00015838084758760962,0.0013616642012292113,0.00048493510802567606,0.0027859369526622214,0.0008217558692328751,-0.0020075020823046258
123,header,low_density,random,0.01,9,120000,1,0.9545554321285423,0.9536317489506718,0.0009236831778705046,0.0009236831778705046,0.005733333333333333,0.0006333333333333333,0.004108333333333334,0.0014695645448217186,0.007219846523343682,0.002886452158550437,0.00011559058447659323,-0.0012888503466774422
123,header,high_density,random,0.01,10,120072,1,0.9995624420333432,0.9995305371742296,3.1904859113640605e-05,3.1904859113640605e-05,0.0042474515290825505,0.0,0.003731094676527417,0.0,0.0047988859728991485,0.00869121661226647,-0.005958071898554985,-0.007083195873837867
123,header,mid_density,random,0.01,10,239928,1,0.9728825671275821,0.9716148524657888,0.0012677146617933177,0.0012677146617933177,0.023765462972225,0.0018047080790903939,0.011028308492547764,0.0026800027233284023,0.03376679725884049,0.02597631999723766,-0.010385124953151158,-0.012600338311544494
123,header,low_density,random,0.01,10,120000,1,0.9545554321285423,0.952438571621856,0.0021168605066863577,0.0021168605066863577,0.028925,0.00215,0.016158333333333334,0.00498878490215794,0.028396110362603245,0.03186720308854064,-0.019247145012761542,-0.013944230405538376
123,header,high_density,random,0.01,11,120072,1,0.9995624420333432,0.9995624420333432,0.0,0.0,0.0,0.0,0.0,0.0,0.0,0.0,0.0,0.0
123,header,mid_density,random,0.01,11,239928,1,0.9728825671275821,0.9728745011283646,8.065999217543585e-06,8.065999217543585e-06,1.6671668167116803e-05,8.335834083558401e-06,0.0,1.2378765465720104e-05,0.0,3.2477090082079506e-05,3.2477090082079506e-05,-2.9450245166481552e-05
123,header,low_density,random,0.01,11,120000,1,0.9545554321285423,0.9545522398878707,3.192240671578972e-06,3.192240671578972e-06,5e-05,3.3333333333333335e-05,0.0,7.734550235903782e-05,0.0,4.9817809415650384e-05,4.9817809415650384e-05,-2.3674883572352766e-05
123,header,high_density,random,0.01,12,120072,1,0.9995624420333432,0.9995752026138073,-1.2760580464066251e-05,-1.2760580464066251e-05,0.009452661736291558,0.00439736158305017,0.0,0.019762697907699217,0.0,0.020129998625187166,0.020129998625187166,-0.0017712115068755727
123,header,mid_density,random,0.01,12,239928,1,0.9728825671275821,0.9723660634900104,0.0005165036375717191,0.0005165036375717191,0.10932446400586843,0.06445683705111534,0.0,0.0957188039636807,0.0,0.11027817664331631,0.11027817644321321,-0.02343289817443467
123,header,low_density,random,0.01,12,120000,1,0.9545554321285423,0.9524119821231894,0.002143450005352876,0.002143450005352876,0.12068333333333334,0.07044166666666667,0.0,0.16345038286023666,0.0,0.12271626508649876,0.12271561719751684,0.006376652608780217
123,header,high_density,random,0.01,13,120072,1,0.9995624420333432,0.9995624420333432,0.0,0.0,0.0,0.0,0.0,0.0,0.0,0.0,0.0,0.0
123,header,mid_density,random,0.01,13,239928,1,0.9728825671275821,0.9728825671275821,0.0,0.0,0.0,0.0,0.0,0.0,0.0,0.0,0.0,0.0
123,header,low_density,random,0.01,13,120000,1,0.9545554321285423,0.9545554321285423,0.0,0.0,0.0,0.0,0.0,0.0,0.0,0.0,0.0,0.0
123,header,high_density,random,0.01,14,120072,1,0.9995624420333432,0.997648425929356,0.001914016103987226,0.001914016103987226,0.008095142914251448,0.006479445665933773,0.0,0.029120035932178014,0.0,0.016164534746461425,0.005558292451257537,-0.009489780673282917
123,header,mid_density,random,0.01,14,239928,1,0.9728825671275821,0.9550001917305866,0.017882375396995553,0.017882375396995553,0.08811393418025408,0.05857590610516488,0.00041262378713614086,0.08698558492761517,0.0012633835709089981,0.09539448570525179,0.08757822911995874,-0.042272925352218486
123,header,low_density,random,0.01,14,120000,1,0.9545554321285423,0.9341354714969092,0.020419960631633094,0.020419960631633094,0.10458333333333333,0.06475,0.0008083333333333333,0.15024363833243096,0.0014205377540858766,0.10136094243375397,0.09560151435820667,-0.007837676683693116
123,header,high_density,random,0.01,15,120072,1,0.9995624420333432,0.9995614493165547,9.927167885503962e-07,9.927167885503962e-07,1.6656672663068825e-05,1.6656672663068825e-05,0.0,7.485870419583037e-05,0.0,5.990241816753416e-05,-1.4526075431516005e-05,-4.1114074053095124e-05
123,header,mid_density,random,0.01,15,239928,1,0.9728825671275821,0.9728835569738628,-9.898462806079422e-07,-9.898462806079422e-07,2.9175419292454402e-05,1.6671668167116803e-05,1.2503751125337601e-05,2.4757530931440207e-05,3.8284350633606e-05,4.690996087744959e-05,3.485492460830381e-05,-2.4315116730754315e-06
123,header,low_density,random,0.01,15,120000,1,0.9545554321285423,0.9544665630706175,8.886905792482303e-05,8.886905792482303e-05,0.0002,0.00015833333333333332,0.0,0.00036739113620542965,0.0,0.0002277872466232278,0.00021146684311087284,-0.0001079947765360166
123,header,high_density,random,0.01,16,120072,1,0.9995624420333432,0.9995624420333432,0.0,0.0,0.0,0.0,0.0,0.0,0.0,1.2908154422694491e-06,-1.2908154422694491e-06,-1.2908154422694491e-06
123,header,mid_density,random,0.01,16,239928,1,0.9728825671275821,0.9728813269762531,1.2401513290738464e-06,1.2401513290738464e-06,4.167917041779201e-06,0.0,4.167917041779201e-06,0.0,1.2761450211202002e-05,1.5957308634332345e-05,-1.5859382714640488e-05,-1.4539771618086179e-05
123,header,low_density,random,0.01,16,120000,1,0.9545554321285423,0.9545695733611035,-1.4141232561160066e-05,-1.4141232561160066e-05,1.6666666666666667e-05,0.0,1.6666666666666667e-05,0.0,2.9289438228574777e-05,0.00018507976150710734,-0.00017403787399252678,-0.00015343508684265898
123,header,high_density,random,0.01,17,120072,1,0.9995624420333432,0.9995544990962278,7.94293711536831e-06,7.94293711536831e-06,1.6656672663068825e-05,1.6656672663068825e-05,0.0,7.485870419583037e-05,0.0,0.0007238546350874255,-0.00031024706025201685,-0.0006328900510449686
123,header,mid_density,random,0.01,17,239928,1,0.9728825671275821,0.9730404538887137,-0.00015788676113159816,-0.00015788676113159816,0.0017713647427561603,0.00012503751125337602,0.0003626087826347904,0.00018568148198580154,0.0011102461683745741,0.0017903656315723505,-0.0010139306074459893,-0.0005447612460184499
123,header,low_density,random,0.01,17,120000,1,0.9545554321285423,0.9546204504224459,-6.501829390359593e-05,-6.501829390359593e-05,0.0023666666666666667,0.00019166666666666667,0.0010833333333333333,0.00044473663856446746,0.0019038134848573605,0.0027143813392871336,-0.001968458357588161,-0.0003126319504287853
123,header,high_density,random,0.01,18,120072,1,0.9995624420333432,0.9995684524603937,-6.010427050506806e-06,-6.010427050506806e-06,0.004430674928376307,0.0016240255846492104,0.0,0.007298723659093461,0.0,0.005656274245686706,0.005656274245686706,0.0010402227922422637
123,header,mid_density,random,0.01,18,239928,1,0.9728825671275821,0.9726108554687976,0.00027171165878459025,0.00027171165878459025,0.027908372511753526,0.011478443533059919,0.0,0.017045560046296582,0.0,0.028578086511032125,0.028578086511032125,-0.006610246121605127
123,header,low_density,random,0.01,18,120000,1,0.9545554321285423,0.9524784825591737,0.002076949569368658,0.002076949569368658,0.03734166666666667,0.019541666666666666,0.0,0.04534380075798592,0.0,0.03862456038268522,0.038624400439789354,-0.0012551526735434363
123,header,high_density,random,0.01,19,120072,1,0.9995624420333432,0.9995527590352978,9.68299804537942e-06,9.68299804537942e-06,0.0,0.0,0.0,0.0,0.0,0.00029859454932547487,0.00029859454932547487,-0.00028713128386793864
123,header,mid_density,random,0.01,19,239928,1,0.9728825671275821,0.9727618515349458,0.00012071559263637788,0.00012071559263637788,0.00044596712347037446,0.00022506752025607682,0.0,0.0003342266675744428,0.0,0.0005899622528125888,0.0005890304669053429,-0.0002859893000768622
123,header,low_density,random,0.01,19,120000,1,0.9545554321285423,0.9545065990300463,4.8833098496015026e-05,4.8833098496015026e-05,0.0002666666666666667,0.000125,0.0,0.00029004563384639183,0.0,0.00031252144568598563,0.0002956018157299274,-3.541231928685287e-05
123,header,high_density,random,0.01,20,120072,1,0.9995624420333432,0.9995547925811589,7.649452184343986e-06,7.649452184343986e-06,0.0003331334532613765,0.00014991005396761942,0.0,0.0006737283377624733,0.0,0.0005518471178971833,-8.44232360292994e-05,-0.00011768650789465496
123,header,mid_density,random,0.01,20,239928,1,0.9728825671275821,0.97270801272785,0.00017455439973212972,0.00017455439973212972,0.003580240738888333,0.0008294154913140608,0.001496282217998733,0.0012316871638391503,0.004581360625821518,0.0020471121096082593,5.552132018608481e-05,-0.00032201901755603903
123,header,low_density,random,0.01,20,120000,1,0.9545554321285423,0.9547524702318927,-0.00019703810335036653,-0.00019703810335036653,0.0036666666666666666,0.0007583333333333333,0.000875,0.0017596101786681105,0.0015376955070001757,0.003721940160899472,-0.001599492844314948,-0.0009126724451322115
123,header,high_density,important,0.05,0,120072,4,0.9995624420333432,0.9946775345045412,0.004884907528801996,0.004884907528801996,0.01462455859817443,0.008944633220067959,0.002581784262775668,0.04019912415316091,0.0033206577044614643,0.06880250449641305,0.04070697157974139,-0.06183912322774833
123,header,mid_density,important,0.05,0,239928,4,0.9728825671275821,0.8963330435001762,0.07654952362740597,0.07654952362740597,0.21402670801240373,0.16508285819079058,0.007894034877129806,0.24514907128312094,0.02417018670001659,0.261848186118901,0.2264024474189153,-0.1697350085455915
123,header,low_density,important,0.05,0,120000,4,0.9545554321285423,0.8834801988128737,0.07107523331566867,0.07107523331566867,0.23208333333333334,0.159225,0.011641666666666666,0.3694601283935339,0.020458672602659482,0.20760466034137304,0.1630786429357968,-0.06269062128771806
123,header,high_density,random,0.05,1,120072,4,0.9995624420333432,0.9995830661656544,-2.062413231118665e-05,-2.062413231118665e-05,0.0003914318075821174,0.00016656672663068825,0.0,0.0007485870419583037,0.0,0.00143632102777887,0.0001188445907189525,-0.0012294614345649932
123,header,mid_density,random,0.05,1,239928,4,0.9728825671275821,0.9722448006463402,0.0006377664812419193,0.0006377664812419193,0.007518922343369677,0.0013337334533693442,0.003142609449501517,0.0019806024745152168,0.009622133459246309,0.006819304843602769,-0.00230268299613595,-0.0012782002955251616
123,header,low_density,random,0.05,1,120000,4,0.9545554321285423,0.9534170733848789,0.0011383587436634146,0.0011383587436634146,0.009425,0.001725,0.004175,0.004002629747080207,0.007337004276257981,0.009700540909655959,-0.0034498251474935904,-0.002705680391775522
123,header,high_density,random,0.05,2,120072,4,0.9995624420333432,0.9995201890238612,4.225300948201838e-05,4.225300948201838e-05,0.0004913718435605303,0.0001332533813045506,0.0,0.000598869633566643,0.0,0.002644168679246513,0.0006360374816561862,-0.0009681995255807098
123,header,mid_density,random,0.05,2,239928,4,0.9728825671275821,0.9728050969253152,7.747020226689383e-05,7.747020226689383e-05,0.007839851955586676,0.0034301957253842818,3.7511253376012805e-05,0.005093861989143822,0.00011485305190081801,0.009335476024075959,0.00843943068864574,-0.0027112876988183176
123,header,low_density,random,0.05,2,120000,4,0.9545554321285423,0.953904829664575,0.0006506024639673091,0.0006506024639673091,0.014008333333333333,0.005716666666666667,0.000875,0.013264753654574987,0.0015376955070001757,0.014414949767355053,0.00952486028546924,-0.001464608139236889
123,header,high_density,random,0.05,3,120072,4,0.9995624420333432,0.9989896392341899,0.0005728027991532825,0.0005728027991532825,0.006679325737890599,0.00010826837230994736,0.004955360117262975,0.0004865815772728974,0.006373520432756682,0.021693774301272832,-0.011683685163761372,-0.019361882516793102
123,header,mid_density,random,0.05,3,239928,4,0.9728825671275821,0.9635620615195076,0.009320505608074514,0.009320505608074514,0.06544046547297523,0.013199793271314727,0.02693724784101897,0.019601775114967784,0.08247725271499853,0.06352632915832745,0.0016325736403951013,-0.03381657479583547
123,header,low_density,random,0.05,3,120000,4,0.9545554321285423,0.9486890595450677,0.005866372583474666,0.005866372583474666,0.0698,0.011483333333333333,0.028558333333333335,0.02664552556268853,0.05018745240466288,0.06968577976191129,-0.021325953886238067,-0.027386900322426723
123,header,high_density,random,0.05,4,120072,4,0.9995624420333432,0.9995535737366364,8.868296706765477e-06,8.868296706765477e-06,0.0006079685522020122,1.6656672663068825e-05,0.00028316343527217005,7.485870419583037e-05,0.0003642011675860961,0.0013187104657311419,-0.0011816776142982198,-0.0008454920592846504
123,header,mid_density,random,0.05,4,239928,4,0.9728825671275821,0.9729142707618252,-3.1703634243096523e-05,-3.1703634243096523e-05,0.008656763695775399,0.00020422793504718082,0.005322430062352039,0.00030327975391014253,0.016296371919704955,0.007746388599834871,-0.0068307363730164645,0.0006096259184649281
123,header,low_density,random,0.05,4,120000,4,0.9545554321285423,0.9540532184505165,0.0005022136780258313,0.0005022136780258313,0.011841666666666667,0.00021666666666666666,0.007108333333333334,0.0005027457653337459,0.012491945404487143,0.011263238166630243,-0.010215160284664166,-0.0019223555262948388
123,header,high_density,random,0.05,5,120072,4,0.9995624420333432,0.9994850039093335,7.743812400973216e-05,7.743812400973216e-05,0.009802451862216004,0.004972016789926044,0.0,0.022345323202455365,0.0,0.011902797648213273,0.011269161394744258,-0.00023720023837697432
123,header,mid_density,random,0.05,5,239928,4,0.9728825671275821,0.9666046412152687,0.0062779259123134645,0.0062779259123134645,0.07869444166583309,0.04584291954252943,0.00040845587009436164,0.06807702067872771,0.001250622120697796,0.0676833280733323,0.06645615499408035,-0.010905966071861072
123,header,low_density,random,0.05,5,120000,4,0.9545554321285423,0.9419992437654625,0.012556188363079812,0.012556188363079812,0.063275,0.0355,0.004808333333333334,0.08237296001237528,0.008450002928943823,0.05509568491017008,0.05096810510669537,0.004753504607127898
123,header,high_density,random,0.05,6,120072,4,0.9995624420333432,0.9995295719215366,3.287011180663768e-05,3.287011180663768e-05,0.002098740755546672,0.0003248051169298421,0.0003248051169298421,0.0014597447318186922,0.0004177601628193455,0.01019065627960829,0.0002676225848044145,-0.009396491343761469
123,header,mid_density,random,0.05,6,239928,4,0.9728825671275821,0.9690098516083725,0.0038727155192096463,0.0038727155192096463,0.02925044179920643,0.007806508619252442,0.009094394985162216,0.011592713858646877,0.027845484360842766,0.03336835719007164,0.00049000293590487,-0.01377025752849664
123,header,low_density,random,0.05,6,120000,4,0.9545554321285423,0.951499178275964,0.00305625385257835,0.00305625385257835,0.03475,0.005808333333333334,0.013816666666666666,0.01347745378606234,0.02428094429148849,0.037713435493222404,-0.013257549378254773,-0.008776282047587887
123,header,high_density,random,0.05,7,120072,4,0.9995624420333432,0.9995256754279542,3.6766605388982576e-05,3.6766605388982576e-05,0.0,0.0,0.0,0.0,0.0,0.006389360718675725,0.004707622894910569,-0.0051644420966507395
123,header,mid_density,random,0.05,7,239928,4,0.9728825671275821,0.9539414291796808,0.01894113794790131,0.01894113794790131,0.055508319162415394,0.04313377346537294,0.0017630289086726018,0.06405392190236868,0.005398093439338446,0.066761841151467,0.06139653359025334,-0.045099626382122296
123,header,low_density,random,0.05,7,120000,4,0.9545554321285423,0.9354053049366253,0.019150127191917,0.019150127191917,0.07316666666666667,0.04765,0.0016333333333333334,0.11056539562224457,0.002870364946400328,0.07848269461325852,0.07011833075188251,-0.04235032025612375
123,header,high_density,random,0.05,8,120072,4,0.9995624420333432,0.9995655340494471,-3.0920161039338367e-06,-3.0920161039338367e-06,0.009935705243520554,0.004788793390632287,0.0,0.02152187745630123,0.0,0.020600487543776896,0.020597636129678368,-0.0017613325232138156
123,header,mid_density,random,0.05,8,239928,4,0.9728825671275821,0.9722130464613774,0.000669520666204737,0.000669520666204737,0.1097912707145477,0.06487362875529326,4.167917041779201e-06,0.09633774223696671,1.2761450211202002e-05,0.11132716553746054,0.11130859215210227,-0.024059407352263494
123,header,low_density,random,0.05,8,120000,4,0.9545554321285423,0.9522431861324112,0.0023122459961311126,0.0023122459961311126,0.1208,0.07055833333333333,1.6666666666666667e-05,0.1637210921184933,2.9289438228574777e-05,0.12312421145552402,0.12274915651471353,0.00611980183506141
123,header,high_density,random,0.05,9,120072,4,0.9995624420333432,0.9995120055253269,5.0436508016282744e-05,5.0436508016282744e-05,0.004480644946365514,0.0016490105936438138,0.0,0.007411011715387206,0.0,0.007423751107324797,0.004217263865507266,-0.0033151388291514775
123,header,mid_density,random,0.05,9,239928,4,0.9728825671275821,0.9703302831672251,0.0025522839603570047,0.0025522839603570047,0.04384648727951719,0.021135507318862327,0.0006126838051415425,0.03138635983833332,0.0018759331810466941,0.04406501597468158,0.04091171314764014,-0.015342238400027929
123,header,low_density,random,0.05,9,120000,4,0.9545554321285423,0.9433500610916652,0.011205371036877132,0.011205371036877132,0.060925,0.03573333333333333,0.0017916666666666667,0.08291437852888854,0.0031486146095717885,0.06021032860548403,0.05011382247768307,-0.012333315198657152
123,header,high_density,random,0.05,10,120072,4,0.9995624420333432,0.9995970237396452,-3.4581706301994863e-05,-3.4581706301994863e-05,0.0034645879139183155,0.0007079085881804251,0.0,0.0031814949283227906,0.0,0.005257838314398743,0.0035240684390896028,-0.004487106178356022
123,header,mid_density,random,0.05,10,239928,4,0.9728825671275821,0.9712033604448409,0.001679206682741241,0.001679206682741241,0.030517488579907305,0.01230785902437398,0.00029175419292454404,0.01827724721013573,0.0008933015147841401,0.031887254073053595,0.02963614201260291,-0.016564214499648986
123,header,low_density,random,0.05,10,120000,4,0.9545554321285423,0.9502119810632059,0.004343451065336401,0.004343451065336401,0.031483333333333335,0.01615,0.001375,0.03747389589295382,0.002416378653857419,0.0318452587321625,0.0234914626829692,-0.00961237111648211
123,header,high_density,random,0.05,11,120072,4,0.9995624420333432,0.9995378065393723,2.46354939709148e-05,2.46354939709148e-05,0.005421746951828903,0.001957159037910587,0.0,0.008795897743010069,0.0,0.006927365157526986,0.005614619219732029,0.0001315968988660022
123,header,mid_density,random,0.05,11,239928,4,0.9728825671275821,0.972635977004404,0.00024659012317818085,0.00024659012317818085,0.030117368543896503,0.012599613217298524,0.0,0.018710504001435938,0.0,0.030737740083478557,0.030413983233004996,-0.007462084480694079
123,header,low_density,random,0.05,11,120000,4,0.9545554321285423,0.9520834387408013,0.002471993387741067,0.002471993387741067,0.040075,0.0211,0.0004333333333333333,0.04895970299327094,0.0007615253939429442,0.04141905475590532,0.038886202607189745,-0.002993863803997299
123,header,high_density,random,0.05,12,120072,4,0.9995624420333432,0.999363014812888,0.0001994272204551839,0.0001994272204551839,0.012234326071024051,0.007295622626424146,0.0,0.0327881124377737,0.0,0.02045262506310562,0.01961272380847533,-0.0019226512594876552
123,header,mid_density,random,0.05,12,239928,4,0.9728825671275821,0.9639490427207321,0.008933524406850024,0.008933524406850024,0.11693091260711547,0.07356373578740288,0.00032509752925877764,0.10924260523497992,0.000995393116473756,0.10311880312869351,0.09915695535714332,0.0034443475397945922
123,header,low_density,random,0.05,12,120000,4,0.9545554321285423,0.934757063875564,0.019798368252978316,0.019798368252978316,0.11415,0.07041666666666667,0.0017916666666666667,0.1633923737334674,0.0031486146095717885,0.11047071200873637,0.10395038741605814,0.030442734471444088
123,header,high_density,random,0.05,13,120072,4,0.9995624420333432,0.9995699435402551,-7.501506911866684e-06,-7.501506911866684e-06,0.009452661736291558,0.00439736158305017,0.0,0.019762697907699217,0.0,0.02040224233851229,0.02040224233851229,-0.002045287351181209
123,header,mid_density,random,0.05,13,239928,4,0.9728825671275821,0.9715798039536094,0.0013027631739727097,0.0013027631739727097,0.1113959187756327,0.06638658264145911,0.0,0.0985844881689949,0.0,0.1132540497555171,0.1132540497555171,-0.025092070735215462
123,header,low_density,random,0.05,13,120000,4,0.9545554321285423,0.9514363616738215,0.003119070454720818,0.003119070454720818,0.12504166666666666,0.074475,0.0,0.17280918864568026,0.0,0.12691263272360379,0.1269119132923159,0.005371144258304686
123,header,high_density,random,0.05,14,120072,4,0.9995624420333432,0.997662096433387,0.0019003455999562213,0.0019003455999562213,0.008270037977213672,0.006387833966286894,0.0,0.028708313059100946,0.0,0.017496164227695517,0.005643430586842594,-0.011360126426652302
123,header,mid_density,random,0.05,14,239928,4,0.9728825671275821,0.9551222952169287,0.017760271910653436,0.017760271910653436,0.09231102664132573,0.059813777466573306,0.0011170017671968257,0.08882383159927461,0.0034200686566021364,0.09652698919725117,0.08654640082279769,-0.04546296208749774
123,header,low_density,random,0.05,14,120000,4,0.9545554321285423,0.9334988579169283,0.021056574211614,0.021056574211614,0.10541666666666667,0.06515,0.001025,0.15117178436073941,0.0018013004510573486,0.10257711399547514,0.09434610506230726,-0.009964322971047324
123,header,high_density,random,0.05,15,120072,4,0.9995624420333432,0.9952892501178756,0.0042731919154676,0.0042731919154676,0.035661936171630354,0.028507895262842295,0.003073156106336198,0.1281206722311637,0.003952653848213808,0.03790420196932736,0.01800202485574555,-0.024634017553083056
123,header,mid_density,random,0.05,15,239928,4,0.9728825671275821,0.9514544875140716,0.021428079613510564,0.021428079613510564,0.13425277583274983,0.08875996132172985,0.0042679470507819015,0.13180909467898766,0.01306772501627085,0.10065209473482971,0.07804201573457979,-0.020583502433020536
123,header,low_density,random,0.05,15,120000,4,0.9545554321285423,0.9237605842558094,0.0307948478727329,0.0307948478727329,0.10544166666666667,0.058116666666666664,0.010341666666666667,0.13485188336298246,0.01817409642083065,0.09957642036431746,0.05309975236956888,0.0026282053330187304
123,header,high_density,random,0.05,16,120072,4,0.9995624420333432,0.9988338324144153,0.0007286096189279556,0.0007286096189279556,0.030656606036378174,0.021512092744353388,0.001857219001932174,0.09668001646891493,0.002388731187402924,0.026075028024445755,0.017916094886215404,-0.01078645225288384
123,header,mid_density,random,0.05,16,239928,4,0.9728825671275821,0.9606265407840122,0.012256026343569926,0.012256026343569926,0.09028958687606282,0.04801857223833817,0.008219132406388583,0.07130787846528065,0.025165579816490345,0.0754833959299981,0.05689801387408859,-0.012820323801788816
123,header,low_density,random,0.05,16,120000,4,0.9545554321285423,0.9382430762081007,0.016312355920441668,0.016312355920441668,0.08515833333333334,0.04380833333333333,0.010858333333333333,0.10165132647536546,0.019082069005916465,0.07547890745388354,0.049616266104066505,0.00662992379301924
123,header,high_density,random,0.05,17,120072,4,0.9995624420333432,0.9976485313754446,0.0019139106578985876,0.0019139106578985876,0.009594243453927643,0.006904190818842028,2.4985008994603238e-05,0.03102893288917169,3.213539713994965e-05,0.022732710833526022,0.001442809834423129,-0.01686938177029503
123,header,mid_density,random,0.05,17,239928,4,0.9728825671275821,0.9490745276793876,0.02380803944819454,0.02380803944819454,0.09935897435897435,0.05994298289486846,0.0061726851388749955,0.08901570246399326,0.018899707762790163,0.10636683495907708,0.0798498188818767,-0.05305696872891478
123,header,low_density,random,0.05,17,120000,4,0.9545554321285423,0.9294359962547216,0.025119435873820706,0.025119435873820706,0.10525833333333333,0.05975,0.006275,0.1386418129785753,0.011027473493058403,0.10471315738504156,0.07545125828878282,-0.018824923045056362
123,header,high_density,random,0.05,18,120072,4,0.9995624420333432,0.999484579719365,7.786231397821641e-05,7.786231397821641e-05,0.012484176160970084,0.007278965953761076,0.0,0.03271325373357787,0.0,0.016165804297987883,0.0160881442546901,-0.00010872615151600241
123,header,mid_density,random,0.05,18,239928,4,0.9728825671275821,0.9664052716646833,0.00647729546289888,0.00647729546289888,0.10171384748757961,0.06305641692507752,0.00014170917942049282,0.09363917136543973,0.00043388930718086806,0.09167466016390843,0.09116990461311517,-0.014943296071990507
123,header,low_density,random,0.05,18,120000,4,0.9545554321285423,0.9406760983773804,0.013879333751161904,0.013879333751161904,0.08575833333333334,0.052566666666666664,0.00021666666666666666,0.12197385722020264,0.0003807626969714721,0.0828620210952928,0.08073744092692473,0.0035111348380897087
123,header,high_density,random,0.05,19,120072,4,0.9995624420333432,0.9995852743190119,-2.283228566868356e-05,-2.283228566868356e-05,0.004422346592044773,0.000991072023452595,0.0,0.004454092899651907,0.0,0.0072217762459909594,0.005489355039583734,-0.004168798093916208
123,header,mid_density,random,0.05,19,239928,4,0.9728825671275821,0.9714926450345291,0.0013899220930529976,0.0013899220930529976,0.04155413290653863,0.019118235470641193,0.0,0.02839069859562906,0.0,0.04037178513387872,0.039773333123543496,-0.016386111669522255
123,header,low_density,random,0.05,19,120000,4,0.9545554321285423,0.9524015183530148,0.0021539137755275384,0.0021539137755275384,0.039225,0.02,0.000525,0.046407301415422694,0.0009226173042001055,0.03693683565415533,0.03336094186785692,-0.003633101933932672
123,header,high_density,random,0.05,20,120072,4,0.9995624420333432,0.9995544990962278,7.94293711536831e-06,7.94293711536831e-06,1.6656672663068825e-05,1.6656672663068825e-05,0.0,7.485870419583037e-05,0.0,0.0007238546350874255,-0.00031024706025201685,-0.0006328900510449686
123,header,mid_density,random,0.05,20,239928,4,0.9728825671275821,0.9730405227640693,-0.00015795563648712818,-0.00015795563648712818,0.0017713647427561603,0.00012503751125337602,0.0003626087826347904,0.00018568148198580154,0.0011102461683745741,0.0017914534398231323,-0.0010122008921955832,-0.0005430315307680441
123,header,low_density,random,0.05,20,120000,4,0.9545554321285423,0.9545880854119709,-3.2653283428607516e-05,-3.2653283428607516e-05,0.0024,0.00020833333333333335,0.0010833333333333333,0.0004834093897439864,0.0019038134848573605,0.002818615392960169,-0.0018584995676506285,-0.0003524070610542713
123,header,high_density,important,0.1,0,120072,8,0.9995624420333432,0.967103434455885,0.03245900757745823,0.03245900757745823,0.07936071690319142,0.06272070091278566,0.008503231394496635,0.28188045064939926,0.010936746826629533,0.14308907540084637,0.039874062498605777,-0.10634406992831759
123,header,mid_density,important,0.1,0,239928,8,0.9728825671275821,0.8315965758277939,0.14128599129978825,0.14128599129978825,0.4627096462272015,0.39376396252208995,0.005885098862992231,0.5847419336869534,0.018019167698217226,0.41080951248586167,0.38145731444917236,-0.11516044984343476
123,header,low_density,important,0.1,0,120000,8,0.9545554321285423,0.7865468325872755,0.1680085995412668,0.1680085995412668,0.34875833333333334,0.2653333333333333,0.01105,0.615670198777941,0.019418897545545075,0.30120543531063776,0.23991971505681237,-0.040494234777980115
123,header,high_density,random,0.1,1,120072,8,0.9995624420333432,0.9991729067413323,0.00038953529201091186,0.00038953529201091186,0.060388766739956024,0.05212705709907389,0.0,0.23427031478085114,0.0,0.05285008946902556,0.05284887324103863,0.0018750381968418628
123,header,mid_density,random,0.1,1,239928,8,0.9728825671275821,0.9614053714972208,0.011477195630361314,0.011477195630361314,0.22407972391717515,0.16763779133740123,4.1679170417792005e-05,0.24894316289836416,0.00012761450211202,0.22088665332045063,0.22064435730865786,-0.003523428375879893
123,header,low_density,random,0.1,1,120000,8,0.9545554321285423,0.9320964963672238,0.02245893576131852,0.02245893576131852,0.18101666666666666,0.12293333333333334,0.000225,0.2852502127001315,0.00039540741608575945,0.18843607976658572,0.18808743940763203,0.028011976986310996
123,header,high_density,random,0.1,2,120072,8,0.9995624420333432,0.9995221010862056,4.0340947137562644e-05,4.0340947137562644e-05,0.0014991005396761943,0.0008994603238057165,0.0,0.00404237002657484,0.0,0.002742572122926471,-0.0001334724068918824,-0.0014809353157092281
123,header,mid_density,random,0.1,2,239928,8,0.9728825671275821,0.9727472325037554,0.00013533462382675499,0.00013533462382675499,0.008523390350438465,0.002834183588409856,0.0012587109466173185,0.004208780258344836,0.0038539579637830042,0.008415346232854299,0.003267198851070104,-0.0021022553797660822
123,header,low_density,random,0.1,2,120000,8,0.9545554321285423,0.9542850813708348,0.00027035075770753814,0.00027035075770753814,0.013666666666666667,0.003925,0.0034583333333333332,0.009107432902776703,0.006077558432429266,0.014486578264813574,-0.00022469362471524426,-0.004266343982118512
123,header,high_density,random,0.1,3,120072,8,0.9995624420333432,0.9991214101593301,0.0004410318740131203,0.0004410318740131203,0.0036561396495436074,0.0007745352788327003,0.0003248051169298421,0.003480929745106112,0.0004177601628193455,0.019359344002066056,0.009068744550867877,-0.018047283227601667
123,header,mid_density,random,0.1,3,239928,8,0.9728825671275821,0.9419682441441779,0.03091432298340424,0.03091432298340424,0.11079573872161648,0.06934580374112234,0.010515654696408923,0.10297894990932555,0.03219713888286265,0.14864517636216656,0.12021465426250894,-0.10880772519246289
123,header,low_density,random,0.1,3,120000,8,0.9545554321285423,0.9271270788484045,0.027428353280137818,0.027428353280137818,0.13006666666666666,0.07218333333333334,0.01275,0.1674916853584964,0.022406420244859705,0.13145307408939078,0.09390675911419906,-0.06615171373227602
123,header,high_density,random,0.1,4,120072,8,0.9995624420333432,0.9991263366567207,0.0004361053766225309,0.0004361053766225309,0.054192484509294425,0.04609734159504297,0.0,0.20717146386196056,0.0,0.04661938221597217,0.043524041226715396,-0.007833830577929643
123,header,mid_density,random,0.1,4,239928,8,0.9728825671275821,0.9490962743225677,0.02378629280501443,0.02378629280501443,0.23111516788369843,0.175777733319996,0.00012920542829515522,0.2610310273756398,0.00039560495654726206,0.21718772555003754,0.21273498788505665,-0.0656202701319823
123,header,low_density,random,0.1,4,120000,8,0.9545554321285423,0.9239913014468847,0.030564130681657642,0.030564130681657642,0.2006,0.139225,0.00046666666666666666,0.3230528269781112,0.0008201042704000937,0.196278945101181,0.18973409501162913,-0.012763237244106924
123,header,high_density,random,0.1,5,120072,8,0.9995624420333432,0.9991717027314307,0.0003907393019124683,0.0003907393019124683,0.026259244453328005,0.019338396961822907,0.0,0.08691095557135906,0.0,0.025814755186295446,0.02503707818198151,-0.011432753619582632
123,header,mid_density,random,0.1,5,239928,8,0.9728825671275821,0.9609617484909843,0.011920818636597885,0.011920818636597885,0.14933229968990697,0.10165966456603648,0.00032509752925877764,0.15096523423718952,0.000995393116473756,0.14324484920326136,0.14180267157881898,-0.02824796568445791
123,header,low_density,random,0.1,5,120000,8,0.9545554321285423,0.9352603808064647,0.01929505132207765,0.01929505132207765,0.128825,0.08195833333333333,0.0011583333333333333,0.19017325392528425,0.002035615956885947,0.12551997961334974,0.11972077657189438,0.00866606140599187
123,header,high_density,random,0.1,6,120072,8,0.9995624420333432,0.9995271693143654,3.5272718977852335e-05,3.5272718977852335e-05,0.0042474515290825505,0.0,0.003731094676527417,0.0,0.0047988859728991485,0.009100050696210909,-0.006532563137028354,-0.007428945850609388
123,header,mid_density,random,0.1,6,239928,8,0.9728825671275821,0.9717256884336591,0.0011568786939230025,0.0011568786939230025,0.025249241439098395,0.0013504051215364609,0.012778833650095028,0.002005360005446657,0.039126606347545334,0.026467898947830193,-0.013008865019756547,-0.012174670357611411
123,header,low_density,random,0.1,6,120000,8,0.9545554321285423,0.9522696190348662,0.002285813093676148,0.002285813093676148,0.031566666666666666,0.001675,0.018725,0.0038866114935416506,0.03290668384980376,0.03385068817203528,-0.023155633506378445,-0.014744221660587229
123,header,high_density,random,0.1,7,120072,8,0.9995624420333432,0.997742545985425,0.0018198960479182125,0.0018198960479182125,0.008536544739822773,0.006870877473515891,0.0,0.03087921548078003,0.0,0.017873427306262214,0.006834377180031419,-0.011088932905273938
123,header,mid_density,random,0.1,7,239928,8,0.9728825671275821,0.9548252403497335,0.01805732677784866,0.01805732677784866,0.09455336600980294,0.06273131939581875,0.00043763128938681606,0.09315639951227664,0.0013399522721762101,0.0978312697255353,0.08957442826286711,-0.043629442464726505
123,header,low_density,random,0.1,7,120000,8,0.9545554321285423,0.9337880452449577,0.020767386883584593,0.020767386883584593,0.106325,0.06565,0.0009,0.152331966896125,0.0015816296643430378,0.10381796692640198,0.09744840534483408,-0.007717543243173805
123,header,high_density,random,0.1,8,120072,8,0.9995624420333432,0.9992404401498555,0.0003220018834877436,0.0003220018834877436,0.001515757212339263,0.0007911919514957692,8.328336331534413e-06,0.0035557884493019427,1.0711799046649884e-05,0.005768393187206515,0.0009266785958069932,-0.00412379968143458
123,header,mid_density,random,0.1,8,239928,8,0.9728825671275821,0.9700727589628615,0.0028098081647206508,0.0028098081647206508,0.01568387182821513,0.00250075022506752,0.006160181387749659,0.003713629639716031,0.018861423412156558,0.01878880115894833,-0.0018159149925719483,-0.0053617679938076195
123,header,low_density,random,0.1,8,120000,8,0.9545554321285423,0.9481138482457503,0.006441583882792035,0.006441583882792035,0.03175833333333333,0.006891666666666667,0.016316666666666667,0.01599118261273107,0.028674360025774705,0.025716265660468866,-0.00450154214485783,-0.00754300709031233
123,header,high_density,random,0.1,9,120072,8,0.9995624420333432,0.9977485566129436,0.001813885420399619,0.001813885420399619,0.04182490505696582,2.4985008994603238e-05,0.04106702645079619,0.00011228805629374555,0.05281988109903058,0.06918736074943826,-0.0628997916199725,-0.05068268618316418
123,header,mid_density,random,0.1,9,239928,8,0.9728825671275821,0.9570079800267397,0.01587458710084244,0.01587458710084244,0.09954653062585442,0.006364409322796839,0.07387216164849454,0.0094511874330773,0.22618394354334426,0.09582663448799669,-0.07900794429622249,-0.01997557844726294
123,header,low_density,random,0.1,9,120000,8,0.9545554321285423,0.9235156257295316,0.031039806399010716,0.031039806399010716,0.166375,0.006966666666666667,0.128825,0.016165209993038904,0.22639271278776874,0.1536536665546038,-0.13655799375911462,-0.04558576334265782
123,header,high_density,random,0.1,10,120072,8,0.9995624420333432,0.9992406311957158,0.0003218108376273898,0.0003218108376273898,0.014416350189886068,0.0,0.013658471583716436,0.0,0.01756735043650581,0.03663199453576944,-0.03629649726772696,-0.02581066587321985
123,header,mid_density,random,0.1,10,239928,8,0.9728825671275821,0.967992683690388,0.004889883437194098,0.004889883437194098,0.07620202727484912,0.001437931379413824,0.0575297589276783,0.002135337042836718,0.1761462972652212,0.07461717272324717,-0.07111827160157733,-0.00835194193809409
123,header,low_density,random,0.1,10,120000,8,0.9545554321285423,0.942593907967207,0.011961524161335335,0.011961524161335335,0.1245,0.002683333333333333,0.09551666666666667,0.006226312939902545,0.16785777048796205,0.11185817972686464,-0.10393650621552578,-0.033242583530188434
123,header,high_density,random,0.1,11,120072,8,0.9995624420333432,0.9995069322854708,5.5509747872384274e-05,5.5509747872384274e-05,0.009785795189552936,0.0,0.008927976547404891,0.0,0.011483048578008677,0.019722233977471942,-0.014349894693241506,-0.0161395073272774
123,header,mid_density,random,0.1,11,239928,8,0.9728825671275821,0.9697696096535039,0.0031129574740782484,0.0031129574740782484,0.04453419359141075,0.0013754126237871362,0.02679970657864026,0.0020424963018438173,0.08205612485802886,0.04890062851346162,-0.0322255013768259,-0.019326455882786666
123,header,low_density,random,0.1,11,120000,8,0.9545554321285423,0.9512698053203602,0.0032856268081821183,0.0032856268081821183,0.068075,0.0020666666666666667,0.043975,0.004795421146260345,0.07728018276609455,0.06617507569210933,-0.053735916101872006,-0.023693262679077495
123,header,high_density,random,0.1,12,120072,8,0.9995624420333432,0.9992471694546128,0.00031527257873043,0.00031527257873043,0.0017073089479645546,0.0006829235791858218,0.0003248051169298421,0.003069206872029045,0.0004177601628193455,0.008963912468053373,-0.005989937140185947,-0.0068351005760787795
123,header,mid_density,random,0.1,12,239928,8,0.9728825671275821,0.9700381220441204,0.0028444450834617108,0.0028444450834617108,0.026403754459671233,0.0005751725517655296,0.016388249808275815,0.0008541348171346872,0.05017802223044627,0.030587889320986928,-0.024079726167348048,-0.0030848018478062365
123,header,low_density,random,0.1,12,120000,8,0.9545554321285423,0.9490216563057025,0.00553377582283987,0.00553377582283987,0.04319166666666667,0.00305,0.028041666666666666,0.007077113465851961,0.04927947981957706,0.04164133767110456,-0.0318181005836411,-0.0104949938717613
123,header,high_density,random,0.1,13,120072,8,0.9995624420333432,0.9990707379011232,0.0004917041322199944,0.0004917041322199944,0.037061096675328135,0.029265773869011927,0.0,0.13152674327207395,0.0,0.033919739902211005,0.03339279828045541,-0.010873936928894568
123,header,mid_density,random,0.1,13,239928,8,0.9728825671275821,0.9595719781290759,0.013310588998506234,0.013310588998506234,0.1875229235437298,0.13400270081024307,0.00015421293054583042,0.19899484424418354,0.00047217365781447406,0.17160138131207034,0.17061638590405903,-0.025433229993531734
123,header,low_density,random,0.1,13,120000,8,0.9545554321285423,0.9337971959289979,0.020758236199544422,0.020758236199544422,0.14501666666666665,0.094175,0.0006166666666666666,0.2185203805398716,0.0010837092144572668,0.14049455028479518,0.13757333219804316,0.013574127829549067
123,header,high_density,random,0.1,14,120072,8,0.9995624420333432,0.9993035873218414,0.00025885471150177697,0.00025885471150177697,0.027958225064961022,0.020862482510493705,0.0,0.09376052700527754,0.0,0.02478695568528238,0.024100733445188167,-0.009647906541603933
123,header,mid_density,random,0.1,14,239928,8,0.9728825671275821,0.9619454474488099,0.0109371196787722,0.0109371196787722,0.14578540228735287,0.09816278216798373,0.0002459071054649728,0.14577234212431994,0.0007529255624609181,0.14055525766303475,0.138757425241013,-0.026299786601198995
123,header,low_density,random,0.1,14,120000,8,0.9545554321285423,0.9357222015819794,0.01883323054656294,0.01883323054656294,0.12793333333333334,0.08124166666666667,0.0010416666666666667,0.18851032562456493,0.0018305898892859234,0.12402661576423547,0.11888987641863402,0.00991279327120827
123,header,high_density,random,0.1,15,120072,8,0.9995624420333432,0.9995701379940687,-7.695960725473405e-06,-7.695960725473405e-06,0.009452661736291558,0.00439736158305017,0.0,0.019762697907699217,0.0,0.020337248347881913,0.02033535995487413,-0.0021121697348193717
123,header,mid_density,random,0.1,15,239928,8,0.9728825671275821,0.9714739043819995,0.0014086627455826006,0.0014086627455826006,0.11199193091260712,0.0670701210363109,4.167917041779201e-06,0.09959954693718395,1.2761450211202002e-05,0.11357881001243639,0.11354311647955535,-0.025417067724583377
123,header,low_density,random,0.1,15,120000,8,0.9545554321285423,0.9511620356943853,0.0033933964341570366,0.0033933964341570366,0.125025,0.074425,3.3333333333333335e-05,0.1726931703921417,5.8578876457149553e-05,0.1269391095431141,0.126447520285188,0.004787872364242931
123,header,high_density,random,0.1,16,120072,8,0.9995624420333432,0.9987416312365971,0.0008208107967461187,0.0008208107967461187,0.03882670397761343,0.030706576054367378,0.0,0.13800202118501328,0.0,0.037199702367592666,0.032410355340898776,-0.008423819844320526
123,header,mid_density,random,0.1,16,239928,8,0.9728825671275821,0.9514662888165499,0.02141627831103221,0.02141627831103221,0.1705845086859391,0.11841469107398886,0.0022131639491847553,0.17584655282328693,0.006776330062148263,0.14790294347087046,0.13971042227013758,-0.02058353850656736
123,header,low_density,random,0.1,16,120000,8,0.9545554321285423,0.9247082544052558,0.02984717772328649,0.02984717772328649,0.13115833333333332,0.0821,0.004275,0.19050197231031016,0.00751274090562943,0.12489492991908482,0.10951657273720768,0.004135662374928718
123,header,high_density,random,0.1,17,120072,8,0.9995624420333432,0.9995560821908317,6.359842511516334e-06,6.359842511516334e-06,0.025634619228462923,0.01779765474048904,0.0,0.07998652543324475,0.0,0.024482530087369867,0.021645337492884865,-0.011577621471140793
123,header,mid_density,random,0.1,17,239928,8,0.9728825671275821,0.966293589683127,0.006588977444455191,0.006588977444455191,0.0814786102497416,0.045992964556033473,0.0016129838951685505,0.06829983845711067,0.004938681231735175,0.08696921786090225,0.07835366478098274,-0.0362945143570247
123,header,low_density,random,0.1,17,120000,8,0.9545554321285423,0.9414771209888133,0.013078311139729015,0.013078311139729015,0.08641666666666667,0.046675,0.004183333333333333,0.10830303967824272,0.007351648995372269,0.09386529601509905,0.07038058874156018,-0.0201480571322823
123,header,high_density,random,0.1,18,120072,8,0.9995624420333432,0.9988359806278856,0.0007264614054576235,0.0007264614054576235,0.030173562529149177,0.02087081084682524,0.001857219001932174,0.09379795635737545,0.002388731187402924,0.025456779054764452,0.01598754788907388,-0.01174836290345088
123,header,mid_density,random,0.1,18,239928,8,0.9728825671275821,0.9597136751928652,0.013168891934716931,0.013168891934716931,0.08901837217832016,0.04702244006535294,0.008556733686772698,0.0698286159921271,0.026199257283597708,0.07625950472586417,0.05411837206648569,-0.01379204627591966
123,header,low_density,random,0.1,18,120000,8,0.9545554321285423,0.9349310249927372,0.019624407135805155,0.019624407135805155,0.08435833333333333,0.041808333333333336,0.013791666666666667,0.09701059633382318,0.02423701013414563,0.07683516358843245,0.04237982305172852,0.0041763912071032545
123,header,high_density,random,0.1,19,120072,8,0.9995624420333432,0.9991605909990253,0.0004018510343178905,0.0004018510343178905,0.004572256646012392,2.4985008994603238e-05,0.003872676394163502,0.00011228805629374555,0.004980986556692196,0.014779887855122952,-0.008262875262635307,-0.013596971562207611
123,header,mid_density,random,0.1,19,239928,8,0.9728825671275821,0.9719462304028427,0.0009363367247394727,0.0009363367247394727,0.029050381781201028,0.0013837484578706944,0.014712747157480577,0.002054875067309537,0.045047919245543064,0.034883386362314285,-0.0158260511727722,-0.01681016879365469
123,header,low_density,random,0.1,19,120000,8,0.9545554321285423,0.9509148128944971,0.0036406192340452392,0.0036406192340452392,0.04835,0.00355,0.026466666666666666,0.008237296001237527,0.046511627906976744,0.05019633776152106,-0.03004672008241661,-0.022894765966663278
123,header,high_density,random,0.1,20,120072,8,0.9995624420333432,0.9970935908630459,0.0024688511702972704,0.0024688511702972704,0.04509794123525884,0.037027783330002,0.0,0.16641089942733092,0.0,0.042241485300990644,0.03354963465587886,-0.019672959258625323
123,header,mid_density,random,0.1,20,239928,8,0.9728825671275821,0.9490779981442684,0.023804568983313734,0.023804568983313734,0.18807308859324465,0.13637007768997367,0.0008002400720216065,0.20251041363644803,0.002450198440550784,0.18225297603251506,0.17359732693842125,-0.0772679100640073
123,header,low_density,random,0.1,20,120000,8,0.9545554321285423,0.9197326933876899,0.0348227387408524,0.0348227387408524,0.17676666666666666,0.11930833333333334,0.0015,0.27683888931858613,0.00263604944057173,0.16912184056866436,0.1552978758613005,-0.02356217949192041
123,imports,high_density,important,0.01,0,176702,13,0.8487089054107824,0.850193210017567,-0.0014843046067846144,-0.0014843046067846144,0.05411936480628403,0.02367828321128227,0.0,0.0466464502318944,0.0,0.03342694728531966,0.02075784088767432,-0.002929805413758681
123,imports,mid_density,important,0.01,0,183298,13,0.9681384034832163,0.9257122945451993,0.042426108938017015,0.042426108938017015,0.16350423899878885,0.10692424358149025,0.0162358563650449,0.31000775058920294,0.02478409687117433,0.14072686905996787,0.06154713495579667,-0.06356977343191449
123,imports,low_density,important,0.01,0,120000,13,0.9164804932793439,0.8679982348409604,0.048482258438383496,0.048482258438383496,0.18123333333333333,0.11395833333333333,0.010116666666666666,0.15703409391040732,0.036880639183400676,0.162385101364057,0.13537334312113036,-0.08369653730642511
123,imports,high_density,random,0.01,1,176702,13,0.8487089054107824,0.8486906753549025,1.823005587986426e-05,1.823005587986426e-05,0.0,0.0,0.0,0.0,0.0,0.0026355843559671475,0.0025823020175488477,-0.002583261123260362
123,imports,mid_density,random,0.01,1,183298,13,0.9681384034832163,0.9684352717232475,-0.0002968682400311673,-0.0002968682400311673,0.0038407402153869657,0.000889262294187607,0.0002236794727711159,0.0025782572246563643,0.00034144757114185065,0.004533510961669833,0.0028501091813250405,-0.002735480282690043
123,imports,low_density,random,0.01,1,120000,13,0.9164804932793439,0.9159815250407379,0.0004989682386059568,0.0004989682386059568,0.006841666666666667,0.001475,0.0014666666666666667,0.00203254366523891,0.005346781298417231,0.00529857891249723,0.0015075531741373435,-0.0010029719471648414
123,imports,high_density,random,0.01,2,176702,13,0.8487089054107824,0.8201877470207233,0.028521158390059087,0.028521158390059087,0.0005149913413543707,0.0,0.0005149913413543707,0.0,0.0010459048801232098,0.0054136988662372865,-0.005352225229721604,0.0010792274111259721
123,imports,mid_density,random,0.01,2,183298,13,0.9681384034832163,0.9657287076596022,0.0024096958236141663,0.0024096958236141663,0.028456393414003425,0.00020731268208054645,0.021767831618457377,0.0006010661014536309,0.0332286782647801,0.025106004614606794,-0.024095502140729648,0.00016554244884838575
123,imports,low_density,random,0.01,2,120000,13,0.9164804932793439,0.9143849161936844,0.002095577085659439,0.002095577085659439,0.03195833333333333,0.000525,0.020341666666666668,0.0007234477452545273,0.07415621107634353,0.030334209791427362,-0.027286732104534996,0.009003382083088353
123,imports,high_density,random,0.01,3,176702,13,0.8487089054107824,0.848711533391692,-2.627980909664096e-06,-2.627980909664096e-06,0.0,0.0,0.0,0.0,0.0,0.00041789258205462255,-0.0002711375635728688,-0.00024398812998787717
123,imports,mid_density,random,0.01,3,183298,13,0.9681384034832163,0.9676475281661261,0.0004908753170902447,0.0004908753170902447,0.0028969219522307936,7.63783565559908e-05,0.0021385939835677423,0.00022144540579870613,0.003264571899697694,0.004652668065569967,-0.003979428268080377,-0.003608352132958736
123,imports,low_density,random,0.01,3,120000,13,0.9164804932793439,0.915842456854862,0.0006380364244819026,0.0006380364244819026,0.004841666666666667,0.000375,0.0030583333333333335,0.0005167483894675195,0.011149254184767749,0.0036526059197291255,-0.0013889633476921394,8.189625750942747e-05
123,imports,high_density,random,0.01,4,176702,13,0.8487089054107824,0.8487096124759078,-7.070651254492688e-07,-7.070651254492688e-07,0.0,0.0,0.0,0.0,0.0,9.152099214900865e-05,1.678120101505219e-06,-3.710437372466789e-05
123,imports,mid_density,random,0.01,4,183298,13,0.9681384034832163,0.9678473044779947,0.0002910990052216178,0.0002910990052216178,0.001789435782168927,0.0007746947593536209,0.0001745791006994075,0.002246089115958305,0.0002664956652814444,0.0020883761939843796,0.001644248179527244,-0.0009981867251214586
123,imports,low_density,random,0.01,4,120000,13,0.9164804932793439,0.914822610293381,0.0016578829859629218,0.0016578829859629218,0.0037916666666666667,0.001625,8.333333333333333e-05,0.0022392430210259177,0.0003037943919555245,0.005456298451101158,0.005011262543333918,-0.0034087387604199507
123,imports,high_density,random,0.01,5,176702,13,0.8487089054107824,0.8486319270588603,7.697835192210789e-05,7.697835192210789e-05,0.0,0.0,0.0,0.0,0.0,0.0004830523991683818,0.00023883201092527598,-0.0003309611960481035
123,imports,mid_density,random,0.01,5,183298,13,0.9681384034832163,0.9624924678645892,0.00564593561862714,0.00564593561862714,0.0195583148752305,0.0156466519001844,4.9100372071708364e-05,0.04536467313076351,7.495190586040624e-05,0.013722680695086928,0.012499896856362715,-0.00544895090220835
123,imports,low_density,random,0.01,5,120000,13,0.9164804932793439,0.9132227720850443,0.0032577211942995676,0.0032577211942995676,0.012125,0.005991666666666667,0.00025,0.00825649093393659,0.0009113831758665735,0.01410071610103778,0.013278162338495115,-0.008687601586108552
123,imports,high_density,random,0.01,6,176702,13,0.8487089054107824,0.8485570690053492,0.0001518364054331478,0.0001518364054331478,0.0,0.0,0.0,0.0,0.0,0.0026505547388464288,-0.002457303498733766,0.0009545393909362172
123,imports,mid_density,random,0.01,6,183298,13,0.9681384034832163,0.9666712571622723,0.0014671463209440239,0.0014671463209440239,0.007954260275616755,0.000518281705201366,0.005390129734094207,0.0015026652536340773,0.008228053665564596,0.009735316521365675,-0.006713875127948507,-0.002527528172504992
123,imports,low_density,random,0.01,6,120000,13,0.9164804932793439,0.913721549848198,0.0027589434311459105,0.0027589434311459105,0.014133333333333333,0.0008583333333333333,0.008933333333333333,0.0011827796470034336,0.03256675881763223,0.01319473630380973,-0.00778635648138649,0.001906409425490053
123,imports,high_density,random,0.01,7,176702,13,0.8487089054107824,0.8487166868431634,-7.781432381004372e-06,-7.781432381004372e-06,0.0,0.0,0.0,0.0,0.0,0.0008159128013226436,0.0005462932413855348,-0.00033833769786246613
123,imports,mid_density,random,0.01,7,183298,13,0.9681384034832163,0.9681771346084522,-3.8731125235891284e-05,-3.8731125235891284e-05,0.0018276249604469224,0.0005837488679636439,0.0002891466355333937,0.0016924756014615396,0.0004413834456223923,0.002155735923512721,0.0017554803514826431,-0.0007613180522860543
123,imports,low_density,random,0.01,7,120000,13,0.9164804932793439,0.9164535500731222,2.694320622165236e-05,2.694320622165236e-05,0.0034333333333333334,0.0010916666666666666,0.00010833333333333333,0.0015043119782276679,0.00039493270954218186,0.0032439335403952126,0.002438508150618862,-0.0014466901387314049
123,imports,high_density,random,0.01,8,176702,13,0.8487089054107824,0.8198298607153356,0.028879044695446776,0.028879044695446776,0.0005149913413543707,0.0,0.0005149913413543707,0.0,0.0010459048801232098,0.008525090254747798,-0.006354089003037819,0.00024048764915285956
123,imports,mid_density,random,0.01,8,183298,13,0.9681384034832163,0.9636250154277947,0.004513388055421674,0.004513388055421674,0.029405667274056455,0.001969470479765191,0.019110955929688266,0.005710127963809494,0.029172947358778116,0.03328592011944865,-0.019224284638118885,-0.01030885641550861
123,imports,low_density,random,0.01,8,120000,13,0.9164804932793439,0.9053213823387829,0.01115911094056099,0.01115911094056099,0.044275,0.00415,0.02385,0.005718682176773882,0.08694595497767112,0.040942629098263086,-0.01744898246851771,-0.00020901466348625236
123,imports,high_density,random,0.01,9,176702,13,0.8487089054107824,0.8487167149053712,-7.809494588784105e-06,-7.809494588784105e-06,0.0,0.0,0.0,0.0,0.0,0.00013816495144819448,5.306046779422682e-05,-2.035075168755057e-05
123,imports,mid_density,random,0.01,9,183298,13,0.9681384034832163,0.9679020727890162,0.00023633069420014863,0.00023633069420014863,0.0013202544490392694,0.0004091697672642364,0.0003055134262239632,0.00118631467392164,0.00046636741424252773,0.0017947907511026426,0.0007811330141948859,-0.0010447248916928824
123,imports,low_density,random,0.01,9,120000,13,0.9164804932793439,0.9162693017030487,0.00021119157629523322,0.00021119157629523322,0.0032833333333333334,0.0015416666666666667,0.0003916666666666667,0.0021244100455886914,0.0014278336421909652,0.004185440814098812,0.003182381600402155,-0.0020281107668633598
123,imports,high_density,random,0.01,10,176702,13,0.8487089054107824,0.8481267695182511,0.0005821358925313103,0.0005821358925313103,0.0,0.0,0.0,0.0,0.0,0.0007054719934647548,0.00042777926138275196,-0.00017330366478619533
123,imports,mid_density,random,0.01,10,183298,13,0.9681384034832163,0.9674847785481072,0.0006536249351091206,0.0006536249351091206,0.006437604338290652,0.002656875688769108,0.0006546716276227782,0.007703136615997848,0.0009993587448054164,0.005871260179543314,0.0036095507143702487,-0.0019209516628435823
123,imports,low_density,random,0.01,10,120000,13,0.9164804932793439,0.9152092864502419,0.0012712068291019785,0.0012712068291019785,0.015683333333333334,0.005458333333333333,0.0020666666666666667,0.007521559891138339,0.007534100920497008,0.011070262621078478,0.008776552766794062,-0.0037931185073002945
123,imports,high_density,random,0.01,11,176702,13,0.8487089054107824,0.8486028573025036,0.00010604810827874456,0.00010604810827874456,0.0,0.0,0.0,0.0,0.0,0.0013259174449515314,0.0006920965592322505,-0.0008867905105271658
123,imports,mid_density,random,0.01,11,183298,13,0.9681384034832163,0.9673903416021372,0.0007480618810791206,0.0007480618810791206,0.006213924865519536,0.002236794727711159,0.0006928608059007736,0.006485186884104965,0.0010576546715857324,0.007766251275254832,0.005087664896038693,-0.003446159086742334
123,imports,low_density,random,0.01,11,120000,13,0.9164804932793439,0.9166475915327439,-0.00016709825339999984,-0.00016709825339999984,0.013725,0.004583333333333333,0.0010083333333333333,0.006315813649047461,0.0036759121426618467,0.01112587609798132,0.008456206062439133,-0.0037230587866738858
123,imports,high_density,random,0.01,12,176702,13,0.8487089054107824,0.8486749894777227,3.391593305968055e-05,3.391593305968055e-05,0.0,0.0,0.0,0.0,0.0,0.0010179829520201443,-0.000758279644954825,-0.000929908168903692
123,imports,mid_density,random,0.01,12,183298,13,0.9681384034832163,0.9679757994907403,0.0001626039924760292,0.0001626039924760292,0.0018385361542406354,0.0005892044648605004,0.0006328492400353523,0.0017082931304471616,0.000966046786645236,0.0020438446831799353,-0.0006502011838696529,-0.0009032933230606213
123,imports,low_density,random,0.01,12,120000,13,0.9164804932793439,0.9160990452550176,0.0003814480243262697,0.0003814480243262697,0.003925,0.00065,0.001325,0.0008956972084103671,0.00483033083209284,0.004017485720394453,-0.0008129809547634292,-0.0006106677448151734
123,imports,high_density,random,0.01,13,176702,13,0.8487089054107824,0.8487248033562445,-1.589794546208445e-05,-1.589794546208445e-05,0.0,0.0,0.0,0.0,0.0,0.00011573943260213369,2.687112337555973e-06,-0.00011573943260213373
123,imports,mid_density,random,0.01,13,183298,13,0.9681384034832163,0.9681468799963199,-8.47651310353914e-06,-8.47651310353914e-06,0.0009710962476404543,0.0003273358138113891,1.091119379371297e-05,0.0009490517391373119,1.6655979080090276e-05,0.0009451262806565753,0.0005189787528288324,-0.0004042321358126312
123,imports,low_density,random,0.01,13,120000,13,0.9164804932793439,0.9159063653809085,0.0005741278984353615,0.0005741278984353615,0.0018416666666666666,0.0008416666666666667,0.00019166666666666667,0.0011598130519159882,0.0006987271014977064,0.002202085893597728,0.0017435952918025035,-0.001223717725318866
123,imports,high_density,random,0.01,14,176702,13,0.8487089054107824,0.8486782202194788,3.0685191303558845e-05,3.0685191303558845e-05,0.0,0.0,0.0,0.0,0.0,0.0013837617079759223,-0.00033809373251550613,-0.0005708936594370521
123,imports,mid_density,random,0.01,14,183298,13,0.9681384034832163,0.9678983236722624,0.0002400798109539748,0.0002400798109539748,0.0075778240897336575,0.0017621577976846448,0.003529771192266146,0.005109061862355863,0.0053882092324092044,0.0071554330919079675,-0.00280178190572627,-0.003124238727326943
123,imports,low_density,random,0.01,14,120000,13,0.9164804932793439,0.9151112807251212,0.0013692125542227318,0.0013692125542227318,0.008933333333333333,0.00075,0.0048,0.001033496778935039,0.01749855697663821,0.007413306389781735,-0.004695265721215394,0.0014253188570946716
123,imports,high_density,random,0.01,15,176702,13,0.8487089054107824,0.8487148695909686,-5.964180186279755e-06,-5.964180186279755e-06,0.0,0.0,0.0,0.0,0.0,0.0016129263591876985,-0.0012604688247010412,-0.001332768226212806
123,imports,mid_density,random,0.01,15,183298,13,0.9681384034832163,0.9678723697229241,0.0002660337602922169,0.0002660337602922169,0.003218802169145326,0.00016912350380255103,0.001865814138724918,0.0004903433985542779,0.002848172422695437,0.004700523656856806,-0.0036112063268145134,-0.0027335310386734186
123,imports,low_density,random,0.01,15,120000,13,0.9164804932793439,0.9145329923683662,0.0019475009109777286,0.0019475009109777286,0.009416666666666667,0.000725,0.005383333333333334,0.000999046886303871,0.019625117720326882,0.00719066095216482,-0.004073572083281579,-0.0010176398011793415
123,imports,high_density,random,0.01,16,176702,13,0.8487089054107824,0.8487024995391339,6.405871648462735e-06,6.405871648462735e-06,0.0,0.0,0.0,0.0,0.0,0.0006403819967964494,-0.0005104523635398973,0.00011954367484577375
123,imports,mid_density,random,0.01,16,183298,13,0.9681384034832163,0.9677960034512093,0.0003424000320070286,0.0003424000320070286,0.003453392835710155,0.001336621239729839,0.0004800925269233707,0.003875294601477357,0.0007328630795239721,0.0038307688621982226,0.0013206218734759052,-0.0018190018460445417
123,imports,low_density,random,0.01,16,120000,13,0.9164804932793439,0.9159668420346828,0.000513651244661073,0.000513651244661073,0.003766666666666667,0.0007166666666666667,0.002,0.0009875635887601484,0.007291065406932588,0.0028248630015861855,-4.7598064631608226e-05,0.0001253808097144594
123,imports,high_density,random,0.01,17,176702,13,0.8487089054107824,0.848716474774881,-7.5693640986251864e-06,-7.5693640986251864e-06,0.0,0.0,0.0,0.0,0.0,0.0013699948954131287,-0.0012812760673876454,-0.001288014301033034
123,imports,mid_density,random,0.01,17,183298,13,0.9681384034832163,0.9672364119126806,0.0009019915705357207,0.0009019915705357207,0.007048631190738579,0.000741961177972482,0.004009863719189517,0.002151183942044574,0.006121072311933176,0.0073638476020143695,-0.004903794535003903,-0.003432974893633185
123,imports,low_density,random,0.01,17,120000,13,0.9164804932793439,0.9148567074924552,0.0016237857868887096,0.0016237857868887096,0.013133333333333334,0.00115,0.005733333333333333,0.0015846950610337264,0.020901054166540086,0.010902006269250255,-0.005052973730249852,-0.0005099557461075122
123,imports,high_density,random,0.01,18,176702,13,0.8487089054107824,0.8487043658681578,4.539542624582005e-06,4.539542624582005e-06,0.0,0.0,0.0,0.0,0.0,0.0002941272559782555,-0.00015654038212842056,8.708521381398016e-05
123,imports,mid_density,random,0.01,18,183298,13,0.9681384034832163,0.9681733501226722,-3.494663945591281e-05,-3.494663945591281e-05,0.0022804395028860106,0.0008783511003938941,0.0002618686510491113,0.0025466221666851203,0.0003997434979221666,0.002004977885149367,0.0005725591865664112,-0.0005569127774780946
123,imports,low_density,random,0.01,18,120000,13,0.9164804932793439,0.9165030705509796,-2.2577271635682017e-05,-2.2577271635682017e-05,0.002275,0.000575,0.0003333333333333333,0.0007923475305168632,0.001215177567822098,0.0021094475553134436,0.0004887277109044354,-0.0001831433546292873
123,imports,high_density,random,0.01,19,176702,13,0.8487089054107824,0.8490081370889583,-0.00029923167817591523,-0.00029923167817591523,0.0,0.0,0.0,0.0,0.0,0.0020149636307790673,0.0003964397401559638,-0.0003632999578402124
123,imports,mid_density,random,0.01,19,183298,13,0.9681384034832163,0.9678170552667194,0.0003213482164969861,0.0003213482164969861,0.006290303222075527,0.0016639570535412279,0.0015984898907789502,0.0048243463406146695,0.0024401009352332252,0.006151037636268363,-0.0007787389922480285,-0.0017672538616270066
123,imports,low_density,random,0.01,19,120000,13,0.9164804932793439,0.9155766153944624,0.0009038778848814433,0.0009038778848814433,0.008025,0.001075,0.002758333333333333,0.0014813453831402225,0.01005559437372786,0.00836688611556014,-0.0018135644695650064,-0.0002748978617697432
123,imports,high_density,random,0.01,20,176702,13,0.8487089054107824,0.8487085158714599,3.895393224651045e-07,3.895393224651045e-07,0.0,0.0,0.0,0.0,0.0,0.00019184832192873294,-0.00017802094797284026,-9.006697087865286e-05
123,imports,mid_density,random,0.01,20,183298,13,0.9681384034832163,0.9681282515847984,1.0151898417909422e-05,1.0151898417909422e-05,0.0027059760608408165,0.001778524588375214,0.0002455018603585418,0.005156514449312729,0.0003747595293020312,0.0013570486862357416,0.0002845338161464016,-0.0005250987528457713
123,imports,low_density,random,0.01,20,120000,13,0.9164804932793439,0.9163877268501541,9.276642918976119e-05,9.276642918976119e-05,0.003375,0.0006,0.0015916666666666666,0.0008267974231480311,0.005802472886350518,0.002457917801469135,0.0010854908238123126,-0.0007838570361898567
123,imports,high_density,important,0.05,0,176702,65,0.8487089054107824,0.744618700443884,0.10409020496689836,0.10409020496689836,0.06281762515421443,0.0,0.05845434686647576,0.0,0.11871595062409489,0.10586969082341077,-0.0996706414071598,-0.07526668150073605
123,imports,mid_density,important,0.05,0,183298,65,0.9681384034832163,0.9294298769473636,0.03870852653585277,0.03870852653585277,0.2722288295562417,0.0014566443714606814,0.24401793800259686,0.0042232802391610385,0.3724943161471389,0.24381816263404082,-0.19447606147857704,-0.151536904226632
123,imports,low_density,important,0.05,0,120000,65,0.9164804932793439,0.8433033769601181,0.07317711631922574,0.07317711631922574,0.169325,0.004008333333333333,0.12698333333333334,0.005523466118530597,0.46292189446182824,0.13745857671117032,-0.05461008975890196,-0.04006400555686314
123,imports,high_density,random,0.05,1,176702,65,0.8487089054107824,0.8486222890359384,8.6616374843973e-05,8.6616374843973e-05,0.0,0.0,0.0,0.0,0.0,0.003558053768260602,-0.0020267269694796927,-0.002523371198584678
123,imports,mid_density,random,0.05,1,183298,65,0.9681384034832163,0.9666014258614861,0.0015369776217302178,0.0015369776217302178,0.013682637017316064,0.002815087998777946,0.004637257362328012,0.008161844956580884,0.007078791109038367,0.01739903568667312,-0.0017196871947015595,-0.008815825028753803
123,imports,low_density,random,0.05,1,120000,65,0.9164804932793439,0.9119133635899589,0.004567129689384997,0.004567129689384997,0.021433333333333332,0.003925,0.00775,0.005408633143093371,0.028252878451863778,0.019452583924157614,-0.0011825056175001803,-0.004331255870064571
123,imports,high_density,random,0.05,2,176702,65,0.8487089054107824,0.8486179710438035,9.093436697882318e-05,9.093436697882318e-05,0.0011714638204434584,0.0,0.0010186641916899639,0.0,0.0020688228398041512,0.0016825073861567762,-0.000454739975523938,-0.0012138042631620002
123,imports,mid_density,random,0.05,2,183298,65,0.9681384034832163,0.9664766400518452,0.0016617634313711438,0.0016617634313711438,0.01150039825857347,0.003704350292965553,0.004451767067834892,0.010740102181237247,0.006795639464676833,0.012453622373953815,0.0018481776973087389,-0.007380962067266177
123,imports,low_density,random,0.05,2,120000,65,0.9164804932793439,0.9114849954614392,0.004995497817904648,0.004995497817904648,0.018891666666666668,0.005458333333333333,0.00375,0.007521559891138339,0.013670747637998602,0.021762645223516824,0.012225046990152233,-0.009632726586785677
123,imports,high_density,random,0.05,3,176702,65,0.8487089054107824,0.8489612939603224,-0.0002523885495400169,-0.0002523885495400169,0.003542687688877319,0.0,0.003220110694842164,0.0,0.006539778865825345,0.003356355737878319,-6.211367260343275e-05,-0.0012188805089113478
123,imports,mid_density,random,0.05,3,183298,65,0.9681384034832163,0.9676252930360522,0.0005131104471641779,0.0005131104471641779,0.010534757607829872,0.0013093432552455564,0.005270106602363364,0.0037962069565492477,0.008044837895683603,0.010675982165087548,-0.0020973745199341885,-0.004509807058874726
123,imports,low_density,random,0.05,3,120000,65,0.9164804932793439,0.9150871590673559,0.001393334211987951,0.001393334211987951,0.015175,0.003766666666666667,0.004091666666666667,0.00519045048976264,0.014916304645016252,0.01694095725901001,0.0027394209344261834,-0.004420034613676705
123,imports,high_density,random,0.05,4,176702,65,0.8487089054107824,0.8464389800766958,0.002269925334086542,0.002269925334086542,0.0030729703115980576,0.0030390148385417257,0.0,0.005986889047449161,0.0,0.003525385658704403,0.00022455299606735987,-0.001978318050532263
123,imports,mid_density,random,0.05,4,183298,65,0.9681384034832163,0.9674414939077668,0.0006969095754495447,0.0006969095754495447,0.007152287531778852,0.0017457910069940753,0.002956933518096215,0.005061609275398997,0.004513770330704465,0.010510458716516978,-0.001136498013656179,-0.0037521113562201665
123,imports,low_density,random,0.05,4,120000,65,0.9164804932793439,0.9145682031162377,0.001912290163106234,0.001912290163106234,0.01285,0.00325,0.003683333333333333,0.004478486042051835,0.013427712124434183,0.01441851974465347,0.0019249514689022773,-0.0045583743862764115
123,imports,high_density,random,0.05,5,176702,65,0.8487089054107824,0.8537153683191884,-0.005006462908406006,-0.005006462908406006,0.052789442111577684,0.01898110943848966,0.003220110694842164,0.03739297181591152,0.006539778865825345,0.02286604338782853,0.019196241272690137,0.0006807703738517289
123,imports,mid_density,random,0.05,5,183298,65,0.9681384034832163,0.9554416510205369,0.012696752462679428,0.012696752462679428,0.0768148043077393,0.04726183591746773,0.0031751573939704744,0.13702725360244222,0.0048468899123062705,0.07450835813264067,0.0538906663427863,-0.021469940134543893
123,imports,low_density,random,0.05,5,120000,65,0.9164804932793439,0.9014256386742467,0.015054854605097145,0.015054854605097145,0.10493333333333334,0.061108333333333334,0.0030583333333333335,0.08420702088811823,0.011149254184767749,0.09078486267959028,0.08355615829173454,-0.030067659922043053
123,imports,high_density,random,0.05,6,176702,65,0.8487089054107824,0.8486828019194842,2.6103491298168358e-05,2.6103491298168358e-05,0.00870957883894919,0.0014600853414222816,0.0,0.0028763824473778095,0.0,0.005861441089141642,0.0033020702887070104,-0.003577045138733665
123,imports,mid_density,random,0.05,6,183298,65,0.9681384034832163,0.9667735925320704,0.0013648109511459339,0.0013648109511459339,0.013458957544544948,0.004975504369933114,0.0026023197198005435,0.014425586434887143,0.003972451010601531,0.017600121557505368,0.005446660770453713,-0.009608705814656953
123,imports,low_density,random,0.05,6,120000,65,0.9164804932793439,0.9089375860088896,0.007542907270454258,0.007542907270454258,0.024566666666666667,0.007625,0.005183333333333333,0.01050721725250623,0.018896011179633625,0.02675581106766693,0.015409954992979287,-0.013095324902608306
123,imports,high_density,random,0.05,7,176702,65,0.8487089054107824,0.84507721858236,0.003631686828422409,0.003631686828422409,0.0011714638204434584,0.0,0.0010186641916899639,0.0,0.0020688228398041512,0.004673814286064317,0.0001599685726233697,-0.0009688613534774314
123,imports,mid_density,random,0.05,7,183298,65,0.9681384034832163,0.9653390670572016,0.002799336426014709,0.002799336426014709,0.019269168239697106,0.007774225578020491,0.003071501052930201,0.022539978804511158,0.0046886581110454125,0.0223918985802231,0.008008789822162249,-0.011005767763380194
123,imports,low_density,random,0.05,7,120000,65,0.9164804932793439,0.91373804045234,0.002742452827003916,0.002742452827003916,0.027583333333333335,0.00845,0.004966666666666667,0.011644063709334773,0.01810614576054926,0.02277264386995968,0.009645359019107548,-0.006650992595913601
123,imports,high_density,random,0.05,8,176702,65,0.8487089054107824,0.8453983071965977,0.003310598214184668,0.003310598214184668,0.005698860227954409,0.0,0.004329322814682347,0.0,0.008792497069167644,0.00642857211611502,-0.004742743174703408,-0.004631193466508261
123,imports,mid_density,random,0.05,8,183298,65,0.9681384034832163,0.9653647139480686,0.002773689535147783,0.002773689535147783,0.017157852240613645,0.0021986055494331636,0.00903446846119434,0.006374464181205612,0.013791150678314748,0.022593992506395814,-0.011299457292159892,-0.011773736005812477
123,imports,low_density,random,0.05,8,120000,65,0.9164804932793439,0.9096665261452043,0.00681396713413962,0.00681396713413962,0.0296,0.004216666666666666,0.015433333333333334,0.005810548557123664,0.05626272139016314,0.024003664476340048,-0.008266336436567956,-0.0003241947445458473
123,imports,high_density,random,0.05,9,176702,65,0.8487089054107824,0.819604241846218,0.029104663564564315,0.029104663564564315,0.0008602053174270807,0.0006847687066360313,0.0,0.001349001070281841,0.0,0.004089695312542075,-0.0024393852178699604,0.0010276692106475623
123,imports,mid_density,random,0.05,9,183298,65,0.9681384034832163,0.9662545131501215,0.0018838903330948842,0.0018838903330948842,0.00903446846119434,0.0030278562777553493,0.0033606476884635948,0.008778728587020135,0.005130041556667805,0.01293290931491064,-0.0020951978559486254,-0.006363250349115423
123,imports,low_density,random,0.05,9,120000,65,0.9164804932793439,0.9138434450673232,0.0026370482120207095,0.0026370482120207095,0.019158333333333333,0.005241666666666667,0.006225,0.007222994155001551,0.02269344107907768,0.016102421459854393,0.004254738565420565,-0.004718937405005395
123,imports,high_density,random,0.05,10,176702,65,0.8487089054107824,0.8491693481938565,-0.0004604427830741109,-0.0004604427830741109,0.018873583773811275,0.0026994601079784043,0.0,0.005317962896896183,0.0,0.008302061358960063,0.0035834061382011453,-0.004636143517562047
123,imports,mid_density,random,0.05,10,183298,65,0.9681384034832163,0.9648487317599326,0.0032896717232837602,0.0032896717232837602,0.038145533502820544,0.013769926567665769,0.007528723717661949,0.03992344315970959,0.01149262556526229,0.04005121111181648,0.0042553932689593345,-0.02479569460008933
123,imports,low_density,random,0.05,10,120000,65,0.9164804932793439,0.904908985018757,0.011571508260586838,0.011571508260586838,0.05121666666666667,0.015675,0.0138,0.021600082679742314,0.050308351307834856,0.04973847377598317,0.015555208482426306,-0.02274638831848969
123,imports,high_density,random,0.05,11,176702,65,0.8487089054107824,0.8485537735539361,0.00015513185684623565,0.00015513185684623565,0.018268044504306687,0.0022410612217179204,0.0,0.004414912593649661,0.0,0.00776362432946191,0.004172779746636926,-0.0001574449179075114
123,imports,mid_density,random,0.05,11,183298,65,0.9681384034832163,0.9673039631297771,0.0008344403534392697,0.0008344403534392697,0.024004626346168536,0.009956464336763086,0.002765987626706238,0.028866990398759906,0.0042222906968028846,0.020226021054350434,0.0059257019328692664,-0.00968565088815401
123,imports,low_density,random,0.05,11,120000,65,0.9164804932793439,0.9131212746588234,0.0033592186205204655,0.0033592186205204655,0.026266666666666667,0.007508333333333333,0.005975,0.010346451086894113,0.021782057903211107,0.020832241393195644,0.008016745191223014,-0.005627927120735546
123,imports,high_density,random,0.05,12,176702,65,0.8487089054107824,0.8547648600363893,-0.00605595462560693,-0.00605595462560693,0.024736562121537957,0.003033355593032337,0.003220110694842164,0.005975740278273279,0.006539778865825345,0.008625174516456165,0.00392498179817264,-0.004463830505433893
123,imports,mid_density,random,0.05,12,183298,65,0.9681384034832163,0.9672561641634765,0.0008822393197398526,0.0008822393197398526,0.02463201998930703,0.005275562199260221,0.007965171469410469,0.015295550529096345,0.0121588647284659,0.03110752235474379,-0.00707741495782655,-0.020292193285196415
123,imports,low_density,random,0.05,12,120000,65,0.9164804932793439,0.9141502610767309,0.0023302322026129696,0.0023302322026129696,0.029533333333333335,0.002875,0.015283333333333333,0.003961737652584316,0.05571589148464319,0.028106067992301184,-0.012530963610194224,-0.004822619892526339
123,imports,high_density,random,0.05,13,176702,65,0.8487089054107824,0.8469155538881357,0.0017933515226467023,0.0017933515226467023,0.0012280562755373453,0.00045839888626048373,0.0006225170060327557,0.0009030503032465216,0.0012642806243247592,0.004482710222254866,-0.0004531621977783401,-0.0031146061348460703
123,imports,mid_density,random,0.05,13,183298,65,0.9681384034832163,0.9603468186811297,0.007791584802086637,0.007791584802086637,0.03632336413927048,0.012831563901406454,0.011489487064779758,0.03720282817418263,0.01753874597133506,0.040169012587429394,0.006815216875847476,-0.021823465781444326
123,imports,low_density,random,0.05,13,120000,65,0.9164804932793439,0.9017590502547331,0.014721443024610759,0.014721443024610759,0.037866666666666667,0.017533333333333335,0.00435,0.024160858031992468,0.01585806726007838,0.044283181563055496,0.03360965002163703,-0.02488887562023463
123,imports,high_density,random,0.05,14,176702,65,0.8487089054107824,0.8486668693767794,4.2036034002990164e-05,4.2036034002990164e-05,0.0,0.0,0.0,0.0,0.0,0.001350417661416708,0.000816767124900647,-0.00019462199814492055
123,imports,mid_density,random,0.05,14,183298,65,0.9681384034832163,0.9666309663090957,0.0015074371741206072,0.0015074371741206072,0.01094392737509411,0.005597442416174754,0.000551015286582505,0.016228784739248034,0.0008411269435445589,0.012446272477860792,0.008687330583089835,-0.006069588597571123
123,imports,low_density,random,0.05,14,120000,65,0.9164804932793439,0.9132680162843435,0.0032124769950003795,0.0032124769950003795,0.0209,0.00765,0.0029333333333333334,0.010541667145137398,0.010693562596834462,0.017426289528222363,0.01434030082723851,-0.00888108874142505
123,imports,high_density,random,0.05,15,176702,65,0.8487089054107824,0.8486467308344953,6.217457628709955e-05,6.217457628709955e-05,0.0076399814376747295,0.0007922943713144163,0.004238774886532128,0.0015608276846236177,0.008608601705629496,0.00629730748820096,-0.0014366691686528161,-0.005210720410185513
123,imports,mid_density,random,0.05,15,183298,65,0.9681384034832163,0.9660894221289282,0.002048981354288104,0.002048981354288104,0.022471603618151863,0.0014402775807701121,0.013158899715217841,0.004175827652204173,0.020087110770588872,0.02319867736860797,-0.01467581945751938,-0.011732685930421158
123,imports,low_density,random,0.05,15,120000,65,0.9164804932793439,0.9123682608324626,0.004112232446881303,0.004112232446881303,0.027866666666666668,0.0012,0.0164,0.0016535948462960623,0.059786736336847224,0.02338974209910744,-0.01621970968823521,-0.001512292809243133
123,imports,high_density,random,0.05,16,176702,65,0.8487089054107824,0.8496310967024889,-0.0009221912917065644,-0.0009221912917065644,0.0011714638204434584,0.0,0.0010186641916899639,0.0,0.0020688228398041512,0.01285319612601941,-0.0003732529017179033,-0.00790899942956574
123,imports,mid_density,random,0.05,16,183298,65,0.9681384034832163,0.9637516966088706,0.004386706874345725,0.004386706874345725,0.04432672478695894,0.0065139826948466435,0.025706772577987758,0.018886129608832507,0.03924148671269269,0.05223070656556468,-0.02859079652208334,-0.03536964748105078
123,imports,low_density,random,0.05,16,120000,65,0.9164804932793439,0.9086244947752447,0.007855998504099238,0.007855998504099238,0.04828333333333333,0.004658333333333333,0.026891666666666668,0.006419163326940964,0.09803445028404775,0.040617366646543605,-0.016421634373125372,-0.010952946853224139
123,imports,high_density,random,0.05,17,176702,65,0.8487089054107824,0.8464597412412064,0.00224916416957599,0.00224916416957599,0.0005149913413543707,0.0,0.0005149913413543707,0.0,0.0010459048801232098,0.00732996191881543,-0.0029304511838162107,-0.001803545413173251
123,imports,mid_density,random,0.05,17,183298,65,0.9681384034832163,0.964401315096156,0.0037370883870603278,0.0037370883870603278,0.030229462405481782,0.0022913506966797236,0.02060033388253009,0.006643362173961184,0.03144648850321044,0.028665740208883673,-0.019830664227651337,-0.0033381121575028387
123,imports,low_density,random,0.05,17,120000,65,0.9164804932793439,0.9126613680165847,0.003819125262759182,0.003819125262759182,0.03528333333333333,0.0032416666666666666,0.018166666666666668,0.004467002744508113,0.06622717744630434,0.03372593337456379,-0.017709482040051794,0.0035470034952645078
123,imports,high_density,random,0.05,18,176702,65,0.8487089054107824,0.8487458988326277,-3.699342184537713e-05,-3.699342184537713e-05,0.0,0.0,0.0,0.0,0.0,0.0013883049908249704,0.00038242634817158407,-0.0008116816776718768
123,imports,mid_density,random,0.05,18,183298,65,0.9681384034832163,0.9676604761935199,0.0004779272896964226,0.0004779272896964226,0.008472541980818121,0.00280963240188109,0.002689609270150247,0.008146027427595261,0.004105698843242253,0.011419546702425391,0.003509221180554924,-0.0064457433925526044
123,imports,low_density,random,0.05,18,120000,65,0.9164804932793439,0.9149270368901772,0.0015534563891667075,0.0015534563891667075,0.012066666666666667,0.0037333333333333333,0.0016,0.00514451729958775,0.0058328523255460705,0.014117269960236399,0.007866150622845475,-0.005898989891883023
123,imports,high_density,random,0.05,19,176702,65,0.8487089054107824,0.846927051448771,0.0017818539620113594,0.0017818539620113594,0.0006055392695045896,0.00045839888626048373,0.0,0.0009030503032465216,0.0,0.0041251909936899376,6.728120784946256e-05,-0.0024615406931362167
123,imports,mid_density,random,0.05,19,183298,65,0.9681384034832163,0.9650990304531024,0.0030393730301139232,0.0030393730301139232,0.02332813233095833,0.01133127475477092,0.0025859529291099737,0.032853007703136615,0.003947467041981395,0.026056600030227695,0.013481683969541762,-0.013053610921013866
123,imports,low_density,random,0.05,19,120000,65,0.9164804932793439,0.9043761854094554,0.012104307869888475,0.012104307869888475,0.037908333333333336,0.016783333333333334,0.00625,0.023127361253057428,0.022784579396664336,0.03850779066456721,0.0266935159186008,-0.017900287056269566
123,imports,high_density,random,0.05,20,176702,65,0.8487089054107824,0.8469219142708174,0.001786991139964944,0.001786991139964944,0.0,0.0,0.0,0.0,0.0,0.0032406591417587735,0.00011156099604120867,-0.0005172419432204916
123,imports,mid_density,random,0.05,20,183298,65,0.9681384034832163,0.9669753083443264,0.0011630951388899025,0.0011630951388899025,0.01150039825857347,0.00290237754912765,0.005799299501358443,0.008414925420350832,0.008852652881067982,0.010569855338541554,-0.003231391624954224,-0.0031449897641489667
123,imports,low_density,random,0.05,20,120000,65,0.9164804932793439,0.9136305027564917,0.002849990522852175,0.002849990522852175,0.016141666666666665,0.0020666666666666667,0.008425,0.0028478577908432187,0.030713613026703526,0.013865905065808192,-0.005344822060312114,-0.0005388963740921056
123,imports,high_density,important,0.1,0,176702,129,0.8487089054107824,0.7388683396730654,0.10984056573771694,0.10984056573771694,0.08426050638928818,0.0,0.07995947980215277,0.0,0.16239109946440475,0.12338343145690546,-0.11171886142997349,-0.08791745396002452
123,imports,mid_density,important,0.1,0,183298,129,0.9681384034832163,0.8836813072230558,0.08445709626016051,0.08445709626016051,0.31484249691758776,0.0025041189756571268,0.285294984124213,0.007260245804400436,0.43550388500712045,0.2871284265161884,-0.20531276409351498,-0.1853229221567706
123,imports,low_density,important,0.1,0,120000,129,0.9164804932793439,0.832067521680714,0.08441297159862993,0.08441297159862993,0.1746,0.007816666666666666,0.126575,0.01077133309601185,0.46143330194124615,0.15184726966585055,-0.029294829860242004,-0.06784662740808745
123,imports,high_density,random,0.1,1,176702,129,0.8487089054107824,0.8421282871911292,0.006580618219653167,0.006580618219653167,0.0030729703115980576,0.0030390148385417257,0.0,0.005986889047449161,0.0,0.011778720569405862,-0.006424389803868874,-0.006340472669509285
123,imports,mid_density,random,0.1,1,183298,129,0.9681384034832163,0.9560566436265722,0.01208175985664417,0.01208175985664417,0.04037141703673799,0.02039302120044954,0.010829359840260122,0.05912592334825453,0.0165310592369896,0.04411789702928717,-0.0028806256396075513,-0.02440731061242729
123,imports,low_density,random,0.1,1,120000,129,0.9164804932793439,0.8976472460287632,0.018833247250580665,0.018833247250580665,0.05595,0.012116666666666666,0.025183333333333332,0.01669671462857274,0.0918066652489595,0.04927218826953228,-0.00036061705923909614,-0.015344122128913723
123,imports,high_density,random,0.1,2,176702,129,0.8487089054107824,0.8481030004438532,0.0006059049669291383,0.0006059049669291383,0.0008658645629364693,0.0006847687066360313,5.659245509388688e-06,0.001349001070281841,1.1493460221134175e-05,0.008319209746969305,0.0007873618327214987,-0.002556461710635517
123,imports,mid_density,random,0.1,2,183298,129,0.9681384034832163,0.963781940353425,0.0043564631297913214,0.0043564631297913214,0.025041189756571266,0.008439808399436982,0.007141376337985139,0.024469717340757025,0.010901338307919086,0.032651979462637204,0.003980105693452799,-0.021616299872110206
123,imports,low_density,random,0.1,2,120000,129,0.9164804932793439,0.9092129446136308,0.007267548665713108,0.007267548665713108,0.034591666666666666,0.011525,0.007416666666666667,0.01588140050296843,0.02703770088404168,0.03259585904093617,0.01361048990673245,-0.01412690661749621
123,imports,high_density,random,0.1,3,176702,129,0.8487089054107824,0.8485719198716752,0.00013698553910712619,0.00013698553910712619,0.027509592421138415,0.0022410612217179204,0.007549433509524511,0.004414912593649661,0.015332275934992989,0.006868591100813593,0.0017773967535577632,-0.005528151221002398
123,imports,mid_density,random,0.1,3,183298,129,0.9681384034832163,0.9644747955978443,0.003663607885372011,0.003663607885372011,0.028783729227814817,0.01058385797990158,0.006606727842093203,0.03068600623210642,0.010085195332994661,0.03288219469486311,0.006965722109897565,-0.023586806719458883
123,imports,low_density,random,0.1,3,120000,129,0.9164804932793439,0.9109711108320206,0.005509382447323241,0.005509382447323241,0.03331666666666667,0.01175,0.004508333333333333,0.016191449536648944,0.016435276604793877,0.037282116260737665,0.025171094703805776,-0.02215944991145452
123,imports,high_density,random,0.1,4,176702,129,0.8487089054107824,0.8485950402477771,0.00011386516300526672,0.00011386516300526672,0.0,0.0,0.0,0.0,0.0,0.0059735941661626345,0.0009622282753628306,-0.004773751760543201
123,imports,mid_density,random,0.1,4,183298,129,0.9681384034832163,0.9653474730957097,0.0027909303875066627,0.0027909303875066627,0.01845082870516863,0.006475793516568648,0.004866392431995985,0.018775406905933156,0.007428566669720263,0.024017022485006128,0.005084290207563431,-0.014687764425365967
123,imports,low_density,random,0.1,4,120000,129,0.9164804932793439,0.9101481862353054,0.006332307044038532,0.006332307044038532,0.03398333333333333,0.011175,0.00795,0.01539910200613208,0.02898198499255704,0.03424156860468692,0.017461458400505614,-0.014781946188128793
123,imports,high_density,random,0.1,5,176702,129,0.8487089054107824,0.844926422785097,0.0037824826256853683,0.0037824826256853683,0.023966904732261096,0.0022410612217179204,0.004329322814682347,0.004414912593649661,0.008792497069167644,0.0077336616118132044,0.0029065558959127744,-0.00018515995615901658
123,imports,mid_density,random,0.1,5,183298,129,0.9681384034832163,0.9662078967080152,0.001930506775201124,0.001930506775201124,0.026334166221126252,0.00831978526770614,0.004893670416480267,0.024121731703073346,0.007470206617420489,0.02561356050844389,0.007802198723712107,-0.01287284440508515
123,imports,low_density,random,0.1,5,120000,129,0.9164804932793439,0.9141924177247677,0.002288075554576219,0.002288075554576219,0.028725,0.0092,0.004333333333333333,0.012677560488269811,0.015797308381687275,0.02907739345218315,0.012510219170448892,-0.010710367201348459
123,imports,high_density,random,0.1,6,176702,129,0.8487089054107824,0.8183614619985655,0.030347443412216846,0.030347443412216846,0.003542687688877319,0.0,0.003220110694842164,0.0,0.006539778865825345,0.011060931656166381,-0.0065084714619660766,-0.0038433075844534733
123,imports,mid_density,random,0.1,6,183298,129,0.9681384034832163,0.9612174860722839,0.006920917410932481,0.006920917410932481,0.030153084048925794,0.006999530818666871,0.013508057916616656,0.020293889688552853,0.020620102101151762,0.042001577008192736,-0.011079129593725284,-0.02113055904362734
123,imports,low_density,random,0.1,6,120000,129,0.9164804932793439,0.8946456422788308,0.021834851000513078,0.021834851000513078,0.05081666666666667,0.009491666666666667,0.02365,0.013079475902300105,0.08621684843697786,0.05532489905742048,-0.0016432772425238752,-0.017615797407029225
123,imports,high_density,random,0.1,7,176702,129,0.8487089054107824,0.8484064800227138,0.00030242538806857233,0.00030242538806857233,0.009241547916831728,0.004453826215888898,0.0,0.008774081341419908,0.0,0.007444275934813943,0.001660488223819415,-0.005853528818807179
123,imports,mid_density,random,0.1,7,183298,129,0.9681384034832163,0.9642968743801468,0.003841529103069563,0.003841529103069563,0.024964811400015274,0.0069722528341825876,0.009045379654988053,0.020214802043624747,0.013807806657394839,0.030138960004504552,0.0017445761247697365,-0.018244020863507
123,imports,low_density,random,0.1,7,120000,129,0.9164804932793439,0.9108349541994851,0.0056455390798587635,0.0056455390798587635,0.036175,0.007875,0.011458333333333333,0.01085171617881791,0.04177172889388462,0.035583704290443385,0.006398276202226548,-0.013629819775029108
123,imports,high_density,random,0.1,8,176702,129,0.8487089054107824,0.8485858532703865,0.00012305214039587398,0.00012305214039587398,0.0005149913413543707,0.0,0.0004018064311665969,0.0,0.0008160356757005263,0.009294338009982115,-0.007195427981104564,-0.006278049959164935
123,imports,mid_density,random,0.1,8,183298,129,0.9681384034832163,0.9632567913304702,0.004881612152746184,0.004881612152746184,0.025646761012122335,0.005051882726489106,0.012989776211415291,0.014647031840685849,0.019828943094847472,0.04014852616615129,-0.01476318827586583,-0.028659420021590297
123,imports,low_density,random,0.1,8,120000,129,0.9164804932793439,0.909201016350081,0.007279476929262896,0.007279476929262896,0.034075,0.0061333333333333335,0.0122,0.008451706992179875,0.04447549898228879,0.03764069004957356,0.00557582721577271,-0.017507350893906225
123,imports,high_density,random,0.1,9,176702,129,0.8487089054107824,0.8186953697240311,0.030013535686751247,0.030013535686751247,0.012716324659596382,0.0,0.011148713653495715,0.0,0.022642116635634323,0.013066397001377489,-0.007726890627219863,-0.007877038550637622
123,imports,mid_density,random,0.1,9,183298,129,0.9681384034832163,0.965026985854832,0.0031114176283842943,0.0031114176283842943,0.03652522122445417,0.0069722528341825876,0.014801034381171644,0.020214802043624747,0.02259383562214246,0.05023376540495369,-0.014987978016565413,-0.033468620004347895
123,imports,low_density,random,0.1,9,120000,129,0.9164804932793439,0.9088894761308324,0.007591017148511514,0.007591017148511514,0.05449166666666667,0.011075,0.0204,0.015261302435607409,0.07436886715071239,0.049815287779354823,-6.404789520127085e-05,-0.01656463308016716
123,imports,high_density,random,0.1,10,176702,129,0.8487089054107824,0.8425611413642383,0.006147764046544046,0.006147764046544046,0.005195187377618816,0.0030390148385417257,0.0019128249821733767,0.005986889047449161,0.003884789554743351,0.00854518652741139,-0.003386935014720968,-0.006718885290581813
123,imports,mid_density,random,0.1,10,183298,129,0.9681384034832163,0.9635011475662264,0.004637255916989935,0.004637255916989935,0.03245534593939923,0.007539634911455663,0.01713602985302622,0.021859825058129417,0.026158215145281778,0.03620096704234524,-0.010857495772774044,-0.02541777726146083
123,imports,low_density,random,0.1,10,120000,129,0.9164804932793439,0.9114323288244879,0.005048164454856008,0.005048164454856008,0.03169166666666667,0.008191666666666667,0.010183333333333334,0.01128808148547937,0.03712367469696509,0.032344778821370636,0.007882661627368597,-0.01493123728288409
123,imports,high_density,random,0.1,11,176702,129,0.8487089054107824,0.8172910721374012,0.03141783327338121,0.03141783327338121,0.0043802560242668445,0.0010752566467838508,0.0026994601079784043,0.0021182661434177665,0.005482380525481001,0.019631191659519147,-0.011224355369279217,-0.00898181850368091
123,imports,mid_density,random,0.1,11,183298,129,0.9681384034832163,0.9561497729724069,0.01198863051080945,0.01198863051080945,0.05003327914107082,0.0073705114076531115,0.030043972110988665,0.02136948165957514,0.045862238397028576,0.06120973211345226,-0.02717594343388891,-0.030288862200531654
123,imports,low_density,random,0.1,11,120000,129,0.9164804932793439,0.8920277359776122,0.024452757301731687,0.024452757301731687,0.06995833333333333,0.008475,0.039975,0.01167851360196594,0.1457301698210651,0.06199016469219885,-0.021358129599983254,-0.00941815541917093
123,imports,high_density,random,0.1,12,176702,129,0.8487089054107824,0.8200763128906214,0.028632592520160927,0.028632592520160927,0.005964844766895678,0.0,0.0054894681441070275,0.0,0.01114865641450015,0.013745668961061878,-0.01314150132324897,-0.005772022971458613
123,imports,mid_density,random,0.1,12,183298,129,0.9681384034832163,0.9588989980091542,0.009239405474062101,0.009239405474062101,0.059918820718174774,0.002013115254940043,0.046885399731584634,0.005836668195694469,0.07157074210714791,0.058642004423799514,-0.044771587623839565,-0.027016426461242388
123,imports,low_density,random,0.1,12,120000,129,0.9164804932793439,0.9078052197370324,0.008675273542311457,0.008675273542311457,0.050208333333333334,0.0019666666666666665,0.031966666666666664,0.002710058220318547,0.1165355287541392,0.047766877379101146,-0.032399605503748784,0.0016038553801540206
123,imports,high_density,random,0.1,13,176702,129,0.8487089054107824,0.8423130175014523,0.0063958879093301,0.0063958879093301,0.015291281366368236,0.0,0.013452026575816912,0.0,0.027319954945635935,0.016758683131031092,-0.013991902776067017,-0.012485568526768773
123,imports,mid_density,random,0.1,13,183298,129,0.9681384034832163,0.9622540028439702,0.005884400639246112,0.005884400639246112,0.08146842846075789,0.0011293085576492925,0.06618730155266288,0.003274228500023726,0.10103516909982761,0.07944687233352471,-0.06823592659987844,-0.05064198139801077
123,imports,low_density,random,0.1,13,120000,129,0.9164804932793439,0.9098749418731977,0.0066055514061461595,0.0066055514061461595,0.057833333333333334,0.002125,0.03691666666666667,0.002928240873649277,0.13458091563629734,0.04681566689753094,-0.033874324404253676,-0.00245417264575004
123,imports,high_density,random,0.1,14,176702,129,0.8487089054107824,0.8462498734714775,0.0024590319393048565,0.0024590319393048565,0.0030729703115980576,0.0030390148385417257,0.0,0.005986889047449161,0.0,0.006367600799526718,0.000765396874335004,-0.0035330499434165458
123,imports,mid_density,random,0.1,14,183298,129,0.9681384034832163,0.9654789454295918,0.0026594580536245527,0.0026594580536245527,0.021533240951892546,0.007572368492836801,0.006863140896245458,0.02195473023204315,0.010476610841376783,0.025920737326134494,0.0015879491513757216,-0.0124804500314237
123,imports,low_density,random,0.1,14,120000,129,0.9164804932793439,0.9142785112337212,0.002201982045622719,0.002201982045622719,0.03150833333333333,0.008825,0.0065,0.012160812098802293,0.023695962572530913,0.029968195855032874,0.012360595802867731,-0.011532941610153924
123,imports,high_density,random,0.1,15,176702,129,0.8487089054107824,0.8483009363294165,0.0004079690813658665,0.0004079690813658665,0.007651299928693507,0.0,0.0060101187309707866,0.0,0.012206054754844493,0.006573442160654474,-0.0045054080083324075,-0.003225055830596324
123,imports,mid_density,random,0.1,15,183298,129,0.9681384034832163,0.9640699893893989,0.0040684140938174185,0.0040684140938174185,0.026001374810418008,0.003409748060535303,0.015232026536023307,0.009885955616013666,0.023251746795806025,0.029929743770307507,-0.018462623107683523,-0.015876832069136253
123,imports,low_density,random,0.1,15,120000,129,0.9164804932793439,0.9100934958838889,0.0063869973954550074,0.0063869973954550074,0.029325,0.0024,0.01755,0.0033071896925921246,0.06397909894583347,0.02593805725682524,-0.014172438120664314,-0.0016357555080483118
123,imports,high_density,random,0.1,16,176702,129,0.8487089054107824,0.844759051256765,0.003949854154017385,0.003949854154017385,0.004459485461398287,0.004233115641022739,0.0,0.008339279343560472,0.0,0.008557856650356514,-0.00035977872601708667,-0.004359670420090977
123,imports,mid_density,random,0.1,16,183298,129,0.9681384034832163,0.9633559967719934,0.004782406711222986,0.004782406711222986,0.024593830811029036,0.012438760924832785,0.004713635718884003,0.036063966087217854,0.007195382962598999,0.028793547193430507,0.008659435952081001,-0.016107419254505696
123,imports,low_density,random,0.1,16,120000,129,0.9164804932793439,0.9103629713786935,0.006117521900650402,0.006117521900650402,0.04956666666666667,0.020491666666666665,0.00565,0.02823742866001401,0.020597259774584563,0.04211982658144859,0.027421954857405575,-0.01645633390540857
123,imports,high_density,random,0.1,17,176702,129,0.8487089054107824,0.8536834085398451,-0.0049745031290627795,-0.0049745031290627795,0.04970515330896085,0.019382915869656257,0.0,0.03818453442739921,0.0,0.02877599747938381,0.024355185370254797,0.003282807013773781
123,imports,mid_density,random,0.1,17,183298,129,0.9681384034832163,0.9544182590555099,0.013720144427706416,0.013720144427706416,0.11342185948564633,0.0701589760935744,0.009487283003633428,0.2034134227550972,0.014482373810138494,0.08018095613555215,0.054950621113931314,-0.019677362655508412
123,imports,low_density,random,0.1,17,120000,129,0.9164804932793439,0.9013186997899622,0.015161793489381736,0.015161793489381736,0.1042,0.0598,0.0046,0.08240414317375377,0.016769450435944952,0.08625028260684547,0.0759731556034117,-0.025266356519380924
123,imports,high_density,random,0.1,18,176702,129,0.8487089054107824,0.8489121250000276,-0.0002032195892451849,-0.0002032195892451849,0.0,0.0,0.0,0.0,0.0,0.0049995820307298915,-0.0018007546239976076,-0.003064255658309105
123,imports,mid_density,random,0.1,18,183298,129,0.9681384034832163,0.9659021218622554,0.0022362816209609004,0.0022362816209609004,0.018527207061724622,0.0043808443081757575,0.008587109515652107,0.012701475775454359,0.013108255536031047,0.02020497479857749,-0.006457420620745371,-0.009731880625112595
123,imports,low_density,random,0.1,18,120000,129,0.9164804932793439,0.9116116670443982,0.004868826234945667,0.004868826234945667,0.024816666666666667,0.004491666666666666,0.009316666666666666,0.006189497376066512,0.03396421302062764,0.02546703174632952,-0.001954648489739183,-0.005459983821630622
123,imports,high_density,random,0.1,19,176702,129,0.8487089054107824,0.8167283569584423,0.03198054845234011,0.03198054845234011,0.007045760659188917,0.0,0.00543853493452253,0.0,0.011045215272509942,0.017138636887921423,-0.015483980959052325,-0.006736961395235776
123,imports,mid_density,random,0.1,19,183298,129,0.9681384034832163,0.9598038922767924,0.008334511206423922,0.008334511206423922,0.04265731213652086,0.0023077174873702934,0.030524064637912032,0.00669081476091805,0.04659510147655255,0.05104659464267714,-0.03677071660675213,-0.01741681092482484
123,imports,low_density,random,0.1,19,120000,129,0.9164804932793439,0.9058756043314705,0.01060488894787337,0.01060488894787337,0.050958333333333335,0.0025083333333333333,0.031575,0.0034564725606605192,0.11510769511194824,0.04979296211235937,-0.036557656929948036,0.0074498508199855465
123,imports,high_density,random,0.1,20,176702,129,0.8487089054107824,0.8420020946462213,0.006706810764561033,0.006706810764561033,0.008771830539552466,0.0030390148385417257,0.004329322814682347,0.005986889047449161,0.008792497069167644,0.009550368252840277,-0.002026370925810378,-0.0068912239752041814
123,imports,mid_density,random,0.1,20,183298,129,0.9681384034832163,0.9642806519186253,0.0038577515645910054,0.0038577515645910054,0.02060033388253009,0.006459426725878078,0.007157743128675708,0.018727954318976288,0.01092632227653922,0.030196174674812507,-0.0024131107613379844,-0.015548304181047027
123,imports,low_density,random,0.1,20,120000,129,0.9164804932793439,0.9091074852282337,0.007373008051110186,0.007373008051110186,0.037925,0.009258333333333334,0.012816666666666667,0.01275794357107587,0.04672357748275967,0.032244537187236855,0.0029182030017910238,-0.0076181532730123505
2024,header,high_density,important,0.01,0,120000,1,0.9995735226121661,0.9995561169016999,1.7405710466267266e-05,1.7405710466267266e-05,0.0,0.0,0.0,0.0,0.0,0.004123098908366034,0.004123098908366034,-0.0018465647782435846
2024,header,mid_density,important,0.01,0,240000,1,0.971520512028154,0.9545711094400844,0.01694940258806965,0.01694940258806965,0.050083333333333334,0.04024166666666667,0.0001125,0.059386337084178814,0.0003489724699495929,0.05949015065104958,0.05944186408652279,-0.04078924760804445
2024,header,low_density,important,0.01,0,120000,1,0.9546535230929052,0.9364605217130307,0.01819300137987445,0.01819300137987445,0.06648333333333334,0.04493333333333333,0.00020833333333333335,0.10488027853961214,0.0003644899327880564,0.07019652361956817,0.07000353846331114,-0.03687932740461288
2024,header,high_density,random,0.01,1,120000,1,0.9995735226121661,0.9995561169016999,1.7405710466267266e-05,1.7405710466267266e-05,0.0,0.0,0.0,0.0,0.0,0.004123098908366034,0.004123098908366034,-0.0018465647782435846
2024,header,mid_density,random,0.01,1,240000,1,0.971520512028154,0.9545711094400844,0.01694940258806965,0.01694940258806965,0.050083333333333334,0.04024166666666667,0.0001125,0.059386337084178814,0.0003489724699495929,0.05949015065104958,0.05944186408652279,-0.04078924760804445
2024,header,low_density,random,0.01,1,120000,1,0.9546535230929052,0.9364605217130307,0.01819300137987445,0.01819300137987445,0.06648333333333334,0.04493333333333333,0.00020833333333333335,0.10488027853961214,0.0003644899327880564,0.07019652361956817,0.07000353846331114,-0.03687932740461288
2024,header,high_density,random,0.01,2,120000,1,0.9995735226121661,0.9995713351726168,2.1874395493837184e-06,2.1874395493837184e-06,0.0,0.0,0.0,0.0,0.0,1.8600740021824254e-05,8.186578982672767e-06,-1.8600740021824257e-05
2024,header,mid_density,random,0.01,2,240000,1,0.971520512028154,0.9714844706293208,3.6041398833286387e-05,3.6041398833286387e-05,8.333333333333334e-06,4.166666666666667e-06,4.166666666666667e-06,6.148927012236364e-06,1.2924906294429366e-05,0.00014788235807823498,0.00012692593552163058,-0.00013701981742623583
2024,header,low_density,random,0.01,2,120000,1,0.9546535230929052,0.9546342889483047,1.9234144600477343e-05,1.9234144600477343e-05,7.5e-05,1.6666666666666667e-05,1.6666666666666667e-05,3.890218046721519e-05,2.915919462304451e-05,0.00010416618115343945,1.6827383399745857e-05,-5.551194869401478e-05
2024,header,high_density,random,0.01,3,120000,1,0.9995735226121661,0.9995735226121661,0.0,0.0,0.0,0.0,0.0,0.0,0.0,0.0,0.0,0.0
2024,header,mid_density,random,0.01,3,240000,1,0.971520512028154,0.9714974905471473,2.302148100674639e-05,2.302148100674639e-05,0.0,0.0,0.0,0.0,0.0,4.752757795370307e-05,4.752757795370307e-05,-4.752757795370307e-05
2024,header,low_density,random,0.01,3,120000,1,0.9546535230929052,0.9544896894374457,0.0001638336554594666,0.0001638336554594666,0.0002,0.00011666666666666667,0.0,0.00027231526327050633,0.0,0.00034744869057324365,0.00034744869057324365,-0.0002499708949275722
2024,header,high_density,random,0.01,4,120000,1,0.9995735226121661,0.9995631490692548,1.0373542911334965e-05,1.0373542911334965e-05,0.0016583333333333333,0.000875,0.00011666666666666667,0.004044839939905235,0.000148871237013643,0.0009459376627495577,-0.0005267949139384947,-0.0005968805795700565
2024,header,mid_density,random,0.01,4,240000,1,0.971520512028154,0.971243562511719,0.0002769495164350877,0.0002769495164350877,0.0022291666666666666,0.00025416666666666665,0.00095,0.00037508454774641824,0.0029468786351298953,0.002183828506098309,-0.001194540073898212,0.00010243112312184759
2024,header,low_density,random,0.01,4,120000,1,0.9546535230929052,0.9542509529625486,0.0004025701303566054,0.0004025701303566054,0.0026416666666666667,0.00025,0.001075,0.0005835327070082278,0.001880768053186371,0.00267024505628087,-0.0013671913710240219,-0.0006310877346903171
2024,header,high_density,random,0.01,5,120000,1,0.9995735226121661,0.9995680880128215,5.434599344655844e-06,5.434599344655844e-06,0.008141666666666667,0.0027916666666666667,0.0,0.012904965522554797,0.0,0.014498584711452689,0.014473788223274657,0.00160770931192549
2024,header,mid_density,random,0.01,5,240000,1,0.971520512028154,0.9708019098883608,0.0007186021397932452,0.0007186021397932452,0.077225,0.04010416666666667,8.333333333333334e-06,0.05918342249277501,2.5849812588858732e-05,0.08733884903201156,0.08732736984487391,-0.024303594423020998
2024,header,low_density,random,0.01,5,120000,1,0.9546535230929052,0.9519271020962503,0.002726420996654877,0.002726420996654877,0.09865833333333333,0.055716666666666664,0.0,0.13004998930190037,0.0,0.10176137594978359,0.10168440433153497,0.004909456768963494
2024,header,high_density,random,0.01,6,120000,1,0.9995735226121661,0.9995735226121661,0.0,0.0,0.0,0.0,0.0,0.0,0.0,1.4545439098432536e-05,-1.4545439098432536e-05,-1.4545439098432536e-05
2024,header,mid_density,random,0.01,6,240000,1,0.971520512028154,0.9715254024000652,-4.8903719112036725e-06,-4.8903719112036725e-06,0.0,0.0,0.0,0.0,0.0,1.3330667490440022e-05,1.3124936132442531e-06,-1.2853751177349754e-05
2024,header,low_density,random,0.01,6,120000,1,0.9546535230929052,0.9546856874808274,-3.216438792219556e-05,-3.216438792219556e-05,0.00010833333333333333,0.0,5e-05,0.0,8.747758386913353e-05,0.00024218809943931955,-0.00012439907415666212,-0.00016956252089373036
2024,header,high_density,random,0.01,7,120000,1,0.9995735226121661,0.9995060183915273,6.750422063883654e-05,6.750422063883654e-05,0.0012,5e-05,0.0,0.00023113371085172773,0.0,0.00263003420619124,0.002295562236165032,-0.0021127200452454634
2024,header,mid_density,random,0.01,7,240000,1,0.971520512028154,0.9708073356786677,0.0007131763494863108,0.0007131763494863108,0.028125,0.0101,0.00012083333333333333,0.014904999077660947,0.0003748222825384516,0.02658079208489941,0.026138641766863802,-0.014550098156475883
2024,header,low_density,random,0.01,7,120000,1,0.9546535230929052,0.9538334107476174,0.0008201123452877823,0.0008201123452877823,0.021866666666666666,0.009233333333333333,0.00013333333333333334,0.021551807978837215,0.00023327355698435609,0.018790994315750653,0.01750637132784957,-0.0033590673470768346
2024,header,high_density,random,0.01,8,120000,1,0.9995735226121661,0.9995735226121661,0.0,0.0,0.0,0.0,0.0,0.0,0.0,9.626139372599144e-06,-9.626139372599144e-06,-9.626139372599144e-06
2024,header,mid_density,random,0.01,8,240000,1,0.971520512028154,0.9715184701742985,2.041853855550002e-06,2.041853855550002e-06,0.0,0.0,0.0,0.0,0.0,1.1694028100810143e-05,-1.1694028100810143e-05,-9.146203841582841e-06
2024,header,low_density,random,0.01,8,120000,1,0.9546535230929052,0.9546258507557387,2.767233716649553e-05,2.767233716649553e-05,0.00011666666666666667,0.0,0.0001,0.0,0.00017495516773826706,0.00013078346096915484,-0.00013078346096915484,-8.781296603743376e-05
2024,header,high_density,random,0.01,9,120000,1,0.9995735226121661,0.9995741387000092,-6.160878430749861e-07,-6.160878430749861e-07,9.166666666666667e-05,0.0,1.6666666666666667e-05,0.0,2.126731957337757e-05,0.0002749717311837437,-0.0001888898342515687,-0.0001889896489188576
2024,header,mid_density,random,0.01,9,240000,1,0.971520512028154,0.9715052454114497,1.526661670436802e-05,1.526661670436802e-05,0.0010916666666666666,0.0003083333333333333,0.000425,0.000455020598905491,0.0013183404420317954,0.00097180768326504,-0.00021582886736155657,-0.00023217744609435072
2024,header,low_density,random,0.01,9,120000,1,0.9546535230929052,0.9545232232769526,0.00013029981595258366,0.00013029981595258366,0.0018833333333333334,0.0005083333333333333,0.0006166666666666666,0.0011865165042500632,0.0010788902010526469,0.0015275759406905521,-0.00027144141240638636,-0.00013365197475824668
2024,header,high_density,random,0.01,10,120000,1,0.9995735226121661,0.9994877102598385,8.581235232762996e-05,8.581235232762996e-05,0.00024166666666666667,0.0,8.333333333333333e-05,0.0,0.00010633659786688785,0.00659982110741881,-0.00442092391362521,-0.005786387275986039
2024,header,mid_density,random,0.01,10,240000,1,0.971520512028154,0.9684579140755759,0.0030625979525781277,0.0030625979525781277,0.027054166666666667,0.002775,0.013179166666666667,0.004095185390149419,0.040881478609280084,0.029157751977629823,-0.003495316319998228,-0.01468849430274768
2024,header,low_density,random,0.01,10,120000,1,0.9546535230929052,0.9509918021125819,0.0036617209803232464,0.0036617209803232464,0.036725,0.004925,0.016633333333333333,0.011495594328062088,0.029100876233798423,0.040289705269467936,-0.01791546779632993,-0.01282298514149222
2024,header,high_density,random,0.01,11,120000,1,0.9995735226121661,0.9994877102598385,8.581235232762996e-05,8.581235232762996e-05,0.00024166666666666667,0.0,8.333333333333333e-05,0.0,0.00010633659786688785,0.00659982110741881,-0.00442092391362521,-0.005786387275986039
2024,header,mid_density,random,0.01,11,240000,1,0.971520512028154,0.9684579140755759,0.0030625979525781277,0.0030625979525781277,0.027054166666666667,0.002775,0.013179166666666667,0.004095185390149419,0.040881478609280084,0.029157751977629823,-0.003495316319998228,-0.01468849430274768
2024,header,low_density,random,0.01,11,120000,1,0.9546535230929052,0.9509918021125819,0.0036617209803232464,0.0036617209803232464,0.036725,0.004925,0.016633333333333333,0.011495594328062088,0.029100876233798423,0.040289705269467936,-0.01791546779632993,-0.01282298514149222
2024,header,high_density,random,0.01,12,120000,1,0.9995735226121661,0.9995733767828631,1.4582930307760478e-07,1.4582930307760478e-07,0.0,0.0,0.0,0.0,0.0,6.961624851532028e-05,-6.961624851532028e-05,-6.961624851532028e-05
2024,header,mid_density,random,0.01,12,240000,1,0.971520512028154,0.9715157491330287,4.762895125298705e-06,4.762895125298705e-06,0.0,0.0,0.0,0.0,0.0,0.00010204495189687099,-0.00010204495189687099,-0.00010204495189687099
2024,header,low_density,random,0.01,12,120000,1,0.9546535230929052,0.9534281446778348,0.0012253784150704217,0.0012253784150704217,0.0032083333333333334,0.0,0.003175,0.0,0.00555482657568998,0.0025650817337912637,-0.0025650817337912637,-0.0013439627160572979
2024,header,high_density,random,0.01,13,120000,1,0.9995735226121661,0.9995735226121661,0.0,0.0,0.0,0.0,0.0,0.0,0.0,0.0,0.0,0.0
2024,header,mid_density,random,0.01,13,240000,1,0.971520512028154,0.971520512028154,0.0,0.0,0.0,0.0,0.0,0.0,0.0,0.0,0.0,0.0
2024,header,low_density,random,0.01,13,120000,1,0.9546535230929052,0.9546535230929052,0.0,0.0,0.0,0.0,0.0,0.0,0.0,0.0,0.0,0.0
2024,header,high_density,random,0.01,14,120000,1,0.9995735226121661,0.9995382323304034,3.52902817627454e-05,3.52902817627454e-05,0.004633333333333333,0.001775,0.0,0.008205246735236335,0.0,0.008252722179278875,0.004874089501881029,-0.006550381542826753
2024,header,mid_density,random,0.01,14,240000,1,0.971520512028154,0.9712446884242043,0.00027582360394973193,0.00027582360394973193,0.009566666666666666,0.003054166666666667,0.00045,0.004507163499969255,0.0013958898797983715,0.007627001426628854,0.005094420226424875,-0.0029989721934943654
2024,header,low_density,random,0.01,14,120000,1,0.9546535230929052,0.9521585628101503,0.0024949602827548656,0.0024949602827548656,0.011683333333333334,0.006666666666666667,0.0010833333333333333,0.015560872186886074,0.0018953476504978933,0.010991352377729604,0.005386362953436304,-0.0014188258360224853
2024,header,high_density,random,0.01,15,120000,1,0.9995735226121661,0.9995735226121661,0.0,0.0,0.0,0.0,0.0,0.0,0.0,0.0,0.0,0.0
2024,header,mid_density,random,0.01,15,240000,1,0.971520512028154,0.971520512028154,0.0,0.0,0.0,0.0,0.0,0.0,0.0,0.0,0.0,0.0
2024,header,low_density,random,0.01,15,120000,1,0.9546535230929052,0.9546535230929052,0.0,0.0,0.0,0.0,0.0,0.0,0.0,0.0,0.0,0.0
2024,header,high_density,random,0.01,16,120000,1,0.9995735226121661,0.9995735226121661,0.0,0.0,0.0,0.0,0.0,0.0,0.0,0.0,0.0,0.0
2024,header,mid_density,random,0.01,16,240000,1,0.971520512028154,0.971520512028154,0.0,0.0,0.0,0.0,0.0,0.0,0.0,0.0,0.0,0.0
2024,header,low_density,random,0.01,16,120000,1,0.9546535230929052,0.9546535230929052,0.0,0.0,0.0,0.0,0.0,0.0,0.0,0.0,0.0,0.0
2024,header,high_density,random,0.01,17,120000,1,0.9995735226121661,0.9995332171951221,4.030541704402868e-05,4.030541704402868e-05,2.5e-05,2.5e-05,0.0,0.00011556685542586386,0.0,0.004791797350024605,-9.075576142302795e-05,-0.0042402778009817035
2024,header,mid_density,random,0.01,17,240000,1,0.971520512028154,0.9713263189470297,0.00019419308112433864,0.00019419308112433864,0.0035791666666666667,0.0014666666666666667,5.833333333333333e-05,0.0021644223083072006,0.00018094868812201112,0.00264073953683212,0.00226563664656038,-0.0007366974155845579
2024,header,low_density,random,0.01,17,120000,1,0.9546535230929052,0.9539856281696779,0.0006678949232272746,0.0006678949232272746,0.004975,0.0023916666666666665,0.00024166666666666667,0.00558246289704538,0.00042280832203414544,0.005233185595332642,0.003507980100738107,0.0009565252454536188
2024,header,high_density,random,0.01,18,120000,1,0.9995735226121661,0.9985430493340463,0.0010304732781198922,0.0010304732781198922,0.01721666666666667,0.0010083333333333333,0.014566666666666667,0.004661196502176509,0.018587637307131994,0.025646791844039365,-0.019812852967407004,-0.014734088525369943
2024,header,mid_density,random,0.01,18,240000,1,0.971520512028154,0.9622482959934039,0.009272216034750147,0.009272216034750147,0.05023333333333333,0.014404166666666666,0.015283333333333333,0.021256840681301112,0.04740855628796691,0.05119760839016406,-0.005286178756508226,-0.007101292614304265
2024,header,low_density,random,0.01,18,120000,1,0.9546535230929052,0.9308702367206585,0.023783286372246693,0.023783286372246693,0.08518333333333333,0.019966666666666667,0.04085,0.046604812199723795,0.0714691860210821,0.08682957929464498,-0.03188111571247255,-0.014902780843476517
2024,header,high_density,random,0.01,19,120000,1,0.9995735226121661,0.9995735226121661,0.0,0.0,0.0,0.0,0.0,0.0,0.0,0.0,0.0,0.0
2024,header,mid_density,random,0.01,19,240000,1,0.971520512028154,0.971520512028154,0.0,0.0,0.0,0.0,0.0,0.0,0.0,0.0,0.0,0.0
2024,header,low_density,random,0.01,19,120000,1,0.9546535230929052,0.9546535230929052,0.0,0.0,0.0,0.0,0.0,0.0,0.0,0.0,0.0,0.0
2024,header,high_density,random,0.01,20,120000,1,0.9995735226121661,0.9995735226121661,0.0,0.0,0.0,0.0,0.0,0.0,0.0,0.0,0.0,0.0
2024,header,mid_density,random,0.01,20,240000,1,0.971520512028154,0.971520512028154,0.0,0.0,0.0,0.0,0.0,0.0,0.0,0.0,0.0,0.0
2024,header,low_density,random,0.01,20,120000,1,0.9546535230929052,0.9546535230929052,0.0,0.0,0.0,0.0,0.0,0.0,0.0,0.0,0.0,0.0
2024,header,high_density,important,0.05,0,120000,4,0.9995735226121661,0.9970865963720351,0.0024869262401310266,0.0024869262401310266,0.009366666666666667,0.005966666666666667,0.0006083333333333333,0.02758195616163951,0.0007762571644282812,0.06422280491208358,0.0406859881575505,-0.05623761299866994
2024,header,mid_density,important,0.05,0,240000,4,0.971520512028154,0.9041331290064835,0.06738738302167058,0.06738738302167058,0.25443333333333334,0.19868333333333332,0.006595833333333334,0.29320543565147883,0.020460126664081684,0.26258803969650774,0.2358480110919098,-0.16062743979748736
2024,header,low_density,important,0.05,0,120000,4,0.9546535230929052,0.8756193255815414,0.07903419751136376,0.07903419751136376,0.24630833333333332,0.17518333333333333,0.00805,0.40890081889089885,0.014083891002930499,0.21642886462641991,0.1713878111343752,-0.06454553277821724
2024,header,high_density,random,0.05,1,120000,4,0.9995735226121661,0.9985475938011551,0.0010259288110110454,0.0010259288110110454,0.01705833333333333,0.001,0.014566666666666667,0.004622674217034555,0.018587637307131994,0.025519555670879615,-0.02000814172313569,-0.014655347093798073
2024,header,mid_density,random,0.05,1,240000,4,0.971520512028154,0.9621810161459124,0.009339495882241589,0.009339495882241589,0.04750833333333333,0.014083333333333333,0.015283333333333333,0.020783373301358914,0.04740855628796691,0.05100749367781283,-0.005615672852861641,-0.007222230250907923
2024,header,low_density,random,0.05,1,120000,4,0.9546535230929052,0.9308138855887417,0.023839637504163513,0.023839637504163513,0.08454166666666667,0.019775,0.040933333333333335,0.04615743712435082,0.07161498199419732,0.08684600878832811,-0.032373981916157916,-0.015088651760484786
2024,header,high_density,random,0.05,2,120000,4,0.9995735226121661,0.999565447928946,8.074683220171686e-06,8.074683220171686e-06,0.0,0.0,0.0,0.0,0.0,0.0008699491100157219,-9.811292809636594e-05,-0.0005652408024648622
2024,header,mid_density,random,0.05,2,240000,4,0.971520512028154,0.9719430045091098,-0.00042249248095571623,-0.00042249248095571623,0.004858333333333333,0.0009041666666666666,0.0012291666666666666,0.0013343171616552912,0.003812847356856663,0.006094312425988266,-0.003448879333150371,0.0014117331534811482
2024,header,low_density,random,0.05,2,120000,4,0.9546535230929052,0.951843082313825,0.0028104407790802144,0.0028104407790802144,0.011608333333333333,0.002825,0.005833333333333334,0.006593919589192974,0.010205718118065579,0.01033706440133741,-0.004690151440306033,-0.00015051019009255728
2024,header,high_density,random,0.05,3,120000,4,0.9995735226121661,0.999516354657847,5.716795431909283e-05,5.716795431909283e-05,0.010041666666666667,0.0,0.009033333333333334,0.0,0.011526887208770643,0.032108753767989655,-0.03209937370883043,-0.024604081566991672
2024,header,mid_density,random,0.05,3,240000,4,0.971520512028154,0.9700175563509185,0.0015029556772355734,0.0015029556772355734,0.0623625,0.0,0.04665416666666666,0.0,0.1447201757787256,0.06917236205507171,-0.06907488356214177,-0.003343847351814789
2024,header,low_density,random,0.05,3,120000,4,0.9546535230929052,0.9487418969526342,0.005911626140270965,0.005911626140270965,0.12409166666666667,0.0,0.09698333333333334,0.0,0.16967735351149602,0.1215188906733196,-0.12138681991085777,-0.03542352054047586
2024,header,high_density,random,0.05,4,120000,4,0.9995735226121661,0.9995734730465884,4.956557775326331e-08,4.956557775326331e-08,0.0,0.0,0.0,0.0,0.0,1.1023461927239782e-05,-1.1023461927239782e-05,-1.1023461927239782e-05
2024,header,mid_density,random,0.05,4,240000,4,0.971520512028154,0.9714937993630308,2.671266512321857e-05,2.671266512321857e-05,4.166666666666667e-06,0.0,4.166666666666667e-06,0.0,1.2924906294429366e-05,7.997019723751393e-05,2.4778607072206607e-05,-7.4630430021167e-05
2024,header,low_density,random,0.05,4,120000,4,0.9546535230929052,0.9544746498586741,0.00017887323423104728,0.00017887323423104728,0.00035,0.00013333333333333334,5e-05,0.0003112174437377215,8.747758386913353e-05,0.0005060451594470095,0.00021954079756852167,-0.0002847915679198918
2024,header,high_density,random,0.05,5,120000,4,0.9995735226121661,0.9967531119960007,0.0028204106161654474,0.0028204106161654474,0.019341666666666667,0.013825,0.0,0.06390847105050272,0.0,0.03277955136334701,0.028463144280060856,-0.014304792943155809
2024,header,mid_density,random,0.05,5,240000,4,0.971520512028154,0.9492885785623895,0.022231933465764575,0.022231933465764575,0.24574166666666666,0.18584583333333332,7.916666666666666e-05,0.27426059152677856,0.0002455732195941579,0.21936402416654707,0.21702756091590977,-0.04569543452760868
2024,header,low_density,random,0.05,5,120000,4,0.9546535230929052,0.9207346240876484,0.0339188990052568,0.0339188990052568,0.19634166666666666,0.133625,0.000475,0.31189823189589777,0.0008310370467567686,0.18710824003936743,0.1801848819852682,0.005268723864724242
2024,header,high_density,random,0.05,6,120000,4,0.9995735226121661,0.9995631773339232,1.0345278242951395e-05,1.0345278242951395e-05,0.0011833333333333333,0.0,0.0006333333333333333,0.0,0.0008081581437883477,0.009164501499478383,-0.009156256540775903,-0.007530939706696845
2024,header,mid_density,random,0.05,6,240000,4,0.971520512028154,0.9709019331894324,0.0006185788387216284,0.0006185788387216284,0.018029166666666666,4.5833333333333334e-05,0.0105125,6.763819713460002e-05,0.03260953858084529,0.02315676893318414,-0.02289400119939337,0.003256500937565604
2024,header,low_density,random,0.05,6,120000,4,0.9546535230929052,0.9522828186342003,0.0023707044587049086,0.0023707044587049086,0.038316666666666666,0.00021666666666666666,0.027541666666666666,0.0005057283460737974,0.04818556911458106,0.03453144245668597,-0.033334371187273164,-0.004979685914615003
2024,header,high_density,random,0.05,7,120000,4,0.9995735226121661,0.9995450602959703,2.8462316195798643e-05,2.8462316195798643e-05,0.009158333333333333,0.003525,0.0,0.016294926615046803,0.0,0.02418771578423435,0.024180298664569763,-0.004820587988616439
2024,header,mid_density,random,0.05,7,240000,4,0.971520512028154,0.9524679617815377,0.01905255024661634,0.01905255024661634,0.16565416666666666,0.120075,0.00010416666666666667,0.17719977863862757,0.0003231226573607341,0.16386466197586283,0.16382576458050105,-0.055649401976433074
2024,header,low_density,random,0.05,7,120000,4,0.9546535230929052,0.9274090819781365,0.027244441114768647,0.027244441114768647,0.20684166666666667,0.14908333333333335,0.00019166666666666667,0.34798000427923986,0.00033533073816501187,0.1842620826766797,0.1841449625564938,-0.019087622962529468
2024,header,high_density,random,0.05,8,120000,4,0.9995735226121661,0.9994080733279089,0.00016544928425721306,0.00016544928425721306,0.005408333333333334,0.0,0.004783333333333333,0.0,0.006103720717559363,0.020396004551093184,-0.018367682511027945,-0.016997582330026594
2024,header,mid_density,random,0.05,8,240000,4,0.971520512028154,0.9668932280429124,0.004627283985241593,0.004627283985241593,0.052158333333333334,0.0009041666666666666,0.03532916666666667,0.0013343171616552912,0.1095902804704666,0.052632195219174234,-0.029099871570713136,-0.023168013937609096
2024,header,low_density,random,0.05,8,120000,4,0.9546535230929052,0.949408703744627,0.00524481934827814,0.00524481934827814,0.08200833333333334,0.0034833333333333335,0.052225,0.008130555717647973,0.09137033635130998,0.08164834939683588,-0.06217046243779257,-0.03250231068237569
2024,header,high_density,random,0.05,9,120000,4,0.9995735226121661,0.9995562053824009,1.7317229765279052e-05,1.7317229765279052e-05,0.00024166666666666667,0.0,0.00010833333333333333,0.0,0.0001382375772269542,0.004665927355399536,-0.004304708002328111,-0.003739658175727478
2024,header,mid_density,random,0.05,9,240000,4,0.971520512028154,0.9708983208040898,0.0006221912240642613,0.0006221912240642613,0.009383333333333334,0.00010833333333333333,0.00525,0.0001598721023181455,0.016285381930981,0.012262010379585738,-0.011652047380411217,0.0018882847983590799
2024,header,low_density,random,0.05,9,120000,4,0.9546535230929052,0.953602251630686,0.0010512714622191721,0.0010512714622191721,0.021391666666666666,0.0003916666666666667,0.014716666666666666,0.000914201240979557,0.025747568852148305,0.018433723875359253,-0.017354722912569637,-0.0028534467828749384
2024,header,high_density,random,0.05,10,120000,4,0.9995735226121661,0.9996340032675406,-6.04806553744508e-05,-6.04806553744508e-05,0.0037166666666666667,0.0013166666666666667,0.0,0.0060865210524288305,0.0,0.008919817212085974,0.00848983244451584,-0.006939693674466984
2024,header,mid_density,random,0.05,10,240000,4,0.971520512028154,0.9693724581285847,0.002148053899569291,0.002148053899569291,0.027158333333333333,0.012108333333333334,0.000775,0.017868781897558875,0.002404032570763862,0.027961033415288987,0.023253759571360756,-0.013846192427320624
2024,header,low_density,random,0.05,10,120000,4,0.9546535230929052,0.9517151891764545,0.0029383339164507083,0.0029383339164507083,0.024858333333333333,0.010675,0.0031333333333333335,0.024916846589251328,0.005481928589132368,0.02303962688783145,0.01563988634668984,-0.0018488512395336031
2024,header,high_density,random,0.05,11,120000,4,0.9995735226121661,0.9995454004960727,2.812211609348747e-05,2.812211609348747e-05,0.0,0.0,0.0,0.0,0.0,0.0008028512706468532,0.00015874515775909554,-0.000778633100665636
2024,header,mid_density,random,0.05,11,240000,4,0.971520512028154,0.9702050673119154,0.0013154447162386784,0.0013154447162386784,0.0024291666666666667,0.0013666666666666666,0.00030416666666666667,0.0020168480600135275,0.0009435181594933436,0.0035913511488837864,0.0022841813911605715,-0.0019328230266610158
2024,header,low_density,random,0.05,11,120000,4,0.9546535230929052,0.9532621523424287,0.0013913707504764616,0.0013913707504764616,0.004258333333333334,0.0019,0.00015833333333333332,0.004434848573262531,0.00027701234891892287,0.005847580969668229,0.003791894898159198,-0.0018956989721165452
2024,header,high_density,random,0.05,12,120000,4,0.9995735226121661,0.9995735226121661,0.0,0.0,0.0,0.0,0.0,0.0,0.0,0.00011913066544512632,-0.00011446614533738133,-0.00011759954169164083
2024,header,mid_density,random,0.05,12,240000,4,0.971520512028154,0.9714827060215798,3.7806006574214734e-05,3.7806006574214734e-05,0.0001375,3.75e-05,4.166666666666667e-06,5.534034311012728e-05,1.2924906294429366e-05,0.0003951878207060538,-0.0002317982428459679,-0.00030810184338681223
2024,header,low_density,random,0.05,12,120000,4,0.9546535230929052,0.9542935847645762,0.0003599383283290347,0.0003599383283290347,0.002675,0.0007416666666666666,0.0009416666666666667,0.0017311470307910758,0.0016474944962020148,0.002913799816243514,-0.0011382829550758238,-0.0013856461130433604
2024,header,high_density,random,0.05,13,120000,4,0.9995735226121661,0.9995537778979869,1.974471417920398e-05,1.974471417920398e-05,0.00265,0.000875,0.0006916666666666667,0.004044839939905235,0.0008825937622951691,0.004381057494503915,-0.00316834264162795,-0.002564642724454978
2024,header,mid_density,random,0.05,13,240000,4,0.971520512028154,0.9710215927237331,0.0004989193044209195,0.0004989193044209195,0.013295833333333333,0.000675,0.007020833333333333,0.0009961261759822912,0.021778467106113482,0.015531955997663056,-0.012523536545483641,0.0010058511496384788
2024,header,low_density,random,0.05,13,120000,4,0.9546535230929052,0.9524057390373531,0.002247784055552038,0.002247784055552038,0.022675,0.0014833333333333332,0.0131,0.0034622940615821516,0.022919126973712987,0.023083555780627922,-0.019121595312440006,-0.003926037505155922
2024,header,high_density,random,0.05,14,120000,4,0.9995735226121661,0.9995060183915273,6.750422063883654e-05,6.750422063883654e-05,0.0012,5e-05,0.0,0.00023113371085172773,0.0,0.002630800832364734,0.002294891036357424,-0.002113391245053071
2024,header,mid_density,random,0.05,14,240000,4,0.971520512028154,0.9707305851166195,0.0007899269115345664,0.0007899269115345664,0.0283,0.010266666666666667,0.00012083333333333333,0.015150956158150403,0.0003748222825384516,0.026739648146140892,0.026285800251800984,-0.014554307020665916
2024,header,low_density,random,0.05,14,120000,4,0.9546535230929052,0.9534383034052452,0.0012152196876600296,0.0012152196876600296,0.022825,0.010041666666666667,0.00015833333333333332,0.02343856373149715,0.00027701234891892287,0.019585673381150803,0.018250978651059506,-0.0035939861070565476
2024,header,high_density,random,0.05,15,120000,4,0.9995735226121661,0.9994816526088918,9.187000327437467e-05,9.187000327437467e-05,0.004308333333333333,0.0,0.00355,0.0,0.004529939069129422,0.0649093483175655,-0.06400266610088189,-0.05881923641132614
2024,header,mid_density,random,0.05,15,240000,4,0.971520512028154,0.9666452324464883,0.004875279581665781,0.004875279581665781,0.07046666666666666,1.25e-05,0.05422916666666667,1.8446781036709096e-05,0.16821765542199818,0.0787570989392249,-0.0770020022556242,-0.004272505033624519
2024,header,low_density,random,0.05,15,120000,4,0.9546535230929052,0.943076696237522,0.011576826855383193,0.011576826855383193,0.13655,0.00125,0.107825,0.002917663535041139,0.18864540961378648,0.12981297680934778,-0.1253390192474691,-0.034410091981959615
2024,header,high_density,random,0.05,16,120000,4,0.9995735226121661,0.9994709908892532,0.00010253172291296853,0.00010253172291296853,0.004516666666666667,0.0,0.004308333333333333,0.0,0.005497602109718102,0.026989086024330384,-0.022000299463182656,-0.025427925224502174
2024,header,mid_density,random,0.05,16,240000,4,0.971520512028154,0.967212604678886,0.004307907349268003,0.004307907349268003,0.028445833333333333,0.0049625,0.012154166666666667,0.00732337207157351,0.03770195166085046,0.033134487808667415,-0.007770755373914504,-0.012867165502751111
2024,header,low_density,random,0.05,16,120000,4,0.9546535230929052,0.9430992358962393,0.011554287196665847,0.011554287196665847,0.059283333333333334,0.016733333333333333,0.021658333333333335,0.03905778918908405,0.03789237341264634,0.05741197512184042,-0.009601101378034752,-0.01963478337869978
2024,header,high_density,random,0.05,17,120000,4,0.9995735226121661,0.9995214087082516,5.21139039145746e-05,5.21139039145746e-05,0.0013666666666666666,0.0,0.0010083333333333333,0.0,0.001286672834189343,0.015477941888143271,-0.012803502497684412,-0.014167778404686531
2024,header,mid_density,random,0.05,17,240000,4,0.971520512028154,0.9692287520536856,0.002291759974468399,0.002291759974468399,0.019029166666666666,0.0024083333333333335,0.00855,0.0035540798130726187,0.02652190771616906,0.02926694380789346,-0.00820037764087654,-0.017999772105722556
2024,header,low_density,random,0.05,17,120000,4,0.9546535230929052,0.946190845021955,0.008462678070950136,0.008462678070950136,0.048716666666666665,0.007008333333333333,0.025641666666666667,0.016358366886463985,0.044861420927553984,0.05610249662475309,-0.031455408378740064,-0.03206287656155674
2024,header,high_density,random,0.05,18,120000,4,0.9995735226121661,0.9995671704351827,6.35217698341517e-06,6.35217698341517e-06,0.0010166666666666666,0.0,0.0005416666666666666,0.0,0.000691187886134771,0.005642236348344944,-0.0053306644977010615,-0.004819184833746085
2024,header,mid_density,random,0.05,18,240000,4,0.971520512028154,0.9712968806708642,0.00022363135728986627,0.00022363135728986627,0.011870833333333334,0.0003125,0.006225,0.0004611695259177274,0.01930981000387747,0.01727978453259363,-0.01625293913433758,0.0023939652886337632
2024,header,low_density,random,0.05,18,120000,4,0.9546535230929052,0.9516437515317762,0.0030097715611290266,0.0030097715611290266,0.028166666666666666,0.0008333333333333334,0.019541666666666666,0.0019451090233607593,0.03418915569551969,0.02594875002452109,-0.022864439378691627,-0.0024499916254042404
2024,header,high_density,random,0.05,19,120000,4,0.9995735226121661,0.99775936122446,0.0018141613877061813,0.0018141613877061813,0.006266666666666667,0.0041,0.00045,0.018952964289841674,0.0005742176284811944,0.023604005119840663,-0.007560104465365289,-0.01822629807798253
2024,header,mid_density,random,0.05,19,240000,4,0.971520512028154,0.9578530581049124,0.013667453923241646,0.013667453923241646,0.07908333333333334,0.043645833333333335,0.0035666666666666668,0.06441001045317592,0.011063719788031537,0.08041195038451501,0.058527354088566234,-0.03602822627137739
2024,header,low_density,random,0.05,19,120000,4,0.9546535230929052,0.9258259561020425,0.02882756699086264,0.02882756699086264,0.10568333333333334,0.04605,0.02485,0.10748672463091556,0.04347635918295937,0.09588051953810894,0.0463926396441412,-0.015749138476943914
2024,header,high_density,random,0.05,20,120000,4,0.9995735226121661,0.9976303205197128,0.0019432020924533555,0.0019432020924533555,0.035833333333333335,0.027833333333333335,0.0,0.12866443237412845,0.0,0.03298473532348767,0.03246103126732085,-0.0012486555679521857
2024,header,mid_density,random,0.05,20,240000,4,0.971520512028154,0.9631858674879922,0.008334644540161862,0.008334644540161862,0.1470125,0.0959375,7.916666666666666e-05,0.1415790444567423,0.0002455732195941579,0.13375175885304944,0.13272828993788038,-0.0268504808865959
2024,header,low_density,random,0.05,20,120000,4,0.9546535230929052,0.9400266438276966,0.014626879265208559,0.014626879265208559,0.1366,0.084025,0.0004,0.19612534282546537,0.0006998206709530683,0.12782142820118425,0.1262478634442373,0.012118408374919105
2024,header,high_density,important,0.1,0,120000,8,0.9995735226121661,0.9668816580977266,0.032691864514439506,0.032691864514439506,0.08231666666666666,0.021816666666666668,0.056141666666666666,0.1008513425016372,0.07163896598292234,0.1669034800916593,-0.060111506446636855,-0.1306390573663871
2024,header,mid_density,important,0.1,0,240000,8,0.971520512028154,0.7873493351747849,0.18417117685336915,0.18417117685336915,0.22767916666666665,0.09462916666666667,0.10247083333333333,0.13964828137490007,0.3178622204989014,0.23725129139975504,0.04850877557719981,-0.13101321844347522
2024,header,low_density,important,0.1,0,120000,8,0.9546535230929052,0.7651806014444136,0.1894729216484916,0.1894729216484916,0.30070833333333336,0.09500833333333333,0.15428333333333333,0.22176187975336017,0.26992666462552306,0.2669697403819627,-0.042526423249381724,-0.13126639345138655
2024,header,high_density,random,0.1,1,120000,8,0.9995735226121661,0.9993898549058198,0.00018366770634636875,0.00018366770634636875,0.0319,0.0,0.030891666666666668,0.0,0.039418976829255326,0.057786445880004644,-0.05747112779824074,-0.04035071753452874
2024,header,mid_density,random,0.1,1,240000,8,0.971520512028154,0.9593736866423981,0.012146825385755955,0.012146825385755955,0.14449583333333332,5.833333333333333e-05,0.12371666666666667,8.608497817130911e-05,0.3837663176941967,0.1298304585178989,-0.12952019221095554,0.018190943753310262
2024,header,low_density,random,0.1,1,120000,8,0.9546535230929052,0.9233441316646803,0.031309391428224864,0.031309391428224864,0.249975,0.00040833333333333336,0.216325,0.0009531034214467721,0.37847176660980625,0.20828774752642013,-0.2072756810000375,0.004742554936937382
2024,header,high_density,random,0.1,2,120000,8,0.9995735226121661,0.9994061009456187,0.0001674216665474848,0.0001674216665474848,0.01815,0.012333333333333333,0.0,0.05701298201009284,0.0,0.026961230988237002,0.026888694055103305,-0.0009812788875299685
2024,header,mid_density,random,0.1,2,240000,8,0.971520512028154,0.9649532600085907,0.006567252019563319,0.006567252019563319,0.20005833333333334,0.14385,0.0,0.21228555617044825,0.0,0.19459069385476335,0.19451764506059596,-0.05389342323229149
2024,header,low_density,random,0.1,2,120000,8,0.9546535230929052,0.9400901557252458,0.014563367367659397,0.014563367367659397,0.2054,0.13903333333333334,8.333333333333334e-06,0.3245219894575091,1.4579597311522255e-05,0.19801649258748233,0.19734049827125263,0.001199371052122451
2024,header,high_density,random,0.1,3,120000,8,0.9995735226121661,0.9981090228219701,0.0014644997901960277,0.0014644997901960277,0.029416666666666667,0.02036666666666667,0.003108333333333333,0.0941484648869371,0.003966355100434917,0.02489243280291298,0.012794815275065562,-0.010471524451480392
2024,header,mid_density,random,0.1,3,240000,8,0.971520512028154,0.9529403794251163,0.018580132603037702,0.018580132603037702,0.09424166666666667,0.055466666666666664,0.007383333333333334,0.0818545163868905,0.022902933953728836,0.09421342508531186,0.07499203961412115,-0.0188125013476668
2024,header,low_density,random,0.1,3,120000,8,0.9546535230929052,0.9298796036898089,0.024773919403096256,0.024773919403096256,0.10274166666666666,0.054525,0.012408333333333334,0.12726848339849448,0.02170902039685664,0.09828552206569716,0.06779080242352767,0.004505536260048735
2024,header,high_density,random,0.1,4,120000,8,0.9995735226121661,0.997241793979161,0.0023317286330051257,0.0023317286330051257,0.027508333333333333,0.010966666666666666,0.010741666666666667,0.050695327246812284,0.013706787465041843,0.03775811711382195,0.01316722989965272,-0.011386069430076964
2024,header,mid_density,random,0.1,4,240000,8,0.971520512028154,0.9604637806939602,0.011056731334193826,0.011056731334193826,0.1142,0.06750833333333334,0.0034458333333333333,0.09962491545225358,0.010688897505493086,0.11542178986504975,0.10650540032978935,-0.02137441664705944
2024,header,low_density,random,0.1,4,120000,8,0.9546535230929052,0.9246003374870361,0.030053185605869115,0.030053185605869115,0.13316666666666666,0.07630833333333334,0.012716666666666666,0.17811363326914473,0.022248465497382963,0.12929118249675822,0.10567532247389737,0.011588522261200343
2024,header,high_density,random,0.1,5,120000,8,0.9995735226121661,0.9995635927016576,9.929910508521544e-06,9.929910508521544e-06,0.0016583333333333333,0.000875,0.00011666666666666667,0.004044839939905235,0.000148871237013643,0.001653335095536524,-0.000460181619764157,-0.0009362177470803936
2024,header,mid_density,random,0.1,5,240000,8,0.971520512028154,0.9712029243587958,0.00031758766935818805,0.00031758766935818805,0.004291666666666667,0.0009541666666666666,0.001225,0.0014081042858021275,0.0037999224505622336,0.00545909914910008,0.000625052131433616,-0.0012092705685275542
2024,header,low_density,random,0.1,5,120000,8,0.9546535230929052,0.954217186296421,0.00043633679648413803,0.00043633679648413803,0.006633333333333333,0.00185,0.0015416666666666667,0.004318142031860886,0.0026972255026316175,0.008045345973208651,0.00029216616171198783,-0.0022664382432071623
2024,header,high_density,random,0.1,6,120000,8,0.9995735226121661,0.9970308027360095,0.0025427198761566183,0.0025427198761566183,0.037783333333333335,0.0294,0.0,0.1359066219808159,0.0,0.038587748946513754,0.03350018364568898,0.00030021834240497833
2024,header,mid_density,random,0.1,6,240000,8,0.971520512028154,0.9493466755115211,0.02217383651663296,0.02217383651663296,0.17630416666666668,0.12150833333333333,0.002170833333333333,0.17931500953083687,0.0067338761793977,0.15954434955130495,0.1521782292284962,-0.021794275517712382
2024,header,low_density,random,0.1,6,120000,8,0.9546535230929052,0.9207723394478876,0.033881183645017576,0.033881183645017576,0.158175,0.09958333333333333,0.0056,0.23244052829161074,0.009797489393342957,0.1558560285994346,0.14539985644813064,0.015110830304849155
2024,header,high_density,random,0.1,7,120000,8,0.9995735226121661,0.9994530962819513,0.00012042633021480675,0.00012042633021480675,0.0012166666666666667,0.0,0.0010583333333333334,0.0,0.0013504747929094757,0.008088258203185279,-0.005082257121238762,-0.0066101651319140685
2024,header,mid_density,random,0.1,7,240000,8,0.971520512028154,0.9680831587501396,0.003437353278014421,0.003437353278014421,0.029325,0.002766666666666667,0.015775,0.004082887536124946,0.048933695230709576,0.03002821878148973,-0.006923210770762779,-0.012609417918602666
2024,header,low_density,random,0.1,7,120000,8,0.9546535230929052,0.9493948638893861,0.005258659203519089,0.005258659203519089,0.04326666666666667,0.006016666666666667,0.020383333333333333,0.014043687148664682,0.03566169502398344,0.044790096152536776,-0.02180748035110119,-0.013391510873552153
2024,header,high_density,random,0.1,8,120000,8,0.9995735226121661,0.9993508902171735,0.00022263239499265008,0.00022263239499265008,0.002425,0.001,6.666666666666667e-05,0.004622674217034555,8.506927829351027e-05,0.019795063113362023,0.0018990473440477738,-0.01679749383677911
2024,header,mid_density,random,0.1,8,240000,8,0.971520512028154,0.957258231473699,0.014262280554454998,0.014262280554454998,0.046566666666666666,0.009058333333333333,0.023270833333333334,0.013367767324601857,0.072185601654388,0.05572352280411,-0.012900790002461906,-0.014594970580323963
2024,header,low_density,random,0.1,8,120000,8,0.9546535230929052,0.9212211623872212,0.033432360705684006,0.033432360705684006,0.09979166666666667,0.0199,0.059008333333333336,0.04644920347785493,0.1032381285628891,0.08856915282232025,-0.02353370190287121,-0.02210981955632002
2024,header,high_density,random,0.1,9,120000,8,0.9995735226121661,0.9982704095721955,0.0013031130399706603,0.0013031130399706603,0.0365,0.028391666666666666,0.0,0.1312454254786394,0.0,0.03851201868179938,0.0367119545136039,-0.003146783748388949
2024,header,mid_density,random,0.1,9,240000,8,0.971520512028154,0.9493179822274949,0.022202529800659176,0.022202529800659176,0.26974166666666666,0.21105416666666665,0.0,0.3114615999508086,0.0,0.22673216011348993,0.22626502715669153,-0.023996666566816316
2024,header,low_density,random,0.1,9,120000,8,0.9546535230929052,0.9147461733866554,0.03990734970624976,0.03990734970624976,0.22109166666666666,0.15654166666666666,0.00028333333333333335,0.3653887300383186,0.0004957063085917567,0.20544090639515236,0.20284894392005803,0.03279675108789514
2024,header,high_density,random,0.1,10,120000,8,0.9995735226121661,0.996688891392483,0.002884631219683187,0.002884631219683187,0.05375,0.045641666666666664,0.0,0.21098655572248545,0.0,0.038867324629670824,0.03706087767027077,-0.009249780010622908
2024,header,mid_density,random,0.1,10,240000,8,0.971520512028154,0.9464640325400867,0.02505647948806733,0.02505647948806733,0.29954583333333334,0.237475,0.0,0.3504519461353994,0.0,0.25623865315444155,0.25566790949287316,-0.03726429452844888
2024,header,low_density,random,0.1,10,120000,8,0.9546535230929052,0.9184292616685099,0.036224261424395277,0.036224261424395277,0.227875,0.16091666666666668,0.00040833333333333336,0.37560055241096263,0.0007144002682645906,0.21715883690706492,0.21490967275542963,0.016086241956065436
2024,header,high_density,random,0.1,11,120000,8,0.9995735226121661,0.9973768245406143,0.0021966980715518725,0.0021966980715518725,0.05241666666666667,0.04430833333333333,0.0,0.20482299009977273,0.0,0.04737500472298766,0.043539762551726084,-0.0007164256356766816
2024,header,mid_density,random,0.1,11,240000,8,0.971520512028154,0.9409086261180654,0.030611885910088676,0.030611885910088676,0.300975,0.24306666666666665,0.00012916666666666667,0.3587038061858206,0.0004006720951273103,0.24566137626980608,0.2432310282940992,-0.019225679553691075
2024,header,low_density,random,0.1,11,120000,8,0.9546535230929052,0.9097793212316708,0.044874201861234364,0.044874201861234364,0.24109166666666668,0.17386666666666667,0.00175,0.40582754663398884,0.003061715435419674,0.22091186454538952,0.21743073796107815,0.03401607314571083
2024,header,high_density,random,0.1,12,120000,8,0.9995735226121661,0.9991094290471086,0.00046409356505749955,0.00046409356505749955,0.02981666666666667,0.022266666666666667,0.0,0.10293154589930274,0.0,0.032134225058782745,0.019143452041927734,-0.019931386576180307
2024,header,mid_density,random,0.1,12,240000,8,0.971520512028154,0.9564859371686791,0.015034574859474903,0.015034574859474903,0.12234166666666667,0.07662916666666666,0.0012625,0.11308491668203899,0.003916246607212097,0.12433765880905286,0.11334522141540938,-0.04653076490888446
2024,header,low_density,random,0.1,12,120000,8,0.9546535230929052,0.9337736092102596,0.02087991388264554,0.02087991388264554,0.12425,0.07339166666666666,0.00595,0.17130575168738207,0.01040983248042689,0.11819676763722212,0.09565451295769266,-0.009299093803340258
2024,header,high_density,random,0.1,13,120000,8,0.9995735226121661,0.9993943231812138,0.00017919943095234814,0.00017919943095234814,0.011725,0.006108333333333334,0.0,0.028236835009052736,0.0,0.01938490953680711,0.01667959464610079,-0.001163382455968466
2024,header,mid_density,random,0.1,13,240000,8,0.971520512028154,0.9680045062090136,0.0035160058191404664,0.0035160058191404664,0.06551666666666667,0.03381666666666667,0.0002458333333333333,0.04990469163131034,0.0007625694713713325,0.06808864373791933,0.06762812541918467,-0.011870283991758237
2024,header,low_density,random,0.1,13,120000,8,0.9546535230929052,0.9461512161445141,0.008502306948391047,0.008502306948391047,0.08434166666666666,0.04878333333333333,0.00038333333333333334,0.11386668222753886,0.0006706614763300237,0.08778387999289067,0.08642074830342689,0.008873700269395686
2024,header,high_density,random,0.1,14,120000,8,0.9995735226121661,0.9989288735265254,0.0006446490856407694,0.0006446490856407694,0.055733333333333336,0.04725833333333333,0.0,0.21845987904002465,0.0,0.051419869704826315,0.051416454983552136,0.003795735112796078
2024,header,mid_density,random,0.1,14,240000,8,0.971520512028154,0.9601546103867148,0.011365901641439247,0.011365901641439247,0.36864583333333334,0.30369583333333333,0.0,0.4481768431408719,0.0,0.31418094855693646,0.31417975971557693,-0.019389792208432656
2024,header,low_density,random,0.1,14,120000,8,0.9546535230929052,0.9338634103811155,0.020790112711789654,0.020790112711789654,0.2969583333333333,0.22303333333333333,0.0,0.5205889790122736,0.0,0.2848289653710657,0.2847570311019118,0.04053221723846616
2024,header,high_density,random,0.1,15,120000,8,0.9995735226121661,0.9986696398197554,0.0009038827924107151,0.0009038827924107151,0.020166666666666666,0.000875,0.018208333333333333,0.004044839939905235,0.023234546633914995,0.0354685293353547,-0.030819664889131355,-0.024256103708934815
2024,header,mid_density,random,0.1,15,240000,8,0.971520512028154,0.959475045032327,0.012045466995827092,0.012045466995827092,0.05587916666666667,0.013783333333333333,0.024025,0.020340650556477893,0.07452500969367971,0.060113146099782785,-0.012048593905009359,-0.015749908227998266
2024,header,low_density,random,0.1,15,120000,8,0.9546535230929052,0.9182852626574917,0.036368260435413524,0.036368260435413524,0.12099166666666666,0.0234,0.069575,0.05461866137597012,0.12172505795389932,0.11398104127752824,-0.0475619011724441,-0.028094802148570876
2024,header,high_density,random,0.1,16,120000,8,0.9995735226121661,0.9993434791392097,0.00023004347295640937,0.00023004347295640937,0.030133333333333335,0.0,0.029125,0.0,0.0371646409544773,0.048789775948094104,-0.04261075061551404,-0.039151341288622216
2024,header,mid_density,random,0.1,16,240000,8,0.971520512028154,0.9584206109426693,0.013099901085484755,0.013099901085484755,0.11476666666666667,0.00012916666666666667,0.096525,0.0001906167373793273,0.2994183792167507,0.10277552682653414,-0.09916218294431092,0.0016545061046651518
2024,header,low_density,random,0.1,16,120000,8,0.9546535230929052,0.9272864952175162,0.027367027875389027,0.027367027875389027,0.20450833333333332,0.0016916666666666666,0.172675,0.0039485713174223416,0.30210383589205264,0.16266668369688944,-0.1574283546658711,-0.006325111471216174
2024,header,high_density,random,0.1,17,120000,8,0.9995735226121661,0.9995724870602597,1.0355519064475516e-06,1.0355519064475516e-06,0.00010833333333333333,0.0,5.833333333333333e-05,0.0,7.44356185068215e-05,0.0019316900769453095,-0.00032741267590627107,-0.0005531535678672092
2024,header,mid_density,random,0.1,17,240000,8,0.971520512028154,0.9717013730561171,-0.00018086102796310843,-0.00018086102796310843,0.0096125,0.0017208333333333333,0.0030666666666666668,0.0025395068560536186,0.009512731032700013,0.010026251770981024,-0.004602113923705139,0.002552837854962522
2024,header,low_density,random,0.1,17,120000,8,0.9546535230929052,0.9527211639502222,0.0019323591426829712,0.0019323591426829712,0.0178,0.005475,0.005741666666666667,0.01277936628348019,0.010045342547638834,0.015112742737706481,-0.0038215186727125782,-0.0006509401575553534
2024,header,high_density,random,0.1,18,120000,8,0.9995735226121661,0.9995834244628228,-9.90185065663507e-06,-9.90185065663507e-06,0.006491666666666666,0.0020666666666666667,0.0,0.009553526715204746,0.0,0.013120841014650908,0.007736226285165354,-0.009688911713273999
2024,header,mid_density,random,0.1,18,240000,8,0.971520512028154,0.9704148022690009,0.0011057097591531395,0.0011057097591531395,0.039170833333333335,0.014075,0.0009,0.02077107544733444,0.002791779759596743,0.03497063082847015,0.02995610060603182,-0.016275074923872413
2024,header,low_density,random,0.1,18,120000,8,0.9546535230929052,0.9498532698703323,0.004800253222572937,0.004800253222572937,0.03475,0.016883333333333334,0.00205,0.03940790881328898,0.003586580938634475,0.03321152591604985,0.022195664530655558,-0.004746712671705812
2024,header,high_density,random,0.1,19,120000,8,0.9995735226121661,0.9993841786230792,0.00018934398908698746,0.00018934398908698746,0.008433333333333333,0.0021,0.00305,0.009707615855772565,0.0038919194819280953,0.03127491140434879,-0.017970189559603344,-0.02987628969582798
2024,header,mid_density,random,0.1,19,240000,8,0.971520512028154,0.9634280522410996,0.008092459787054418,0.008092459787054418,0.04614583333333333,0.019920833333333332,0.0056875,0.02939802004550206,0.017642497091896085,0.05845492177558139,0.02005787277113956,-0.035732338901717925
2024,header,low_density,random,0.1,19,120000,8,0.9546535230929052,0.9351887515303425,0.019464771562562655,0.019464771562562655,0.08555,0.025683333333333332,0.030175,0.059948260099978605,0.05279272186502209,0.09237134774430762,-0.018560455324499535,-0.04682397536993867
2024,header,high_density,random,0.1,20,120000,8,0.9995735226121661,0.9995079850389572,6.553757320892917e-05,6.553757320892917e-05,0.007558333333333334,0.0023083333333333332,0.0,0.01067067298432143,0.0,0.015485685459061638,0.014847844664556688,-0.003916149479446385
2024,header,mid_density,random,0.1,20,240000,8,0.971520512028154,0.9697589283242777,0.001761583703876357,0.001761583703876357,0.08678333333333334,0.04719583333333333,8.333333333333334e-06,0.0696488962676013,2.5849812588858732e-05,0.10565184241526898,0.1051601744360723,-0.04864957429584624
2024,header,low_density,random,0.1,20,120000,8,0.9546535230929052,0.9501922830124787,0.004461240080426476,0.004461240080426476,0.111575,0.06548333333333334,0.000225,0.15284666705568847,0.0003936491274111009,0.11639654801275698,0.11400644371385771,-0.017928536641940402
2024,imports,high_density,important,0.01,0,172507,13,0.8365095717301441,0.8289134955582916,0.007596076171852428,0.007596076171852428,0.04220118603882741,0.019987594706301775,0.00953584492223504,0.03805991566770426,0.020082282421593642,0.030977970962965465,0.004216029613286145,-0.020203208108978757
2024,imports,mid_density,important,0.01,0,187490,13,0.9680075111765101,0.9295672275351767,0.03844028364133334,0.03844028364133334,0.12600672035841912,0.07041975572030508,0.021185129873593257,0.21360275679086246,0.031604325304943545,0.1219427949460534,0.030775472450003914,-0.07435145299226453
2024,imports,low_density,important,0.01,0,120003,13,0.9101494346463266,0.8587421782738716,0.051407256372455024,0.051407256372455024,0.15734606634834128,0.09795588443622243,0.014032982508770614,0.1341971573719961,0.05196247840039497,0.14656350391790135,0.11268494418105941,-0.08497371180947605
2024,imports,high_density,random,0.01,1,172507,13,0.8365095717301441,0.8425463989049277,-0.006036827174783599,-0.006036827174783599,0.0,0.0,0.0,0.0,0.0,0.008574125298865943,-0.0003072128597404356,-0.006989248552569461
2024,imports,mid_density,random,0.01,1,187490,13,0.9680075111765101,0.9682204677419676,-0.00021295656545750052,-0.00021295656545750052,0.01605418955677636,0.0009493839671449144,0.00853912208651128,0.0028797463234699326,0.01273880282306511,0.02276540236124115,-0.012662822145660606,-0.013593656495686243
2024,imports,low_density,random,0.01,1,120003,13,0.9101494346463266,0.9088117116953489,0.0013377229509776711,0.0013377229509776711,0.028557619392848514,0.0010833062506770664,0.0154412806346508,0.0014841029739140362,0.057177240187607996,0.0253191334765371,-0.01982464481903624,0.0007214313069910433
2024,imports,high_density,random,0.01,2,172507,13,0.8365095717301441,0.8364236197118211,8.595201832295452e-05,8.595201832295452e-05,0.0036752131797550243,0.0,0.0033158074744792966,0.0,0.006983018568481193,0.001062549416147893,-0.0009424195794757465,-3.8242043913038615e-05
2024,imports,mid_density,random,0.01,2,187490,13,0.9680075111765101,0.9679158163521491,9.16948243609994e-05,9.16948243609994e-05,0.001376073390580831,0.0005866979572243853,0.00022401194730385621,0.0017796185145038908,0.00033418470866254505,0.0015830675338612517,0.0003267798623124293,-0.0004734386864247015
2024,imports,low_density,random,0.01,2,120003,13,0.9101494346463266,0.9104221508618022,-0.0002727162154756435,-0.0002727162154756435,0.003116588751947868,0.0011333050007083156,0.0005499862503437414,0.0015526000342485301,0.0020365341890891137,0.0033720034398185945,0.0014700494840848624,-0.0010933283209389874
2024,imports,high_density,random,0.01,3,172507,13,0.8365095717301441,0.8365520519050357,-4.24801748916126e-05,-4.24801748916126e-05,0.0,0.0,0.0,0.0,0.0,0.0009838543301859254,0.00054179640273303,-0.0004653047515328609
2024,imports,mid_density,random,0.01,3,187490,13,0.9680075111765101,0.9679298287968381,7.768237967198388e-05,7.768237967198388e-05,0.0017120913115366153,0.0005333617792948957,0.0004000213344711718,0.0016178350131853553,0.0005967584083259733,0.0035330585945994274,2.5955827973173555e-05,-0.002111394230993852
2024,imports,low_density,random,0.01,3,120003,13,0.9101494346463266,0.9099976936913534,0.00015174095497316742,0.00015174095497316742,0.005408198128380124,0.0013666325008541453,0.0016666250010416407,0.0018722529824761688,0.006171315724512466,0.004728378369495495,0.00037125347044568067,-0.0010562684057629135
2024,imports,high_density,random,0.01,4,172507,13,0.8365095717301441,0.8364938632369194,1.570849322463097e-05,1.570849322463097e-05,0.0052809451210675505,0.0,0.0040288220188166276,0.0,0.008484611722193058,0.00199354225911426,-0.0019109188238105688,-0.0018436002949729297
2024,imports,mid_density,random,0.01,4,187490,13,0.9680075111765101,0.9647004953842633,0.0033070157922467924,0.0033070157922467924,0.02424662648674596,0.00021867832951090726,0.02132913755400288,0.0006633123554059956,0.0318191583319409,0.0197830073162455,-0.018399247574132558,-0.011657342598643143
2024,imports,low_density,random,0.01,4,120003,13,0.9101494346463266,0.9089559626337348,0.0011934720125917897,0.0011934720125917897,0.008433122505270702,0.00042498937526561835,0.004849878753031174,0.0005822250128431989,0.017958528758331278,0.007732380571419678,-0.005508507829552494,-0.0006399381842882126
2024,imports,high_density,random,0.01,5,172507,13,0.8365095717301441,0.8365102394455418,-6.677153977507899e-07,-6.677153977507899e-07,0.0,0.0,0.0,0.0,0.0,2.3126529657215136e-05,-1.939836070951248e-05,-1.939836070951248e-05
2024,imports,mid_density,random,0.01,5,187490,13,0.9680075111765101,0.9679825937058972,2.4917470612839665e-05,2.4917470612839665e-05,0.0004373566590218145,7.46706491012854e-05,0.00020801109392500934,0.00022649690184594975,0.0003103143723295061,0.0007819867758934483,-6.10491118203575e-05,-0.0003585242921905447
2024,imports,low_density,random,0.01,5,120003,13,0.9101494346463266,0.910110350586109,3.908406021757571e-05,3.908406021757571e-05,0.0017082906260676815,0.0006083181253801988,0.00032499187520311994,0.0008333809007363434,0.001203406566279931,0.0019403846166872636,0.0005413365285314192,-0.0006475590398623106
2024,imports,high_density,random,0.01,6,172507,13,0.8365095717301441,0.836509885980862,-3.1425071789215053e-07,-3.1425071789215053e-07,0.0,0.0,0.0,0.0,0.0,9.355227743981753e-05,2.4031732790556615e-05,-9.355227743981787e-05
2024,imports,mid_density,random,0.01,6,187490,13,0.9680075111765101,0.9679431212683234,6.438990818669055e-05,6.438990818669055e-05,0.0005866979572243853,0.0001493412982025708,0.00016000853378846872,0.0004529938036918995,0.00023870336333038932,0.0012510534784757445,-0.0002029402983462825,-0.0005652024307403491
2024,imports,low_density,random,0.01,6,120003,13,0.9101494346463266,0.9100573383534827,9.209629284390175e-05,9.209629284390175e-05,0.0018832862511770538,0.00032499187520311994,0.0005249868753281168,0.0004452308921742109,0.0019439644532214268,0.002213815079885254,-0.0005607428289770433,-4.152904187750955e-05
2024,imports,high_density,random,0.01,7,172507,13,0.8365095717301441,0.8365039929713638,5.578758780266924e-06,5.578758780266924e-06,0.0,0.0,0.0,0.0,0.0,0.00025028563788411754,-0.00016394158943019505,-0.0001873323600710673
2024,imports,mid_density,random,0.01,7,187490,13,0.9680075111765101,0.9679462075114063,6.13036651038179e-05,6.13036651038179e-05,0.0013067363592724945,0.00016534215158141768,0.00034668515654168224,0.0005015288540874602,0.0005171906205491769,0.00167000345715568,-0.0005212605057540044,-0.0008644862995066751
2024,imports,low_density,random,0.01,7,120003,13,0.9101494346463266,0.910011300246589,0.00013813439973753283,0.00013813439973753283,0.002091614376307259,0.0004416556252760348,0.0008249793755156121,0.0006050573662880302,0.0030548012836336706,0.0026663980557310577,-0.0005281212025533681,0.00017072570347820135
2024,imports,high_density,random,0.01,8,172507,13,0.8365095717301441,0.8365089604774609,6.112526831358878e-07,6.112526831358878e-07,0.0,0.0,0.0,0.0,0.0,0.00014945864681370282,-0.00010427554184599806,-0.00014889160964468357
2024,imports,mid_density,random,0.01,8,187490,13,0.9680075111765101,0.9678613959423947,0.00014611523411534044,0.00014611523411534044,0.0010667235585897915,0.0001760093871673156,0.00022401194730385621,0.0005338855543511673,0.00033418470866254505,0.002156497950996235,-0.0006855060232701811,-0.0013333701258629864
2024,imports,low_density,random,0.01,8,120003,13,0.9101494346463266,0.9100701628822951,7.92717640314411e-05,7.92717640314411e-05,0.003116588751947868,0.0009666425006041515,0.0006833162504270726,0.001324276499800217,0.002530239447050111,0.0029286955650843567,0.0006060766855472329,-0.0005519925562560402
2024,imports,high_density,random,0.01,9,172507,13,0.8365095717301441,0.8363371080523179,0.00017246367782619565,0.00017246367782619565,0.0,0.0,0.0,0.0,0.0,0.0026555622442934242,0.00037672784523218403,-0.0015497371060900025
2024,imports,mid_density,random,0.01,9,187490,13,0.9680075111765101,0.967218301472097,0.0007892097044130963,0.0007892097044130963,0.009861859299162622,0.000746706491012854,0.005738972745213078,0.0022649690184594973,0.008561493964783297,0.011045922954553053,-0.007436702635470568,-0.0051064306573152494
2024,imports,low_density,random,0.01,9,120003,13,0.9101494346463266,0.9057948184380525,0.0043546162082740425,0.0043546162082740425,0.02217444563885903,0.0009416431255885269,0.013091339383182087,0.0012900279696329699,0.04847568501604542,0.017606540657555337,-0.013454775345312945,-0.0004783920548707475
2024,imports,high_density,random,0.01,10,172507,13,0.8365095717301441,0.8365228190419304,-1.3247311786312999e-05,-1.3247311786312999e-05,0.008846017842754208,0.0,0.007304051429797052,0.0,0.0153821737697313,0.0011495253118445918,-0.00100990250235617,-0.00010266858776713268
2024,imports,mid_density,random,0.01,10,187490,13,0.9680075111765101,0.9675360743832104,0.00047143679329963994,0.00047143679329963994,0.004320230412288655,0.00046935836577950826,0.003098831937703344,0.0014236948116031127,0.004622888469831873,0.0040682944371856905,-0.0021048750871939304,-0.0016081708670584712
2024,imports,low_density,random,0.01,10,120003,13,0.9101494346463266,0.9099359336829758,0.00021350096335082114,0.00021350096335082114,0.005908185628692616,0.0007333150004583219,0.002499937501562461,0.0010046235515725783,0.0092569735867687,0.004677695295213116,-0.0028666419784869565,9.062480701014331e-05
2024,imports,high_density,random,0.01,11,172507,13,0.8365095717301441,0.8363464764160262,0.00016309531411784484,0.00016309531411784484,0.0,0.0,0.0,0.0,0.0,0.0005034218950423635,0.00010616409815030635,-0.00021488965347882084
2024,imports,mid_density,random,0.01,11,187490,13,0.9680075111765101,0.9670697112576842,0.0009377999188259212,0.0009377999188259212,0.006304336231265668,0.0026668088964744785,0.0013974078617526268,0.008089175065926777,0.002084676039752067,0.006898648963427747,0.003755330573655511,-0.00267065906039476
2024,imports,low_density,random,0.01,11,120003,13,0.9101494346463266,0.9090736840302412,0.0010757506160853358,0.0010757506160853358,0.01043307250652067,0.004649883752906177,0.0011416381257135237,0.00637022661110794,0.004227351271291039,0.008626854824717013,0.005038224983148464,-0.0025321219288834264
2024,imports,high_density,random,0.01,12,172507,13,0.8365095717301441,0.8365308003633397,-2.122863319564683e-05,-2.122863319564683e-05,0.0,0.0,0.0,0.0,0.0,0.0007813419730732921,9.344139873515454e-05,-0.000770592353845528
2024,imports,mid_density,random,0.01,12,187490,13,0.9680075111765101,0.9679538189141592,5.3692262350857334e-05,5.3692262350857334e-05,0.0012640674169289029,0.0001866766227532135,0.0003253506853698864,0.0005662422546148743,0.0004853635054384583,0.0024833869033934236,-0.0007790980655686307,-0.001414934809746632
2024,imports,low_density,random,0.01,12,120003,13,0.9101494346463266,0.909621580548954,0.0005278540973725487,0.0005278540973725487,0.003399915002124947,0.00029999250018749533,0.001599960000999975,0.00041098236200696385,0.005924463095531967,0.002788560053436154,-0.001797432184854648,-8.317277078991876e-05
2024,imports,high_density,random,0.01,13,172507,13,0.8365095717301441,0.8365042844483377,5.287281806376498e-06,5.287281806376498e-06,0.0,0.0,0.0,0.0,0.0,0.0005613831862846244,-0.00038206641381861384,-0.0003243793459049544
2024,imports,mid_density,random,0.01,13,187490,13,0.9680075111765101,0.9679459759305382,6.153524597185545e-05,6.153524597185545e-05,0.0036855298949277295,0.00040535495226412077,0.0016854232225718706,0.00122955461002087,0.0025143420937467674,0.003222877863002856,-0.0015925456312799072,-0.0009416934255810515
2024,imports,low_density,random,0.01,13,120003,13,0.9101494346463266,0.9094435180640847,0.000705916582241839,0.000705916582241839,0.0037665725023541077,0.0006083181253801988,0.0017332900010833061,0.0008333809007363434,0.006418168353492965,0.003934641981542647,-0.0015107909081252785,0.00028841628856487783
2024,imports,high_density,random,0.01,14,172507,13,0.8365095717301441,0.8365286644826019,-1.909275245781661e-05,-1.909275245781661e-05,0.0,0.0,0.0,0.0,0.0,0.00020695373565127257,5.3475402034658554e-05,-0.00011790544875324693
2024,imports,mid_density,random,0.01,14,187490,13,0.9680075111765101,0.9679884632961309,1.9047880379208237e-05,1.9047880379208237e-05,0.0012107312389994134,0.0003360179209557843,0.0002613472718544989,0.0010192360583067739,0.00038988216010630254,0.0015603330343276131,0.00020006262943622892,-0.0006579617839906674
2024,imports,low_density,random,0.01,14,120003,13,0.9101494346463266,0.9102174276166559,-6.79929703293336e-05,-6.79929703293336e-05,0.0025416031265885018,0.000816646250510404,0.0005499862503437414,0.001118785318796735,0.0020365341890891137,0.002974037994205618,0.0005670691098639652,-0.0001378304027871263
2024,imports,high_density,random,0.01,15,172507,13,0.8365095717301441,0.8365029549468009,6.61678334312743e-06,6.61678334312743e-06,0.0,0.0,0.0,0.0,0.0,0.000727527270841857,-0.0003146384565952448,-0.0007016885723904738
2024,imports,mid_density,random,0.01,15,187490,13,0.9680075111765101,0.9680894472938066,-8.193611729656602e-05,-8.193611729656602e-05,0.0049762654008213775,0.0005866979572243853,0.002272121179796256,0.0017796185145038908,0.0033895877592915284,0.005831224881252272,-0.0024506778364637694,-0.0029866007530829223
2024,imports,low_density,random,0.01,15,120003,13,0.9101494346463266,0.9098739107094067,0.00027552393691987476,0.00027552393691987476,0.007799805004874878,0.001149971250718732,0.0027499312517187072,0.0015754323876933614,0.010182670945445569,0.00713948732519935,-0.0024032722390332465,-0.00018122991589327304
2024,imports,high_density,random,0.01,16,172507,13,0.8365095717301441,0.8365234908000048,-1.3919069860701683e-05,-1.3919069860701683e-05,0.0,0.0,0.0,0.0,0.0,0.0011825348985526148,-0.0005411788569919051,-0.0010524838507548176
2024,imports,mid_density,random,0.01,16,187490,13,0.9680075111765101,0.9678758027439424,0.00013170843256771203,0.00013170843256771203,0.00496026454744253,6.933703130833645e-05,0.0031948370579764256,0.0002103185517140962,0.004766110487830107,0.006461245827715977,-0.004907875296690829,-0.003110460749122216
2024,imports,low_density,random,0.01,16,120003,13,0.9101494346463266,0.9095979138578592,0.00055152078846743,0.00055152078846743,0.007866470004916543,0.00041665625026041016,0.003774905627359316,0.0005708088361207832,0.013978030116020735,0.008135606769768426,-0.004808620374944619,-7.768881944902267e-05
2024,imports,high_density,random,0.01,17,172507,13,0.8365095717301441,0.8365318281464561,-2.2256416312038674e-05,-2.2256416312038674e-05,0.0,0.0,0.0,0.0,0.0,0.0007131600366701489,0.0003075666030265293,-0.0002592124407841028
2024,imports,mid_density,random,0.01,17,187490,13,0.9680075111765101,0.9679374317035727,7.007947293735661e-05,7.007947293735661e-05,0.0020427756146994508,0.00040535495226412077,0.0009173822603872207,0.00122955461002087,0.0013685659497608988,0.0028318871498518336,0.0008263069230921364,-0.0008082052927487464
2024,imports,low_density,random,0.01,17,120003,13,0.9101494346463266,0.9102373411093156,-8.790646298906246e-05,-8.790646298906246e-05,0.003924901877453064,0.0017749556261093472,0.0004999875003124922,0.0024316456418745362,0.00185139471735374,0.003966144866850308,0.0023224970819444683,-0.0011174044135276258
2024,imports,high_density,random,0.01,18,172507,13,0.8365095717301441,0.8365098031059943,-2.3137585025700957e-07,-2.3137585025700957e-07,0.0,0.0,0.0,0.0,0.0,0.00010686804376801557,1.127614571976072e-05,-3.034174329291068e-05
2024,imports,mid_density,random,0.01,18,187490,13,0.9680075111765101,0.9677792686646818,0.00022824251182829158,0.00022824251182829158,0.0011787295322417196,0.00048535921915835513,0.00010667235585897915,0.0014722298619986734,0.00015913557555359288,0.0016016962417004532,0.00036614246414840744,-0.0008683624234578442
2024,imports,low_density,random,0.01,18,120003,13,0.9101494346463266,0.9101667438500913,-1.7309203764748204e-05,-1.7309203764748204e-05,0.002633267501645792,0.000699982500437489,0.0008416456255260286,0.0009589588446829157,0.003116514440878795,0.0021024903838244083,0.000196008907961445,-0.00022035316757877004
2024,imports,high_density,random,0.01,19,172507,13,0.8365095717301441,0.8365258794827782,-1.630775263417039e-05,-1.630775263417039e-05,0.0,0.0,0.0,0.0,0.0,0.0009874226170580637,0.000593551861023053,-0.0002866391047613221
2024,imports,mid_density,random,0.01,19,187490,13,0.9680075111765101,0.967812600025613,0.00019491115089709243,0.00019491115089709243,0.002640140807509734,0.0002986825964051416,0.0008213771401141395,0.000905987607383799,0.0012253439317626651,0.004674746975493438,-0.0004591171602688362,-0.0026260965997455255
2024,imports,low_density,random,0.01,19,120003,13,0.9101494346463266,0.9091199493475144,0.0010294852988121939,0.0010294852988121939,0.0073748156296092595,0.001999950001249969,0.002499937501562461,0.002739882413379759,0.0092569735867687,0.007056192805040814,-4.854881117062267e-05,-0.0016401939582631046
2024,imports,high_density,random,0.01,20,172507,13,0.8365095717301441,0.8365205027230659,-1.0930992921820426e-05,-1.0930992921820426e-05,0.0,0.0,0.0,0.0,0.0,0.0003751369829737399,9.631840430474255e-05,-0.0001287329705920128
2024,imports,mid_density,random,0.01,20,187490,13,0.9680075111765101,0.9677793019407543,0.0002282092357557275,0.0002282092357557275,0.002245453090831511,0.001008053762867353,9.067150248013228e-05,0.0030577081749203214,0.00013526523922055396,0.0043266514892522905,0.000993982371895694,-0.0022294264851725255
2024,imports,low_density,random,0.01,20,120003,13,0.9101494346463266,0.9104316663972785,-0.0002822317509518779,-0.0002822317509518779,0.007858136879911335,0.002991591876869745,0.0012166362507603976,0.004098407443347223,0.0045050604788941006,0.007184275412188808,0.003995727488427205,-0.0016653531645002629
2024,imports,high_density,important,0.05,0,172507,65,0.8365095717301441,0.7341617072142549,0.10234786451588918,0.10234786451588918,0.12404714011605326,0.0,0.11776913400615627,0.0,0.24801923992528657,0.10404724807333662,-0.09293975611460391,-0.06966668870148361
2024,imports,mid_density,important,0.05,0,187490,65,0.9680075111765101,0.9104502258021528,0.057557285374357225,0.057557285374357225,0.22643340978185503,0.002522801216064857,0.20119473038562058,0.007652359612366731,0.3001456090516315,0.24769913481605102,-0.1897798322992668,-0.16395514015780147
2024,imports,low_density,important,0.05,0,120003,65,0.9101494346463266,0.8310462358820805,0.0791031987642461,0.0791031987642461,0.1677041407298151,0.009283101255801939,0.11556377757222736,0.012717620868771049,0.4279190323376944,0.14229130446094873,-0.035260948261626644,-0.05509363552254369
2024,imports,high_density,random,0.05,1,172507,65,0.8365095717301441,0.8343885836734181,0.002120988056726003,0.002120988056726003,0.0,0.0,0.0,0.0,0.0,0.0059984736282926296,0.0032212659553055825,-0.0023525181133598654
2024,imports,mid_density,random,0.05,1,187490,65,0.9680075111765101,0.9653412868542741,0.002666224322235955,0.002666224322235955,0.013995413088698064,0.0035201877433463117,0.005354952264120753,0.010677711087023345,0.007988605892790364,0.01775233928233437,0.0011568132410259943,-0.007156083190271211
2024,imports,low_density,random,0.05,1,120003,65,0.9101494346463266,0.90573826489388,0.004411169752446598,0.004411169752446598,0.02058281876286426,0.005733190003583244,0.00672483187920302,0.007854329585021975,0.0249012589484078,0.022704898762006143,0.0029857522412409404,-0.003799007913785709
2024,imports,high_density,random,0.05,2,172507,65,0.8365095717301441,0.8364576552745793,5.1916455564793296e-05,5.1916455564793296e-05,0.012521231022509231,0.0,0.010619858904276348,0.0,0.022365192338212495,0.0051071978408257146,-0.0022134043603718135,-0.001950687620120202
2024,imports,mid_density,random,0.05,2,187490,65,0.9680075111765101,0.966492047522203,0.0015154636543071032,0.0015154636543071032,0.012603338844738386,0.001253400181343005,0.006795029068216971,0.0038019122809855852,0.010136936162763868,0.017149094446812133,-0.01011067266527172,-0.008557176650683522
2024,imports,low_density,random,0.05,2,120003,65,0.9101494346463266,0.9080512628606535,0.002098171785673064,0.002098171785673064,0.021082806263176754,0.00222494437639059,0.010308075631442547,0.003048119184884982,0.0381695877561096,0.019826064978051394,-0.010881744665484198,0.001161806537985118
2024,imports,high_density,random,0.05,3,172507,65,0.8365095717301441,0.8299694837542109,0.006540087975933195,0.006540087975933195,0.01638774078733037,0.0,0.01435304074617262,0.0,0.030227192264964047,0.009733725965025678,-0.0073964579079514115,-0.005840891637039044
2024,imports,mid_density,random,0.05,3,187490,65,0.9680075111765101,0.9662361176446405,0.001771393531869614,0.001771393531869614,0.022337191316870234,0.002330790975518694,0.014187423329244227,0.007069939007620003,0.021165031548627852,0.02504892414467477,-0.010558654962486346,-0.015253482363274036
2024,imports,low_density,random,0.05,3,120003,65,0.9101494346463266,0.9071662662785316,0.002983168367794997,0.002983168367794997,0.025116038765697523,0.005741523128588452,0.008699782505437363,0.007865745761744392,0.03221426808195507,0.023387892761021954,-0.0002695258198886573,-0.0070581924265010546
2024,imports,high_density,random,0.05,4,172507,65,0.8365095717301441,0.8296132955232368,0.006896276206907248,0.006896276206907248,0.007541722944576162,0.0,0.0070489893163755675,0.0,0.014845018495232747,0.010349357869043242,-0.006619486881173898,-0.006624783328606848
2024,imports,mid_density,random,0.05,4,187490,65,0.9680075111765101,0.965594937031237,0.002412574145273072,0.002412574145273072,0.029996266467544937,0.00414422102512134,0.019062349991999572,0.012570578052450211,0.028437527351427048,0.025273872235227195,-0.01330849967151375,-0.01488863212852632
2024,imports,low_density,random,0.05,4,120003,65,0.9101494346463266,0.9060489770255996,0.004100457620726972,0.004100457620726972,0.025349366265843352,0.005149871253218669,0.0090414406306509,0.00705519721445288,0.033479387805480126,0.023951410512060393,-0.002935388903161176,-0.007534990855307616
2024,imports,high_density,random,0.05,5,172507,65,0.8365095717301441,0.8346563400409415,0.0018532316892025946,0.0018532316892025946,0.0,0.0,0.0,0.0,0.0,0.003448751580892594,0.00032735492542520047,-0.0013776885531815363
2024,imports,mid_density,random,0.05,5,187490,65,0.9680075111765101,0.9662676970235755,0.00173981415293456,0.00173981415293456,0.0107419062349992,0.001120059736519281,0.006421675822710545,0.0033974535276892464,0.009579961648326292,0.013715331179877586,-0.006735819373082075,-0.005933968306043635
2024,imports,low_density,random,0.05,5,120003,65,0.9101494346463266,0.9056854289694629,0.004464005676863669,0.004464005676863669,0.016499587510312243,0.0020999475013124672,0.008924776880577986,0.002876876534048747,0.033047395704764254,0.01757452930678069,-0.006613219972187054,-0.001467674354919796
2024,imports,high_density,random,0.05,6,172507,65,0.8365095717301441,0.8363668403207241,0.00014273140942000495,0.00014273140942000495,0.0,0.0,0.0,0.0,0.0,0.002609700539630048,-0.0013877149282042727,-0.0009597851889890931
2024,imports,mid_density,random,0.05,6,187490,65,0.9680075111765101,0.9656214280674574,0.002386083109052639,0.002386083109052639,0.013686063256707024,0.002517467598271908,0.00818710331217665,0.007636181262234878,0.012213655423738253,0.015519513635574455,-0.009458563037366195,-0.007538533469761486
2024,imports,low_density,random,0.05,6,120003,65,0.9101494346463266,0.9066483085141865,0.003501126132140042,0.003501126132140042,0.019407848137129907,0.0029499262518437037,0.00885811188053632,0.004041326559735145,0.032800543075783756,0.01914873775578634,-0.004567083988123086,-0.0033458403911833805
2024,imports,high_density,random,0.05,7,172507,65,0.8365095717301441,0.8365204224085601,-1.085067841599674e-05,-1.085067841599674e-05,0.010022781684221509,0.00012753105671074218,0.007304051429797052,0.00024284168929509682,0.0153821737697313,0.002112232656202902,-0.000678411823562003,-0.0013846899172070834
2024,imports,mid_density,random,0.05,7,187490,65,0.9680075111765101,0.9655374756261347,0.0024700355503753935,0.0024700355503753935,0.009755186943303643,0.0031735025868046295,0.001616086191263534,0.009626118328452865,0.002410903969636932,0.014775342213238896,0.005917839008613861,-0.007693805826408302
2024,imports,low_density,random,0.05,7,120003,65,0.9101494346463266,0.9067195356217193,0.00342989902460733,0.00342989902460733,0.019949501262468437,0.007516478754697799,0.00394156812746348,0.010297391403618928,0.014595161688471981,0.022032258082609703,0.011183336243063585,-0.010504644808660521
2024,imports,high_density,random,0.05,8,172507,65,0.8365095717301441,0.8365173262574032,-7.7545272590962e-06,-7.7545272590962e-06,0.0,0.0,0.0,0.0,0.0,0.0035721799509530684,0.00011896254089621138,-0.0031496861917675568
2024,imports,mid_density,random,0.05,8,187490,65,0.9680075111765101,0.9669289098969561,0.001078601279553948,0.001078601279553948,0.010667235585897914,0.0037175316016854233,0.004058883140434157,0.011276310041901928,0.006055108649814209,0.01229689042533743,-0.0014274334652576881,-0.006474275234345579
2024,imports,low_density,random,0.05,8,120003,65,0.9101494346463266,0.9073045796284596,0.0028448550178670207,0.0028448550178670207,0.015032957509395598,0.003441580627150988,0.005316533753322834,0.004714880986357669,0.019686497161194767,0.015740146026127902,8.088801810717567e-05,-0.003257064669868733
2024,imports,high_density,random,0.05,9,172507,65,0.8365095717301441,0.8348934081144503,0.001616163615693722,0.001616163615693722,0.005622960227700905,0.0019361533155176313,0.0033158074744792966,0.0036867783738437424,0.006983018568481193,0.004334378703094674,0.0003289523929938709,-0.0016329347500817404
2024,imports,mid_density,random,0.05,9,187490,65,0.9680075111765101,0.9615109367259204,0.006496574450589709,0.006496574450589709,0.021057123046562484,0.0130406955037602,0.003914875460024535,0.03955606607238194,0.005840275622816859,0.01830055319393793,0.006612506629520024,-0.010970333783553431
2024,imports,low_density,random,0.05,9,120003,65,0.9101494346463266,0.9037263622474052,0.00642307239892137,0.00642307239892137,0.023082756264426723,0.009199770005749857,0.005666525003541578,0.012603459101546892,0.020982473463342383,0.025763215298423865,0.016078788349838984,-0.013994722044909112
2024,imports,high_density,random,0.05,10,172507,65,0.8365095717301441,0.8365074791060447,2.0926240993368594e-06,2.0926240993368594e-06,0.0,0.0,0.0,0.0,0.0,0.0017107489048148448,-0.0007271748362444644,-0.001045504090112447
2024,imports,mid_density,random,0.05,10,187490,65,0.9680075111765101,0.9667803462647828,0.001227164911727252,0.001227164911727252,0.006026988106032321,0.000757373726598752,0.0027041442210251213,0.0022973257187232045,0.00403408684028358,0.010926676944671481,-0.005241579604906639,-0.006464263300506367
2024,imports,low_density,random,0.05,10,120003,65,0.9101494346463266,0.906286510682502,0.003862923963824594,0.003862923963824594,0.020182828762614267,0.0024749381265468363,0.010508070631567544,0.003390604486557452,0.0389101456430511,0.019949944483446037,-0.007255454509786468,-0.00526124038265853
2024,imports,high_density,random,0.05,11,172507,65,0.8365095717301441,0.8362348695727903,0.0002747021573538122,0.0002747021573538122,0.0,0.0,0.0,0.0,0.0,0.007095427249369949,0.0030961859834196187,-0.004099250824556123
2024,imports,mid_density,random,0.05,11,187490,65,0.9680075111765101,0.9659665456715589,0.002040965504951142,0.002040965504951142,0.01345138407381727,0.0038135367219585044,0.0031681689690116806,0.01156752034427529,0.004726326593941709,0.019034735800599632,0.0022223478081656654,-0.010507239113212634
2024,imports,low_density,random,0.05,11,120003,65,0.9101494346463266,0.9055994735214941,0.0045499611248325245,0.0045499611248325245,0.02217444563885903,0.007533145004708215,0.005933185003708241,0.010320223757063759,0.02196988397926438,0.021361240257648923,0.004960543514179073,-0.004597196415074948
2024,imports,high_density,random,0.05,12,172507,65,0.8365095717301441,0.8364364150523773,7.315667776675028e-05,7.315667776675028e-05,0.008846017842754208,0.0,0.007304051429797052,0.0,0.0153821737697313,0.002789516407363688,0.0005042324043557499,-0.0006969976473287766
2024,imports,mid_density,random,0.05,12,187490,65,0.9680075111765101,0.9673253134592605,0.000682197717249533,0.000682197717249533,0.008304442903621527,0.0031415008800469357,0.0012694010347218518,0.009529048227661744,0.0018937133490877552,0.010672540954652431,0.0049101665169877795,-0.006241993577833375
2024,imports,low_density,random,0.05,12,120003,65,0.9101494346463266,0.9086497739260244,0.001499660720302165,0.001499660720302165,0.014182978758864363,0.005824854378640534,0.0014499637509062272,0.00797990752896855,0.005369044680325845,0.01441643084691377,0.007739947283548267,-0.0050564360674498245
2024,imports,high_density,random,0.05,13,172507,65,0.8365095717301441,0.8364970170635937,1.255466655036841e-05,1.255466655036841e-05,0.0,0.0,0.0,0.0,0.0,0.004896454962560637,-0.004065053198989463,-0.004569099524863678
2024,imports,mid_density,random,0.05,13,187490,65,0.9680075111765101,0.9669053100815757,0.0011022010949344185,0.0011022010949344185,0.014912795349085285,0.0006773694597045175,0.010053869539708785,0.0020546504667454013,0.014998527995926129,0.01582870928374493,-0.011384861970132958,-0.008684470681062791
2024,imports,low_density,random,0.05,13,120003,65,0.9101494346463266,0.9072663862681571,0.0028830483781694394,0.0028830483781694394,0.021216136263260084,0.0013666325008541453,0.012133030007583144,0.0018722529824761688,0.044927178474450755,0.018802252808659124,-0.011559760440181263,0.0014777043118671166
2024,imports,high_density,random,0.05,14,172507,65,0.8365095717301441,0.8364430759008942,6.649582924989073e-05,6.649582924989073e-05,0.008846017842754208,0.0,0.007304051429797052,0.0,0.0153821737697313,0.003405964899851225,-0.0011972498909348533,-0.002826193091989309
2024,imports,mid_density,random,0.05,14,187490,65,0.9680075111765101,0.9658581828818182,0.0021493282946918324,0.0021493282946918324,0.01755826977438797,0.003216171529148221,0.010117872953224171,0.009755545129507694,0.015094009341258286,0.01772200677720069,-0.006000370542157611,-0.009621542512641693
2024,imports,low_density,random,0.05,14,120003,65,0.9101494346463266,0.9073933191961744,0.0027561154501521967,0.0027561154501521967,0.02152446188845279,0.0025499362515937103,0.011383048757114406,0.003493350077059193,0.04215008639842014,0.018012767979857132,-0.007948402088351502,0.001551487617377984
2024,imports,high_density,random,0.05,15,172507,65,0.8365095717301441,0.8451289154830594,-0.008619343752915287,-0.008619343752915287,0.0052809451210675505,0.0,0.0040288220188166276,0.0,0.008484611722193058,0.009610717914408335,0.00044727168293186124,-0.009125134466387297
2024,imports,mid_density,random,0.05,15,187490,65,0.9680075111765101,0.9628235126908733,0.005183998485636776,0.005183998485636776,0.03176702757480399,0.01206997706544349,0.005861645954450904,0.03661160634838459,0.008744499876669929,0.03804512551219612,0.014155931097511896,-0.021971135331387677
2024,imports,low_density,random,0.05,15,120003,65,0.9101494346463266,0.8976965984133263,0.012452836233000308,0.012452836233000308,0.03780738814862962,0.013566327508478955,0.010591401881619627,0.0185855357040927,0.03921871142927672,0.03882902396926446,0.011487332529795101,-0.016280894598108955
2024,imports,high_density,random,0.05,16,172507,65,0.8365095717301441,0.8364895006499792,2.0071080164885124e-05,2.0071080164885124e-05,0.0,0.0,0.0,0.0,0.0,0.00346917175982482,-0.0017463855234529522,-0.0029423464744771782
2024,imports,mid_density,random,0.05,16,187490,65,0.9680075111765101,0.954613252176234,0.013394259000276021,0.013394259000276021,0.0503973545255747,0.012112646007787081,0.023995946450477357,0.03674103314943942,0.03579754772078072,0.04460843428775904,-0.0031974833647389197,-0.01943028790139573
2024,imports,low_density,random,0.05,16,120003,65,0.9101494346463266,0.8978602434308758,0.012289191215450801,0.012289191215450801,0.034815796271759875,0.017841220636150762,0.004208228127630142,0.024442034362691933,0.015582572204393977,0.03918433438544651,0.028149938285011646,-0.02058050300445418
2024,imports,high_density,random,0.05,17,172507,65,0.8365095717301441,0.8362785854591247,0.0002309862710193622,0.0002309862710193622,0.0,0.0,0.0,0.0,0.0,0.0033630377840580886,0.0025489337694360142,-0.0015516720580424082
2024,imports,mid_density,random,0.05,17,187490,65,0.9680075111765101,0.9676161036592646,0.00039140751724542344,0.00039140751724542344,0.009040482159048483,0.0035415222145181078,0.0008107099045282415,0.010742424487550759,0.0012094303742073058,0.01033418872482367,0.0072830906273520886,-0.004320249259975112
2024,imports,low_density,random,0.05,17,120003,65,0.9101494346463266,0.908172233717854,0.0019772009284725334,0.0019772009284725334,0.017691224386057015,0.008874778130546736,0.0016666250010416407,0.01215822820937268,0.006171315724512466,0.01702184742507007,0.012919136896524429,-0.006342371705827112
2024,imports,high_density,random,0.05,18,172507,65,0.8365095717301441,0.8365012120142165,8.359715927608313e-06,8.359715927608313e-06,0.0,0.0,0.0,0.0,0.0,0.001847486374295971,-0.000822567114125331,-0.001495934888088163
2024,imports,mid_density,random,0.05,18,187490,65,0.9680075111765101,0.9667776742669655,0.0012298369095445905,0.0012298369095445905,0.008459117819617046,0.00173875940050136,0.003770867779614913,0.005274142142984259,0.005625442595819509,0.01125493705224243,-0.002447926323528359,-0.006902330798727639
2024,imports,low_density,random,0.05,18,120003,65,0.9101494346463266,0.9055932317529387,0.004556202893387873,0.004556202893387873,0.019282851262051783,0.004474888127796805,0.00871644875544778,0.006130486899937211,0.0322759812392002,0.016600494985944785,-0.0015733290214103577,-0.004426895636359676
2024,imports,high_density,random,0.05,19,172507,65,0.8365095717301441,0.8361811708359234,0.00032840089422070395,0.00032840089422070395,0.0036752131797550243,0.0,0.0033158074744792966,0.0,0.006983018568481193,0.003702479176196326,0.00038850152473228033,-0.0006327797913997676
2024,imports,mid_density,random,0.05,19,187490,65,0.9680075111765101,0.9668984649295818,0.0011090462469283136,0.0011090462469283136,0.014432769747719879,0.005536295269081018,0.0036801962771347806,0.016793127436863987,0.005490177356598954,0.011499690593736147,0.00603897455531381,-0.0040586036192261
2024,imports,low_density,random,0.05,19,120003,65,0.9101494346463266,0.908894179199791,0.001255255446535597,0.001255255446535597,0.020524486887827806,0.0090414406306509,0.0021166137513228835,0.012386551743820993,0.007837570970130832,0.017130185877923882,0.010678787623898072,-0.004909938600344706
2024,imports,high_density,random,0.05,20,172507,65,0.8365095717301441,0.8363138848973048,0.00019568683283921473,0.00019568683283921473,0.0,0.0,0.0,0.0,0.0,0.0023570286379175657,0.0013027750928494065,-0.0012959373856416439
2024,imports,mid_density,random,0.05,20,187490,65,0.9680075111765101,0.9662383773281056,0.0017691338484044916,0.0017691338484044916,0.020753106832364393,0.007925756040322151,0.003909541842231586,0.02404102829593438,0.005832318844039179,0.019605403818193794,0.014306227368370093,-0.00850924052216131
2024,imports,low_density,random,0.05,20,120003,65,0.9101494346463266,0.9097984500912639,0.00035098455506266113,0.00035098455506266113,0.03334916627084323,0.01780788813612993,0.0010083081256301925,0.02439636965580227,0.003733646013330042,0.03348863707167918,0.029188247805893634,-0.013248678268753925
2024,imports,high_density,important,0.1,0,172507,129,0.8365095717301441,0.7426264355712271,0.09388313615891697,0.09388313615891697,0.1517387700209267,0.0,0.14508976447332572,0.0,0.3055558946687339,0.1253848079554649,-0.11416675883409713,-0.08516950558356318
2024,imports,mid_density,important,0.1,0,187490,129,0.9680075111765101,0.8777593789975027,0.0902481321790074,0.0902481321790074,0.30109339164755455,0.0007787081977705478,0.2761427276121393,0.0023620391192506187,0.4119542644355859,0.2960216281164954,-0.22852257078431426,-0.1823743325276544
2024,imports,low_density,important,0.1,0,120003,129,0.9101494346463266,0.814902071657039,0.0952473629892876,0.0952473629892876,0.20043665575027292,0.0031832537519895336,0.15281284634550804,0.004360979507962783,0.5658479387805481,0.15578246216330907,-0.05181803322760225,-0.04966708728620812
2024,imports,high_density,random,0.1,1,172507,129,0.8365095717301441,0.8363295278991707,0.0001800438309733643,0.0001800438309733643,0.0036752131797550243,0.0,0.0033158074744792966,0.0,0.006983018568481193,0.006299839731473392,-0.0034866087598411184,-0.0026287773316900553
2024,imports,mid_density,random,0.1,1,187490,129,0.9680075111765101,0.9653187468528374,0.00268876432367271,0.00268876432367271,0.018651661421942505,0.0021547815883513786,0.010507227052109446,0.006536053453268836,0.015674854192028898,0.025630322000575047,-0.011492384781382448,-0.015282699361546704
2024,imports,low_density,random,0.1,1,120003,129,0.9101494346463266,0.9035459594956248,0.00660347515070181,0.00660347515070181,0.030274243143921402,0.004716548752947843,0.014549636259093522,0.006461556024887265,0.05387558627499383,0.029962224568837886,-0.006837713653921907,-0.007265362369506169
2024,imports,high_density,random,0.1,2,172507,129,0.8365095717301441,0.8186398902087119,0.0178696815214322,0.0178696815214322,0.0191702365701102,0.0003246245079909801,0.014950117966227458,0.0006181424818420646,0.03148462393026748,0.02981903874048451,-0.026278091885733598,-0.020934817882650707
2024,imports,mid_density,random,0.1,2,187490,129,0.9680075111765101,0.9540958547548709,0.013911656421639162,0.013911656421639162,0.12392660941916903,0.00034668515654168224,0.10835244546375807,0.001051592758570481,0.16164196086856197,0.10885994944999582,-0.10636367046244008,-0.025723339727289667
2024,imports,low_density,random,0.1,2,120003,129,0.9101494346463266,0.8947164952720725,0.015432939374254051,0.015432939374254051,0.1057473563160921,0.00045832187528645115,0.07623976067264986,0.0006278897197328615,0.2823068378178228,0.08957636687427471,-0.08703972217104834,0.026801170419773503
2024,imports,high_density,random,0.1,3,172507,129,0.8365095717301441,0.8365002619852446,9.309744899432815e-06,9.309744899432815e-06,0.0052809451210675505,0.0,0.0040288220188166276,0.0,0.008484611722193058,0.004298253350757959,-0.001599729032615588,-0.003860881695051569
2024,imports,mid_density,random,0.1,3,187490,129,0.9680075111765101,0.9663537133537554,0.0016537978227546546,0.0016537978227546546,0.012421995839778122,0.003386847298522588,0.004522907888420716,0.010273252333727006,0.006747348403472338,0.017014456664004248,0.00110453385560394,-0.011138894722466756
2024,imports,low_density,random,0.1,3,120003,129,0.9101494346463266,0.9070644200184166,0.003085014627909999,0.003085014627909999,0.024266060015166287,0.009191436880744648,0.005033207503145755,0.012592042924824477,0.01863737348802765,0.024458401342333236,0.00976025405292887,-0.010608584668102498
2024,imports,high_density,random,0.1,4,172507,129,0.8365095717301441,0.8361407944698697,0.00036877726027439994,0.00036877726027439994,0.000423171233631099,0.0003246245079909801,0.0,0.0006181424818420646,0.0,0.006500347667146576,0.0018201356372360572,-0.0019093881590213479
2024,imports,mid_density,random,0.1,4,187490,129,0.9680075111765101,0.9654856206277838,0.0025218905487263132,0.0025218905487263132,0.021307803082831086,0.008859139154088218,0.003605525628033495,0.026872239569008752,0.005378782453711439,0.02580829641012735,0.006369040744773605,-0.014444034054797867
2024,imports,low_density,random,0.1,4,120003,129,0.9101494346463266,0.9034700229686092,0.006679411677717351,0.006679411677717351,0.038615701274134814,0.01605793188503621,0.007291484379557177,0.021998972544094983,0.02699950629474204,0.034884132739706225,0.016081904952086293,-0.011282364220181132
2024,imports,high_density,random,0.1,5,172507,129,0.8365095717301441,0.841968748342309,-0.005459176612164884,-0.005459176612164884,0.009269189076385307,0.0003246245079909801,0.007304051429797052,0.0006181424818420646,0.0153821737697313,0.010214434140348993,-9.902503831399695e-05,-0.007957971825737663
2024,imports,mid_density,random,0.1,5,187490,129,0.9680075111765101,0.9628782320060058,0.0051292791705043195,0.0051292791705043195,0.02204917595605099,0.007477732145714438,0.00834177822817217,0.022682046884858684,0.012444402008290964,0.029254069382040695,-0.0031498871786259856,-0.020330734618806304
2024,imports,low_density,random,0.1,5,120003,129,0.9101494346463266,0.9022821052810752,0.007867329365251363,0.007867329365251363,0.03036590751897869,0.0068664950042915595,0.011866370007416482,0.009406929619270506,0.04393976795852876,0.03372669775309995,0.0020112262956325853,-0.01401355088352554
2024,imports,high_density,random,0.1,6,172507,129,0.8365095717301441,0.8363378462450424,0.0001717254851016925,0.0001717254851016925,0.0,0.0,0.0,0.0,0.0,0.005297036972663538,0.0007435988913210542,-0.0037414012441750254
2024,imports,mid_density,random,0.1,6,187490,129,0.9680075111765101,0.9651435417019343,0.0028639694745757893,0.0028639694745757893,0.023003893540988852,0.0067843618326310735,0.010123206571017122,0.02057886136771772,0.015101966120035965,0.02594794649044397,0.0024263269837901257,-0.017522290276155483
2024,imports,low_density,random,0.1,6,120003,129,0.9101494346463266,0.9085635613252228,0.0015858733211038256,0.0015858733211038256,0.03518245377198903,0.012958009383098755,0.006424839379015525,0.017752154803356356,0.023790422117995556,0.03616592914098063,0.018072891115474644,-0.016578615551023603
2024,imports,high_density,random,0.1,7,172507,129,0.8365095717301441,0.8363043428332643,0.0002052288968797944,0.0002052288968797944,0.008846017842754208,0.0,0.007304051429797052,0.0,0.0153821737697313,0.0070188531148508825,-0.0033363323545438956,-0.005980516438166718
2024,imports,mid_density,random,0.1,7,187490,129,0.9680075111765101,0.9639243116853007,0.004083199491209388,0.004083199491209388,0.021899834657848418,0.0037228652194783722,0.01288602058776468,0.01129248839203378,0.01922357752687402,0.028632990962148108,-0.015179439640284165,-0.016978555929347994
2024,imports,low_density,random,0.1,7,120003,129,0.9101494346463266,0.8997907552682971,0.010358679378029478,0.010358679378029478,0.041265635025791024,0.0041332300025832686,0.02286609501429131,0.005662423654318169,0.08467045174031103,0.03601055900930788,-0.018330504547289593,-0.002388420684785044
2024,imports,high_density,random,0.1,8,172507,129,0.8365095717301441,0.8114937972132746,0.025015774516869427,0.025015774516869427,0.05034578306967254,0.004991101810361318,0.036647788205696,0.009503940658321743,0.07717944648590577,0.0291590902146834,-0.0194581323320968,-0.017734522867077638
2024,imports,mid_density,random,0.1,8,187490,129,0.9680075111765101,0.942205255993386,0.025802255183124068,0.025802255183124068,0.0805856312336658,0.014539442103578857,0.04495173075897381,0.04410218245943279,0.06705973153828404,0.0860359328491379,-0.034626031156917154,-0.03729223809765347
2024,imports,low_density,random,0.1,8,120003,129,0.9101494346463266,0.8752428042331837,0.0349066304131429,0.0349066304131429,0.08018966192511853,0.01724956876078098,0.03751572877344733,0.02363148581540042,0.1389163169587756,0.07587229807725789,-0.003901877711800434,-0.020529010863150343
2024,imports,high_density,random,0.1,9,172507,129,0.8365095717301441,0.8364685403157451,4.103141439892877e-05,4.103141439892877e-05,0.008846017842754208,0.0,0.007304051429797052,0.0,0.0153821737697313,0.0051787251857475375,-0.001831979851158343,-0.003498367742635096
2024,imports,mid_density,random,0.1,9,187490,129,0.9680075111765101,0.9635164746061036,0.004491036570406504,0.004491036570406504,0.03365512827350792,0.007680409621846499,0.01888634060483226,0.023296824189869118,0.02817495365176362,0.025081317672133664,-0.001450966586888917,-0.014498991635327188
2024,imports,low_density,random,0.1,9,120003,129,0.9101494346463266,0.9039719557081651,0.0061774789381614514,0.0061774789381614514,0.027999300017499562,0.008591451880369657,0.00974142313108839,0.011770078200810549,0.03607134040977537,0.02644818202925274,0.003148929873128092,-0.006581766969317463
2024,imports,high_density,random,0.1,10,172507,129,0.8365095717301441,0.8363121953280502,0.00019737640209382956,0.00019737640209382956,0.015355898601216183,0.00012753105671074218,0.0113850452445408,0.00024284168929509682,0.023976658161708155,0.01182191512042519,-0.01014285966499841,-0.006762087968386268
2024,imports,mid_density,random,0.1,10,187490,129,0.9680075111765101,0.9582781449832708,0.009729366193239275,0.009729366193239275,0.04035415222145181,0.003952210784575178,0.02827884153821537,0.011988157447703483,0.04218684107925747,0.04525176883205594,-0.027166191055949758,-0.017606526455158616
2024,imports,low_density,random,0.1,10,120003,129,0.9101494346463266,0.9007968268016773,0.009352607844649308,0.009352607844649308,0.050098747531311716,0.006558169379098856,0.025907685641192304,0.008984531080541126,0.09593310293754628,0.047519456874982526,-0.01778130297530117,-0.006425761264678371
2024,imports,high_density,random,0.1,11,172507,129,0.8365095717301441,0.8350755508356716,0.0014340208944724209,0.0014340208944724209,0.0023709182815769797,0.0022607778235086114,0.0,0.004304920855685807,0.0,0.006714196565933501,0.0012570493699192783,-0.0040248807444479735
2024,imports,mid_density,random,0.1,11,187490,129,0.9680075111765101,0.9596955094243643,0.008312001752145748,0.008312001752145748,0.029585577897487867,0.014662115312816684,0.008000426689423436,0.04447428451246542,0.011935168166519466,0.032428024012168315,0.007419252136989822,-0.021317278812713506
2024,imports,low_density,random,0.1,11,120003,129,0.9101494346463266,0.8985322952747469,0.01161713937157971,0.01161713937157971,0.036099097522561935,0.012958009383098755,0.009816421256135263,0.017752154803356356,0.03634904961737843,0.03867535419820456,0.01630837254115974,-0.01947157837519282
2024,imports,high_density,random,0.1,12,172507,129,0.8365095717301441,0.8278078147831365,0.008701756947007588,0.008701756947007588,0.010828546087984836,0.0003246245079909801,0.009912641226153141,0.0006181424818420646,0.02087580725892105,0.0174633066987262,-0.010847441389565384,-0.013889284316948844
2024,imports,mid_density,random,0.1,12,187490,129,0.9680075111765101,0.9589636630346581,0.009043848141851996,0.009043848141851996,0.05783241772894555,0.004917595605098938,0.04307429729585578,0.014916438821568977,0.06425894540854081,0.05601902117511122,-0.03263111227430471,-0.03450456674509143
2024,imports,low_density,random,0.1,12,120003,129,0.9101494346463266,0.9054075032955369,0.004741931350789708,0.004741931350789708,0.03749906252343691,0.008099797505062373,0.013691324383557078,0.011096523774188025,0.050697358676869905,0.041808207808644006,0.008897521470071714,-0.019048245439815755
2024,imports,high_density,random,0.1,13,172507,129,0.8365095717301441,0.8304966659479784,0.006012905782165623,0.006012905782165623,0.01808622258806889,0.0,0.015981960152341643,0.0,0.03365766117710253,0.017459241725451328,-0.012967791498243219,-0.012734168816533675
2024,imports,mid_density,random,0.1,13,187490,129,0.9680075111765101,0.9640172054137264,0.003990305762783697,0.003990305762783697,0.037207317723611924,0.0009547175849378633,0.02772414528774868,0.002895924673601786,0.04135933608637879,0.0449321788332226,-0.031017309822594756,-0.030616886658334504
2024,imports,low_density,random,0.1,13,120003,129,0.9101494346463266,0.8976146829068145,0.012534751739512129,0.012534751739512129,0.043207253152004535,0.0035499112522186945,0.02513270501570794,0.0048632912837490725,0.09306344112564799,0.04199720462395705,-0.013995243496443615,-0.01507846562224561
2024,imports,high_density,random,0.1,14,172507,129,0.8365095717301441,0.8247592743621146,0.011750297368029461,0.011750297368029461,0.03492611894010098,0.006562052554389098,0.023999026126476027,0.012495308740093162,0.0505414281005457,0.028489719022798045,-0.01965789807383106,-0.019313140522331372
2024,imports,mid_density,random,0.1,14,187490,129,0.9680075111765101,0.9545842626669376,0.013423248509572439,0.013423248509572439,0.08570057069710385,0.003856205664302096,0.06887300656034989,0.011696947145330119,0.10274588435617725,0.07703618237402265,-0.06204316607982686,-0.021040179773825853
2024,imports,low_density,random,0.1,14,120003,129,0.9101494346463266,0.8878747738340835,0.022274660812243052,0.022274660812243052,0.07693141004808213,0.006124846878828029,0.04869878253043674,0.008390889890975512,0.18032584547025426,0.06800477925449307,-0.03821270902992016,0.003068483570987495
2024,imports,high_density,random,0.1,15,172507,129,0.8365095717301441,0.8339645379050011,0.0025450338251429283,0.0025450338251429283,0.01717611459245132,0.0029911829664883162,0.01133287344861368,0.005695741439830452,0.02386678549192436,0.011635771779770402,-0.004043345876218877,-0.0035714874199476877
2024,imports,mid_density,random,0.1,15,187490,129,0.9680075111765101,0.9647474174784199,0.003260093698090216,0.003260093698090216,0.02101978772201184,0.002986825964051416,0.013104698917275589,0.00905987607383799,0.019549805456758884,0.024911703840916167,-0.010397065461329616,-0.010309950851370098
2024,imports,low_density,random,0.1,15,120003,129,0.9101494346463266,0.9052196614293394,0.004929773216987177,0.004929773216987177,0.03484912877178071,0.0068664950042915595,0.015674608134796632,0.009406929619270506,0.05804122438903974,0.03140960913063887,-0.004073976987105409,-0.006714099990806994
2024,imports,high_density,random,0.1,16,172507,129,0.8365095717301441,0.8364816306369285,2.7941093215577695e-05,2.7941093215577695e-05,0.014126962963821758,0.0,0.01133287344861368,0.0,0.02386678549192436,0.005627188159137034,-0.003446323175603075,-0.004837365891623703
2024,imports,mid_density,random,0.1,16,187490,129,0.9680075111765101,0.9612630727881006,0.006744438388409435,0.006744438388409435,0.029420235745906447,0.012272654541575551,0.004496239799455971,0.03722638365339503,0.00670756450958394,0.03590660793684166,0.009267278895836888,-0.02148886690055871
2024,imports,low_density,random,0.1,16,120003,129,0.9101494346463266,0.8962233626124496,0.013926072033876968,0.013926072033876968,0.04289059440180662,0.01749122938593202,0.010099747506312342,0.023962554940350475,0.037398173290545546,0.046807799508945855,0.0220389411341122,-0.024972384384644015
2024,imports,high_density,random,0.1,17,172507,129,0.8365095717301441,0.836551629310588,-4.205758044395491e-05,-4.205758044395491e-05,0.024422197360107128,0.0006666396146243341,0.01981948558609216,0.0012693997394970969,0.04173940644342168,0.020782252597665887,-0.003911448324348452,-0.013018009776030267
2024,imports,mid_density,random,0.1,17,187490,129,0.9680075111765101,0.9517031387011956,0.016304372475314466,0.016304372475314466,0.061677956157661744,0.0127900154674916,0.034705850978718866,0.03879568361618482,0.05177475950636144,0.06256542217638146,-0.012338768593813755,-0.02765587052613631
2024,imports,low_density,random,0.1,17,120003,129,0.9101494346463266,0.8835097163401349,0.026639718306191718,0.026639718306191718,0.06705665691691041,0.025541028140963144,0.019774505637359066,0.03499058165420401,0.07322266107134041,0.0671315963260361,0.02262107237080161,-0.021219065992268245
2024,imports,high_density,random,0.1,18,172507,129,0.8365095717301441,0.8348428816658138,0.0016666900643302895,0.0016666900643302895,0.016074710011767638,0.0019361533155176313,0.01133287344861368,0.0036867783738437424,0.02386678549192436,0.009428773324496004,-0.0015813616173094584,-0.00715382047662257
2024,imports,mid_density,random,0.1,18,187490,129,0.9680075111765101,0.9593931301402199,0.008614381036290197,0.008614381036290197,0.028961544615712837,0.015686169929062882,0.007504400234679183,0.0475805277377813,0.01119518774019526,0.03404256550903807,-0.0007126325924754178,-0.024072062083395514
2024,imports,low_density,random,0.1,18,120003,129,0.9101494346463266,0.8974639855343993,0.01268544911192726,0.01268544911192726,0.035549111272218194,0.00974142313108839,0.012274693132671682,0.01334551058850391,0.045451740311034314,0.038370730783351424,0.0044158957569412315,-0.018942851597254593
2024,imports,high_density,random,0.1,19,172507,129,0.8365095717301441,0.8342342955995137,0.002275276130630388,0.002275276130630388,0.01717611459245132,0.0029911829664883162,0.01133287344861368,0.005695741439830452,0.02386678549192436,0.009478311895796251,-0.00023187117036761466,-0.005244806968603598
2024,imports,mid_density,random,0.1,19,187490,129,0.9680075111765101,0.9639958816302103,0.004011629546299744,0.004011629546299744,0.021089124753320178,0.0031788362045975785,0.013184703184169822,0.009642296678584718,0.01966915713842408,0.023942840842183975,-0.006494910304604056,-0.01482991025308567
2024,imports,low_density,random,0.1,19,120003,129,0.9101494346463266,0.8972906285941071,0.012858806052219451,0.012858806052219451,0.031924201894952625,0.006649833754156146,0.015141288134463304,0.009110109024487698,0.05606640335719575,0.035121032995220534,0.0026246423413082503,-0.015504569352441058
2024,imports,high_density,random,0.1,20,172507,129,0.8365095717301441,0.8362443859658356,0.000265185764308451,0.000265185764308451,0.012521231022509231,0.0,0.010619858904276348,0.0,0.022365192338212495,0.006488294368997512,-0.0035661909076203546,-0.0034163598274353623
2024,imports,mid_density,random,0.1,20,187490,129,0.9680075111765101,0.9642757037277899,0.003731807448720148,0.003731807448720148,0.017659608512453996,0.003242839618112966,0.009397834551176062,0.00983643688016696,0.014019844206271533,0.02200629765518254,0.00023944063468212096,-0.01431091663174419
2024,imports,low_density,random,0.1,20,120003,129,0.9101494346463266,0.8999012150915207,0.010248219554805926,0.010248219554805926,0.027415981267134987,0.010383073756489421,0.0055665275034790795,0.014224556196129915,0.020612194519871636,0.036659011666619515,0.017656634155124053,-0.021725269077745545
